"TaxonomyID","Genome","read_count","Proportion","readsEM","EMProportion"
3035284,"Prevotella sp. B2-R-102",2627963,0.181772511680501,2630003.8,0.181913698762617
5068,"Aspergillus tubingensis",1583561,0.109532691430315,1580971.9,0.109353620399817
820,"Bacteroides uniformis",1534719,0.106154358852764,1518557.5,0.105036506667021
1150298,"Fusicatenibacter saccharivorans",1340749,0.092737726240103,1339590.4,0.0926575999926094
105841,"Anaerostipes caccae",858131,0.0593557166599758,858130.7,0.0593557064724201
1550024,"Ruthenibacterium lactatiformans",737393,0.0510044386871579,736693.4,0.0509560523215814
411459,"Blautia obeum",662193,0.0458029602499144,662525.2,0.0458259466050685
1169293,"Enterococcus faecalis",456086,0.0315468283846892,456086,0.0315468324306049
411485,"Faecalibacterium prausnitzii",422282,0.0292086531573942,418225.4,0.0289280700692694
88431,"Dorea longicatena",312665,0.0216265991433608,310140.3,0.0214519714922459
89153,"[Clostridium] hylemonae",274674,0.0189988150036092,274522.9,0.0189883661059566
1196081,"Talaromyces amestolkiae",262014,0.0181231405752116,262014,0.0181231430821399
386585,"Escherichia coli",233984,0.0161843448226061,230340.8,0.0159323505801624
1703332,"Butyribacter intestini",226932,0.015696567881922,226849.9,0.0156908904812147
330879,"Aspergillus fumigatus",195722,0.0135378159932735,195722,0.0135378184851699
2763025,"Bacteroides parvus",180989,0.0125187550648705,192786.2,0.0133347541678064
36656,"Penicillium crustosum",113663,0.00786191015442027,113660.2,0.00786171911675684
592978,"Mediterraneibacter faecis",103856,0.00718357373109518,104361.3,0.00721852226555268
823,"Parabacteroides distasonis",103098,0.00713114393514531,102808.1,0.00711109607635826
1302,"Streptococcus gordonii",98219,0.00679367035409064,98208.6,0.00679294965099359
563192,"Bilophila wadsworthia",77668,0.00537218653276364,77668,0.0053721872758962
39483,"Faecalitalea cylindroides",75888,0.00524906643145655,75810.1,0.00524368137052
39486,"Dorea formicigenerans",75388,0.00521448213333658,74160.1,0.00512955342024768
1507512,"Romboutsia hominis",75197,0.00520127093145475,75196.7,0.00520125340280447
858893,"Exophiala dermatitidis",74465,0.00515063951900712,74465,0.00515064023013637
547043,"Bifidobacterium pseudocatenulatum",65648,0.00454078000595957,65566.9,0.00453516999649201
1448317,"Aspergillus costaricensis",64644,0.00447133473533467,59824.4,0.00413797106245603
2981789,"Dorea amylophila",57423,0.00397186830188606,59791.8,0.00413571553776408
97478,"Limosilactobacillus mucosae",53321,0.00368813872010983,53210.3,0.00368048030081319
3133156,"Faecalibacterium tardum",52740,0.00364795176569442,51025.8,0.00352938651922563
717959,"Alistipes shahii",49889,0.00345075209781436,49701.8,0.00343780223504848
5077,"Penicillium citrinum",48418,0.0033490050927454,48419.1,0.00334908176588896
357276,"Phocaeicola dorei",45899,0.003174769398817,37345.9,0.00258316581258928
28116,"Bacteroides ovatus",45887,0.00317393937566212,41701.7,0.00288445167167706
564,"Escherichia fergusonii",45876,0.00317317852110348,47476.6,0.00328388952354401
39491,"Agathobacter rectalis",43271,0.00299299432789843,43073.8,0.00297935600614691
1236512,"Bacteroides rodentium",42968,0.00297203624323773,44546.7,0.00308123513017707
742742,"Collinsella tanakaei",42104,0.00291227457608642,41915.3,0.00289922435905157
3133152,"Blautia intestinihominis",40716,0.00281626856450539,37043.2,0.00256222991367416
585394,"Roseburia hominis",38449,0.00265946335682944,39416.4,0.00272638056232867
1712515,"Butyricicoccus faecihominis",34899,0.00241391484017766,31466.8,0.00217651277736142
3133155,"Faecalibacterium intestinale",29498,0.00204033525188574,34405.7,0.00237979664050428
1448310,"Aspergillus neoniger",29078,0.00201128444146497,33859.5,0.00234201771776305
2093857,"Dysosmobacter welbionis",28071,0.00194163166505135,27558.7,0.00190619535030676
622,"Shigella dysenteriae",25962,0.00179575509558132,26437.2,0.0018286211148703
1121098,"Phocaeicola massiliensis",24309,0.0016814194059967,28316.5,0.00195861192960205
3133153,"Blautia aquisgranensis",19770,0.00136746314766361,18316.1,0.00126690112654465
239935,"Akkermansia muciniphila",19586,0.00135473612595546,19586,0.00135473567221121
192222,"Campylobacter jejuni",19012,0.00131503335171373,19011.5,0.00131500071469917
198214,"Shigella flexneri",16136,0.00111610446892767,15045.9,0.00104070163015071
1496,"Clostridioides difficile",15282,0.00105703448773876,15282.2,0.00105705005106906
818,"Bacteroides thetaiotaomicron",15094,0.00104403079164565,16178.6,0.00111904994842865
1448311,"Aspergillus vadensis",14986,0.00103656058325174,15678.8,0.00108447869661755
1628085,"Agathobaculum butyriciproducens",14928,0.00103254880466982,17299.7,0.00119659669278261
2763672,"Simiaoa sunii",14896,0.00103033540959014,12959.5,0.000896387968679077
2763056,"Oscillibacter hominis",14450,0.00099948621566713,14426,0.000997828356760776
99287,"Salmonella enterica",13915,0.000962481016678762,13913.3,0.000962360714710445
2981783,"Blautia acetigignens",12857,0.000889300641856906,12545.2,0.000867731517523593
46503,"Parabacteroides merdae",12683,0.000877265306111156,13801.1,0.0009546054991613
1134687,"Klebsiella michiganensis",12230,0.000845931932014463,12900.3,0.000892294565006079
3030638,"Faecalibacterium taiwanense",10700,0.000740103979767356,9369.1,0.000648049646707866
1069201,"Aspergillus luchuensis",10572,0.000731250399448643,11323.7,0.000783246863701772
1559,"Clostridium tertium",10437,0.000721912638956251,10437,0.000721912576437258
2764325,"[Eubacterium] hominis",10265,0.000710015640402982,10883.3,0.00075278288797851
435590,"Phocaeicola vulgatus",10139,0.000701300397276749,11268.4,0.000779421632355311
508771,"Toxoplasma gondii",10094,0.000698187810445952,10083,0.00069742734078724
2107999,"Lactobacillus paragasseri",10033,0.000693968526075316,10022.2,0.000693222126571957
2015901,"Massilicoli timonensis",9627,0.0006658860760019,8111.1,0.000561036443304259
53345,"Enterococcus durans",9320,0.000644651316956239,9284.7,0.000642210309572154
2739389,"Phocaeicola faecicola",9182,0.000635106050675127,10251.8,0.000709102672442959
2885348,"Hominifimenecus microfluidus",8839,0.000611381222164828,9133.9,0.000631776619323275
671267,"Phocaeicola sartorii",8640,0.00059761667151308,8708.6,0.000602359677698848
2763028,"Blautia intestinalis",8439,0.000583713783668852,9244.5,0.000639431885080846
1547,"Thomasclavelia ramosa",8422,0.000582537917532773,8431.9,0.000583222489390995
371601,"Bacteroides xylanisolvens",8187,0.000566283297416387,8508.9,0.000588548980114243
2935520,"Faecalibacterium hattorii",8096,0.000559988955158552,7643.5,0.000528693652124338
2024197,"Bacteroides cutis",7935,0.000548852811163922,7048.3,0.000487518404617985
484018,"Phocaeicola plebeius",7899,0.000546362741699284,10559.3,0.000730375298138518
2763038,"Clostridium segne",7881,0.000545117706966965,7389.7,0.000511133808609312
871664,"Blautia stercoris",7795,0.000539169207690331,7806.7,0.000539981687438925
2608867,"Escherichia ruysiae",7716,0.000533704888587375,8199.4,0.000567144209729571
61648,"Kluyvera intermedia",7578,0.000524159622306264,7554.8,0.000522557907817382
116085,"Coprococcus catus",7294,0.000504515740974121,7413.1,0.000512754977383411
180164,"Blautia schinkii",7168,0.000495800497847888,8830.6,0.000610798318148099
3133180,"Enterobacter intestinihominis",6998,0.000484041836487099,7034.9,0.000486591097517445
471870,"Bacteroides intestinalis",6881,0.000475949110727026,5927.7,0.000410008298524882
2929491,"Faecalibacterium wellingii",6782,0.000469101419699272,7342.5,0.000507873099258563
84112,"Eggerthella lenta",6508,0.000450149224329528,6510.7,0.000450333476930817
621,"Shigella boydii",6080,0.000420545065138834,6394.9,0.000442328422592134
2479840,"Prevotella marseillensis",5711,0.000395021853126296,5709.4,0.000394913048272012
301302,"Roseburia faecis",5563,0.000384784900882785,5874.5,0.000406333014413762
2850323,"Diplocloster agilis",5511,0.000381188133878308,5722,0.000395780673594471
85831,"Bacteroides acidifaciens",5312,0.00036742358322656,5316.4,0.000367728697098335
1499973,"Escherichia marmotae",5086,0.000351791480476334,5075.5,0.000351062128498105
1218085,"Citrobacter rodentium",4974,0.00034404459769746,5202.9,0.00035987729912629
1305,"Streptococcus sanguinis",4842,0.000334914342993788,4793.2,0.00033153700023122
626937,"Christensenella minuta",4834,0.000334360994223869,4370.1,0.00030227411653194
1851428,"Faecalibacterium longum",4607,0.000318659722877403,5906.3,0.000408529319576519
1448314,"Aspergillus eucalypticola",4603,0.000318383048492443,4897.2,0.000338735452563768
1121115,"Blautia wexlerae",4544,0.000314302101314286,4947.4,0.000342205972016508
342942,"Mediterraneibacter glycyrrhizinilyticus",4544,0.000314302101314286,4330.2,0.000299515074052501
2763030,"Blautia segnis",4427,0.000306209375554213,4594.2,0.000317777498019744
208962,"Escherichia albertii",4371,0.000302335934164777,4262.8,0.000294852587562451
2652274,"Eisenbergiella porci",4358,0.000301436742413658,4305,0.000297767814034322
1448313,"Aspergillus piperis",4054,0.000280409489156716,4943.3,0.000341922015344976
2003188,"Parolsenella catena",4053,0.000280340320560476,4052.7,0.000280320561812303
3133177,"Bifidobacterium hominis",4044,0.000279717803194316,3928.4,0.000271721700804477
550,"Enterobacter cloacae",4037,0.000279233623020637,4545.4,0.000314398945075558
1352,"Enterococcus faecium",3987,0.00027577519320864,3932.2,0.000271984469133316
1125630,"Klebsiella pneumoniae",3937,0.000272316763396643,4073.3,0.000281746690151314
2447885,"Bacteroides faecalis",3895,0.000269411682354565,5298.7,0.000366501308327742
624,"Shigella sonnei",3860,0.000266990781486168,4010.4,0.00027739255082787
2763065,"Ruminococcus hominis",3798,0.000262702328519291,3918,0.000271003777600891
1870993,"Coprococcus phoceensis",3790,0.000262148979749372,4132.5,0.00028583646696834
2488306,"Pseudocitrobacter vendiensis",3694,0.000255508794510338,3697,0.000255717731995243
3133166,"Laedolimicola intestinihominis",3657,0.00025294955644946,3458.4,0.000239213529628289
2881264,"Blautia fusiformis",3614,0.000249975306811142,4039.3,0.000279392343946521
2290935,"Parabacteroides acidifaciens",3467,0.000239807523163871,3560.1,0.000246246374452135
5480,"Candida parapsilosis",3311,0.000229017222150441,3311,0.000229017253832045
411483,"Faecalibacterium duncaniae",3292,0.000227703018821882,3779.2,0.000261398603713899
1211819,"Holdemania massiliensis",3277,0.000226665489878283,3203.6,0.000221586085994817
565042,"Bifidobacterium longum",3240,0.000224106251817405,3241,0.000224175304762842
2885351,"Hominisplanchenecus faecis",3197,0.000221132002179087,3185.3,0.000220326160823186
3142938,"Limosilactobacillus allomucosae",3095,0.000214076805362614,3195.5,0.000221030665667901
2763059,"Pseudoflavonifractor hominis",3070,0.000212347590456615,4427.3,0.000306227959672897
3133157,"Faecalibacterium faecis",3047,0.000210756712743096,3541.6,0.000244965329677358
39482,"Faecalicatena contorta",2981,0.00020619158539126,3231.8,0.000223541242369907
667015,"Phocaeicola salanitronis",2977,0.000205914911006301,2983.1,0.000206337466277769
2762229,"Escherichia whittamii",2884,0.000199482231555986,2776.9,0.000192071141493425
2981770,"Gallintestinimicrobium propionicum",2842,0.000196577150513909,3224.9,0.000223060355927254
2949662,"Coprococcus sp. B2-R-112",2760,0.000190905325622234,3400.2,0.000235187125222292
3136601,"Owariibacterium komagatae",2722,0.000188276918965116,3040.5,0.000210308010082256
449673,"Bacteroides stercoris",2718,0.000188000244580156,3225.1,0.000223073258274537
310298,"Phocaeicola coprocola",2713,0.000187654401598957,2845,0.000196788129651254
871324,"Bacteroides stercorirosoris",2701,0.000186824378444077,2789.3,0.000192935189816582
1064535,"Megasphaera elsdenii",2644,0.000182881768458401,2643.8,0.000182867326110322
2763658,"Ligaoa zhengdingensis",2451,0.000169532229384092,2861.3,0.000197915509473871
347253,"Streptococcus salivarius",2360,0.000163237887126258,2556.6,0.000176835960775822
471875,"[Ruminococcus] lactaris",2341,0.000161923683797699,2442.8,0.000168965412644164
2585119,"Alistipes dispar",2252,0.000155767678732344,1831.4,0.00012667496793714
565655,"Enterococcus casseliflavus",2245,0.000155283498558665,2237,0.000154728502079238
3435293,"Faecalibacterium langellae",2243,0.000155145161366185,2272.4,0.000157177106043523
566552,"Bifidobacterium catenulatum",2156,0.00014912749349331,2338.6,0.000161756816115963
997894,"Enterocloster bolteae",2146,0.000148435807530911,2438.4,0.000168659655191519
2941333,"Mediterraneibacter agrestimuris",2146,0.000148435807530911,2127.2,0.000147135958574297
2885361,"Brotaphodocola catenula",2140,0.000148020795953471,2518.3,0.000174190461229301
1440762,"Dyella japonica",2124,0.000146914098413632,2124,0.000146914188624019
150056,"Mammaliicoccus fleurettii",1985,0.00013729966353628,1984.6,0.000137272616244687
1841855,"Bacteroides bouchesdurhonensis",1981,0.000137022989151321,2482.9,0.000171738907056222
328812,"Parabacteroides goldsteinii",1912,0.000132250356010765,1799.4,0.000124461464263964
2763027,"Blautia difficilis",1900,0.000131420332855886,2108.4,0.000145833773948926
387090,"Phocaeicola coprophilus",1883,0.000130244466719807,1826,0.000126305045776884
742727,"Bacteroides oleiciplenus",1834,0.00012685520550405,1874.1,0.000129627096507732
871665,"Blautia faecis",1822,0.00012602518234917,1757.7,0.000121578288240697
2153354,"Klebsiella huaxiensis",1786,0.000123535112884532,1791,0.000123882214840527
2763023,"Bacteroides hominis",1643,0.000113644003622221,1785.4,0.000123490942762966
889201,"Streptococcus cristatus",1635,0.000113090654852302,1595.9,0.000110386309301094
2665155,"Streptomyces flavalbus",1628,0.000112606474678622,1462,0.000101122495014705
103621,"Actinomyces urogenitalis",1625,0.000112398968889902,1625,0.000112398424837217
1035377,"Yersinia pestis",1622,0.000112191463101182,1622.5,0.000112222864479131
580166,"Oceanibaculum pacificum",1611,0.000111430608542543,1611.4,0.000111457690242789
3133172,"Alistipes intestinihominis",1605,0.000111015596965103,2036.2,0.000140839159001141
1750560,"Parabacteroides massiliensis",1602,0.000110808091176384,1766.6,0.000122190420279948
1851427,"Faecalibacterium butyricigenerans",1590,0.000109978068021504,1567.6,0.000108431792210249
55213,"Brenneria rubrifaciens",1557,0.000107695504345586,1553.6,0.000107459612529619
1681,"Bifidobacterium bifidum",1546,0.000106934649786947,1527.1,0.000105630259698805
3117552,"Bacteroides maternus",1534,0.000106104626632068,1502.7,0.000103942172210968
1280689,"Clostridium paraputrificum",1523,0.000105343772073428,1523,0.000105341545466893
411470,"Mediterraneibacter gnavus",1506,0.000104167905937349,1721.2,0.00011905490628102
2764323,"Catenibacterium faecis",1458,0.000100847813317832,1421.5,9.83236586413214e-05
3367746,"Aeromonas sp. A-5",1448,0.000100156127355433,1281.9,8.86669311768907e-05
39480,"Andreesenia angusta",1402,9.69743719283956e-05,1335.6,9.23843158057252e-05
2364791,"Enterococcus mediterraneensis",1345,9.3031761942719e-05,1333.5,9.22373040030141e-05
470146,"Coprococcus comes",1278,8.8397465994643e-05,1457.2,0.000100792125242987
1363,"Lactococcus garvieae",1264,8.74291056472839e-05,1263.6,8.74008192614648e-05
1314,"Streptococcus pyogenes",1262,8.7290768454804e-05,1261.9,8.72851350900635e-05
2751153,"Coprobacter secundus",1244,8.60457337224851e-05,1258,8.70144367519903e-05
2881276,"Fusicatenibacter faecihominis",1234,8.53540477600857e-05,1538.5,0.000106414513135467
476272,"Blautia hydrogenotrophica",1230,8.50773733751259e-05,1308.4,9.05010336396397e-05
636,"Edwardsiella tarda",1221,8.44548560089665e-05,1224,8.46611674281767e-05
2736294,"Xylanibacter caecicola",1202,8.31406526804076e-05,924.5,6.3945009374193e-05
1776384,"Emergencia timonensis",1176,8.13422691781692e-05,1130.1,7.81668844614613e-05
1121114,"Blautia producta",1161,8.03047402345701e-05,1375.5,9.51432405169775e-05
1343,"Streptococcus vestibularis",1142,7.89905369060112e-05,857.8,5.93353994063839e-05
2126740,"Clostridium fessum",1100,7.60854558639337e-05,1098.6,7.59853647051391e-05
1158604,"Enterococcus villorum",1094,7.56704442864941e-05,1007.4,6.96788939061384e-05
3133499,"Maccoyibacter intestinihominis",1092,7.55321070940142e-05,1111.8,7.69017640225537e-05
1121096,"Bacteroides gallinarum",1055,7.29728690331365e-05,1163,8.04441005001843e-05
1871030,"Merdibacter massiliensis",1054,7.29037004368965e-05,1237.9,8.56228268047481e-05
2509240,"Blautia faecicola",1015,7.02061251835389e-05,1047,7.24192526722639e-05
2736290,"Xylanibacter muris",997,6.896109045122e-05,1056.4,7.30693160052843e-05
214856,"Alistipes finegoldii",994,6.87535846625001e-05,1170.4,8.09533008764514e-05
1353,"Enterococcus gallinarum",993,6.86844160662602e-05,1012,6.99968153431332e-05
33043,"Coprococcus eutactus",986,6.82002358925806e-05,984.2,6.80774376532751e-05
483215,"Bacteroides finegoldii",978,6.76468871226611e-05,1101,7.6152270618743e-05
1720294,"Eisenbergiella massiliensis",972,6.72318755452215e-05,1054.8,7.29611509898678e-05
28111,"Bacteroides eggerthii",965,6.67476953715419e-05,976.6,6.75521610494463e-05
113107,"Streptococcus australis",964,6.66785267753019e-05,815.8,5.64311150729192e-05
291644,"Bacteroides salyersiae",961,6.64710209865821e-05,914.4,6.32503102864726e-05
2763040,"Dorea hominis",955,6.60560094091425e-05,1061.3,7.34062935190636e-05
2981785,"Coprococcus ammoniilyticus",949,6.56409978317028e-05,949.2,6.56539868871459e-05
1776379,"Leyella lascolaii",939,6.49493118693034e-05,877.1,6.06648989033451e-05
3078042,"Pilosibacter fragilis",921,6.37042771369845e-05,1044,7.22129831748053e-05
2763017,"Anaerosacchariphilus hominis",918,6.34967713482647e-05,1308.7,9.0523712069042e-05
1968889,"Streptococcus downii",917,6.34276027520248e-05,768.4,5.3151957254849e-05
1287640,"Anaerococcus obesiensis",901,6.23209052121857e-05,999.4,6.91237806638897e-05
39490,"Eubacterium ramulus",901,6.23209052121857e-05,933,6.45364785733644e-05
89014,"Blautia luti",887,6.13525448648266e-05,960.3,6.64237255036771e-05
28118,"Odoribacter splanchnicus",881,6.09375332873869e-05,882.9,6.10672613745603e-05
2585117,"Alistipes onderdonkii",871,6.02458473249875e-05,783.3,5.41794670583186e-05
1639133,"Citrobacter portucalensis",856,5.92083183813884e-05,776,5.36720967770699e-05
1735,"Holdemanella biformis",854,5.90699811889086e-05,865.7,5.98762374965046e-05
2498453,"Geminicoccus harenae",844,5.83782952265092e-05,738.9,5.11073404771484e-05
537006,"Parabacteroides johnsonii",832,5.75482720716299e-05,941.8,6.51451470092614e-05
33945,"Enterococcus avium",828,5.72715976866701e-05,962.1,6.65468463897163e-05
2994035,"Sellimonas catena",812,5.61649001468311e-05,823.4,5.69546430702301e-05
105843,"Anaerobutyricum soehngenii",808,5.58882257618713e-05,775.1,5.36155382189768e-05
1775168,"Flagellimonas marina",800,5.53348769919518e-05,800,5.53348846468245e-05
176090,"Streptococcus sinensis",781,5.4020673663393e-05,794.8,5.49773306487783e-05
2991833,"Limosilactobacillus pulli",781,5.4020673663393e-05,789.7,5.46229977803197e-05
626940,"Phascolarctobacterium succinatutens",762,5.27064703348341e-05,802.7,5.5522273616286e-05
2978477,"Eubacterium album",755,5.22222901611545e-05,788.7,5.45518680052234e-05
1563222,"Citrobacter pasteurii",740,5.11847612175554e-05,722.5,4.99757580040499e-05
1229621,"Anaerostipes rhamnosivorans",722,4.99397264852365e-05,766.3,5.30052333309794e-05
2763064,"Roseburia zhanii",684,4.73113198281188e-05,800.7,5.53863033463238e-05
2763671,"Jingyaoa shaoxingensis",682,4.71729826356389e-05,821.3,5.68087085656525e-05
2748301,"Streptococcus vaginalis",680,4.7034645443159e-05,649,4.48898097180541e-05
2786956,"Phocaeicola faecalis",679,4.69654768469191e-05,699.3,4.83702310680158e-05
33039,"[Ruminococcus] torques",679,4.69654768469191e-05,732.1,5.06362215429886e-05
292800,"Flavonifractor plautii",676,4.67579710581993e-05,665.1,4.60049882543465e-05
568814,"Streptococcus suis",671,4.64121280769996e-05,662.7,4.58372294089888e-05
1159491,"Cronobacter malonaticus",671,4.64121280769996e-05,670,4.63446517335029e-05
3014267,"Agathobaculum massiliense",660,4.56512735183603e-05,643,4.44754267728807e-05
2885357,"Hominenteromicrobium mulieris",651,4.50287561522008e-05,821.6,5.68281801249545e-05
29466,"Veillonella parvula",647,4.4752081767241e-05,647,4.47520764368297e-05
1640685,"Enterococcus massiliensis",638,4.41295644010816e-05,662.6,4.58315969654956e-05
1470345,"Bacteroides timonensis",635,4.39220586123618e-05,774.6,5.35750306777679e-05
1871018,"Angelakisella massiliensis",629,4.35070470349221e-05,652.8,4.51535859297011e-05
536633,"Blautia glucerasea",626,4.32995412462023e-05,699.4,4.83756634703309e-05
979627,"Lachnoanaerobaculum orale",617,4.26770238800428e-05,612,4.23320512034631e-05
2885352,"Hominiventricola filiformis",612,4.23311808988431e-05,661,4.57204205299735e-05
2316025,"Mediterraneibacter butyricigenes",602,4.16394949364437e-05,752.2,5.20252047147977e-05
674529,"Bacteroides faecis",593,4.10169775702843e-05,661.4,4.57494092515456e-05
1871006,"Bacteroides congonensis",590,4.08094717815645e-05,597.1,4.13015403193456e-05
596329,"Peptostreptococcus anaerobius",589,4.07403031853245e-05,580.4,4.01464936115934e-05
763034,"Bacteroides fluxus",583,4.03252916078849e-05,583.9,4.03896646449634e-05
1912897,"Blautia argi",573,3.96336056454855e-05,557.9,3.85864098708458e-05
1160095,"Vagococcus entomophilus",560,3.87344138943663e-05,561.5,3.88385025103619e-05
2497875,"Enterobacter chuandaensis",548,3.7904390739487e-05,593.3,4.10350691276564e-05
1613,"Limosilactobacillus fermentum",546,3.77660535470071e-05,540.8,3.74051034390229e-05
889204,"Streptococcus infantis",539,3.72818733733275e-05,547,3.78344207633694e-05
2653932,"Citrobacter telavivensis",531,3.6728524603408e-05,504.5,3.48950607576356e-05
502577,"Actinoallomurus acaciae",527,3.64518502184483e-05,651.6,4.50688446221028e-05
1472416,"Butyricimonas faecihominis",518,3.58293328522888e-05,651.6,4.50717822360099e-05
1972431,"Phytobacter ursingii",517,3.57601642560489e-05,565,3.90772385533613e-05
3036443,"Streptococcus sp. ST2",516,3.56909956598089e-05,551.3,3.81341923321545e-05
39488,"Anaerobutyricum hallii",511,3.53451526786092e-05,536.6,3.71147019364816e-05
2779354,"Gemmiger gallinarum",501,3.46534667162098e-05,513.7,3.55309546863352e-05
742726,"Barnesiella intestinihominis",487,3.36851063688507e-05,541.8,3.74722975195335e-05
2762213,"Phocaeicola faecium",477,3.29934204064513e-05,460.3,3.18389206338238e-05
2763673,"Yanshouia hominis",476,3.29242518102113e-05,575.1,3.97757327201324e-05
29391,"Gemella morbillorum",471,3.25784088290116e-05,471,3.25783039176679e-05
44008,"Enterococcus cecorum",469,3.24400716365318e-05,489,3.38220235789463e-05
536231,"Roseburia intestinalis",468,3.23709030402918e-05,557.4,3.85514746581806e-05
2981782,"Blautia ammoniilytica",464,3.20942286553321e-05,469.4,3.24680980866563e-05
2981780,"Bacteroides cellulolyticus",464,3.20942286553321e-05,470.5,3.25468324841581e-05
2951805,"Parabacteroides absconsus",454,3.14025426929327e-05,455.9,3.1536739932091e-05
1812935,"Enterobacter roggenkampii",452,3.12642055004528e-05,495,3.42389073830361e-05
225992,"Comamonas kerstersii",450,3.11258683079729e-05,555.3,3.84065583063948e-05
2981792,"Oscillibacter acetigenes",447,3.09183625192531e-05,448.4,3.10170412013851e-05
137591,"Weissella cibaria",445,3.07800253267732e-05,445,3.07800151959986e-05
1531,"Enterocloster clostridioformis",444,3.07108567305333e-05,539.8,3.73362101068801e-05
2763048,"Flintibacter hominis",437,3.02266765568537e-05,429,2.96733985012064e-05
515620,"Lachnospira eligens",426,2.94658219982143e-05,469.2,3.24511247474399e-05
2172545,"Streptococcus halitosis",424,2.93274848057345e-05,400.1,2.7673026561181e-05
2981786,"Coprococcus aceti",423,2.92583162094945e-05,424.2,2.93397620088058e-05
2763053,"Lawsonibacter hominis",413,2.85666302470951e-05,416.8,2.88314779917215e-05
1177179,"Alcanivorax hongdengensis",405,2.80132814771756e-05,491.2,3.39740568040647e-05
2494701,"Enterobacter chengduensis",404,2.79441128809357e-05,389.4,2.69330950593456e-05
1341132,"Aspergillus welwitschiae",396,2.73907641110161e-05,395.6,2.7360767997219e-05
1796636,"Frisingicoccus caecimuris",393,2.71832583222963e-05,418.9,2.89745734568401e-05
187327,"Acidaminococcus intestini",390,2.69757525335765e-05,396.2,2.74026652882965e-05
187979,"Mitsuokella jalaludinii",388,2.68374153410966e-05,387,2.67683673211158e-05
2714358,"Pusillibacter faecalis",386,2.66990781486168e-05,388.5,2.68690099205067e-05
574930,"Parabacteroides gordonii",381,2.63532351674171e-05,486.5,3.36529613779438e-05
2763062,"Roseburia rectibacter",379,2.62148979749372e-05,388.3,2.68557352366125e-05
1234680,"Streptococcus rubneri",377,2.60765607824573e-05,449.6,3.10949460090099e-05
1907658,"Bacteroides ilei",374,2.58690549937375e-05,577.1,3.99151898589781e-05
195,"Campylobacter coli",372,2.57307178012576e-05,372.1,2.57348901771959e-05
5851,"Plasmodium knowlesi",370,2.55923806087777e-05,373.7,2.5844891574903e-05
310300,"Bacteroides pyogenes",367,2.53848748200579e-05,446.6,3.08914932633624e-05
1121094,"Phocaeicola barnesiae",362,2.50390318388582e-05,373,2.58014267555231e-05
2763042,"Dysosmobacter segnis",361,2.49698632426183e-05,406.2,2.8096627279753e-05
3133158,"Lachnospira intestinalis",360,2.49006946463783e-05,369.7,2.55688157902409e-05
1796615,"Blautia caecimuris",356,2.46240202614186e-05,402.7,2.78555416714429e-05
2981787,"Dorea acetigenes",355,2.45548516651786e-05,359.5,2.48679189526303e-05
1982626,"Faecalibacillus intestinalis",352,2.43473458764588e-05,408,2.82242169150657e-05
1871016,"Collinsella phocaeensis",351,2.42781772802189e-05,343,2.37271470637028e-05
2981768,"Anthropogastromicrobium aceti",349,2.4139840087739e-05,343.6,2.37648797247239e-05
745368,"Gemmiger formicilis",349,2.4139840087739e-05,376,2.600813368081e-05
2981772,"Muricoprocola aceti",347,2.40015028952591e-05,356.8,2.46808414161131e-05
2763061,"Roseburia lenta",343,2.37248285102993e-05,343.6,2.37691405686499e-05
2763664,"Jutongia hominis",326,2.25489623742204e-05,330.8,2.2884105735951e-05
871325,"Bacteroides faecichinchillae",323,2.23414565855005e-05,348.4,2.40976428127284e-05
324831,"Lactobacillus gasseri",322,2.22722879892606e-05,331.8,2.29501893407651e-05
1502,"Clostridium perfringens",321,2.22031193930207e-05,321,2.22031223103952e-05
2316720,"Corallococcus interemptor",315,2.1788107815581e-05,260.6,1.8028357163468e-05
3030999,"Enterobacter rongchengensis",315,2.1788107815581e-05,377,2.60775989564012e-05
2040291,"Dorea phocaeensis",312,2.15806020268612e-05,314.9,2.17841531980247e-05
2981724,"Alitiscatomonas aceti",311,2.15114334306213e-05,332.8,2.30225409043242e-05
1912855,"Faecalimonas umbilicata",305,2.10964218531816e-05,293.5,2.03016328390785e-05
246787,"Bacteroides cellulosilyticus",303,2.09580846607017e-05,363.9,2.51722881483713e-05
1917883,"Bacteroides togonis",302,2.08889160644618e-05,346.9,2.39952049052329e-05
558541,"Shewanella chilikensis",296,2.04739044870222e-05,231.9,1.60424471469794e-05
367928,"Bifidobacterium adolescentis",289,1.99897243133426e-05,289.9,2.00503844754806e-05
2954240,"Streptococcus bouchesdurhonensis",289,1.99897243133426e-05,290.1,2.00643121432721e-05
2093856,"Butyricimonas faecalis",286,1.97822185246228e-05,333.4,2.30628910423652e-05
2903556,"Faecalibacterium gallinarum",286,1.97822185246228e-05,281.4,1.94606271647309e-05
622312,"Roseburia inulinivorans",284,1.96438813321429e-05,303.5,2.09906780702794e-05
649756,"Anaerostipes hadrus",276,1.90905325622234e-05,286.8,1.98384559565201e-05
764299,"Streptococcus ictaluri",275,1.90213639659834e-05,276.6,1.91300002862614e-05
1720300,"Mediterraneibacter massiliensis",275,1.90213639659834e-05,275.8,1.90799369331281e-05
518634,"Bifidobacterium breve",274,1.89521953697435e-05,306,2.11635298491889e-05
2763045,"Eubacterium segne",271,1.87446895810237e-05,274.6,1.89913081051613e-05
1300307,"Mesorhizobium waimense",266,1.8398846599824e-05,280.3,1.9388292543788e-05
293939,"Aspergillus lentulus",262,1.81221722148642e-05,261.3,1.80716072588193e-05
767769,"Aspergillus brasiliensis",256,1.77071606374246e-05,256,1.7709401951837e-05
2981769,"Waltera acetigignens",254,1.75688234449447e-05,291.9,2.01921985771303e-05
2497436,"Enterobacter quasiroggenkampii",254,1.75688234449447e-05,212.9,1.47232371907976e-05
2981771,"Laedolimicola ammoniilytica",253,1.74996548487048e-05,258.3,1.78673644174369e-05
2605778,"Clostridium porci",252,1.74304862524648e-05,241.5,1.67016033594036e-05
154288,"Turicibacter sanguinis",251,1.73613176562249e-05,251,1.73613177352158e-05
3133154,"Coprococcus intestinihominis",248,1.71538118675051e-05,226.5,1.56651736150137e-05
2606633,"Oliverpabstia intestinalis",247,1.70846432712651e-05,266,1.83985500058609e-05
1472417,"Butyricimonas paravirosa",247,1.70846432712651e-05,316.6,2.18977699968836e-05
2303987,"Motilimonas pumila",246,1.70154746750252e-05,245.5,1.69835236417818e-05
53346,"Enterococcus mundtii",244,1.68771374825453e-05,244.6,1.69188610101555e-05
2981720,"Bovifimicola ammoniilytica",241,1.66696316938255e-05,244.1,1.68827474450801e-05
158836,"Enterobacter hormaechei",238,1.64621259051057e-05,227.7,1.57521163112851e-05
2763014,"Agathobaculum hominis",235,1.62546201163858e-05,234.7,1.62322018836496e-05
214851,"Subdoligranulum variabile",228,1.57704399427063e-05,278.2,1.92445770081931e-05
997873,"Bacteroides caccae",224,1.54937655577465e-05,224.1,1.55000836850471e-05
3064195,"Brotocaccenecus cirricatena",224,1.54937655577465e-05,271.2,1.8759772302005e-05
1411144,"Bacteroides caecigallinarum",224,1.54937655577465e-05,205.9,1.42439298896488e-05
1408437,"Agathobaculum desmolans",223,1.54245969615066e-05,222.8,1.54117660087666e-05
2941519,"Vermiculatibacterium agrestimuris",223,1.54245969615066e-05,225.1,1.55678384839693e-05
2590157,"Klebsiella variicola",222,1.53554283652666e-05,356.2,2.46345813518256e-05
1907654,"Collinsella bouchesdurhonensis",221,1.52862597690267e-05,214.9,1.48612636005787e-05
3053355,"Streptococcus raffinosi",220,1.52170911727867e-05,311.3,2.15292305917375e-05
253257,"Lacrimispora amygdalina",216,1.4940416787827e-05,236,1.6320762761299e-05
391612,"Crocosphaera chwakensis",215,1.48712481915871e-05,195.8,1.35463069413366e-05
3034352,"Enterococcus entomosocium",215,1.48712481915871e-05,207.8,1.43743999105662e-05
1796613,"Bacteroides caecimuris",213,1.47329109991072e-05,213.6,1.47754380045951e-05
1410646,"Bifidobacterium merycicum",213,1.47329109991072e-05,215.4,1.48984626805478e-05
1288121,"Alistipes senegalensis",212,1.46637424028672e-05,212.9,1.47274719974799e-05
2382163,"Streptococcus koreensis",210,1.45254052103874e-05,265.4,1.83579333075995e-05
1123315,"Streptococcus porci",205,1.41795622291877e-05,205.9,1.42446646352885e-05
1384589,"Entomohabitans teleogrylli",204,1.41103936329477e-05,197.1,1.36313526851853e-05
218493,"Salmonella bongori",203,1.40412250367078e-05,205.3,1.41972854705598e-05
3032870,"Lepagella muris",203,1.40412250367078e-05,235.3,1.62762177181969e-05
1501662,"Streptococcus parasuis",203,1.40412250367078e-05,206.2,1.42622835409025e-05
2725562,"Caecibacteroides pullorum",202,1.39720564404678e-05,205,1.41771136881596e-05
2894201,"Citrobacter meridianamericanus",202,1.39720564404678e-05,252.8,1.74847227507695e-05
45133,"Lasiodiplodia theobromae",197,1.36262134592681e-05,238.1,1.64671301996635e-05
655813,"Streptococcus oralis",197,1.36262134592681e-05,239.4,1.65616239968981e-05
2763035,"Clostridium facile",193,1.33495390743084e-05,221.4,1.53163148917962e-05
570012,"Shimwellia pseudoproteus",193,1.33495390743084e-05,192,1.32786156670641e-05
1841865,"Mediterranea massiliensis",191,1.32112018818285e-05,174.5,1.20681448412976e-05
2853160,"Streptococcus vulneris",190,1.31420332855886e-05,213.1,1.47367680698301e-05
2763668,"Jutongia huaianensis",189,1.30728646893486e-05,184.3,1.27462891029202e-05
3133170,"Ventrimonas faecis",184,1.27270217081489e-05,184.3,1.27490867841867e-05
372463,"Oceanobacillus profundus",182,1.2588684515669e-05,197,1.36273749637725e-05
188913,"Cetobacterium somerae",180,1.24503473231892e-05,179.8,1.24345602294356e-05
2699427,"Capillibacterium thermochitinicola",179,1.23811787269492e-05,128.2,8.86609549991186e-06
2742600,"Limosilactobacillus urinaemulieris",178,1.23120101307093e-05,163.6,1.13157905170173e-05
252393,"Candidatus Erwinia dacicola",176,1.21736729382294e-05,182.8,1.26409325330467e-05
272559,"Bacteroides fragilis",171,1.18278299570297e-05,175,1.21034617825597e-05
2739434,"Chitinibacter bivalviorum",171,1.18278299570297e-05,212.1,1.46699538249348e-05
1259973,"Klebsiella electrica",169,1.16894927645498e-05,179.8,1.2438109235023e-05
1206725,"Nocardia brevicatena",168,1.16203241683099e-05,152.3,1.05316195975524e-05
2981784,"[Clostridium] ammoniilyticum",167,1.15511555720699e-05,174.7,1.20838539281181e-05
2981773,"Muriventricola aceti",167,1.15511555720699e-05,168.4,1.16489352376274e-05
1581472,"Streptococcus panodentis",165,1.14128183795901e-05,163.7,1.13251915462917e-05
2819619,"Streptococcus toyakuensis",165,1.14128183795901e-05,161.7,1.11866834409408e-05
3093657,"Acutalibacter caecimuris",165,1.14128183795901e-05,164.9,1.14047968678035e-05
1297617,"Intestinimonas butyriciproducens",161,1.11361439946303e-05,150.5,1.04092145511184e-05
76860,"Streptococcus constellatus",156,1.07903010134306e-05,150.2,1.03924091976867e-05
2981793,"Phocaeicola fibrisolvens",155,1.07211324171907e-05,177.1,1.22502574719294e-05
331117,"Aspergillus fischeri",154,1.06519638209507e-05,156.1,1.0793911338801e-05
104955,"Limosilactobacillus frumenti",154,1.06519638209507e-05,163.8,1.13329706355143e-05
2981774,"Suilimivivens aceti",154,1.06519638209507e-05,155.8,1.07788127578552e-05
666,"Vibrio cholerae",150,1.0375289435991e-05,149.8,1.03582528748493e-05
180434,"Morganella morganii",149,1.0306120839751e-05,154.4,1.06804727578909e-05
2764329,"Paeniclostridium hominis",149,1.0306120839751e-05,148.8,1.02914866813647e-05
351091,"Oscillibacter valericigenes",149,1.0306120839751e-05,150.2,1.03922585405726e-05
2071710,"Enterobacter sichuanensis",147,1.01677836472711e-05,148.7,1.02866887539244e-05
2582917,"Klebsiella indica",144,9.96027785855133e-06,142.1,9.83125221770113e-06
246144,"Enterococcus italicus",141,9.75277206983151e-06,150.4,1.04033092992485e-05
1870991,"Massilioclostridium coli",141,9.75277206983151e-06,150.1,1.03814540378928e-05
2172043,"Bifidobacterium tibiigranuli",138,9.54526628111169e-06,165.9,1.14769559451249e-05
2572245,"Thalassotalea mangrovi",136,9.40692908863181e-06,120.5,8.33513477287345e-06
626774,"Proteus terrae",136,9.40692908863181e-06,163,1.12723625417633e-05
546367,"Hafnia paralvei",135,9.33776049239187e-06,141.4,9.78275206130199e-06
2881258,"Ruminococcus turbiniformis",135,9.33776049239187e-06,135.6,9.37687871259526e-06
1076124,"Phytohabitans flavus",135,9.33776049239187e-06,132.8,9.18500558716814e-06
1348632,"Pseudolactococcus plantarum",134,9.26859189615193e-06,141.5,9.7895763771589e-06
3032125,"Neopoerus faecalis",134,9.26859189615193e-06,140.5,9.7149242773953e-06
2690837,"Eggerthella guodeyinii",133,9.19942329991199e-06,134.5,9.30151215751789e-06
2979868,"Neopusillimonas aromaticivorans",133,9.19942329991199e-06,177.2,1.22572764093063e-05
1308,"Streptococcus thermophilus",133,9.19942329991199e-06,158,1.09283235803924e-05
2764327,"Holdemanella hominis",132,9.13025470367205e-06,137.5,9.50957255721213e-06
365590,"Shewanella hafniensis",132,9.13025470367205e-06,134,9.26821916294724e-06
2499078,"Vibrio ouci",130,8.99191751119217e-06,162,1.12027431828724e-05
2606635,"Waltera intestinalis",129,8.92274891495223e-06,122.6,8.478672464709e-06
2763057,"Parabacteroides hominis",128,8.85358031871229e-06,158.9,1.09919958336336e-05
3342383,"Flintibacter porci",127,8.78441172247235e-06,161.2,1.11470200855973e-05
2738446,"Anaerostipes faecalis",125,8.64607452999247e-06,133,9.2020126621545e-06
67824,"Citrobacter farmeri",125,8.64607452999247e-06,144.6,1.00007124549252e-05
445970,"Alistipes putredinis",124,8.57690593375253e-06,139.8,9.66653128852709e-06
2841509,"Butyricicoccus intestinisimiae",124,8.57690593375253e-06,192.5,1.33129934340117e-05
2025493,"Blautia hominis",123,8.50773733751259e-06,125.5,8.68040359352652e-06
237576,"Oribacterium sinus",123,8.50773733751259e-06,154.8,1.07081242214885e-05
2834113,"Alistipes montrealensis",122,8.43856874127265e-06,121.5,8.40644028996177e-06
3079010,"Diplocloster hominis",122,8.43856874127265e-06,151.2,1.04588600353036e-05
3378067,"Butyricimonas sp. GBGM4",122,8.43856874127265e-06,154.3,1.06693955496573e-05
1118062,"Peptoniphilus obesi",121,8.36940014503271e-06,123.6,8.54993683921288e-06
44742,"Desulfovibrio fairfieldensis",121,8.36940014503271e-06,121,8.36940130817211e-06
1689270,"Intestinimonas timonensis",120,8.30023154879277e-06,150.4,1.04023163115351e-05
133448,"Citrobacter youngae",118,8.16189435631289e-06,129.9,8.98835793400673e-06
3133175,"Blautia caccae",118,8.16189435631289e-06,114.3,7.90827933896041e-06
2292441,"Paratractidigestivibacter faecalis",116,8.02355716383301e-06,98.3,6.7970111884328e-06
2650157,"Bacteroides zhangwenhongii",115,7.95438856759307e-06,121.8,8.42478331192009e-06
59310,"Streptococcus macedonicus",115,7.95438856759307e-06,111.5,7.71455678580885e-06
762968,"Paraprevotella clara",114,7.88521997135313e-06,112.4,7.77605733695892e-06
905079,"Guillardia theta",114,7.88521997135313e-06,111.8,7.73229317477897e-06
71452,"Enterococcus raffinosus",113,7.81605137511319e-06,139.9,9.67642576059777e-06
2919919,"Atopomonas sediminilitoris",112,7.74688277887325e-06,105.3,7.2800220611515e-06
2763067,"Streptococcus hominis",111,7.67771418263331e-06,111.3,7.7011531634345e-06
1917868,"Blautia marasmi",109,7.53937699015344e-06,106.9,7.39308088987084e-06
518635,"Bifidobacterium angulatum",107,7.40103979767356e-06,111.9,7.74201372386734e-06
2763047,"Flintibacter faecis",107,7.40103979767356e-06,139.3,9.63415809307833e-06
2552766,"Meridianimarinicoccus aquatilis",105,7.26270260519368e-06,94.6,6.54490550090569e-06
1338,"Streptococcus intermedius",105,7.26270260519368e-06,112.8,7.80015147866682e-06
3342829,"Providencia zhejiangensis",104,7.19353400895374e-06,109.6,7.58422883326883e-06
3111861,"Streptococcus gingivalis",102,7.05519681647386e-06,97.4,6.73538646343737e-06
2316726,"Corallococcus sicarius",101,6.98602822023392e-06,95,6.57369371746332e-06
2588991,"Streptococcus symci",101,6.98602822023392e-06,102.7,7.1047058698724e-06
2779351,"Claveliimonas monacensis",100,6.91685962399398e-06,101.4,7.01071322173263e-06
3133164,"Hominiventricola aquisgranensis",100,6.91685962399398e-06,105.2,7.27522106124088e-06
160453,"Enterococcus gilvus",99,6.84769102775404e-06,98,6.77802802700735e-06
1283,"Staphylococcus haemolyticus",99,6.84769102775404e-06,99,6.84769197504453e-06
2763670,"Wujia chipingensis",99,6.84769102775404e-06,109.6,7.5781756973321e-06
2812000,"Pseudomonas hygromyciniae",97,6.70935383527416e-06,101,6.98371595221334e-06
1650663,"Allofournierella massiliensis",97,6.70935383527416e-06,89.3,6.17908140010172e-06
1720195,"Gabonibacter massiliensis",96,6.64018523903422e-06,95.8,6.62827345461881e-06
2060068,"Chimaeribacter coloradensis",96,6.64018523903422e-06,97.9,6.77450156561137e-06
357441,"Enterococcus lactis",96,6.64018523903422e-06,88.5,6.11960059372246e-06
2927224,"Akkermansia massiliensis",96,6.64018523903422e-06,96,6.63999041847501e-06
3095079,"Streptococcus jiangnanensis",94,6.50184804655434e-06,126.7,8.76246888137563e-06
1903262,"Bacteroides ndongoniae",94,6.50184804655434e-06,98.1,6.78613389206037e-06
2606626,"Sodaliphilus pleomorphus",93,6.4326794503144e-06,101.9,7.05136797005599e-06
2715212,"Bacteroides faecium",92,6.36351085407446e-06,96.5,6.6750428301757e-06
1712665,"Agathobacter ruminis",90,6.22517366159458e-06,93.1,6.43956449406668e-06
3035606,"Catenibacterium mitsuokai",89,6.15600506535464e-06,92.4,6.39334715276025e-06
226230,"Saccharomyces kudriavzevii",89,6.15600506535464e-06,102.4,7.08607216080099e-06
1676614,"Xylanibacter rarus",88,6.0868364691147e-06,110.3,7.62670731967994e-06
2316736,"Corallococcus exercitus",88,6.0868364691147e-06,88,6.08833096833059e-06
2839759,"Enterococcus innesii",88,6.0868364691147e-06,104.8,7.24564687983662e-06
2949650,"Parabacteroides sp. W1-Q-101",87,6.01766787287476e-06,88.5,6.11929109742246e-06
2763021,"Bacteroides difficilis",87,6.01766787287476e-06,94,6.50263430547511e-06
40837,"Mycoplana ramosa",85,5.87933068039488e-06,84,5.80889449804432e-06
1323,"Faecalicoccus pleomorphus",84,5.81016208415494e-06,86.1,5.9536711808941e-06
2559925,"Enterococcus dongliensis",83,5.740993487915e-06,92.3,6.38571644735695e-06
2993455,"Lactobacillus isalae",83,5.740993487915e-06,83.2,5.75514607926394e-06
2267891,"Campylobacter novaezeelandiae",82,5.67182489167506e-06,81.7,5.6544367861606e-06
76859,"Fusobacterium animalis",81,5.60265629543512e-06,76,5.25652405780461e-06
317010,"Enterococcus canintestini",81,5.60265629543512e-06,75.3,5.20691719411174e-06
1494462,"Lactococcus hircilactis",80,5.53348769919518e-06,70.7,4.89348081892558e-06
3037989,"Bacteroides vicugnae",80,5.53348769919518e-06,81.5,5.63720629273041e-06
2499076,"Marinifilum caeruleilacunae",79,5.46431910295524e-06,116.4,8.05324838281681e-06
2981794,"Roseburia amylophila",79,5.46431910295524e-06,79.1,5.47037937307412e-06
2609961,"Pseudomonas akapageensis",76,5.25681331423542e-06,77.2,5.3369466624455e-06
2834112,"Bacteroides propionicigenes",76,5.25681331423542e-06,81.1,5.61220506862242e-06
1281486,"Lactococcus formosensis",76,5.25681331423542e-06,77.9,5.38580374466433e-06
89059,"Ligilactobacillus acidipiscis",76,5.25681331423542e-06,71.5,4.94221833700916e-06
1069534,"Ligilactobacillus ruminis",75,5.18764471799548e-06,75.8,5.24332740740303e-06
2841061,"Streptococcus humanilactis",75,5.18764471799548e-06,81.2,5.61469326053485e-06
2107694,"Aphanothece hegewaldii",73,5.0493075255156e-06,73.9,5.11132012615727e-06
1768210,"Vagococcus martis",72,4.98013892927566e-06,63.3,4.37509605599472e-06
1834167,"Candidatus Enterococcus lemimoniae",72,4.98013892927566e-06,71.6,4.95353418479568e-06
69359,"Thiohalocapsa halophila",72,4.98013892927566e-06,70.3,4.8595275540482e-06
3145239,"Finegoldia dalianensis",72,4.98013892927566e-06,75,5.19084603664051e-06
1841868,"Provencibacterium massiliense",72,4.98013892927566e-06,71.7,4.9587863150141e-06
2880704,"Duncaniella muricolitica",72,4.98013892927566e-06,81.5,5.6399220996202e-06
2755051,"Variimorphobacter saccharofermentans",71,4.91097033303572e-06,71,4.91097136415365e-06
147206,"Collinsella stercoris",71,4.91097033303572e-06,78.7,5.44220271409052e-06
2685834,"Parabacteroides chongii",71,4.91097033303572e-06,76.6,5.29720231689911e-06
1653434,"Sellimonas intestinalis",71,4.91097033303572e-06,70.8,4.89469406519946e-06
1296540,"Paucilactobacillus nenjiangensis",70,4.84180173679578e-06,62.7,4.33395106189123e-06
433664,"Nocardioides agariphilus",70,4.84180173679578e-06,72,4.97935436542176e-06
169435,"Anaerotruncus colihominis",70,4.84180173679578e-06,72.3,5.00144593158393e-06
270249,"Bartonella phoceensis",70,4.84180173679578e-06,65.2,4.5132148358813e-06
40041,"Streptococcus equi",69,4.77263314055584e-06,69,4.77321324071782e-06
537011,"Segatella copri",69,4.77263314055584e-06,64.7,4.47751729047133e-06
3376993,"Vescimonas sanitatis",69,4.77263314055584e-06,72.2,4.99723350279433e-06
5061,"Aspergillus niger",67,4.63429594807596e-06,68,4.70086340387539e-06
1156431,"Streptococcus ilei",67,4.63429594807596e-06,78.4,5.42004208238529e-06
2585118,"Alistipes communis",67,4.63429594807596e-06,71.5,4.94573316110288e-06
283354,"Alternaria metachromatica",67,4.63429594807596e-06,68.2,4.71578363314603e-06
2590867,"Enorma burkinafasonensis",67,4.63429594807596e-06,75.4,5.21451521296583e-06
1121321,"Asaccharospora irregularis",66,4.56512735183603e-06,66.1,4.5692601890173e-06
2939491,"Parabacteroides leei",65,4.49595875559609e-06,72.9,5.03948390363457e-06
3029274,"Amygdalobacter nucleatus",65,4.49595875559609e-06,66.7,4.61163143365263e-06
1121950,"Hespellia stercorisuis",65,4.49595875559609e-06,113.8,7.87474441502958e-06
2888525,"Thermomonas alba",64,4.42679015935615e-06,67.3,4.65289874623969e-06
60172,"Penicillium solitum",64,4.42679015935615e-06,63.7,4.40850781528626e-06
1936995,"Parabacteroides bouchesdurhonensis",63,4.35762156311621e-06,69.7,4.82117910744452e-06
1433513,"Streptococcus gwangjuensis",62,4.28845296687627e-06,70.1,4.84916138966798e-06
2736289,"Xylanibacter rodentium",62,4.28845296687627e-06,70.4,4.86636796470065e-06
2763032,"Butyricimonas hominis",61,4.21928437063633e-06,60.9,4.20894457176988e-06
202956,"Acinetobacter towneri",61,4.21928437063633e-06,67.1,4.6392612962697e-06
2943492,"Corynebacterium intestinale",61,4.21928437063633e-06,61,4.21928495432037e-06
173856,"Streptomyces luteosporeus",61,4.21928437063633e-06,60.2,4.1644926435195e-06
45668,"Halobacillus litoralis",59,4.08094717815645e-06,59.6,4.12069990644439e-06
228229,"Ligilactobacillus saerimneri",59,4.08094717815645e-06,54.9,3.79964937151345e-06
3142537,"Enterobacter adelaidei",59,4.08094717815645e-06,45.9,3.17344498718185e-06
525309,"Limosilactobacillus antri",58,4.01177858191651e-06,62.5,4.32010069369902e-06
684066,"Streptococcus lactarius",58,4.01177858191651e-06,60.8,4.20718191695243e-06
760570,"Streptococcus parasanguinis",57,3.94260998567657e-06,73.8,5.10689523528289e-06
1033731,"Alistipes timonensis",57,3.94260998567657e-06,61.6,4.26214707664885e-06
NA,"unknown genome; accession ID isNZ_LT671675.1",57,3.94260998567657e-06,52.7,3.64479862320789e-06
1292,"Staphylococcus warneri",55,3.80427279319669e-06,55,3.80427331946918e-06
411468,"[Clostridium] scindens",55,3.80427279319669e-06,61.1,4.22529006666625e-06
1642,"Listeria innocua",54,3.73510419695675e-06,62.9,4.35146440127572e-06
546,"Citrobacter freundii",54,3.73510419695675e-06,60.7,4.19864296720485e-06
2899544,"Intestinirhabdus alba",53,3.66593560071681e-06,53.5,3.69780343166509e-06
626929,"Bacteroides clarus",53,3.66593560071681e-06,55.9,3.86818717717807e-06
2993430,"Streptococcus parapneumoniae",53,3.66593560071681e-06,56,3.87387814587858e-06
45851,"Eshraghiella crossota",52,3.59676700447687e-06,52.8,3.6546044794856e-06
460384,"Enterocloster lavalensis",51,3.52759840823693e-06,53.8,3.71982411176563e-06
2891570,"Pseudocitrobacter corydidari",51,3.52759840823693e-06,51.2,3.54000754266174e-06
871327,"Parabacteroides chinchillae",51,3.52759840823693e-06,52.1,3.60522600684151e-06
449520,"Campylobacter canadensis",50,3.45842981199699e-06,50.5,3.4946803614223e-06
2981726,"Hominimerdicola aceti",50,3.45842981199699e-06,50.4,3.48799191391902e-06
37930,"Glutamicibacter protophormiae",49,3.38926121575705e-06,49.4,3.41518912814956e-06
2764322,"Hydrogeniiclostridium mannosilyticum",48,3.32009261951711e-06,57.9,4.00634584523802e-06
1398493,"Pseudocitrobacter faecalis",48,3.32009261951711e-06,48.4,3.34906942585768e-06
2779352,"Pseudoflavonifractor gallinarum",48,3.32009261951711e-06,57.4,3.9683859088686e-06
358742,"Enterocloster aldenensis",48,3.32009261951711e-06,52.5,3.63345967665939e-06
762211,"Bifidobacterium stellenboschense",47,3.25092402327717e-06,47.1,3.26107542154918e-06
348802,"Exophiala xenobiotica",47,3.25092402327717e-06,44.3,3.06498969152521e-06
2924040,"Parabacteroides faecalis",47,3.25092402327717e-06,50.8,3.51321873825559e-06
313439,"Streptococcus massiliensis",47,3.25092402327717e-06,49.7,3.44027721038644e-06
1121333,"Thomasclavelia saccharogumia",46,3.18175542703723e-06,46.4,3.21153220825512e-06
155615,"Fusobacterium vincentii",46,3.18175542703723e-06,50.9,3.52201653426902e-06
2974565,"Campylobacter felis",46,3.18175542703723e-06,45.8,3.16555337844617e-06
3034501,"Enterococcus spodopteracolus",46,3.18175542703723e-06,70.1,4.84777192855563e-06
84031,"Clostridium sartagoforme",46,3.18175542703723e-06,46.3,3.20001386138713e-06
3133091,"unknown genome; accession ID isNZ_JBBMER010000008.1",46,3.18175542703723e-06,55.9,3.86324411268868e-06
880074,"Barnesiella viscericola",44,3.04341823455735e-06,48.7,3.37013292346108e-06
35787,"Limosilactobacillus pontis",44,3.04341823455735e-06,44.4,3.07262712697707e-06
2714355,"Vescimonas coprocola",44,3.04341823455735e-06,52.8,3.65389908714756e-06
676599,"Stenotrophomonas panacihumi",43,2.97424963831741e-06,42.7,2.95366385455649e-06
1448321,"Aspergillus heteromorphus",43,2.97424963831741e-06,37.6,2.60267631483578e-06
2026339,"Oceanibium sediminis",43,2.97424963831741e-06,56.2,3.88739799261848e-06
2866998,"Streptococcus hohhotensis",43,2.97424963831741e-06,48.8,3.37880796494948e-06
2597270,"Alkalicoccobacillus porphyridii",42,2.90508104207747e-06,38.1,2.63609249037397e-06
2743469,"Rhabdonatronobacter sediminivivens",42,2.90508104207747e-06,42.6,2.94323739524765e-06
508451,"Lactobacillus taiwanensis",42,2.90508104207747e-06,42.3,2.92688995982692e-06
1796635,"Longicatena caecimuris",42,2.90508104207747e-06,47.9,3.31054789466877e-06
290052,"Acetivibrio ethanolgignens",41,2.83591244583753e-06,43.9,3.0364681609535e-06
2763050,"Hungatella hominis",41,2.83591244583753e-06,41.2,2.85115158665469e-06
2815329,"Candidatus Enterococcus courvalinii",41,2.83591244583753e-06,55.5,3.84029285846095e-06
1505,"Paraclostridium sordellii",40,2.76674384959759e-06,40.1,2.77073098875574e-06
2763644,"Zhenpiania hominis",40,2.76674384959759e-06,37.8,2.61185744935424e-06
3133163,"Ruthenibacterium intestinale",40,2.76674384959759e-06,38.3,2.65185945578694e-06
1650661,"Clostridium phoceensis",39,2.69757525335765e-06,41.8,2.88829483670403e-06
1987383,"Candidatus Enterococcus wittei",39,2.69757525335765e-06,41.5,2.86989162181408e-06
2583810,"Alteribacter natronophilus",39,2.69757525335765e-06,40.4,2.79365485107988e-06
2681861,"Sporofaciens musculi",39,2.69757525335765e-06,38.9,2.69026157118051e-06
2763063,"Roseburia yibonii",39,2.69757525335765e-06,42.1,2.91257373845006e-06
2026240,"Klebsiella quasivariicola",39,2.69757525335765e-06,36.9,2.55417930628876e-06
3097367,"Actinomadura monticuli",39,2.69757525335765e-06,39,2.69758532967768e-06
2763676,"Qingrenia yutianensis",38,2.62840665711771e-06,42.2,2.91576681938456e-06
2946555,"Akkermansia biwaensis",38,2.62840665711771e-06,38,2.62924390698354e-06
1077946,"Streptomyces hundungensis",38,2.62840665711771e-06,32.8,2.26804211798102e-06
2831590,"Buttiauxella massiliensis",38,2.62840665711771e-06,37.2,2.57154642345248e-06
370354,"Entamoeba dispar",37,2.55923806087777e-06,37,2.56090274304155e-06
2801451,"Companilactobacillus bobalius",37,2.55923806087777e-06,36.1,2.49681444581261e-06
537007,"Blautia hansenii",37,2.55923806087777e-06,37.7,2.61034702421694e-06
2494234,"Sutterella megalosphaeroides",37,2.55923806087777e-06,35.4,2.4509048152407e-06
2742601,"Limosilactobacillus portuensis",37,2.55923806087777e-06,38.4,2.65405878633243e-06
3074433,"Vallitalea maricola",37,2.55923806087777e-06,36.1,2.49498883359915e-06
45286,"Eremothecium sinecaudum",36,2.49006946463783e-06,40.5,2.80269201907935e-06
197614,"Streptococcus pasteurianus",36,2.49006946463783e-06,40.1,2.77151068933832e-06
2697024,"Pusillimonas minor",36,2.49006946463783e-06,38.5,2.66560907667176e-06
267818,"Lactobacillus kefiranofaciens",36,2.49006946463783e-06,36.9,2.55271096581331e-06
1334,"Streptococcus dysgalactiae",36,2.49006946463783e-06,33.3,2.30195609861145e-06
1423758,"Lactobacillus hominis",35,2.42090086839789e-06,35.3,2.44013003424087e-06
1918949,"Solemya elarraichensis gill symbiont",35,2.42090086839789e-06,35.4,2.45183116832178e-06
46186,"Streptosporangium fragile",35,2.42090086839789e-06,35.4,2.44880839882268e-06
2838426,"Candidatus Agathobaculum pullicola",35,2.42090086839789e-06,38.5,2.66228586769671e-06
67826,"Citrobacter sedlakii",34,2.35173227215795e-06,35.6,2.4625427731839e-06
3036303,"Peptoniphilus genitalis",34,2.35173227215795e-06,52.8,3.65079056756523e-06
2927804,"Marinobacterium sedimentorum",34,2.35173227215795e-06,37.6,2.59864772394999e-06
154046,"Hungatella hathewayi",34,2.35173227215795e-06,35,2.42174334312124e-06
1816676,"Alistipes provencensis",34,2.35173227215795e-06,37.1,2.56344672312949e-06
1034345,"Senegalimassilia anaerobia",33,2.28256367591801e-06,38,2.62499019006121e-06
913848,"Loigolactobacillus coryniformis",33,2.28256367591801e-06,32.3,2.23497094047109e-06
1737,"Paraclostridium tenue",33,2.28256367591801e-06,33.1,2.29259552075387e-06
1229662,"Pestalotiopsis fici",32,2.21339507967807e-06,31.7,2.19569916810368e-06
105984,"Apiotrichum porosum",32,2.21339507967807e-06,29.6,2.04549168779908e-06
2713419,"Collinsella acetigenes",32,2.21339507967807e-06,40,2.76650626903378e-06
1504,"Clostridium septicum",31,2.14422648343813e-06,30.8,2.12703560669951e-06
3038145,"Palleniella muris",31,2.14422648343813e-06,32.9,2.27316423461039e-06
1031733,"Campylobacter upsaliensis",31,2.14422648343813e-06,31,2.14230656792245e-06
75553,"Aspergillus viridinutans",31,2.14422648343813e-06,31,2.14233276518463e-06
1852387,"Streptococcus timonensis",31,2.14422648343813e-06,35.6,2.46130277409874e-06
482827,"Thermus arciformis",31,2.14422648343813e-06,31,2.14422678006445e-06
411467,"Pseudoflavonifractor capillosus",30,2.07505788719819e-06,32.2,2.22828697656804e-06
91492,"Aspergillus udagawae",30,2.07505788719819e-06,29.2,2.01904604511813e-06
1260,"Finegoldia magna",30,2.07505788719819e-06,30.9,2.13936730733874e-06
673271,"Catenibacillus scindens",30,2.07505788719819e-06,30.6,2.11404742141957e-06
70346,"Acinetobacter variabilis",30,2.07505788719819e-06,36.6,2.53033002778384e-06
3093659,"Acutalibacter intestini",30,2.07505788719819e-06,30.2,2.08777900954404e-06
3133159,"Megasphaera intestinihominis",30,2.07505788719819e-06,30,2.0780614128508e-06
176292,"Secundilactobacillus malefermentans",29,2.00588929095825e-06,24.9,1.71892207527427e-06
2785629,"Leclercia barmai",29,2.00588929095825e-06,38.2,2.64029784240753e-06
2944915,"Coprobacter tertius",29,2.00588929095825e-06,31.9,2.20875549647702e-06
2993450,"Limosilactobacillus viscerum",29,2.00588929095825e-06,29.2,2.01795550154994e-06
2692629,"Copranaerobaculum intestinale",28,1.93672069471831e-06,38.5,2.66031471717591e-06
2838947,"Enterobacter quasimori",28,1.93672069471831e-06,34.1,2.36164944123227e-06
2815723,"Nocardia alni",28,1.93672069471831e-06,28,1.93672128358634e-06
2489010,"Klebsiella africana",28,1.93672069471831e-06,34.9,2.41229146464426e-06
2926519,"Scandinavium hiltneri",28,1.93672069471831e-06,25.2,1.74098451036689e-06
89139,"Rasamsonia byssochlamydoides",28,1.93672069471831e-06,27.9,1.93114367028635e-06
2219695,"Luxibacter massiliensis",28,1.93672069471831e-06,41.5,2.87330610725961e-06
880526,"Rikenella microfusus",27,1.86755209847837e-06,30.7,2.12346194048245e-06
1150468,"Scardovia inopinata",27,1.86755209847837e-06,27,1.86755530172098e-06
1982628,"Faecalibacillus faecis",27,1.86755209847837e-06,27.4,1.89651500326499e-06
51049,"Actinobacillus indolicus",27,1.86755209847837e-06,25.4,1.75529713867571e-06
2012477,"Lactobacillus porci",27,1.86755209847837e-06,26.6,1.84155226949252e-06
483206,"Mesorhizobium caraganae",27,1.86755209847837e-06,27,1.86755245171329e-06
2799566,"Levilactobacillus wangkuiensis",27,1.86755209847837e-06,20.6,1.42731772148641e-06
2100822,"Kushneria phyllosphaerae",27,1.86755209847837e-06,27.5,1.90039181874785e-06
1570016,"Thioflexithrix psekupsensis",26,1.79838350223843e-06,28.7,1.9830577113938e-06
2304063,"Sphingobium terrigena",26,1.79838350223843e-06,27.6,1.90694799078341e-06
2494702,"Enterobacter huaxiensis",26,1.79838350223843e-06,23.5,1.62722773690132e-06
208224,"Enterobacter kobei",26,1.79838350223843e-06,25.3,1.7507046671177e-06
2950375,"Levilactobacillus humaensis",26,1.79838350223843e-06,22.3,1.54075941761921e-06
3016083,"Phocaeicola acetigenes",26,1.79838350223843e-06,26.3,1.81937661811939e-06
29845,"Penicillium vulpinum",26,1.79838350223843e-06,25.5,1.76325005655378e-06
1914243,"Citrobacter europaeus",26,1.79838350223843e-06,25.3,1.75309978094525e-06
3140788,"Streptococcus nidrosiense",26,1.79838350223843e-06,27,1.86450424538683e-06
1776392,"Massilimicrobiota timonensis",26,1.79838350223843e-06,27.7,1.91627415965494e-06
1393034,"Atopobium deltae",25,1.72921490599849e-06,27.6,1.90938859883703e-06
930854,"Enterococcus viikkiensis",25,1.72921490599849e-06,27.3,1.89081697815618e-06
1309,"Streptococcus mutans",25,1.72921490599849e-06,25.2,1.73988088231928e-06
2877527,"Blautia parvula",25,1.72921490599849e-06,24.6,1.69987325121884e-06
1720204,"Collinsella ihumii",25,1.72921490599849e-06,24.8,1.71738409105616e-06
2592333,"Sellimonas caecigallum",25,1.72921490599849e-06,25.4,1.75835304513696e-06
169963,"Listeria monocytogenes",24,1.66004630975855e-06,24.6,1.70017354629267e-06
1857215,"Candidatus Enterococcus willemsii",24,1.66004630975855e-06,24,1.66067543411966e-06
2981728,"Huintestinicola butyrica",24,1.66004630975855e-06,23.5,1.62692095341267e-06
3133162,"Ruminococcoides intestinale",24,1.66004630975855e-06,29.2,2.02076879693394e-06
1670621,"Saccharothrix lopnurensis",24,1.66004630975855e-06,23.4,1.61728821527757e-06
1776391,"Romboutsia timonensis",24,1.66004630975855e-06,20.3,1.40534023885583e-06
1944636,"Parabacteroides provencensis",24,1.66004630975855e-06,27,1.86995551133017e-06
1329,"Streptococcus canis",24,1.66004630975855e-06,24.8,1.71259331984359e-06
1263415,"Endocarpon pusillum",23,1.59087771351861e-06,22.9,1.58352009077982e-06
242230,"Eggerthella sinensis",23,1.59087771351861e-06,23.2,1.60211161752121e-06
2589817,"Maribrevibacterium harenarium",23,1.59087771351861e-06,25.3,1.7491664125609e-06
2579922,"Pseudomonas yangonensis",23,1.59087771351861e-06,23.3,1.61119731589968e-06
2714353,"Vescimonas fastidiosa",23,1.59087771351861e-06,31,2.14719813854274e-06
2963284,"Terrisporobacter muris",23,1.59087771351861e-06,22.6,1.56409142684582e-06
215243,"Exophiala oligosperma",22,1.52170911727868e-06,22.1,1.53126716507666e-06
1423739,"Lentilactobacillus diolivorans",22,1.52170911727868e-06,22,1.52504927726341e-06
1218112,"Kluyvera cryocrescens",22,1.52170911727868e-06,23.3,1.61213317177212e-06
2518971,"Duncaniella dubosii",22,1.52170911727868e-06,26.5,1.83092195566371e-06
2652276,"Holdemanella porci",22,1.52170911727868e-06,23.1,1.59962461063836e-06
2547410,"Enterocloster alcoholdehydrogenati",22,1.52170911727868e-06,22.8,1.58031764549827e-06
332186,"Shewanella xiamenensis",22,1.52170911727868e-06,26.7,1.84865071041172e-06
3095082,"Streptococcus fermentans",22,1.52170911727868e-06,27.8,1.92304370039996e-06
1255705,"Bavariicoccus seileri",21,1.45254052103874e-06,25.4,1.75930876513536e-06
94643,"Besnoitia besnoiti",21,1.45254052103874e-06,21.8,1.50986156138559e-06
2707003,"Streptococcus chosunensis",21,1.45254052103874e-06,20.7,1.43522300653649e-06
876,"Desulfovibrio desulfuricans",21,1.45254052103874e-06,21,1.45327872220706e-06
1812259,"Streptomyces ginkgonis",21,1.45254052103874e-06,21.6,1.49059675776039e-06
73098,"Kluyvera georgiana",20,1.3833719247988e-06,21.3,1.47381663659744e-06
1857217,"Candidatus Enterococcus huntleyi",20,1.3833719247988e-06,19.6,1.35426976451297e-06
544580,"Actinomyces oris",20,1.3833719247988e-06,20.6,1.42316510694362e-06
2981788,"Dorea ammoniilytica",20,1.3833719247988e-06,20.7,1.43221171245436e-06
3075529,"Streptomyces gibsoniae",20,1.3833719247988e-06,20,1.38337211617061e-06
NA,"unknown genome; accession ID isNZ_LR027382.1",20,1.3833719247988e-06,21.3,1.47484088739404e-06
361101,"Streptococcus pseudoporcinus",20,1.3833719247988e-06,30.7,2.12541686187505e-06
2991834,"Limosilactobacillus galli",20,1.3833719247988e-06,23.1,1.60093108460479e-06
295089,"Pontixanthobacter luteolus",20,1.3833719247988e-06,16.8,1.16478943019727e-06
54062,"Pediococcus parvulus",20,1.3833719247988e-06,14.4,9.94141139077208e-07
742818,"Slackia piriformis",19,1.31420332855886e-06,19,1.31483309696288e-06
1410674,"Sharpea azabuensis",19,1.31420332855886e-06,19.3,1.33811985624472e-06
27334,"Penicillium expansum",19,1.31420332855886e-06,18.4,1.27593820249671e-06
1313,"Streptococcus pneumoniae",19,1.31420332855886e-06,19.1,1.3216375120445e-06
215200,"Peptostreptococcus russellii",19,1.31420332855886e-06,19.4,1.3424927246027e-06
2594882,"Mediterraneibacter catenae",19,1.31420332855886e-06,17.4,1.20188422182424e-06
2726362,"Faecalicatena faecalis",19,1.31420332855886e-06,19.8,1.36721652799352e-06
291645,"Bacteroides nordii",19,1.31420332855886e-06,14.3,9.86872908657938e-07
2885356,"Hominilimicola fabiformis",19,1.31420332855886e-06,21.1,1.45974963266483e-06
40994,"Penicillium hordei",19,1.31420332855886e-06,16.9,1.16814270531083e-06
69791,"Penicillium waksmanii",19,1.31420332855886e-06,15.3,1.05841680988403e-06
2758443,"Mixta mediterraneensis",19,1.31420332855886e-06,19.3,1.33582585630035e-06
1805714,"Christensenella massiliensis",19,1.31420332855886e-06,18.7,1.29579951831456e-06
213810,"Ruminococcus champanellensis",18,1.24503473231892e-06,19.1,1.32108105902774e-06
70584,"Aquabacterium parvum",18,1.24503473231892e-06,15.2,1.05100335023412e-06
1720315,"Hugonella massiliensis",18,1.24503473231892e-06,18.1,1.25040197738786e-06
1945581,"Chryseobacterium mucoviscidosis",18,1.24503473231892e-06,18,1.24503572791827e-06
2486025,"Levilactobacillus mulengensis",18,1.24503473231892e-06,24.9,1.72432868297487e-06
2559929,"Enterococcus hulanensis",18,1.24503473231892e-06,18,1.24798889874817e-06
694437,"Flammeovirga aprica",18,1.24503473231892e-06,17.1,1.18388891398096e-06
2763662,"Yeguia hominis",18,1.24503473231892e-06,20.6,1.42655226168652e-06
1517512,"Aspergillus pseudoviridinutans",18,1.24503473231892e-06,17.9,1.24005226948444e-06
2982695,"Limosilactobacillus kribbianus",18,1.24503473231892e-06,18,1.24559498934884e-06
3041623,"Streptococcus taonis",18,1.24503473231892e-06,27.2,1.88432757487747e-06
764290,"Streptococcus downei",18,1.24503473231892e-06,18.5,1.27906174434759e-06
546269,"Filifactor alocis",17,1.17586613607898e-06,17.4,1.20186829950824e-06
1720557,"Streptobacillus ratti",17,1.17586613607898e-06,16.2,1.12226230400303e-06
1944635,"Sutterella seckii",17,1.17586613607898e-06,18.3,1.26670471887935e-06
1870988,"Pseudoflavonifractor phocaeensis",17,1.17586613607898e-06,17.1,1.18214545869952e-06
181172,"Vanrija albida",17,1.17586613607898e-06,17.6,1.21937643681937e-06
693979,"Bacteroides helcogenes",16,1.10669753983904e-06,16.3,1.13031467383586e-06
78346,"Bifidobacterium ruminantium",16,1.10669753983904e-06,16.7,1.15500122822962e-06
1388752,"Campylobacter subantarcticus",16,1.10669753983904e-06,16.5,1.14148776623269e-06
83891,"Trypanosoma conorhini",16,1.10669753983904e-06,16.2,1.11871860385971e-06
2797506,"Enterobacter dykesii",16,1.10669753983904e-06,16.9,1.1675391700566e-06
2026654,"Flavobacterium luteum",16,1.10669753983904e-06,16,1.10880200480397e-06
209559,"Aspergillus alliaceus",16,1.10669753983904e-06,15.1,1.04439524326452e-06
2675325,"Bifidobacterium erythrocebi",16,1.10669753983904e-06,15.7,1.08656020930011e-06
2505970,"Campylobacter armoricus",16,1.10669753983904e-06,16,1.10689629114687e-06
1871024,"Mordavella massiliensis",16,1.10669753983904e-06,19.4,1.34413886024165e-06
2816080,"Alicyclobacillus suci",16,1.10669753983904e-06,16,1.10680135172368e-06
544645,"Butyricimonas virosa",16,1.10669753983904e-06,16.3,1.12847077449812e-06
2981781,"Barnesiella propionica",16,1.10669753983904e-06,16,1.10694320515727e-06
3031799,"Providencia hangzhouensis",16,1.10669753983904e-06,16.7,1.15307462513853e-06
2781224,"Neodothiora populina",16,1.10669753983904e-06,15.9,1.10024053927505e-06
2045244,"Alteribacter lacisalsi",15,1.0375289435991e-06,15,1.03752908712796e-06
2316722,"Corallococcus aberystwythensis",15,1.0375289435991e-06,15,1.03752940330427e-06
2546350,"Citrobacter arsenatis",15,1.0375289435991e-06,15.8,1.09474711326913e-06
143232,"Vanrija pseudolonga",15,1.0375289435991e-06,15.1,1.04459060312027e-06
2949669,"Curtanaerobium respiraculi",15,1.0375289435991e-06,15,1.03752908712796e-06
2995136,"Dellaglioa carnosa",15,1.0375289435991e-06,16.1,1.11696025286908e-06
1792511,"Penicillium robsamsonii",15,1.0375289435991e-06,16,1.10431724235652e-06
3133161,"Ruminococcoides intestinihominis",15,1.0375289435991e-06,21.9,1.51203234010286e-06
3095078,"Streptococcus wuxiensis",15,1.0375289435991e-06,15.9,1.09634374157725e-06
2725494,"Kluyvera sichuanensis",15,1.0375289435991e-06,15.5,1.07104236413897e-06
174587,"Carnobacterium viridans",15,1.0375289435991e-06,15.3,1.05530086606357e-06
1871013,"Parabacteroides timonensis",15,1.0375289435991e-06,15.1,1.04760347558186e-06
147207,"Collinsella intestinalis",15,1.0375289435991e-06,15,1.04085124529243e-06
1002367,"Leyella stercorea",14,9.68360347359157e-07,16.4,1.13242469364324e-06
1618207,"Psychromicrobium lacuslunae",14,9.68360347359157e-07,13.9,9.6448247991817e-07
41047,"Aspergillus thermomutatus",14,9.68360347359157e-07,14.4,9.94967489159621e-07
2338368,"Alcanivorax profundi",14,9.68360347359157e-07,15.2,1.05340960757913e-06
1928661,"Bradyrhizobium cajani",14,9.68360347359157e-07,14.7,1.01679532244447e-06
2764326,"Fusobacterium hominis",14,9.68360347359157e-07,15.1,1.04647200215043e-06
1463165,"Klebsiella quasipneumoniae",14,9.68360347359157e-07,15.2,1.05404143789976e-06
164328,"Phytophthora ramorum",14,9.68360347359157e-07,14.8,1.02516802348412e-06
1940789,"Lactococcus petauri",14,9.68360347359157e-07,14.3,9.92146201384481e-07
2981721,"Brotomerdimonas butyrica",14,9.68360347359157e-07,14,9.69265289754192e-07
2077090,"Vibrio gangliei",14,9.68360347359157e-07,14.7,1.01851387351078e-06
333963,"Leucobacter iarius",14,9.68360347359157e-07,16.1,1.11276474966847e-06
3133167,"Faecousia intestinalis",14,9.68360347359157e-07,14.3,9.87426610445503e-07
NA,"unknown genome; accession ID isNZ_DAWEQI010000213.1",14,9.68360347359157e-07,14,9.68360512735107e-07
155865,"Eubacterium pyruvativorans",14,9.68360347359157e-07,15.2,1.05132402963782e-06
212818,"Exophiala mesophila",13,8.99191751119217e-07,15.4,1.06328806279308e-06
485602,"Actinophytocola xinjiangensis",13,8.99191751119217e-07,13.2,9.14686848743359e-07
2020948,"Romboutsia maritimum",13,8.99191751119217e-07,12.8,8.83276785755381e-07
28113,"Bacteroides heparinolyticus",13,8.99191751119217e-07,13,8.99312290461995e-07
2174932,"Nesterenkonia natronophila",13,8.99191751119217e-07,12.6,8.69423768708578e-07
2306636,"Cellulomonas telluris",13,8.99191751119217e-07,14.1,9.78520589948746e-07
2589786,"Streptococcus shenyangsis",13,8.99191751119217e-07,15.9,1.1028695879038e-06
2650158,"Bacteroides luhongzhouii",13,8.99191751119217e-07,13.1,9.09239313113513e-07
37727,"Talaromyces marneffei",13,8.99191751119217e-07,11.5,7.92582154197648e-07
2320879,"Parablautia muri",13,8.99191751119217e-07,13.1,9.09564144011519e-07
2722702,"Salinimicrobium oceani",13,8.99191751119217e-07,13.2,9.1550669008101e-07
2747601,"Ruegeria haliotis",13,8.99191751119217e-07,14.2,9.82195919574552e-07
1187928,"Alternaria incomplexa",13,8.99191751119217e-07,14,9.70373472931655e-07
1337051,"Murimonas intestini",13,8.99191751119217e-07,13.3,9.22128579044784e-07
3098075,"Streptococcus dentalis",13,8.99191751119217e-07,12.8,8.87989467842278e-07
106654,"Acinetobacter nosocomialis",13,8.99191751119217e-07,15.4,1.06448364267069e-06
1560356,"Type-D symbiont of Plautia stali",12,8.30023154879277e-07,12,8.30781104663125e-07
1642702,"Paludifilum halophilum",12,8.30023154879277e-07,12.4,8.56444845040642e-07
283686,"Kosakonia radicincitans",12,8.30023154879277e-07,12.4,8.57273550853302e-07
1292134,"Stenotrophomonas africana",12,8.30023154879277e-07,11.6,8.02849725724951e-07
2766578,"Komagataeibacter melomenusus",12,8.30023154879277e-07,12,8.30023430771063e-07
2748010,"Thiomicrorhabdus heinhorstiae",12,8.30023154879277e-07,12,8.30025106186245e-07
2762246,"Clostridium gallinarum",12,8.30023154879277e-07,12,8.29717615245263e-07
2841596,"Hallella faecis",12,8.30023154879277e-07,11.3,7.83220446811514e-07
158849,"Moellerella wisconsensis",12,8.30023154879277e-07,11.6,8.00421724107719e-07
2972474,"Gabonibacter chumensis",12,8.30023154879277e-07,12.2,8.41209897845408e-07
3040937,"Raoultella scottii",12,8.30023154879277e-07,12,8.31257753027091e-07
3133171,"Pseudoflavonifractor intestinihominis",12,8.30023154879277e-07,12.4,8.56529208613456e-07
452979,"Kineococcus gynurae",12,8.30023154879277e-07,12.6,8.69669808383787e-07
NA,"unknown genome; accession ID isNZ_DAWEQI010000079.1",12,8.30023154879277e-07,14.3,9.86555000615536e-07
1805470,"Clostridium nigeriense",12,8.30023154879277e-07,12.1,8.3373211855611e-07
1841856,"Bacteroides mediterraneensis",12,8.30023154879277e-07,11.9,8.25518089561403e-07
1121331,"Hathewaya proteolytica",12,8.30023154879277e-07,14.4,9.99156498354007e-07
428127,"Amedibacillus dolichus",11,7.60854558639338e-07,11.1,7.68059827410448e-07
5693,"Trypanosoma cruzi",11,7.60854558639338e-07,12,8.31486199574224e-07
171383,"Vibrio hepatarius",11,7.60854558639338e-07,14.9,1.03055369149764e-06
1031753,"Campylobacter lanienae",11,7.60854558639338e-07,11,7.60951907170781e-07
2509433,"Senegalimassilia faecalis",11,7.60854558639338e-07,14.3,9.90289825011869e-07
67827,"Citrobacter werkmanii",11,7.60854558639338e-07,9.3,6.42494645941296e-07
394095,"Pyxidicoccus fallax",11,7.60854558639338e-07,11,7.61975164686949e-07
1133319,"Bacteroides reticulotermitis",11,7.60854558639338e-07,11,7.62309091185773e-07
2773426,"Nocardioides malaquae",11,7.60854558639338e-07,11,7.60855859662958e-07
2850322,"Diplocloster modestus",11,7.60854558639338e-07,11.3,7.84002766571588e-07
3034157,"Pollutibacter soli",11,7.60854558639338e-07,13.9,9.59437415613304e-07
3031993,"Enterococcus montenegrensis",11,7.60854558639338e-07,11.6,8.01277785386012e-07
59298,"Streptomyces thermocarboxydovorans",11,7.60854558639338e-07,11,7.60281228227702e-07
396014,"Brachybacterium phenoliresistens",11,7.60854558639338e-07,11,7.60854663893837e-07
1871008,"Eggerthella timonensis",11,7.60854558639338e-07,10.8,7.49902283092838e-07
2079531,"Prevotella merdae",11,7.60854558639338e-07,12.8,8.82696434382208e-07
2941338,"Streptococcus caecimuris",11,7.60854558639338e-07,12.2,8.4119991456516e-07
610130,"Lacrimispora saccharolytica",10,6.91685962399398e-07,10.2,7.07574874021148e-07
510516,"Aspergillus oryzae",10,6.91685962399398e-07,9.9,6.86799339369935e-07
66429,"Streptomyces roseoverticillatus",10,6.91685962399398e-07,10,6.93342215760417e-07
1807766,"Polycladidibacter stylochi",10,6.91685962399398e-07,10.3,7.1211922375621e-07
36847,"Anaerotignum neopropionicum",10,6.91685962399398e-07,10,6.92598329306581e-07
2056311,"Algoriphagus lacus",10,6.91685962399398e-07,10.2,7.03724557752655e-07
2211183,"Evtepia gabavorous",10,6.91685962399398e-07,10.7,7.43277569254134e-07
2605638,"Bradyrhizobium hipponense",10,6.91685962399398e-07,9.5,6.54659221996846e-07
2137581,"Ellagibacter isourolithinifaciens",10,6.91685962399398e-07,10.9,7.51571629590426e-07
2605790,"Roseburia porci",10,6.91685962399398e-07,10.9,7.52143572495857e-07
91353,"Campylobacter hyointestinalis",10,6.91685962399398e-07,9.8,6.75627166317234e-07
1494461,"Pseudolactococcus laudensis",10,6.91685962399398e-07,9.7,6.68238145354669e-07
2763669,"Qiania dongpingensis",10,6.91685962399398e-07,9.7,6.67584876717775e-07
198482,"Macrococcus hajekii",10,6.91685962399398e-07,10.3,7.13508336847276e-07
2779358,"Gallalistipes aquisgranensis",10,6.91685962399398e-07,10.1,6.97302281168717e-07
2834432,"Bifidobacterium pongonis",10,6.91685962399398e-07,10.3,7.13774736726689e-07
3002863,"Methanocorpusculum petauri",10,6.91685962399398e-07,9.6,6.6475157353455e-07
60171,"Penicillium verrucosum",10,6.91685962399398e-07,12.6,8.68213052075111e-07
3108533,"Anaerofustis butyriciformans",10,6.91685962399398e-07,11.1,7.69276085450861e-07
3040939,"Raoultella lignicola",10,6.91685962399398e-07,10,6.92301088987256e-07
1871033,"Olsenella urininfantis",10,6.91685962399398e-07,11.3,7.8355879413413e-07
1328,"Streptococcus anginosus",10,6.91685962399398e-07,10.1,7.0023706223189e-07
5855,"Plasmodium vivax",9,6.22517366159458e-07,11.4,7.8950885050403e-07
441959,"Talaromyces stipitatus",9,6.22517366159458e-07,9.8,6.74732481702852e-07
1186058,"Trichosporon asahii",9,6.22517366159458e-07,10,6.91291347643889e-07
1150423,"Bifidobacterium dentium",9,6.22517366159458e-07,8.4,5.78003023268334e-07
1349765,"Enterococcus canis",9,6.22517366159458e-07,13.6,9.39540063433928e-07
55209,"Pantoea cypripedii",9,6.22517366159458e-07,9,6.234174994954e-07
1450537,"Aspergillus homomorphus",9,6.22517366159458e-07,9,6.22517485179268e-07
2486002,"Lapidilactobacillus gannanensis",9,6.22517366159458e-07,10,6.93413390430611e-07
1796622,"Extibacter muris",9,6.22517366159458e-07,9.5,6.58235941768729e-07
2726742,"Flammeovirga agarivorans",9,6.22517366159458e-07,9.2,6.33207762702435e-07
2763659,"Fumia xinanensis",9,6.22517366159458e-07,9.4,6.48791078313139e-07
990412,"Limosilactobacillus alvi",9,6.22517366159458e-07,9.6,6.64005046439245e-07
2020965,"Bifidobacterium imperatoris",9,6.22517366159458e-07,8.2,5.66300893212542e-07
5663,"Leishmania enriettii",9,6.22517366159458e-07,9.1,6.31813999988228e-07
2871169,"Stenotrophomonas forensis",9,6.22517366159458e-07,11.6,8.03339476601741e-07
1536,"Hathewaya limosa",9,6.22517366159458e-07,9,6.22517452276775e-07
3065809,"Lachnoanaerobaculum sanguinis",9,6.22517366159458e-07,9.6,6.65027561463439e-07
867595,"Porphyromonas pogonae",9,6.22517366159458e-07,9.2,6.36494501454357e-07
3039389,"Macrococcus psychrotolerans",9,6.22517366159458e-07,9,6.22517452276775e-07
NA,"unknown genome; accession ID isNZ_DAWEQI010000062.1",9,6.22517366159458e-07,9,6.22520303286033e-07
NA,"unknown genome; accession ID isNZ_LT632322.1",9,6.22517366159458e-07,8.4,5.83168898091136e-07
1987501,"Massiliimalia timonensis",9,6.22517366159458e-07,9.5,6.53813293364767e-07
2941233,"Acetatifactor aquisgranensis",9,6.22517366159458e-07,9.1,6.29182873059352e-07
883111,"Facklamia hominis",8,5.53348769919518e-07,9.6,6.66374538237196e-07
1408163,"Rasamsonia emersonii",8,5.53348769919518e-07,8.1,5.58926139940216e-07
28037,"Streptococcus mitis",8,5.53348769919518e-07,8.6,5.92532560355899e-07
51669,"Tetragenococcus halophilus",8,5.53348769919518e-07,8.7,6.03931559645736e-07
1977868,"Vagococcus bubulae",8,5.53348769919518e-07,7.6,5.25654160403513e-07
1331689,"Ursidibacter maritimus",8,5.53348769919518e-07,8,5.53378641981066e-07
2763043,"Eggerthella hominis",8,5.53348769919518e-07,8.3,5.74483479650073e-07
2763036,"Clostridium hominis",8,5.53348769919518e-07,11.7,8.11415066435581e-07
2764597,"Romboutsia faecis",8,5.53348769919518e-07,8,5.53361910575335e-07
2815733,"Tenebrionicola larvae",8,5.53348769919518e-07,8,5.54387095312216e-07
2909341,"Octadecabacter dasysiphoniae",8,5.53348769919518e-07,8,5.53348857611629e-07
1131564,"Penicillium cosmopolitanum",8,5.53348769919518e-07,9.6,6.6257351937029e-07
371674,"Moryella indoligenes",8,5.53348769919518e-07,7.6,5.22865135278006e-07
3030997,"Enterobacter chinensis",8,5.53348769919518e-07,8.3,5.76931701234917e-07
535290,"Legionella nagasakiensis",8,5.53348769919518e-07,7.5,5.20600656984392e-07
1123314,"Streptococcus plurextorum",7,4.84180173679578e-07,7.2,4.96411683620003e-07
1469948,"Kineothrix alysoides",7,4.84180173679578e-07,7,4.84184797708335e-07
1437610,"Bifidobacterium reuteri",7,4.84180173679578e-07,6.9,4.74395156339814e-07
2024554,"Virgibacillus indicus",7,4.84180173679578e-07,7,4.84222508695806e-07
1392255,"Aspergillus novofumigatus",7,4.84180173679578e-07,7.8,5.39047166219882e-07
2052836,"Cuspidothrix issatschenkoi",7,4.84180173679578e-07,7.2,5.00914084907215e-07
2109913,"Melaminivora suipulveris",7,4.84180173679578e-07,7.3,5.08189500859298e-07
2559927,"Enterococcus songbeiensis",7,4.84180173679578e-07,6.5,4.47617406915117e-07
5059,"Aspergillus flavus",7,4.84180173679578e-07,9.1,6.27571823534516e-07
2606636,"Bilifractor porci",7,4.84180173679578e-07,7,4.85222767105752e-07
2605781,"Cutibacterium porci",7,4.84180173679578e-07,7.2,5.00569962740929e-07
1202713,"Paenalcaligenes suwonensis",7,4.84180173679578e-07,12,8.27859846834329e-07
2763667,"Wansuia hejianensis",7,4.84180173679578e-07,7.6,5.23598342084888e-07
2763675,"Jilunia laotingensis",7,4.84180173679578e-07,7.7,5.31850860490143e-07
1081040,"Microbacterium murale",7,4.84180173679578e-07,8.7,6.01478834985124e-07
1769424,"Limosilactobacillus caviae",7,4.84180173679578e-07,7,4.84180240659714e-07
658225,"Sphingomonas glacialis",7,4.84180173679578e-07,7,4.85931356538222e-07
77635,"Bifidobacterium subtile",7,4.84180173679578e-07,8,5.53911612948606e-07
2841504,"Dysosmobacter acutus",7,4.84180173679578e-07,7.8,5.3736750520654e-07
2963283,"Stenotrophomonas muris",7,4.84180173679578e-07,7,4.84180240659714e-07
2972466,"Tractidigestivibacter montrealensis",7,4.84180173679578e-07,7,4.85896464249754e-07
5083,"Penicillium canescens",7,4.84180173679578e-07,7.3,5.08068315833955e-07
3079305,"Veillonella absiana",7,4.84180173679578e-07,7.6,5.28422504593552e-07
650003,"Vibrio paracholerae",7,4.84180173679578e-07,6.3,4.35110680988078e-07
3152360,"Devosia alba",7,4.84180173679578e-07,7.7,5.31757100201236e-07
358743,"Enterocloster citroniae",7,4.84180173679578e-07,7.3,5.03698505098662e-07
1994,"Actinomadura rugatobispora",7,4.84180173679578e-07,8.1,5.59207942602278e-07
2736608,"Streptococcus thalassemiae",7,4.84180173679578e-07,7.3,5.05210345108169e-07
83526,"Companilactobacillus paralimentarius",7,4.84180173679578e-07,7.9,5.47375589740256e-07
67593,"Phytophthora sojae",6,4.15011577439639e-07,6.3,4.33595929653312e-07
887899,"Mobiluncus holmesii",6,4.15011577439639e-07,6,4.17952731649056e-07
762967,"Sutterella parvirubra",6,4.15011577439639e-07,6.2,4.2564430382458e-07
1095770,"Peptoniphilus timonensis",6,4.15011577439639e-07,5.2,3.5677581850973e-07
999415,"Eggerthia catenaformis",6,4.15011577439639e-07,5.1,3.49911877668133e-07
1120978,"Allofustis seminis",6,4.15011577439639e-07,8.6,5.92075066425661e-07
1123302,"Streptococcus entericus",6,4.15011577439639e-07,7.3,5.08232793726163e-07
78343,"Bifidobacterium boum",6,4.15011577439639e-07,6.4,4.43749476878862e-07
1549748,"Kiloniella litopenaei",6,4.15011577439639e-07,6.7,4.64067697957078e-07
332949,"Enterococcus silesiacus",6,4.15011577439639e-07,6.4,4.4050214983441e-07
1834191,"Candidatus Enterococcus testudinis",6,4.15011577439639e-07,6.6,4.57584389467032e-07
987063,"Pseudoscardovia suis",6,4.15011577439639e-07,6,4.15016706324206e-07
61171,"Holdemania filiformis",6,4.15011577439639e-07,7.3,5.05999868592258e-07
39496,"Eubacterium ventriosum",6,4.15011577439639e-07,6.7,4.61057702961177e-07
2486020,"Levilactobacillus angrenensis",6,4.15011577439639e-07,5.3,3.67850967332678e-07
1796618,"Cuneatibacter caecimuris",6,4.15011577439639e-07,6.3,4.35560026021111e-07
2510188,"Campylobacter taeniopygiae",6,4.15011577439639e-07,5.3,3.69088730784181e-07
2589788,"Streptococcus xiaochunlingii",6,4.15011577439639e-07,6.2,4.31503722104606e-07
2605433,"Sphingobacterium phlebotomi",6,4.15011577439639e-07,5.8,3.9974108157031e-07
2607659,"Nocardioides antri",6,4.15011577439639e-07,6.1,4.21155588508567e-07
84135,"Gemella sanguinis",6,4.15011577439639e-07,5.8,4.00020986219876e-07
2762212,"Phocaeicola intestinalis",6,4.15011577439639e-07,6.3,4.36461835363393e-07
93378,"Edwardsiella hoshinae",6,4.15011577439639e-07,6.4,4.42123010902358e-07
2815326,"Candidatus Enterococcus ikei",6,4.15011577439639e-07,5.9,4.10256098441895e-07
2815324,"Candidatus Enterococcus ferrettii",6,4.15011577439639e-07,6.2,4.30450635913132e-07
2708345,"Planococcus sp. MSAK28401",6,4.15011577439639e-07,10,6.90870287798106e-07
2697499,"Dietzia massiliensis",6,4.15011577439639e-07,6,4.16724682810118e-07
46124,"Granulicatella adiacens",6,4.15011577439639e-07,6,4.15493203785016e-07
2908007,"Vibrio floridensis",6,4.15011577439639e-07,7.8,5.41515006169943e-07
2919913,"Shinella sedimenti",6,4.15011577439639e-07,5.6,3.83980516682867e-07
1505757,"Siccibacter colletis",6,4.15011577439639e-07,5.3,3.67143726123625e-07
1437816,"Methylopila turkensis",6,4.15011577439639e-07,6.5,4.47759824335037e-07
3112843,"Pseudocitrobacter cyperus",6,4.15011577439639e-07,6,4.15045526393809e-07
152335,"Paucilactobacillus suebicus",6,4.15011577439639e-07,10.8,7.49478961118812e-07
2797505,"Enterobacter vonholyi",6,4.15011577439639e-07,7.8,5.41077007786873e-07
40519,"Ruminococcus callidus",6,4.15011577439639e-07,6.5,4.50082597953857e-07
1243002,"Vibrio olivae",6,4.15011577439639e-07,6,4.16747093391029e-07
762845,"Enterococcus rivorum",6,4.15011577439639e-07,6,4.15180031080927e-07
1675036,"Megasphaera hexanoica",6,4.15011577439639e-07,6.9,4.7978049979604e-07
1871019,"Enorma phocaeensis",6,4.15011577439639e-07,6.9,4.74779120575498e-07
1926283,"Lachnoclostridium edouardi",6,4.15011577439639e-07,6.1,4.19269382454225e-07
2086583,"Pseudoruminococcus massiliensis",6,4.15011577439639e-07,5.8,4.01027517768389e-07
28130,"Prevotella disiens",6,4.15011577439639e-07,5.2,3.62604978174546e-07
762982,"Paraprevotella xylaniphila",6,4.15011577439639e-07,6,4.15568990177028e-07
2109647,"Rothia nasisuis",6,4.15011577439639e-07,6,4.15011673889367e-07
1852381,"Duodenibacillus massiliensis",6,4.15011577439639e-07,6.1,4.19012205443185e-07
500635,"Mitsuokella multacida",5,3.45842981199699e-07,5,3.46267067615062e-07
1194083,"Nostocoides japonicum",5,3.45842981199699e-07,5,3.46617932271695e-07
1871111,"Acinetobacter defluvii",5,3.45842981199699e-07,5.8,3.98588354225568e-07
1561,"Clostridium baratii",5,3.45842981199699e-07,5,3.42662938752832e-07
2020506,"Tetzosporium hominis",5,3.45842981199699e-07,5.8,3.99631773132747e-07
182773,"Clostridium isatidis",5,3.45842981199699e-07,5.2,3.5781100118631e-07
1310,"Streptococcus sobrinus",5,3.45842981199699e-07,5.4,3.7363665593352e-07
1448315,"Aspergillus uvarum",5,3.45842981199699e-07,5,3.45843057365391e-07
1034346,"Dielma fastidiosa",5,3.45842981199699e-07,5.9,4.07271404424736e-07
290335,"Tetragenococcus koreensis",5,3.45842981199699e-07,5.7,3.92663308203763e-07
2529382,"Enterobacter quasihormaechei",5,3.45842981199699e-07,5.3,3.65599620651102e-07
2510190,"Campylobacter aviculae",5,3.45842981199699e-07,5.3,3.68694392591752e-07
2607660,"Nocardioides humilatus",5,3.45842981199699e-07,4.8,3.32275659465265e-07
2606709,"Baileyella intestinalis",5,3.45842981199699e-07,5,3.44657527797697e-07
2763015,"Alistipes hominis",5,3.45842981199699e-07,5.3,3.69796054586143e-07
67296,"Streptomyces finlayi",5,3.45842981199699e-07,5.1,3.49925453479209e-07
1256514,"Novosphingobium arvoryzae",5,3.45842981199699e-07,5,3.45937352744341e-07
2779518,"Blautia liquoris",5,3.45842981199699e-07,5.5,3.77250926768482e-07
361500,"Anaerococcus degeneri",5,3.45842981199699e-07,8.1,5.60012618675732e-07
2949651,"Parabacteroides sp. TA-V-105",5,3.45842981199699e-07,5.7,3.97021938710237e-07
2838522,"Candidatus Collinsella stercoripullorum",5,3.45842981199699e-07,5,3.47593015126858e-07
2606708,"Mogibacterium kristiansenii",5,3.45842981199699e-07,5.1,3.51532072226785e-07
1134781,"Methylopila musalis",5,3.45842981199699e-07,6.2,4.31724554743599e-07
2941327,"Flintibacter muris",5,3.45842981199699e-07,5.1,3.51043803184018e-07
2941329,"Lactococcus ileimucosae",5,3.45842981199699e-07,5.1,3.50072853605344e-07
862517,"Peptoniphilus duerdenii",4,2.76674384959759e-07,4.2,2.92110930697271e-07
626523,"Shuttleworthella satelles",4,2.76674384959759e-07,3.8,2.65818442314978e-07
796942,"Stomatobaculum longum",4,2.76674384959759e-07,4,2.73715330106486e-07
868129,"Prevotella bivia",4,2.76674384959759e-07,4.9,3.41255715288039e-07
1117379,"Neobacillus bataviensis",4,2.76674384959759e-07,3.9,2.69914337459553e-07
1095768,"Phytobacter massiliensis",4,2.76674384959759e-07,4,2.77259698724291e-07
1139219,"Enterococcus dispar",4,2.76674384959759e-07,4.3,2.94861200196394e-07
1177154,"Alcanivorax nanhaiticus",4,2.76674384959759e-07,4.3,2.98086968523979e-07
1650662,"Desnuesiella massiliensis",4,2.76674384959759e-07,2.6,1.7696805772593e-07
1423812,"Liquorilactobacillus uvarum",4,2.76674384959759e-07,5.4,3.73237380617648e-07
1423782,"Limosilactobacillus panis",4,2.76674384959759e-07,6.3,4.33782272895709e-07
1945634,"Butyricicoccus porcorum",4,2.76674384959759e-07,4.9,3.40939874759056e-07
1905142,"Amycolatopsis vastitatis",4,2.76674384959759e-07,4,2.76688676399682e-07
61647,"Pluralibacter gergoviae",4,2.76674384959759e-07,4.2,2.88893203365609e-07
1547597,"Sanguibacteroides justesenii",4,2.76674384959759e-07,4,2.76895328712266e-07
2487520,"Phytopseudomonas dryadis",4,2.76674384959759e-07,4,2.77432690024262e-07
2547833,"Palleronia sediminis",4,2.76674384959759e-07,4,2.78882785671032e-07
3032872,"Petralouisia muris",4,2.76674384959759e-07,4,2.77887501976606e-07
1457217,"Lactiplantibacillus plajomi",4,2.76674384959759e-07,5.1,3.55005572202588e-07
1333651,"Bifidobacterium moukalabense",4,2.76674384959759e-07,4.4,3.02942775386392e-07
665913,"Mixta calida",4,2.76674384959759e-07,4.9,3.38658932510831e-07
1506151,"Aspergillus pseudonomiae",4,2.76674384959759e-07,3.8,2.59713786609775e-07
33962,"Lentilactobacillus kefiri",4,2.76674384959759e-07,4.7,3.24830151751159e-07
2607663,"Yersinia canariae",4,2.76674384959759e-07,3.7,2.53388341368179e-07
180957,"Pectobacterium brasiliense",4,2.76674384959759e-07,3.6,2.48667735456712e-07
708087,"Cyclobacterium jeungdonense",4,2.76674384959759e-07,4,2.76781348085236e-07
393006,"Tamlana crocina",4,2.76674384959759e-07,4.3,2.98783939541409e-07
33959,"Lactobacillus johnsonii",4,2.76674384959759e-07,3.9,2.69160041935541e-07
1485586,"Streptomyces calidiresistens",4,2.76674384959759e-07,4,2.76689982753445e-07
2763066,"Ruminococcus intestinalis",4,2.76674384959759e-07,4.1,2.80701330714127e-07
2762243,"Limosilactobacillus avistercoris",4,2.76674384959759e-07,4.3,2.98717218906003e-07
2799636,"Catonella massiliensis",4,2.76674384959759e-07,4.2,2.87774393011503e-07
2799570,"Levilactobacillus andaensis",4,2.76674384959759e-07,5.5,3.798234935052e-07
2819233,"Microvirga antarctica",4,2.76674384959759e-07,4,2.77121142675675e-07
28114,"Porphyromonas levii",4,2.76674384959759e-07,4,2.76798432719343e-07
69218,"Enterobacter cancerogenus",4,2.76674384959759e-07,5,3.46208836429651e-07
1032242,"Campylobacter molothri",4,2.76674384959759e-07,4.2,2.91838747436824e-07
3044279,"Massilia hydrophila",4,2.76674384959759e-07,4,2.76674423234122e-07
938288,"Fenollaria massiliensis",4,2.76674384959759e-07,4,2.77692436490312e-07
255519,"Atlantibacter subterraneus",4,2.76674384959759e-07,3.5,2.4396159370865e-07
2838470,"Candidatus Bacteroides intestinigallinarum",4,2.76674384959759e-07,4.1,2.81831976395679e-07
1211813,"Alistipes ihumii",4,2.76674384959759e-07,4.4,3.01922440614354e-07
2981725,"Brotonthovivens ammoniilytica",4,2.76674384959759e-07,3.6,2.48421896984742e-07
2981791,"Megasphaera butyrica",4,2.76674384959759e-07,4.3,2.99604612234059e-07
126998,"Penicillium bovifimosum",4,2.76674384959759e-07,4.4,3.05038559676681e-07
203109,"Penicillium manginii",4,2.76674384959759e-07,6,4.17598520699988e-07
3073100,"Candidatus Cetobacterium colombiensis",4,2.76674384959759e-07,4.2,2.92463239334038e-07
3098076,"Streptococcus lingualis",4,2.76674384959759e-07,4.4,3.02559008234046e-07
398758,"Alkalibacterium indicireducens",4,2.76674384959759e-07,4,2.77376933921405e-07
638574,"Nonomuraea rosea",4,2.76674384959759e-07,4.4,3.01197063524473e-07
1715645,"Paracoccus mangrovi",4,2.76674384959759e-07,4,2.76674448629197e-07
1585982,"Citrobacter bitternis",4,2.76674384959759e-07,4.5,3.07850580516077e-07
1841857,"Culturomica massiliensis",4,2.76674384959759e-07,9,6.24647175798946e-07
69824,"Thomasclavelia cocleata",4,2.76674384959759e-07,4,2.76675097138429e-07
1852386,"Thermophilibacter provencensis",4,2.76674384959759e-07,5.2,3.60839901996762e-07
1836972,"Frankia canadensis",4,2.76674384959759e-07,4.4,3.05012997517361e-07
194702,"Cardiobacterium valvarum",4,2.76674384959759e-07,4.1,2.84068760760292e-07
137838,"Clostridium neonatale",4,2.76674384959759e-07,4,2.76674434824069e-07
150055,"Streptococcus lutetiensis",4,2.76674384959759e-07,4,2.77376077248317e-07
533323,"Psychrobacter fulvigenes",4,2.76674384959759e-07,6.4,4.45985557201053e-07
519441,"Streptobacillus moniliformis",3,2.07505788719819e-07,2.5,1.71584143450306e-07
284811,"Eremothecium gossypii",3,2.07505788719819e-07,3.5,2.44644361777309e-07
559292,"Saccharomyces cerevisiae",3,2.07505788719819e-07,4.9,3.39290764393803e-07
445971,"Anaerofustis stercorihominis",3,2.07505788719819e-07,3,2.07505817425592e-07
679200,"Johnsonella ignava",3,2.07505788719819e-07,3.5,2.42410297658804e-07
1118057,"Peptoniphilus grossensis",3,2.07505788719819e-07,2.7,1.90063112702519e-07
1158607,"Enterococcus pallens",3,2.07505788719819e-07,2.6,1.82100019670026e-07
1301100,"Faecalimicrobium dakarense",3,2.07505788719819e-07,3,2.07505835735079e-07
NA,"unknown genome; accession ID isNZ_JHXY01000006.1",3,2.07505788719819e-07,3,2.07505817425592e-07
569365,"Cladophialophora immunda",3,2.07505788719819e-07,3.2,2.19787969940954e-07
5857,"Plasmodium fragile",3,2.07505788719819e-07,3,2.07724813985284e-07
5866,"Babesia bigemina",3,2.07505788719819e-07,4.2,2.91584210617202e-07
1673719,"Anaerococcus jeddahensis",3,2.07505788719819e-07,3,2.04480904674469e-07
312540,"Acidiplasma cupricumulans",3,2.07505788719819e-07,3,2.07505817425592e-07
1720298,"Peptoniphilus phoceensis",3,2.07505788719819e-07,3.4,2.35099447855274e-07
2049356,"Monocercomonoides exilis",3,2.07505788719819e-07,3,2.07505817425592e-07
497725,"Kosakonia oryzae",3,2.07505788719819e-07,2.7,1.88939439725719e-07
375175,"Loigolactobacillus backii",3,2.07505788719819e-07,5.5,3.80494037853979e-07
460523,"Ogataea polymorpha",3,2.07505788719819e-07,3,2.08317770705655e-07
1432052,"Eisenbergiella tayi",3,2.07505788719819e-07,3.3,2.24831191309939e-07
150033,"Enterococcus ratti",3,2.07505788719819e-07,3,2.07605955045218e-07
1423721,"Amylolactobacillus amylophilus",3,2.07505788719819e-07,3.8,2.61903740496376e-07
1960969,"Bifidobacterium criceti",3,2.07505788719819e-07,3,2.07513866580723e-07
1177574,"Prevotella jejuni",3,2.07505788719819e-07,2.3,1.60086503719124e-07
2093828,"Neorhizobium tomejilense",3,2.07505788719819e-07,3,2.07505819415776e-07
190304,"Fusobacterium nucleatum",3,2.07505788719819e-07,2.8,1.96930193871536e-07
1765684,"Sulfoacidibacillus thermotolerans",3,2.07505788719819e-07,3,2.07505817528581e-07
2184082,"Marinifilum breve",3,2.07505788719819e-07,3.4,2.3327891604493e-07
2219045,"Confluentibacter sediminis",3,2.07505788719819e-07,3,2.08931681128678e-07
2014742,"Vibrio tarriae",3,2.07505788719819e-07,4,2.73522281931448e-07
2738,"Vagococcus fluvialis",3,2.07505788719819e-07,3,2.07869846675301e-07
2792979,"Gardnerella swidsinskii",3,2.07505788719819e-07,3,2.07718102539524e-07
1598,"Limosilactobacillus reuteri",3,2.07505788719819e-07,3,2.05337825852545e-07
230658,"Paraeggerthella hongkongensis",3,2.07505788719819e-07,3,2.09289528370384e-07
2306423,"Lactiplantibacillus garii",3,2.07505788719819e-07,4.8,3.34003512156737e-07
2490633,"Streptococcus periodonticum",3,2.07505788719819e-07,3.9,2.66371590518171e-07
2485123,"Photobacterium chitinilyticum",3,2.07505788719819e-07,3,2.08329110605697e-07
1525360,"Hymenobacter wooponensis",3,2.07505788719819e-07,3.4,2.32176421226351e-07
2743610,"Peptacetobacter hominis",3,2.07505788719819e-07,3,2.07654548161051e-07
553385,"Cobetia crustatorum",3,2.07505788719819e-07,3,2.07506320907584e-07
2608684,"Paenibacillus tengchongensis",3,2.07505788719819e-07,3,2.07505989513442e-07
2652293,"Hornefia butyriciproducens",3,2.07505788719819e-07,3.2,2.23465108380674e-07
2606634,"Velocimicrobium porci",3,2.07505788719819e-07,3.7,2.54858080072507e-07
108981,"Acinetobacter schindleri",3,2.07505788719819e-07,3.2,2.24469536383523e-07
577,"Raoultella terrigena",3,2.07505788719819e-07,2.3,1.56340707791419e-07
572010,"Slackia isoflavoniconvertens",3,2.07505788719819e-07,3.2,2.19225807545414e-07
2763013,"Agathobaculum faecis",3,2.07505788719819e-07,2.9,2.03199883111998e-07
2763678,"Youxingia wuxianensis",3,2.07505788719819e-07,2.7,1.84208450611076e-07
67324,"Streptomyces massasporeus",3,2.07505788719819e-07,3,2.07601611376138e-07
90244,"Oligella ureolytica",3,2.07505788719819e-07,3,2.06468458544468e-07
762210,"Bifidobacterium saguini",3,2.07505788719819e-07,3.5,2.42336438474188e-07
2817476,"Bacillus sanguinis",3,2.07505788719819e-07,3,2.08675971244416e-07
2871826,"Symbiopectobacterium purcellii",3,2.07505788719819e-07,2.7,1.88843651210395e-07
472693,"Pantoea eucrina",3,2.07505788719819e-07,3.1,2.12526689841549e-07
102862,"Proteus penneri",3,2.07505788719819e-07,3.2,2.19383777463972e-07
2944914,"Allocoprobacillus halotolerans",3,2.07505788719819e-07,3,2.0750663675685e-07
428126,"Thomasclavelia spiroformis",3,2.07505788719819e-07,3,2.09512637358561e-07
293559,"Penicillium concentricum",3,2.07505788719819e-07,3.2,2.22595983693009e-07
1882272,"Penicillium samsonianum",3,2.07505788719819e-07,3.3,2.2580923693914e-07
NA,"unknown genome; accession ID isNZ_AP028032.1",3,2.07505788719819e-07,3.2,2.1874835601733e-07
1462571,"Bacteroides gallinaceum",3,2.07505788719819e-07,3,2.0873729151387e-07
2996112,"Enterobacter pseudoroggenkampii",3,2.07505788719819e-07,3.1,2.13608416091679e-07
1954250,"Lasiosphaeria miniovina",3,2.07505788719819e-07,2.5,1.75588195139257e-07
1505588,"Brenneria populi",3,2.07505788719819e-07,3,2.07652562223473e-07
3133422,"Flavonifractor porci",3,2.07505788719819e-07,3.9,2.73101165911918e-07
427369,"Streptomonospora halophila",3,2.07505788719819e-07,3.2,2.18357617158197e-07
1691903,"Mangrovibacter phragmitis",3,2.07505788719819e-07,2.9,2.00632229918123e-07
1159753,"Enterococcus eurekensis",3,2.07505788719819e-07,3.4,2.36448105547049e-07
1871035,"Negativibacillus massiliensis",3,2.07505788719819e-07,3.4,2.35503522514553e-07
1970790,"[Lactobacillus] timonensis",3,2.07505788719819e-07,9.9,6.83052713044439e-07
2587528,"Klebsiella spallanzanii",3,2.07505788719819e-07,3,2.08174872972933e-07
1544,"Faecalicatena orotica",3,2.07505788719819e-07,3,2.09959497027991e-07
2941507,"Senimuribacter intestinalis",3,2.07505788719819e-07,3.3,2.26598632152695e-07
2094020,"Trichococcus shcherbakoviae",3,2.07505788719819e-07,3,2.07505817425592e-07
2686067,"Fusobacterium watanabei",3,2.07505788719819e-07,3.1,2.11860409342795e-07
645133,"Colletotrichum graminicola",2,1.3833719247988e-07,2,1.38618824027673e-07
53442,"Eubacterium callanderi",2,1.3833719247988e-07,2.1,1.44273855111437e-07
929439,"Leishmania mexicana",2,1.3833719247988e-07,2.1,1.45197681188324e-07
100884,"Coprobacillus cateniformis",2,1.3833719247988e-07,2.5,1.75025835611761e-07
1123279,"Spongiibacter tropicus",2,1.3833719247988e-07,2.2,1.52935662061684e-07
1237626,"Plasmodium inui",2,1.3833719247988e-07,2,1.38349010472431e-07
318464,"Clostridium sulfidigenes",2,1.3833719247988e-07,2.6,1.78333769858817e-07
1435463,"Bifidobacterium porcinum",2,1.3833719247988e-07,2.4,1.66695341609995e-07
1577792,"Terrisporobacter othiniensis",2,1.3833719247988e-07,2.4,1.65123760482886e-07
1423749,"Limosilactobacillus gastricus",2,1.3833719247988e-07,2.8,1.94854912680633e-07
1423795,"Lentilactobacillus rapi",2,1.3833719247988e-07,2.1,1.47320133988584e-07
1673722,"Actinomyces ihuae",2,1.3833719247988e-07,2,1.38354401183635e-07
1218092,"Enterococcus pseudoavium",2,1.3833719247988e-07,2,1.41165825628812e-07
1081104,"Cordyceps fumosorosea",2,1.3833719247988e-07,2.3,1.58855523195598e-07
1354253,"Buttiauxella gaviniae",2,1.3833719247988e-07,2.6,1.80970363845098e-07
1655433,"Candidatus Thiodiazotropha endolucinida",2,1.3833719247988e-07,2.6,1.77588725723122e-07
28898,"Campylobacter helveticus",2,1.3833719247988e-07,2,1.38515306784255e-07
501571,"Butyricicoccus pullicaecorum",2,1.3833719247988e-07,2,1.38606298154489e-07
1122154,"Pseudolactococcus chungangensis",2,1.3833719247988e-07,2.2,1.48785141905177e-07
1655491,"Leeuwenhoekiella nanhaiensis",2,1.3833719247988e-07,2.6,1.79547786881295e-07
28119,"Bacteroides zoogleoformans",2,1.3833719247988e-07,2,1.39924865676167e-07
2670374,"Jiangella anatolica",2,1.3833719247988e-07,2,1.38364903521198e-07
471189,"Gordonibacter pamelaeae",2,1.3833719247988e-07,2,1.38340173993456e-07
2448162,"Haliea alexandrii",2,1.3833719247988e-07,2.3,1.62165360273605e-07
3038144,"Muribaculum caecicola",2,1.3833719247988e-07,2,1.4071332027004e-07
879819,"Cutaneotrichosporon oleaginosum",2,1.3833719247988e-07,2.6,1.78886531062318e-07
2055836,"Natronococcus pandeyae",2,1.3833719247988e-07,2.8,1.9396079485913e-07
2584183,"Companilactobacillus halodurans",2,1.3833719247988e-07,2.7,1.83612726274319e-07
2606615,"Enorma shizhengliae",2,1.3833719247988e-07,2.2,1.49039427022287e-07
2716335,"Falsiroseomonas selenitidurans",2,1.3833719247988e-07,2.2,1.49159006534637e-07
2740817,"Paramixta manurensis",2,1.3833719247988e-07,2.2,1.5058935002356e-07
121627,"Talaromyces rugulosus",2,1.3833719247988e-07,2.1,1.47486547252785e-07
472694,"Pantoea brenneri",2,1.3833719247988e-07,2,1.38817811733735e-07
2713603,"Listeria cossartiae",2,1.3833719247988e-07,2.2,1.49422072154725e-07
2763026,"Blautia celeris",2,1.3833719247988e-07,1.6,1.10417829417604e-07
68193,"Streptomyces djakartensis",2,1.3833719247988e-07,2,1.38337747510777e-07
218936,"Aeromonas simiae",2,1.3833719247988e-07,2.8,1.93167627126093e-07
3029761,"Enterobacter pasteurii",2,1.3833719247988e-07,2.2,1.50308874685211e-07
2784388,"Clostridium vitabionis",2,1.3833719247988e-07,1.7,1.2057067284267e-07
2791986,"Limnobaculum allomyrinae",2,1.3833719247988e-07,2,1.38337211617061e-07
181762,"Psilocybe cubensis",2,1.3833719247988e-07,2.1,1.42053877121812e-07
1544695,"Rosenbergiella collisarenosi",2,1.3833719247988e-07,2,1.38391930977559e-07
548,"Klebsiella aerogenes",2,1.3833719247988e-07,2,1.38525828542072e-07
2796366,"Comamonas fluminis",2,1.3833719247988e-07,2,1.38337211617061e-07
1042133,"Fusarium musae",2,1.3833719247988e-07,2.1,1.46065707955982e-07
5499,"Fulvia fulva",2,1.3833719247988e-07,2,1.38349661367554e-07
65700,"Erwinia tracheiphila",2,1.3833719247988e-07,2,1.38337274132587e-07
2914984,"Brenneria tiliae",2,1.3833719247988e-07,2,1.38337211617061e-07
151781,"Lactobacillus intestinalis",2,1.3833719247988e-07,2.1,1.45876576017702e-07
221027,"Treponema putidum",2,1.3833719247988e-07,2.1,1.45269387969127e-07
2735723,"Turicibacter bilis",2,1.3833719247988e-07,2.1,1.4428802273852e-07
478749,"Marvinbryantia formatexigens",2,1.3833719247988e-07,2,1.38404528754913e-07
1633,"Limosilactobacillus vaginalis",2,1.3833719247988e-07,2,1.41090811667845e-07
2981723,"Aedoeadaptatus acetigenes",2,1.3833719247988e-07,3,2.0767390045489e-07
2981778,"Agathobaculum ammoniilyticum",2,1.3833719247988e-07,2.1,1.45258232460341e-07
2981779,"Anaerostipes amylophilus",2,1.3833719247988e-07,2,1.38766189523832e-07
2951809,"Pseudomonas mercuritolerans",2,1.3833719247988e-07,2.8,1.95968759371796e-07
1131581,"Penicillium argentinense",2,1.3833719247988e-07,2.5,1.71458258847845e-07
189055,"Penicillium canariense",2,1.3833719247988e-07,2,1.39477720219011e-07
63821,"Penicillium daleae",2,1.3833719247988e-07,2.1,1.45532651753937e-07
5074,"Penicillium brevicompactum",2,1.3833719247988e-07,3.1,2.16207955621436e-07
1108849,"Penicillium rubens",2,1.3833719247988e-07,1.8,1.27930333402401e-07
268346,"Penicillium mononematosum",2,1.3833719247988e-07,2.1,1.43292635867355e-07
1194168,"Comamonas jiangduensis",2,1.3833719247988e-07,2.6,1.82502879984431e-07
3034648,"Proteus appendicitidis",2,1.3833719247988e-07,2,1.38356636040875e-07
1392775,"Flavobacterium paronense",2,1.3833719247988e-07,2,1.38337220138562e-07
114528,"Mogibacterium neglectum",2,1.3833719247988e-07,2.4,1.65031738053902e-07
507751,"Peptoniphilus koenoeneniae",2,1.3833719247988e-07,2,1.35219686593693e-07
92490,"Winslowiella toletana",2,1.3833719247988e-07,2.4,1.67390827544811e-07
3044578,"Clostridium lamae",2,1.3833719247988e-07,2.4,1.64127155800844e-07
2529381,"Enterobacter wuhouensis",2,1.3833719247988e-07,5.5,3.80875496743326e-07
1550,"Clostridium subterminale",2,1.3833719247988e-07,2,1.38416201302338e-07
280238,"Nocardiopsis rhodophaea",2,1.3833719247988e-07,2.1,1.43229767565766e-07
66882,"Streptomyces cuspidosporus",2,1.3833719247988e-07,2,1.38337259160596e-07
5088,"Thermoascus crustaceus",2,1.3833719247988e-07,2,1.38337220557443e-07
29389,"Streptococcus alactolyticus",2,1.3833719247988e-07,2.1,1.44513363882555e-07
29374,"Filifactor villosus",2,1.3833719247988e-07,2,1.39012204546748e-07
1107316,"Neisseria oralis",2,1.3833719247988e-07,2,1.38337213785303e-07
3238988,"Enterococcus hailinensis",2,1.3833719247988e-07,3.3,2.30826733314769e-07
1755099,"Pseudenterobacter timonensis",2,1.3833719247988e-07,2.2,1.51247757778798e-07
56449,"Xanthomonas bromi",2,1.3833719247988e-07,2,1.38337211617061e-07
1852364,"Enterococcus timonensis",2,1.3833719247988e-07,3,2.04694426857968e-07
1871002,"Acidaminococcus timonensis",2,1.3833719247988e-07,2,1.38357239010907e-07
1852384,"Massiliimalia massiliensis",2,1.3833719247988e-07,2,1.39862756607257e-07
1122219,"Megasphaera cerevisiae",2,1.3833719247988e-07,2,1.38485910369016e-07
1643,"Listeria welshimeri",2,1.3833719247988e-07,2.4,1.68231367974538e-07
1852371,"Raoultibacter massiliensis",2,1.3833719247988e-07,2,1.38353956872612e-07
2057797,"Anaerococcus marasmi",2,1.3833719247988e-07,3,2.04860569962614e-07
881260,"Enterobacter bugandensis",2,1.3833719247988e-07,2.6,1.79905770918923e-07
674,"Vibrio mimicus",2,1.3833719247988e-07,2,1.38428303213143e-07
1870985,"Arabiibacter massiliensis",2,1.3833719247988e-07,2,1.38360059078648e-07
2070686,"Enteroscipio rubneri",2,1.3833719247988e-07,2.3,1.56623935410311e-07
3066235,"Arsenophonus endosymbiont of Crataerina pallida",2,1.3833719247988e-07,1.7,1.17013564497862e-07
1704076,"Levilactobacillus cerevisiae",2,1.3833719247988e-07,2.3,1.5716547618778e-07
579405,"Musicola paradisiaca",1,6.91685962399398e-08,1,6.91686669824351e-08
525919,"Anaerococcus prevotii",1,6.91685962399398e-08,1.2,8.63402831901373e-08
591001,"Acidaminococcus fermentans",1,6.91685962399398e-08,1,6.91717717125409e-08
321614,"Parastagonospora nodorum",1,6.91685962399398e-08,0.9,6.36724974786375e-08
596315,"Peptostreptococcus stomatis",1,6.91685962399398e-08,1,7.0233602251018e-08
246409,"Rhizopus delemar",1,6.91685962399398e-08,1,6.91686058085306e-08
592026,"Catonella morbi",1,6.91685962399398e-08,1.2,8.31360564438879e-08
5888,"Paramecium tetraurelia",1,6.91685962399398e-08,1,6.91686058085306e-08
367775,"Cryptococcus gattii",1,6.91685962399398e-08,1,6.91686396748486e-08
888746,"Streptococcus peroris",1,6.91685962399398e-08,1.3,8.90159030366568e-08
873447,"Streptococcus parauberis",1,6.91685962399398e-08,1.1,7.36246331204275e-08
435830,"Actinomyces graevenitzii",1,6.91685962399398e-08,1,7.15412738825876e-08
883114,"Helcococcus kunzii",1,6.91685962399398e-08,1,6.91686058085306e-08
667120,"Edwardsiella anguillarum",1,6.91685962399398e-08,2,1.37480917068521e-07
562743,"Amphibacillus jilinensis",1,6.91685962399398e-08,1,7.03432239797133e-08
1118060,"Enorma massiliensis",1,6.91685962399398e-08,1.1,7.45759649285759e-08
938293,"Anaerococcus provencensis",1,6.91685962399398e-08,1.2,8.05969397474312e-08
383855,"Pseudocercospora fijiensis",1,6.91685962399398e-08,1,6.91686058085306e-08
1121914,"Gemella cuniculi",1,6.91685962399398e-08,1,6.91698028203699e-08
1346791,"Sphingobium ummariense",1,6.91685962399398e-08,1.2,8.30664564684592e-08
1121319,"Clostridium hydrogeniformans",1,6.91685962399398e-08,1.2,8.58496595308136e-08
1410657,"Kandleria vitulina",1,6.91685962399398e-08,1,6.91686484697414e-08
1501230,"Paenibacillus tyrfis",1,6.91685962399398e-08,1.1,7.54827009392828e-08
29471,"Pectobacterium atrosepticum",1,6.91685962399398e-08,1.1,7.78968785422602e-08
231434,"Beijerinckia mobilis",1,6.91685962399398e-08,1,6.91686058085306e-08
575,"Raoultella planticola",1,6.91685962399398e-08,1.1,7.85896996942773e-08
633415,"Aeromonas sanarellii",1,6.91685962399398e-08,1,6.92020648619862e-08
1499683,"Clostridium culturomicium",1,6.91685962399398e-08,1,6.91686058085306e-08
1442370,"Cladophialophora bantiana",1,6.91685962399398e-08,1,6.91686060577437e-08
91928,"Exophiala spinifera",1,6.91685962399398e-08,1,6.91765602031935e-08
908627,"Caballeronia mineralivorans",1,6.91685962399398e-08,1,6.94022709604018e-08
1150461,"Bifidobacterium scardovii",1,6.91685962399398e-08,1,6.91887493630679e-08
1423808,"Lentilactobacillus sunkii",1,6.91685962399398e-08,1.5,1.05527332414594e-07
1423734,"Agrilactobacillus composti",1,6.91685962399398e-08,2.5,1.71109698452519e-07
76857,"Fusobacterium polymorphum",1,6.91685962399398e-08,1.2,8.11639064532475e-08
1652495,"Corynebacterium crudilactis",1,6.91685962399398e-08,1.6,1.08134804699186e-07
1813019,"Campylobacter hepaticus",1,6.91685962399398e-08,1,7.06160881864834e-08
1871336,"Criibacterium bergeronii",1,6.91685962399398e-08,1.1,7.32500503662023e-08
1480615,"Hoeflea olei",1,6.91685962399398e-08,1,6.91688847033315e-08
299767,"Enterobacter ludwigii",1,6.91685962399398e-08,1,6.95561540492494e-08
1835702,"Penicillium arizonense",1,6.91685962399398e-08,1.3,8.96828532529428e-08
249189,"Enterococcus hermanniensis",1,6.91685962399398e-08,1,6.96183211596949e-08
573983,"Moraxella porci",1,6.91685962399398e-08,1.3,8.69591345994127e-08
4999,"Kockovaella imperatae",1,6.91685962399398e-08,1,6.91686058189573e-08
1660073,"Campylobacter porcelli",1,6.91685962399398e-08,1.2,8.53186590181401e-08
1834181,"Candidatus Enterococcus mansonii",1,6.91685962399398e-08,1.3,8.97429418666952e-08
2020949,"Romboutsia weinsteinii",1,6.91685962399398e-08,1,6.91686060200519e-08
417368,"Enterococcus thailandicus",1,6.91685962399398e-08,1,7.09248732082073e-08
1714681,"Secundilactobacillus silagincola",1,6.91685962399398e-08,1.2,7.95864209084615e-08
1392250,"Aspergillus steynii",1,6.91685962399398e-08,1.1,7.68278573739895e-08
1458355,"Mixta theicola",1,6.91685962399398e-08,1,6.91688217529337e-08
2022662,"Superficieibacter electus",1,6.91685962399398e-08,1.4,9.56038856249664e-08
1266046,"Aurantibacter aestuarii",1,6.91685962399398e-08,0.3,2.30562019361769e-08
2072017,"Nocardioides allogilvus",1,6.91685962399398e-08,1,6.91686058558462e-08
204038,"Dickeya dadantii",1,6.91685962399398e-08,1.6,1.0946431398873e-07
1448316,"Aspergillus ibericus",1,6.91685962399398e-08,1,6.91686117817595e-08
2066479,"Pectobacterium peruviense",1,6.91685962399398e-08,1,6.91686058085306e-08
2201324,"Mucilaginibacter hurinus",1,6.91685962399398e-08,1,6.91686329498432e-08
2259592,"Jannaschia formosa",1,6.91685962399398e-08,1.4,9.4929501274936e-08
1220188,"Aspergillus tanneri",1,6.91685962399398e-08,1,7.10269395628998e-08
2305467,"Henriciella mobilis",1,6.91685962399398e-08,0.3,2.30562019361769e-08
2306998,"Flagellimonas pelagia",1,6.91685962399398e-08,0.3,2.30562019361769e-08
2315334,"Helicobacter burdigaliensis",1,6.91685962399398e-08,1,6.91686058085306e-08
143387,"Fusobacterium necrophorum",1,6.91685962399398e-08,1,6.91759302314815e-08
1290,"Staphylococcus hominis",1,6.91685962399398e-08,1,6.91686058085306e-08
2486000,"Lapidilactobacillus achengensis",1,6.91685962399398e-08,2.1,1.47574785183769e-07
33970,"Melissococcus plutonius",1,6.91685962399398e-08,1,6.99146114099481e-08
1776032,"Hymenobacter gummosus",1,6.91685962399398e-08,1,6.91686058085306e-08
2320868,"Clostridium manihotivorum",1,6.91685962399398e-08,1,6.91686058085306e-08
2305227,"Longirhabdus pacifica",1,6.91685962399398e-08,1.9,1.28023491758241e-07
357233,"Siccibacter turicensis",1,6.91685962399398e-08,1,6.91689949052991e-08
1583,"Weissella confusa",1,6.91685962399398e-08,1,6.91793552320675e-08
2530390,"Muribaculum gordoncarteri",1,6.91685962399398e-08,1,7.06893841020831e-08
2559923,"Secundilactobacillus hailunensis",1,6.91685962399398e-08,1.6,1.08106476284672e-07
2528639,"Mariprofundus erugo",1,6.91685962399398e-08,1,6.92726162706297e-08
2304625,"Colwellia ponticola",1,6.91685962399398e-08,1,6.91687430665616e-08
2594883,"Radiobacillus deserti",1,6.91685962399398e-08,1,6.93296449229982e-08
191770,"Marinilactibacillus psychrotolerans",1,6.91685962399398e-08,1,6.91686058085306e-08
426702,"Alkalibacterium pelagium",1,6.91685962399398e-08,1,6.91686058085306e-08
1379,"Gemella haemolysans",1,6.91685962399398e-08,1,6.91722142996614e-08
2478464,"Enterobacter oligotrophicus",1,6.91685962399398e-08,1.2,8.14325016447824e-08
39493,"Clostridium tarantellae",1,6.91685962399398e-08,1,6.91686058085306e-08
2652282,"Peptostreptococcus porci",1,6.91685962399398e-08,1.2,8.17337836569977e-08
2652285,"Selenomonas montiformis",1,6.91685962399398e-08,1.5,1.04899226503295e-07
2654283,"Microbacterium karelineae",1,6.91685962399398e-08,1.6,1.09105022164448e-07
2916441,"Adlercreutzia rubneri",1,6.91685962399398e-08,1,6.91689979972057e-08
47770,"Lactobacillus crispatus",1,6.91685962399398e-08,1.1,7.5738594716585e-08
1615494,"Mixta intestinalis",1,6.91685962399398e-08,1.2,8.00073202408556e-08
1155073,"Enterococcus diestrammenae",1,6.91685962399398e-08,1.1,7.33450510205626e-08
1605,"Ligilactobacillus animalis",1,6.91685962399398e-08,1,7.1480990866176e-08
619688,"Pseudoxanthomonas jiangsuensis",1,6.91685962399398e-08,1,7.23777573323275e-08
2583452,"Amedibacterium intestinale",1,6.91685962399398e-08,1.1,7.29404689987899e-08
1805431,"Enterococcus saigonensis",1,6.91685962399398e-08,2.1,1.45179966630096e-07
2604158,"Nitratidesulfovibrio liaohensis",1,6.91685962399398e-08,1,6.91686058514527e-08
2204302,"Flavobacterium poyangense",1,6.91685962399398e-08,1,6.91686085233077e-08
2552946,"Cedecea colo",1,6.91685962399398e-08,1.2,8.55814832237783e-08
2675324,"Bifidobacterium olomucense",1,6.91685962399398e-08,1,6.77668618847569e-08
67828,"Citrobacter gillenii",1,6.91685962399398e-08,1,6.98323525704145e-08
2754726,"Corynebacterium haemomassiliense",1,6.91685962399398e-08,1.1,7.72907266032067e-08
2713500,"Listeria farberi",1,6.91685962399398e-08,1.1,7.51718767516468e-08
2763054,"Mediterraneibacter hominis",1,6.91685962399398e-08,1,6.9168709138371e-08
2764712,"Lentihominibacter faecis",1,6.91685962399398e-08,1,6.91692218563465e-08
2763666,"Zhenhengia yiwuensis",1,6.91685962399398e-08,1,6.9168609555243e-08
2763677,"Zongyangia hominis",1,6.91685962399398e-08,1.1,7.69579137668611e-08
1571185,"Marinithermofilum abyssi",1,6.91685962399398e-08,1.1,7.2789972418499e-08
1795310,"Paracoccus acridae",1,6.91685962399398e-08,1,6.91686058085306e-08
66870,"Streptomyces aurantiogriseus",1,6.91685962399398e-08,1,6.91686058085306e-08
2762223,"Clostridium faecium",1,6.91685962399398e-08,1,6.99767100124093e-08
40518,"Ruminococcus bromii",1,6.91685962399398e-08,1,6.91705653429034e-08
2779357,"Thermophilibacter gallinarum",1,6.91685962399398e-08,1,7.21322256335609e-08
1201031,"Pectobacterium aroidearum",1,6.91685962399398e-08,1.2,8.26508378977552e-08
565,"Atlantibacter hermannii",1,6.91685962399398e-08,1.1,7.26273072688859e-08
102684,"Streptococcus infantarius",1,6.91685962399398e-08,1,6.96543776186472e-08
1054,"Ectothiorhodospira shaposhnikovii",1,6.91685962399398e-08,1,6.91686058085306e-08
48586,"Suillus subalutaceus",1,6.91685962399398e-08,1.1,7.84230363389725e-08
285729,"Fusobacterium canifelinum",1,6.91685962399398e-08,1,6.92666824104319e-08
1748967,"Citrobacter cronae",1,6.91685962399398e-08,1.2,8.18817282973378e-08
1816689,"Sutterella massiliensis",1,6.91685962399398e-08,1,7.20305472488928e-08
2230878,"Candidatus Enterococcus mangumiae",1,6.91685962399398e-08,1.1,7.89839148366135e-08
2230877,"Candidatus Enterococcus lowellii",1,6.91685962399398e-08,1.1,7.50122196276201e-08
1159213,"Peptostreptococcus canis",1,6.91685962399398e-08,1.3,8.93451692596562e-08
1547447,"Streptococcus oricebi",1,6.91685962399398e-08,1,6.94364411315075e-08
225991,"Comamonas aquatica",1,6.91685962399398e-08,1,6.91702083452042e-08
2587529,"Klebsiella pasteurii",1,6.91685962399398e-08,1,6.96938902016171e-08
1465809,"Clostridium senegalense",1,6.91685962399398e-08,1,6.91686058085306e-08
2815722,"Nocardia noduli",1,6.91685962399398e-08,1,6.91793382732951e-08
2834434,"Bifidobacterium simiiventris",1,6.91685962399398e-08,1.3,8.80306302233826e-08
2834433,"Bifidobacterium saguinibicoloris",1,6.91685962399398e-08,1,6.91692212699014e-08
2859781,"Clostridium weizhouense",1,6.91685962399398e-08,0.5,3.74414438955645e-08
92637,"Metarhizium acridum",1,6.91685962399398e-08,1,7.12658776444895e-08
1423759,"Liquorilactobacillus hordei",1,6.91685962399398e-08,1.2,8.13928975211266e-08
2864872,"Shewanella nanhaiensis",1,6.91685962399398e-08,1,6.93139432416702e-08
434464,"Leuconostoc holzapfelii",1,6.91685962399398e-08,1,6.92365169589035e-08
2840455,"Deinococcus aquaedulcis",1,6.91685962399398e-08,1,6.97427675826267e-08
932217,"Anaerosalibacter bizertensis",1,6.91685962399398e-08,1,6.91686058085306e-08
36834,"Clostridium celatum",1,6.91685962399398e-08,1.1,7.71799693761628e-08
82989,"Buttiauxella ferragutiae",1,6.91685962399398e-08,1,6.91699865348915e-08
51288,"Kluyvera ascorbata",1,6.91685962399398e-08,1.8,1.22467152961855e-07
1841864,"Marseilla massiliensis",1,6.91685962399398e-08,1,6.91711902130122e-08
504936,"Periweissella beninensis",1,6.91685962399398e-08,1.1,7.49457316180687e-08
232088,"Alternaria arbusti",1,6.91685962399398e-08,1,6.91686058085306e-08
2926520,"Scandinavium manionii",1,6.91685962399398e-08,1,6.92616026347706e-08
3002864,"Methanocorpusculum vombati",1,6.91685962399398e-08,1,6.9756139068857e-08
116970,"Penicillium angulare",1,6.91685962399398e-08,1,6.9746363134561e-08
2819901,"Penicillium diatomitis",1,6.91685962399398e-08,1,7.02944129032696e-08
303699,"Penicillium macrosclerotiorum",1,6.91685962399398e-08,1,7.00914344700813e-08
70096,"Penicillium cinerascens",1,6.91685962399398e-08,1.2,8.04026625150185e-08
3031298,"Limnobacter olei",1,6.91685962399398e-08,1,6.92967980846593e-08
3030016,"Caproicibacterium argilliputei",1,6.91685962399398e-08,1,6.91686300178584e-08
3046670,"Comamonas resistens",1,6.91685962399398e-08,1.1,7.26964490893296e-08
279322,"Cutaneotrichosporon cavernicola",1,6.91685962399398e-08,1.1,7.39642144396204e-08
2713501,"Listeria swaminathanii",1,6.91685962399398e-08,1.2,8.30171383432563e-08
3028082,"Streptococcus suivaginalis",1,6.91685962399398e-08,1,6.97540296120197e-08
664643,"Vibrio plantisponsor",1,6.91685962399398e-08,0.6,4.24919997670768e-08
419007,"Tatumella terrea",1,6.91685962399398e-08,1.4,9.98489334792727e-08
111803,"Actinocorallia longicatena",1,6.91685962399398e-08,1,6.92282635987728e-08
3085167,"Segatella sinensis",1,6.91685962399398e-08,1.4,9.88519383416571e-08
3133178,"Flavonifractor hominis",1,6.91685962399398e-08,1,7.20925818854952e-08
3133165,"Solibaculum intestinale",1,6.91685962399398e-08,1.1,7.60674459891239e-08
411570,"Peptoniphilus olsenii",1,6.91685962399398e-08,1,7.04385644710644e-08
1602169,"Prevotella pectinovora",1,6.91685962399398e-08,1.4,9.54784005682744e-08
1522057,"Micromonospora zhanjiangensis",1,6.91685962399398e-08,1,6.91686058085306e-08
2941330,"Lactococcus muris",1,6.91685962399398e-08,1,6.93160863018984e-08
1643805,"Peptococcus simiae",1,6.91685962399398e-08,1.1,7.30907522788882e-08
1587,"Lactobacillus helveticus",1,6.91685962399398e-08,1.4,9.93148134451878e-08
176160,"Aspergillus ambiguus",1,6.91685962399398e-08,1,6.91686058637503e-08
1810928,"Aspergillus undulatus",1,6.91685962399398e-08,1.1,7.86033842433122e-08
206506,"Kerstersia gyiorum",1,6.91685962399398e-08,1.2,8.38459016409404e-08
1337,"Streptococcus hyointestinalis",1,6.91685962399398e-08,1.8,1.23569144792599e-07
NA,"unknown genome; accession ID isNZ_DAWEQI010000086.1",1,6.91685962399398e-08,1,6.91742501314557e-08
4781,"Plasmopara halstedii",1,6.91685962399398e-08,1,6.91690160924158e-08
1745713,"Bariatricus massiliensis",1,6.91685962399398e-08,1.5,1.03615904757578e-07
1852365,"Fusobacterium massiliense",1,6.91685962399398e-08,1,6.91686058085306e-08
2897707,"Merdimmobilis hominis",1,6.91685962399398e-08,1,6.91697941971622e-08
1903263,"Traorella massiliensis",1,6.91685962399398e-08,1,7.0760074135372e-08
1852370,"Prevotellamassilia timonensis",1,6.91685962399398e-08,1,6.95581225574886e-08
640938,"Trichococcus ilyis",1,6.91685962399398e-08,1,6.92106457788402e-08
36844,"Clostridium homopropionicum",1,6.91685962399398e-08,2.1,1.45472355699653e-07
258723,"Marinilactibacillus piezotolerans",1,6.91685962399398e-08,1.2,8.45205215990451e-08
NA,"unknown genome; accession ID isNZ_LT635475.1",1,6.91685962399398e-08,1.1,7.46128832667089e-08
1121025,"Atopostipes suicloacalis",1,6.91685962399398e-08,1.4,9.48587253800959e-08
29524,"Porphyromonas circumdentaria",1,6.91685962399398e-08,1,6.91686058085306e-08
NA,"unknown genome; accession ID isNZ_LT821227.1",1,6.91685962399398e-08,1,6.96376819166795e-08
1937461,"Collinsella provencensis",1,6.91685962399398e-08,1.2,8.35657159067305e-08
2086575,"Parabacteroides pacaensis",1,6.91685962399398e-08,1,6.91688448108804e-08
54007,"Anaerococcus octavius",1,6.91685962399398e-08,1,6.91686058085306e-08
29382,"Staphylococcus cohnii",1,6.91685962399398e-08,1,6.91686058085306e-08
149016,"Streptococcus urinalis",1,6.91685962399398e-08,1.1,7.29083427261664e-08
633,"Yersinia pseudotuberculosis",1,6.91685962399398e-08,1,6.95359458737583e-08
33033,"Parvimonas micra",1,6.91685962399398e-08,1.3,9.30050590123064e-08
51161,"Actinobacillus delphinicola",1,6.91685962399398e-08,1.1,7.91027381157376e-08
1498,"Hathewaya histolytica",1,6.91685962399398e-08,1,6.91686058085306e-08
2890315,"Yersinia artesiana",1,6.91685962399398e-08,1.3,9.00813540724313e-08
487173,"Dialister succinatiphilus",1,6.91685962399398e-08,1.7,1.1701209827379e-07
2941335,"Odoribacter lunatus",1,6.91685962399398e-08,1.1,7.59286651184897e-08
2941326,"Alistipes muris",1,6.91685962399398e-08,1,6.91695718624225e-08
50718,"Vibrio mytili",1,6.91685962399398e-08,1,6.99254681977839e-08
