"TaxonomyID","Genome","read_count","Proportion","readsEM","EMProportion"
3030638,"Faecalibacterium taiwanense",2287333,0.171960440271918,2273294.9,0.17090510172859
2838470,"Candidatus Bacteroides intestinigallinarum",1303169,0.0979715305942402,1268564.5,0.0953700064175653
39491,"Agathobacter rectalis",1027022,0.0772109506088295,1027190.6,0.0772236431087953
330879,"Aspergillus fumigatus",871292,0.0655032546312234,871291.3,0.0655032151637615
717959,"Alistipes shahii",548982,0.0412721656275488,548191.5,0.0412127432840755
649756,"Anaerostipes hadrus",526686,0.0395959645775475,526607.6,0.039590081611916
626937,"Christensenella minuta",495610,0.0372596879436292,500418.3,0.0376211855147186
239935,"Akkermansia muciniphila",412339,0.030999419840173,412322.3,0.0309981697373742
411459,"Blautia obeum",376282,0.0282886743584768,375800.5,0.028252481381993
1186058,"Trichosporon asahii",329996,0.024808918267682,329996,0.0248089238630331
1851429,"Christensenella intestinihominis",299787,0.0225378222181893,295234.7,0.0221955908626941
823,"Parabacteroides distasonis",288394,0.0216813027275782,287997.2,0.0216514792657257
28116,"Bacteroides ovatus",258210,0.0194120861643722,285903.6,0.0214940824467974
1507512,"Romboutsia hominis",249876,0.0187855406158114,249875.9,0.0187855365194631
3133157,"Faecalibacterium faecis",226767,0.017048218671764,231700.8,0.0174191464006573
36656,"Penicillium crustosum",220952,0.0166110501614592,220926.7,0.0166091513591001
357441,"Enterococcus lactis",199925,0.0150302518353747,199501.9,0.0149984468077824
5480,"Candida parapsilosis",186333,0.0140084127309785,186333,0.0140084158903645
341663,"Aspergillus terreus",164250,0.0123482249041406,164250.5,0.0123482615732408
187327,"Acidaminococcus intestini",129816,0.00975949567218211,129643.2,0.0097465089297469
1196081,"Talaromyces amestolkiae",120268,0.00904168226953532,120268.1,0.00904168903397744
1121129,"Butyricimonas synergistica",120235,0.00903920134763678,120238.7,0.00903947837436066
357276,"Phocaeicola dorei",100526,0.00755748953859138,99891.4,0.0075097829228533
2929491,"Faecalibacterium wellingii",99265,0.00746268825028623,95737.6,0.00719750452715125
1150298,"Fusicatenibacter saccharivorans",92979,0.00699011021833842,90389.2,0.006795408522732
1796635,"Longicatena caecimuris",88129,0.00662548987870322,87703.1,0.00659347308070411
585394,"Roseburia hominis",85882,0.00645656165124749,86036.5,0.0064681774233125
1812935,"Enterobacter roggenkampii",76715,0.00576739161961122,75531,0.00567837964951503
818,"Bacteroides thetaiotaomicron",72479,0.00544893146317932,71770.7,0.00539568237075704
1169293,"Enterococcus faecalis",65964,0.00495913733684461,65963.3,0.00495908459817782
3037989,"Bacteroides vicugnae",64453,0.00484554118567167,69312.5,0.00521087589261787
371601,"Bacteroides xylanisolvens",61852,0.00464999943239514,62187.2,0.00467520135595732
3133156,"Faecalibacterium tardum",61005,0.00458632243699906,58905.1,0.00442845720029861
5076,"Penicillium chrysogenum",60333,0.00453580184561043,60341.8,0.00453646387314782
547043,"Bifidobacterium pseudocatenulatum",56685,0.00426154720664358,56354.3,0.00423668948486967
39486,"Dorea formicigenerans",55917,0.00420380938791372,56013.7,0.00421108243363482
1305,"Streptococcus sanguinis",50294,0.0037810753322913,50284.6,0.00378037168698796
39488,"Anaerobutyricum hallii",49747,0.00373995217233656,50033.3,0.0037614791211195
88431,"Dorea longicatena",41557,0.00312423246478764,36427.3,0.00273858775132999
2935520,"Faecalibacterium hattorii",39261,0.00295162044420982,36771.7,0.00276447534482241
154288,"Turicibacter sanguinis",38410,0.00288764273100785,38410,0.00288764337096714
742726,"Barnesiella intestinihominis",37804,0.00284208398341631,32510.7,0.00244413488567041
1150423,"Bifidobacterium dentium",37617,0.00282802542599121,37767.4,0.00283933423884911
28118,"Odoribacter splanchnicus",36468,0.00274164423625083,36759.6,0.00276356629605408
44742,"Desulfovibrio fairfieldensis",32357,0.00243258151125282,32356.5,0.00243254336480677
1414720,"Clostridium saudiense",30940,0.00232605222851817,30939.5,0.00232601453213932
386585,"Escherichia coli",30730,0.00231026454370922,30423.3,0.00228721035512912
1851428,"Faecalibacterium longum",29013,0.00218118142553321,30767.3,0.00231306915685776
84112,"Eggerthella lenta",27282,0.00205104579503661,27259.9,0.00204938735321936
2751153,"Coprobacter secundus",27245,0.00204826415533217,26898.2,0.0020221940417992
536231,"Roseburia intestinalis",26935,0.00202495852537611,24763.9,0.00186173779485327
61645,"Enterobacter asburiae",26465,0.00198962418318466,27408.6,0.00206056453996243
3435293,"Faecalibacterium langellae",26238,0.0019725584477007,28545.1,0.0021460031509242
563192,"Bilophila wadsworthia",25010,0.0018802380812941,25010,0.00188023831204879
2981789,"Dorea amylophila",23090,0.00173589353446944,25750.5,0.00193590992206357
214856,"Alistipes finegoldii",22883,0.00172033138801491,25976.9,0.00195293138662067
246787,"Bacteroides cellulosilyticus",22578,0.0016974016553162,20465,0.00153854577197629
2881258,"Ruminococcus turbiniformis",21921,0.00164800875569964,21033.3,0.00158127053945927
3133180,"Enterobacter intestinihominis",20591,0.00154802008524297,19808.9,0.00148922503727941
89153,"[Clostridium] hylemonae",19586,0.00147246473651444,18978.5,0.0014267966222081
1353,"Enterococcus gallinarum",19245,0.00144682854356277,19201.8,0.00144358440490943
3133166,"Laedolimicola intestinihominis",18988,0.00142750742453468,20577.9,0.00154703491558398
742742,"Collinsella tanakaei",17980,0.00135172653745173,17979.7,0.00135170757975574
1496,"Clostridioides difficile",17536,0.00131834686099853,17535.9,0.0013183371101391
1851427,"Faecalibacterium butyricigenerans",17288,0.00129970235703368,19805.4,0.00148896133957924
484018,"Phocaeicola plebeius",17224,0.00129489087213953,16927.3,0.0012725878191615
2764325,"[Eubacterium] hominis",17222,0.00129474051323658,16620,0.00124948639948448
483215,"Bacteroides finegoldii",16550,0.00124421992184795,15904.2,0.0011956685643172
2927224,"Akkermansia massiliensis",16385,0.00123181531235521,16401.7,0.00123307268192432
437897,"Megamonas funiformis",15578,0.00117114549501797,15577.8,0.00117112985791441
1352,"Enterococcus faecium",15468,0.00116287575535614,15884.4,0.00119417895577498
858893,"Exophiala dermatitidis",15405,0.00115813944991346,15405,0.00115813971101379
411485,"Faecalibacterium prausnitzii",15019,0.00112912018164558,18497.7,0.00139064728926214
3133499,"Maccoyibacter intestinihominis",14463,0.00108732040662761,17441.7,0.00131126145595636
2981779,"Anaerostipes amylophilus",13048,0.000980941482795897,13261.8,0.000997013558958117
2650157,"Bacteroides zhangwenhongii",12798,0.000962146619928103,13985.4,0.00105141139320329
1297617,"Intestinimonas butyriciproducens",12360,0.000929218020183728,12363,0.000929443413417187
745368,"Gemmiger formicilis",11682,0.000878246352086271,12072.1,0.000907573392346611
2763021,"Bacteroides difficilis",11594,0.000871630560356808,12509.4,0.000940450530645495
225992,"Comamonas kerstersii",11502,0.00086471405082146,11505.8,0.000865001453083869
3133155,"Faecalibacterium intestinale",11472,0.000862458667277324,12025,0.00090403585931305
2763025,"Bacteroides parvus",11187,0.000841032523608039,13536.5,0.0010176686517809
508771,"Toxoplasma gondii",10601,0.00079697736504593,10588.8,0.000796057393001891
435590,"Phocaeicola vulgatus",9870,0.000742021186020501,10338.4,0.000777235012764255
536633,"Blautia glucerasea",9771,0.000734578420324855,10065.6,0.000756724577186857
2881264,"Blautia fusiformis",9533,0.000716685710874715,9229.1,0.000693837185139026
1841868,"Provencibacterium massiliense",9392,0.000706085408217279,8841.2,0.000664675906679864
1502,"Clostridium perfringens",9278,0.000697514950749565,9278.2,0.000697531631059405
371674,"Moryella indoligenes",9048,0.000680223676911195,9083.4,0.0006828853497255
411483,"Faecalibacterium duncaniae",8919,0.000670525527671413,10093.9,0.000758853310514021
2107999,"Lactobacillus paragasseri",8462,0.000636168518349086,8461,0.000636096746617842
445970,"Alistipes putredinis",8080,0.000607449967887097,8396.5,0.000631242996812833
99287,"Salmonella enterica",8073,0.000606923711726799,8072.9,0.000606917099198548
2126740,"Clostridium fessum",7631,0.00057369439417654,7799.3,0.000586345378833368
574930,"Parabacteroides gordonii",7564,0.000568657370927971,9367.5,0.000704245295257202
2650158,"Bacteroides luhongzhouii",7141,0.000536856462955664,7275.4,0.000546959709904631
2981769,"Waltera acetigignens",7074,0.000531819439707095,6486.4,0.00048764254183245
1735,"Holdemanella biformis",7050,0.000530015132871787,6997.5,0.000526069090887613
1650661,"Clostridium phoceensis",6619,0.00049761278928771,6508.3,0.000489287827238805
566552,"Bifidobacterium catenulatum",6502,0.000488816793465583,6200.4,0.000466146140474437
580166,"Oceanibaculum pacificum",6186,0.000465060086800691,5652.3,0.00042493624103879
1121115,"Blautia wexlerae",6005,0.000451452606084408,6335.5,0.000476296127149442
103621,"Actinomyces urogenitalis",5803,0.000436266356887231,5803,0.000436266444364091
1108849,"Penicillium rubens",5765,0.000433409537731326,5779.9,0.000434527300649194
1288121,"Alistipes senegalensis",5718,0.000429876103512181,5066.3,0.000380882611884273
3078042,"Pilosibacter fragilis",5573,0.000418975083048861,5644.1,0.000424318020828533
1912855,"Faecalimonas umbilicata",5180,0.000389429558620689,5025.7,0.000377827479811686
2763678,"Youxingia wuxianensis",5176,0.000389128840814804,5222.1,0.000392592786326773
1354,"Enterococcus hirae",5101,0.000383490381954466,5099.4,0.000383368146499184
195,"Campylobacter coli",4922,0.000370033260141125,4915.1,0.000369511748213986
2763028,"Blautia intestinalis",4897,0.000368153773854346,4452.5,0.000334734711442793
411470,"Mediterraneibacter gnavus",4624,0.000347629783602715,4550.8,0.000342125268937049
2715212,"Bacteroides faecium",4584,0.000344622605543868,4373.6,0.000328804244611846
2585117,"Alistipes onderdonkii",4501,0.000338382711071761,4494.6,0.000337899273993137
1547597,"Sanguibacteroides justesenii",4359,0.000327707228962854,4357.9,0.00032762432373642
2978477,"Eubacterium album",4313,0.00032424897419518,4469,0.000335978746301137
367737,"Aliarcobacter butzleri",4083,0.000306957700356809,4077.2,0.000306519248831728
2779352,"Pseudoflavonifractor gallinarum",4072,0.000306130726390626,4541.5,0.000341424108297424
2763658,"Ligaoa zhengdingensis",3892,0.000292598425125815,3508.6,0.000263772604923463
158836,"Enterobacter hormaechei",3873,0.000291170015547862,4736.4,0.000356080176786771
550,"Enterobacter cloacae",3749,0.000281847763565437,3382.2,0.000254271763096702
1134687,"Klebsiella michiganensis",3715,0.000279291662215417,3675.3,0.000276310803170289
622312,"Roseburia inulinivorans",3709,0.00027884058550659,4570.8,0.000343627800282351
3133152,"Blautia intestinihominis",3681,0.000276735560865397,3381.9,0.000254250544991059
2885348,"Hominifimenecus microfluidus",3629,0.000272826229388896,4622,0.000347478879115818
1360,"Lactococcus lactis",3488,0.00026222592673146,3487.9,0.000262220268135087
3133177,"Bifidobacterium hominis",3457,0.000259895363735853,3537.9,0.000265973989064588
3064195,"Brotocaccenecus cirricatena",3404,0.000255910852807881,3500.9,0.000263193484019289
2763017,"Anaerosacchariphilus hominis",3365,0.000252978854200505,3321.4,0.000249698720599789
169435,"Anaerotruncus colihominis",3341,0.000251174547365197,3388,0.000254704642100178
2447885,"Bacteroides faecalis",3332,0.000250497932301956,3268,0.000245689631397062
674529,"Bacteroides faecis",3091,0.000232379684497403,4209.9,0.000316500158934074
1870993,"Coprococcus phoceensis",3078,0.000231402351628278,3373.2,0.000253595787030431
2590157,"Klebsiella variicola",3051,0.000229372506438556,2495.3,0.000187596901794225
1871006,"Bacteroides congonensis",3045,0.000228921429729729,3280,0.000246586082312743
3098076,"Streptococcus lingualis",3014,0.000226590866734123,2590.7,0.000194766652036653
537006,"Parabacteroides johnsonii",2960,0.000222531176354679,2937.7,0.000220857383942465
2981720,"Bovifimicola ammoniilytica",2855,0.000214637333950206,3095.7,0.000232736309443153
3133172,"Alistipes intestinihominis",2828,0.000212607488760484,3522.1,0.000264788431345729
1653435,"Merdimonas faecis",2737,0.000205766158676607,2959.3,0.000222480700038155
116085,"Coprococcus catus",2681,0.000201556109394221,2945.8,0.000221460096222863
626940,"Phascolarctobacterium succinatutens",2662,0.000200127699816269,2642.3,0.000198646693281407
592978,"Mediterraneibacter faecis",2645,0.000198849649141259,2799.7,0.000210480609490322
328812,"Parabacteroides goldsteinii",2629,0.00019764677791772,2665,0.000200351288736241
624,"Shigella sonnei",2624,0.000197270880660364,2502.5,0.000188137195537137
2763064,"Roseburia zhanii",2563,0.000192684934120623,2845.7,0.000213938098872115
150056,"Mammaliicoccus fleurettii",2531,0.000190279191673545,3064.7,0.000230403185239625
470146,"Coprococcus comes",2493,0.00018742237251764,2867.2,0.000215550909514304
2763047,"Flintibacter faecis",2441,0.000183513041041139,2770.8,0.000208303592524585
2093856,"Butyricimonas faecalis",2430,0.000182686067074956,2794.3,0.000210074459558835
301302,"Roseburia faecis",2382,0.00017907745340434,2620.2,0.000196987826130162
2497436,"Enterobacter quasiroggenkampii",2307,0.000173438994544002,2165,0.000162764892632152
2079531,"Prevotella merdae",2250,0.000169153765810145,2195.6,0.000165061717942463
671267,"Phocaeicola sartorii",2172,0.000163289768595393,2255.2,0.000169543840202158
997894,"Enterocloster bolteae",2007,0.000150885159102649,2404.7,0.000180785146768241
1945634,"Butyricicoccus porcorum",1986,0.000149306390621754,1936.7,0.000145597224757188
1522,"[Clostridium] innocuum",1977,0.000148629775558514,1926.4,0.000144826314250435
2981783,"Blautia acetigignens",1928,0.000144945982436426,2693.8,0.000202516318223171
2885352,"Hominiventricola filiformis",1903,0.000143066496149647,2117.3,0.000159179584124805
1302,"Streptococcus gordonii",1839,0.000138255011255492,1839.5,0.0001382894094764
2364791,"Enterococcus mediterraneensis",1834,0.000137879113998136,1765.7,0.000132745296035781
158877,"Yokenella regensburgei",1796,0.000135022294842231,1796.8,0.000135080992628578
105843,"Anaerobutyricum soehngenii",1761,0.00013239101404074,1966.5,0.000147842529597181
3133153,"Blautia aquisgranensis",1749,0.000131488860623086,2257.1,0.0001696862348496
1796613,"Bacteroides caecimuris",1744,0.00013111296336573,1738.7,0.000130714106101092
2881276,"Fusicatenibacter faecihominis",1721,0.000129383835981893,1946.7,0.000146348314481076
160453,"Enterococcus gilvus",1720,0.000129308656530422,1299.5,9.76973737005794e-05
2981787,"Dorea acetigenes",1710,0.00012855686201571,1752.4,0.000131741010993187
2763670,"Wujia chipingensis",1706,0.000128256144209825,1672.6,0.000125746464840794
1125630,"Klebsiella pneumoniae",1686,0.000126752555180402,2131.5,0.000160246217664922
2763065,"Ruminococcus hominis",1534,0.000115325278556783,1547,0.000116305297428954
5478,"Nakaseomyces glabratus",1524,0.000114573484042071,1524,0.000114573497166671
73098,"Kluyvera georgiana",1507,0.000113295433367061,1498.6,0.000112665934060496
1211819,"Holdemania massiliensis",1483,0.000111491126531753,1629.1,0.000122473364155587
622,"Shigella dysenteriae",1454,0.000109310922439089,1970.5,0.000148137714704115
2219695,"Luxibacter massiliensis",1443,0.000108483948472906,1800.7,0.000135372484557326
2690837,"Eggerthella guodeyinii",1408,0.000105852667671415,1425.4,0.000107163736565018
3142537,"Enterobacter adelaidei",1408,0.000105852667671415,1161.3,8.73045699382519e-05
1871018,"Angelakisella massiliensis",1407,0.000105777488219944,1725.6,0.000129728374604609
39490,"Eubacterium ramulus",1397,0.000105025693705232,1490.1,0.000112025925720289
160404,"Anaerotignum lactatifermentans",1371,0.000103071027966981,1390.6,0.000104544896424296
2529382,"Enterobacter quasihormaechei",1340,0.000100740464971375,1389.7,0.000104473493905682
2981794,"Roseburia amylophila",1323,9.94624142963651e-05,1426.8,0.000107266203545696
1796615,"Blautia caecimuris",1317,9.9011337587538e-05,1416.5,0.000106494724017136
762982,"Paraprevotella xylaniphila",1289,9.69063129463451e-05,1464.2,0.000110079846224566
2949662,"Coprococcus sp. B2-R-112",1248,9.38239554360269e-05,1624.3,0.000122116117116396
2714358,"Pusillibacter faecalis",1229,9.23955458580746e-05,1438.8,0.000108170515324179
2834113,"Alistipes montrealensis",1209,9.08919568286511e-05,1204.8,9.05792558014295e-05
5068,"Aspergillus tubingensis",1196,8.99146239595258e-05,1193.9,8.97587160160556e-05
2797506,"Enterobacter dykesii",1187,8.92380088962852e-05,1290.8,9.70399697095183e-05
2763038,"Clostridium segne",1181,8.87869321874582e-05,1567.9,0.000117870669447842
471870,"Bacteroides intestinalis",1166,8.76592404153905e-05,1192.7,8.96664865414857e-05
2548455,"Clostridium cuniculi",1142,8.58549335800823e-05,1150.7,8.65075485350067e-05
293939,"Aspergillus lentulus",1116,8.39002678418318e-05,1110.1,8.34543777674352e-05
411467,"Pseudoflavonifractor capillosus",1076,8.08930897829847e-05,1068.7,8.03446145381738e-05
1841865,"Mediterranea massiliensis",1064,7.99909363653306e-05,871,6.54841275406418e-05
53345,"Enterococcus durans",1022,7.68333994035413e-05,1100.8,8.27544280279904e-05
1776384,"Emergencia timonensis",1022,7.68333994035413e-05,1086.2,8.16611025548666e-05
3032125,"Neopoerus faecalis",976,7.33751446358672e-05,942.7,7.08746355120782e-05
880074,"Barnesiella viscericola",974,7.32247857329249e-05,858.4,6.45303944735646e-05
1218085,"Citrobacter rodentium",953,7.16460172520302e-05,997.6,7.50011991888516e-05
1033731,"Alistipes timonensis",943,7.08942227373184e-05,926.5,6.96559838450633e-05
210,"Helicobacter pylori",940,7.06686843829049e-05,944.1,7.09759428636678e-05
1408437,"Agathobaculum desmolans",929,6.9841710416722e-05,936.5,7.04072287057914e-05
290052,"Acetivibrio ethanolgignens",925,6.95409926108372e-05,931,6.99885060617402e-05
1681,"Bifidobacterium bifidum",912,6.8563659741712e-05,910.5,6.8449481657259e-05
1982626,"Faecalibacillus intestinalis",911,6.84884802902408e-05,976.7,7.34275375129921e-05
2498453,"Geminicoccus harenae",904,6.79622241299426e-05,751.7,5.65091345123646e-05
89014,"Blautia luti",890,6.69097118093461e-05,1048.5,7.88228758212852e-05
2763664,"Jutongia hominis",886,6.66089940034614e-05,957.3,7.19707569773386e-05
180164,"Blautia schinkii",867,6.51805844255091e-05,952.8,7.1633347226778e-05
2487350,"Aerococcus agrisoli",864,6.49550460710956e-05,886.6,6.66575154674761e-05
760570,"Streptococcus parasanguinis",861,6.4729507716682e-05,917.1,6.89501221077111e-05
2994035,"Sellimonas catena",861,6.4729507716682e-05,1017.9,7.65231297224873e-05
2763056,"Oscillibacter hominis",843,6.33762775902009e-05,871.5,6.55206413436941e-05
3036443,"Streptococcus sp. ST2",835,6.27748419784315e-05,851.4,6.40087926511959e-05
1280689,"Clostridium paraputrificum",834,6.26996625269603e-05,834.1,6.27094062525328e-05
3133158,"Lachnospira intestinalis",833,6.26244830754891e-05,813.3,6.11431779714886e-05
176090,"Streptococcus sinensis",824,6.19478680122485e-05,826.6,6.21446383394985e-05
2024197,"Bacteroides cutis",805,6.05194584342962e-05,754.2,5.66970155979055e-05
258723,"Marinilactibacillus piezotolerans",803,6.03690995313539e-05,755.8,5.68227404613749e-05
2763027,"Blautia difficilis",795,5.97676639195844e-05,852.8,6.41161035507274e-05
2764329,"Paeniclostridium hominis",794,5.96924844681133e-05,670.6,5.04135205671234e-05
2763673,"Yanshouia hominis",782,5.87903310504592e-05,1052.9,7.915791726225e-05
2763066,"Ruminococcus intestinalis",781,5.8715151598988e-05,787,5.91627606036538e-05
997873,"Bacteroides caccae",781,5.8715151598988e-05,865.5,6.50682658484152e-05
2763040,"Dorea hominis",778,5.84896132445745e-05,779.1,5.85730420621289e-05
1122217,"Megamonas rupellensis",770,5.78881776328051e-05,770.1,5.78975767122736e-05
291645,"Bacteroides nordii",768,5.77378187298627e-05,774.8,5.82494485374659e-05
889201,"Streptococcus cristatus",757,5.69108447636798e-05,781.7,5.87671262206696e-05
2026240,"Klebsiella quasivariicola",753,5.66101269577951e-05,824.9,6.201643318799e-05
331117,"Aspergillus fischeri",744,5.59335118945545e-05,755.6,5.6805368635612e-05
1639133,"Citrobacter portucalensis",733,5.51065379283716e-05,727.6,5.47022309807226e-05
2763672,"Simiaoa sunii",716,5.38284872533616e-05,824,6.19453751592391e-05
367928,"Bifidobacterium adolescentis",702,5.27759749327651e-05,711.2,5.34689267287156e-05
2606634,"Velocimicrobium porci",701,5.2700795481294e-05,732,5.50279914673423e-05
3030999,"Enterobacter rongchengensis",697,5.24000776754093e-05,692.6,5.20727989841952e-05
2764327,"Holdemanella hominis",694,5.21745393209957e-05,716.6,5.38715437257582e-05
2714353,"Vescimonas fastidiosa",676,5.08213091945146e-05,704.1,5.2934516979184e-05
1870991,"Massilioclostridium coli",674,5.06709502915722e-05,677.8,5.09545260002028e-05
1805431,"Enterococcus saigonensis",669,5.02950530342163e-05,603.9,4.53996012676793e-05
208962,"Escherichia albertii",664,4.99191557768605e-05,780.9,5.87110077176669e-05
2509240,"Blautia faecicola",647,4.86411051018505e-05,711.8,5.35146952509491e-05
1121098,"Phocaeicola massiliensis",645,4.84907461989081e-05,654.5,4.92033430547557e-05
537011,"Segatella copri",643,4.83403872959658e-05,616.2,4.63233472722304e-05
1121950,"Hespellia stercorisuis",641,4.81900283930234e-05,652.3,4.90401342203569e-05
214851,"Subdoligranulum variabile",629,4.72878749753693e-05,702.5,5.28141935550982e-05
471875,"[Ruminococcus] lactaris",627,4.7137516072427e-05,667.3,5.01690182794157e-05
192222,"Campylobacter jejuni",623,4.68367982665423e-05,629.9,4.73584021300212e-05
2316025,"Mediterraneibacter butyricigenes",620,4.66112599121288e-05,728.2,5.47462325431553e-05
347253,"Streptococcus salivarius",598,4.49573119797629e-05,600.4,4.51344646520351e-05
2981792,"Oscillibacter acetigenes",589,4.42806969165223e-05,592,4.45041509578544e-05
762968,"Paraprevotella clara",587,4.413033801358e-05,643.5,4.83743450711039e-05
1531,"Enterocloster clostridioformis",583,4.38296202076953e-05,739.6,5.56010577046951e-05
45851,"Eshraghiella crossota",581,4.36792613047529e-05,629.6,4.73363012615214e-05
2944915,"Coprobacter tertius",570,4.285228733857e-05,593.6,4.46278113770228e-05
2981773,"Muriventricola aceti",566,4.25515695326853e-05,579.5,4.35699000440551e-05
85831,"Bacteroides acidifaciens",562,4.22508517268006e-05,605.7,4.55349207564319e-05
1118062,"Peptoniphilus obesi",559,4.20253133723871e-05,557.7,4.1927564467707e-05
565042,"Bifidobacterium longum",557,4.18749544694447e-05,557.9,4.1942678114981e-05
2763671,"Jingyaoa shaoxingensis",547,4.1123159954733e-05,600.3,4.51298931007147e-05
1255705,"Bavariicoccus seileri",544,4.08976216003194e-05,706.1,5.30865972835187e-05
3133154,"Coprococcus intestinihominis",543,4.08224421488482e-05,580.6,4.36523464215962e-05
2763045,"Eubacterium segne",539,4.05217243429635e-05,676.9,5.08889556412187e-05
2763032,"Butyricimonas hominis",534,4.01458270856077e-05,557.4,4.19068126394533e-05
3376993,"Vescimonas sanitatis",532,3.99954681826653e-05,687.2,5.1662514943222e-05
1550024,"Ruthenibacterium lactatiformans",525,3.94692120223671e-05,459.4,3.45409000574605e-05
36847,"Anaerotignum neopropionicum",525,3.94692120223671e-05,524.2,3.94108716516657e-05
NA,"unknown genome; accession ID isNZ_LR027382.1",519,3.901813531354e-05,688.9,5.17888754528994e-05
3029761,"Enterobacter pasteurii",515,3.87174175076553e-05,537.7,4.0424968512811e-05
39496,"Eubacterium ventriosum",504,3.78904435414724e-05,535,4.02237487847637e-05
2996112,"Enterobacter pseudoroggenkampii",502,3.77400846385301e-05,504.4,3.7923177877787e-05
1158604,"Enterococcus villorum",489,3.67627517694048e-05,574.8,4.32098953977014e-05
246144,"Enterococcus italicus",477,3.58605983517507e-05,640.9,4.81813827567578e-05
1750560,"Parabacteroides massiliensis",475,3.57102394488083e-05,496.6,3.73326544163906e-05
2763059,"Pseudoflavonifractor hominis",474,3.56350599973371e-05,485.7,3.65147923487212e-05
3133171,"Pseudoflavonifractor intestinihominis",467,3.51088038370389e-05,454.4,3.41599077448878e-05
1177179,"Alcanivorax hongdengensis",462,3.4732906579683e-05,488.3,3.67132644728987e-05
47715,"Lacticaseibacillus rhamnosus",460,3.45825476767407e-05,460,3.45825400848075e-05
1871013,"Parabacteroides timonensis",457,3.43570093223272e-05,455.2,3.42222080762773e-05
1751298,"Mangrovihabitans endophyticus",451,3.39059326135001e-05,445.2,3.34734141150281e-05
2797505,"Enterobacter vonholyi",451,3.39059326135001e-05,493.9,3.71292347072612e-05
2786956,"Phocaeicola faecalis",444,3.33796764532019e-05,446.9,3.36006612153855e-05
3028070,"Claveliimonas bilis",434,3.26278819384901e-05,435.5,3.27392785719152e-05
1972431,"Phytobacter ursingii",433,3.2552702487019e-05,643.7,4.83938853149565e-05
2763042,"Dysosmobacter segnis",433,3.2552702487019e-05,526.7,3.95987216996495e-05
871664,"Blautia stercoris",417,3.13498312634801e-05,440.8,3.31422219544194e-05
1964383,"Varibaculum timonense",417,3.13498312634801e-05,416.9,3.1343577154572e-05
564,"Escherichia fergusonii",416,3.1274651812009e-05,443.4,3.33371970307624e-05
2003188,"Parolsenella catena",410,3.08235751031819e-05,406.1,3.05266308779066e-05
208224,"Enterobacter kobei",406,3.05228572972972e-05,432.5,3.25139965567185e-05
1712515,"Butyricicoccus faecihominis",404,3.03724983943549e-05,461.2,3.46736819982866e-05
2897707,"Merdimmobilis hominis",403,3.02973189428837e-05,428.6,3.22225309422779e-05
150033,"Enterococcus ratti",398,2.99214216855278e-05,398.6,2.99662885290945e-05
1529,"Clostridium cadaveris",398,2.99214216855278e-05,418.4,3.14572894598784e-05
621,"Shigella boydii",390,2.93199860737584e-05,437.8,3.29129361801149e-05
2585118,"Alistipes communis",387,2.90944477193449e-05,403.3,3.03202834632409e-05
880526,"Rikenella microfusus",386,2.90192682678737e-05,409.1,3.07552375861167e-05
2605790,"Roseburia porci",382,2.8718550461989e-05,379.2,2.85048654658883e-05
871325,"Bacteroides faecichinchillae",382,2.8718550461989e-05,388.2,2.91880907259189e-05
2941338,"Streptococcus caecimuris",380,2.85681915590467e-05,587.6,4.4178528757898e-05
5851,"Plasmodium knowlesi",376,2.8267473753162e-05,376.6,2.83106695568183e-05
1602169,"Prevotella pectinovora",375,2.81922943016908e-05,344.3,2.58857427677468e-05
1581472,"Streptococcus panodentis",374,2.81171148502196e-05,373.9,2.81111038062675e-05
1841855,"Bacteroides bouchesdurhonensis",369,2.77412175928637e-05,363.3,2.73135724183108e-05
596329,"Peptostreptococcus anaerobius",368,2.76660381413925e-05,404.6,3.04145884544394e-05
2494701,"Enterobacter chengduensis",362,2.72149614325655e-05,389.4,2.92785965249147e-05
3111861,"Streptococcus gingivalis",361,2.71397819810943e-05,413.4,3.10786745004088e-05
2259674,"Azohydromonas sediminis",357,2.68390641752096e-05,357,2.68391392372146e-05
2951805,"Parabacteroides absconsus",355,2.66887052722673e-05,471,3.54094947494603e-05
2304625,"Colwellia ponticola",352,2.64631669178537e-05,350.8,2.63739291320793e-05
2303987,"Motilimonas pumila",351,2.63879874663826e-05,451.3,3.39298850038138e-05
53346,"Enterococcus mundtii",348,2.6162449111969e-05,349.8,2.63001775292941e-05
2838426,"Candidatus Agathobaculum pullicola",341,2.56361929516708e-05,349.5,2.62729430235562e-05
881260,"Enterobacter bugandensis",333,2.50347573399014e-05,354.5,2.66541061594325e-05
2981771,"Laedolimicola ammoniilytica",325,2.4433321728132e-05,333.8,2.50915438432145e-05
1776379,"Leyella lascolaii",322,2.42077833737185e-05,334.7,2.51625542885749e-05
2608867,"Escherichia ruysiae",320,2.40574244707761e-05,335.3,2.52069392440024e-05
1309,"Streptococcus mutans",319,2.3982245019305e-05,312.6,2.35003905193094e-05
69218,"Enterobacter cancerogenus",317,2.38318861163626e-05,297.7,2.23842409014374e-05
2763062,"Roseburia rectibacter",315,2.36815272134203e-05,336.9,2.53309518896481e-05
2763014,"Agathobaculum hominis",314,2.36063477619491e-05,315.6,2.37252759804957e-05
518634,"Bifidobacterium breve",313,2.35311683104779e-05,328.9,2.47268389462909e-05
1343,"Streptococcus vestibularis",313,2.35311683104779e-05,307,2.3082032433316e-05
3133091,"unknown genome; accession ID isNZ_JBBMER010000003.1",306,2.30049121501797e-05,312.6,2.35023556446034e-05
1259973,"Klebsiella electrica",294,2.21027587325256e-05,304.1,2.28647970284184e-05
253257,"Lacrimispora amygdalina",291,2.1877220378112e-05,292.2,2.19653184123248e-05
2086583,"Pseudoruminococcus massiliensis",287,2.15765025722273e-05,300.1,2.25648315165783e-05
2963284,"Terrisporobacter muris",281,2.11254258634003e-05,398.9,2.99926753721698e-05
310298,"Phocaeicola coprocola",281,2.11254258634003e-05,311.8,2.3439743397718e-05
3133175,"Blautia caccae",281,2.11254258634003e-05,286.3,2.15201563320836e-05
45133,"Lasiodiplodia theobromae",280,2.10502464119291e-05,222,1.6690430359851e-05
2896850,"Phocaeicola oris",279,2.09750669604579e-05,279.4,2.10040660841011e-05
1410646,"Bifidobacterium merycicum",277,2.08247080575156e-05,286.1,2.15061392340321e-05
2763063,"Roseburia yibonii",273,2.05239902516309e-05,320.6,2.40991223558802e-05
3133165,"Solibaculum intestinale",271,2.03736313486885e-05,246,1.84916847702702e-05
1816676,"Alistipes provencensis",270,2.02984518972174e-05,299.5,2.25151453959383e-05
1034346,"Dielma fastidiosa",268,2.0148092994275e-05,273,2.0523771343665e-05
1064535,"Megasphaera elsdenii",260,1.95466573825056e-05,260,1.95465778862827e-05
676,"Vibrio fluvialis",253,1.90204012222074e-05,250.7,1.88450140271698e-05
2941333,"Mediterraneibacter agrestimuris",252,1.89452217707362e-05,260.4,1.95761655491658e-05
1333651,"Bifidobacterium moukalabense",250,1.87948628677939e-05,249.8,1.87804714534368e-05
290055,"Faecalicatena fissicatena",250,1.87948628677939e-05,254.4,1.91253659534844e-05
684066,"Streptococcus lactarius",248,1.86445039648515e-05,245,1.84204995933842e-05
2838947,"Enterobacter quasimori",244,1.83437861589668e-05,266.3,2.00171825627953e-05
449673,"Bacteroides stercoris",242,1.81934272560244e-05,262.8,1.97552712228996e-05
190304,"Fusobacterium nucleatum",241,1.81182478045533e-05,241,1.81145374953242e-05
391612,"Crocosphaera chwakensis",240,1.80430683530821e-05,216.9,1.63040240942793e-05
1366,"Pseudolactococcus raffinolactis",240,1.80430683530821e-05,231.5,1.74033896144439e-05
1912876,"Arcobacter lacus",238,1.78927094501397e-05,243.8,1.83302976031109e-05
2885361,"Brotaphodocola catenula",236,1.77423505471974e-05,292.2,2.19654468869217e-05
28130,"Prevotella disiens",235,1.76671710957262e-05,221.7,1.66654058620987e-05
2981724,"Alitiscatomonas aceti",232,1.74416327413127e-05,243.9,1.83374639378288e-05
1118059,"Kallipyga massiliensis",231,1.73664532898415e-05,231.2,1.73817409612579e-05
387090,"Phocaeicola coprophilus",230,1.72912738383703e-05,255,1.91735438160726e-05
2981782,"Blautia ammoniilytica",229,1.72160943868992e-05,245.1,1.84240698915224e-05
NA,"unknown genome; accession ID isNZ_DAWEQI010000001.1",226,1.69905560324856e-05,226,1.69907858535588e-05
2981774,"Suilimivivens aceti",224,1.68401971295433e-05,224.1,1.68480933064295e-05
655863,"Leptographium clavigerum",222,1.66898382266009e-05,222,1.66898620268096e-05
666,"Vibrio cholerae",221,1.66146587751298e-05,220.8,1.66012221057831e-05
2763023,"Bacteroides hominis",221,1.66146587751298e-05,214.8,1.61459147697727e-05
2594882,"Mediterraneibacter catenae",220,1.65394793236586e-05,221.7,1.66671803495996e-05
2652274,"Eisenbergiella porci",219,1.64642998721874e-05,227.4,1.70994883701496e-05
2497875,"Enterobacter chuandaensis",214,1.60884026148315e-05,214.6,1.61326903793385e-05
3133161,"Ruminococcoides intestinihominis",210,1.57876848089468e-05,201.7,1.51665200868522e-05
1121321,"Asaccharospora irregularis",210,1.57876848089468e-05,237.4,1.78450635464072e-05
29391,"Gemella morbillorum",209,1.57125053574757e-05,210.5,1.58216944906744e-05
2488306,"Pseudocitrobacter vendiensis",209,1.57125053574757e-05,212.7,1.59908263525466e-05
88456,"Cyclospora cayetanensis",208,1.56373259060045e-05,208.1,1.56480863477052e-05
2588991,"Streptococcus symci",203,1.52614286486486e-05,180.2,1.35447273784412e-05
2739389,"Phocaeicola faecicola",200,1.50358902942351e-05,204.1,1.53419524795685e-05
2762213,"Phocaeicola faecium",200,1.50358902942351e-05,246.7,1.85480602120889e-05
2981770,"Gallintestinimicrobium propionicum",197,1.48103519398216e-05,198.6,1.49311837356226e-05
2981772,"Muricoprocola aceti",194,1.4584813585408e-05,209.8,1.57731585957606e-05
208964,"Pseudomonas aeruginosa",193,1.45096341339369e-05,193,1.45076433348598e-05
2763656,"Guopingia tenuis",193,1.45096341339369e-05,194.9,1.46515368865889e-05
2316720,"Corallococcus interemptor",192,1.44344546824657e-05,228.2,1.71550386319042e-05
411468,"[Clostridium] scindens",192,1.44344546824657e-05,176.4,1.32621075653026e-05
324831,"Lactobacillus gasseri",189,1.42089163280522e-05,189,1.42079571661115e-05
1703332,"Butyribacter intestini",189,1.42089163280522e-05,202.4,1.5213904936053e-05
2044573,"Anaerolactibacter massiliensis",189,1.42089163280522e-05,188.9,1.42022752824705e-05
3133164,"Hominiventricola aquisgranensis",188,1.4133736876581e-05,198.2,1.48999357995738e-05
1871008,"Eggerthella timonensis",188,1.4133736876581e-05,187,1.40558450855281e-05
59310,"Streptococcus macedonicus",187,1.40585574251098e-05,214.1,1.60947498354184e-05
2763057,"Parabacteroides hominis",186,1.39833779736386e-05,188.2,1.41474973866883e-05
75553,"Aspergillus viridinutans",186,1.39833779736386e-05,182.8,1.37392200890125e-05
1624,"Ligilactobacillus salivarius",182,1.36826601677539e-05,181.9,1.36737213987182e-05
2981786,"Coprococcus aceti",181,1.36074807162827e-05,180.3,1.35558194947823e-05
NA,"unknown genome; accession ID isNZ_DAWEQI010000003.1",181,1.36074807162827e-05,165,1.24038291701413e-05
89139,"Rasamsonia byssochlamydoides",180,1.35323012648116e-05,179.8,1.35208628148455e-05
2494702,"Enterobacter huaxiensis",178,1.33819423618692e-05,224.1,1.68498254969912e-05
2834112,"Bacteroides propionicigenes",178,1.33819423618692e-05,209.4,1.57454758721962e-05
1841864,"Marseilla massiliensis",177,1.3306762910398e-05,173.2,1.30183153260128e-05
565655,"Enterococcus casseliflavus",174,1.30812245559845e-05,169.8,1.27683731252798e-05
1689270,"Intestinimonas timonensis",174,1.30812245559845e-05,187.1,1.40662326610419e-05
472694,"Pantoea brenneri",173,1.30060451045133e-05,183.2,1.37707486682069e-05
570012,"Shimwellia pseudoproteus",172,1.29308656530422e-05,182.2,1.36990821361695e-05
1206725,"Nocardia brevicatena",171,1.2855686201571e-05,175.8,1.32178095700626e-05
2943492,"Corynebacterium intestinale",171,1.2855686201571e-05,171,1.28556866983992e-05
1841856,"Bacteroides mediterraneensis",171,1.2855686201571e-05,213.3,1.6033009438183e-05
5074,"Penicillium brevicompactum",170,1.27805067500998e-05,167.4,1.25878109367954e-05
268346,"Penicillium mononematosum",170,1.27805067500998e-05,165.8,1.24632280331929e-05
NA,"unknown genome; accession ID isNZ_DAWEQI010000002.1",170,1.27805067500998e-05,172,1.2932356595595e-05
2479838,"Clostridium transplantifaecale",170,1.27805067500998e-05,129.5,9.73281935995403e-06
2587529,"Klebsiella pasteurii",168,1.26301478471575e-05,164.7,1.23799885719716e-05
871327,"Parabacteroides chinchillae",168,1.26301478471575e-05,168.1,1.26393315444253e-05
539813,"Enterobacter mori",167,1.25549683956863e-05,169.5,1.27407436783654e-05
1987383,"Candidatus Enterococcus wittei",166,1.24797889442151e-05,168.8,1.26925147098188e-05
2652276,"Holdemanella porci",165,1.24046094927439e-05,173.6,1.30501193644179e-05
1338,"Streptococcus intermedius",164,1.23294300412728e-05,170,1.27838997127352e-05
203120,"Leuconostoc mesenteroides",163,1.22542505898016e-05,162.7,1.22293830898465e-05
1805714,"Christensenella massiliensis",162,1.21790711383304e-05,165.3,1.24253123685054e-05
2071710,"Enterobacter sichuanensis",161,1.21038916868592e-05,162,1.21800822637448e-05
2764323,"Catenibacterium faecis",160,1.20287122353881e-05,159.6,1.19950591055989e-05
1871024,"Mordavella massiliensis",157,1.18031738809745e-05,187.9,1.4126794889135e-05
272559,"Bacteroides fragilis",155,1.16528149780322e-05,200,1.50393112477855e-05
2606636,"Bilifractor porci",155,1.16528149780322e-05,156.7,1.17791372297413e-05
1871016,"Collinsella phocaeensis",155,1.16528149780322e-05,152.4,1.1459765828616e-05
1347393,"Bacteroides neonati",153,1.15024560750898e-05,157.1,1.18093887655402e-05
33037,"Anaerococcus vaginalis",148,1.1126558817734e-05,142.9,1.07463714953642e-05
NA,"unknown genome; accession ID isNZ_DAWEQI010000006.1",147,1.10513793662628e-05,147,1.10513818587733e-05
290338,"Citrobacter koseri",146,1.09761999147916e-05,149.9,1.12719242148716e-05
2885351,"Hominisplanchenecus faecis",146,1.09761999147916e-05,149.6,1.12487549941472e-05
2172043,"Bifidobacterium tibiigranuli",145,1.09010204633204e-05,171.4,1.28868149163981e-05
61648,"Kluyvera intermedia",145,1.09010204633204e-05,157.5,1.18441898298542e-05
1472417,"Butyricimonas paravirosa",145,1.09010204633204e-05,178.8,1.34452003858788e-05
198214,"Shigella flexneri",144,1.08258410118493e-05,151,1.13553221129171e-05
3095079,"Streptococcus jiangnanensis",143,1.07506615603781e-05,160.4,1.20557466462281e-05
365590,"Shewanella hafniensis",140,1.05251232059646e-05,141.4,1.06320773392229e-05
154046,"Hungatella hathewayi",140,1.05251232059646e-05,140.5,1.05610306592582e-05
3016083,"Phocaeicola acetigenes",140,1.05251232059646e-05,140,1.05256677265133e-05
1499973,"Escherichia marmotae",140,1.05251232059646e-05,141.3,1.06236047473955e-05
33945,"Enterococcus avium",138,1.03747643030222e-05,148.5,1.11605260023812e-05
29466,"Veillonella parvula",138,1.03747643030222e-05,138,1.037476664293e-05
2763668,"Jutongia huaianensis",137,1.0299584851551e-05,138.2,1.03863664075219e-05
2763675,"Jilunia laotingensis",136,1.02244054000799e-05,154.7,1.16302116318255e-05
NA,"unknown genome; accession ID isNZ_DAWEQI010000007.1",136,1.02244054000799e-05,135.4,1.01824275167289e-05
525309,"Limosilactobacillus antri",135,1.01492259486087e-05,135.9,1.02137298992093e-05
3098075,"Streptococcus dentalis",135,1.01492259486087e-05,185.7,1.39625186377657e-05
NA,"unknown genome; accession ID isNZ_DAWEQI010000011.1",135,1.01492259486087e-05,134.9,1.01402162331649e-05
170673,"Vibrio kanaloae",134,1.00740464971375e-05,131.8,9.91100963731932e-06
555970,"Bifidobacterium animalis",133,9.99886704566633e-06,133.2,1.00159839539968e-05
NA,"unknown genome; accession ID isNZ_DAWEQI010000010.1",133,9.99886704566633e-06,131.7,9.90019826360053e-06
NA,"unknown genome; accession ID isNZ_DAWEQI010000005.1",131,9.84850814272398e-06,131,9.85034897432418e-06
NA,"unknown genome; accession ID isNZ_DAWEQI010000008.1",131,9.84850814272398e-06,134.4,1.01014548885642e-05
2981793,"Phocaeicola fibrisolvens",129,9.69814923978163e-06,130.7,9.82870003687493e-06
29845,"Penicillium vulpinum",128,9.62296978831045e-06,122.9,9.24250177940541e-06
3378067,"Butyricimonas sp. GBGM4",128,9.62296978831045e-06,132.3,9.94575130739723e-06
2316726,"Corallococcus sicarius",127,9.54779033683928e-06,114,8.56859697318354e-06
2981768,"Anthropogastromicrobium aceti",127,9.54779033683928e-06,130.5,9.80792840995544e-06
2579976,"Culicoidibacter larvae",126,9.4726108853681e-06,129.4,9.73141911694794e-06
2763644,"Zhenpiania hominis",126,9.4726108853681e-06,138.6,1.04212193539956e-05
1076124,"Phytohabitans flavus",126,9.4726108853681e-06,132.4,9.95700292902921e-06
820,"Bacteroides uniformis",126,9.4726108853681e-06,138.7,1.04279728272254e-05
1440762,"Dyella japonica",125,9.39743143389693e-06,125,9.39743483056118e-06
NA,"unknown genome; accession ID isNZ_DAWEQI010000009.1",124,9.32225198242575e-06,124,9.32225408495161e-06
NA,"unknown genome; accession ID isNZ_DAWEQI010000014.1",123,9.24707253095457e-06,123,9.24707461652458e-06
2939491,"Parabacteroides leei",122,9.1718930794834e-06,137.7,1.0353758251921e-05
NA,"unknown genome; accession ID isNZ_LT706985.1",122,9.1718930794834e-06,124.7,9.37422509550503e-06
1470345,"Bacteroides timonensis",120,9.02153417654105e-06,139.6,1.04974999485132e-05
3028623,"Jeotgalibaca caeni",120,9.02153417654105e-06,137.5,1.03350609643609e-05
2592333,"Sellimonas caecigallum",120,9.02153417654105e-06,126.2,9.48842513709377e-06
1121096,"Bacteroides gallinarum",119,8.94635472506987e-06,120.6,9.06569074107545e-06
3030997,"Enterobacter chinensis",119,8.94635472506987e-06,123,9.25029809772649e-06
NA,"unknown genome; accession ID isNZ_DAWEQI010000004.1",119,8.94635472506987e-06,119,8.94882934782757e-06
41047,"Aspergillus thermomutatus",118,8.8711752735987e-06,107.3,8.068809441851e-06
NA,"unknown genome; accession ID isNZ_DAWEQI010000013.1",117,8.79599582212752e-06,117,8.79611890678408e-06
NA,"unknown genome; accession ID isNZ_DAWEQI010000012.1",116,8.72081637065635e-06,116,8.72081833753537e-06
NA,"unknown genome; accession ID isNZ_DAWEQI010000015.1",115,8.64563691918517e-06,116.3,8.74093496572008e-06
NA,"unknown genome; accession ID isNZ_DAWEQI010000017.1",115,8.64563691918517e-06,115,8.64563886910834e-06
285560,"Kitasatospora cinereorecta",114,8.570457467714e-06,114.4,8.60043831991096e-06
91492,"Aspergillus udagawae",113,8.49527801624282e-06,117.8,8.85877792521677e-06
2903556,"Faecalibacterium gallinarum",113,8.49527801624282e-06,123.3,9.27175455492575e-06
60172,"Penicillium solitum",112,8.42009856477165e-06,112.6,8.46622097663973e-06
2919919,"Atopomonas sediminilitoris",111,8.34491911330047e-06,99.4,7.4744390542271e-06
1907654,"Collinsella bouchesdurhonensis",111,8.34491911330047e-06,113.2,8.51102179448752e-06
2094020,"Trichococcus shcherbakoviae",111,8.34491911330047e-06,113,8.49456292487658e-06
2499078,"Vibrio ouci",109,8.19456021035812e-06,121.2,9.10983939597121e-06
548,"Klebsiella aerogenes",109,8.19456021035812e-06,103.7,7.79822917529316e-06
871665,"Blautia faecis",109,8.19456021035812e-06,112.5,8.45827934073523e-06
NA,"unknown genome; accession ID isNZ_DAWEQI010000021.1",109,8.19456021035812e-06,109,8.19456205854617e-06
209559,"Aspergillus alliaceus",107,8.04420130741577e-06,106.8,8.02644110373557e-06
1628085,"Agathobaculum butyriciproducens",107,8.04420130741577e-06,117.6,8.83797669500632e-06
2107694,"Aphanothece hegewaldii",106,7.96902185594459e-06,131.2,9.86227583977924e-06
2605778,"Clostridium porci",106,7.96902185594459e-06,108.3,8.14470965782698e-06
NA,"unknown genome; accession ID isNZ_DAWEQI010000022.1",106,7.96902185594459e-06,106,7.96902365326508e-06
1796636,"Frisingicoccus caecimuris",104,7.81866295300224e-06,103.5,7.78358359263277e-06
2779354,"Gemmiger gallinarum",104,7.81866295300224e-06,118.9,8.93756257440729e-06
2981785,"Coprococcus ammoniilyticus",104,7.81866295300224e-06,104.3,7.8405783739246e-06
2606633,"Oliverpabstia intestinalis",103,7.74348350153107e-06,110.7,8.32576874885447e-06
1517512,"Aspergillus pseudoviridinutans",102,7.66830405005989e-06,99.3,7.46250984758769e-06
NA,"unknown genome; accession ID isNZ_DAWEQI010000016.1",102,7.66830405005989e-06,102,7.66830577955697e-06
1912897,"Blautia argi",101,7.59312459858872e-06,131,9.84591876488713e-06
188913,"Cetobacterium somerae",101,7.59312459858872e-06,98.2,7.38322187740718e-06
NA,"unknown genome; accession ID isNZ_DAWEQI010000020.1",101,7.59312459858872e-06,100.9,7.58834863982135e-06
1936995,"Parabacteroides bouchesdurhonensis",100,7.51794514711754e-06,100.9,7.58553549909823e-06
NA,"unknown genome; accession ID isNZ_DAWEQI010000019.1",99,7.44276569564637e-06,99,7.44276737427588e-06
NA,"unknown genome; accession ID isNZ_DAWEQI010000024.1",99,7.44276569564637e-06,99,7.44276737427588e-06
NA,"unknown genome; accession ID isNZ_DAWEQI010000026.1",99,7.44276569564637e-06,97.9,7.35750097348043e-06
1218112,"Kluyvera cryocrescens",98,7.36758624417519e-06,99,7.44584538370574e-06
2981726,"Hominimerdicola aceti",98,7.36758624417519e-06,98.2,7.38127855191717e-06
NA,"unknown genome; accession ID isNZ_DAWEQI010000023.1",98,7.36758624417519e-06,100.6,7.56471209115113e-06
2981788,"Dorea ammoniilytica",97,7.29240679270401e-06,98.9,7.43216601214206e-06
1462571,"Bacteroides gallinaceum",95,7.14204788976166e-06,95.2,7.1571259440946e-06
1218092,"Enterococcus pseudoavium",92,6.91650953534814e-06,88,6.61273868886577e-06
1585982,"Citrobacter bitternis",92,6.91650953534814e-06,91.7,6.89692391531952e-06
NA,"unknown genome; accession ID isNZ_DAWEQI010000044.1",92,6.91650953534814e-06,92,6.91651109528668e-06
NA,"unknown genome; accession ID isNZ_DAWEQI010000032.1",91,6.84133008387696e-06,91,6.84136277861554e-06
NA,"unknown genome; accession ID isNZ_DAWEQI010000018.1",90,6.76615063240579e-06,90,6.76616132646256e-06
46503,"Parabacteroides merdae",90,6.76615063240579e-06,90.1,6.77385096884489e-06
33039,"[Ruminococcus] torques",89,6.69097118093461e-06,95.3,7.16805799129682e-06
76860,"Streptococcus constellatus",88,6.61579172946344e-06,97.1,7.29889650927763e-06
291644,"Bacteroides salyersiae",88,6.61579172946344e-06,109.2,8.20925194110225e-06
2479840,"Prevotella marseillensis",88,6.61579172946344e-06,120.3,9.04071220044402e-06
1122155,"Lactonifactor longoviformis",87,6.54061227799226e-06,98.2,7.38593809136791e-06
510516,"Aspergillus oryzae",86,6.46543282652108e-06,85.6,6.43446281130187e-06
2714355,"Vescimonas coprocola",86,6.46543282652108e-06,98.5,7.40619420131068e-06
NA,"unknown genome; accession ID isNZ_DAWEQI010000040.1",85,6.39025337504991e-06,88,6.6122117838039e-06
2015901,"Massilicoli timonensis",85,6.39025337504991e-06,86.4,6.49562553103862e-06
3133091,"unknown genome; accession ID isNZ_JBBMER010000008.1",84,6.31507392357873e-06,84.1,6.32260546745076e-06
NA,"unknown genome; accession ID isNZ_DAWEQI010000048.1",84,6.31507392357873e-06,84.1,6.32255532321396e-06
2946555,"Akkermansia biwaensis",83,6.23989447210756e-06,83,6.23989843388104e-06
3112843,"Pseudocitrobacter cyperus",83,6.23989447210756e-06,83,6.24121924086885e-06
1691903,"Mangrovibacter phragmitis",83,6.23989447210756e-06,83.7,6.29327200567164e-06
NA,"unknown genome; accession ID isNZ_DAWEQI010000033.1",83,6.23989447210756e-06,83,6.23990477255347e-06
1702221,"Faecalibaculum rodentium",82,6.16471502063638e-06,82.8,6.22231293645741e-06
292800,"Flavonifractor plautii",82,6.16471502063638e-06,81.3,6.11105692347428e-06
358742,"Enterocloster aldenensis",82,6.16471502063638e-06,94.6,7.11184840393143e-06
NA,"unknown genome; accession ID isNZ_DAWEQI010000030.1",82,6.16471502063638e-06,82,6.1659839114247e-06
NA,"unknown genome; accession ID isNZ_DAWEQI010000049.1",82,6.16471502063638e-06,82,6.16471641101638e-06
NA,"unknown genome; accession ID isNZ_DAWEQI010000053.1",82,6.16471502063638e-06,82,6.16471641101638e-06
2993455,"Lactobacillus isalae",82,6.16471502063638e-06,82.2,6.18229501855517e-06
2763669,"Qiania dongpingensis",81,6.08953556916521e-06,82,6.16841576386523e-06
433664,"Nocardioides agariphilus",81,6.08953556916521e-06,85.4,6.42215523999082e-06
2949650,"Parabacteroides sp. W1-Q-101",81,6.08953556916521e-06,87.6,6.58888947267973e-06
NA,"unknown genome; accession ID isNZ_DAWEQI010000027.1",81,6.08953556916521e-06,81,6.08953694258936e-06
1160095,"Vagococcus entomophilus",79,5.93917666622286e-06,79,5.93917909071876e-06
2726362,"Faecalicatena faecalis",79,5.93917666622286e-06,81.8,6.15084901560426e-06
2763677,"Zongyangia hominis",79,5.93917666622286e-06,72,5.4119515222351e-06
270249,"Bartonella phoceensis",79,5.93917666622286e-06,69.9,5.25514306754414e-06
1002367,"Leyella stercorea",78,5.86399721475168e-06,96.2,7.2341069611905e-06
78346,"Bifidobacterium ruminantium",78,5.86399721475168e-06,77.9,5.85565546773179e-06
NA,"unknown genome; accession ID isNZ_DAWEQI010000028.1",78,5.86399721475168e-06,81.3,6.11219107929909e-06
NA,"unknown genome; accession ID isNZ_DAWEQI010000029.1",78,5.86399721475168e-06,79.4,5.97060296973666e-06
568814,"Streptococcus suis",77,5.78881776328051e-06,63.3,4.75864035615113e-06
53442,"Eubacterium callanderi",77,5.78881776328051e-06,90.7,6.82187871756256e-06
2529381,"Enterobacter wuhouensis",77,5.78881776328051e-06,82.3,6.18510196333228e-06
2894201,"Citrobacter meridianamericanus",77,5.78881776328051e-06,77.5,5.82695678728378e-06
NA,"unknown genome; accession ID isNZ_DAWEQI010000031.1",77,5.78881776328051e-06,77,5.78881906888124e-06
NA,"unknown genome; accession ID isNZ_DAWEQI010000041.1",77,5.78881776328051e-06,77.5,5.82393178705489e-06
69359,"Thiohalocapsa halophila",75,5.63845886033816e-06,74.3,5.58327941604299e-06
40837,"Mycoplana ramosa",75,5.63845886033816e-06,75.8,5.69507816219341e-06
NA,"unknown genome; accession ID isNZ_DAWEQI010000025.1",75,5.63845886033816e-06,75,5.63766313174349e-06
NA,"unknown genome; accession ID isNZ_DAWEQI010000035.1",75,5.63845886033816e-06,75.8,5.7019859995599e-06
290335,"Tetragenococcus koreensis",74,5.56327940886698e-06,69.1,5.19460384075749e-06
3032872,"Petralouisia muris",74,5.56327940886698e-06,74.5,5.60106587927674e-06
NA,"unknown genome; accession ID isNZ_DAWEQI010000034.1",73,5.4880999573958e-06,73,5.48810119517312e-06
67827,"Citrobacter werkmanii",72,5.41292050592463e-06,75,5.64032094361063e-06
3044208,"Fusibacillus kribbianus",72,5.41292050592463e-06,73.5,5.52672599664994e-06
NA,"unknown genome; accession ID isNZ_DAWEQI010000058.1",72,5.41292050592463e-06,73.8,5.55009347914779e-06
1432052,"Eisenbergiella tayi",71,5.33774105445345e-06,74.5,5.60340277016676e-06
53336,"Tatumella citrea",71,5.33774105445345e-06,71.8,5.4003924798776e-06
39482,"Faecalicatena contorta",71,5.33774105445345e-06,93.6,7.03330957609067e-06
NA,"unknown genome; accession ID isNZ_DAWEQI010000046.1",71,5.33774105445345e-06,71,5.33774225831906e-06
2259594,"Flavobacterium petrolei",70,5.26256160298228e-06,71.3,5.36073218871565e-06
3133162,"Ruminococcoides intestinale",70,5.26256160298228e-06,72.4,5.4413517403612e-06
NA,"unknown genome; accession ID isNZ_DAWEQI010000039.1",70,5.26256160298228e-06,71.4,5.37139444579159e-06
NA,"unknown genome; accession ID isNZ_DAWEQI010000052.1",70,5.26256160298228e-06,70,5.26256278989204e-06
1292,"Staphylococcus warneri",69,5.1873821515111e-06,69,5.18738332146501e-06
2763659,"Fumia xinanensis",69,5.1873821515111e-06,78.6,5.90694371533083e-06
NA,"unknown genome; accession ID isNZ_DAWEQI010000054.1",69,5.1873821515111e-06,69,5.18738332146501e-06
2949651,"Parabacteroides sp. TA-V-105",68,5.11220270003993e-06,72.6,5.45764072919541e-06
3133422,"Flavonifractor porci",68,5.11220270003993e-06,83.7,6.28898032704079e-06
3085167,"Segatella sinensis",68,5.11220270003993e-06,69,5.19076178940084e-06
NA,"unknown genome; accession ID isNZ_DAWEQI010000060.1",68,5.11220270003993e-06,68,5.11220385303798e-06
1720195,"Gabonibacter massiliensis",67,5.03702324856875e-06,68.2,5.12559362618939e-06
1796622,"Extibacter muris",67,5.03702324856875e-06,67,5.03966712555939e-06
225991,"Comamonas aquatica",67,5.03702324856875e-06,66.8,5.02300635620575e-06
1243002,"Vibrio olivae",67,5.03702324856875e-06,68.2,5.12678928815392e-06
NA,"unknown genome; accession ID isNZ_DAWEQI010000056.1",67,5.03702324856875e-06,67,5.03702438461095e-06
2954240,"Streptococcus bouchesdurhonensis",67,5.03702324856875e-06,61.1,4.5904911442308e-06
3038144,"Muribaculum caecicola",66,4.96184379709758e-06,66,4.96438166652034e-06
1512,"[Clostridium] symbiosum",66,4.96184379709758e-06,102.3,7.69436226432375e-06
283354,"Alternaria metachromatica",66,4.96184379709758e-06,66.5,5.00249267508693e-06
2941327,"Flintibacter muris",66,4.96184379709758e-06,65.9,4.95346813994679e-06
1448317,"Aspergillus costaricensis",65,4.8866643456264e-06,55.5,4.17147372677583e-06
3126499,"Vreelandella arctica",65,4.8866643456264e-06,56.2,4.22428460369396e-06
1926283,"Lachnoclostridium edouardi",65,4.8866643456264e-06,58.4,4.3930112101523e-06
44008,"Enterococcus cecorum",65,4.8866643456264e-06,67.1,5.04171820066952e-06
2994648,"Enterobacter nematophilus",64,4.81148489415523e-06,65.6,4.93298863296967e-06
NA,"unknown genome; accession ID isNZ_DAWEQI010000037.1",64,4.81148489415523e-06,65.4,4.91921380881426e-06
NA,"unknown genome; accession ID isNZ_DAWEQI010000042.1",64,4.81148489415523e-06,64,4.81148597932986e-06
NA,"unknown genome; accession ID isNZ_DAWEQI010000051.1",64,4.81148489415523e-06,64,4.81150593485173e-06
667015,"Phocaeicola salanitronis",63,4.73630544268405e-06,66.4,4.99273323403137e-06
2547410,"Enterocloster alcoholdehydrogenati",63,4.73630544268405e-06,72,5.41550746187342e-06
2763037,"Clostridium lentum",63,4.73630544268405e-06,61.1,4.59597380667602e-06
2763030,"Blautia segnis",62,4.66112599121288e-06,75.2,5.65405413835723e-06
3133170,"Ventrimonas faecis",62,4.66112599121288e-06,64.1,4.81586601653773e-06
1856638,"Streptococcus bovimastitidis",61,4.5859465397417e-06,61,4.5860240668186e-06
33043,"Coprococcus eutactus",61,4.5859465397417e-06,60.4,4.54165158805107e-06
342942,"Mediterraneibacter glycyrrhizinilyticus",61,4.5859465397417e-06,63.2,4.75048630176868e-06
NA,"unknown genome; accession ID isNZ_DAWEQI010000057.1",61,4.5859465397417e-06,61.8,4.64401028128343e-06
NA,"unknown genome; accession ID isNZ_DAWEQI010000061.1",61,4.5859465397417e-06,61,4.58594757404877e-06
1139219,"Enterococcus dispar",60,4.51076708827052e-06,60,4.51280166929738e-06
3133091,"unknown genome; accession ID isNZ_JBBMER010000004.1",60,4.51076708827052e-06,54.2,4.07478745586344e-06
NA,"unknown genome; accession ID isNZ_DAWEQI010000045.1",60,4.51076708827052e-06,60,4.51076810562174e-06
NA,"unknown genome; accession ID isNZ_DAWEQI010000067.1",60,4.51076708827052e-06,59.4,4.46408533685724e-06
575,"Raoultella planticola",59,4.43558763679935e-06,52.7,3.96367949421593e-06
2945989,"Lutimaribacter degradans",59,4.43558763679935e-06,53.5,4.0194207120188e-06
NA,"unknown genome; accession ID isNZ_DAWEQI010000059.1",59,4.43558763679935e-06,59,4.43559354291739e-06
1123279,"Spongiibacter tropicus",58,4.36040818532817e-06,56.9,4.28071763288914e-06
2681861,"Sporofaciens musculi",58,4.36040818532817e-06,65.2,4.89917363115968e-06
NA,"unknown genome; accession ID isNZ_DAWEQI010000047.1",58,4.36040818532817e-06,58,4.36040916876769e-06
NA,"unknown genome; accession ID isNZ_DAWEQI010000064.1",58,4.36040818532817e-06,58.2,4.37437265296379e-06
NA,"unknown genome; accession ID isNZ_DAWEQI010000076.1",58,4.36040818532817e-06,57.6,4.33378928796435e-06
694437,"Flammeovirga aprica",57,4.285228733857e-06,55.1,4.14139509572596e-06
2736289,"Xylanibacter rodentium",57,4.285228733857e-06,56.2,4.22324252274852e-06
3079010,"Diplocloster hominis",57,4.285228733857e-06,58,4.36281383625875e-06
NA,"unknown genome; accession ID isNZ_DAWEQI010000036.1",57,4.285228733857e-06,57,4.28525281372653e-06
NA,"unknown genome; accession ID isNZ_DAWEQI010000050.1",57,4.285228733857e-06,57,4.28553758348737e-06
NA,"unknown genome; accession ID isNZ_DAWEQI010000068.1",57,4.285228733857e-06,57,4.28522970034066e-06
NA,"unknown genome; accession ID isNZ_DAWEQI010000083.1",57,4.285228733857e-06,57,4.28522970034066e-06
3117701,"Niabella digestorum",56,4.21004928238582e-06,44.4,3.33466049797022e-06
NA,"unknown genome; accession ID isNZ_DAWEQI010000055.1",56,4.21004928238582e-06,57,4.28723993150856e-06
2888525,"Thermomonas alba",55,4.13486983091465e-06,55,4.13113264953553e-06
NA,"unknown genome; accession ID isNZ_DAWEQI010000073.1",55,4.13486983091465e-06,55.6,4.18134726786924e-06
742727,"Bacteroides oleiciplenus",54,4.05969037944347e-06,61.2,4.6002864022289e-06
1385512,"Pontibacillus litoralis",54,4.05969037944347e-06,55,4.13433802626709e-06
1918949,"Solemya elarraichensis gill symbiont",54,4.05969037944347e-06,55.1,4.13914338438537e-06
2585119,"Alistipes dispar",54,4.05969037944347e-06,54.1,4.07033632782153e-06
71452,"Enterococcus raffinosus",54,4.05969037944347e-06,64.3,4.83052752334576e-06
2981784,"[Clostridium] ammoniilyticum",54,4.05969037944347e-06,57.1,4.29328063701255e-06
NA,"unknown genome; accession ID isNZ_DAWEQI010000043.1",53,3.9845109279723e-06,53,3.98451186104961e-06
NA,"unknown genome; accession ID isNZ_DAWEQI010000074.1",53,3.9845109279723e-06,53,3.98451182663254e-06
361101,"Streptococcus pseudoporcinus",53,3.9845109279723e-06,51.5,3.86917817959694e-06
1121333,"Thomasclavelia saccharogumia",52,3.90933147650112e-06,52.3,3.93195643743501e-06
1234680,"Streptococcus rubneri",52,3.90933147650112e-06,48.9,3.67354012872834e-06
1868794,"Jeotgalibaca arthritidis",52,3.90933147650112e-06,42.4,3.18452110530978e-06
40518,"Ruminococcus bromii",52,3.90933147650112e-06,52.2,3.92812336482257e-06
40994,"Penicillium hordei",52,3.90933147650112e-06,48.2,3.62020181945095e-06
3034352,"Enterococcus entomosocium",52,3.90933147650112e-06,54.2,4.07303695422673e-06
3095028,"Scandinavium lactucae",52,3.90933147650112e-06,51,3.83059689051289e-06
NA,"unknown genome; accession ID isNZ_DAWEQI010000116.1",52,3.90933147650112e-06,52,3.90933235820551e-06
1133319,"Bacteroides reticulotermitis",51,3.83415202502995e-06,53.9,4.05422323305355e-06
54291,"Raoultella ornithinolytica",51,3.83415202502995e-06,40.1,3.0131186407381e-06
NA,"unknown genome; accession ID isNZ_DAWEQI010000069.1",51,3.83415202502995e-06,51,3.83415288977848e-06
NA,"unknown genome; accession ID isNZ_DAWEQI010000077.1",51,3.83415202502995e-06,51,3.83415974172085e-06
NA,"unknown genome; accession ID isNZ_DAWEQI010000082.1",51,3.83415202502995e-06,51,3.83416531878341e-06
NA,"unknown genome; accession ID isNZ_DAWEQI010000093.1",51,3.83415202502995e-06,51,3.83415288981122e-06
1903262,"Bacteroides ndongoniae",51,3.83415202502995e-06,47.1,3.53933352445545e-06
515620,"Lachnospira eligens",50,3.75897257355877e-06,50.9,3.82762009628594e-06
1187080,"Cecembia calidifontis",50,3.75897257355877e-06,50,3.7590159390092e-06
2779351,"Claveliimonas monacensis",50,3.75897257355877e-06,51.3,3.85772824723516e-06
3034501,"Enterococcus spodopteracolus",50,3.75897257355877e-06,54.5,4.09641847240597e-06
1670621,"Saccharothrix lopnurensis",50,3.75897257355877e-06,48.8,3.67134915794733e-06
NA,"unknown genome; accession ID isNZ_DAWEQI010000065.1",50,3.75897257355877e-06,50,3.75897342135145e-06
1095768,"Phytobacter massiliensis",49,3.6837931220876e-06,49.7,3.73891215374989e-06
2815733,"Tenebrionicola larvae",49,3.6837931220876e-06,52.6,3.95719089588205e-06
1940789,"Lactococcus petauri",49,3.6837931220876e-06,47.7,3.58573150150034e-06
NA,"unknown genome; accession ID isNZ_DAWEQI010000089.1",49,3.6837931220876e-06,49,3.68379606074415e-06
873447,"Streptococcus parauberis",48,3.60861367061642e-06,49.3,3.7052321716112e-06
NA,"unknown genome; accession ID isNZ_DAWEQI010000080.1",48,3.60861367061642e-06,48,3.6086144844974e-06
NA,"unknown genome; accession ID isNZ_DAWEQI010000107.1",48,3.60861367061642e-06,48,3.60928217903817e-06
762051,"Leuconostoc kimchii",47,3.53343421914524e-06,42.8,3.22083489825829e-06
518635,"Bifidobacterium angulatum",47,3.53343421914524e-06,49.2,3.70013778785396e-06
3117552,"Bacteroides maternus",47,3.53343421914524e-06,47,3.53660004993192e-06
NA,"unknown genome; accession ID isNZ_DAWEQI010000070.1",47,3.53343421914524e-06,47,3.53343501607037e-06
NA,"unknown genome; accession ID isNZ_DAWEQI010000075.1",47,3.53343421914524e-06,47,3.53388806599642e-06
NA,"unknown genome; accession ID isNZ_DAWEQI010000085.1",47,3.53343421914524e-06,47,3.53343501607037e-06
NA,"unknown genome; accession ID isNZ_DAWEQI010000098.1",47,3.53343421914524e-06,47,3.53343501607037e-06
2763036,"Clostridium hominis",46,3.45825476767407e-06,46,3.45898002390303e-06
2850323,"Diplocloster agilis",46,3.45825476767407e-06,46.8,3.51699213892318e-06
1132637,"Penicillium atrosanguineum",46,3.45825476767407e-06,46.2,3.47294625857244e-06
NA,"unknown genome; accession ID isNZ_DAWEQI010000095.1",46,3.45825476767407e-06,46.1,3.46822529387459e-06
382638,"Helicobacter acinonychis",45,3.38307531620289e-06,46.8,3.52000347477514e-06
60171,"Penicillium verrucosum",45,3.38307531620289e-06,49.5,3.72380718504076e-06
1914243,"Citrobacter europaeus",45,3.38307531620289e-06,37.3,2.80190949485491e-06
NA,"unknown genome; accession ID isNZ_DAWEQI010000071.1",45,3.38307531620289e-06,45,3.38307643103659e-06
NA,"unknown genome; accession ID isNZ_DAWEQI010000087.1",45,3.38307531620289e-06,44.6,3.3522094504729e-06
1217282,"Parabacteroides faecis",44,3.30789586473172e-06,44.9,3.37774236617402e-06
476272,"Blautia hydrogenotrophica",44,3.30789586473172e-06,44.3,3.32690501927216e-06
2093857,"Dysosmobacter welbionis",44,3.30789586473172e-06,47.2,3.55176873144088e-06
NA,"unknown genome; accession ID isNZ_DAWEQI010000084.1",44,3.30789586473172e-06,44,3.30789661078928e-06
370354,"Entamoeba dispar",43,3.23271641326054e-06,43.5,3.2738857879628e-06
1579424,"Streptococcus azizii",43,3.23271641326054e-06,43.1,3.24232857045985e-06
2494234,"Sutterella megalosphaeroides",43,3.23271641326054e-06,42.6,3.20597919479957e-06
105984,"Apiotrichum porosum",43,3.23271641326054e-06,42.8,3.22110472373641e-06
2579922,"Pseudomonas yangonensis",43,3.23271641326054e-06,38.8,2.91619713475797e-06
2763035,"Clostridium facile",43,3.23271641326054e-06,49.9,3.75003906642006e-06
2518605,"Segatella hominis",42,3.15753696178937e-06,45,3.38445848637706e-06
3053355,"Streptococcus raffinosi",42,3.15753696178937e-06,44.2,3.3221578664393e-06
1335613,"Gordonibacter urolithinfaciens",42,3.15753696178937e-06,41.9,3.14742530713838e-06
NA,"unknown genome; accession ID isNZ_DAWEQI010000062.1",42,3.15753696178937e-06,42,3.15743659647125e-06
NA,"unknown genome; accession ID isNZ_DAWEQI010000078.1",42,3.15753696178937e-06,42,3.15753767393522e-06
1871030,"Merdibacter massiliensis",42,3.15753696178937e-06,42.1,3.1659882322621e-06
NA,"unknown genome; accession ID isNZ_DAWEQI010000072.1",41,3.08235751031819e-06,41,3.08235820550819e-06
NA,"unknown genome; accession ID isNZ_DAWEQI010000097.1",41,3.08235751031819e-06,41,3.08235820550819e-06
NA,"unknown genome; accession ID isNZ_DAWEQI010000102.1",41,3.08235751031819e-06,41,3.08235820550819e-06
NA,"unknown genome; accession ID isNZ_DAWEQI010000125.1",41,3.08235751031819e-06,41,3.08235820550819e-06
1005667,"Kosakonia oryziphila",41,3.08235751031819e-06,40.8,3.06544027293461e-06
888746,"Streptococcus peroris",40,3.00717805884702e-06,44.8,3.36774805251995e-06
1408163,"Rasamsonia emersonii",40,3.00717805884702e-06,40.2,3.01862024888144e-06
1450537,"Aspergillus homomorphus",40,3.00717805884702e-06,42.1,3.16495280414494e-06
2026339,"Oceanibium sediminis",40,3.00717805884702e-06,60.6,4.55298558861646e-06
1849041,"Harryflintia acetispora",40,3.00717805884702e-06,40.8,3.06682398841385e-06
2489010,"Klebsiella africana",40,3.00717805884702e-06,38.3,2.88016538343756e-06
NA,"unknown genome; accession ID isNZ_DAWEQI010000091.1",40,3.00717805884702e-06,40,3.00717873708116e-06
NA,"unknown genome; accession ID isNZ_DAWEQI010000092.1",40,3.00717805884702e-06,40,3.00717873708116e-06
NA,"unknown genome; accession ID isNZ_DAWEQI010000106.1",40,3.00717805884702e-06,40,3.00717873708116e-06
372463,"Oceanobacillus profundus",39,2.93199860737584e-06,34.1,2.56263522907109e-06
283686,"Kosakonia radicincitans",39,2.93199860737584e-06,39.6,2.97507714938563e-06
2763662,"Yeguia hominis",39,2.93199860737584e-06,40.6,3.05514508541904e-06
2819619,"Streptococcus toyakuensis",39,2.93199860737584e-06,49,3.68554642651852e-06
NA,"unknown genome; accession ID isNZ_DAWEQI010000063.1",39,2.93199860737584e-06,39,2.93199926865413e-06
NA,"unknown genome; accession ID isNZ_DAWEQI010000086.1",39,2.93199860737584e-06,39,2.93249209181646e-06
NA,"unknown genome; accession ID isNZ_DAWEQI010000133.1",39,2.93199860737584e-06,39,2.93199926865413e-06
526944,"Tetragenococcus osmophilus",38,2.85681915590467e-06,42.7,3.20708600624403e-06
270498,"Christensenella hongkongensis",38,2.85681915590467e-06,38.3,2.88209416949355e-06
2885357,"Hominenteromicrobium mulieris",38,2.85681915590467e-06,41.4,3.1140260204328e-06
NA,"unknown genome; accession ID isNZ_DAWEQI010000081.1",38,2.85681915590467e-06,38,2.85681980022711e-06
NA,"unknown genome; accession ID isNZ_DAWEQI010000111.1",38,2.85681915590467e-06,38,2.85710085287068e-06
610130,"Lacrimispora saccharolytica",37,2.78163970443349e-06,40.2,3.01966474992672e-06
1295826,"Lactococcus cremoris",37,2.78163970443349e-06,36.8,2.76298802434148e-06
1400001,"Necropsobacter massiliensis",37,2.78163970443349e-06,32.3,2.42960286381302e-06
676599,"Stenotrophomonas panacihumi",37,2.78163970443349e-06,38.4,2.88388799919505e-06
2583810,"Alteribacter natronophilus",37,2.78163970443349e-06,36.3,2.73176141675235e-06
5082,"Penicillium roqueforti",37,2.78163970443349e-06,38.2,2.87329300264249e-06
NA,"unknown genome; accession ID isNZ_DAWEQI010000108.1",37,2.78163970443349e-06,37,2.78164033180008e-06
1937461,"Collinsella provencensis",37,2.78163970443349e-06,30,2.25367261072873e-06
2100822,"Kushneria phyllosphaerae",37,2.78163970443349e-06,36.8,2.76964191708748e-06
460384,"Enterocloster lavalensis",36,2.70646025296231e-06,35.4,2.66197006146884e-06
2877527,"Blautia parvula",36,2.70646025296231e-06,36.6,2.75485224332883e-06
361500,"Anaerococcus degeneri",36,2.70646025296231e-06,42.7,3.21189903600205e-06
NA,"unknown genome; accession ID isNZ_DAWEQI010000094.1",36,2.70646025296231e-06,36,2.70646086337305e-06
NA,"unknown genome; accession ID isNZ_DAWEQI010000109.1",36,2.70646025296231e-06,36,2.70646086337305e-06
1118060,"Enorma massiliensis",35,2.63128080149114e-06,32.8,2.4695627092931e-06
252393,"Candidatus Erwinia dacicola",35,2.63128080149114e-06,36.1,2.71596467198109e-06
273676,"Nocardioides oleivorans",35,2.63128080149114e-06,35,2.63128139494602e-06
2763026,"Blautia celeris",35,2.63128080149114e-06,34,2.55342602475708e-06
434464,"Leuconostoc holzapfelii",35,2.63128080149114e-06,42.1,3.16500135191315e-06
502577,"Actinoallomurus acaciae",35,2.63128080149114e-06,34.3,2.57492805075808e-06
NA,"unknown genome; accession ID isNZ_DAWEQI010000096.1",35,2.63128080149114e-06,35.1,2.63515950680928e-06
NA,"unknown genome; accession ID isNZ_DAWEQI010000101.1",35,2.63128080149114e-06,35,2.63128139494602e-06
NA,"unknown genome; accession ID isNZ_DAWEQI010000121.1",35,2.63128080149114e-06,35.4,2.66214802368943e-06
NA,"unknown genome; accession ID isNZ_DAWEQI010000126.1",35,2.63128080149114e-06,35,2.63128139494602e-06
1117379,"Neobacillus bataviensis",34,2.55610135001996e-06,34.1,2.56568442413365e-06
27334,"Penicillium expansum",34,2.55610135001996e-06,35.5,2.67007845286816e-06
1392255,"Aspergillus novofumigatus",34,2.55610135001996e-06,35.6,2.67784568692065e-06
1506151,"Aspergillus pseudonomiae",34,2.55610135001996e-06,31.6,2.37812097191884e-06
508451,"Lactobacillus taiwanensis",34,2.55610135001996e-06,34.1,2.56229582182175e-06
1481663,"Vibrio metoecus",34,2.55610135001996e-06,34.2,2.57442638933167e-06
NA,"unknown genome; accession ID isNZ_DAWEQI010000099.1",34,2.55610135001996e-06,34,2.55610192651899e-06
NA,"unknown genome; accession ID isNZ_DAWEQI010000105.1",34,2.55610135001996e-06,34,2.55610192651899e-06
NA,"unknown genome; accession ID isNZ_DAWEQI010000110.1",34,2.55610135001996e-06,34,2.55610192651899e-06
NA,"unknown genome; accession ID isNZ_DAWEQI010000120.1",34,2.55610135001996e-06,34,2.55610192651899e-06
NA,"unknown genome; accession ID isNZ_DAWEQI010000130.1",34,2.55610135001996e-06,34,2.55678872957804e-06
679200,"Johnsonella ignava",33,2.48092189854879e-06,33.4,2.51373884547686e-06
796942,"Stomatobaculum longum",33,2.48092189854879e-06,36.9,2.77759068080001e-06
1570016,"Thioflexithrix psekupsensis",33,2.48092189854879e-06,32.6,2.45039727307797e-06
626774,"Proteus terrae",33,2.48092189854879e-06,29.8,2.24271984279067e-06
2499076,"Marinifilum caeruleilacunae",33,2.48092189854879e-06,29.6,2.22248912805231e-06
1315282,"Pseudoalteromonas prydzensis",33,2.48092189854879e-06,33.2,2.49293902781327e-06
2665155,"Streptomyces flavalbus",33,2.48092189854879e-06,33,2.47886007084781e-06
NA,"unknown genome; accession ID isNZ_DAWEQI010000088.1",33,2.48092189854879e-06,33,2.48154079182967e-06
NA,"unknown genome; accession ID isNZ_DAWEQI010000090.1",33,2.48092189854879e-06,33,2.48154071127087e-06
NA,"unknown genome; accession ID isNZ_DAWEQI010000117.1",33,2.48092189854879e-06,33,2.48092245809196e-06
1650663,"Allofournierella massiliensis",33,2.48092189854879e-06,37.6,2.82558460230207e-06
889204,"Streptococcus infantis",32,2.40574244707761e-06,34.5,2.59237677940861e-06
2304063,"Sphingobium terrigena",32,2.40574244707761e-06,32.7,2.46011274955624e-06
83891,"Trypanosoma conorhini",32,2.40574244707761e-06,33.5,2.51488313645355e-06
2743469,"Rhabdonatronobacter sediminivivens",32,2.40574244707761e-06,33.4,2.51100300022615e-06
NA,"unknown genome; accession ID isNZ_DAWEQI010000100.1",32,2.40574244707761e-06,32,2.40574353373553e-06
NA,"unknown genome; accession ID isNZ_DAWEQI010000114.1",32,2.40574244707761e-06,32.1,2.41208842730685e-06
NA,"unknown genome; accession ID isNZ_DAWEQI010000115.1",32,2.40574244707761e-06,32,2.40574298966493e-06
NA,"unknown genome; accession ID isNZ_DAWEQI010000138.1",32,2.40574244707761e-06,32,2.40574298966493e-06
2161814,"Lactimicrobium massiliense",32,2.40574244707761e-06,32.7,2.45942406635563e-06
313439,"Streptococcus massiliensis",32,2.40574244707761e-06,33.7,2.53694109513864e-06
1577792,"Terrisporobacter othiniensis",31,2.33056299560644e-06,33.2,2.49382216233661e-06
1423812,"Liquorilactobacillus uvarum",31,2.33056299560644e-06,30.7,2.30824130731305e-06
94643,"Besnoitia besnoiti",31,2.33056299560644e-06,32.3,2.4269194605868e-06
35703,"Citrobacter amalonaticus",31,2.33056299560644e-06,36.9,2.77036870816919e-06
NA,"unknown genome; accession ID isNZ_DAWEQI010000103.1",31,2.33056299560644e-06,31.1,2.33433719588321e-06
NA,"unknown genome; accession ID isNZ_DAWEQI010000123.1",31,2.33056299560644e-06,31,2.3305635212379e-06
NA,"unknown genome; accession ID isNZ_DAWEQI010000131.1",31,2.33056299560644e-06,31,2.3305635212379e-06
NA,"unknown genome; accession ID isNZ_DAWEQI010000137.1",31,2.33056299560644e-06,31,2.3305635212379e-06
1505,"Paraclostridium sordellii",30,2.25538354413526e-06,29.6,2.22842920952412e-06
1448310,"Aspergillus neoniger",30,2.25538354413526e-06,36.4,2.7340533515731e-06
2763054,"Mediterraneibacter hominis",30,2.25538354413526e-06,29.8,2.24239012818147e-06
2764712,"Lentihominibacter faecis",30,2.25538354413526e-06,30.1,2.26258112065839e-06
2047724,"Franconibacter daqui",30,2.25538354413526e-06,30.2,2.26884171439013e-06
2839759,"Enterococcus innesii",30,2.25538354413526e-06,32.9,2.47661859973426e-06
2927804,"Marinobacterium sedimentorum",30,2.25538354413526e-06,30.4,2.28218935516923e-06
2735723,"Turicibacter bilis",30,2.25538354413526e-06,35.9,2.6968428565883e-06
2981725,"Brotonthovivens ammoniilytica",30,2.25538354413526e-06,30.1,2.26138938330405e-06
3238988,"Enterococcus hailinensis",30,2.25538354413526e-06,34.3,2.58164196017333e-06
3136601,"Owariibacterium komagatae",30,2.25538354413526e-06,30.7,2.30503662373939e-06
NA,"unknown genome; accession ID isNZ_DAWEQI010000038.1",30,2.25538354413526e-06,30,2.25538405281087e-06
NA,"unknown genome; accession ID isNZ_DAWEQI010000112.1",30,2.25538354413526e-06,30,2.25538968064579e-06
NA,"unknown genome; accession ID isNZ_DAWEQI010000119.1",30,2.25538354413526e-06,30,2.25538405281087e-06
NA,"unknown genome; accession ID isNZ_DAWEQI010000122.1",30,2.25538354413526e-06,30,2.25538405281087e-06
NA,"unknown genome; accession ID isNZ_DAWEQI010000141.1",30,2.25538354413526e-06,30,2.25538405281087e-06
NA,"unknown genome; accession ID isNZ_DAWEQI010000145.1",30,2.25538354413526e-06,30,2.25538405281087e-06
NA,"unknown genome; accession ID isNZ_DAWEQI010000148.1",30,2.25538354413526e-06,30,2.25538405281087e-06
NA,"unknown genome; accession ID isNZ_DAWEQI010000149.1",30,2.25538354413526e-06,30,2.25538405281087e-06
1158606,"Enterococcus asini",29,2.18020409266409e-06,31.2,2.34362469720127e-06
5059,"Aspergillus flavus",29,2.18020409266409e-06,28.8,2.16592742072458e-06
2763043,"Eggerthella hominis",29,2.18020409266409e-06,29.5,2.21551747751082e-06
147206,"Collinsella stercoris",29,2.18020409266409e-06,31.6,2.37724608479934e-06
NA,"unknown genome; accession ID isNZ_DAWEQI010000136.1",29,2.18020409266409e-06,29,2.18020458438384e-06
1987501,"Massiliimalia timonensis",29,2.18020409266409e-06,27.9,2.09455965804587e-06
1308,"Streptococcus thermophilus",29,2.18020409266409e-06,34.6,2.60273221174792e-06
2991833,"Limosilactobacillus pulli",29,2.18020409266409e-06,29.7,2.2297773960864e-06
1640685,"Enterococcus massiliensis",28,2.10502464119291e-06,28.3,2.12641684742391e-06
2529380,"Kosakonia quasisacchari",28,2.10502464119291e-06,27.7,2.08564260492826e-06
2763052,"Lawsonibacter faecis",28,2.10502464119291e-06,28.2,2.12381762461387e-06
2763050,"Hungatella hominis",28,2.10502464119291e-06,28,2.10676579478731e-06
1792511,"Penicillium robsamsonii",28,2.10502464119291e-06,31.8,2.39370802999541e-06
433293,"Anaerotaenia torta",28,2.10502464119291e-06,28,2.10502825821525e-06
NA,"unknown genome; accession ID isNZ_DAWEQI010000104.1",28,2.10502464119291e-06,28,2.10862446444428e-06
NA,"unknown genome; accession ID isNZ_DAWEQI010000140.1",28,2.10502464119291e-06,28.1,2.113681301072e-06
NA,"unknown genome; accession ID isNZ_DAWEQI010000142.1",28,2.10502464119291e-06,28,2.10872954027416e-06
NA,"unknown genome; accession ID isNZ_DAWEQI010000169.1",28,2.10502464119291e-06,28,2.10502511595681e-06
1120978,"Allofustis seminis",27,2.02984518972174e-06,37.2,2.79460346304658e-06
2153354,"Klebsiella huaxiensis",27,2.02984518972174e-06,29.4,2.2102585315191e-06
67829,"Citrobacter murliniae",27,2.02984518972174e-06,29.8,2.24185556395415e-06
2725562,"Caecibacteroides pullorum",27,2.02984518972174e-06,27.1,2.03934477590829e-06
2972474,"Gabonibacter chumensis",27,2.02984518972174e-06,26.3,1.97681985161726e-06
2981780,"Bacteroides cellulolyticus",27,2.02984518972174e-06,26.9,2.02037754374982e-06
3074433,"Vallitalea maricola",27,2.02984518972174e-06,26.1,1.96503058491273e-06
3136602,"Desulfovibrio falkowii",27,2.02984518972174e-06,27.1,2.03587727813335e-06
1337,"Streptococcus hyointestinalis",27,2.02984518972174e-06,24.2,1.81656682308235e-06
NA,"unknown genome; accession ID isNZ_DAWEQI010000066.1",27,2.02984518972174e-06,27,2.02984564752979e-06
NA,"unknown genome; accession ID isNZ_DAWEQI010000127.1",27,2.02984518972174e-06,27,2.02984564752979e-06
NA,"unknown genome; accession ID isNZ_DAWEQI010000134.1",27,2.02984518972174e-06,27.4,2.06317175567292e-06
NA,"unknown genome; accession ID isNZ_DAWEQI010000139.1",27,2.02984518972174e-06,27,2.02984564752979e-06
NA,"unknown genome; accession ID isNZ_DAWEQI010000144.1",27,2.02984518972174e-06,27,2.02984564752979e-06
NA,"unknown genome; accession ID isNZ_DAWEQI010000158.1",27,2.02984518972174e-06,27,2.02984564752979e-06
100884,"Coprobacillus cateniformis",26,1.95466573825056e-06,26.4,1.98351308161861e-06
1891675,"Pantoea alhagi",26,1.95466573825056e-06,26,1.95466623166316e-06
82993,"Buttiauxella warmboldiae",26,1.95466573825056e-06,28.4,2.13519963558876e-06
2780094,"Ramlibacter aquaticus",26,1.95466573825056e-06,26,1.95615850842606e-06
1287640,"Anaerococcus obesiensis",26,1.95466573825056e-06,29.1,2.18986525671133e-06
36834,"Clostridium celatum",26,1.95466573825056e-06,28.6,2.14681217809696e-06
126998,"Penicillium bovifimosum",26,1.95466573825056e-06,28.8,2.16434254241678e-06
NA,"unknown genome; accession ID isNZ_DAWEQI010000166.1",26,1.95466573825056e-06,26,1.95466617910276e-06
206505,"Kerstersia similis",26,1.95466573825056e-06,24.4,1.83751371784777e-06
1074000,"Cronobacter universalis",25,1.87948628677939e-06,24.9,1.8725980404651e-06
2834432,"Bifidobacterium pongonis",25,1.87948628677939e-06,25,1.88131860394327e-06
NA,"unknown genome; accession ID isNZ_DAWEQI010000124.1",25,1.87948628677939e-06,25,1.87948671067573e-06
NA,"unknown genome; accession ID isNZ_DAWEQI010000128.1",25,1.87948628677939e-06,25,1.87948671067573e-06
NA,"unknown genome; accession ID isNZ_DAWEQI010000143.1",25,1.87948628677939e-06,25,1.87948671067573e-06
NA,"unknown genome; accession ID isNZ_DAWEQI010000154.1",25,1.87948628677939e-06,25,1.8794867106944e-06
NA,"unknown genome; accession ID isNZ_DAWEQI010000156.1",25,1.87948628677939e-06,25,1.87948671067573e-06
NA,"unknown genome; accession ID isNZ_DAWEQI010000187.1",25,1.87948628677939e-06,25,1.87948671067573e-06
1631871,"Weissella jogaejeotgali",24,1.80430683530821e-06,24.8,1.86638631725854e-06
71656,"Brenneria alni",24,1.80430683530821e-06,24,1.80070584344232e-06
2899785,"Huaxiibacter chinensis",24,1.80430683530821e-06,25.4,1.91253239557687e-06
1776392,"Massilimicrobiota timonensis",24,1.80430683530821e-06,24.5,1.83947221522012e-06
NA,"unknown genome; accession ID isNZ_DAWEQI010000129.1",24,1.80430683530821e-06,24,1.80477897944664e-06
NA,"unknown genome; accession ID isNZ_DAWEQI010000151.1",24,1.80430683530821e-06,24,1.8043072422487e-06
NA,"unknown genome; accession ID isNZ_DAWEQI010000185.1",24,1.80430683530821e-06,24,1.80431204151462e-06
1314,"Streptococcus pyogenes",24,1.80430683530821e-06,22.5,1.69120424570817e-06
1968889,"Streptococcus downii",23,1.72912738383703e-06,25.3,1.90086580085297e-06
1494462,"Lactococcus hircilactis",23,1.72912738383703e-06,23.4,1.75661642913272e-06
2747601,"Ruegeria haliotis",23,1.72912738383703e-06,25,1.88136428765347e-06
67824,"Citrobacter farmeri",23,1.72912738383703e-06,23.7,1.77969464402741e-06
1463165,"Klebsiella quasipneumoniae",23,1.72912738383703e-06,30.4,2.2833766073953e-06
2940498,"Sporolactobacillus mangiferae",23,1.72912738383703e-06,23,1.72912777382167e-06
29358,"Paraclostridium ghonii",23,1.72912738383703e-06,23.1,1.73594038845864e-06
1187928,"Alternaria incomplexa",23,1.72912738383703e-06,22.3,1.6728293750857e-06
2653932,"Citrobacter telavivensis",23,1.72912738383703e-06,23.6,1.77692683066715e-06
NA,"unknown genome; accession ID isNZ_DAWEQI010000079.1",23,1.72912738383703e-06,23,1.72922053409799e-06
NA,"unknown genome; accession ID isNZ_DAWEQI010000113.1",23,1.72912738383703e-06,23.1,1.73297011116417e-06
NA,"unknown genome; accession ID isNZ_DAWEQI010000118.1",23,1.72912738383703e-06,23,1.72912777382167e-06
NA,"unknown genome; accession ID isNZ_DAWEQI010000146.1",23,1.72912738383703e-06,23,1.7295312948674e-06
NA,"unknown genome; accession ID isNZ_DAWEQI010000147.1",23,1.72912738383703e-06,23,1.72912777382167e-06
NA,"unknown genome; accession ID isNZ_DAWEQI010000167.1",23,1.72912738383703e-06,23,1.72912777382167e-06
NA,"unknown genome; accession ID isNZ_DAWEQI010000168.1",23,1.72912738383703e-06,23,1.72957394416219e-06
NA,"unknown genome; accession ID isNZ_DAWEQI010000189.1",23,1.72912738383703e-06,23,1.72912777382167e-06
NA,"unknown genome; accession ID isNZ_DAWEQI010000197.1",23,1.72912738383703e-06,23,1.72912777382167e-06
1917883,"Bacteroides togonis",23,1.72912738383703e-06,22.9,1.72438581183974e-06
113107,"Streptococcus australis",23,1.72912738383703e-06,29,2.17769667927541e-06
667120,"Edwardsiella anguillarum",22,1.65394793236586e-06,33.1,2.489761535804e-06
61647,"Pluralibacter gergoviae",22,1.65394793236586e-06,23.3,1.75299550888556e-06
1300307,"Mesorhizobium waimense",22,1.65394793236586e-06,20.6,1.54636255833591e-06
1504,"Clostridium septicum",22,1.65394793236586e-06,19.5,1.46761933140093e-06
2364647,"Pantoea piersonii",22,1.65394793236586e-06,24.4,1.8341823131474e-06
1121114,"Blautia producta",22,1.65394793236586e-06,22.1,1.66239532290528e-06
2763053,"Lawsonibacter hominis",22,1.65394793236586e-06,22.5,1.69380304074354e-06
626929,"Bacteroides clarus",22,1.65394793236586e-06,22.3,1.67841234648855e-06
1194427,"Vibrio toranzoniae",22,1.65394793236586e-06,23.5,1.76547691622769e-06
NA,"unknown genome; accession ID isNZ_DAWEQI010000152.1",22,1.65394793236586e-06,22,1.65394830539464e-06
NA,"unknown genome; accession ID isNZ_DAWEQI010000163.1",22,1.65394793236586e-06,22,1.65394830539464e-06
NA,"unknown genome; accession ID isNZ_DAWEQI010000177.1",22,1.65394793236586e-06,22,1.65394830539464e-06
693979,"Bacteroides helcogenes",21,1.57876848089468e-06,21.3,1.59829559979247e-06
1150468,"Scardovia inopinata",21,1.57876848089468e-06,21,1.5775260429566e-06
1720300,"Mediterraneibacter massiliensis",21,1.57876848089468e-06,15,1.12897148455552e-06
2020948,"Romboutsia maritimum",21,1.57876848089468e-06,21.1,1.5881735821805e-06
189622,"Babesia ovata",21,1.57876848089468e-06,20.4,1.53420092766579e-06
544580,"Actinomyces oris",21,1.57876848089468e-06,21.9,1.64287866038487e-06
1069201,"Aspergillus luchuensis",21,1.57876848089468e-06,23.4,1.75857546286018e-06
2068655,"Novisyntrophococcus fermenticellae",21,1.57876848089468e-06,21.8,1.63540238720356e-06
636,"Edwardsiella tarda",21,1.57876848089468e-06,24,1.80672333480139e-06
2981722,"Porcipelethomonas ammoniilytica",21,1.57876848089468e-06,21,1.5787688382913e-06
1005665,"Kosakonia oryzendophytica",21,1.57876848089468e-06,20.1,1.51121268706392e-06
558541,"Shewanella chilikensis",21,1.57876848089468e-06,19.8,1.49050641082414e-06
3133163,"Ruthenibacterium intestinale",21,1.57876848089468e-06,22.6,1.70148632183083e-06
1587,"Lactobacillus helveticus",21,1.57876848089468e-06,21.8,1.63583339120824e-06
NA,"unknown genome; accession ID isNZ_DAWEQI010000159.1",21,1.57876848089468e-06,21,1.5789454039415e-06
NA,"unknown genome; accession ID isNZ_DAWEQI010000160.1",21,1.57876848089468e-06,21,1.57876883696761e-06
NA,"unknown genome; accession ID isNZ_DAWEQI010000164.1",21,1.57876848089468e-06,21,1.57876883696761e-06
NA,"unknown genome; accession ID isNZ_DAWEQI010000173.1",21,1.57876848089468e-06,21,1.57876883696761e-06
1723382,"Urinicoccus massiliensis",21,1.57876848089468e-06,19.4,1.4603100190332e-06
763034,"Bacteroides fluxus",20,1.50358902942351e-06,23.6,1.77596186744547e-06
318464,"Clostridium sulfidigenes",20,1.50358902942351e-06,18.2,1.36793837299143e-06
2801451,"Companilactobacillus bobalius",20,1.50358902942351e-06,20.6,1.54930646663039e-06
86180,"Malikia spinosa",20,1.50358902942351e-06,17.6,1.32592625530385e-06
114527,"Mogibacterium diversum",20,1.50358902942351e-06,21.2,1.59646366115578e-06
1159752,"Enterococcus lemanii",20,1.50358902942351e-06,27.8,2.08843964671649e-06
2891570,"Pseudocitrobacter corydidari",20,1.50358902942351e-06,27.6,2.07558979397865e-06
NA,"unknown genome; accession ID isNZ_DAWEQI010000153.1",20,1.50358902942351e-06,20,1.50362092504094e-06
NA,"unknown genome; accession ID isNZ_DAWEQI010000155.1",20,1.50358902942351e-06,20,1.50359128657651e-06
NA,"unknown genome; accession ID isNZ_DAWEQI010000165.1",20,1.50358902942351e-06,20,1.50359058076258e-06
NA,"unknown genome; accession ID isNZ_DAWEQI010000178.1",20,1.50358902942351e-06,20,1.50358936854058e-06
1755099,"Pseudenterobacter timonensis",20,1.50358902942351e-06,19.5,1.4678700886828e-06
533323,"Psychrobacter fulvigenes",20,1.50358902942351e-06,18.9,1.42384172226391e-06
2941233,"Acetatifactor aquisgranensis",20,1.50358902942351e-06,20,1.50248649068268e-06
1423749,"Limosilactobacillus gastricus",19,1.42840957795233e-06,20.7,1.55831642823906e-06
242230,"Eggerthella sinensis",19,1.42840957795233e-06,19.4,1.45574891168324e-06
2292441,"Paratractidigestivibacter faecalis",19,1.42840957795233e-06,23.7,1.78130980632527e-06
2589786,"Streptococcus shenyangsis",19,1.42840957795233e-06,20.3,1.52498551559044e-06
2726742,"Flammeovirga agarivorans",19,1.42840957795233e-06,20.9,1.5738032255105e-06
1363,"Lactococcus garvieae",19,1.42840957795233e-06,21,1.57964875983299e-06
3075529,"Streptomyces gibsoniae",19,1.42840957795233e-06,18.6,1.39782845083437e-06
78448,"Bifidobacterium pullorum",19,1.42840957795233e-06,19,1.4284192403045e-06
3342383,"Flintibacter porci",19,1.42840957795233e-06,19.3,1.44793241568016e-06
2058152,"Klebsiella grimontii",19,1.42840957795233e-06,19.2,1.44061080818807e-06
310300,"Bacteroides pyogenes",19,1.42840957795233e-06,19.4,1.45762840108132e-06
NA,"unknown genome; accession ID isNZ_DAWEQI010000162.1",19,1.42840957795233e-06,19,1.42840990011355e-06
NA,"unknown genome; accession ID isNZ_DAWEQI010000171.1",19,1.42840957795233e-06,19,1.42841006621787e-06
1960125,"Parendozoicomonas haliclonae",19,1.42840957795233e-06,19,1.42840990011355e-06
65959,"Acetobacter pomorum",18,1.35323012648116e-06,15.2,1.14255048161229e-06
2546350,"Citrobacter arsenatis",18,1.35323012648116e-06,18.6,1.39560755746392e-06
2605781,"Cutibacterium porci",18,1.35323012648116e-06,29.2,2.1929687704654e-06
2766578,"Komagataeibacter melomenusus",18,1.35323012648116e-06,18,1.35323083179853e-06
1315211,"Arcobacter aquimarinus",18,1.35323012648116e-06,17.6,1.32139423082318e-06
218936,"Aeromonas simiae",18,1.35323012648116e-06,19.2,1.444958525974e-06
363952,"Comamonas thiooxydans",18,1.35323012648116e-06,18.6,1.3964324475801e-06
1411144,"Bacteroides caecigallinarum",18,1.35323012648116e-06,19.5,1.46627497261598e-06
NA,"unknown genome; accession ID isNZ_DAWEQI010000132.1",18,1.35323012648116e-06,18,1.35323043168652e-06
NA,"unknown genome; accession ID isNZ_DAWEQI010000176.1",18,1.35323012648116e-06,18,1.35323043168652e-06
NA,"unknown genome; accession ID isNZ_DAWEQI010000193.1",18,1.35323012648116e-06,18,1.35323043168652e-06
1871035,"Negativibacillus massiliensis",18,1.35323012648116e-06,18.2,1.36644228220946e-06
1034345,"Senegalimassilia anaerobia",17,1.27805067500998e-06,21.2,1.59716831274533e-06
317010,"Enterococcus canintestini",17,1.27805067500998e-06,17,1.27952794576223e-06
2172545,"Streptococcus halitosis",17,1.27805067500998e-06,15.7,1.18248039819554e-06
2487351,"Anaerosphaera multitolerans",17,1.27805067500998e-06,19.2,1.44168510071472e-06
197614,"Streptococcus pasteurianus",17,1.27805067500998e-06,19.1,1.43836729761706e-06
2780922,"Solibaculum mannosilyticum",17,1.27805067500998e-06,16.8,1.26064779987254e-06
565,"Atlantibacter hermannii",17,1.27805067500998e-06,18.1,1.35908252753091e-06
NA,"unknown genome; accession ID isNZ_DAWEQI010000161.1",17,1.27805067500998e-06,17.3,1.3001261729176e-06
NA,"unknown genome; accession ID isNZ_DAWEQI010000170.1",17,1.27805067500998e-06,17,1.27805096325949e-06
NA,"unknown genome; accession ID isNZ_DAWEQI010000175.1",17,1.27805067500998e-06,17,1.27805096325949e-06
NA,"unknown genome; accession ID isNZ_DAWEQI010000179.1",17,1.27805067500998e-06,17,1.27805096325949e-06
NA,"unknown genome; accession ID isNZ_DAWEQI010000188.1",17,1.27805067500998e-06,17,1.27805096325949e-06
NA,"unknown genome; accession ID isNZ_DAWEQI010000195.1",17,1.27805067500998e-06,17,1.27805096325949e-06
NA,"unknown genome; accession ID isNZ_DAWEQI010000219.1",17,1.27805067500998e-06,17,1.27805096325949e-06
84698,"Clostridium frigidicarnis",17,1.27805067500998e-06,17,1.27811459619838e-06
295089,"Pontixanthobacter luteolus",17,1.27805067500998e-06,16.7,1.25597951455556e-06
1325933,"Clostridium polynesiense",16,1.20287122353881e-06,16.4,1.23160373667399e-06
767769,"Aspergillus brasiliensis",16,1.20287122353881e-06,16.9,1.27325412602894e-06
2589788,"Streptococcus xiaochunlingii",16,1.20287122353881e-06,17.2,1.29359887894626e-06
1944635,"Sutterella seckii",16,1.20287122353881e-06,16.2,1.2184662678933e-06
2763015,"Alistipes hominis",16,1.20287122353881e-06,16.7,1.25441703908797e-06
65700,"Erwinia tracheiphila",16,1.20287122353881e-06,14.4,1.08281865518158e-06
2924040,"Parabacteroides faecalis",16,1.20287122353881e-06,16.3,1.22383217217597e-06
5088,"Thermoascus crustaceus",16,1.20287122353881e-06,16,1.20287149485591e-06
NA,"unknown genome; accession ID isNZ_DAWEQI010000157.1",16,1.20287122353881e-06,16,1.20287149483247e-06
NA,"unknown genome; accession ID isNZ_DAWEQI010000180.1",16,1.20287122353881e-06,16,1.20287149483247e-06
NA,"unknown genome; accession ID isNZ_DAWEQI010000183.1",16,1.20287122353881e-06,16,1.20287149483247e-06
NA,"unknown genome; accession ID isNZ_DAWEQI010000191.1",16,1.20287122353881e-06,16,1.20415277001832e-06
1423733,"Secundilactobacillus collinoides",15,1.12769177206763e-06,10.8,8.10075043007094e-07
1834191,"Candidatus Enterococcus testudinis",15,1.12769177206763e-06,17.3,1.29920425259736e-06
2174932,"Nesterenkonia natronophila",15,1.12769177206763e-06,16,1.20063347420843e-06
2605782,"Desulfovibrio porci",15,1.12769177206763e-06,15.4,1.16053130983682e-06
2841509,"Butyricicoccus intestinisimiae",15,1.12769177206763e-06,16.8,1.26634819628764e-06
2853160,"Streptococcus vulneris",15,1.12769177206763e-06,16,1.20027638756493e-06
2944914,"Allocoprobacillus halotolerans",15,1.12769177206763e-06,14.2,1.06653372373378e-06
2981721,"Brotomerdimonas butyrica",15,1.12769177206763e-06,15,1.12788381032056e-06
39483,"Faecalitalea cylindroides",15,1.12769177206763e-06,17.6,1.32062245898558e-06
133448,"Citrobacter youngae",15,1.12769177206763e-06,15.6,1.17437658305227e-06
2979868,"Neopusillimonas aromaticivorans",15,1.12769177206763e-06,17.8,1.33760981317153e-06
NA,"unknown genome; accession ID isNZ_DAWEQI010000135.1",15,1.12769177206763e-06,15.3,1.14771482667378e-06
NA,"unknown genome; accession ID isNZ_DAWEQI010000190.1",15,1.12769177206763e-06,15,1.12769202640544e-06
NA,"unknown genome; accession ID isNZ_DAWEQI010000198.1",15,1.12769177206763e-06,15,1.12769202640544e-06
NA,"unknown genome; accession ID isNZ_DAWEQI010000210.1",15,1.12769177206763e-06,15,1.12769202640544e-06
1423758,"Lactobacillus hominis",14,1.05251232059646e-06,14.2,1.06979878193105e-06
1313,"Streptococcus pneumoniae",14,1.05251232059646e-06,14.2,1.0710261706795e-06
1377,"Aerococcus viridans",14,1.05251232059646e-06,14.2,1.07063711962152e-06
299767,"Enterobacter ludwigii",14,1.05251232059646e-06,14.2,1.06948864038421e-06
1835702,"Penicillium arizonense",14,1.05251232059646e-06,17,1.28096678484112e-06
1123403,"Tissierella creatinophila",14,1.05251232059646e-06,15.2,1.14529386053482e-06
2025493,"Blautia hominis",14,1.05251232059646e-06,14.1,1.05800371004736e-06
2382163,"Streptococcus koreensis",14,1.05251232059646e-06,15.1,1.13190282900268e-06
2899544,"Intestinirhabdus alba",14,1.05251232059646e-06,14.6,1.10044799855023e-06
1928661,"Bradyrhizobium cajani",14,1.05251232059646e-06,14.4,1.08476916598225e-06
2320879,"Parablautia muri",14,1.05251232059646e-06,13.5,1.01714499211588e-06
237576,"Oribacterium sinus",14,1.05251232059646e-06,15.8,1.18915742338598e-06
37930,"Glutamicibacter protophormiae",14,1.05251232059646e-06,13.5,1.01173620115684e-06
1316194,"Penicillium subrubescens",14,1.05251232059646e-06,14,1.05251868551422e-06
NA,"unknown genome; accession ID isNZ_DAWEQI010000181.1",14,1.05251232059646e-06,14,1.05254013303729e-06
NA,"unknown genome; accession ID isNZ_DAWEQI010000194.1",14,1.05251232059646e-06,14,1.05251255797841e-06
NA,"unknown genome; accession ID isNZ_DAWEQI010000208.1",14,1.05251232059646e-06,14,1.05593984772713e-06
1123012,"Pseudobutyrivibrio xylanivorans",14,1.05251232059646e-06,14,1.05286465161289e-06
535290,"Legionella nagasakiensis",14,1.05251232059646e-06,12.8,9.65504431427845e-07
246409,"Rhizopus delemar",13,9.7733286912528e-07,12.9,9.70569243705228e-07
218493,"Salmonella bongori",13,9.7733286912528e-07,13,9.79084457436344e-07
1234382,"Thauera phenylacetica",13,9.7733286912528e-07,13.1,9.84818204630807e-07
417368,"Enterococcus thailandicus",13,9.7733286912528e-07,12.9,9.7113982865271e-07
57706,"Citrobacter braakii",13,9.7733286912528e-07,12.2,9.19404433008315e-07
645466,"Anaerostipes butyraticus",13,9.7733286912528e-07,14.2,1.06457452344626e-06
273372,"Candida metapsilosis",13,9.7733286912528e-07,12.5,9.40573024542508e-07
2909341,"Octadecabacter dasysiphoniae",13,9.7733286912528e-07,13,9.77333098228609e-07
2981728,"Huintestinicola butyrica",13,9.7733286912528e-07,13.9,1.0445581223494e-06
2606708,"Mogibacterium kristiansenii",13,9.7733286912528e-07,12.2,9.1540667488425e-07
1613,"Limosilactobacillus fermentum",13,9.7733286912528e-07,11.7,8.7962648155265e-07
1737,"Paraclostridium tenue",13,9.7733286912528e-07,13.1,9.83263607110055e-07
176160,"Aspergillus ambiguus",13,9.7733286912528e-07,13.4,1.00786152443013e-06
NA,"unknown genome; accession ID isNZ_DAWEQI010000150.1",13,9.7733286912528e-07,13,9.77333358362786e-07
NA,"unknown genome; accession ID isNZ_DAWEQI010000174.1",13,9.7733286912528e-07,12.5,9.43463491134424e-07
NA,"unknown genome; accession ID isNZ_DAWEQI010000184.1",13,9.7733286912528e-07,13,9.77333418646398e-07
NA,"unknown genome; accession ID isNZ_DAWEQI010000200.1",13,9.7733286912528e-07,13,9.77333197938438e-07
NA,"unknown genome; accession ID isNZ_DAWEQI010000202.1",13,9.7733286912528e-07,13.1,9.83405584157061e-07
NA,"unknown genome; accession ID isNZ_DAWEQI010000205.1",13,9.7733286912528e-07,13,9.77333571953577e-07
1841857,"Culturomica massiliensis",13,9.7733286912528e-07,13.9,1.04710583517132e-06
1944636,"Parabacteroides provencensis",13,9.7733286912528e-07,13,9.78877350835669e-07
1870999,"Metaprevotella massiliensis",13,9.7733286912528e-07,20.4,1.53670083656233e-06
3014267,"Agathobaculum massiliense",13,9.7733286912528e-07,12.5,9.43345041923232e-07
548479,"Mobiluncus curtisii",12,9.02153417654105e-07,13.6,1.0190412689766e-06
1392248,"Aspergillus campestris",12,9.02153417654105e-07,12.5,9.43056037111219e-07
2707003,"Streptococcus chosunensis",12,9.02153417654105e-07,12.3,9.27318850148987e-07
930854,"Enterococcus viikkiensis",12,9.02153417654105e-07,12.3,9.23070460411626e-07
2605433,"Sphingobacterium phlebotomi",12,9.02153417654105e-07,12.3,9.21733304145578e-07
180957,"Pectobacterium brasiliense",12,9.02153417654105e-07,11.3,8.4598319761307e-07
267818,"Lactobacillus kefiranofaciens",12,9.02153417654105e-07,11.3,8.47663774289304e-07
2762229,"Escherichia whittamii",12,9.02153417654105e-07,12.4,9.28799291725257e-07
77635,"Bifidobacterium subtile",12,9.02153417654105e-07,12,9.02153669198592e-07
2796366,"Comamonas fluminis",12,9.02153417654105e-07,12,9.04536731419478e-07
2866998,"Streptococcus hohhotensis",12,9.02153417654105e-07,13.2,9.93030671115683e-07
1812259,"Streptomyces ginkgonis",12,9.02153417654105e-07,13.6,1.01890566430577e-06
28111,"Bacteroides eggerthii",12,9.02153417654105e-07,12.4,9.3058214569839e-07
3035284,"Prevotella sp. B2-R-102",12,9.02153417654105e-07,14.3,1.07131449937014e-06
664643,"Vibrio plantisponsor",12,9.02153417654105e-07,10.9,8.19097838274077e-07
1855371,"Phytobacter palmae",12,9.02153417654105e-07,12.6,9.48568998642293e-07
59298,"Streptomyces thermocarboxydovorans",12,9.02153417654105e-07,12.1,9.06739239981816e-07
2781224,"Neodothiora populina",12,9.02153417654105e-07,12.1,9.10973712232315e-07
2011099,"Aliarcobacter vitoriensis",12,9.02153417654105e-07,12.6,9.47661251988567e-07
NA,"unknown genome; accession ID isNZ_DAWEQI010000203.1",12,9.02153417654105e-07,12,9.02153621124349e-07
NA,"unknown genome; accession ID isNZ_DAWEQI010000207.1",12,9.02153417654105e-07,12,9.02153621124349e-07
1115758,"Romboutsia ilealis",12,9.02153417654105e-07,10.4,7.84136852389704e-07
1121025,"Atopostipes suicloacalis",12,9.02153417654105e-07,12.1,9.11182421696329e-07
1329,"Streptococcus canis",12,9.02153417654105e-07,12,9.0323226915987e-07
1121094,"Phocaeicola barnesiae",11,8.26973966182929e-07,12.3,9.24832744240967e-07
212818,"Exophiala mesophila",11,8.26973966182929e-07,8.6,6.48045654899718e-07
1393034,"Atopobium deltae",11,8.26973966182929e-07,14.2,1.0641847135756e-06
51669,"Tetragenococcus halophilus",11,8.26973966182929e-07,12.1,9.08473088585214e-07
28119,"Bacteroides zoogleoformans",11,8.26973966182929e-07,11.1,8.37835016346229e-07
1032239,"Aliarcobacter skirrowii",11,8.26973966182929e-07,10.5,7.8644481360961e-07
248316,"Veillonella caviae",11,8.26973966182929e-07,11,8.26986284263605e-07
631,"Yersinia intermedia",11,8.26973966182929e-07,12.2,9.15022943102544e-07
2763048,"Flintibacter hominis",11,8.26973966182929e-07,11.1,8.31141075920547e-07
2785629,"Leclercia barmai",11,8.26973966182929e-07,10.4,7.78453787497148e-07
2885356,"Hominilimicola fabiformis",11,8.26973966182929e-07,11.9,8.92188627968598e-07
2666183,"Pseudomonas juntendi",11,8.26973966182929e-07,14,1.0508062044761e-06
2949333,"Ohessyouella blattaphilus",11,8.26973966182929e-07,11,8.26977530599507e-07
2742601,"Limosilactobacillus portuensis",11,8.26973966182929e-07,8.8,6.60510524911163e-07
36646,"Penicillium coprophilum",11,8.26973966182929e-07,11.3,8.47395509673729e-07
1562058,"Penicillium pulvis",11,8.26973966182929e-07,11.1,8.35953400013797e-07
3030016,"Caproicibacterium argilliputei",11,8.26973966182929e-07,11.9,8.93543439914902e-07
1194168,"Comamonas jiangduensis",11,8.26973966182929e-07,11.7,8.82782059474739e-07
1720204,"Collinsella ihumii",11,8.26973966182929e-07,11,8.26974176929573e-07
396014,"Brachybacterium phenoliresistens",11,8.26973966182929e-07,11.2,8.39939754737608e-07
180332,"Robinsoniella peoriensis",11,8.26973966182929e-07,11.1,8.33794808772288e-07
1810928,"Aspergillus undulatus",11,8.26973966182929e-07,11,8.29290833300132e-07
NA,"unknown genome; accession ID isNZ_DAWEQI010000201.1",11,8.26973966182929e-07,11,8.2697415269732e-07
NA,"unknown genome; accession ID isNZ_DAWEQI010000212.1",11,8.26973966182929e-07,11,8.2697415269732e-07
NA,"unknown genome; accession ID isNZ_DAWEQI010000213.1",11,8.26973966182929e-07,11,8.26974152699335e-07
NA,"unknown genome; accession ID isNZ_DAWEQI010000220.1",11,8.26973966182929e-07,11,8.26999396310557e-07
NA,"unknown genome; accession ID isNZ_DAWEQI010000222.1",11,8.26973966182929e-07,11,8.2697415269732e-07
NA,"unknown genome; accession ID isNZ_DAWEQI010000226.1",11,8.26973966182929e-07,11,8.2697415269732e-07
NA,"unknown genome; accession ID isNZ_DAWEQI010000233.1",11,8.26973966182929e-07,11,8.26978585517503e-07
NA,"unknown genome; accession ID isNZ_DAWEQI010000234.1",11,8.26973966182929e-07,11,8.2697415269732e-07
2058292,"Aedoeadaptatus coli",11,8.26973966182929e-07,11.5,8.68276436078552e-07
2831590,"Buttiauxella massiliensis",11,8.26973966182929e-07,11,8.26987171204127e-07
546,"Citrobacter freundii",11,8.26973966182929e-07,13.6,1.02197490394586e-06
2941515,"Otoolea muris",11,8.26973966182929e-07,11.7,8.80277744690535e-07
559292,"Saccharomyces cerevisiae",10,7.51794514711754e-07,14.8,1.11105148560719e-06
1236512,"Bacteroides rodentium",10,7.51794514711754e-07,11,8.26925472111242e-07
1410674,"Sharpea azabuensis",10,7.51794514711754e-07,10.2,7.681941600583e-07
5866,"Babesia bigemina",10,7.51794514711754e-07,9.5,7.15833684867884e-07
2338368,"Alcanivorax profundi",10,7.51794514711754e-07,10,7.54806024900692e-07
1433513,"Streptococcus gwangjuensis",10,7.51794514711754e-07,12.2,9.1567428738058e-07
1857217,"Candidatus Enterococcus huntleyi",10,7.51794514711754e-07,13.1,9.86749565959319e-07
393006,"Tamlana crocina",10,7.51794514711754e-07,9.7,7.27518246168451e-07
394095,"Pyxidicoccus fallax",10,7.51794514711754e-07,9.2,6.89182156393661e-07
1292134,"Stenotrophomonas africana",10,7.51794514711754e-07,9.9,7.47884182904762e-07
2816080,"Alicyclobacillus suci",10,7.51794514711754e-07,10,7.50436026530796e-07
2815358,"Leclercia pneumoniae",10,7.51794514711754e-07,10.9,8.21755858957505e-07
2738446,"Anaerostipes faecalis",10,7.51794514711754e-07,11.2,8.43988030708749e-07
2100116,"Vibrio echinoideorum",10,7.51794514711754e-07,8.2,6.17141554081292e-07
3002863,"Methanocorpusculum petauri",10,7.51794514711754e-07,10,7.51867164194932e-07
5083,"Penicillium canescens",10,7.51794514711754e-07,10.2,7.70284005696188e-07
1882272,"Penicillium samsonianum",10,7.51794514711754e-07,9.9,7.43816966882271e-07
NA,"unknown genome; accession ID isNZ_AP028032.1",10,7.51794514711754e-07,10.1,7.56855901001883e-07
3075527,"Streptomyces edwardsiae",10,7.51794514711754e-07,10,7.51794684270291e-07
3133167,"Faecousia intestinalis",10,7.51794514711754e-07,10.1,7.60282392210928e-07
NA,"unknown genome; accession ID isNZ_DAWEQI010000211.1",10,7.51794514711754e-07,10.5,7.85664282687245e-07
NA,"unknown genome; accession ID isNZ_DAWEQI010000215.1",10,7.51794514711754e-07,10,7.51794684270291e-07
NA,"unknown genome; accession ID isNZ_DAWEQI010000227.1",10,7.51794514711754e-07,10,7.517952884667e-07
NA,"unknown genome; accession ID isNZ_DAWEQI010000240.1",10,7.51794514711754e-07,10,7.51794684270291e-07
1816678,"Christensenella timonensis",10,7.51794514711754e-07,10,7.54357790040917e-07
871324,"Bacteroides stercorirosoris",10,7.51794514711754e-07,10.2,7.6741224759079e-07
655813,"Streptococcus oralis",10,7.51794514711754e-07,10.3,7.74501641012362e-07
294747,"Candida tropicalis",9,6.76615063240579e-07,8.1,6.095037329022e-07
445971,"Anaerofustis stercorihominis",9,6.76615063240579e-07,9,6.76615215843262e-07
742818,"Slackia piriformis",9,6.76615063240579e-07,9,6.78038375644361e-07
1156431,"Streptococcus ilei",9,6.76615063240579e-07,9.7,7.28792493321302e-07
1676614,"Xylanibacter rarus",9,6.76615063240579e-07,9.1,6.85617152368776e-07
69781,"Penicillium oxalicum",9,6.76615063240579e-07,9.5,7.11980664293755e-07
2024554,"Virgibacillus indicus",9,6.76615063240579e-07,9,6.77249970148087e-07
1111760,"Streptococcus troglodytae",9,6.76615063240579e-07,9.1,6.85311635454411e-07
2552766,"Meridianimarinicoccus aquatilis",9,6.76615063240579e-07,9.9,7.42995422941093e-07
33898,"Streptomyces galbus",9,6.76615063240579e-07,9,6.76615215843262e-07
3098669,"Candidatus Pantoea soli",9,6.76615063240579e-07,9.5,7.15494773420672e-07
152268,"Metabacillus litoralis",9,6.76615063240579e-07,9,6.76615215843262e-07
2607659,"Nocardioides antri",9,6.76615063240579e-07,9.1,6.84049119932761e-07
2713419,"Collinsella acetigenes",9,6.76615063240579e-07,10.4,7.78299529078681e-07
1538103,"Pseudochelatococcus contaminans",9,6.76615063240579e-07,9.1,6.87635103089869e-07
2763061,"Roseburia lenta",9,6.76615063240579e-07,9,6.78427614189907e-07
2762212,"Phocaeicola intestinalis",9,6.76615063240579e-07,10.3,7.75546138777996e-07
255519,"Atlantibacter subterraneus",9,6.76615063240579e-07,9.3,7.01944544490204e-07
544645,"Butyricimonas virosa",9,6.76615063240579e-07,15.8,1.18653774262534e-06
2994643,"Alcaligenes nematophilus",9,6.76615063240579e-07,8.9,6.65734940974811e-07
1437816,"Methylopila turkensis",9,6.76615063240579e-07,10,7.50657740353535e-07
3075546,"Blastococcus goldschmidtiae",9,6.76615063240579e-07,9,6.76615241737653e-07
1559,"Clostridium tertium",9,6.76615063240579e-07,9.1,6.83498905631109e-07
358743,"Enterocloster citroniae",9,6.76615063240579e-07,9.1,6.83383038457917e-07
2725494,"Kluyvera sichuanensis",9,6.76615063240579e-07,9.5,7.1073745738226e-07
1994,"Actinomadura rugatobispora",9,6.76615063240579e-07,9,6.77007089365218e-07
NA,"unknown genome; accession ID isNZ_DAWEQI010000186.1",9,6.76615063240579e-07,9,6.76615215843262e-07
NA,"unknown genome; accession ID isNZ_DAWEQI010000199.1",9,6.76615063240579e-07,9,6.76615215843262e-07
NA,"unknown genome; accession ID isNZ_DAWEQI010000209.1",9,6.76615063240579e-07,9,6.76615215843262e-07
NA,"unknown genome; accession ID isNZ_DAWEQI010000237.1",9,6.76615063240579e-07,9,6.76615215843262e-07
NA,"unknown genome; accession ID isNZ_DAWEQI010000241.1",9,6.76615063240579e-07,9,6.76615215843262e-07
NA,"unknown genome; accession ID isNZ_DAWEQI010000244.1",9,6.76615063240579e-07,9,6.76615215843262e-07
1836972,"Frankia canadensis",9,6.76615063240579e-07,11,8.29631742406358e-07
764299,"Streptococcus ictaluri",8,6.01435611769403e-07,9.7,7.32157868317713e-07
1035377,"Yersinia pestis",8,6.01435611769403e-07,8,6.01908752013418e-07
5078,"Penicillium griseofulvum",8,6.01435611769403e-07,7.6,5.73558753623448e-07
1511761,"Leuconostoc suionicum",8,6.01435611769403e-07,8.3,6.21502436878984e-07
1834167,"Candidatus Enterococcus lemimoniae",8,6.01435611769403e-07,7.9,5.92979487176863e-07
1982628,"Faecalibacillus faecis",8,6.01435611769403e-07,10.1,7.57534041389677e-07
67780,"Edwardsiella ictaluri",8,6.01435611769403e-07,7.2,5.42670413221358e-07
1448311,"Aspergillus vadensis",8,6.01435611769403e-07,7.8,5.88668273643575e-07
2014742,"Vibrio tarriae",8,6.01435611769403e-07,7.5,5.63686168568913e-07
1341132,"Aspergillus welwitschiae",8,6.01435611769403e-07,8,6.02106938199755e-07
2716335,"Falsiroseomonas selenitidurans",8,6.01435611769403e-07,8,6.0244803179714e-07
1288495,"Diaphorobacter aerolatus",8,6.01435611769403e-07,6.5,4.87311321880995e-07
285729,"Fusobacterium canifelinum",8,6.01435611769403e-07,7.1,5.31416402315786e-07
1891207,"Thaumasiovibrio subtropicus",8,6.01435611769403e-07,6.9,5.1563849327361e-07
51288,"Kluyvera ascorbata",8,6.01435611769403e-07,8,6.00297833509433e-07
2949669,"Curtanaerobium respiraculi",8,6.01435611769403e-07,8,6.02402482554024e-07
1337051,"Murimonas intestini",8,6.01435611769403e-07,8,6.02180779001486e-07
2981778,"Agathobaculum ammoniilyticum",8,6.01435611769403e-07,8,6.02917355134844e-07
416450,"Penicillium antarcticum",8,6.01435611769403e-07,7.7,5.76413062811934e-07
3031993,"Enterococcus montenegrensis",8,6.01435611769403e-07,11.7,8.77126227125585e-07
1472416,"Butyricimonas faecihominis",8,6.01435611769403e-07,8.4,6.30965547357708e-07
3073100,"Candidatus Cetobacterium colombiensis",8,6.01435611769403e-07,10.7,8.00795097300721e-07
650003,"Vibrio paracholerae",8,6.01435611769403e-07,8.5,6.40088463551572e-07
411570,"Peptoniphilus olsenii",8,6.01435611769403e-07,7,5.26647459390075e-07
3342829,"Providencia zhejiangensis",8,6.01435611769403e-07,8.1,6.07191589220573e-07
NA,"unknown genome; accession ID isNZ_DAWEQI010000182.1",8,6.01435611769403e-07,8,6.01435747416233e-07
NA,"unknown genome; accession ID isNZ_DAWEQI010000192.1",8,6.01435611769403e-07,8,6.01435747416233e-07
NA,"unknown genome; accession ID isNZ_DAWEQI010000206.1",8,6.01435611769403e-07,8,6.01435747416233e-07
NA,"unknown genome; accession ID isNZ_DAWEQI010000230.1",8,6.01435611769403e-07,8,6.01435747416233e-07
NA,"unknown genome; accession ID isNZ_DAWEQI010000231.1",8,6.01435611769403e-07,8,6.0145878822333e-07
1852387,"Streptococcus timonensis",8,6.01435611769403e-07,8.3,6.26118296304537e-07
1871002,"Acidaminococcus timonensis",8,6.01435611769403e-07,8,6.02216378122725e-07
1852371,"Raoultibacter massiliensis",8,6.01435611769403e-07,7.9,5.97035288696623e-07
592026,"Catonella morbi",7,5.26256160298228e-07,7,5.27389331548319e-07
887899,"Mobiluncus holmesii",7,5.26256160298228e-07,7,5.26270670838523e-07
630626,"Shimwellia blattae",7,5.26256160298228e-07,7.8,5.84296300911638e-07
78343,"Bifidobacterium boum",7,5.26256160298228e-07,7.3,5.5139331790247e-07
171383,"Vibrio hepatarius",7,5.26256160298228e-07,6.9,5.1981368762005e-07
1514105,"Erysipelothrix larvae",7,5.26256160298228e-07,7.3,5.48688733535527e-07
2249428,"Aliidiomarina celeris",7,5.26256160298228e-07,6,4.51429677611412e-07
1796628,"Longibaculum muris",7,5.26256160298228e-07,7,5.26256279206614e-07
2559929,"Enterococcus hulanensis",7,5.26256160298228e-07,6.7,5.05466456854604e-07
657276,"Vogesella mureinivorans",7,5.26256160298228e-07,7.2,5.41148957485757e-07
2478464,"Enterobacter oligotrophicus",7,5.26256160298228e-07,7.1,5.32976233691098e-07
2916441,"Adlercreutzia rubneri",7,5.26256160298228e-07,7,5.2625756211304e-07
46256,"Weissella hellenica",7,5.26256160298228e-07,7.2,5.38050364016391e-07
1355374,"Aliarcobacter lanthieri",7,5.26256160298228e-07,6.9,5.2171244968673e-07
104628,"Helicobacter suis",7,5.26256160298228e-07,7,5.26262373059574e-07
1476463,"Flavobacterium palustre",7,5.26256160298228e-07,7.9,5.94440797036049e-07
658225,"Sphingomonas glacialis",7,5.26256160298228e-07,7,5.28199666553249e-07
2787622,"Rahnella laticis",7,5.26256160298228e-07,7.3,5.51955582091349e-07
2080838,"Lelliottia aquatilis",7,5.26256160298228e-07,7.4,5.58852338123344e-07
990412,"Limosilactobacillus alvi",7,5.26256160298228e-07,7.3,5.45689444674923e-07
2748301,"Streptococcus vaginalis",7,5.26256160298228e-07,7.4,5.57000382719114e-07
2230878,"Candidatus Enterococcus mangumiae",7,5.26256160298228e-07,7.2,5.41208780651466e-07
261299,"Intestinibacter bartlettii",7,5.26256160298228e-07,8.5,6.40572258314569e-07
2925396,"Dryocola clanedunensis",7,5.26256160298228e-07,7,5.26286857992036e-07
63821,"Penicillium daleae",7,5.26256160298228e-07,6.7,5.01894610826306e-07
2685834,"Parabacteroides chongii",7,5.26256160298228e-07,7.3,5.45605484941537e-07
3058913,"Kocuria oxytropis",7,5.26256160298228e-07,7,5.26416342468486e-07
NA,"unknown genome; accession ID isNZ_DAWEHO010000023.1",7,5.26256160298228e-07,7,5.26329506706818e-07
NA,"unknown genome; accession ID isNZ_DAWEQI010000204.1",7,5.26256160298228e-07,7,5.26256278989204e-07
NA,"unknown genome; accession ID isNZ_DAWEQI010000214.1",7,5.26256160298228e-07,7,5.26272306826137e-07
NA,"unknown genome; accession ID isNZ_DAWEQI010000216.1",7,5.26256160298228e-07,7,5.26256278989204e-07
NA,"unknown genome; accession ID isNZ_DAWEQI010000221.1",7,5.26256160298228e-07,7,5.26256278989204e-07
NA,"unknown genome; accession ID isNZ_DAWEQI010000223.1",7,5.26256160298228e-07,7,5.26256687733937e-07
NA,"unknown genome; accession ID isNZ_DAWEQI010000242.1",7,5.26256160298228e-07,7,5.26256278989204e-07
NA,"unknown genome; accession ID isNZ_DAWEQI010000245.1",7,5.26256160298228e-07,7,5.26256278989204e-07
288768,"Bordetella ansorpii",7,5.26256160298228e-07,7,5.26202856041433e-07
1745713,"Bariatricus massiliensis",7,5.26256160298228e-07,8.4,6.30167633885364e-07
1642646,"Petrimonas mucosa",7,5.26256160298228e-07,7,5.28099618023221e-07
1871033,"Olsenella urininfantis",7,5.26256160298228e-07,6.3,4.72500796329027e-07
147207,"Collinsella intestinalis",7,5.26256160298228e-07,7.1,5.32333168429866e-07
1852381,"Duodenibacillus massiliensis",7,5.26256160298228e-07,7,5.26256278989204e-07
561229,"Dickeya chrysanthemi",6,4.51076708827052e-07,6.1,4.57245272660337e-07
762967,"Sutterella parvirubra",6,4.51076708827052e-07,6.3,4.74212805892492e-07
1123311,"Streptococcus orisratti",6,4.51076708827052e-07,6.4,4.84111125377139e-07
1346791,"Sphingobium ummariense",6,4.51076708827052e-07,6.4,4.80562100599916e-07
1501230,"Paenibacillus tyrfis",6,4.51076708827052e-07,6,4.5173585791936e-07
1673722,"Actinomyces ihuae",6,4.51076708827052e-07,6,4.51076890940013e-07
1082851,"Comamonas serinivorans",6,4.51076708827052e-07,7.6,5.69317709674457e-07
1796620,"Acutalibacter muris",6,4.51076708827052e-07,6.1,4.59871334718601e-07
1642702,"Paludifilum halophilum",6,4.51076708827052e-07,7.1,5.33801085878918e-07
1448314,"Aspergillus eucalypticola",6,4.51076708827052e-07,7.4,5.54331978512149e-07
2056311,"Algoriphagus lacus",6,4.51076708827052e-07,6.3,4.7444167608918e-07
29494,"Vibrio furnissii",6,4.51076708827052e-07,8.2,6.1569790457624e-07
2026654,"Flavobacterium luteum",6,4.51076708827052e-07,6,4.51078695810676e-07
37727,"Talaromyces marneffei",6,4.51076708827052e-07,5.3,4.00680994711455e-07
1857215,"Candidatus Enterococcus willemsii",6,4.51076708827052e-07,5.9,4.4362856020123e-07
2604158,"Nitratidesulfovibrio liaohensis",6,4.51076708827052e-07,6,4.51076810562175e-07
2722702,"Salinimicrobium oceani",6,4.51076708827052e-07,6.4,4.83936669501008e-07
2736290,"Xylanibacter muris",6,4.51076708827052e-07,6.3,4.75674272106234e-07
2666138,"Caproicibacterium lactatifermentans",6,4.51076708827052e-07,6,4.5114266750705e-07
1494461,"Pseudolactococcus laudensis",6,4.51076708827052e-07,6,4.54635395230194e-07
2763667,"Wansuia hejianensis",6,4.51076708827052e-07,6.1,4.55968459220589e-07
2726954,"Candidatus Sarcina troglodytae",6,4.51076708827052e-07,6,4.51076906677644e-07
1563222,"Citrobacter pasteurii",6,4.51076708827052e-07,6.5,4.85243775693171e-07
997348,"Neisseria macacae",6,4.51076708827052e-07,6.4,4.82073921022247e-07
2925397,"Dryocola boscaweniae",6,4.51076708827052e-07,6.2,4.62360423407386e-07
293559,"Penicillium concentricum",6,4.51076708827052e-07,6.9,5.20228124766398e-07
379893,"Trabulsiella odontotermitis",6,4.51076708827052e-07,6,4.54179025209532e-07
3133178,"Flavonifractor hominis",6,4.51076708827052e-07,6,4.51592713115428e-07
181172,"Vanrija albida",6,4.51076708827052e-07,5.8,4.37914064939403e-07
3350256,"Comamonas trifloxystrobinivorans",6,4.51076708827052e-07,6.3,4.74808207046914e-07
NA,"unknown genome; accession ID isNZ_DAWEQI010000218.1",6,4.51076708827052e-07,6,4.51175057384932e-07
NA,"unknown genome; accession ID isNZ_DAWEQI010000224.1",6,4.51076708827052e-07,6,4.51076810562175e-07
NA,"unknown genome; accession ID isNZ_DAWEQI010000232.1",6,4.51076708827052e-07,6,4.51076810562175e-07
NA,"unknown genome; accession ID isNZ_DAWEQI010000238.1",6,4.51076708827052e-07,6,4.51076810562175e-07
NA,"unknown genome; accession ID isNZ_DAWEQI010000239.1",6,4.51076708827052e-07,6,4.51076810562175e-07
1745712,"Anaerococcus urinomassiliensis",6,4.51076708827052e-07,6.1,4.57807184069624e-07
158847,"Megamonas hypermegale",6,4.51076708827052e-07,6.1,4.57376539571712e-07
2161819,"[Erwinia] mediterraneensis",6,4.51076708827052e-07,5.7,4.31944591492776e-07
344612,"Aspergillus clavatus",5,3.75897257355877e-07,3.7,2.7985232099255e-07
215243,"Exophiala oligosperma",5,3.75897257355877e-07,7.1,5.36027641513152e-07
1159491,"Cronobacter malonaticus",5,3.75897257355877e-07,5,3.74839568179529e-07
616990,"Levilactobacillus paucivorans",5,3.75897257355877e-07,3.9,2.9472081181735e-07
76857,"Fusobacterium polymorphum",5,3.75897257355877e-07,4.9,3.68049444093891e-07
1926881,"Izhakiella australiensis",5,3.75897257355877e-07,4.8,3.60722599626978e-07
1905142,"Amycolatopsis vastitatis",5,3.75897257355877e-07,5,3.76012082332928e-07
1291764,"Lactococcus fujiensis",5,3.75897257355877e-07,5.6,4.19946671477283e-07
2041044,"Eubacterium maltosivorans",5,3.75897257355877e-07,7.1,5.35593834014451e-07
28113,"Bacteroides heparinolyticus",5,3.75897257355877e-07,5,3.78423830291127e-07
215200,"Peptostreptococcus russellii",5,3.75897257355877e-07,5.4,4.07354713753637e-07
2259592,"Jannaschia formosa",5,3.75897257355877e-07,5.9,4.45884973610828e-07
1220188,"Aspergillus tanneri",5,3.75897257355877e-07,4.2,3.17349535061813e-07
28141,"Cronobacter sakazakii",5,3.75897257355877e-07,5.1,3.859629052758e-07
69224,"Erwinia psidii",5,3.75897257355877e-07,7.3,5.48793318779248e-07
72026,"Helcococcus ovis",5,3.75897257355877e-07,4.4,3.29317173602948e-07
2530451,"Ramlibacter humi",5,3.75897257355877e-07,5.2,3.89055465068641e-07
2562439,"Mixta tenebrionis",5,3.75897257355877e-07,5.1,3.82961288980216e-07
2211183,"Evtepia gabavorous",5,3.75897257355877e-07,5.1,3.8212658914734e-07
2605638,"Bradyrhizobium hipponense",5,3.75897257355877e-07,4.7,3.51799756267327e-07
1155073,"Enterococcus diestrammenae",5,3.75897257355877e-07,8.3,6.23724248912157e-07
2722820,"Actinomyces faecalis",5,3.75897257355877e-07,5,3.75904198837401e-07
873191,"Arcobacter defluvii",5,3.75897257355877e-07,5.4,4.04556601693335e-07
2762223,"Clostridium faecium",5,3.75897257355877e-07,5.1,3.81908047525341e-07
61016,"Virgibacillus salexigens",5,3.75897257355877e-07,5,3.76225757716523e-07
2799577,"Lacticaseibacillus suilingensis",5,3.75897257355877e-07,5,3.75897342135145e-07
2850322,"Diplocloster modestus",5,3.75897257355877e-07,5.6,4.18015571011385e-07
2816248,"Rahnella bonaserana",5,3.75897257355877e-07,5.9,4.45938485204584e-07
585,"Proteus vulgaris",5,3.75897257355877e-07,4.5,3.41490964303416e-07
2838522,"Candidatus Collinsella stercoripullorum",5,3.75897257355877e-07,4.6,3.49379484904032e-07
1642,"Listeria innocua",5,3.75897257355877e-07,5.2,3.89063139722062e-07
176176,"Penicillium paradoxum",5,3.75897257355877e-07,5.1,3.80861250981806e-07
517011,"Stenotrophomonas chelatiphaga",5,3.75897257355877e-07,5.4,4.0570057663509e-07
113569,"Cryptosporangium minutisporangium",5,3.75897257355877e-07,5,3.76129568062544e-07
3097367,"Actinomadura monticuli",5,3.75897257355877e-07,5,3.76151577244696e-07
3144416,"Cedecea sp. S5-13",5,3.75897257355877e-07,5.1,3.82317584930375e-07
1516126,"Dysgonomonas termitidis",5,3.75897257355877e-07,5,3.75897342135145e-07
453959,"Enterococcus camelliae",5,3.75897257355877e-07,5,3.75962094852541e-07
1653434,"Sellimonas intestinalis",5,3.75897257355877e-07,5,3.772060925558e-07
NA,"unknown genome; accession ID isNZ_DAWEQI010000217.1",5,3.75897257355877e-07,5,3.75897342135145e-07
4781,"Plasmopara halstedii",5,3.75897257355877e-07,5.1,3.80443654646413e-07
1776382,"Neglectibacter timonensis",5,3.75897257355877e-07,5.1,3.80540006388161e-07
69824,"Thomasclavelia cocleata",5,3.75897257355877e-07,5,3.73348953691191e-07
1852370,"Prevotellamassilia timonensis",5,3.75897257355877e-07,5.1,3.81255537451953e-07
1533,"Clostridium fallax",5,3.75897257355877e-07,5,3.75897342135145e-07
2040291,"Dorea phocaeensis",5,3.75897257355877e-07,5.2,3.93921466862806e-07
2880704,"Duncaniella muricolitica",5,3.75897257355877e-07,4.9,3.67777346454869e-07
2899519,"Anaerococcus ihuae",5,3.75897257355877e-07,4.7,3.51887899211819e-07
885040,"Enterobacter soli",4,3.00717805884702e-07,4.1,3.07069532201922e-07
742817,"Odoribacter laneus",4,3.00717805884702e-07,4,3.0086001605334e-07
1513468,"Rouxiella chamberiensis",4,3.00717805884702e-07,4.3,3.25153609337368e-07
511,"Alcaligenes faecalis",4,3.00717805884702e-07,5.4,4.02274278345291e-07
1073999,"Cronobacter condimenti",4,3.00717805884702e-07,5,3.74842003941796e-07
312540,"Acidiplasma cupricumulans",4,3.00717805884702e-07,4,3.00717876245e-07
1720315,"Hugonella massiliensis",4,3.00717805884702e-07,4,3.0075168051945e-07
537007,"Blautia hansenii",4,3.00717805884702e-07,4,3.02400971531437e-07
2994495,"Pseudomonas paraeruginosa",4,3.00717805884702e-07,4,3.02710108549479e-07
2479546,"Vibrio zhugei",4,3.00717805884702e-07,3.9,2.95719885233096e-07
230658,"Paraeggerthella hongkongensis",4,3.00717805884702e-07,4,3.00775917981464e-07
2562451,"Vagococcus xieshaowenii",4,3.00717805884702e-07,4,3.03258503819328e-07
2530390,"Muribaculum gordoncarteri",4,3.00717805884702e-07,4,3.02709356698778e-07
2582419,"Dialister hominis",4,3.00717805884702e-07,4,3.00717873708116e-07
665913,"Mixta calida",4,3.00717805884702e-07,3.8,2.86074136431053e-07
109328,"Leptotrichia trevisanii",4,3.00717805884702e-07,3.8,2.83448297810171e-07
2055836,"Natronococcus pandeyae",4,3.00717805884702e-07,3.2,2.36816348896578e-07
2307010,"Candidatus Galacturonatibacter soehngenii",4,3.00717805884702e-07,4,3.00718634039103e-07
2692629,"Copranaerobaculum intestinale",4,3.00717805884702e-07,4.9,3.68982758165121e-07
673271,"Catenibacillus scindens",4,3.00717805884702e-07,4,3.04358536191556e-07
2763016,"Anaerofilum hominis",4,3.00717805884702e-07,4,3.04113706806121e-07
2763067,"Streptococcus hominis",4,3.00717805884702e-07,4,3.03756345952891e-07
1769422,"Galliscardovia ingluviei",4,3.00717805884702e-07,4,3.00717873708116e-07
2779518,"Blautia liquoris",4,3.00717805884702e-07,4.5,3.38844229877797e-07
138277,"Aspergillus melleus",4,3.00717805884702e-07,4.3,3.20684396170775e-07
1258,"Peptoniphilus asaccharolyticus",4,3.00717805884702e-07,4.5,3.35430853210848e-07
1151742,"Lactococcus taiwanensis",4,3.00717805884702e-07,4,3.00738956162394e-07
1917880,"Nissabacter archeti",4,3.00717805884702e-07,4.5,3.41258127786189e-07
2841504,"Dysosmobacter acutus",4,3.00717805884702e-07,4,3.01380430603037e-07
472693,"Pantoea eucrina",4,3.00717805884702e-07,3.9,2.93867955303416e-07
3044279,"Massilia hydrophila",4,3.00717805884702e-07,4,3.00717873708116e-07
296199,"Vibrio gigantis",4,3.00717805884702e-07,4.5,3.37570204698521e-07
1324864,"[Pantoea] beijingensis",4,3.00717805884702e-07,4.6,3.46339059584262e-07
2972466,"Tractidigestivibacter montrealensis",4,3.00717805884702e-07,4,3.03827992506535e-07
428126,"Thomasclavelia spiroformis",4,3.00717805884702e-07,4,3.00733068770716e-07
3046670,"Comamonas resistens",4,3.00717805884702e-07,5.1,3.85392674554391e-07
3079305,"Veillonella absiana",4,3.00717805884702e-07,4.8,3.61930767750295e-07
3139408,"Kosakonia calanthes",4,3.00717805884702e-07,4.4,3.2834095091239e-07
111803,"Actinocorallia longicatena",4,3.00717805884702e-07,4,3.00992722576218e-07
796890,"Gibbsiella dentisursi",4,3.00717805884702e-07,4,3.01059083239127e-07
638574,"Nonomuraea rosea",4,3.00717805884702e-07,4,3.01227684695612e-07
1134781,"Methylopila musalis",4,3.00717805884702e-07,5.2,3.93578028019141e-07
NA,"unknown genome; accession ID isNZ_DAWEQI010000235.1",4,3.00717805884702e-07,4,3.01030868240815e-07
NA,"unknown genome; accession ID isNZ_DAWEQI010000246.1",4,3.00717805884702e-07,4,3.00717873708116e-07
NA,"unknown genome; accession ID isNZ_DAWEQI010000247.1",4,3.00717805884702e-07,4,3.00717873708116e-07
1852386,"Thermophilibacter provencensis",4,3.00717805884702e-07,4.2,3.12975079790756e-07
1917878,"Prevotella ihumii",4,3.00717805884702e-07,8.3,6.25586662049379e-07
158823,"Cedecea lapagei",4,3.00717805884702e-07,4,3.01159759948027e-07
1328,"Streptococcus anginosus",4,3.00717805884702e-07,4.4,3.30757065714466e-07
1870985,"Arabiibacter massiliensis",4,3.00717805884702e-07,4.2,3.13017735544328e-07
2686067,"Fusobacterium watanabei",4,3.00717805884702e-07,3.6,2.72421180955713e-07
862517,"Peptoniphilus duerdenii",3,2.25538354413526e-07,5.2,3.9141023537958e-07
883077,"Schaalia turicensis",3,2.25538354413526e-07,3,2.25538507138013e-07
1121024,"Atopococcus tabaci",3,2.25538354413526e-07,3,2.28609277925993e-07
1177154,"Alcanivorax nanhaiticus",3,2.25538354413526e-07,3.3,2.47337499979066e-07
796334,"Erwinia oleae",3,2.25538354413526e-07,3.1,2.32724020889561e-07
633415,"Aeromonas sanarellii",3,2.25538354413526e-07,3,2.2567710282989e-07
1194083,"Nostocoides japonicum",3,2.25538354413526e-07,3,2.25764538842093e-07
76859,"Fusobacterium animalis",3,2.25538354413526e-07,3.6,2.69195022297656e-07
1423801,"Liquorilactobacillus satsumensis",3,2.25538354413526e-07,3.6,2.70478867790601e-07
1655433,"Candidatus Thiodiazotropha endolucinida",3,2.25538354413526e-07,2.8,2.14072676971301e-07
1964541,"Pantoea latae",3,2.25538354413526e-07,3,2.25539186408958e-07
1660076,"Campylobacter vicugnae",3,2.25538354413526e-07,3,2.25538405281087e-07
2019431,"Thauera propionica",3,2.25538354413526e-07,2.7,1.99413979953896e-07
2025808,"Vibrio qinghaiensis",3,2.25538354413526e-07,3.9,2.96000641961371e-07
2024555,"Virgibacillus profundi",3,2.25538354413526e-07,3,2.25538611157464e-07
1655491,"Leeuwenhoekiella nanhaiensis",3,2.25538354413526e-07,3.1,2.34165570624797e-07
1707093,"Heyndrickxia camelliae",3,2.25538354413526e-07,3.7,2.77783853668506e-07
2022662,"Superficieibacter electus",3,2.25538354413526e-07,3,2.24813496703704e-07
1765684,"Sulfoacidibacillus thermotolerans",3,2.25538354413526e-07,3,2.2553840818394e-07
1448313,"Aspergillus piperis",3,2.25538354413526e-07,3.4,2.55801014478794e-07
913109,"Arcobacter ellisii",3,2.25538354413526e-07,2.8,2.13237619316575e-07
2316736,"Corallococcus exercitus",3,2.25538354413526e-07,3,2.25541739834691e-07
2496871,"Piscinibacter terrae",3,2.25538354413526e-07,3.2,2.39303514714872e-07
2485997,"Agrilactobacillus yilanensis",3,2.25538354413526e-07,4,2.97934569846172e-07
2490633,"Streptococcus periodonticum",3,2.25538354413526e-07,3,2.25619979267673e-07
2339259,"Yersinia hibernica",3,2.25538354413526e-07,3.2,2.36900464671817e-07
3032871,"Muricaecibacterium torontonense",3,2.25538354413526e-07,3,2.27005416234143e-07
2582917,"Klebsiella indica",3,2.25538354413526e-07,2.1,1.57063820711962e-07
2592653,"Lactococcus protaetiae",3,2.25538354413526e-07,3,2.25538514884051e-07
288,"Pseudoalteromonas atlantica",3,2.25538354413526e-07,3,2.25538405281087e-07
2662262,"Vibrio algicola",3,2.25538354413526e-07,3,2.27393163245641e-07
2606615,"Enorma shizhengliae",3,2.25538354413526e-07,3.4,2.55945735664414e-07
2662126,"Anaerotalea alkaliphila",3,2.25538354413526e-07,3,2.25538449637642e-07
1070421,"Periweissella fabalis",3,2.25538354413526e-07,3,2.25538405281087e-07
943830,"Tardiphaga robiniae",3,2.25538354413526e-07,3.3,2.46593410887735e-07
2505970,"Campylobacter armoricus",3,2.25538354413526e-07,3,2.25539575725647e-07
255507,"Aliarcobacter cibarius",3,2.25538354413526e-07,3,2.2553848442921e-07
33959,"Lactobacillus johnsonii",3,2.25538354413526e-07,3,2.2753652685075e-07
572010,"Slackia isoflavoniconvertens",3,2.25538354413526e-07,3,2.28205845643583e-07
157792,"Halopseudomonas xiamenensis",3,2.25538354413526e-07,3.5,2.60114805505207e-07
1612435,"Streptomyces kronopolitis",3,2.25538354413526e-07,3,2.25577733664614e-07
67324,"Streptomyces massasporeus",3,2.25538354413526e-07,3.8,2.88088022919283e-07
1398493,"Pseudocitrobacter faecalis",3,2.25538354413526e-07,3.2,2.40079095135874e-07
2742612,"Halomonas citrativorans",3,2.25538354413526e-07,3.1,2.34659180905133e-07
1765219,"Bifidobacterium eulemuris",3,2.25538354413526e-07,3.2,2.38905428410031e-07
2799638,"Tenebrionibacter intestinalis",3,2.25538354413526e-07,3.1,2.35137677350738e-07
2020965,"Bifidobacterium imperatoris",3,2.25538354413526e-07,2.8,2.08971137355436e-07
67826,"Citrobacter sedlakii",3,2.25538354413526e-07,2.6,1.98742770201028e-07
58169,"Rahnella inusitata",3,2.25538354413526e-07,2.6,1.91773061948397e-07
2697499,"Dietzia massiliensis",3,2.25538354413526e-07,3,2.25771919134002e-07
61646,"Lelliottia amnigena",3,2.25538354413526e-07,3.3,2.44931746015037e-07
212663,"Vibrio tasmaniensis",3,2.25538354413526e-07,3.3,2.49429269582501e-07
2963283,"Stenotrophomonas muris",3,2.25538354413526e-07,3,2.25950962585684e-07
2953879,"Weissella fangxianensis",3,2.25538354413526e-07,4.4,3.34465092408498e-07
518636,"Enterocloster asparagiformis",3,2.25538354413526e-07,3.1,2.3655719928514e-07
110093,"Polychytrium aggregatum",3,2.25538354413526e-07,3,2.2553841013073e-07
2961893,"Pseudomonas triclosanedens",3,2.25538354413526e-07,3,2.26733506966297e-07
94218,"Penicillium lagena",3,2.25538354413526e-07,3.7,2.78024214089787e-07
1002107,"Penicillium psychrosexuale",3,2.25538354413526e-07,3.5,2.63191043549122e-07
688661,"Lichtheimia ornata",3,2.25538354413526e-07,3.1,2.32302251127238e-07
2974565,"Campylobacter felis",3,2.25538354413526e-07,2.5,1.88835789237733e-07
2559925,"Enterococcus dongliensis",3,2.25538354413526e-07,3.2,2.42048383346669e-07
3093659,"Acutalibacter intestini",3,2.25538354413526e-07,3.1,2.33309900607299e-07
1505588,"Brenneria populi",3,2.25538354413526e-07,3,2.26633894608298e-07
3085177,"Xenorhabdus taiwanensis",3,2.25538354413526e-07,3,2.25594446600394e-07
3136256,"Xenorhabdus bharatensis",3,2.25538354413526e-07,3.1,2.3391985515717e-07
414052,"Caenispirillum bisanense",3,2.25538354413526e-07,3,2.25562163362774e-07
333963,"Leucobacter iarius",3,2.25538354413526e-07,4.2,3.19349830172438e-07
427369,"Streptomonospora halophila",3,2.25538354413526e-07,3,2.25679152612645e-07
3133091,"unknown genome; accession ID isNZ_JBBMER010000005.1",3,2.25538354413526e-07,3,2.25625346317553e-07
3095078,"Streptococcus wuxiensis",3,2.25538354413526e-07,3.1,2.32601815753416e-07
3095082,"Streptococcus fermentans",3,2.25538354413526e-07,3.5,2.60750615058124e-07
3140788,"Streptococcus nidrosiense",3,2.25538354413526e-07,3.1,2.33126787847431e-07
1775168,"Flagellimonas marina",3,2.25538354413526e-07,3,2.25538405281087e-07
2665146,"Thauera sinica",3,2.25538354413526e-07,3.6,2.67496013857883e-07
3237104,"Erwinia plantamica",3,2.25538354413526e-07,3.1,2.35611126902072e-07
3137470,"Porphyromonas miyakawae",3,2.25538354413526e-07,3,2.25538810068363e-07
210207,"Aspergillus foveolatus",3,2.25538354413526e-07,3,2.25573409215597e-07
3058402,"Terrisporobacter vanillatitrophus",3,2.25538354413526e-07,3.5,2.65954646378035e-07
NA,"unknown genome; accession ID isNZ_DAWEQI010000229.1",3,2.25538354413526e-07,3,2.25538405281087e-07
NA,"unknown genome; accession ID isNZ_DAWEQI010000243.1",3,2.25538354413526e-07,3,2.25538405281087e-07
1720200,"Anaerotruncus rubiinfantis",3,2.25538354413526e-07,3.1,2.30602691180597e-07
174587,"Carnobacterium viridans",3,2.25538354413526e-07,3.2,2.40204768463942e-07
1513892,"Rhodopseudomonas pseudopalustris",3,2.25538354413526e-07,3,2.25538405281087e-07
NA,"unknown genome; accession ID isNZ_LT671675.1",3,2.25538354413526e-07,3,2.26604763754708e-07
472695,"Pantoea septica",3,2.25538354413526e-07,2.4,1.81530729260138e-07
1544,"Faecalicatena orotica",3,2.25538354413526e-07,3.1,2.35903621991503e-07
2070686,"Enteroscipio rubneri",3,2.25538354413526e-07,3.3,2.45163897728441e-07
1775926,"Lodderomyces beijingensis",3,2.25538354413526e-07,4.1,3.08334185891618e-07
5855,"Plasmodium vivax",2,1.50358902942351e-07,2.1,1.60309468829094e-07
465817,"Erwinia tasmaniensis",2,1.50358902942351e-07,2,1.51400164039253e-07
428127,"Amedibacillus dolichus",2,1.50358902942351e-07,2.2,1.62703669147711e-07
556268,"Oxalobacter paraformigenes",2,1.50358902942351e-07,2,1.51468768577714e-07
626522,"Alloprevotella tannerae",2,1.50358902942351e-07,2,1.5060700122698e-07
887325,"Lachnoanaerobaculum saburreum",2,1.50358902942351e-07,2,1.50361640963339e-07
213810,"Ruminococcus champanellensis",2,1.50358902942351e-07,2,1.52616787285681e-07
1069534,"Ligilactobacillus ruminis",2,1.50358902942351e-07,2,1.50725859466643e-07
796944,"Oribacterium asaccharolyticum",2,1.50358902942351e-07,2,1.50386479720345e-07
1203190,"Corynebacterium timonense",2,1.50358902942351e-07,2,1.50358936854058e-07
905079,"Guillardia theta",2,1.50358902942351e-07,2,1.50358936854058e-07
1033733,"Anaerococcus senegalensis",2,1.50358902942351e-07,2.5,1.89217166656533e-07
1122981,"Prevotella corporis",2,1.50358902942351e-07,1.8,1.34432716220756e-07
1437824,"Castellaniella defragrans",2,1.50358902942351e-07,2.2,1.62159747833703e-07
348802,"Exophiala xenobiotica",2,1.50358902942351e-07,2.3,1.69157239871685e-07
5857,"Plasmodium fragile",2,1.50358902942351e-07,2,1.50451026575218e-07
579748,"Vibrio galatheae",2,1.50358902942351e-07,2.1,1.58403774475006e-07
1608583,"Streptococcus varani",2,1.50358902942351e-07,2,1.50360831754399e-07
1423786,"Lentilactobacillus parafarraginis",2,1.50358902942351e-07,4,3.02072681015439e-07
319653,"Pediococcus ethanolidurans",2,1.50358902942351e-07,2,1.50359526859022e-07
5694,"Trypanosoma equiperdum",2,1.50358902942351e-07,1,7.51794684270291e-08
1715692,"Ruegeria denitrificans",2,1.50358902942351e-07,1,7.51794684270291e-08
118060,"Enterococcus rotai",2,1.50358902942351e-07,2.1,1.56673755944209e-07
1384589,"Entomohabitans teleogrylli",2,1.50358902942351e-07,2,1.51803534108402e-07
1348632,"Pseudolactococcus plantarum",2,1.50358902942351e-07,2,1.51372841840754e-07
1354251,"Buttiauxella brennerae",2,1.50358902942351e-07,2,1.53784605964244e-07
935293,"Yersinia entomophaga",2,1.50358902942351e-07,2.2,1.64670737404174e-07
1331258,"Bordetella pseudohinzii",2,1.50358902942351e-07,1.6,1.20247256541393e-07
1497,"Clostridium formicaceticum",2,1.50358902942351e-07,2,1.50358936854058e-07
72557,"Achromobacter ruhlandii",2,1.50358902942351e-07,1.9,1.42932943232859e-07
1286362,"Lacrimispora celerecrescens",2,1.50358902942351e-07,1.6,1.18336251380492e-07
1392250,"Aspergillus steynii",2,1.50358902942351e-07,3.6,2.71141834123786e-07
512649,"Vibrio azureus",2,1.50358902942351e-07,2.5,1.90815196654921e-07
67774,"Neorhizobium huautlense",2,1.50358902942351e-07,2,1.50358938784062e-07
469616,"Fusobacterium mortiferum",2,1.50358902942351e-07,2,1.50358936854058e-07
382641,"Trichococcus patagoniensis",2,1.50358902942351e-07,2,1.50358936854058e-07
2059725,"Zobellella maritima",2,1.50358902942351e-07,2,1.50358936897273e-07
1448316,"Aspergillus ibericus",2,1.50358902942351e-07,2,1.50358936942896e-07
2045244,"Alteribacter lacisalsi",2,1.50358902942351e-07,2,1.50358936854058e-07
2764322,"Hydrogeniiclostridium mannosilyticum",2,1.50358902942351e-07,2.3,1.73082153983346e-07
2144175,"Megasphaera stantonii",2,1.50358902942351e-07,2.1,1.57634613177373e-07
2302434,"Vibrio sinensis",2,1.50358902942351e-07,3.3,2.46201642767494e-07
1032070,"Aliarcobacter cryaerophilus",2,1.50358902942351e-07,2,1.50358980697327e-07
2486000,"Lapidilactobacillus achengensis",2,1.50358902942351e-07,2.3,1.72338722554161e-07
1251,"Leuconostoc fallax",2,1.50358902942351e-07,2.1,1.57141691412683e-07
2547833,"Palleronia sediminis",2,1.50358902942351e-07,2.3,1.76466646650582e-07
2572245,"Thalassotalea mangrovi",2,1.50358902942351e-07,2.3,1.72711054458152e-07
2559924,"Enterococcus pingfangensis",2,1.50358902942351e-07,2.6,1.96123683263581e-07
2559926,"Enterococcus nangangensis",2,1.50358902942351e-07,2.2,1.65106913696477e-07
1457217,"Lactiplantibacillus plajomi",2,1.50358902942351e-07,2.8,2.11965194725233e-07
1219032,"Comamonas terrigena",2,1.50358902942351e-07,2,1.50465426912548e-07
2597270,"Alkalicoccobacillus porphyridii",2,1.50358902942351e-07,2.1,1.58798485358859e-07
2592656,"Vogesella urethralis",2,1.50358902942351e-07,2.3,1.70578673155938e-07
2508867,"Prevotella brunnea",2,1.50358902942351e-07,2,1.50435722286987e-07
1563158,"Erwinia endophytica",2,1.50358902942351e-07,2,1.50617054153525e-07
2152889,"Paraburkholderia hayleyella",2,1.50358902942351e-07,2,1.50358936854058e-07
47770,"Lactobacillus crispatus",2,1.50358902942351e-07,2.4,1.78573138399717e-07
2583452,"Amedibacterium intestinale",2,1.50358902942351e-07,2,1.52858781988579e-07
708087,"Cyclobacterium jeungdonense",2,1.50358902942351e-07,2,1.5037119691214e-07
66269,"Pantoea stewartii",2,1.50358902942351e-07,2,1.50358936854058e-07
577,"Raoultella terrigena",2,1.50358902942351e-07,2.1,1.55610716146392e-07
449520,"Campylobacter canadensis",2,1.50358902942351e-07,2,1.5035895555657e-07
42260,"Zygotorulaspora mrakii",2,1.50358902942351e-07,2.1,1.55223072213818e-07
1655500,"Campylobacter vulpis",2,1.50358902942351e-07,2.5,1.87062038933622e-07
2986526,"Lawsonibacter celer",2,1.50358902942351e-07,2,1.53602566394175e-07
1795310,"Paracoccus acridae",2,1.50358902942351e-07,2,1.50358936854058e-07
66870,"Streptomyces aurantiogriseus",2,1.50358902942351e-07,2,1.50358936854058e-07
68238,"Streptomyces minutiscleroticus",2,1.50358902942351e-07,2,1.50398737597148e-07
2784388,"Clostridium vitabionis",2,1.50358902942351e-07,2.1,1.56335330048008e-07
40041,"Streptococcus equi",2,1.50358902942351e-07,2,1.50359495579452e-07
285,"Comamonas testosteroni",2,1.50358902942351e-07,2,1.53985983876755e-07
2753746,"Thermohalobaculum xanthum",2,1.50358902942351e-07,2,1.50359509899199e-07
36651,"Penicillium digitatum",2,1.50358902942351e-07,2.5,1.85758041661956e-07
1748967,"Citrobacter cronae",2,1.50358902942351e-07,2,1.51328104653492e-07
1580590,"Leishmania martiniquensis",2,1.50358902942351e-07,2,1.50358936854058e-07
1544696,"Rosenbergiella australiborealis",2,1.50358902942351e-07,2.2,1.66086072192316e-07
2841596,"Hallella faecis",2,1.50358902942351e-07,2.3,1.73130070990393e-07
2841506,"Clostridium simiarum",2,1.50358902942351e-07,2.5,1.90677063101435e-07
2815723,"Nocardia alni",2,1.50358902942351e-07,2,1.50358937357127e-07
2841061,"Streptococcus humanilactis",2,1.50358902942351e-07,2.4,1.77636561130364e-07
2838017,"Flavobacterium coralii",2,1.50358902942351e-07,2.5,1.88799817477476e-07
1378263,"Ogataea philodendri",2,1.50358902942351e-07,2,1.50359913828019e-07
1263550,"Edwardsiella piscicida",2,1.50358902942351e-07,2,1.50699815532873e-07
102862,"Proteus penneri",2,1.50358902942351e-07,2.4,1.77400520512627e-07
938288,"Fenollaria massiliensis",2,1.50358902942351e-07,2,1.50358936854058e-07
1070780,"Aspergillus affinis",2,1.50358902942351e-07,2.5,1.84691323710749e-07
198832,"Vibrio pomeroyi",2,1.50358902942351e-07,3.3,2.44505389305021e-07
879566,"Acetatifactor muris",2,1.50358902942351e-07,2.1,1.55674984289529e-07
2969821,"Fundicoccus culcitae",2,1.50358902942351e-07,2,1.51436890048764e-07
1234842,"Mucilaginibacter phenanthrenivorans",2,1.50358902942351e-07,3.2,2.39580120980923e-07
2077090,"Vibrio gangliei",2,1.50358902942351e-07,2.3,1.70677582545776e-07
2871169,"Stenotrophomonas forensis",2,1.50358902942351e-07,2.1,1.56309960770296e-07
1506179,"Penicillium alfredii",2,1.50358902942351e-07,2.2,1.62653605710781e-07
1080232,"Penicillium hispanicum",2,1.50358902942351e-07,2.2,1.63173951746713e-07
203109,"Penicillium manginii",2,1.50358902942351e-07,2.4,1.78574218214048e-07
3029274,"Amygdalobacter nucleatus",2,1.50358902942351e-07,2.5,1.85680553685903e-07
3035291,"Lacticaseibacillus huelsenbergensis",2,1.50358902942351e-07,2,1.50366327560253e-07
1368474,"Romboutsia sedimentorum",2,1.50358902942351e-07,2,1.50912448753102e-07
2050967,"Proteus faecis",2,1.50358902942351e-07,2,1.50703950688562e-07
3068305,"Lacticaseibacillus parahuelsenbergensis",2,1.50358902942351e-07,2,1.5036336093079e-07
3068307,"Lacticaseibacillus zeae",2,1.50358902942351e-07,2,1.50363337409972e-07
3044578,"Clostridium lamae",2,1.50358902942351e-07,2,1.51931207310282e-07
3093657,"Acutalibacter caecimuris",2,1.50358902942351e-07,2,1.50359828842288e-07
102148,"Solobacterium moorei",2,1.50358902942351e-07,2.3,1.69275617369024e-07
1870988,"Pseudoflavonifractor phocaeensis",2,1.50358902942351e-07,2,1.50376287390845e-07
66882,"Streptomyces cuspidosporus",2,1.50358902942351e-07,2,1.50360004314111e-07
3133159,"Megasphaera intestinihominis",2,1.50358902942351e-07,2,1.50423598846147e-07
165758,"Streptococcus gallinaceus",2,1.50358902942351e-07,2,1.5036172272045e-07
2282420,"Streptococcus hillyeri",2,1.50358902942351e-07,2,1.50573196597705e-07
480284,"Paracerasibacillus soli",2,1.50358902942351e-07,2,1.49342245695862e-07
1715645,"Paracoccus mangrovi",2,1.50358902942351e-07,2,1.51745830398284e-07
3367746,"Aeromonas sp. A-5",2,1.50358902942351e-07,2,1.48399423206273e-07
86174,"Thauera butanivorans",2,1.50358902942351e-07,2,1.50483439141804e-07
NA,"unknown genome; accession ID isNZ_DAWEQI010000225.1",2,1.50358902942351e-07,2,1.50460014318029e-07
1732,"Eubacterium oxidoreducens",2,1.50358902942351e-07,2,1.50517197954686e-07
1903263,"Traorella massiliensis",2,1.50358902942351e-07,2,1.51138874769122e-07
1871029,"Intestinibacillus massiliensis",2,1.50358902942351e-07,2,1.50520653366968e-07
NA,"unknown genome; accession ID isNZ_LT821227.1",2,1.50358902942351e-07,2,1.50445188237469e-07
43771,"Corynebacterium urealyticum",2,1.50358902942351e-07,2,1.50363871622697e-07
1917868,"Blautia marasmi",2,1.50358902942351e-07,2,1.53793352046591e-07
33030,"Peptoniphilus indolicus",2,1.50358902942351e-07,2,1.5042574542042e-07
764298,"Streptococcus macacae",2,1.50358902942351e-07,2,1.50360279057808e-07
29370,"Lacrimispora sphenoides",2,1.50358902942351e-07,2.6,1.91887261440818e-07
2590867,"Enorma burkinafasonensis",2,1.50358902942351e-07,3.1,2.30374401766026e-07
2736608,"Streptococcus thalassemiae",2,1.50358902942351e-07,2.2,1.63203843921517e-07
2742600,"Limosilactobacillus urinaemulieris",2,1.50358902942351e-07,2.1,1.56086544517169e-07
2941326,"Alistipes muris",2,1.50358902942351e-07,2,1.50366222947888e-07
420245,"Leishmania braziliensis",1,7.51794514711754e-08,1,7.51794685891525e-08
435258,"Leishmania infantum",1,7.51794514711754e-08,1,7.51794684270291e-08
441959,"Talaromyces stipitatus",1,7.51794514711754e-08,1.4,1.08858715538968e-07
420662,"Methylibium petroleiphilum",1,7.51794514711754e-08,1,7.51794684270291e-08
360107,"Campylobacter hominis",1,7.51794514711754e-08,1,7.51794684270291e-08
519441,"Streptobacillus moniliformis",1,7.51794514711754e-08,1,7.51794684270291e-08
332648,"Botrytis cinerea",1,7.51794514711754e-08,1,7.51794684270291e-08
596315,"Peptostreptococcus stomatis",1,7.51794514711754e-08,1,7.56131466682059e-08
626523,"Shuttleworthella satelles",1,7.51794514711754e-08,1,7.55704284871218e-08
701347,"[Enterobacter] lignolyticus",1,7.51794514711754e-08,1,7.527060176532e-08
44056,"Aureococcus anophagefferens",1,7.51794514711754e-08,1,7.51794684270291e-08
5693,"Trypanosoma cruzi",1,7.51794514711754e-08,1.1,8.34691396970604e-08
1045854,"Weissella koreensis",1,7.51794514711754e-08,1,7.68985028342396e-08
1045004,"Oenococcus kitaharae",1,7.51794514711754e-08,1,7.51794684270291e-08
1257118,"Acanthamoeba castellanii",1,7.51794514711754e-08,1,7.51794684270291e-08
1123298,"Streptococcus caballi",1,7.51794514711754e-08,1,7.53518363024594e-08
1121334,"Faecalispora sporosphaeroides",1,7.51794514711754e-08,1,7.51794684270291e-08
1121865,"Enterococcus columbae",1,7.51794514711754e-08,1.1,7.95568586801993e-08
1123315,"Streptococcus porci",1,7.51794514711754e-08,1,7.54183096879703e-08
1121914,"Gemella cuniculi",1,7.51794514711754e-08,1,7.51794684270291e-08
1122980,"Segatella baroniae",1,7.51794514711754e-08,1,7.55482670568524e-08
1121349,"Comamonas composti",1,7.51794514711754e-08,1.1,8.59088998935467e-08
1291379,"Treponema pedis",1,7.51794514711754e-08,1,7.74718143299861e-08
1301100,"Faecalimicrobium dakarense",1,7.51794514711754e-08,1,7.51800595991283e-08
1469607,"[Scytonema hofmanni] UTEX B 1581",1,7.51794514711754e-08,1,7.51794684270291e-08
1288,"Staphylococcus xylosus",1,7.51794514711754e-08,1,7.51794684270291e-08
66429,"Streptomyces roseoverticillatus",1,7.51794514711754e-08,1.4,1.01758869000436e-07
1005994,"Trabulsiella guamensis",1,7.51794514711754e-08,1.3,9.47803519926041e-08
1449338,"Carnobacterium gallinarum",1,7.51794514711754e-08,1,7.85664699951705e-08
1435463,"Bifidobacterium porcinum",1,7.51794514711754e-08,1.3,9.86887357013567e-08
371042,"Erwinia typographi",1,7.51794514711754e-08,1,7.52335564771597e-08
1507808,"Pectobacterium actinidiae",1,7.51794514711754e-08,1.8,1.3803334716779e-07
1031564,"Campylobacter insulaenigrae",1,7.51794514711754e-08,1,7.51798653342111e-08
1499683,"Clostridium culturomicium",1,7.51794514711754e-08,1,7.51794684270291e-08
161899,"Corynebacterium singulare",1,7.51794514711754e-08,1,7.56621998996554e-08
29485,"Yersinia rohdei",1,7.51794514711754e-08,1,7.57362631676732e-08
105219,"Ralstonia mannitolilytica",1,7.51794514711754e-08,1.4,1.04271310509121e-07
1610491,"Lampropedia cohaerens",1,7.51794514711754e-08,1,7.51794872980405e-08
1673719,"Anaerococcus jeddahensis",1,7.51794514711754e-08,1.1,8.59159527001738e-08
1509407,"Aspergillus nomiae",1,7.51794514711754e-08,1,7.61388025903956e-08
1159613,"Cronobacter muytjensii",1,7.51794514711754e-08,1,7.5291464627085e-08
1307443,"Fusobacterium hwasookii",1,7.51794514711754e-08,1.1,8.48253562982428e-08
93218,"Pandoraea apista",1,7.51794514711754e-08,1,7.52113788647141e-08
83655,"Leclercia adecarboxylata",1,7.51794514711754e-08,1,7.55709398008215e-08
1223494,"Tetragenococcus solitarius",1,7.51794514711754e-08,1.1,8.39440975174738e-08
1162717,"Pseudostreptobacillus hongkongensis",1,7.51794514711754e-08,1,7.70961298469145e-08
2049356,"Monocercomonoides exilis",1,7.51794514711754e-08,1,7.51794684270291e-08
1871336,"Criibacterium bergeronii",1,7.51794514711754e-08,1,7.58846053553755e-08
1720557,"Streptobacillus ratti",1,7.51794514711754e-08,1,7.51795134610461e-08
2652292,"Hornefia porci",1,7.51794514711754e-08,1.2,9.25360891259264e-08
2034155,"Serratia oryzae",1,7.51794514711754e-08,1,7.51795085380129e-08
641665,"Colwellia chukchiensis",1,7.51794514711754e-08,1.2,9.09520876892884e-08
501571,"Butyricicoccus pullicaecorum",1,7.51794514711754e-08,1,7.83259758847792e-08
164759,"Diaphorobacter nitroreducens",1,7.51794514711754e-08,1,7.52612405365401e-08
1435342,"Secundilactobacillus mixtipabuli",1,7.51794514711754e-08,1,7.51794684270291e-08
2020506,"Tetzosporium hominis",1,7.51794514711754e-08,1,7.51796367684008e-08
987063,"Pseudoscardovia suis",1,7.51794514711754e-08,1,7.51794685371612e-08
1778540,"Dickeya fangzhongdai",1,7.51794514711754e-08,1.1,8.55625691032204e-08
41067,"Aspergillus candidus",1,7.51794514711754e-08,1.1,8.11247315372931e-08
33029,"Anaerococcus hydrogenalis",1,7.51794514711754e-08,1,7.53667188446624e-08
1458355,"Mixta theicola",1,7.51794514711754e-08,1,7.51887097436113e-08
1448321,"Aspergillus heteromorphus",1,7.51794514711754e-08,1.9,1.43750329201581e-07
1448312,"Aspergillus japonicus",1,7.51794514711754e-08,1,7.517946843953e-08
1096246,"Hungatella effluvii",1,7.51794514711754e-08,1,7.52360031849867e-08
2184082,"Marinifilum breve",1,7.51794514711754e-08,1,7.51798998632395e-08
357240,"Franconibacter helveticus",1,7.51794514711754e-08,1,7.51796205202273e-08
29409,"Rhodoplanes roseus",1,7.51794514711754e-08,1,7.51794684270291e-08
471189,"Gordonibacter pamelaeae",1,7.51794514711754e-08,1,7.51800724580761e-08
663364,"Halarcobacter bivalviorum",1,7.51794514711754e-08,1,7.51794684270291e-08
1812858,"Anaerosacchariphilus polymeriproducens",1,7.51794514711754e-08,1,7.52162680694328e-08
1720294,"Eisenbergiella massiliensis",1,7.51794514711754e-08,1,7.53244441503191e-08
61171,"Holdemania filiformis",1,7.51794514711754e-08,1,7.53581879552724e-08
82991,"Buttiauxella izardii",1,7.51794514711754e-08,1,7.30769919123213e-08
2316722,"Corallococcus aberystwythensis",1,7.51794514711754e-08,1.1,8.55361596720693e-08
1328758,"Lentinus tigrinus",1,7.51794514711754e-08,1,7.51794684342749e-08
2044587,"Schaedlerella arabinosiphila",1,7.51794514711754e-08,1,7.55516834090163e-08
1296539,"Lacticaseibacillus songhuajiangensis",1,7.51794514711754e-08,1,7.58471654886323e-08
2486020,"Levilactobacillus angrenensis",1,7.51794514711754e-08,1.1,7.9914760700883e-08
1776032,"Hymenobacter gummosus",1,7.51794514711754e-08,1,7.68605153144033e-08
380685,"Thermosipho globiformans",1,7.51794514711754e-08,1,7.71743678650904e-08
264951,"Paecilomyces variotii",1,7.51794514711754e-08,1,7.55198090454539e-08
2485123,"Photobacterium chitinilyticum",1,7.51794514711754e-08,1,7.51794759925965e-08
2509433,"Senegalimassilia faecalis",1,7.51794514711754e-08,1.3,9.90571718913161e-08
1796618,"Cuneatibacter caecimuris",1,7.51794514711754e-08,1,7.62580693336633e-08
2559927,"Enterococcus songbeiensis",1,7.51794514711754e-08,1,7.55604501652108e-08
2510188,"Campylobacter taeniopygiae",1,7.51794514711754e-08,1,7.52204339325974e-08
1121120,"Brenneria nigrifluens",1,7.51794514711754e-08,1.2,8.9102931440185e-08
2020715,"Thalassotalea litorea",1,7.51794514711754e-08,1.7,1.26607448571811e-07
2743610,"Peptacetobacter hominis",1,7.51794514711754e-08,1,7.52241991100713e-08
2600598,"Pseudomonas saxonica",1,7.51794514711754e-08,1.1,8.05118736805407e-08
2607660,"Nocardioides humilatus",1,7.51794514711754e-08,1.1,8.26532945782808e-08
2601703,"Heminiphilus faecis",1,7.51794514711754e-08,1.2,8.71299207898214e-08
2606626,"Sodaliphilus pleomorphus",1,7.51794514711754e-08,1,7.57227067656401e-08
2606635,"Waltera intestinalis",1,7.51794514711754e-08,1,7.51952927582341e-08
2606629,"Floccifex porci",1,7.51794514711754e-08,1,7.51917526469503e-08
2607663,"Yersinia canariae",1,7.51794514711754e-08,1,7.58917836262309e-08
1615494,"Mixta intestinalis",1,7.51794514711754e-08,1,7.71089427181376e-08
2661627,"Bifidobacterium saimiriisciurei",1,7.51794514711754e-08,1,7.84877941037655e-08
108981,"Acinetobacter schindleri",1,7.51794514711754e-08,1.9,1.42908294036455e-07
147802,"Lactobacillus iners",1,7.51794514711754e-08,1,7.57868355957878e-08
1004159,"Photorhabdus tasmaniensis",1,7.51794514711754e-08,1,7.52560501751566e-08
2686210,"Streptococcus ruminicola",1,7.51794514711754e-08,1.1,8.23945247642707e-08
2705293,"Listeria valentina",1,7.51794514711754e-08,1,7.51916237310912e-08
50719,"Vibrio diabolicus",1,7.51794514711754e-08,2.4,1.79259531068579e-07
2675325,"Bifidobacterium erythrocebi",1,7.51794514711754e-08,1,7.5980736045896e-08
2736291,"Palleniella intestinalis",1,7.51794514711754e-08,1.2,8.71576226969856e-08
1054034,"Arcobacter cloacae",1,7.51794514711754e-08,1.2,9.11592485859103e-08
67828,"Citrobacter gillenii",1,7.51794514711754e-08,1.1,7.93607370605241e-08
2743470,"Comamonas antarctica",1,7.51794514711754e-08,1,7.73405182300216e-08
121627,"Talaromyces rugulosus",1,7.51794514711754e-08,1.1,7.95015053561307e-08
2742993,"Anaerococcus faecalis",1,7.51794514711754e-08,1,7.52864906336368e-08
2758441,"Vibrio marinisediminis",1,7.51794514711754e-08,1.9,1.4045190049136e-07
1492,"Clostridium butyricum",1,7.51794514711754e-08,1,7.51794685804328e-08
1485586,"Streptomyces calidiresistens",1,7.51794514711754e-08,1,7.51804328930265e-08
2766479,"Taishania pollutisoli",1,7.51794514711754e-08,1,7.51794684270291e-08
1735103,"Nitratireductor aestuarii",1,7.51794514711754e-08,1.1,8.24934399811401e-08
67333,"Streptomyces narbonensis",1,7.51794514711754e-08,1.7,1.29034294374324e-07
28893,"Streptomyces pilosus",1,7.51794514711754e-08,1,7.64824852090533e-08
68282,"Streptomyces viridiviolaceus",1,7.51794514711754e-08,1,7.5183335332179e-08
1256514,"Novosphingobium arvoryzae",1,7.51794514711754e-08,1,7.74274017317076e-08
68272,"Streptomyces sulfonofaciens",1,7.51794514711754e-08,1,7.51847298457908e-08
2762246,"Clostridium gallinarum",1,7.51794514711754e-08,1,7.69621662672787e-08
93378,"Edwardsiella hoshinae",1,7.51794514711754e-08,1,7.77330948737372e-08
283734,"Staphylococcus pseudintermedius",1,7.51794514711754e-08,1,7.66535539435033e-08
102684,"Streptococcus infantarius",1,7.51794514711754e-08,1,7.77705158074927e-08
2796928,"Aerococcaceae bacterium zg-252",1,7.51794514711754e-08,1,7.53136901881191e-08
382777,"Thiocapsa imhoffii",1,7.51794514711754e-08,1,7.51794684270291e-08
40545,"Sutterella wadsworthensis",1,7.51794514711754e-08,1,7.69076411897417e-08
2815329,"Candidatus Enterococcus courvalinii",1,7.51794514711754e-08,1.1,8.02751833437593e-08
2815321,"Candidatus Enterococcus murrayae",1,7.51794514711754e-08,1,7.51857812153318e-08
762210,"Bifidobacterium saguini",1,7.51794514711754e-08,1.3,9.46289206837495e-08
29486,"Yersinia ruckeri",1,7.51794514711754e-08,1,7.56335379241204e-08
876,"Desulfovibrio desulfuricans",1,7.51794514711754e-08,1.2,9.01453238043531e-08
2761500,"Porcisia hertigi",1,7.51794514711754e-08,1,7.51794684270291e-08
689904,"Tissierella carlieri",1,7.51794514711754e-08,1,7.51823389654109e-08
2841925,"Vibrio ostreae",1,7.51794514711754e-08,1,7.51794687463281e-08
2864872,"Shewanella nanhaiensis",1,7.51794514711754e-08,1,7.79624042684456e-08
155615,"Fusobacterium vincentii",1,7.51794514711754e-08,1.7,1.3071948129882e-07
29369,"Clostridium sardiniense",1,7.51794514711754e-08,1,7.51794684270291e-08
46124,"Granulicatella adiacens",1,7.51794514711754e-08,1,7.51795588083797e-08
546367,"Hafnia paralvei",1,7.51794514711754e-08,1.7,1.27854837032727e-07
1619313,"Duffyella gerundensis",1,7.51794514711754e-08,1,7.51794684270291e-08
2897351,"Paraeggerthella hominis",1,7.51794514711754e-08,1,7.56644243426256e-08
2919913,"Shinella sedimenti",1,7.51794514711754e-08,1.4,1.07432798218755e-07
82989,"Buttiauxella ferragutiae",1,7.51794514711754e-08,1,7.55249634012507e-08
NA,"unknown genome; accession ID isNZ_JAMOKX010000003.1",1,7.51794514711754e-08,1,7.51970269695215e-08
566460,"Alternaria viburni",1,7.51794514711754e-08,1,7.51794684270291e-08
1187925,"Alternaria hordeiaustralica",1,7.51794514711754e-08,1,7.51794684270291e-08
246167,"Vibrio crassostreae",1,7.51794514711754e-08,1.1,8.08399825107204e-08
151781,"Lactobacillus intestinalis",1,7.51794514711754e-08,1,7.51794723839823e-08
2926521,"Scandinavium tedordense",1,7.51794514711754e-08,1,7.54092685726643e-08
332186,"Shewanella xiamenensis",1,7.51794514711754e-08,1.2,9.21401106977089e-08
101098,"Gamsiella multidivaricata",1,7.51794514711754e-08,1,7.51794689449336e-08
478749,"Marvinbryantia formatexigens",1,7.51794514711754e-08,1.1,7.9274364398099e-08
438033,"Ruminococcus gauvreauii",1,7.51794514711754e-08,1,7.80785621402891e-08
2926467,"Leclercia tamurae",1,7.51794514711754e-08,1,7.53916804515175e-08
2981723,"Aedoeadaptatus acetigenes",1,7.51794514711754e-08,1.2,8.65414137885962e-08
2981790,"Faecalicatena acetigenes",1,7.51794514711754e-08,7.8,5.85318180291516e-07
588596,"Rhizophagus irregularis",1,7.51794514711754e-08,1,7.51794684270291e-08
116970,"Penicillium angulare",1,7.51794514711754e-08,1.1,8.09158834105106e-08
1343394,"Penicillium maclennaniae",1,7.51794514711754e-08,1,7.51794691272468e-08
1903569,"Penicillium riverlandense",1,7.51794514711754e-08,1,7.64310742355849e-08
3027932,"Vibrio chanodichtyis",1,7.51794514711754e-08,1,7.51838101219788e-08
2774154,"Pseudoalteromonas ostreae",1,7.51794514711754e-08,1.1,7.95320093715562e-08
3035606,"Catenibacterium mitsuokai",1,7.51794514711754e-08,2.1,1.57764593939343e-07
1230953,"Hydrogenophaga electricum",1,7.51794514711754e-08,1.1,8.46133850746799e-08
2758443,"Mixta mediterraneensis",1,7.51794514711754e-08,1.2,9.29225190142577e-08
2480810,"Pseudoxanthomonas winnipegensis",1,7.51794514711754e-08,1.2,9.25501589808542e-08
36914,"Lodderomyces elongisporus",1,7.51794514711754e-08,1.2,9.24252524174149e-08
144184,"Corynebacterium afermentans",1,7.51794514711754e-08,0.7,5.3551656688211e-08
3037798,"Providencia huashanensis",1,7.51794514711754e-08,1.5,1.12385574470917e-07
507751,"Peptoniphilus koenoeneniae",1,7.51794514711754e-08,1.1,8.53338999746624e-08
279322,"Cutaneotrichosporon cavernicola",1,7.51794514711754e-08,1.3,9.53997332546375e-08
318465,"Clostridium boliviensis",1,7.51794514711754e-08,1.1,8.34540336541015e-08
2053367,"Citroniella saccharovorans",1,7.51794514711754e-08,1.3,9.4556970473251e-08
3108533,"Anaerofustis butyriciformans",1,7.51794514711754e-08,1,7.53294339412518e-08
3040939,"Raoultella lignicola",1,7.51794514711754e-08,1,7.57054983597817e-08
3118750,"Methylocystis borbori",1,7.51794514711754e-08,1,7.51794684270291e-08
2952610,"Parasalinivibrio latis",1,7.51794514711754e-08,0.5,4.00871480549056e-08
2027290,"Providencia huaxiensis",1,7.51794514711754e-08,1.2,8.90421853046025e-08
2963365,"Turicibacter faecis",1,7.51794514711754e-08,1,7.62567265014753e-08
1281486,"Lactococcus formosensis",1,7.51794514711754e-08,1.4,1.073442674976e-07
3123317,"Kineothrix sedimenti",1,7.51794514711754e-08,1,7.51889303145848e-08
398758,"Alkalibacterium indicireducens",1,7.51794514711754e-08,1,7.53162104434664e-08
173856,"Streptomyces luteosporeus",1,7.51794514711754e-08,1,7.51801118749213e-08
3152360,"Devosia alba",1,7.51794514711754e-08,1,7.60460981086994e-08
3133091,"unknown genome; accession ID isNZ_JBBMER010000001.1",1,7.51794514711754e-08,1,7.51938654110048e-08
3133091,"unknown genome; accession ID isNZ_JBBMER010000014.1",1,7.51794514711754e-08,1,7.51811613415517e-08
152335,"Paucilactobacillus suebicus",1,7.51794514711754e-08,1.4,1.05542066295944e-07
3118588,"Ewingella docleensis",1,7.51794514711754e-08,1.4,1.06274145819283e-07
3071451,"Kocuria cellulosilytica",1,7.51794514711754e-08,1,7.51796399483726e-08
3239803,"Erwinia aeris",1,7.51794514711754e-08,1,7.51798241071897e-08
69220,"Lelliottia nimipressuralis",1,7.51794514711754e-08,1,7.51869168356278e-08
762845,"Enterococcus rivorum",1,7.51794514711754e-08,1,7.76022458324575e-08
1522057,"Micromonospora zhanjiangensis",1,7.51794514711754e-08,1,7.51794684270291e-08
1651218,"Delftia deserti",1,7.51794514711754e-08,1.2,8.7278414926523e-08
645616,"Eoetvoesiella caeni",1,7.51794514711754e-08,1,7.81772671854782e-08
176178,"Aspergillus pseudodeflectus",1,7.51794514711754e-08,1,7.51794684390113e-08
2890318,"Yersinia vastinensis",1,7.51794514711754e-08,1.2,8.83825259021319e-08
273131,"Nakaseomyces bracarensis",1,7.51794514711754e-08,1,7.5393084040221e-08
3367729,"Lacticaseibacillus salsurae",1,7.51794514711754e-08,1,7.49281370238535e-08
3115614,"Anaerococcus kampingiae",1,7.51794514711754e-08,1.2,8.78083000656989e-08
206506,"Kerstersia gyiorum",1,7.51794514711754e-08,2,1.49120040837308e-07
NA,"unknown genome; accession ID isNZ_DAWEQI010000172.1",1,7.51794514711754e-08,1,7.51794684270291e-08
NA,"unknown genome; accession ID isNZ_DAWEQI010000228.1",1,7.51794514711754e-08,1,7.51794684270291e-08
56449,"Xanthomonas bromi",1,7.51794514711754e-08,1,7.89336004742822e-08
1871003,"Tidjanibacter massiliensis",1,7.51794514711754e-08,1,7.51794862926027e-08
1870997,"Alterileibacterium massiliense",1,7.51794514711754e-08,1,7.57239866112548e-08
142588,"Isobaculum melis",1,7.51794514711754e-08,1,7.51794684826982e-08
1122156,"Lampropedia hyalina",1,7.51794514711754e-08,1,7.51794770055167e-08
290054,"Eubacterium coprostanoligenes",1,7.51794514711754e-08,1,7.5181322703828e-08
1121925,"Globicatella sulfidifaciens",1,7.51794514711754e-08,1.3,1.00907651159402e-07
366289,"Pseudomonas delhiensis",1,7.51794514711754e-08,1,7.5181305142491e-08
1208188,"Mesorhizobium carmichaelinearum",1,7.51794514711754e-08,1,7.51794684270291e-08
52767,"Actinomyces denticolens",1,7.51794514711754e-08,1,7.51794724852291e-08
33031,"Peptoniphilus lacrimalis",1,7.51794514711754e-08,1.3,9.96514664451416e-08
675,"Vibrio cincinnatiensis",1,7.51794514711754e-08,0.5,4.00871480549056e-08
571,"Klebsiella oxytoca",1,7.51794514711754e-08,1,7.64713538094655e-08
158850,"Providencia rustigianii",1,7.51794514711754e-08,1,7.85000949961098e-08
33033,"Parvimonas micra",1,7.51794514711754e-08,1.4,1.06750918441939e-07
2587528,"Klebsiella spallanzanii",1,7.51794514711754e-08,1,7.75984782582496e-08
NA,"unknown genome; accession ID isNZ_CABKVQ010000003.1",1,7.51794514711754e-08,1.2,8.74908802920916e-08
187979,"Mitsuokella jalaludinii",1,7.51794514711754e-08,1,7.52252660696883e-08
2751,"Carnobacterium maltaromaticum",1,7.51794514711754e-08,1,7.5242752632315e-08
477666,"Bacteroides graminisolvens",1,7.51794514711754e-08,1,7.51794992901073e-08
