"TaxonomyID","Genome","read_count","Proportion","readsEM","EMProportion"
1150298,"Fusicatenibacter saccharivorans",2039635,0.145425347582434,2036081.6,0.145172003403273
1550024,"Ruthenibacterium lactatiformans",1628680,0.116124382598141,1629259.8,0.116165729043979
3035284,"Prevotella sp. B2-R-102",1467889,0.104660033798906,1468952.9,0.104735897829452
820,"Bacteroides uniformis",1212044,0.0864183640627876,1203183.5,0.0857866219018742
858893,"Exophiala dermatitidis",708305,0.0505019284427734,708305,0.0505019320420081
411459,"Blautia obeum",594306,0.0423738348382559,595859.1,0.0424845750979231
411485,"Faecalibacterium prausnitzii",552433,0.039388302829186,547475.9,0.0390348635262759
386585,"Escherichia coli",477485,0.0340445335025132,464915.6,0.0331483436648557
1169293,"Enterococcus faecalis",397358,0.028331503070236,397357.9,0.0283314992833892
5068,"Aspergillus tubingensis",367903,0.0262313706381879,367558,0.0262067775899899
105841,"Anaerostipes caccae",337303,0.0240496000586369,337302.6,0.0240495755760876
1703332,"Butyribacter intestini",315464,0.0224924860819436,315012.8,0.0224603139920101
1196081,"Talaromyces amestolkiae",314163,0.0223997251824666,314162.8,0.0223997152848626
823,"Parabacteroides distasonis",247853,0.017671842596518,247870.7,0.0176731028487769
36656,"Penicillium crustosum",213545,0.0152256927585038,213546,0.0152257647428453
585394,"Roseburia hominis",169557,0.0120893619005532,168521.4,0.0120155233199349
330879,"Aspergillus fumigatus",159892,0.0114002503759989,159891.8,0.0114002343456262
89153,"[Clostridium] hylemonae",142865,0.0101862305178939,142708.9,0.0101751010114745
2763025,"Bacteroides parvus",138159,0.00985069416667273,143933.2,0.0102623967842259
88431,"Dorea longicatena",123016,0.00877100292856356,108298.8,0.007721674333423
564,"Escherichia fergusonii",94165,0.00671393551056925,96722.8,0.00689630628599782
563192,"Bilophila wadsworthia",89618,0.00638973581039872,89618,0.00638973626407912
5480,"Candida parapsilosis",89011,0.00634645689726841,89011,0.00634645734510248
742742,"Collinsella tanakaei",87297,0.0062242492249367,86968.9,0.00620085604365462
97478,"Limosilactobacillus mucosae",80112,0.00571196093689507,79996.2,0.0057037063747281
2093857,"Dysosmobacter welbionis",79042,0.00563567026630292,78841,0.00562133761098574
2981789,"Dorea amylophila",73175,0.0052173549725047,86010.2,0.00613250173913344
39483,"Faecalitalea cylindroides",72236,0.00515040456158318,72385.1,0.00516103846512888
3133156,"Faecalibacterium tardum",70348,0.00501579074281873,67985.9,0.00484737157962356
717959,"Alistipes shahii",63033,0.00449423349479862,63087.9,0.00449814573692152
547043,"Bifidobacterium pseudocatenulatum",60035,0.00428047701775633,59623.4,0.00425113077877924
1712515,"Butyricicoccus faecihominis",58408,0.00416447241864099,51848.6,0.00369679093576731
622,"Shigella dysenteriae",57696,0.00411370703783575,61893,0.00441295359074154
36911,"Clavispora lusitaniae",57458,0.00409673771110591,57458,0.00409673800255518
239935,"Akkermansia muciniphila",49757,0.00354765878191891,49757,0.00354765703436133
192222,"Campylobacter jejuni",41912,0.00298831269706344,41910,0.00298817248828238
39486,"Dorea formicigenerans",41527,0.00296086231558869,41456.7,0.00295585123551858
3133155,"Faecalibacterium intestinale",37340,0.00266233050458935,44379.2,0.00316422139185966
3133152,"Blautia intestinihominis",34626,0.00246882314011545,31548.3,0.00224938720474414
1236512,"Bacteroides rodentium",34052,0.00242789711682583,35447.6,0.00252739998079612
28116,"Bacteroides ovatus",32051,0.00228522643284931,30154.5,0.00215000536488904
39491,"Agathobacter rectalis",30561,0.00217898989155745,29893.6,0.0021314023993919
2763056,"Oscillibacter hominis",29306,0.002089508777919,25908.1,0.00184723762096698
1134687,"Klebsiella michiganensis",26946,0.00192124150446343,25861.7,0.00184393053717613
818,"Bacteroides thetaiotaomicron",26072,0.00185892557353116,20183.5,0.00143907923762028
1507512,"Romboutsia hominis",25880,0.00184523603263986,25880,0.00184523614177144
1628085,"Agathobaculum butyriciproducens",25718,0.00183368548251282,31410.6,0.00223956888067981
592978,"Mediterraneibacter faecis",24756,0.00176509517867204,25786.4,0.00183856541011973
53345,"Enterococcus durans",24652,0.00175768001068925,24646.2,0.00175726751284166
1496,"Clostridioides difficile",23086,0.00164602469279458,23084.7,0.00164593300856579
2763672,"Simiaoa sunii",22030,0.00157073221789243,20014.4,0.00142702109184702
2015901,"Massilicoli timonensis",21444,0.00152895059829711,18217.7,0.00129891519009837
198214,"Shigella flexneri",21329,0.00152075113370075,22057.6,0.00157270109994447
621,"Shigella boydii",19778,0.00141016531118822,19371.8,0.00138119991785642
3133153,"Blautia aquisgranensis",19202,0.00136909668851432,17443.7,0.00124373103135957
99287,"Salmonella enterica",18925,0.00134934667379093,18913.5,0.00134853011999251
357276,"Phocaeicola dorei",18309,0.00130542606343134,19741,0.00140752821099754
2850323,"Diplocloster agilis",17497,0.00124753071341189,16795,0.00119747765130774
84112,"Eggerthella lenta",16974,0.00121024097442152,16951.5,0.00120863583357902
1121098,"Phocaeicola massiliensis",16097,0.00114771114441282,16822.3,0.00119942828080823
1448317,"Aspergillus costaricensis",14969,0.00106728509167643,13244.6,0.000944336238406979
3030638,"Faecalibacterium taiwanense",14588,0.00104011990897026,12733.9,0.000907923863151428
2764325,"[Eubacterium] hominis",13231,0.000943366226733306,12688.7,0.000904702034648194
2885348,"Hominifimenecus microfluidus",12919,0.000921120722784943,16491.4,0.00117583119279686
2763030,"Blautia segnis",12152,0.000866433858911884,10547.2,0.000752014112928488
1559,"Clostridium tertium",11728,0.000836202789443596,11727.6,0.00083617105921002
624,"Shigella sonnei",10863,0.000774528555740602,13927.7,0.000993038293405767
2929491,"Faecalibacterium wellingii",10416,0.000742657593353043,9648.2,0.000687916925151601
508771,"Toxoplasma gondii",10133,0.000722479780476804,10120.6,0.00072159337708423
2608867,"Escherichia ruysiae",10020,0.000714422915264736,10310.5,0.000735134129291519
1218085,"Citrobacter rodentium",9872,0.000703870560827692,10469.7,0.000746484924294833
1851428,"Faecalibacterium longum",9576,0.000682765851953604,9295,0.000662732394584009
3079010,"Diplocloster hominis",9481,0.000675992381200096,9784.1,0.000697600899205743
5077,"Penicillium citrinum",9447,0.000673568191667262,9447,0.000673568541011756
1211819,"Holdemania massiliensis",9339,0.000665867824915906,9967.5,0.00071067898462105
46503,"Parabacteroides merdae",9040,0.000644549216965391,10841.6,0.000773004012260508
1499973,"Escherichia marmotae",8795,0.000627080792390555,9378,0.000668645028316606
3133180,"Enterobacter intestinihominis",8772,0.000625440899471284,7892.6,0.000562737066085006
2981783,"Blautia acetigignens",8678,0.000618738728409919,9470.1,0.000675216662383836
1125630,"Klebsiella pneumoniae",8581,0.000611822658272126,8591.5,0.000612570482421484
208962,"Escherichia albertii",7896,0.000562982369154726,7729.7,0.000551127449813262
180164,"Blautia schinkii",7706,0.00054943542764771,9393.1,0.000669721930904148
3136601,"Owariibacterium komagatae",7687,0.000548080733497009,11021,0.000785793711792377
626937,"Christensenella minuta",7504,0.000535032889834988,7501.4,0.000534848366472452
2949662,"Coprococcus sp. B2-R-112",7481,0.000533392996915718,7929.5,0.000565374172555347
2488306,"Pseudocitrobacter vendiensis",7278,0.000518919159410854,7400.8,0.000527673297245572
2935520,"Faecalibacterium hattorii",7109,0.000506869511438824,8555.6,0.000610010309761089
871664,"Blautia stercoris",7038,0.000501807233296728,7134.2,0.000508663500604123
116085,"Coprococcus catus",6856,0.00048883068932685,6844.5,0.000488009439009322
1448310,"Aspergillus neoniger",6794,0.000484410108414034,8315.2,0.000592872149805499
1547,"Thomasclavelia ramosa",6745,0.000480916423499067,6752.9,0.000481478318408011
2763028,"Blautia intestinalis",6633,0.000472930857979141,8029.3,0.000572489111028798
671267,"Phocaeicola sartorii",6509,0.00046408969615351,6814.3,0.000485854097436979
2739389,"Phocaeicola faecicola",6374,0.000454464237714314,7843.7,0.000559254014420062
1280689,"Clostridium paraputrificum",6148,0.00043835050729018,6151.3,0.000438587174134493
1681,"Bifidobacterium bifidum",5884,0.000419527388564642,5894.5,0.000420275595760086
301302,"Roseburia faecis",5799,0.000413466914732556,5775.9,0.000411818151267203
371601,"Bacteroides xylanisolvens",5784,0.000412397419350423,6002.4,0.000427969254794826
39482,"Faecalicatena contorta",5561,0.000396497588002715,5233.4,0.000373141114839371
2981770,"Gallintestinimicrobium propionicum",5494,0.000391720508629188,6054,0.000431646562701536
550,"Enterobacter cloacae",5368,0.000382736747419272,6918.3,0.000493272262576539
2024197,"Bacteroides cutis",5242,0.000373752986209356,4320.1,0.000308022336870417
2479840,"Prevotella marseillensis",4846,0.000345518308121049,4553.6,0.000324670027244592
2762229,"Escherichia whittamii",4770,0.000340099531518243,4943,0.000352436905618953
3142938,"Limosilactobacillus allomucosae",4688,0.000334252956762583,4788.6,0.000341423783418287
1302,"Streptococcus gordonii",4348,0.000310011061434239,4337.5,0.000309261333194894
3367746,"Aeromonas sp. A-5",4254,0.000303308890372873,4209.9,0.000300166101871222
3435293,"Faecalibacterium langellae",4123,0.000293968630702246,4678.3,0.000333564027567306
2652274,"Eisenbergiella porci",4063,0.000289690649173715,4202.8,0.000299658997408552
3133157,"Faecalibacterium faecis",4060,0.000289476750097288,4620.7,0.00032945647271984
2763658,"Ligaoa zhengdingensis",3946,0.000281348585193079,4663.5,0.000332503242265778
411483,"Faecalibacterium duncaniae",3919,0.00027942349350524,4908,0.000349939404957041
85831,"Bacteroides acidifaciens",3865,0.000275573310129562,3742.8,0.000266862361498522
347253,"Streptococcus salivarius",3821,0.000272436123675305,3814.7,0.000271989183190257
2763059,"Pseudoflavonifractor hominis",3778,0.000269370236913191,4062.7,0.000289668022328113
3133177,"Bifidobacterium hominis",3695,0.000263452362465389,4094.6,0.000291943084450398
997894,"Enterocloster bolteae",3691,0.000263167163696821,4529.7,0.000322965771868317
2881264,"Blautia fusiformis",3656,0.000260671674471844,4205.3,0.000299835900562797
2003188,"Parolsenella catena",3654,0.00026052907508756,3652.9,0.000260448575226318
1871030,"Merdibacter massiliensis",3605,0.000257035390172592,4403.4,0.000313959269679819
1448311,"Aspergillus vadensis",3547,0.000252900008028345,3559.1,0.000253763872724862
1064535,"Megasphaera elsdenii",3505,0.000249905420958373,3504.9,0.000249901332556553
1352,"Enterococcus faecium",3491,0.000248907225268383,3351.4,0.000238952123673656
1750560,"Parabacteroides massiliensis",3461,0.000246768234504117,3503.8,0.000249821204350628
2153354,"Klebsiella huaxiensis",3400,0.000242418953283444,3389.5,0.000241669112484826
2885361,"Brotaphodocola catenula",3398,0.000242276353899159,3669.4,0.000261630643551286
565042,"Bifidobacterium longum",3385,0.000241349457901311,3466.4,0.000247150120494826
2447885,"Bacteroides faecalis",3307,0.00023578808191422,3825.4,0.000272750512380207
55213,"Brenneria rubrifaciens",3243,0.00023122490161712,3240.5,0.000231047789124962
3133172,"Alistipes intestinihominis",3240,0.000231011002540693,2915.8,0.000207896375124766
484018,"Phocaeicola plebeius",3185,0.000227089519472873,3235.7,0.000230706796796291
1035377,"Yersinia pestis",3111,0.000221813342254351,3110.8,0.000221795803535966
1121115,"Blautia wexlerae",3019,0.000215253770577269,3679.6,0.000262356112671598
2290935,"Parabacteroides acidifaciens",2857,0.000203703220450235,3001.2,0.000213981604957508
2763038,"Clostridium segne",2848,0.000203061523220955,3172.2,0.000226173494189303
2885351,"Hominisplanchenecus faecis",2774,0.000197785346002433,3044.1,0.000217045253014394
310298,"Phocaeicola coprocola",2730,0.000194648159548177,2824.5,0.000201386122360748
2736290,"Xylanibacter muris",2579,0.000183881906034706,2653.3,0.000189181596222832
271096,"Shewanella canadensis",2562,0.000182669811268289,2599.3,0.000185327394877558
3133166,"Laedolimicola intestinihominis",2562,0.000182669811268289,2457.7,0.000175230118395215
3117552,"Bacteroides maternus",2550,0.000181814214962583,2515.9,0.00017937995540433
871324,"Bacteroides stercorirosoris",2512,0.000179104826661179,2323,0.000165628759805843
636,"Edwardsiella tarda",2489,0.000177464933741909,2776.4,0.000197953236658472
1069201,"Aspergillus luchuensis",2439,0.0001738999491348,2574.7,0.000183575344106593
871665,"Blautia faecis",2409,0.000171760958370534,2349.6,0.000167524972750002
449673,"Bacteroides stercoris",2252,0.00016056690670421,2568.8,0.000183153613865467
3078042,"Pilosibacter fragilis",2168,0.000154577732564266,2297.1,0.000163782790282869
2981784,"[Clostridium] ammoniilyticum",2167,0.000154506432872124,2211.2,0.00015765961922118
2763065,"Ruminococcus hominis",2047,0.000145950469815061,2146.2,0.000153022442627327
667015,"Phocaeicola salanitronis",2041,0.000145522671662208,2061.8,0.000147007726286423
742727,"Bacteroides oleiciplenus",2038,0.000145308772585782,1986.4,0.000141629009181949
2763062,"Roseburia rectibacter",1985,0.000141529888902246,1875.2,0.000133704055765084
1851427,"Faecalibacterium butyricigenerans",1914,0.00013646761076015,2302.4,0.000164162680120074
1287640,"Anaerococcus obesiensis",1893,0.000134970317225164,2042.1,0.000145597946010158
2981785,"Coprococcus ammoniilyticus",1879,0.000133972121535174,1756.8,0.000125262781405869
1870993,"Coprococcus phoceensis",1859,0.00013254612769233,1770,0.000126198745431566
1871018,"Angelakisella massiliensis",1852,0.000132047029847335,1887.7,0.000134595368953901
2665155,"Streptomyces flavalbus",1807,0.000128838543700936,1880.7,0.000134091947375809
435590,"Phocaeicola vulgatus",1805,0.000128695944316652,1806,0.00012876521124508
2981724,"Alitiscatomonas aceti",1788,0.000127483849550234,1908.8,0.000136099156536642
2981782,"Blautia ammoniilytica",1769,0.000126129155399533,1753.8,0.000125046618667637
2751153,"Coprobacter secundus",1762,0.000125630057554537,1800.2,0.000128351508429081
2763023,"Bacteroides hominis",1758,0.000125344858785969,1931.3,0.000137698318051198
2763042,"Dysosmobacter segnis",1748,0.000124631861864547,1483.8,0.00010579171012339
566552,"Bifidobacterium catenulatum",1735,0.000123704965866698,1699.3,0.00012116031642965
387090,"Phocaeicola coprophilus",1729,0.000123277167713845,2410.3,0.000171851643413459
61648,"Kluyvera intermedia",1708,0.000121779874178859,1703.4,0.000121451016563082
471875,"[Ruminococcus] lactaris",1703,0.000121423375718148,1771.9,0.000126332783944429
3064195,"Brotocaccenecus cirricatena",1650,0.000117644492034612,1767.1,0.000125994744417499
580166,"Oceanibaculum pacificum",1648,0.000117501892650328,1650.6,0.000117687886519575
2981792,"Oscillibacter acetigenes",1609,0.000114721204656783,1658.4,0.000118243449240435
537006,"Parabacteroides johnsonii",1594,0.00011365170927465,1880.9,0.00013411062434281
214856,"Alistipes finegoldii",1570,0.000111940516663237,1608.5,0.000114687156454655
33043,"Coprococcus eutactus",1445,0.000103028055145463,1565.1,0.000111592962237381
1841855,"Bacteroides bouchesdurhonensis",1428,0.000101815960379046,1774.3,0.000126505124829326
1563222,"Citrobacter pasteurii",1401,9.98908686912072e-05,1389.8,9.90921268796488e-05
225992,"Comamonas kerstersii",1393,9.93204711540696e-05,1583.7,0.00011291585977809
328812,"Parabacteroides goldsteinii",1389,9.90352723855009e-05,1540.2,0.000109815292153383
518634,"Bifidobacterium breve",1332,9.49711899333961e-05,1259.7,8.98196802695621e-05
150056,"Mammaliicoccus fleurettii",1323,9.43294927041164e-05,1320.4,9.41435139383837e-05
1159491,"Cronobacter malonaticus",1317,9.39016945512633e-05,1316.7,9.38791459470455e-05
2364791,"Enterococcus mediterraneensis",1274,9.08358077891491e-05,1258.2,8.97110168348423e-05
1297617,"Intestinimonas butyriciproducens",1260,8.98376120991585e-05,1261.6,8.99507576752606e-05
1448314,"Aspergillus eucalypticola",1228,8.75560219506084e-05,1426.5,0.00010171114923117
2763027,"Blautia difficilis",1225,8.73421228741818e-05,1269.2,9.04912751035599e-05
103621,"Actinomyces urogenitalis",1213,8.64865265684756e-05,1213,8.6486527134127e-05
471870,"Bacteroides intestinalis",1212,8.64152268763334e-05,1225.2,8.73572284909194e-05
1470345,"Bacteroides timonensis",1153,8.22085450399442e-05,1026.2,7.31646416593844e-05
2126740,"Clostridium fessum",1147,8.17807468870911e-05,1159.2,8.26531610817386e-05
2881276,"Fusicatenibacter faecihominis",1112,7.92852576621145e-05,1529.6,0.000109056934472811
2991833,"Limosilactobacillus pulli",1112,7.92852576621145e-05,1126.9,8.03509658922575e-05
1871006,"Bacteroides congonensis",1107,7.89287592014035e-05,1159.3,8.2655660313574e-05
2779354,"Gemmiger gallinarum",1106,7.88574595092613e-05,1159.2,8.26534953072572e-05
2885357,"Hominenteromicrobium mulieris",1083,7.7217566589991e-05,1265.6,9.0235425579101e-05
2497875,"Enterobacter chuandaensis",1036,7.38664810593081e-05,1076.2,7.67359637534848e-05
2509240,"Blautia faecicola",1026,7.31534841378862e-05,1049.3,7.48162882594716e-05
1158604,"Enterococcus villorum",1022,7.28682853693174e-05,941.6,6.71387502354755e-05
502577,"Actinoallomurus acaciae",1007,7.17987899871846e-05,1188.5,8.47409835432947e-05
565655,"Enterococcus casseliflavus",997,7.10857930657627e-05,991.6,7.06977160070114e-05
2763673,"Yanshouia hominis",983,7.00875973757721e-05,1389.5,9.90721167428859e-05
1353,"Enterococcus gallinarum",977,6.96597992229189e-05,1013.4,7.22574507385321e-05
89014,"Blautia luti",975,6.95171998386345e-05,1035.9,7.38588046596702e-05
292800,"Flavonifractor plautii",969,6.90894016857814e-05,990.2,7.05988019060276e-05
2316025,"Mediterraneibacter butyricigenes",949,6.76634078429376e-05,1097.7,7.82679679716986e-05
2585119,"Alistipes dispar",918,6.54531173865297e-05,918.9,6.55184108013489e-05
2498453,"Geminicoccus harenae",915,6.52392183101032e-05,775.3,5.5276036619148e-05
28111,"Bacteroides eggerthii",911,6.49540195415344e-05,967.1,6.89505387069955e-05
2981773,"Muriventricola aceti",903,6.43836220043969e-05,984.4,7.01870998558527e-05
470146,"Coprococcus comes",877,6.25298300087e-05,953.9,6.80125126801951e-05
483215,"Bacteroides finegoldii",855,6.09612367815718e-05,937.6,6.68535767020009e-05
3034352,"Enterococcus entomosocium",848,6.04621389365765e-05,844.7,6.02243160077985e-05
195,"Campylobacter coli",845,6.02482398601499e-05,852.1,6.07533902146892e-05
1613,"Limosilactobacillus fermentum",808,5.76101512508889e-05,795.3,5.67027335939246e-05
3133499,"Maccoyibacter intestinihominis",805,5.73962521744624e-05,961.1,6.85292347873142e-05
2786956,"Phocaeicola faecalis",799,5.69684540216092e-05,757.8,5.40299951507866e-05
33945,"Enterococcus avium",786,5.60415580237608e-05,897.8,6.40103265117178e-05
1448313,"Aspergillus piperis",772,5.50433623337701e-05,972.9,6.9368573955514e-05
411470,"Mediterraneibacter gnavus",766,5.4615564180917e-05,909,6.48081743631173e-05
871327,"Parabacteroides chinchillae",733,5.22626743402247e-05,746.5,5.3223663568901e-05
1440762,"Dyella japonica",726,5.17635764952294e-05,726,5.17635803073981e-05
2981769,"Waltera acetigignens",723,5.15496774188028e-05,825,5.88244940066517e-05
1531,"Enterocloster clostridioformis",700,4.99097844995325e-05,805.9,5.74634697039865e-05
1871016,"Collinsella phocaeensis",696,4.96245857309637e-05,685.1,4.88457401289989e-05
2941333,"Mediterraneibacter agrestimuris",685,4.88402891173997e-05,700.5,4.99485243250132e-05
674529,"Bacteroides faecis",681,4.85550903488309e-05,781.2,5.57002581450356e-05
2763064,"Roseburia zhanii",665,4.74142952745559e-05,712.4,5.07913398277681e-05
1776379,"Leyella lascolaii",659,4.69864971217027e-05,721.5,5.14404268365753e-05
1121096,"Bacteroides gallinarum",653,4.65586989688496e-05,647.6,4.61717311336009e-05
1472416,"Butyricimonas faecihominis",651,4.64160995845652e-05,692.2,4.93529329300726e-05
979627,"Lachnoanaerobaculum orale",648,4.62022005081386e-05,674.7,4.81026790779198e-05
476272,"Blautia hydrogenotrophica",647,4.61309008159965e-05,662.2,4.72176902202426e-05
1812935,"Enterobacter roggenkampii",644,4.59170017395699e-05,632.1,4.50655148716673e-05
536231,"Roseburia intestinalis",643,4.58457020474277e-05,788.8,5.62387288612734e-05
2978477,"Eubacterium album",635,4.52753045102902e-05,696.7,4.96772667880713e-05
2739434,"Chitinibacter bivalviorum",632,4.50614054338636e-05,574.2,4.09438323949355e-05
45851,"Eshraghiella crossota",629,4.48475063574371e-05,601.4,4.28777719686986e-05
745368,"Gemmiger formicilis",617,4.39919100517308e-05,638.1,4.54937174927605e-05
2981772,"Muricoprocola aceti",610,4.34928122067355e-05,568,4.04986078419607e-05
1305,"Streptococcus sanguinis",605,4.31363137460245e-05,604.9,4.31293019274222e-05
2903556,"Faecalibacterium gallinarum",581,4.1425121134612e-05,547.4,3.90280446808058e-05
2763053,"Lawsonibacter hominis",576,4.1068622673901e-05,504.9,3.59959397277524e-05
1776384,"Emergencia timonensis",576,4.1068622673901e-05,586.3,4.18064276156732e-05
1160095,"Vagococcus entomophilus",573,4.08547235974745e-05,573.3,4.08786910834789e-05
2981793,"Phocaeicola fibrisolvens",570,4.06408245210479e-05,599.5,4.27412941348196e-05
2763671,"Jingyaoa shaoxingensis",565,4.02843260603369e-05,676.5,4.82376235379753e-05
2585117,"Alistipes onderdonkii",558,3.97852282153416e-05,558.5,3.98232933294841e-05
2763061,"Roseburia lenta",556,3.96426288310572e-05,568.2,4.05133757698885e-05
357441,"Enterococcus lactis",556,3.96426288310572e-05,579.2,4.1293248426853e-05
2093856,"Butyricimonas faecalis",554,3.95000294467729e-05,640.7,4.56822876654051e-05
1796613,"Bacteroides caecimuris",540,3.85018337567822e-05,583.6,4.16107741262036e-05
246787,"Bacteroides cellulosilyticus",533,3.80027359117869e-05,635.1,4.52841314666627e-05
2714358,"Pusillibacter faecalis",533,3.80027359117869e-05,602.6,4.29664859358474e-05
2994035,"Sellimonas catena",521,3.71471396060806e-05,607.1,4.32893750360175e-05
536633,"Blautia glucerasea",518,3.6933240529654e-05,562.8,4.0125876652866e-05
763034,"Bacteroides fluxus",505,3.60063445318056e-05,550.9,3.92821422691729e-05
1343,"Streptococcus vestibularis",504,3.59350448396634e-05,509.1,3.63018729058656e-05
1300307,"Mesorhizobium waimense",503,3.58637451475212e-05,503.3,3.58855575628613e-05
39488,"Anaerobutyricum hallii",485,3.45803506889618e-05,532.6,3.79718162563401e-05
1907654,"Collinsella bouchesdurhonensis",470,3.3510855306829e-05,463.5,3.30472432657698e-05
291644,"Bacteroides salyersiae",468,3.33682559225446e-05,526.1,3.75117050307537e-05
626774,"Proteus terrae",466,3.32256565382602e-05,430.6,3.07037335664302e-05
2941519,"Vermiculatibacterium agrestimuris",458,3.26552590011227e-05,481.7,3.4345140570918e-05
44008,"Enterococcus cecorum",455,3.24413599246961e-05,482.6,3.44078498935269e-05
1912897,"Blautia argi",450,3.20848614639852e-05,503.3,3.58875628487378e-05
1363,"Lactococcus garvieae",446,3.17996626954164e-05,445.7,3.17816258446869e-05
2841509,"Butyricicoccus intestinisimiae",446,3.17996626954164e-05,497.5,3.54716503649355e-05
2881258,"Ruminococcus turbiniformis",444,3.1657063311132e-05,440.7,3.14206577278989e-05
2981720,"Bovifimicola ammoniilytica",442,3.15144639268477e-05,483.7,3.44856014972224e-05
372463,"Oceanobacillus profundus",441,3.14431642347055e-05,476.5,3.39745937746328e-05
1177179,"Alcanivorax hongdengensis",437,3.11579654661367e-05,568.7,4.05458184088621e-05
1411144,"Bacteroides caecigallinarum",434,3.09440663897101e-05,446.1,3.18087423245909e-05
2981786,"Coprococcus aceti",415,2.95893722390085e-05,438.7,3.12766927389035e-05
2060068,"Chimaeribacter coloradensis",399,2.84485771647335e-05,399.2,2.84609120612041e-05
2107999,"Lactobacillus paragasseri",399,2.84485771647335e-05,391.3,2.78975428631167e-05
5851,"Plasmodium knowlesi",392,2.79494793197382e-05,392.4,2.79793993331167e-05
2763048,"Flintibacter hominis",391,2.7878179627596e-05,408.7,2.91430419756456e-05
622312,"Roseburia inulinivorans",388,2.76642805511694e-05,484.5,3.45474203015891e-05
1384589,"Entomohabitans teleogrylli",386,2.75216811668851e-05,386,2.75195442363573e-05
742726,"Barnesiella intestinihominis",384,2.73790817826007e-05,420.3,2.99697760070945e-05
2764323,"Catenibacterium faecis",382,2.72364823983163e-05,449.9,3.20794671640119e-05
252393,"Candidatus Erwinia dacicola",381,2.71651827061741e-05,380.7,2.71414894810609e-05
2981787,"Dorea acetigenes",376,2.68086842454632e-05,377.8,2.69391698668904e-05
2763014,"Agathobaculum hominis",374,2.66660848611788e-05,370.3,2.64019426752459e-05
649756,"Anaerostipes hadrus",373,2.65947851690366e-05,379.3,2.70427272565117e-05
1501662,"Streptococcus parasuis",370,2.638088609261e-05,283,2.01758073778721e-05
39490,"Eubacterium ramulus",370,2.638088609261e-05,412.2,2.93882558978235e-05
1121114,"Blautia producta",368,2.62382867083257e-05,372.8,2.65811204916968e-05
2763664,"Jutongia hominis",362,2.58104885554725e-05,360.2,2.56830585628691e-05
351091,"Oscillibacter valericigenes",362,2.58104885554725e-05,397.7,2.83567751244536e-05
515620,"Lachnospira eligens",358,2.55252897869038e-05,341.5,2.43521384862242e-05
2894201,"Citrobacter meridianamericanus",358,2.55252897869038e-05,399.2,2.84640752947512e-05
1712665,"Agathobacter ruminis",357,2.54539900947616e-05,405,2.8875374602245e-05
29466,"Veillonella parvula",356,2.53826904026194e-05,356,2.53826914298971e-05
2040291,"Dorea phocaeensis",348,2.48122928654819e-05,369,2.63082992416962e-05
2981780,"Bacteroides cellulolyticus",342,2.43844947126287e-05,363,2.58814518325909e-05
1972431,"Phytobacter ursingii",338,2.409929594406e-05,359.8,2.56561179710186e-05
2763035,"Clostridium facile",336,2.39566965597756e-05,359.6,2.56393207235854e-05
558541,"Shewanella chilikensis",336,2.39566965597756e-05,473.3,3.37492341762281e-05
348802,"Exophiala xenobiotica",335,2.38853968676334e-05,332.6,2.37150440851359e-05
310300,"Bacteroides pyogenes",334,2.38140971754912e-05,394.1,2.80993656642856e-05
568814,"Streptococcus suis",332,2.36714977912068e-05,323,2.3031700226548e-05
45133,"Lasiodiplodia theobromae",332,2.36714977912068e-05,305.7,2.17961436215304e-05
3342383,"Flintibacter porci",329,2.34575987147803e-05,392.3,2.7974265212455e-05
871325,"Bacteroides faecichinchillae",326,2.32436996383537e-05,359.2,2.56120626295122e-05
33039,"[Ruminococcus] torques",325,2.31723999462115e-05,331.2,2.36132087896899e-05
2981771,"Laedolimicola ammoniilytica",322,2.29585008697849e-05,395.1,2.81696625060884e-05
202956,"Acinetobacter towneri",321,2.28872011776428e-05,312.3,2.22660344176234e-05
3032125,"Neopoerus faecalis",313,2.23168036405052e-05,350.4,2.49858083753988e-05
1259973,"Klebsiella electrica",308,2.19603051797943e-05,319,2.27458080293946e-05
272559,"Bacteroides fragilis",305,2.17464061033677e-05,323.8,2.30899992296555e-05
2690837,"Eggerthella guodeyinii",300,2.13899076426568e-05,298.1,2.1257510012191e-05
1121950,"Hespellia stercorisuis",299,2.13186079505146e-05,279.7,1.99447916771237e-05
2981794,"Roseburia amylophila",297,2.11760085662302e-05,312.7,2.22989371345392e-05
1639133,"Citrobacter portucalensis",290,2.06769107212349e-05,278.8,1.98771528822502e-05
2951805,"Parabacteroides absconsus",289,2.06056110290927e-05,342.9,2.44498411978894e-05
1689270,"Intestinimonas timonensis",289,2.06056110290927e-05,302.7,2.15815490061796e-05
1472417,"Butyricimonas paravirosa",288,2.05343113369505e-05,342.2,2.43959670916495e-05
180434,"Morganella morganii",287,2.04630116448083e-05,289.4,2.06355714375774e-05
2885352,"Hominiventricola filiformis",287,2.04630116448083e-05,345.8,2.4655659415083e-05
546367,"Hafnia paralvei",280,1.9963913799813e-05,284.5,2.0287447087667e-05
2981768,"Anthropogastromicrobium aceti",276,1.96787150312442e-05,313.4,2.23477183719318e-05
1775168,"Flagellimonas marina",274,1.95361156469599e-05,274,1.95361170398791e-05
3053355,"Streptococcus raffinosi",272,1.93935162626755e-05,275.6,1.96469692597978e-05
3133164,"Hominiventricola aquisgranensis",269,1.91796171862489e-05,303.8,2.16610507635322e-05
253257,"Lacrimispora amygdalina",266,1.89657181098223e-05,288.9,2.05950509558186e-05
2763045,"Eubacterium segne",266,1.89657181098223e-05,272.8,1.94510719400577e-05
1288121,"Alistipes senegalensis",266,1.89657181098223e-05,275.5,1.96453055905067e-05
2486000,"Lapidilactobacillus achengensis",264,1.8823118725538e-05,243.1,1.73297232885576e-05
2748301,"Streptococcus vaginalis",260,1.85379199569692e-05,217.1,1.54824029777045e-05
2590867,"Enorma burkinafasonensis",257,1.83240208805426e-05,245.8,1.75270090517725e-05
2763047,"Flintibacter faecis",256,1.82527211884005e-05,374.9,2.67271794796652e-05
1720294,"Eisenbergiella massiliensis",255,1.81814214962583e-05,266.7,1.90134635388271e-05
2762213,"Phocaeicola faecium",252,1.79675224198317e-05,279.7,1.99389917924363e-05
2606633,"Oliverpabstia intestinalis",251,1.78962227276895e-05,251.5,1.7934683281722e-05
2763668,"Jutongia huaianensis",243,1.7325825190552e-05,246.5,1.75733706323966e-05
2763040,"Dorea hominis",239,1.70406264219832e-05,266.6,1.90105846084031e-05
2927224,"Akkermansia massiliensis",239,1.70406264219832e-05,239,1.70423389929766e-05
169435,"Anaerotruncus colihominis",238,1.6969326729841e-05,245.4,1.74941995381879e-05
485602,"Actinophytocola xinjiangensis",235,1.67554276534145e-05,212.7,1.51627607244287e-05
1917883,"Bacteroides togonis",234,1.66841279612723e-05,284.8,2.03029760602e-05
104955,"Limosilactobacillus frumenti",233,1.66128282691301e-05,229.1,1.63356922135051e-05
2609961,"Pseudomonas akapageensis",232,1.65415285769879e-05,217.6,1.5517534813782e-05
559292,"Saccharomyces cerevisiae",229,1.63276295005613e-05,194.4,1.38579542336479e-05
2303987,"Motilimonas pumila",228,1.62563298084192e-05,228.7,1.63073445122559e-05
1229621,"Anaerostipes rhamnosivorans",228,1.62563298084192e-05,231.6,1.65113580885324e-05
570012,"Shimwellia pseudoproteus",226,1.61137304241348e-05,227.8,1.62437146749273e-05
2559925,"Enterococcus dongliensis",224,1.59711310398504e-05,200.5,1.42965817816876e-05
2494701,"Enterobacter chengduensis",222,1.5828531655566e-05,210,1.49696068607945e-05
293939,"Aspergillus lentulus",220,1.56859322712816e-05,218.5,1.55793182805526e-05
1903262,"Bacteroides ndongoniae",216,1.54007335027129e-05,183.4,1.30788750642914e-05
1410646,"Bifidobacterium merycicum",215,1.53294338105707e-05,205.9,1.46788548632916e-05
3036443,"Streptococcus sp. ST2",204,1.45451371970066e-05,209.3,1.49211132645906e-05
214851,"Subdoligranulum variabile",203,1.44738375048644e-05,285.8,2.03774839929351e-05
3142537,"Enterobacter adelaidei",200,1.42599384284379e-05,247.6,1.76565610842489e-05
889201,"Streptococcus cristatus",200,1.42599384284379e-05,189.2,1.34890428863349e-05
1206725,"Nocardia brevicatena",198,1.41173390441535e-05,205.3,1.46363870366188e-05
2736294,"Xylanibacter caecicola",191,1.36182411991582e-05,320.3,2.28375763053578e-05
445970,"Alistipes putredinis",190,1.3546941507016e-05,208.5,1.48685203821643e-05
53346,"Enterococcus mundtii",190,1.3546941507016e-05,191.5,1.3654720511521e-05
215243,"Exophiala oligosperma",188,1.34043421227316e-05,179.5,1.27968182479189e-05
188913,"Cetobacterium somerae",185,1.3190443046305e-05,184.9,1.3183381307457e-05
2316736,"Corallococcus exercitus",184,1.31191433541628e-05,184,1.31191597272817e-05
2267891,"Campylobacter novaezeelandiae",183,1.30478436620206e-05,178.1,1.2701842038232e-05
391612,"Crocosphaera chwakensis",179,1.27626448934519e-05,193.2,1.37752084287484e-05
546,"Citrobacter freundii",179,1.27626448934519e-05,168.4,1.20044486902027e-05
28118,"Odoribacter splanchnicus",175,1.24774461248831e-05,179,1.27644061259841e-05
3133158,"Lachnospira intestinalis",173,1.23348467405987e-05,218.9,1.56064375261664e-05
160453,"Enterococcus gilvus",172,1.22635470484566e-05,185.3,1.32141481065845e-05
2715212,"Bacteroides faecium",168,1.19783482798878e-05,174.7,1.24579959233974e-05
2763032,"Butyricimonas hominis",161,1.14792504348925e-05,199.7,1.42365931227765e-05
3376993,"Vescimonas sanitatis",159,1.13366510506081e-05,172,1.22608812827651e-05
2316720,"Corallococcus interemptor",158,1.12653513584659e-05,160.2,1.14204215261075e-05
626940,"Phascolarctobacterium succinatutens",158,1.12653513584659e-05,187.3,1.33549281740876e-05
1796636,"Frisingicoccus caecimuris",155,1.10514522820393e-05,155.1,1.10581775917899e-05
997873,"Bacteroides caccae",155,1.10514522820393e-05,162.4,1.15806372704812e-05
1796615,"Blautia caecimuris",155,1.10514522820393e-05,170.3,1.21409064409817e-05
367928,"Bifidobacterium adolescentis",151,1.07662535134706e-05,162,1.155107803605e-05
1123302,"Streptococcus entericus",151,1.07662535134706e-05,191.8,1.36755343973995e-05
60172,"Penicillium solitum",151,1.07662535134706e-05,149.7,1.06760639177766e-05
3030999,"Enterobacter rongchengensis",151,1.07662535134706e-05,174.3,1.24244943447575e-05
1076124,"Phytohabitans flavus",148,1.0552354437044e-05,146.2,1.04213278068435e-05
1323,"Faecalicoccus pleomorphus",147,1.04810547449018e-05,124.2,8.85421025534235e-06
1912855,"Faecalimonas umbilicata",144,1.02671556684753e-05,168.1,1.19849702806335e-05
2725562,"Caecibacteroides pullorum",142,1.01245562841909e-05,141.5,1.00903545613588e-05
2974565,"Campylobacter felis",140,9.9819568999065e-06,114.8,8.18422655749322e-06
173856,"Streptomyces luteosporeus",139,9.91065720776431e-06,142.3,1.01493008869779e-05
169963,"Listeria monocytogenes",138,9.83935751562212e-06,138.5,9.87845044692136e-06
2981774,"Suilimivivens aceti",138,9.83935751562212e-06,172.9,1.23248340529423e-05
2763017,"Anaerosacchariphilus hominis",137,9.76805782347993e-06,141.8,1.01087728935098e-05
1735,"Holdemanella biformis",136,9.69675813133774e-06,132.4,9.44271325952559e-06
2590157,"Klebsiella variicola",136,9.69675813133774e-06,132.3,9.43461507382536e-06
2834113,"Alistipes montrealensis",135,9.62545843919555e-06,129.8,9.2545606373045e-06
246144,"Enterococcus italicus",135,9.62545843919555e-06,147.5,1.05138544849838e-05
81947,"Vagococcus lutrae",134,9.55415874705336e-06,162.7,1.1602590307469e-05
2499078,"Vibrio ouci",132,9.41155936276898e-06,132.1,9.42200785911862e-06
147206,"Collinsella stercoris",132,9.41155936276898e-06,142.5,1.01570249349511e-05
212818,"Exophiala mesophila",131,9.34025967062679e-06,141.6,1.00987132180145e-05
331117,"Aspergillus fischeri",129,9.19766028634242e-06,130.8,9.32725980082735e-06
2172043,"Bifidobacterium tibiigranuli",129,9.19766028634242e-06,118.4,8.43859034233136e-06
3133163,"Ruthenibacterium intestinale",128,9.12636059420023e-06,153.1,1.09186114647822e-05
1255705,"Bavariicoccus seileri",126,8.98376120991585e-06,114.2,8.14590190964566e-06
3133170,"Ventrimonas faecis",126,8.98376120991585e-06,131,9.34125813407434e-06
1650663,"Allofournierella massiliensis",126,8.98376120991585e-06,133.7,9.53062997914413e-06
365590,"Shewanella hafniensis",125,8.91246151777366e-06,125.7,8.9636978424693e-06
1936995,"Parabacteroides bouchesdurhonensis",122,8.69856244134709e-06,140.3,1.00005459750882e-05
1642,"Listeria innocua",121,8.6272627492049e-06,115.1,8.20856269663499e-06
1640685,"Enterococcus massiliensis",120,8.55596305706271e-06,126.7,9.03338489082608e-06
3032870,"Lepagella muris",120,8.55596305706271e-06,124.1,8.84589351649565e-06
2763670,"Wujia chipingensis",120,8.55596305706271e-06,126.7,9.03496913048443e-06
342942,"Mediterraneibacter glycyrrhizinilyticus",119,8.48466336492052e-06,129.9,9.25935936549961e-06
2946555,"Akkermansia biwaensis",118,8.41336367277833e-06,118,8.41365341875434e-06
89059,"Ligilactobacillus acidipiscis",116,8.27076428849396e-06,107.5,7.66552244525179e-06
2743469,"Rhabdonatronobacter sediminivivens",115,8.19946459635177e-06,108.1,7.70836821563268e-06
762211,"Bifidobacterium stellenboschense",114,8.12816490420958e-06,117.1,8.34964277189206e-06
45668,"Halobacillus litoralis",114,8.12816490420958e-06,114.8,8.18497356584248e-06
2981726,"Hominimerdicola aceti",114,8.12816490420958e-06,115.1,8.20940192158774e-06
2763644,"Zhenpiania hominis",113,8.05686521206739e-06,128.3,9.14484415999977e-06
1033731,"Alistipes timonensis",113,8.05686521206739e-06,114.6,8.16818888946999e-06
574930,"Parabacteroides gordonii",111,7.91426582778301e-06,111.3,7.93638150228682e-06
133448,"Citrobacter youngae",111,7.91426582778301e-06,142.7,1.01750108251726e-05
1121094,"Phocaeicola barnesiae",110,7.84296613564082e-06,128.6,9.1686530581683e-06
2107694,"Aphanothece hegewaldii",110,7.84296613564082e-06,130.8,9.32332601725544e-06
105843,"Anaerobutyricum soehngenii",110,7.84296613564082e-06,118.5,8.44941961131714e-06
2779352,"Pseudoflavonifractor gallinarum",110,7.84296613564082e-06,111.9,7.98134071493436e-06
1296540,"Paucilactobacillus nenjiangensis",107,7.62906705921425e-06,90.8,6.47600741309438e-06
2815723,"Nocardia alni",107,7.62906705921425e-06,107,7.62866164862368e-06
29391,"Gemella morbillorum",106,7.55776736707206e-06,106,7.55747710193561e-06
69359,"Thiohalocapsa halophila",104,7.41516798278768e-06,107.2,7.64600464364006e-06
1720300,"Mediterraneibacter massiliensis",103,7.34386829064549e-06,113.9,8.12223251910723e-06
2891570,"Pseudocitrobacter corydidari",103,7.34386829064549e-06,102.4,7.3001256513335e-06
1121129,"Butyricimonas synergistica",102,7.27256859850331e-06,102,7.27447029802149e-06
1841865,"Mediterranea massiliensis",102,7.27256859850331e-06,113.7,8.11017369963757e-06
1314,"Streptococcus pyogenes",102,7.27256859850331e-06,102.1,7.28115724933886e-06
518635,"Bifidobacterium angulatum",101,7.20126890636112e-06,133.8,9.54115591094399e-06
2026339,"Oceanibium sediminis",101,7.20126890636112e-06,80.6,5.74997151280168e-06
154046,"Hungatella hathewayi",101,7.20126890636112e-06,105.3,7.51083552562506e-06
1308,"Streptococcus thermophilus",101,7.20126890636112e-06,102.1,7.28322718778659e-06
324831,"Lactobacillus gasseri",99,7.05866952207674e-06,105.8,7.54102000837575e-06
187979,"Mitsuokella jalaludinii",98,6.98736982993455e-06,98.9,7.05454949750187e-06
460384,"Enterocloster lavalensis",97,6.91607013779236e-06,89.6,6.38871915926867e-06
762968,"Paraprevotella clara",95,6.77347075350798e-06,100.1,7.13984177772605e-06
2041044,"Eubacterium maltosivorans",95,6.77347075350798e-06,103.3,7.36806018592866e-06
449520,"Campylobacter canadensis",94,6.70217106136579e-06,94.2,6.71595821772879e-06
2292441,"Paratractidigestivibacter faecalis",93,6.6308713692236e-06,87.4,6.23321529568964e-06
2785629,"Leclercia barmai",92,6.55957167708141e-06,90.1,6.42522740337675e-06
2697024,"Pusillimonas minor",90,6.41697229279703e-06,112.9,8.0499146378971e-06
1121925,"Globicatella sulfidifaciens",89,6.34567260065485e-06,86.1,6.13542989608173e-06
2605778,"Clostridium porci",88,6.27437290851266e-06,91.6,6.53284376627822e-06
2763057,"Parabacteroides hominis",88,6.27437290851266e-06,91,6.49096411102961e-06
2736289,"Xylanibacter rodentium",87,6.20307321637047e-06,95.5,6.80817279739134e-06
2509433,"Senegalimassilia faecalis",86,6.13177352422828e-06,81.1,5.77897153051165e-06
59310,"Streptococcus macedonicus",86,6.13177352422828e-06,83.5,5.95084099464269e-06
3378067,"Butyricimonas sp. GBGM4",86,6.13177352422828e-06,97,6.91300971170809e-06
1408437,"Agathobaculum desmolans",85,6.06047383208609e-06,85.1,6.06487746753858e-06
2692629,"Copranaerobaculum intestinale",85,6.06047383208609e-06,82.7,5.89334495133972e-06
1720195,"Gabonibacter massiliensis",84,5.9891741399439e-06,82.5,5.88323654996602e-06
3378099,"Providencia lanzhouensis",84,5.9891741399439e-06,90.7,6.46879033564152e-06
3093657,"Acutalibacter caecimuris",83,5.91787444780171e-06,83.9,5.98043432904054e-06
2763021,"Bacteroides difficilis",83,5.91787444780171e-06,95.9,6.8399638966826e-06
1341132,"Aspergillus welwitschiae",82,5.84657475565952e-06,81.2,5.79203957564003e-06
1968889,"Streptococcus downii",81,5.77527506351733e-06,82,5.84993479046448e-06
1914243,"Citrobacter europaeus",80,5.70397537137514e-06,82.4,5.87766720005127e-06
46186,"Streptosporangium fragile",79,5.63267567923295e-06,80,5.70631125049825e-06
242230,"Eggerthella sinensis",78,5.56137598709076e-06,78.4,5.59222681150214e-06
2888525,"Thermomonas alba",78,5.56137598709076e-06,75.7,5.40003326620229e-06
317010,"Enterococcus canintestini",77,5.49007629494857e-06,77,5.48968973785071e-06
767769,"Aspergillus brasiliensis",75,5.3474769106642e-06,75.7,5.39880451368111e-06
35787,"Limosilactobacillus pontis",75,5.3474769106642e-06,75,5.34865304480143e-06
2831590,"Buttiauxella massiliensis",75,5.3474769106642e-06,75,5.34747730841419e-06
2919919,"Atopomonas sediminilitoris",74,5.27617721852201e-06,75.7,5.39613267781531e-06
411467,"Pseudoflavonifractor capillosus",73,5.20487752637982e-06,73.2,5.21632675826671e-06
1069534,"Ligilactobacillus ruminis",73,5.20487752637982e-06,73.7,5.25536493402043e-06
2025493,"Blautia hominis",73,5.20487752637982e-06,70.1,4.99980250857989e-06
2685834,"Parabacteroides chongii",73,5.20487752637982e-06,75.1,5.35180999557795e-06
237576,"Oribacterium sinus",72,5.13357783423763e-06,69.5,4.95816747605446e-06
2763050,"Hungatella hominis",72,5.13357783423763e-06,72,5.13612257371208e-06
2499076,"Marinifilum caeruleilacunae",71,5.06227814209544e-06,64.9,4.62665040252235e-06
2714355,"Vescimonas coprocola",69,4.91967875781106e-06,84,5.98834578127964e-06
283354,"Alternaria metachromatica",69,4.91967875781106e-06,69.6,4.95958681256617e-06
3037798,"Providencia huashanensis",69,4.91967875781106e-06,78.6,5.60129164018736e-06
673271,"Catenibacillus scindens",68,4.84837906566887e-06,96.8,6.90426025211995e-06
1653434,"Sellimonas intestinalis",68,4.84837906566887e-06,68.4,4.8734147799699e-06
2838426,"Candidatus Agathobaculum pullicola",68,4.84837906566887e-06,89.1,6.35490467244473e-06
2764322,"Hydrogeniiclostridium mannosilyticum",67,4.77707937352668e-06,72.4,5.16195109543265e-06
2316726,"Corallococcus sicarius",67,4.77707937352668e-06,67.4,4.80908384564925e-06
2316722,"Corallococcus aberystwythensis",67,4.77707937352668e-06,67,4.77748737844192e-06
2779351,"Claveliimonas monacensis",66,4.70577968138449e-06,67.7,4.82881002218932e-06
113107,"Streptococcus australis",66,4.70577968138449e-06,63.1,4.49656035313076e-06
2993450,"Limosilactobacillus viscerum",66,4.70577968138449e-06,53.6,3.82365153903488e-06
218493,"Salmonella bongori",65,4.6344799892423e-06,64.6,4.60642495275912e-06
267818,"Lactobacillus kefiranofaciens",65,4.6344799892423e-06,66.8,4.76283187706216e-06
1292134,"Stenotrophomonas africana",64,4.56318029710011e-06,63.5,4.52459353640768e-06
433664,"Nocardioides agariphilus",64,4.56318029710011e-06,65.8,4.68974359040932e-06
3093659,"Acutalibacter intestini",63,4.49188060495792e-06,63.5,4.52788728815377e-06
270249,"Bartonella phoceensis",63,4.49188060495792e-06,68.6,4.89195148337429e-06
154288,"Turicibacter sanguinis",62,4.42058091281573e-06,62,4.42058122800183e-06
1031733,"Campylobacter upsaliensis",62,4.42058091281573e-06,84.2,6.00151707803247e-06
483206,"Mesorhizobium caraganae",62,4.42058091281573e-06,62,4.42058144937637e-06
2738446,"Anaerostipes faecalis",62,4.42058091281573e-06,74.9,5.34287186100014e-06
2949650,"Parabacteroides sp. W1-Q-101",62,4.42058091281573e-06,63.4,4.52162097356144e-06
1348632,"Pseudolactococcus plantarum",61,4.34928122067355e-06,57.4,4.0957544463305e-06
3036303,"Peptoniphilus genitalis",61,4.34928122067355e-06,61.2,4.36250416945038e-06
2582917,"Klebsiella indica",60,4.27798152853136e-06,60.2,4.2905960205935e-06
1328,"Streptococcus anginosus",60,4.27798152853136e-06,62.4,4.44889441600022e-06
1987383,"Candidatus Enterococcus wittei",59,4.20668183638917e-06,59,4.20850797458269e-06
2585118,"Alistipes communis",59,4.20668183638917e-06,61.9,4.41355341240012e-06
3133162,"Ruminococcoides intestinale",59,4.20668183638917e-06,40.4,2.88100322603913e-06
1670621,"Saccharothrix lopnurensis",59,4.20668183638917e-06,53.8,3.83552495370366e-06
1907658,"Bacteroides ilei",59,4.20668183638917e-06,89.8,6.40263098768508e-06
684066,"Streptococcus lactarius",58,4.13538214424698e-06,64.3,4.58590825310738e-06
1816676,"Alistipes provencensis",58,4.13538214424698e-06,71.5,5.0977634263367e-06
2954240,"Streptococcus bouchesdurhonensis",58,4.13538214424698e-06,69.5,4.95414727821504e-06
2518971,"Duncaniella dubosii",57,4.06408245210479e-06,55.6,3.96085528448797e-06
2650157,"Bacteroides zhangwenhongii",56,3.9927827599626e-06,56.9,4.06019651290516e-06
158836,"Enterobacter hormaechei",56,3.9927827599626e-06,56.8,4.05109167761123e-06
1796635,"Longicatena caecimuris",54,3.85018337567822e-06,64,4.56457293772564e-06
2939491,"Parabacteroides leei",54,3.85018337567822e-06,52.5,3.74254659833728e-06
187327,"Acidaminococcus intestini",54,3.85018337567822e-06,54.9,3.91250010629166e-06
39480,"Andreesenia angusta",53,3.77888368353603e-06,46.9,3.34228846201006e-06
3133154,"Coprococcus intestinihominis",53,3.77888368353603e-06,62.3,4.44543193599679e-06
1202713,"Paenalcaligenes suwonensis",52,3.70758399139384e-06,63.2,4.50833808936155e-06
2834112,"Bacteroides propionicigenes",52,3.70758399139384e-06,53,3.78150511310791e-06
84031,"Clostridium sartagoforme",52,3.70758399139384e-06,52.3,3.73056082442907e-06
762982,"Paraprevotella xylaniphila",52,3.70758399139384e-06,30.5,2.17780343734667e-06
28113,"Bacteroides heparinolyticus",51,3.63628429925165e-06,51.1,3.64033577313593e-06
2763036,"Clostridium hominis",51,3.63628429925165e-06,50.6,3.61115267327286e-06
1393034,"Atopobium deltae",50,3.56498460710946e-06,56.8,4.05104166633729e-06
1834167,"Candidatus Enterococcus lemimoniae",50,3.56498460710946e-06,49.5,3.53065340922422e-06
29845,"Penicillium vulpinum",50,3.56498460710946e-06,50.2,3.57901061012123e-06
3133171,"Pseudoflavonifractor intestinihominis",50,3.56498460710946e-06,55.4,3.94748133641126e-06
3133091,"unknown genome; accession ID isNZ_JBBMER010000008.1",50,3.56498460710946e-06,50.9,3.63109682921376e-06
1841868,"Provencibacterium massiliense",50,3.56498460710946e-06,49.8,3.54733658184865e-06
1077946,"Streptomyces hundungensis",49,3.49368491496727e-06,62.6,4.4655118489226e-06
1650661,"Clostridium phoceensis",48,3.42238522282509e-06,49.6,3.53515834585022e-06
2022662,"Superficieibacter electus",48,3.42238522282509e-06,39.9,2.84426206408878e-06
3133159,"Megasphaera intestinihominis",48,3.42238522282509e-06,48.1,3.42630526519674e-06
1720315,"Hugonella massiliensis",47,3.3510855306829e-06,47.1,3.35596200599856e-06
1982626,"Faecalibacillus intestinalis",47,3.3510855306829e-06,57.3,4.08324394332262e-06
108981,"Acinetobacter schindleri",46,3.27978583854071e-06,46.8,3.33653599496563e-06
2766578,"Komagataeibacter melomenusus",46,3.27978583854071e-06,46,3.27978657297687e-06
2547410,"Enterocloster alcoholdehydrogenati",46,3.27978583854071e-06,51.6,3.67938189139174e-06
2764329,"Paeniclostridium hominis",46,3.27978583854071e-06,45.5,3.24664334899951e-06
880074,"Barnesiella viscericola",45,3.20848614639852e-06,50.6,3.60524014343351e-06
45286,"Eremothecium sinecaudum",45,3.20848614639852e-06,43.6,3.10694004132828e-06
2713419,"Collinsella acetigenes",45,3.20848614639852e-06,49.9,3.56113074239084e-06
2839759,"Enterococcus innesii",45,3.20848614639852e-06,55.4,3.94983162893257e-06
2944915,"Coprobacter tertius",45,3.20848614639852e-06,45.4,3.23644926132891e-06
2880704,"Duncaniella muricolitica",45,3.20848614639852e-06,47.3,3.37139238272772e-06
375175,"Loigolactobacillus backii",44,3.13718645425633e-06,45,3.2056001012419e-06
37930,"Glutamicibacter protophormiae",44,3.13718645425633e-06,44,3.13718739348629e-06
1423749,"Limosilactobacillus gastricus",43,3.06588676211414e-06,41.8,2.98188391834466e-06
3032872,"Petralouisia muris",43,3.06588676211414e-06,43.1,3.07331717140945e-06
2597270,"Alkalicoccobacillus porphyridii",43,3.06588676211414e-06,47.9,3.41794039846362e-06
2606626,"Sodaliphilus pleomorphus",43,3.06588676211414e-06,43.2,3.07785413378567e-06
437897,"Megamonas funiformis",43,3.06588676211414e-06,42.9,3.05753861706226e-06
880526,"Rikenella microfusus",42,2.99458706997195e-06,47.7,3.398646930218e-06
73098,"Kluyvera georgiana",42,2.99458706997195e-06,42.6,3.03433008167864e-06
105984,"Apiotrichum porosum",42,2.99458706997195e-06,39.8,2.83767278736956e-06
2748010,"Thiomicrorhabdus heinhorstiae",42,2.99458706997195e-06,42,2.9945874447755e-06
2819619,"Streptococcus toyakuensis",42,2.99458706997195e-06,51.6,3.68089184627947e-06
1720204,"Collinsella ihumii",42,2.99458706997195e-06,41.5,2.9603568787508e-06
1281486,"Lactococcus formosensis",42,2.99458706997195e-06,43,3.06374223145178e-06
1776392,"Massilimicrobiota timonensis",42,2.99458706997195e-06,45.5,3.24764185995971e-06
905079,"Guillardia theta",41,2.92328737782976e-06,39.3,2.80016201631779e-06
176090,"Streptococcus sinensis",41,2.92328737782976e-06,41.4,2.95265500164344e-06
1150468,"Scardovia inopinata",41,2.92328737782976e-06,41,2.92328841561469e-06
1398493,"Pseudocitrobacter faecalis",41,2.92328737782976e-06,42.4,3.02138675404648e-06
228229,"Ligilactobacillus saerimneri",41,2.92328737782976e-06,51,3.63938575121337e-06
1871033,"Olsenella urininfantis",41,2.92328737782976e-06,58.6,4.17561579784058e-06
742818,"Slackia piriformis",40,2.85198768568757e-06,40.2,2.86344028098303e-06
2505970,"Campylobacter armoricus",40,2.85198768568757e-06,41.8,2.98232005960633e-06
2763676,"Qingrenia yutianensis",40,2.85198768568757e-06,40.8,2.90989326753614e-06
2838947,"Enterobacter quasimori",40,2.85198768568757e-06,41.3,2.94516708144867e-06
3111861,"Streptococcus gingivalis",40,2.85198768568757e-06,43.7,3.117098942965e-06
3140788,"Streptococcus nidrosiense",40,2.85198768568757e-06,43.8,3.1198900506328e-06
1918949,"Solemya elarraichensis gill symbiont",39,2.78068799354538e-06,39.6,2.82514825566573e-06
71452,"Enterococcus raffinosus",39,2.78068799354538e-06,52.8,3.76247252790275e-06
2026240,"Klebsiella quasivariicola",39,2.78068799354538e-06,38.7,2.76033387682799e-06
226230,"Saccharomyces kudriavzevii",39,2.78068799354538e-06,58.1,4.14268838439087e-06
2583810,"Alteribacter natronophilus",38,2.70938830140319e-06,41.4,2.95432598139995e-06
2606635,"Waltera intestinalis",38,2.70938830140319e-06,38.6,2.7520756632138e-06
67826,"Citrobacter sedlakii",38,2.70938830140319e-06,42.5,3.02765393270969e-06
2981728,"Huintestinicola butyrica",38,2.70938830140319e-06,36.9,2.62858922441623e-06
1002367,"Leyella stercorea",37,2.638088609261e-06,30.3,2.16290176149138e-06
2755051,"Variimorphobacter saccharofermentans",37,2.638088609261e-06,37,2.63928893115493e-06
2949669,"Curtanaerobium respiraculi",37,2.638088609261e-06,38.4,2.74038010285812e-06
3133167,"Faecousia intestinalis",37,2.638088609261e-06,33.6,2.39692118909105e-06
2052836,"Cuspidothrix issatschenkoi",36,2.56678891711881e-06,39.7,2.82951536634368e-06
676599,"Stenotrophomonas panacihumi",36,2.56678891711881e-06,37.2,2.65204709150378e-06
546269,"Filifactor alocis",35,2.49548922497662e-06,38.3,2.73254134481154e-06
1034345,"Senegalimassilia anaerobia",35,2.49548922497662e-06,41.5,2.95712210242573e-06
94643,"Besnoitia besnoiti",35,2.49548922497662e-06,38.2,2.72122712961519e-06
61171,"Holdemania filiformis",35,2.49548922497662e-06,44.6,3.18224395721001e-06
2981721,"Brotomerdimonas butyrica",35,2.49548922497662e-06,34.8,2.47960542437231e-06
3037989,"Bacteroides vicugnae",35,2.49548922497662e-06,36.3,2.58535173419099e-06
1504,"Clostridium septicum",34,2.42418953283444e-06,34.1,2.43392640471385e-06
1133319,"Bacteroides reticulotermitis",34,2.42418953283444e-06,33.8,2.413006453023e-06
2764327,"Holdemanella hominis",34,2.42418953283444e-06,37,2.63519969067527e-06
626929,"Bacteroides clarus",34,2.42418953283444e-06,35,2.49316306011884e-06
3133175,"Blautia caccae",34,2.42418953283444e-06,34,2.42429308444464e-06
3014267,"Agathobaculum massiliense",34,2.42418953283444e-06,31.3,2.23000689452785e-06
370354,"Entamoeba dispar",33,2.35288984069225e-06,33.5,2.38728921148038e-06
2714353,"Vescimonas fastidiosa",33,2.35288984069225e-06,33.4,2.37977454839471e-06
75553,"Aspergillus viridinutans",33,2.35288984069225e-06,31.8,2.26901022970874e-06
2924040,"Parabacteroides faecalis",33,2.35288984069225e-06,35.8,2.55016042943808e-06
2781224,"Neodothiora populina",33,2.35288984069225e-06,32.8,2.3398412997433e-06
1871008,"Eggerthella timonensis",33,2.35288984069225e-06,33.7,2.4043645447645e-06
27334,"Penicillium expansum",32,2.28159014855006e-06,31.7,2.26052234144339e-06
1945581,"Chryseobacterium mucoviscidosis",32,2.28159014855006e-06,32,2.28159198716829e-06
913848,"Loigolactobacillus coryniformis",32,2.28159014855006e-06,38.6,2.74926785973777e-06
2579922,"Pseudomonas yangonensis",32,2.28159014855006e-06,32.5,2.31397714750063e-06
1805431,"Enterococcus saigonensis",32,2.28159014855006e-06,42.7,3.04139500414361e-06
3016083,"Phocaeicola acetigenes",32,2.28159014855006e-06,32.2,2.29586138447228e-06
NA,"unknown genome; accession ID isNZ_DAWEQI010000079.1",32,2.28159014855006e-06,32.8,2.33766706468991e-06
NA,"unknown genome; accession ID isNZ_LR027382.1",32,2.28159014855006e-06,33.3,2.37306161588845e-06
1676614,"Xylanibacter rarus",31,2.21029045640787e-06,31.3,2.2300252772767e-06
1768210,"Vagococcus martis",31,2.21029045640787e-06,34.3,2.44476840722624e-06
537007,"Blautia hansenii",31,2.21029045640787e-06,32.4,2.31275300103792e-06
2486025,"Levilactobacillus mulengensis",31,2.21029045640787e-06,39.1,2.79105958628903e-06
694437,"Flammeovirga aprica",31,2.21029045640787e-06,30.7,2.18654664495318e-06
544645,"Butyricimonas virosa",31,2.21029045640787e-06,37.3,2.65884698963572e-06
2995136,"Dellaglioa carnosa",31,2.21029045640787e-06,35.3,2.51587419809396e-06
40837,"Mycoplana ramosa",31,2.21029045640787e-06,36.8,2.62609913788797e-06
1121333,"Thomasclavelia saccharogumia",30,2.13899076426568e-06,30.2,2.15132237778075e-06
2304063,"Sphingobium terrigena",30,2.13899076426568e-06,30.8,2.19571405639447e-06
2559929,"Enterococcus hulanensis",30,2.13899076426568e-06,30,2.13904159155565e-06
208224,"Enterobacter kobei",30,2.13899076426568e-06,27.7,1.97506011103908e-06
358743,"Enterocloster citroniae",30,2.13899076426568e-06,30.8,2.19562778750178e-06
358742,"Enterocloster aldenensis",30,2.13899076426568e-06,27.7,1.97849897657145e-06
78346,"Bifidobacterium ruminantium",29,2.06769107212349e-06,23.1,1.64608015999365e-06
2699427,"Capillibacterium thermochitinicola",29,2.06769107212349e-06,55.4,3.95351109856741e-06
1517512,"Aspergillus pseudoviridinutans",29,2.06769107212349e-06,27.9,1.98831741187864e-06
537011,"Segatella copri",29,2.06769107212349e-06,26.8,1.91385972723849e-06
2972474,"Gabonibacter chumensis",29,2.06769107212349e-06,30.5,2.17120617974961e-06
2012477,"Lactobacillus porci",28,1.9963913799813e-06,27.8,1.98423636824237e-06
55209,"Pantoea cypripedii",27,1.92509168783911e-06,29,2.07098125079323e-06
2020506,"Tetzosporium hominis",27,1.92509168783911e-06,26.5,1.89233844890094e-06
182773,"Clostridium isatidis",27,1.92509168783911e-06,26.4,1.8791583696875e-06
2763662,"Yeguia hominis",27,1.92509168783911e-06,27.7,1.97466722010636e-06
2841504,"Dysosmobacter acutus",27,1.92509168783911e-06,28.9,2.06173170704013e-06
2489010,"Klebsiella africana",27,1.92509168783911e-06,30.3,2.15854316637613e-06
1432052,"Eisenbergiella tayi",26,1.85379199569692e-06,26.5,1.88741600544788e-06
1982628,"Faecalibacillus faecis",26,1.85379199569692e-06,27.2,1.93736140255266e-06
1034346,"Dielma fastidiosa",26,1.85379199569692e-06,29.2,2.08239061873944e-06
2747601,"Ruegeria haliotis",26,1.85379199569692e-06,38.2,2.72555223204569e-06
3074433,"Vallitalea maricola",26,1.85379199569692e-06,22.6,1.60989052458145e-06
3342829,"Providencia zhejiangensis",26,1.85379199569692e-06,28.2,2.01309596628664e-06
2100822,"Kushneria phyllosphaerae",26,1.85379199569692e-06,25.8,1.83824414058656e-06
1570016,"Thioflexithrix psekupsensis",25,1.78249230355473e-06,25,1.78527851676054e-06
2653932,"Citrobacter telavivensis",25,1.78249230355473e-06,23.8,1.69913437831788e-06
NA,"unknown genome; accession ID isNZ_LT671675.1",25,1.78249230355473e-06,25.9,1.84426177834254e-06
2169401,"Flagellimonas amoyensis",24,1.71119261141254e-06,27.8,1.98416528257876e-06
2494702,"Enterobacter huaxiensis",24,1.71119261141254e-06,22,1.56638416814045e-06
2559927,"Enterococcus songbeiensis",24,1.71119261141254e-06,23.8,1.69773493942339e-06
2675216,"Corynebacterium kalinowskii",24,1.71119261141254e-06,26.2,1.86641556412985e-06
2763063,"Roseburia yibonii",24,1.71119261141254e-06,22.4,1.59904256852641e-06
218936,"Aeromonas simiae",24,1.71119261141254e-06,30,2.13715701910523e-06
2871169,"Stenotrophomonas forensis",24,1.71119261141254e-06,24.5,1.74983435461825e-06
89139,"Rasamsonia byssochlamydoides",24,1.71119261141254e-06,24,1.71061345567982e-06
1917868,"Blautia marasmi",24,1.71119261141254e-06,28.6,2.0423032741151e-06
1423812,"Liquorilactobacillus uvarum",23,1.63989291927035e-06,27.6,1.96516745882264e-06
46507,"Ezakiella coagulans",23,1.63989291927035e-06,28.6,2.03635401833428e-06
2490633,"Streptococcus periodonticum",23,1.63989291927035e-06,29,2.07083969045406e-06
2546350,"Citrobacter arsenatis",23,1.63989291927035e-06,22.4,1.59790737944631e-06
1857215,"Candidatus Enterococcus willemsii",23,1.63989291927035e-06,23.2,1.65195907802835e-06
70346,"Acinetobacter variabilis",23,1.63989291927035e-06,29.1,2.07700476309126e-06
147207,"Collinsella intestinalis",23,1.63989291927035e-06,19.3,1.37752498667471e-06
83526,"Companilactobacillus paralimentarius",23,1.63989291927035e-06,21.7,1.54665045811381e-06
441959,"Talaromyces stipitatus",22,1.56859322712816e-06,21.1,1.50228791064907e-06
693979,"Bacteroides helcogenes",22,1.56859322712816e-06,23.8,1.69682251834135e-06
1560356,"Type-D symbiont of Plautia stali",22,1.56859322712816e-06,22.2,1.58333186981763e-06
2779358,"Gallalistipes aquisgranensis",22,1.56859322712816e-06,22.5,1.60590395914558e-06
40994,"Penicillium hordei",22,1.56859322712816e-06,23.8,1.69979791667594e-06
60171,"Penicillium verrucosum",22,1.56859322712816e-06,20.5,1.46059504024459e-06
213810,"Ruminococcus champanellensis",21,1.49729353498597e-06,21.2,1.51471858558371e-06
1388752,"Campylobacter subantarcticus",21,1.49729353498597e-06,21.1,1.50608996033468e-06
2382163,"Streptococcus koreensis",21,1.49729353498597e-06,20.5,1.45874502669112e-06
411468,"[Clostridium] scindens",21,1.49729353498597e-06,21.4,1.52905101470187e-06
2594882,"Mediterraneibacter catenae",21,1.49729353498597e-06,21.6,1.53662644393264e-06
2713500,"Listeria farberi",21,1.49729353498597e-06,15.8,1.1277430298768e-06
2812000,"Pseudomonas hygromyciniae",21,1.49729353498597e-06,26.3,1.87322612162007e-06
1337051,"Murimonas intestini",21,1.49729353498597e-06,21.4,1.52913563406846e-06
3040939,"Raoultella lignicola",21,1.49729353498597e-06,21.6,1.53660321864661e-06
1805470,"Clostridium nigeriense",21,1.49729353498597e-06,20.3,1.45043352455177e-06
2490857,"Lautropia dentalis",20,1.42599384284379e-06,20.3,1.44912154432432e-06
3038145,"Palleniella muris",20,1.42599384284379e-06,20,1.42934658847221e-06
91353,"Campylobacter hyointestinalis",20,1.42599384284379e-06,19.6,1.39824636937138e-06
990412,"Limosilactobacillus alvi",20,1.42599384284379e-06,19.7,1.40813463741205e-06
2841596,"Hallella faecis",20,1.42599384284379e-06,20,1.42421880860039e-06
2497436,"Enterobacter quasiroggenkampii",20,1.42599384284379e-06,20.6,1.4706262231828e-06
1944636,"Parabacteroides provencensis",20,1.42599384284379e-06,20.6,1.47057961097405e-06
2941338,"Streptococcus caecimuris",20,1.42599384284379e-06,21.2,1.51196660743716e-06
2338368,"Alcanivorax profundi",19,1.3546941507016e-06,21.1,1.50394469357697e-06
197614,"Streptococcus pasteurianus",19,1.3546941507016e-06,21.6,1.54180433624047e-06
572010,"Slackia isoflavoniconvertens",19,1.3546941507016e-06,20.5,1.45963175520453e-06
1256514,"Novosphingobium arvoryzae",19,1.3546941507016e-06,19,1.35509971513388e-06
3034501,"Enterococcus spodopteracolus",19,1.3546941507016e-06,28.8,2.05397644672036e-06
764299,"Streptococcus ictaluri",18,1.28339445855941e-06,18,1.28431067877683e-06
83891,"Trypanosoma conorhini",18,1.28339445855941e-06,19.1,1.35969749096195e-06
2650158,"Bacteroides luhongzhouii",18,1.28339445855941e-06,18.4,1.30992350241047e-06
2763067,"Streptococcus hominis",18,1.28339445855941e-06,21.1,1.50496399574741e-06
2773426,"Nocardioides malaquae",18,1.28339445855941e-06,18,1.28339845217909e-06
1463165,"Klebsiella quasipneumoniae",18,1.28339445855941e-06,17.6,1.25404807846511e-06
2981778,"Agathobaculum ammoniilyticum",18,1.28339445855941e-06,22.8,1.6227199361816e-06
2982695,"Limosilactobacillus kribbianus",18,1.28339445855941e-06,18,1.28339785630164e-06
3065809,"Lachnoanaerobaculum sanguinis",18,1.28339445855941e-06,20.4,1.4525909800392e-06
2993430,"Streptococcus parapneumoniae",18,1.28339445855941e-06,19,1.35687247191306e-06
333963,"Leucobacter iarius",18,1.28339445855941e-06,22.2,1.57962964511324e-06
NA,"unknown genome; accession ID isNZ_DAWEQI010000213.1",18,1.28339445855941e-06,18,1.28339464958792e-06
2174932,"Nesterenkonia natronophila",17,1.21209476641722e-06,17,1.21388554609295e-06
2607659,"Nocardioides antri",17,1.21209476641722e-06,17.1,1.22277819784777e-06
2026654,"Flavobacterium luteum",17,1.21209476641722e-06,17,1.21293894414041e-06
1928661,"Bradyrhizobium cajani",17,1.21209476641722e-06,17.9,1.27576885376379e-06
1331689,"Ursidibacter maritimus",17,1.21209476641722e-06,17,1.21210110889374e-06
2320879,"Parablautia muri",17,1.21209476641722e-06,16.8,1.19852168376522e-06
2909341,"Octadecabacter dasysiphoniae",17,1.21209476641722e-06,17.1,1.21663814283334e-06
1187928,"Alternaria incomplexa",17,1.21209476641722e-06,15,1.06968245422801e-06
71451,"Enterococcus malodoratus",17,1.21209476641722e-06,9.3,6.64260184126055e-07
3133422,"Flavonifractor porci",17,1.21209476641722e-06,30.6,2.1835070382661e-06
1121321,"Asaccharospora irregularis",17,1.21209476641722e-06,17,1.21211540125066e-06
445971,"Anaerofustis stercorihominis",16,1.14079507427503e-06,16,1.1402005295595e-06
1807766,"Polycladidibacter stylochi",16,1.14079507427503e-06,15.8,1.12659965904809e-06
1642702,"Paludifilum halophilum",16,1.14079507427503e-06,14.6,1.04341831618894e-06
1234680,"Streptococcus rubneri",16,1.14079507427503e-06,16.1,1.1496819785721e-06
2763669,"Qiania dongpingensis",16,1.14079507427503e-06,22.6,1.60972438586445e-06
2763675,"Jilunia laotingensis",16,1.14079507427503e-06,28.4,2.02546971007835e-06
1032242,"Campylobacter molothri",16,1.14079507427503e-06,16.6,1.18305180903291e-06
3075529,"Streptomyces gibsoniae",16,1.14079507427503e-06,16,1.14079515561338e-06
3030997,"Enterobacter chinensis",16,1.14079507427503e-06,16.3,1.1637357066776e-06
1870991,"Massilioclostridium coli",16,1.14079507427503e-06,17.1,1.21754283204026e-06
2219695,"Luxibacter massiliensis",16,1.14079507427503e-06,19.6,1.3958393860606e-06
2109647,"Rothia nasisuis",16,1.14079507427503e-06,16,1.14079675556552e-06
2094020,"Trichococcus shcherbakoviae",16,1.14079507427503e-06,16,1.14079515561338e-06
1505,"Paraclostridium sordellii",15,1.06949538213284e-06,15,1.06949549950114e-06
2681861,"Sporofaciens musculi",15,1.06949538213284e-06,15.9,1.13702176646111e-06
2675325,"Bifidobacterium erythrocebi",15,1.06949538213284e-06,14.2,1.01487454385952e-06
2763043,"Eggerthella hominis",15,1.06949538213284e-06,16.2,1.15163499977411e-06
2763066,"Ruminococcus intestinalis",15,1.06949538213284e-06,15,1.07002842992026e-06
544580,"Actinomyces oris",15,1.06949538213284e-06,15.7,1.12207735233301e-06
2799577,"Lacticaseibacillus suilingensis",15,1.06949538213284e-06,15,1.06949545838754e-06
2927804,"Marinobacterium sedimentorum",15,1.06949538213284e-06,16.8,1.19733867034866e-06
2981788,"Dorea ammoniilytica",15,1.06949538213284e-06,15.2,1.08528293026233e-06
3035606,"Catenibacterium mitsuokai",15,1.06949538213284e-06,15.2,1.08132393791602e-06
3073100,"Candidatus Cetobacterium colombiensis",15,1.06949538213284e-06,15.3,1.09148994917819e-06
3112843,"Pseudocitrobacter cyperus",15,1.06949538213284e-06,15,1.0727808600971e-06
535290,"Legionella nagasakiensis",15,1.06949538213284e-06,14.8,1.05781702317407e-06
1544,"Faecalicatena orotica",15,1.06949538213284e-06,16.7,1.19271753675942e-06
667120,"Edwardsiella anguillarum",14,9.9819568999065e-07,17.8,1.27218732086076e-06
1116472,"Methyloglobulus morosus",14,9.9819568999065e-07,14.2,1.01446438953194e-06
1549748,"Kiloniella litopenaei",14,9.9819568999065e-07,18.1,1.29035214776596e-06
1720557,"Streptobacillus ratti",14,9.9819568999065e-07,14.5,1.03101782717279e-06
41047,"Aspergillus thermomutatus",14,9.9819568999065e-07,15.7,1.12102957307573e-06
67827,"Citrobacter werkmanii",14,9.9819568999065e-07,10.9,7.74169733098508e-07
2605790,"Roseburia porci",14,9.9819568999065e-07,14.2,1.01468384241357e-06
2606634,"Velocimicrobium porci",14,9.9819568999065e-07,13.1,9.36793277252588e-07
2815329,"Candidatus Enterococcus courvalinii",14,9.9819568999065e-07,21.4,1.52705569808257e-06
2950375,"Levilactobacillus humaensis",14,9.9819568999065e-07,18.2,1.29762135176774e-06
174587,"Carnobacterium viridans",14,9.9819568999065e-07,13,9.26568740934722e-07
1437610,"Bifidobacterium reuteri",13,9.2689599784846e-07,13.5,9.63026066504843e-07
1031753,"Campylobacter lanienae",13,9.2689599784846e-07,12.8,9.16118702664895e-07
987063,"Pseudoscardovia suis",13,9.2689599784846e-07,13,9.26896461429472e-07
2797506,"Enterobacter dykesii",13,9.2689599784846e-07,11.7,8.32183622289589e-07
143232,"Vanrija pseudolonga",13,9.2689599784846e-07,11.8,8.41994541406143e-07
1870988,"Pseudoflavonifractor phocaeensis",13,9.2689599784846e-07,13.3,9.46351990882146e-07
59298,"Streptomyces thermocarboxydovorans",13,9.2689599784846e-07,13.4,9.52610288425167e-07
155865,"Eubacterium pyruvativorans",13,9.2689599784846e-07,13.3,9.51418800141682e-07
1871035,"Negativibacillus massiliensis",13,9.2689599784846e-07,28.8,2.0545246054307e-06
1871019,"Enorma phocaeensis",13,9.2689599784846e-07,18,1.28680950379193e-06
2079531,"Prevotella merdae",13,9.2689599784846e-07,20.7,1.47255264776479e-06
428127,"Amedibacillus dolichus",12,8.55596305706271e-07,12.1,8.59448082823264e-07
290335,"Tetragenococcus koreensis",12,8.55596305706271e-07,10.6,7.5358843741535e-07
394095,"Pyxidicoccus fallax",12,8.55596305706271e-07,12.2,8.70779269446426e-07
2763659,"Fumia xinanensis",12,8.55596305706271e-07,12.1,8.63586891359588e-07
2779518,"Blautia liquoris",12,8.55596305706271e-07,11.5,8.20790169381804e-07
1812259,"Streptomyces ginkgonis",12,8.55596305706271e-07,13,9.25856997985983e-07
3034157,"Pollutibacter soli",12,8.55596305706271e-07,12.3,8.73688824952961e-07
3026967,"Xenorhabdus bakwenae",12,8.55596305706271e-07,11.1,7.91584603804233e-07
3079305,"Veillonella absiana",12,8.55596305706271e-07,13,9.24644679354872e-07
1737,"Paraclostridium tenue",12,8.55596305706271e-07,12.2,8.70225330449698e-07
3133161,"Ruminococcoides intestinihominis",12,8.55596305706271e-07,13.4,9.583746755675e-07
1994,"Actinomadura rugatobispora",12,8.55596305706271e-07,12.7,9.04702016536105e-07
3238988,"Enterococcus hailinensis",12,8.55596305706271e-07,14.5,1.03283762038985e-06
NA,"unknown genome; accession ID isNZ_DAWEQI010000062.1",12,8.55596305706271e-07,12,8.55601670328268e-07
655813,"Streptococcus oralis",12,8.55596305706271e-07,11.7,8.37672349029138e-07
2991834,"Limosilactobacillus galli",12,8.55596305706271e-07,12.9,9.22199238620696e-07
5061,"Aspergillus niger",11,7.84296613564082e-07,10.4,7.38454312892273e-07
1123315,"Streptococcus porci",11,7.84296613564082e-07,11.9,8.49124074007715e-07
569365,"Cladophialophora immunda",11,7.84296613564082e-07,10.4,7.43410369442993e-07
908627,"Caballeronia mineralivorans",11,7.84296613564082e-07,11,7.84353824635569e-07
332949,"Enterococcus silesiacus",11,7.84296613564082e-07,10.9,7.79868910260244e-07
1450537,"Aspergillus homomorphus",11,7.84296613564082e-07,11,7.84298330059386e-07
2510190,"Campylobacter aviculae",11,7.84296613564082e-07,11,7.85350593219668e-07
2588991,"Streptococcus symci",11,7.84296613564082e-07,9,6.44528586032187e-07
191770,"Marinilactibacillus psychrotolerans",11,7.84296613564082e-07,11,7.84296669484196e-07
2604158,"Nitratidesulfovibrio liaohensis",11,7.84296613564082e-07,11,7.84297376892023e-07
2726742,"Flammeovirga agarivorans",11,7.84296613564082e-07,12.7,9.02068538981743e-07
76860,"Streptococcus constellatus",11,7.84296613564082e-07,14.2,1.00902259014707e-06
254785,"Streptococcus halichoeri",11,7.84296613564082e-07,14.1,1.00678678487819e-06
363952,"Comamonas thiooxydans",11,7.84296613564082e-07,14.2,1.01475431027736e-06
2972466,"Tractidigestivibacter montrealensis",11,7.84296613564082e-07,11.9,8.48832093796757e-07
3098076,"Streptococcus lingualis",11,7.84296613564082e-07,14.6,1.03955912590476e-06
1159753,"Enterococcus eurekensis",11,7.84296613564082e-07,10.3,7.34166678082965e-07
295089,"Pontixanthobacter luteolus",11,7.84296613564082e-07,12.2,8.68874385389656e-07
889204,"Streptococcus infantis",10,7.12996921421893e-07,9.7,6.9027470666749e-07
1423782,"Limosilactobacillus panis",10,7.12996921421893e-07,16.9,1.20681859163635e-06
2670374,"Jiangella anatolica",10,7.12996921421893e-07,10,7.13002302586591e-07
2605638,"Bradyrhizobium hipponense",10,7.12996921421893e-07,9.9,7.02668524169732e-07
2816080,"Alicyclobacillus suci",10,7.12996921421893e-07,9.9,7.09397639753126e-07
2877527,"Blautia parvula",10,7.12996921421893e-07,10.2,7.25649404675964e-07
102862,"Proteus penneri",10,7.12996921421893e-07,9.3,6.66129917653115e-07
2981791,"Megasphaera butyrica",10,7.12996921421893e-07,10.7,7.65525268583361e-07
2725494,"Kluyvera sichuanensis",10,7.12996921421893e-07,11.3,8.03134326047758e-07
1852386,"Thermophilibacter provencensis",10,7.12996921421893e-07,11.6,8.24936296236064e-07
1987501,"Massiliimalia timonensis",10,7.12996921421893e-07,12.1,8.66152191549348e-07
1926283,"Lachnoclostridium edouardi",10,7.12996921421893e-07,9.9,7.04715447970823e-07
1338,"Streptococcus intermedius",10,7.12996921421893e-07,9.5,6.74142292874724e-07
2941233,"Acetatifactor aquisgranensis",10,7.12996921421893e-07,20.7,1.47423901669543e-06
1186058,"Trichosporon asahii",9,6.41697229279703e-07,11.4,8.10001274035882e-07
1117379,"Neobacillus bataviensis",9,6.41697229279703e-07,8.5,6.05807047072428e-07
1150423,"Bifidobacterium dentium",9,6.41697229279703e-07,7.8,5.59201520166073e-07
91492,"Aspergillus udagawae",9,6.41697229279703e-07,9.1,6.46108773426863e-07
1122154,"Pseudolactococcus chungangensis",9,6.41697229279703e-07,9.5,6.76981565769646e-07
2056311,"Algoriphagus lacus",9,6.41697229279703e-07,9.5,6.77131879638078e-07
2486020,"Levilactobacillus angrenensis",9,6.41697229279703e-07,10.8,7.70307388601552e-07
2486016,"Loigolactobacillus jiayinensis",9,6.41697229279703e-07,8.6,6.09962756091017e-07
2589817,"Maribrevibacterium harenarium",9,6.41697229279703e-07,11.1,7.92974855631349e-07
2722702,"Salinimicrobium oceani",9,6.41697229279703e-07,9.7,6.89148761521362e-07
67324,"Streptomyces massasporeus",9,6.41697229279703e-07,9,6.42306651863129e-07
40041,"Streptococcus equi",9,6.41697229279703e-07,8.5,6.06316488828375e-07
2020965,"Bifidobacterium imperatoris",9,6.41697229279703e-07,7.9,5.65089737285617e-07
2853160,"Streptococcus vulneris",9,6.41697229279703e-07,9.4,6.71566162629003e-07
2949651,"Parabacteroides sp. TA-V-105",9,6.41697229279703e-07,12.8,9.09222014738296e-07
2963284,"Terrisporobacter muris",9,6.41697229279703e-07,9,6.41741124624007e-07
126998,"Penicillium bovifimosum",9,6.41697229279703e-07,9.2,6.53747143158814e-07
1792511,"Penicillium robsamsonii",9,6.41697229279703e-07,9.6,6.87386519734298e-07
1882272,"Penicillium samsonianum",9,6.41697229279703e-07,9,6.40879349828262e-07
3095079,"Streptococcus jiangnanensis",9,6.41697229279703e-07,9.4,6.72604283983719e-07
53442,"Eubacterium callanderi",8,5.70397537137514e-07,8,5.71416871379961e-07
78343,"Bifidobacterium boum",8,5.70397537137514e-07,8,5.67381126991338e-07
1449338,"Carnobacterium gallinarum",8,5.70397537137514e-07,6.9,4.89739785976625e-07
91928,"Exophiala spinifera",8,5.70397537137514e-07,8,5.70397577824694e-07
171383,"Vibrio hepatarius",8,5.70397537137514e-07,7.2,5.13216166970424e-07
1392250,"Aspergillus steynii",8,5.70397537137514e-07,7.6,5.44204977036033e-07
2494234,"Sutterella megalosphaeroides",8,5.70397537137514e-07,7.6,5.43199188341288e-07
2486853,"Actinoplanes solisilvae",8,5.70397537137514e-07,6.4,4.59124406916575e-07
2548455,"Clostridium cuniculi",8,5.70397537137514e-07,11.3,8.05368553988019e-07
2020715,"Thalassotalea litorea",8,5.70397537137514e-07,7,5.01211093225509e-07
2137581,"Ellagibacter isourolithinifaciens",8,5.70397537137514e-07,8.1,5.7488552594709e-07
209559,"Aspergillus alliaceus",8,5.70397537137514e-07,8,5.72942771671347e-07
393006,"Tamlana crocina",8,5.70397537137514e-07,8.1,5.74484726466839e-07
658225,"Sphingomonas glacialis",8,5.70397537137514e-07,8.1,5.76174757336004e-07
2762246,"Clostridium gallinarum",8,5.70397537137514e-07,9.1,6.47073869778763e-07
2834432,"Bifidobacterium pongonis",8,5.70397537137514e-07,8.3,5.94905659722832e-07
3044279,"Massilia hydrophila",8,5.70397537137514e-07,8,5.70397577806688e-07
1841864,"Marseilla massiliensis",8,5.70397537137514e-07,8.3,5.88809953512771e-07
2981781,"Barnesiella propionica",8,5.70397537137514e-07,8.2,5.83473552884328e-07
3002863,"Methanocorpusculum petauri",8,5.70397537137514e-07,8.8,6.30306141613653e-07
2838522,"Candidatus Collinsella stercoripullorum",8,5.70397537137514e-07,7.1,5.02810927456535e-07
2797505,"Enterobacter vonholyi",8,5.70397537137514e-07,7.9,5.61854703001163e-07
2897707,"Merdimmobilis hominis",8,5.70397537137514e-07,8,5.70655033686612e-07
1871013,"Parabacteroides timonensis",8,5.70397537137514e-07,8.3,5.89723308020265e-07
610130,"Lacrimispora saccharolytica",7,4.99097844995325e-07,7,5.01647029616706e-07
510516,"Aspergillus oryzae",7,4.99097844995325e-07,7.4,5.28244512061067e-07
1263415,"Endocarpon pusillum",7,4.99097844995325e-07,7.2,5.15073395794517e-07
1229662,"Pestalotiopsis fici",7,4.99097844995325e-07,5.5,3.9362572989932e-07
1182542,"Capronia epimyces",7,4.99097844995325e-07,6.4,4.57436776480435e-07
1410674,"Sharpea azabuensis",7,4.99097844995325e-07,7,5.00782933090106e-07
5857,"Plasmodium fragile",7,4.99097844995325e-07,7.9,5.65161041904706e-07
290052,"Acetivibrio ethanolgignens",7,4.99097844995325e-07,7.3,5.18905020066741e-07
28898,"Campylobacter helveticus",7,4.99097844995325e-07,7.1,5.03243938674713e-07
501571,"Butyricicoccus pullicaecorum",7,4.99097844995325e-07,7.2,5.1343047881076e-07
2219045,"Confluentibacter sediminis",7,4.99097844995325e-07,7.2,5.11103466467696e-07
2282308,"Runella aurantiaca",7,4.99097844995325e-07,6.9,4.94171183386422e-07
230658,"Paraeggerthella hongkongensis",7,4.99097844995325e-07,7,5.01515502246003e-07
180344,"Vagococcus elongatus",7,4.99097844995325e-07,8,5.71902799550874e-07
1796618,"Cuneatibacter caecimuris",7,4.99097844995325e-07,6.7,4.76715914668237e-07
2510188,"Campylobacter taeniopygiae",7,4.99097844995325e-07,7,5.02102706961364e-07
1494462,"Lactococcus hircilactis",7,4.99097844995325e-07,8.8,6.30715595085368e-07
2726362,"Faecalicatena faecalis",7,4.99097844995325e-07,6.8,4.88100924016617e-07
2713603,"Listeria cossartiae",7,4.99097844995325e-07,12.9,9.2174280161472e-07
2764712,"Lentihominibacter faecis",7,4.99097844995325e-07,7,4.99253786303322e-07
2764597,"Romboutsia faecis",7,4.99097844995325e-07,7,4.99097891953904e-07
67824,"Citrobacter farmeri",7,4.99097844995325e-07,8.3,5.88552782626403e-07
2885356,"Hominilimicola fabiformis",7,4.99097844995325e-07,6.6,4.72195508116298e-07
158849,"Moellerella wisconsensis",7,4.99097844995325e-07,7.4,5.26901130884168e-07
280238,"Nocardiopsis rhodophaea",7,4.99097844995325e-07,7.2,5.10104461203744e-07
638574,"Nonomuraea rosea",7,4.99097844995325e-07,7,5.02471353453043e-07
1675036,"Megasphaera hexanoica",7,4.99097844995325e-07,6.8,4.87618053841534e-07
1852387,"Streptococcus timonensis",7,4.99097844995325e-07,8.9,6.36476649204639e-07
482827,"Thermus arciformis",7,4.99097844995325e-07,7,4.99097880580852e-07
1121025,"Atopostipes suicloacalis",7,4.99097844995325e-07,8,5.70531561610529e-07
1643,"Listeria welshimeri",7,4.99097844995325e-07,7.2,5.09953117294565e-07
2086575,"Parabacteroides pacaensis",7,4.99097844995325e-07,7,4.99131532228891e-07
881260,"Enterobacter bugandensis",7,4.99097844995325e-07,7.7,5.47059092632989e-07
2587528,"Klebsiella spallanzanii",7,4.99097844995325e-07,7.9,5.60100401382207e-07
2742600,"Limosilactobacillus urinaemulieris",7,4.99097844995325e-07,7,4.97520405898991e-07
280463,"Emiliania huxleyi",6,4.27798152853136e-07,5.9,4.19168413857999e-07
70584,"Aquabacterium parvum",6,4.27798152853136e-07,7.9,5.60945116245484e-07
1223494,"Tetragenococcus solitarius",6,4.27798152853136e-07,4.8,3.40689558522666e-07
1218092,"Enterococcus pseudoavium",6,4.27798152853136e-07,6.7,4.74652368645107e-07
36847,"Anaerotignum neopropionicum",6,4.27798152853136e-07,6,4.28898949060957e-07
1367422,"Fonsecaea erecta",6,4.27798152853136e-07,4.9,3.48402517897565e-07
1871111,"Acinetobacter defluvii",6,4.27798152853136e-07,7,5.02227717399956e-07
1835702,"Penicillium arizonense",6,4.27798152853136e-07,5.1,3.6369525240281e-07
1655491,"Leeuwenhoekiella nanhaiensis",6,4.27798152853136e-07,5.6,3.994174706645e-07
1392255,"Aspergillus novofumigatus",6,4.27798152853136e-07,7.6,5.39756564220591e-07
2172545,"Streptococcus halitosis",6,4.27798152853136e-07,6.5,4.63577507367713e-07
2562449,"Citrobacter tructae",6,4.27798152853136e-07,7,4.99845273864717e-07
553385,"Cobetia crustatorum",6,4.27798152853136e-07,6,4.27804704179711e-07
5059,"Aspergillus flavus",6,4.27798152853136e-07,6.3,4.51109940667152e-07
37727,"Talaromyces marneffei",6,4.27798152853136e-07,5.8,4.15007890274881e-07
2230878,"Candidatus Enterococcus mangumiae",6,4.27798152853136e-07,6,4.28870510607848e-07
225991,"Comamonas aquatica",6,4.27798152853136e-07,6,4.27804585294071e-07
2841061,"Streptococcus humanilactis",6,4.27798152853136e-07,8.4,5.98110695238317e-07
1211813,"Alistipes ihumii",6,4.27798152853136e-07,6.1,4.38168427917957e-07
69791,"Penicillium waksmanii",6,4.27798152853136e-07,4.5,3.19446009014865e-07
1536,"Hathewaya limosa",6,4.27798152853136e-07,6,4.27798183355016e-07
1805714,"Christensenella massiliensis",6,4.27798152853136e-07,6.4,4.53617094469193e-07
4781,"Plasmopara halstedii",6,4.27798152853136e-07,6,4.27799774223685e-07
1401087,"Dickeya aquatica",6,4.27798152853136e-07,4.8,3.43341874372503e-07
2941327,"Flintibacter muris",6,4.27798152853136e-07,5.9,4.19267996478415e-07
1775926,"Lodderomyces beijingensis",6,4.27798152853136e-07,6.4,4.57670046422149e-07
760570,"Streptococcus parasanguinis",5,3.56498460710946e-07,5.4,3.88266510384189e-07
596329,"Peptostreptococcus anaerobius",5,3.56498460710946e-07,9.2,6.58310832533239e-07
796942,"Stomatobaculum longum",5,3.56498460710946e-07,4.7,3.37074759572522e-07
883077,"Schaalia turicensis",5,3.56498460710946e-07,5,3.56499898379615e-07
1423758,"Lactobacillus hominis",5,3.56498460710946e-07,5.1,3.60109036343678e-07
1118060,"Enorma massiliensis",5,3.56498460710946e-07,5.5,3.95237612560817e-07
161899,"Corynebacterium singulare",5,3.56498460710946e-07,7.5,5.31895577831398e-07
1408163,"Rasamsonia emersonii",5,3.56498460710946e-07,5,3.57077763909185e-07
1194083,"Nostocoides japonicum",5,3.56498460710946e-07,5,3.56610208208407e-07
319653,"Pediococcus ethanolidurans",5,3.56498460710946e-07,6.1,4.36123035114206e-07
2652292,"Hornefia porci",5,3.56498460710946e-07,5.3,3.80545668862014e-07
2801451,"Companilactobacillus bobalius",5,3.56498460710946e-07,4.3,3.09928052644713e-07
2020948,"Romboutsia maritimum",5,3.56498460710946e-07,4.7,3.36440531606481e-07
2024554,"Virgibacillus indicus",5,3.56498460710946e-07,5,3.56548355790101e-07
1960969,"Bifidobacterium criceti",5,3.56498460710946e-07,5,3.57962204879431e-07
1291764,"Lactococcus fujiensis",5,3.56498460710946e-07,5.4,3.85619116227279e-07
2093828,"Neorhizobium tomejilense",5,3.56498460710946e-07,5,3.56498496539403e-07
215200,"Peptostreptococcus russellii",5,3.56498460710946e-07,7.3,5.22181829549777e-07
2094150,"Duncaniella muris",5,3.56498460710946e-07,5.3,3.77036968253849e-07
2184082,"Marinifilum breve",5,3.56498460710946e-07,4.3,3.08413675080096e-07
283686,"Kosakonia radicincitans",5,3.56498460710946e-07,4.8,3.45041038357588e-07
2608684,"Paenibacillus tengchongensis",5,3.56498460710946e-07,5,3.56498506050897e-07
2071710,"Enterobacter sichuanensis",5,3.56498460710946e-07,5.4,3.86876823176905e-07
2716335,"Falsiroseomonas selenitidurans",5,3.56498460710946e-07,5.5,3.8946618964437e-07
472694,"Pantoea brenneri",5,3.56498460710946e-07,5.7,4.09792465014288e-07
2763015,"Alistipes hominis",5,3.56498460710946e-07,5.7,4.08928826207543e-07
2764326,"Fusobacterium hominis",5,3.56498460710946e-07,5.1,3.60311511129812e-07
77635,"Bifidobacterium subtile",5,3.56498460710946e-07,5.6,4.0123432642662e-07
2850322,"Diplocloster modestus",5,3.56498460710946e-07,5.3,3.77942138459722e-07
2945989,"Lutimaribacter degradans",5,3.56498460710946e-07,6.9,4.94039114552773e-07
396014,"Brachybacterium phenoliresistens",5,3.56498460710946e-07,5,3.5649848612918e-07
3152360,"Devosia alba",5,3.56498460710946e-07,4.7,3.36029625931112e-07
3133178,"Flavonifractor hominis",5,3.56498460710946e-07,5.7,4.06278095758193e-07
3097367,"Actinomadura monticuli",5,3.56498460710946e-07,5,3.5649848612918e-07
1243002,"Vibrio olivae",5,3.56498460710946e-07,5,3.56798692827305e-07
2592333,"Sellimonas caecigallum",5,3.56498460710946e-07,5,3.58591237170934e-07
1841857,"Culturomica massiliensis",5,3.56498460710946e-07,4.8,3.38989617259926e-07
1917878,"Prevotella ihumii",5,3.56498460710946e-07,4.9,3.48785742088453e-07
1836972,"Frankia canadensis",5,3.56498460710946e-07,7.4,5.3007195886203e-07
137838,"Clostridium neonatale",5,3.56498460710946e-07,4.9,3.49159623531672e-07
592026,"Catonella morbi",4,2.85198768568757e-07,4,2.85338886423777e-07
1499683,"Clostridium culturomicium",4,2.85198768568757e-07,4,2.85198790854049e-07
1349765,"Enterococcus canis",4,2.85198768568757e-07,4.3,3.03406923944767e-07
1081104,"Cordyceps fumosorosea",4,2.85198768568757e-07,4.6,3.29664717378849e-07
51669,"Tetragenococcus halophilus",4,2.85198768568757e-07,4.7,3.32728317120819e-07
1660073,"Campylobacter porcelli",4,2.85198768568757e-07,4.4,3.16153415860007e-07
1834193,"Candidatus Enterococcus clewellii",4,2.85198768568757e-07,3.8,2.74321909136311e-07
2052941,"Bifidobacterium callitrichidarum",4,2.85198768568757e-07,4.5,3.2233336997777e-07
39496,"Eubacterium ventriosum",4,2.85198768568757e-07,4.3,3.05544629853454e-07
2306423,"Lactiplantibacillus garii",4,2.85198768568757e-07,4.3,3.05731267481827e-07
1977868,"Vagococcus bubulae",4,2.85198768568757e-07,4.5,3.19267988648323e-07
67829,"Citrobacter murliniae",4,2.85198768568757e-07,4,2.87160925922958e-07
2572245,"Thalassotalea mangrovi",4,2.85198768568757e-07,6.9,4.88528422078838e-07
1333651,"Bifidobacterium moukalabense",4,2.85198768568757e-07,5.2,3.71454190927339e-07
2606709,"Baileyella intestinalis",4,2.85198768568757e-07,4.4,3.13974173274701e-07
2916441,"Adlercreutzia rubneri",4,2.85198768568757e-07,4,2.85211675600773e-07
1485586,"Streptomyces calidiresistens",4,2.85198768568757e-07,4,2.85312912607834e-07
67333,"Streptomyces narbonensis",4,2.85198768568757e-07,6.9,4.92681013506627e-07
2762212,"Phocaeicola intestinalis",4,2.85198768568757e-07,4,2.87769094174043e-07
1581472,"Streptococcus panodentis",4,2.85198768568757e-07,4,2.85317374095921e-07
548,"Klebsiella aerogenes",4,2.85198768568757e-07,4,2.85091999027461e-07
2866998,"Streptococcus hohhotensis",4,2.85198768568757e-07,4.3,3.08529627707086e-07
361500,"Anaerococcus degeneri",4,2.85198768568757e-07,6.5,4.62598259290992e-07
164328,"Phytophthora ramorum",4,2.85198768568757e-07,3.4,2.41747848916051e-07
2899785,"Huaxiibacter chinensis",4,2.85198768568757e-07,4.3,3.08718930769161e-07
2919913,"Shinella sedimenti",4,2.85198768568757e-07,3.5,2.51273324142492e-07
51288,"Kluyvera ascorbata",4,2.85198768568757e-07,4.3,3.06647663737835e-07
1940789,"Lactococcus petauri",4,2.85198768568757e-07,4,2.85956868184609e-07
2944914,"Allocoprobacillus halotolerans",4,2.85198768568757e-07,4.1,2.95868632264556e-07
518636,"Enterocloster asparagiformis",4,2.85198768568757e-07,4,2.86826598150242e-07
1437816,"Methylopila turkensis",4,2.85198768568757e-07,4.2,2.96877224116815e-07
5083,"Penicillium canescens",4,2.85198768568757e-07,3.3,2.35123620058428e-07
1473156,"Litoribrevibacter albus",4,2.85198768568757e-07,4,2.85198788903344e-07
371674,"Moryella indoligenes",4,2.85198768568757e-07,4.4,3.14635603017745e-07
279322,"Cutaneotrichosporon cavernicola",4,2.85198768568757e-07,3.2,2.30050040230104e-07
2713501,"Listeria swaminathanii",4,2.85198768568757e-07,5.9,4.17952399366097e-07
1690606,"Exophiala bonariae",4,2.85198768568757e-07,5.4,3.86188195710283e-07
867595,"Porphyromonas pogonae",4,2.85198768568757e-07,4.3,3.03714708642158e-07
398758,"Alkalibacterium indicireducens",4,2.85198768568757e-07,4,2.85389036937956e-07
111803,"Actinocorallia longicatena",4,2.85198768568757e-07,3.1,2.19518434097614e-07
3095078,"Streptococcus wuxiensis",4,2.85198768568757e-07,3.8,2.70906565343168e-07
1134781,"Methylopila musalis",4,2.85198768568757e-07,4.2,2.96865594263122e-07
1903263,"Traorella massiliensis",4,2.85198768568757e-07,4,2.86864735930074e-07
NA,"unknown genome; accession ID isNZ_LT632322.1",4,2.85198768568757e-07,4.1,2.95664388744077e-07
150055,"Streptococcus lutetiensis",4,2.85198768568757e-07,3.9,2.80956740984751e-07
137545,"Serratia quinivorans",4,2.85198768568757e-07,3.4,2.45276346480177e-07
284811,"Eremothecium gossypii",3,2.13899076426568e-07,3.3,2.37335771045754e-07
246409,"Rhizopus delemar",3,2.13899076426568e-07,3,2.13899091677508e-07
100884,"Coprobacillus cateniformis",3,2.13899076426568e-07,3.4,2.43491549562116e-07
1095768,"Phytobacter massiliensis",3,2.13899076426568e-07,3,2.13899225820226e-07
1156431,"Streptococcus ilei",3,2.13899076426568e-07,3.7,2.61608008743474e-07
1469948,"Kineothrix alysoides",3,2.13899076426568e-07,3,2.13902836202895e-07
1442370,"Cladophialophora bantiana",3,2.13899076426568e-07,4,2.87828687497911e-07
1618207,"Psychromicrobium lacuslunae",3,2.13899076426568e-07,5,3.56105684948914e-07
1218112,"Kluyvera cryocrescens",3,2.13899076426568e-07,3.2,2.28114019763985e-07
1655433,"Candidatus Thiodiazotropha endolucinida",3,2.13899076426568e-07,4.6,3.29202600866875e-07
249189,"Enterococcus hermanniensis",3,2.13899076426568e-07,3.2,2.29541467769113e-07
150033,"Enterococcus ratti",3,2.13899076426568e-07,3,2.14842777447506e-07
65959,"Acetobacter pomorum",3,2.13899076426568e-07,3.5,2.49700476253119e-07
1177574,"Prevotella jejuni",3,2.13899076426568e-07,2.9,2.09159042181954e-07
2173106,"Brenneria corticis",3,2.13899076426568e-07,2.8,2.00224382743715e-07
1450535,"Aspergillus sclerotioniger",3,2.13899076426568e-07,3,2.17444120686131e-07
2792979,"Gardnerella swidsinskii",3,2.13899076426568e-07,3,2.13899124628349e-07
1598,"Limosilactobacillus reuteri",3,2.13899076426568e-07,3.4,2.42275719219245e-07
1242993,"Ehrlichia minasensis",3,2.13899076426568e-07,3.1,2.17975867364814e-07
2487520,"Phytopseudomonas dryadis",3,2.13899076426568e-07,3,2.13900378751036e-07
1796622,"Extibacter muris",3,2.13899076426568e-07,3.3,2.38336834305869e-07
2530390,"Muribaculum gordoncarteri",3,2.13899076426568e-07,3,2.13922690060174e-07
1121120,"Brenneria nigrifluens",3,2.13899076426568e-07,2.2,1.57880083253203e-07
665913,"Mixta calida",3,2.13899076426568e-07,3.9,2.79311401473722e-07
2605433,"Sphingobacterium phlebotomi",3,2.13899076426568e-07,3,2.14156377318764e-07
1506151,"Aspergillus pseudonomiae",3,2.13899076426568e-07,3.7,2.63132043652357e-07
2652293,"Hornefia butyriciproducens",3,2.13899076426568e-07,3.2,2.27285004753131e-07
2606636,"Bilifractor porci",3,2.13899076426568e-07,3,2.13982035310315e-07
2597702,"Serratia rhizosphaerae",3,2.13899076426568e-07,2.5,1.79259929445554e-07
2748684,"Ruoffia halotolerans",3,2.13899076426568e-07,3,2.13899631984528e-07
1492,"Clostridium butyricum",3,2.13899076426568e-07,3.4,2.39416266242272e-07
2763667,"Wansuia hejianensis",3,2.13899076426568e-07,3.4,2.40684328076228e-07
1932,"Streptomyces tendae",3,2.13899076426568e-07,3,2.13899095281978e-07
2762247,"Clostridium cibarium",3,2.13899076426568e-07,3.2,2.25967701128805e-07
2762243,"Limosilactobacillus avistercoris",3,2.13899076426568e-07,3.8,2.71139768181607e-07
40518,"Ruminococcus bromii",3,2.13899076426568e-07,3,2.13905267729037e-07
93378,"Edwardsiella hoshinae",3,2.13899076426568e-07,3,2.13926631295844e-07
1334,"Streptococcus dysgalactiae",3,2.13899076426568e-07,3,2.14284180987967e-07
1871024,"Mordavella massiliensis",3,2.13899076426568e-07,4.6,3.26015130534276e-07
2815324,"Candidatus Enterococcus ferrettii",3,2.13899076426568e-07,3.9,2.76461278453988e-07
762210,"Bifidobacterium saguini",3,2.13899076426568e-07,4.4,3.14991327582664e-07
5663,"Leishmania enriettii",3,2.13899076426568e-07,3.1,2.17574177657649e-07
2587529,"Klebsiella pasteurii",3,2.13899076426568e-07,3.4,2.39385822514405e-07
2834435,"Bifidobacterium miconis",3,2.13899076426568e-07,3.1,2.2310986111978e-07
291645,"Bacteroides nordii",3,2.13899076426568e-07,3.3,2.33376656603458e-07
5353,"Lentinula edodes",3,2.13899076426568e-07,2.5,1.77171826244635e-07
2486360,"Exophiala viscosa",3,2.13899076426568e-07,2.3,1.64011123984203e-07
1187925,"Alternaria hordeiaustralica",3,2.13899076426568e-07,3,2.13899091677508e-07
221027,"Treponema putidum",3,2.13899076426568e-07,3,2.14259716429301e-07
2838470,"Candidatus Bacteroides intestinigallinarum",3,2.13899076426568e-07,3.4,2.44022965137784e-07
2980099,"Paenalcaligenes faecalis",3,2.13899076426568e-07,4.2,2.95952627212849e-07
2758443,"Mixta mediterraneensis",3,2.13899076426568e-07,2.5,1.76369789525449e-07
1392775,"Flavobacterium paronense",3,2.13899076426568e-07,3,2.13899111842633e-07
2529381,"Enterobacter wuhouensis",3,2.13899076426568e-07,7.2,5.16118468430224e-07
1550,"Clostridium subterminale",3,2.13899076426568e-07,3.2,2.26983275783729e-07
427369,"Streptomonospora halophila",3,2.13899076426568e-07,3,2.14063361994385e-07
3133091,"unknown genome; accession ID isNZ_JBBMER010000005.1",3,2.13899076426568e-07,3,2.15077088847244e-07
181172,"Vanrija albida",3,2.13899076426568e-07,3.9,2.80219219461556e-07
1585982,"Citrobacter bitternis",3,2.13899076426568e-07,3.1,2.22070049707082e-07
273131,"Nakaseomyces bracarensis",3,2.13899076426568e-07,3.6,2.5379363744184e-07
2766470,"Leuconostoc falkenbergense",3,2.13899076426568e-07,2.8,1.98588960399273e-07
NA,"unknown genome; accession ID isNZ_DAWEQI010000001.1",3,2.13899076426568e-07,3,2.13899204038712e-07
1852364,"Enterococcus timonensis",3,2.13899076426568e-07,5.7,4.04244342574227e-07
1776391,"Romboutsia timonensis",3,2.13899076426568e-07,3.1,2.19891562610873e-07
640938,"Trichococcus ilyis",3,2.13899076426568e-07,3,2.13917377981128e-07
258723,"Marinilactibacillus piezotolerans",3,2.13899076426568e-07,3.9,2.76751008070635e-07
2044573,"Anaerolactibacter massiliensis",3,2.13899076426568e-07,3.2,2.28459055244552e-07
2086583,"Pseudoruminococcus massiliensis",3,2.13899076426568e-07,3,2.12043214841271e-07
313439,"Streptococcus massiliensis",3,2.13899076426568e-07,3,2.13904332241024e-07
1870985,"Arabiibacter massiliensis",3,2.13899076426568e-07,3,2.15364529326877e-07
487173,"Dialister succinatiphilus",3,2.13899076426568e-07,4.6,3.30566728463193e-07
2941335,"Odoribacter lunatus",3,2.13899076426568e-07,3,2.1411038024549e-07
908285,"Necropsobacter rosorum",3,2.13899076426568e-07,3,2.13899092802704e-07
5855,"Plasmodium vivax",2,1.42599384284379e-07,2.2,1.56156955880212e-07
150340,"Vibrio antiquarius",2,1.42599384284379e-07,2,1.42599394451672e-07
321614,"Parastagonospora nodorum",2,1.42599384284379e-07,2.2,1.5671743478764e-07
887899,"Mobiluncus holmesii",2,1.42599384284379e-07,2,1.44908798199236e-07
1122217,"Megamonas rupellensis",2,1.42599384284379e-07,2.1,1.50947758100355e-07
1123279,"Spongiibacter tropicus",2,1.42599384284379e-07,2.2,1.59185442344201e-07
1177154,"Alcanivorax nanhaiticus",2,1.42599384284379e-07,2.1,1.50537918007868e-07
1348853,"Novosphingobium malaysiense",2,1.42599384284379e-07,2,1.42599394453887e-07
1423801,"Liquorilactobacillus satsumensis",2,1.42599384284379e-07,1.9,1.35894752963335e-07
254056,"Fonsecaea monophora",2,1.42599384284379e-07,4.9,3.46959162626924e-07
2049356,"Monocercomonoides exilis",2,1.42599384284379e-07,2.2,1.56606226640729e-07
1813019,"Campylobacter hepaticus",2,1.42599384284379e-07,2,1.45062901926177e-07
1796616,"Blautia pseudococcoides",2,1.42599384284379e-07,2,1.43992378103412e-07
69781,"Penicillium oxalicum",2,1.42599384284379e-07,2,1.44228370602334e-07
1834191,"Candidatus Enterococcus testudinis",2,1.42599384284379e-07,2.2,1.57684040667234e-07
417368,"Enterococcus thailandicus",2,1.42599384284379e-07,2,1.42758276958244e-07
1392256,"Aspergillus ochraceoroseus",2,1.42599384284379e-07,2.2,1.54024544078642e-07
67780,"Edwardsiella ictaluri",2,1.42599384284379e-07,1.8,1.25680965957243e-07
1448316,"Aspergillus ibericus",2,1.42599384284379e-07,2,1.42599530882351e-07
1547597,"Sanguibacteroides justesenii",2,1.42599384284379e-07,2,1.4419430472053e-07
1458358,"Helicobacter valdiviensis",2,1.42599384284379e-07,2,1.42599394451672e-07
71656,"Brenneria alni",2,1.42599384284379e-07,2.2,1.56274848658715e-07
2315334,"Helicobacter burdigaliensis",2,1.42599384284379e-07,2,1.42599394451672e-07
526944,"Tetragenococcus osmophilus",2,1.42599384284379e-07,2.2,1.58331152350342e-07
2547833,"Palleronia sediminis",2,1.42599384284379e-07,2,1.42921049101918e-07
3038144,"Muribaculum caecicola",2,1.42599384284379e-07,2,1.42714584304262e-07
2743610,"Peptacetobacter hominis",2,1.42599384284379e-07,2,1.4260778299216e-07
879819,"Cutaneotrichosporon oleaginosum",2,1.42599384284379e-07,2.9,2.07161806749396e-07
1944635,"Sutterella seckii",2,1.42599384284379e-07,2,1.45650668183036e-07
2606615,"Enorma shizhengliae",2,1.42599384284379e-07,3.4,2.38990175215865e-07
756892,"Acinetobacter indicus",2,1.42599384284379e-07,2.5,1.76497903900809e-07
1522,"[Clostridium] innocuum",2,1.42599384284379e-07,2.3,1.64858420414006e-07
714314,"Brenneria salicis",2,1.42599384284379e-07,1.9,1.37682942023727e-07
1631957,"Pelistega suis",2,1.42599384284379e-07,4.1,2.93069003433805e-07
2763013,"Agathobaculum faecis",2,1.42599384284379e-07,2.1,1.46883776332363e-07
2784388,"Clostridium vitabionis",2,1.42599384284379e-07,2.1,1.49610134664456e-07
565,"Atlantibacter hermannii",2,1.42599384284379e-07,1.7,1.24045942635626e-07
36651,"Penicillium digitatum",2,1.42599384284379e-07,2,1.42899341019101e-07
290055,"Faecalicatena fissicatena",2,1.42599384284379e-07,2.7,1.8901668274808e-07
876,"Desulfovibrio desulfuricans",2,1.42599384284379e-07,2.5,1.76606649892372e-07
2819233,"Microvirga antarctica",2,1.42599384284379e-07,2,1.43504741843541e-07
1465809,"Clostridium senegalense",2,1.42599384284379e-07,2,1.42599394451672e-07
2864872,"Shewanella nanhaiensis",2,1.42599384284379e-07,2.1,1.51900382436098e-07
434464,"Leuconostoc holzapfelii",2,1.42599384284379e-07,2,1.43018902002142e-07
69218,"Enterobacter cancerogenus",2,1.42599384284379e-07,2,1.43971861050556e-07
59814,"Pantoea dispersa",2,1.42599384284379e-07,2,1.42605465669639e-07
1042133,"Fusarium musae",2,1.42599384284379e-07,1.9,1.34791218312504e-07
2841034,"Lactobacillus laiwuensis",2,1.42599384284379e-07,2.1,1.46405982123322e-07
1529,"Clostridium cadaveris",2,1.42599384284379e-07,2.8,2.03052257250743e-07
698441,"Drepanopeziza brunnea",2,1.42599384284379e-07,1.6,1.1379452077377e-07
255519,"Atlantibacter subterraneus",2,1.42599384284379e-07,2.3,1.64065234027617e-07
2950371,"Lapidilactobacillus luobeiensis",2,1.42599384284379e-07,3.7,2.66015979059469e-07
865757,"Photobacterium atrarenae",2,1.42599384284379e-07,2,1.42599394451672e-07
2735723,"Turicibacter bilis",2,1.42599384284379e-07,2.3,1.60975470257927e-07
2981779,"Anaerostipes amylophilus",2,1.42599384284379e-07,2,1.42666552873956e-07
2994643,"Alcaligenes nematophilus",2,1.42599384284379e-07,2,1.42599394451672e-07
1131564,"Penicillium cosmopolitanum",2,1.42599384284379e-07,4.7,3.33910791345567e-07
268346,"Penicillium mononematosum",2,1.42599384284379e-07,2.1,1.47646610810027e-07
2606708,"Mogibacterium kristiansenii",2,1.42599384284379e-07,2,1.42641791127041e-07
3046670,"Comamonas resistens",2,1.42599384284379e-07,3.3,2.33003318007298e-07
NA,"unknown genome; accession ID isNZ_AP028032.1",2,1.42599384284379e-07,2,1.44182694058578e-07
3044578,"Clostridium lamae",2,1.42599384284379e-07,2,1.45350740358125e-07
92402,"Metamycoplasma equirhinis",2,1.42599384284379e-07,2,1.42599394451672e-07
3098075,"Streptococcus dentalis",2,1.42599384284379e-07,2.6,1.82932368652183e-07
3108533,"Anaerofustis butyriciformans",2,1.42599384284379e-07,2,1.44338056818721e-07
3040937,"Raoultella scottii",2,1.42599384284379e-07,2,1.42807156725781e-07
3139408,"Kosakonia calanthes",2,1.42599384284379e-07,2.2,1.58794658223376e-07
1715645,"Paracoccus mangrovi",2,1.42599384284379e-07,2.1,1.4622734492136e-07
3350256,"Comamonas trifloxystrobinivorans",2,1.42599384284379e-07,2,1.42599394451672e-07
1107316,"Neisseria oralis",2,1.42599384284379e-07,2,1.42599395032536e-07
2662455,"Paraclostridium dentum",2,1.42599384284379e-07,1.7,1.23478770477342e-07
1755099,"Pseudenterobacter timonensis",2,1.42599384284379e-07,1.6,1.16392349295847e-07
1871002,"Acidaminococcus timonensis",2,1.42599384284379e-07,2,1.4259990888914e-07
81409,"Eubacterium aggregans",2,1.42599384284379e-07,2.2,1.55564384360831e-07
1841856,"Bacteroides mediterraneensis",2,1.42599384284379e-07,2.2,1.55714216759643e-07
1852371,"Raoultibacter massiliensis",2,1.42599384284379e-07,2,1.42801003674602e-07
1970790,"[Lactobacillus] timonensis",2,1.42599384284379e-07,2.6,1.84666878014729e-07
84109,"Slackia exigua",2,1.42599384284379e-07,2,1.42599394451672e-07
1329,"Streptococcus canis",2,1.42599384284379e-07,2,1.42659454811622e-07
33033,"Parvimonas micra",2,1.42599384284379e-07,2,1.4571401792843e-07
1852381,"Duodenibacillus massiliensis",2,1.42599384284379e-07,2,1.42599394451672e-07
2993455,"Lactobacillus isalae",2,1.42599384284379e-07,2.5,1.77547085752483e-07
206505,"Kerstersia similis",2,1.42599384284379e-07,2,1.42599394451672e-07
214684,"Cryptococcus deneoformans",1,7.12996921421893e-08,1.2,8.46444096419128e-08
645133,"Colletotrichum graminicola",1,7.12996921421893e-08,0.8,5.78363854117693e-08
556484,"Phaeodactylum tricornutum",1,7.12996921421893e-08,1,7.1299697225836e-08
525309,"Limosilactobacillus antri",1,7.12996921421893e-08,1.3,9.21399262884838e-08
5693,"Trypanosoma cruzi",1,7.12996921421893e-08,1,7.15888529786742e-08
1054460,"Streptococcus pseudopneumoniae",1,7.12996921421893e-08,1.9,1.37968966046001e-07
679200,"Johnsonella ignava",1,7.12996921421893e-08,1,7.29269076134728e-08
762967,"Sutterella parvirubra",1,7.12996921421893e-08,1.3,9.54468129598724e-08
999415,"Eggerthia catenaformis",1,7.12996921421893e-08,1.1,7.61285567575527e-08
765909,"Lamprocystis purpurea",1,7.12996921421893e-08,1,7.1304201950559e-08
1123318,"Streptococcus thoraltensis",1,7.12996921421893e-08,1.5,1.09622903807608e-07
1158607,"Enterococcus pallens",1,7.12996921421893e-08,1,7.1463486109375e-08
1158606,"Enterococcus asini",1,7.12996921421893e-08,1,7.40695156428001e-08
1121111,"Bifidobacterium thermacidophilum",1,7.12996921421893e-08,1.1,7.59016725522244e-08
1121275,"Chitinilyticum aquatile",1,7.12996921421893e-08,1.2,8.77652208417956e-08
1211844,"Candidatus Stoquefichus massiliensis",1,7.12996921421893e-08,1,7.1299697225836e-08
1266845,"Carnobacterium inhibens",1,7.12996921421893e-08,1,7.15243381923403e-08
1121319,"Clostridium hydrogeniformans",1,7.12996921421893e-08,1.1,7.82734991894512e-08
231434,"Beijerinckia mobilis",1,7.12996921421893e-08,1,7.1299697225836e-08
1736,"Eubacterium limosum",1,7.12996921421893e-08,1,7.13536975101129e-08
1577792,"Terrisporobacter othiniensis",1,7.12996921421893e-08,1,7.47850325843799e-08
633415,"Aeromonas sanarellii",1,7.12996921421893e-08,1,7.13623458861624e-08
138074,"Serratia symbiotica",1,7.12996921421893e-08,1.1,7.69335138409086e-08
1150461,"Bifidobacterium scardovii",1,7.12996921421893e-08,1.1,8.00221318381743e-08
312540,"Acidiplasma cupricumulans",1,7.12996921421893e-08,1,7.12996979282695e-08
1423806,"Liquorilactobacillus sucicola",1,7.12996921421893e-08,1,7.1299697225836e-08
1313,"Streptococcus pneumoniae",1,7.12996921421893e-08,1,7.21865976814934e-08
1299998,"Tractidigestivibacter scatoligenes",1,7.12996921421893e-08,1,7.2123495630382e-08
5078,"Penicillium griseofulvum",1,7.12996921421893e-08,1,7.23516723606738e-08
1462993,"Paraburkholderia ginsengiterrae",1,7.12996921421893e-08,1,7.12997139428241e-08
730,"[Haemophilus] ducreyi",1,7.12996921421893e-08,1,7.09863547711885e-08
1480615,"Hoeflea olei",1,7.12996921421893e-08,1,7.1299912070341e-08
903983,"Enterococcus quebecensis",1,7.12996921421893e-08,1.5,1.06555669797024e-07
394958,"Clostridium taeniosporum",1,7.12996921421893e-08,1,6.78767133688269e-08
299767,"Enterobacter ludwigii",1,7.12996921421893e-08,1.8,1.29253855357578e-07
1926881,"Izhakiella australiensis",1,7.12996921421893e-08,1,7.20925448166925e-08
472705,"Pantoea conspicua",1,7.12996921421893e-08,1.1,7.49508553483377e-08
1891675,"Pantoea alhagi",1,7.12996921421893e-08,1.1,8.00351042670002e-08
1834189,"Candidatus Enterococcus palustris",1,7.12996921421893e-08,1.4,9.63204711247982e-08
1945634,"Butyricicoccus porcorum",1,7.12996921421893e-08,1.1,7.78401299028651e-08
1905142,"Amycolatopsis vastitatis",1,7.12996921421893e-08,1,7.13293915151967e-08
1354,"Enterococcus hirae",1,7.12996921421893e-08,1,7.13026063086406e-08
2024555,"Virgibacillus profundi",1,7.12996921421893e-08,1,7.12997412677327e-08
1364,"Pseudolactococcus piscium",1,7.12996921421893e-08,1,7.35369527203751e-08
214473,"Staphylococcus nepalensis",1,7.12996921421893e-08,1,7.1299697225836e-08
28119,"Bacteroides zoogleoformans",1,7.12996921421893e-08,1,7.15471134378751e-08
61647,"Pluralibacter gergoviae",1,7.12996921421893e-08,1,7.253043094526e-08
1448315,"Aspergillus uvarum",1,7.12996921421893e-08,1,7.12996993657161e-08
2259594,"Flavobacterium petrolei",1,7.12996921421893e-08,1,7.12996974549012e-08
471189,"Gordonibacter pamelaeae",1,7.12996921421893e-08,1,7.14458886179818e-08
2259592,"Jannaschia formosa",1,7.12996921421893e-08,1.7,1.23198170032062e-07
2364647,"Pantoea piersonii",1,7.12996921421893e-08,1,7.32189580154615e-08
2707003,"Streptococcus chosunensis",1,7.12996921421893e-08,1.1,8.19340354114061e-08
1433513,"Streptococcus gwangjuensis",1,7.12996921421893e-08,1.5,1.06903620599117e-07
255723,"Slackia faecicanis",1,7.12996921421893e-08,0.9,6.11409690853532e-08
2485998,"Lapidilactobacillus bayanensis",1,7.12996921421893e-08,1,7.16026717423271e-08
33970,"Melissococcus plutonius",1,7.12996921421893e-08,1,7.16342405789096e-08
2320868,"Clostridium manihotivorum",1,7.12996921421893e-08,1,7.1299697225836e-08
357233,"Siccibacter turicensis",1,7.12996921421893e-08,1,7.34884259458966e-08
2529382,"Enterobacter quasihormaechei",1,7.12996921421893e-08,1.3,9.23849966523701e-08
270498,"Christensenella hongkongensis",1,7.12996921421893e-08,0.9,6.26822766959053e-08
2552766,"Meridianimarinicoccus aquatilis",1,7.12996921421893e-08,1.2,8.86974349315921e-08
51049,"Actinobacillus indolicus",1,7.12996921421893e-08,1.8,1.27338077051391e-07
458197,"Serratia nematodiphila",1,7.12996921421893e-08,1,7.12996986488071e-08
930854,"Enterococcus viikkiensis",1,7.12996921421893e-08,8.8,6.30229659439319e-07
2304625,"Colwellia ponticola",1,7.12996921421893e-08,1,7.12998612897251e-08
2589788,"Streptococcus xiaochunlingii",1,7.12996921421893e-08,1.1,7.63698625569287e-08
426702,"Alkalibacterium pelagium",1,7.12996921421893e-08,1,7.1299697225836e-08
2211183,"Evtepia gabavorous",1,7.12996921421893e-08,1,7.42919191090702e-08
89152,"Peptacetobacter hiranonis",1,7.12996921421893e-08,1.3,9.04956815950935e-08
2607660,"Nocardioides humilatus",1,7.12996921421893e-08,1,7.16582320469268e-08
1734106,"Kwoniella shandongensis",1,7.12996921421893e-08,1.2,8.77074837807875e-08
2608008,"Candidatus Pantoea gossypiicola",1,7.12996921421893e-08,1,7.1299697225836e-08
1512,"[Clostridium] symbiosum",1,7.12996921421893e-08,1,7.1323898324613e-08
2601703,"Heminiphilus faecis",1,7.12996921421893e-08,1,7.13628800578511e-08
2490545,"Bifidobacterium jacchi",1,7.12996921421893e-08,1,7.37949683995075e-08
88233,"Lacticaseibacillus manihotivorans",1,7.12996921421893e-08,0.7,4.9922926482731e-08
57706,"Citrobacter braakii",1,7.12996921421893e-08,1,7.150983902535e-08
2652285,"Selenomonas montiformis",1,7.12996921421893e-08,1,7.19365316536738e-08
2899544,"Intestinirhabdus alba",1,7.12996921421893e-08,1,7.13054119091387e-08
84135,"Gemella sanguinis",1,7.12996921421893e-08,1.3,9.05913577466918e-08
2583452,"Amedibacterium intestinale",1,7.12996921421893e-08,1,7.42223187373174e-08
2661627,"Bifidobacterium saimiriisciurei",1,7.12996921421893e-08,1.4,9.9881791455353e-08
660469,"Cryphonectria parasitica",1,7.12996921421893e-08,1,7.13960203928869e-08
2675324,"Bifidobacterium olomucense",1,7.12996921421893e-08,1,7.38922990776812e-08
2736291,"Palleniella intestinalis",1,7.12996921421893e-08,1,7.13048026367295e-08
1494461,"Pseudolactococcus laudensis",1,7.12996921421893e-08,2.2,1.55698022225473e-07
1655500,"Campylobacter vulpis",1,7.12996921421893e-08,1,7.14023186795216e-08
529731,"Listeria marthii",1,7.12996921421893e-08,1.2,8.28829740951538e-08
2713502,"Listeria immobilis",1,7.12996921421893e-08,1,7.13636177738067e-08
2763645,"Lentihominibacter hominis",1,7.12996921421893e-08,1,7.1697899612288e-08
2763677,"Zongyangia hominis",1,7.12996921421893e-08,1.1,7.49662006172551e-08
1795310,"Paracoccus acridae",1,7.12996921421893e-08,1,7.1299697225836e-08
103732,"Lentzea flava",1,7.12996921421893e-08,1,7.14003201112856e-08
67314,"Streptomyces lavendofoliae",1,7.12996921421893e-08,1,7.13276774761686e-08
67318,"Streptomyces litmocidini",1,7.12996921421893e-08,1,7.14733392387045e-08
28044,"Streptomyces longisporoflavus",1,7.12996921421893e-08,1,7.32660047849951e-08
1565040,"Limoniibacter endophyticus",1,7.12996921421893e-08,1,7.15230962764171e-08
68183,"Streptomyces capoamus",1,7.12996921421893e-08,0.5,3.5649848612918e-08
87229,"Botrytis porri",1,7.12996921421893e-08,1,7.15997580876177e-08
2779357,"Thermophilibacter gallinarum",1,7.12996921421893e-08,1.1,7.80414121906217e-08
2866724,"Chitinilyticum piscinae",1,7.12996921421893e-08,1,7.38729551037858e-08
85075,"Halochromatium glycolicum",1,7.12996921421893e-08,1,7.1299697225836e-08
85698,"Achromobacter xylosoxidans",1,7.12996921421893e-08,1,7.1299697225836e-08
2806261,"Janibacter endophyticus",1,7.12996921421893e-08,1,7.1299697225836e-08
1748967,"Citrobacter cronae",1,7.12996921421893e-08,3.9,2.79148706927489e-07
2811233,"Amphritea pacifica",1,7.12996921421893e-08,1.1,8.08439199594678e-08
2230876,"Candidatus Vagococcus giribetii",1,7.12996921421893e-08,1,7.1987983385826e-08
1540,"Metaclostridioides mangenotii",1,7.12996921421893e-08,1,7.12996974701543e-08
1547447,"Streptococcus oricebi",1,7.12996921421893e-08,1,7.1299697225836e-08
508451,"Lactobacillus taiwanensis",1,7.12996921421893e-08,1,7.19734936599686e-08
28114,"Porphyromonas levii",1,7.12996921421893e-08,1,7.13169523057175e-08
2817476,"Bacillus sanguinis",1,7.12996921421893e-08,1,7.14704414448085e-08
2697499,"Dietzia massiliensis",1,7.12996921421893e-08,1,7.25145954214823e-08
2812664,"Candidatus Symbiopectobacterium endolongispinus",1,7.12996921421893e-08,1.4,9.88389171880798e-08
2774531,"Deinococcus aestuarii",1,7.12996921421893e-08,1.1,7.82394787879908e-08
1309,"Streptococcus mutans",1,7.12996921421893e-08,1,7.1333846616378e-08
2815733,"Tenebrionicola larvae",1,7.12996921421893e-08,1.1,8.16271390765319e-08
2796366,"Comamonas fluminis",1,7.12996921421893e-08,1,7.1299697225836e-08
2582914,"Alcaligenes ammonioxydans",1,7.12996921421893e-08,1.6,1.16614200393025e-07
2859781,"Clostridium weizhouense",1,7.12996921421893e-08,1,7.13427234735752e-08
92637,"Metarhizium acridum",1,7.12996921421893e-08,1.2,8.66854330998905e-08
46124,"Granulicatella adiacens",1,7.12996921421893e-08,1,7.12996972277406e-08
472693,"Pantoea eucrina",1,7.12996921421893e-08,1,7.17417418676311e-08
35703,"Citrobacter amalonaticus",1,7.12996921421893e-08,1.5,1.05031534242214e-07
2878098,"Pectobacterium colocasium",1,7.12996921421893e-08,2.2,1.56069299434969e-07
2742685,"Motilimonas cestriensis",1,7.12996921421893e-08,2.2,1.53530888185798e-07
36834,"Clostridium celatum",1,7.12996921421893e-08,1.1,7.53178303398028e-08
401106,"Amycolatopsis tucumanensis",1,7.12996921421893e-08,1,7.1299697225836e-08
2895469,"Paenalcaligenes niemegkensis",1,7.12996921421893e-08,1,7.1299697225836e-08
1907662,"Raoultibacter timonensis",1,7.12996921421893e-08,1,7.14150850573792e-08
2914984,"Brenneria tiliae",1,7.12996921421893e-08,1,7.13002697957186e-08
NA,"unknown genome; accession ID isNZ_JAMOKX010000003.1",1,7.12996921421893e-08,1.1,7.69278094247961e-08
181014,"Alternaria ethzedia",1,7.12996921421893e-08,1.1,7.51354943321368e-08
45303,"Alternaria infectoria",1,7.12996921421893e-08,1,7.13001570095505e-08
478749,"Marvinbryantia formatexigens",1,7.12996921421893e-08,1,7.18944392794793e-08
261299,"Intestinibacter bartlettii",1,7.12996921421893e-08,1,7.13940820107601e-08
2981725,"Brotonthovivens ammoniilytica",1,7.12996921421893e-08,1.1,8.0114235920697e-08
1581411,"Luteolibacter arcticus",1,7.12996921421893e-08,0.5,3.5649848612918e-08
2961893,"Pseudomonas triclosanedens",1,7.12996921421893e-08,1.2,8.47195881195739e-08
3002864,"Methanocorpusculum vombati",1,7.12996921421893e-08,1,7.12997674183386e-08
1183413,"Agrobacterium salinitolerans",1,7.12996921421893e-08,0.8,5.91568243578283e-08
2231603,"Akanthomyces muscarius",1,7.12996921421893e-08,1,7.1299697225836e-08
5076,"Penicillium chrysogenum",1,7.12996921421893e-08,0.6,4.28494428898658e-08
293559,"Penicillium concentricum",1,7.12996921421893e-08,1.1,7.82569983040976e-08
116970,"Penicillium angulare",1,7.12996921421893e-08,1,7.13012101592856e-08
203109,"Penicillium manginii",1,7.12996921421893e-08,1.4,1.02795617909252e-07
1562060,"Penicillium verhagenii",1,7.12996921421893e-08,1,7.12996972317655e-08
176176,"Penicillium paradoxum",1,7.12996921421893e-08,1,7.1738576746494e-08
70096,"Penicillium cinerascens",1,7.12996921421893e-08,1.4,9.93505474214938e-08
63820,"Penicillium chermesinum",1,7.12996921421893e-08,1,7.12997088340323e-08
3031799,"Providencia hangzhouensis",1,7.12996921421893e-08,1.1,7.67415986184769e-08
3034234,"Streptomyces tropicalis",1,7.12996921421893e-08,1,7.12996976205427e-08
688661,"Lichtheimia ornata",1,7.12996921421893e-08,1,7.1299697225836e-08
3031993,"Enterococcus montenegrensis",1,7.12996921421893e-08,1.1,7.59734161918637e-08
1230953,"Hydrogenophaga electricum",1,7.12996921421893e-08,1,7.12997592923933e-08
3028070,"Claveliimonas bilis",1,7.12996921421893e-08,1,7.28308851245326e-08
51156,"Cadophora gregata",1,7.12996921421893e-08,1.7,1.19533658791858e-07
1462571,"Bacteroides gallinaceum",1,7.12996921421893e-08,1,7.13551297323611e-08
2996112,"Enterobacter pseudoroggenkampii",1,7.12996921421893e-08,1.8,1.24802424643563e-07
54291,"Raoultella ornithinolytica",1,7.12996921421893e-08,1.5,1.04924225688204e-07
3058044,"Nocardioides cremeus",1,7.12996921421893e-08,1,7.12996972484829e-08
3075518,"Streptomyces gottesmaniae",1,7.12996921421893e-08,1,7.12997536243173e-08
319970,"Enterococcus devriesei",1,7.12996921421893e-08,1,7.22341499691175e-08
3117701,"Niabella digestorum",1,7.12996921421893e-08,2,1.45223677668152e-07
2703794,"Serratia nevei",1,7.12996921421893e-08,1,7.1302170354503e-08
3039389,"Macrococcus psychrotolerans",1,7.12996921421893e-08,1,7.1299697225836e-08
3123317,"Kineothrix sedimenti",1,7.12996921421893e-08,1,7.13225943768431e-08
414052,"Caenispirillum bisanense",1,7.12996921421893e-08,1,7.129973274304e-08
66882,"Streptomyces cuspidosporus",1,7.12996921421893e-08,1,7.13006464377842e-08
796890,"Gibbsiella dentisursi",1,7.12996921421893e-08,1,7.13162377250934e-08
3133165,"Solibaculum intestinale",1,7.12996921421893e-08,1.2,8.2270847997539e-08
3133091,"unknown genome; accession ID isNZ_JBBMER010000006.1",1,7.12996921421893e-08,1,7.13045560517142e-08
3118588,"Ewingella docleensis",1,7.12996921421893e-08,1.2,8.77136155488678e-08
1691903,"Mangrovibacter phragmitis",1,7.12996921421893e-08,1.1,7.99805428539135e-08
701526,"Streptococcus porcorum",1,7.12996921421893e-08,1,7.18866018528334e-08
3095082,"Streptococcus fermentans",1,7.12996921421893e-08,1.6,1.10737726417156e-07
1602169,"Prevotella pectinovora",1,7.12996921421893e-08,1.4,1.02697881824627e-07
69220,"Lelliottia nimipressuralis",1,7.12996921421893e-08,1,7.13554537768062e-08
2691918,"Campylobacter bilis",1,7.12996921421893e-08,1,7.13338057323493e-08
5088,"Thermoascus crustaceus",1,7.12996921421893e-08,1,7.12996972485405e-08
2058152,"Klebsiella grimontii",1,7.12996921421893e-08,1.3,9.44742574067522e-08
3144416,"Cedecea sp. S5-13",1,7.12996921421893e-08,1,7.13046649906208e-08
480284,"Paracerasibacillus soli",1,7.12996921421893e-08,1.9,1.36750134982282e-07
29389,"Streptococcus alactolyticus",1,7.12996921421893e-08,1.3,9.19686400361022e-08
1522057,"Micromonospora zhanjiangensis",1,7.12996921421893e-08,1,7.1299697225836e-08
29374,"Filifactor villosus",1,7.12996921421893e-08,1,7.1299807838049e-08
453959,"Enterococcus camelliae",1,7.12996921421893e-08,1,7.13130285647342e-08
1737515,"Serratia aquatilis",1,7.12996921421893e-08,1.7,1.22787202955072e-07
2890318,"Yersinia vastinensis",1,7.12996921421893e-08,1,7.42613571970925e-08
3061286,"Dickeya ananatis",1,7.12996921421893e-08,1.7,1.20644657266815e-07
2757,"Brochothrix campestris",1,7.12996921421893e-08,1,7.1299697225836e-08
210207,"Aspergillus foveolatus",1,7.12996921421893e-08,1,7.12996972498567e-08
1810928,"Aspergillus undulatus",1,7.12996921421893e-08,1,7.1304377589049e-08
1337,"Streptococcus hyointestinalis",1,7.12996921421893e-08,1.1,8.16564362042201e-08
1816678,"Christensenella timonensis",1,7.12996921421893e-08,1.6,1.17631667014266e-07
69824,"Thomasclavelia cocleata",1,7.12996921421893e-08,1,7.1299771468234e-08
1852370,"Prevotellamassilia timonensis",1,7.12996921421893e-08,1.1,7.53942418165639e-08
1871031,"Thermophilibacter mediterraneus",1,7.12996921421893e-08,1,7.47739792279984e-08
1852384,"Massiliimalia massiliensis",1,7.12996921421893e-08,1,7.14831801222424e-08
29524,"Porphyromonas circumdentaria",1,7.12996921421893e-08,1,7.13000363164073e-08
1122219,"Megasphaera cerevisiae",1,7.12996921421893e-08,1,7.13609829212893e-08
1937461,"Collinsella provencensis",1,7.12996921421893e-08,1.2,8.23502252800998e-08
764290,"Streptococcus downei",1,7.12996921421893e-08,1,7.29068292494185e-08
120017,"Ustilago hordei",1,7.12996921421893e-08,1.3,9.06804476971976e-08
2736608,"Streptococcus thalassemiae",1,7.12996921421893e-08,1.1,7.65759836806733e-08
2941507,"Senimuribacter intestinalis",1,7.12996921421893e-08,1,7.13277279773161e-08
2941329,"Lactococcus ileimucosae",1,7.12996921421893e-08,1,7.14755020401494e-08
