"TaxonomyID","Genome","read_count","Proportion","readsEM","EMProportion"
3133157,"Faecalibacterium faecis",1521453,0.10879258594415,1501148.1,0.107340712498479
1169293,"Enterococcus faecalis",991067,0.0708669553209405,991065.4,0.0708668685025076
386585,"Escherichia coli",986053,0.0705084256615137,956710.7,0.0684103105901207
2590157,"Klebsiella variicola",862319,0.0616607374127058,791976.4,0.0566308615630897
99287,"Salmonella enterica",815836,0.0583369372214137,816799.8,0.0584058772169786
61648,"Kluyvera intermedia",711030,0.0508427091627996,697103.8,0.0498469245092936
341663,"Aspergillus terreus",581547,0.0415839345533925,581523.8,0.0415822948319229
39491,"Agathobacter rectalis",548718,0.0392364734067382,548408,0.0392143217524857
1507512,"Romboutsia hominis",499768,0.035736268614368,499767.7,0.0357362638683926
5068,"Aspergillus tubingensis",461045,0.0329673527783117,460528.9,0.0329304643073923
1125630,"Klebsiella pneumoniae",393538,0.0281402164163395,438495.5,0.0313549483328945
2838470,"Candidatus Bacteroides intestinigallinarum",326193,0.0233246639803399,310929.9,0.0222332718000229
717959,"Alistipes shahii",322674,0.023073035366155,322462.5,0.0230579240298335
626937,"Christensenella minuta",314612,0.0224965562847232,313050.1,0.0223848820670925
5478,"Nakaseomyces glabratus",219769,0.0157147396734305,219769,0.0157147463864245
330879,"Aspergillus fumigatus",203678,0.0145641411991909,203678.9,0.014564215040871
411459,"Blautia obeum",197971,0.0141560580786586,197679.7,0.0141352343980423
1851429,"Christensenella intestinihominis",182033,0.0130163999789487,183572.3,0.0131264733766067
239935,"Akkermansia muciniphila",174404,0.0124708828724933,174401.3,0.0124706924425915
3030638,"Faecalibacterium taiwanense",174176,0.0124545795692724,186765,0.0133547741622579
1972431,"Phytobacter ursingii",159641,0.0114152439889435,166657.6,0.0119169789034119
1812935,"Enterobacter roggenkampii",158097,0.0113048391636234,157046.5,0.0112297274212236
2026240,"Klebsiella quasivariicola",131089,0.00937361278911191,165799.1,0.0118555897295914
1735,"Holdemanella biformis",118296,0.0084588401658475,118270.9,0.00845704901964629
187327,"Acidaminococcus intestini",92341,0.00660290931015862,92129.3,0.00658777307059425
621,"Shigella boydii",92062,0.00658295921542784,90637.9,0.00648112757554058
1499973,"Escherichia marmotae",86354,0.00617480458917964,86455.8,0.00618208836257116
649756,"Anaerostipes hadrus",85495,0.00611338117923794,85381.4,0.00610526305952332
28116,"Bacteroides ovatus",82454,0.00589593229724411,95290.5,0.00681382176788617
357441,"Enterococcus lactis",82102,0.00587076228525403,81463.6,0.00582511866840692
1796635,"Longicatena caecimuris",79554,0.00568856572118949,79367,0.00567519918662619
2929491,"Faecalibacterium wellingii",75217,0.00537844543141401,76904.6,0.00549912087027469
88431,"Dorea longicatena",70302,0.00502699483785936,69586.9,0.00497586020768394
3133180,"Enterobacter intestinihominis",69205,0.00494855306753801,73549.2,0.00525919121118215
1150423,"Bifidobacterium dentium",68548,0.00490157381220425,68450.1,0.00489457327286329
1121129,"Butyricimonas synergistica",57626,0.00412058838335301,57629.1,0.00412081504706259
3342829,"Providencia zhejiangensis",57511,0.00411236522602671,50495.8,0.00361074204421598
585394,"Roseburia hominis",52790,0.00377478674135296,52974.5,0.00378798301829739
3133156,"Faecalibacterium tardum",46235,0.00330606677375363,44359.1,0.00317193219527402
818,"Bacteroides thetaiotaomicron",45579,0.00325915902413575,45037.9,0.0032204714471548
1134687,"Klebsiella michiganensis",44102,0.00315354508177966,44851,0.00320710183347078
89153,"[Clostridium] hylemonae",42578,0.00304457037077716,42503.1,0.00303921882451444
575,"Raoultella planticola",39016,0.00278986701080938,30613,0.00218900422032852
1108849,"Penicillium rubens",38421,0.00274732110986024,38168.6,0.00272927322410488
622,"Shigella dysenteriae",38339,0.002741457641158,51451.6,0.00367908397231014
357276,"Phocaeicola dorei",36677,0.00262261514136394,36358,0.00259980770754568
1496,"Clostridioides difficile",36168,0.00258621873198056,36168.2,0.00258623591422153
5480,"Candida parapsilosis",32104,0.00229561950264056,32104,0.00229562048750215
742726,"Barnesiella intestinihominis",32044,0.00229132915968771,31397.6,0.00224511193838438
547043,"Bifidobacterium pseudocatenulatum",30027,0.00214710213075592,29980.9,0.00214380824968314
823,"Parabacteroides distasonis",29914,0.00213902198486138,29786.9,0.00212993554968307
2494701,"Enterobacter chengduensis",29867,0.00213566121621498,34024.5,0.00243294498935575
742742,"Collinsella tanakaei",29383,0.00210105244972862,29383,0.00210105098938517
1305,"Streptococcus sanguinis",29210,0.00208868196088123,29207.5,0.0020885015399609
1851428,"Faecalibacterium longum",29120,0.00208224644645194,25941.8,0.00185499133540894
39486,"Dorea formicigenerans",28005,0.00200251757324473,28551.5,0.00204159602619896
36656,"Penicillium crustosum",27172,0.00194295331191594,27205.5,0.00194534664705731
154288,"Turicibacter sanguinis",25411,0.00181703174624967,25411,0.00181703252089824
84112,"Eggerthella lenta",25235,0.00180444674025463,25227.3,0.00180389391902644
39488,"Anaerobutyricum hallii",24803,0.00177355627099408,24920.1,0.00178192805687618
624,"Shigella sonnei",23580,0.00168610478047173,25818.6,0.00184617923078873
2935520,"Faecalibacterium hattorii",23109,0.00165242558829183,24346.6,0.00174092409887799
1196081,"Talaromyces amestolkiae",22948,0.001640913168035,22948,0.00164091387197599
1458355,"Mixta theicola",21125,0.00151055824798411,21115.4,0.00150987538097941
1414720,"Clostridium saudiense",20785,0.0014862463045846,20762.1,0.00148461148978567
371601,"Bacteroides xylanisolvens",20018,0.00143140142050395,21629.3,0.00154662117867024
1448317,"Aspergillus costaricensis",18926,0.001353317178762,16975.8,0.00121386686159997
3435293,"Faecalibacterium langellae",17894,0.00127952327997291,19158,0.00136990855787869
1035377,"Yersinia pestis",17013,0.00121652674428183,15546.5,0.0011116607038193
1805431,"Enterococcus saigonensis",16858,0.00120544335832029,16283.7,0.00116437772079614
550,"Enterobacter cloacae",16559,0.0011840631492719,17478.6,0.00124981912715846
3037989,"Bacteroides vicugnae",16087,0.00115031245137611,16594.6,0.00118660792851617
1353,"Enterococcus gallinarum",15636,0.00111806337351383,15733.1,0.00112501036297311
3133166,"Laedolimicola intestinihominis",15291,0.00109339390153491,14116.4,0.0010094002252525
1186058,"Trichosporon asahii",15147,0.00108309707844806,15147,0.00108309754313225
2497875,"Enterobacter chuandaensis",14875,0.00106364752372846,13069.1,0.000934516425247699
44742,"Desulfovibrio fairfieldensis",14564,0.0010414092460895,14563.3,0.00104135824203002
536231,"Roseburia intestinalis",14533,0.00103919256889719,13380.4,0.000956778853562831
214856,"Alistipes finegoldii",13972,0.000999077862288,14038.2,0.00100381136580892
1352,"Enterococcus faecium",13665,0.000977125607512562,14115.2,0.0010093182303694
411485,"Faecalibacterium prausnitzii",13623,0.000974122367445564,15129.3,0.00108182881882899
73098,"Kluyvera georgiana",13137,0.000939370589527444,13126.5,0.000938618830532192
54291,"Raoultella ornithinolytica",12961,0.000926785583532405,14201.2,0.00101546827552515
1354,"Enterococcus hirae",12816,0.000916417254729674,12802.7,0.000915467731656803
28118,"Odoribacter splanchnicus",12607,0.000901472560110565,12611.1,0.000901763244667511
2881258,"Ruminococcus turbiniformis",12490,0.000893106391352499,12143.8,0.000868351998569264
2489010,"Klebsiella africana",12454,0.000890532185580787,12656.3,0.000905000458765645
1259973,"Klebsiella electrica",12440,0.000889531105558454,13543.2,0.000968415404597291
2981789,"Dorea amylophila",11973,0.000856137936242071,11218,0.000802150595223878
1463165,"Klebsiella quasipneumoniae",11618,0.00083075340710435,16810.8,0.00120207024474215
2751153,"Coprobacter secundus",11457,0.000819240986847525,11356.5,0.000812054897344949
558541,"Shewanella chilikensis",11246,0.000804153280796654,11754,0.000840480066042219
1150298,"Fusicatenibacter saccharivorans",10758,0.000769258491446772,10281,0.000735153206161078
2764325,"[Eubacterium] hominis",10055,0.000718989973182496,9580,0.000685023846375753
2153354,"Klebsiella huaxiensis",9644,0.000689601123955445,11883,0.000849700390902409
574930,"Parabacteroides gordonii",9370,0.000670008557804077,8171.6,0.000584313119648664
445970,"Alistipes putredinis",9229,0.000659926251864869,8938.3,0.000639143166250904
1851427,"Faecalibacterium butyricigenerans",9050,0.000647126728722187,11538.5,0.000825071543104771
484018,"Phocaeicola plebeius",8931,0.000638617548532359,8961.7,0.000640813883085957
508771,"Toxoplasma gondii",8800,0.000629250299751961,8788.6,0.00062843623523819
1218085,"Citrobacter rodentium",8787,0.000628320725445509,9090.4,0.00065001425741449
3133155,"Faecalibacterium intestinale",8762,0.000626533082548487,10144.5,0.000725392415999797
1297617,"Intestinimonas butyriciproducens",8582,0.000613662053689924,8582.7,0.000613710488147177
1218112,"Kluyvera cryocrescens",8549,0.000611302365065854,9204.3,0.000658160006014679
3142537,"Enterobacter adelaidei",8535,0.000610301285043521,10201.6,0.000729475835600334
1448310,"Aspergillus neoniger",8490,0.000607083527828881,10314.7,0.000737559716493039
858893,"Exophiala dermatitidis",8337,0.000596143153299102,8337,0.000596143408843022
3133499,"Maccoyibacter intestinihominis",8038,0.000574762944250712,9295.6,0.000664689731460023
198214,"Shigella flexneri",8008,0.000572617772774284,11662.2,0.000833911440736796
563192,"Bilophila wadsworthia",7568,0.000541155257786686,7568,0.000541155010102706
1639133,"Citrobacter portucalensis",7041,0.00050347174551745,8059.2,0.000576281796196237
70346,"Acinetobacter variabilis",6816,0.000487382959444246,8115.2,0.000580283851560868
2764327,"Holdemanella hominis",6695,0.000478730767822657,6209.5,0.000444013375102326
371674,"Moryella indoligenes",6625,0.000473725367710993,6561.4,0.000469179488886298
411483,"Faecalibacterium duncaniae",6379,0.000456134961604291,8322.3,0.00059509078815673
564,"Escherichia fergusonii",6021,0.000430535915318927,5804,0.000415018695797931
103621,"Actinomyces urogenitalis",5989,0.000428247732410738,5989,0.00042824790576933
626940,"Phascolarctobacterium succinatutens",5792,0.0004141611063822,5812.7,0.000415640006990959
208962,"Escherichia albertii",5477,0.000391636805879715,5558.9,0.000397491046491996
2126740,"Clostridium fessum",5125,0.000366466793889636,4124.5,0.000294925102837558
51049,"Actinobacillus indolicus",4918,0.000351665110702289,4934.2,0.000352822201926216
2488306,"Pseudocitrobacter vendiensis",4907,0.000350878547827599,4727.2,0.000338023061677793
1477018,"Hafnia psychrotolerans",4867,0.000348018319192363,4867,0.000348020098255093
3078042,"Pilosibacter fragilis",4772,0.000341225276183677,5218.7,0.000373168616260861
745368,"Gemmiger formicilis",4755,0.000340009679013702,5203.5,0.00037208021332904
1681,"Bifidobacterium bifidum",4671,0.000334003198879706,4643.7,0.000332049451418255
2497436,"Enterobacter quasiroggenkampii",4564,0.000326352087280449,4501.5,0.000321883959526641
347253,"Streptococcus salivarius",4488,0.0003209176528735,4479.4,0.000320302386835533
1448311,"Aspergillus vadensis",4460,0.000318915492828835,4566.7,0.0003265485575574
1841868,"Provencibacterium massiliense",4334,0.000309905772627841,4166.5,0.000297928870429414
2927224,"Akkermansia massiliensis",4277,0.000305829946822629,4279.7,0.000306025844066971
565655,"Enterococcus casseliflavus",4186,0.000299322926677467,4144.7,0.00029637241637671
483215,"Bacteroides finegoldii",4177,0.000298679375234539,4102.8,0.000293374905497992
2650158,"Bacteroides luhongzhouii",4137,0.000295819146599303,4139.1,0.000295965936890128
1400001,"Necropsobacter massiliensis",4038,0.000288740080727093,4203.4,0.000300569947540257
65700,"Erwinia tracheiphila",4034,0.000288454057863569,3747.6,0.000267978262675636
367928,"Bifidobacterium adolescentis",3689,0.000263784585884657,3598.2,0.000257291302237732
2763021,"Bacteroides difficilis",3616,0.000258564668625351,3837.6,0.000274412654972053
5076,"Penicillium chrysogenum",3592,0.000256848531444209,3811.8,0.000272568155208943
3133153,"Blautia aquisgranensis",3572,0.000255418417126591,3831.5,0.000273977176578171
2364791,"Enterococcus mediterraneensis",3525,0.000252057648480189,3510.8,0.000251044300695408
3133172,"Alistipes intestinihominis",3500,0.000250270005583166,3635.9,0.000259990765836936
546367,"Hafnia paralvei",3334,0.000238400056746936,3575.3,0.000255654495370111
2981783,"Blautia acetigignens",3334,0.000238400056746936,2659.2,0.000190149549199425
246787,"Bacteroides cellulosilyticus",3253,0.000232608093760583,4396.5,0.000314373265049132
566552,"Bifidobacterium catenulatum",3239,0.00023160701373825,3491.4,0.00024965534110922
2077090,"Vibrio gangliei",3238,0.000231535508022369,2697.1,0.000192857814998041
1912855,"Faecalimonas umbilicata",3196,0.000228532267955371,3023,0.000216163374977147
2763678,"Youxingia wuxianensis",3188,0.000227960222228324,2886.9,0.000206432957426341
411470,"Mediterraneibacter gnavus",3172,0.00022681613077423,3156.5,0.000225704793907559
1069201,"Aspergillus luchuensis",3092,0.000221095673503757,3309.2,0.000236625481308471
2652276,"Holdemanella porci",3058,0.000218664479163806,3578.6,0.000255887596958707
82993,"Buttiauxella warmboldiae",3054,0.000218378456300283,3042.5,0.000217556059610947
173856,"Streptomyces luteosporeus",3013,0.000215446721949166,3013.7,0.000215496410759348
2650157,"Bacteroides zhangwenhongii",3008,0.000215089193369761,3609.5,0.000258097227673606
1650661,"Clostridium phoceensis",3006,0.000214946181937999,2948.3,0.000210819302595662
2981792,"Oscillibacter acetigenes",2933,0.000209726264678693,3041.1,0.000217454676617028
2981769,"Waltera acetigignens",2865,0.000204863875998792,2842.1,0.000203229191664923
3117701,"Niabella digestorum",2828,0.000202218164511198,2999.5,0.000214479676487876
2979868,"Neopusillimonas aromaticivorans",2811,0.000201002567341223,3133.9,0.000224089578554122
2881264,"Blautia fusiformis",2749,0.000196569212956607,2553.1,0.000182559841790149
3030999,"Enterobacter rongchengensis",2659,0.000190133698527325,3027.1,0.000216457532745234
2885348,"Hominifimenecus microfluidus",2617,0.000187130458460327,2481.2,0.000177417272143931
472694,"Pantoea brenneri",2599,0.000185843355574471,2792.4,0.000199670256379783
529507,"Proteus mirabilis",2537,0.000181410001189855,2533.6,0.000181164119255083
437897,"Megamonas funiformis",2531,0.00018098096689457,2526,0.000180623458133948
435590,"Phocaeicola vulgatus",2438,0.000174330935317646,2492.9,0.000178257298914999
283686,"Kosakonia radicincitans",2408,0.000172185763841218,2364.5,0.000169076588511697
2779352,"Pseudoflavonifractor gallinarum",2406,0.000172042752409457,2617.2,0.000187147049586985
33945,"Enterococcus avium",2405,0.000171971246693576,2585.6,0.000184885287389694
67827,"Citrobacter werkmanii",2352,0.000168181443751888,2190.9,0.000156661403979243
2585117,"Alistipes onderdonkii",2351,0.000168109938036007,2737.4,0.000195740282753121
53345,"Enterococcus durans",2309,0.000165106697969009,2280.3,0.000163056820316815
3036443,"Streptococcus sp. ST2",2301,0.000164534652241962,1949.8,0.000139419131578504
2981779,"Anaerostipes amylophilus",2264,0.000161888940754368,2280.6,0.000163073997939989
1502,"Clostridium perfringens",2262,0.000161745929322606,2262,0.000161745998717187
2608867,"Escherichia ruysiae",2223,0.000158957206403251,2147.6,0.000153566725080481
2058152,"Klebsiella grimontii",2215,0.000158385160676204,2194.4,0.000156914913595759
2763658,"Ligaoa zhengdingensis",2207,0.000157813114949157,2155.8,0.000154149345498225
1343,"Streptococcus vestibularis",2207,0.000157813114949157,2126.5,0.00015205839349049
1652495,"Corynebacterium crudilactis",2202,0.000157455586369752,2358.9,0.000168674298447912
2763038,"Clostridium segne",2188,0.000156454506347419,2433,0.00017397251528418
1121115,"Blautia wexlerae",2136,0.000152736209121612,2162,0.000154594515859747
2978477,"Eubacterium album",1944,0.000139007111672479,2030.4,0.00014518254988118
2763028,"Blautia intestinalis",1879,0.00013435924014022,2215.6,0.000158425975932163
3133177,"Bifidobacterium hominis",1866,0.000133429665833768,2081.4,0.000148834456017472
450799,"Catenulispora yoronensis",1860,0.000133000631538483,1864.3,0.000133306015389192
106654,"Acinetobacter nosocomialis",1840,0.000131570517220865,1524.5,0.0001090127924121
592978,"Mediterraneibacter faecis",1831,0.000130926965777936,2072.3,0.000148180861371448
2838947,"Enterobacter quasimori",1818,0.000129997391471485,1850,0.00013228245558689
622312,"Roseburia inulinivorans",1813,0.00012963986289208,2042.6,0.00014606020195754
158850,"Providencia rustigianii",1802,0.00012885330001739,1912.7,0.00013677157694644
1871006,"Bacteroides congonensis",1781,0.000127351679983891,1746.6,0.000124895425540358
580166,"Oceanibaculum pacificum",1759,0.000125778554234511,1688.1,0.000120705293295133
2763017,"Anaerosacchariphilus hominis",1705,0.000121917245576942,1820.2,0.000130154164991623
2894201,"Citrobacter meridianamericanus",1702,0.0001217027284293,1854.4,0.000132601628644542
3064195,"Brotocaccenecus cirricatena",1587,0.000113479571102996,1587.9,0.000113544359883984
1964383,"Varibaculum timonense",1570,0.00011226397393302,1569,0.000112195245393603
192222,"Campylobacter jejuni",1515,0.000108331159559571,1503.1,0.000107481172043698
2963284,"Terrisporobacter muris",1502,0.000107401585253119,1328.3,9.49824862358277e-05
367737,"Aliarcobacter butzleri",1477,0.000105613942356096,1474.9,0.000105463133509474
694437,"Flammeovirga aprica",1468,0.000104970390913168,1286.4,9.19870732765759e-05
1288121,"Alistipes senegalensis",1430,0.000102253173709694,1793.6,0.000128256029757726
2981720,"Bovifimicola ammoniilytica",1409,0.000100751553676195,1357.4,9.70639816431881e-05
1448314,"Aspergillus eucalypticola",1400,0.000100108002233267,1546.1,0.000110555873481802
272559,"Bacteroides fragilis",1389,9.93214393585766e-05,1440.2,0.000102981460475101
548,"Klebsiella aerogenes",1376,9.83918650521248e-05,1377.4,9.84954155607555e-05
2548455,"Clostridium cuniculi",1367,9.77483136091967e-05,1383,9.88939712585721e-05
1547597,"Sanguibacteroides justesenii",1357,9.70332564503876e-05,1357.6,9.70748738081988e-05
158836,"Enterobacter hormaechei",1352,9.66757278709831e-05,1388,9.9253542432797e-05
565042,"Bifidobacterium longum",1341,9.58891649962931e-05,1344.4,9.61298481136931e-05
674529,"Bacteroides faecis",1323,9.46020621104369e-05,1366.8,9.77359067586462e-05
114527,"Mogibacterium diversum",1309,9.36009820881042e-05,1337.4,9.56310117215033e-05
93378,"Edwardsiella hoshinae",1308,9.35294763722233e-05,1324.7,9.47216631179952e-05
2041044,"Eubacterium maltosivorans",1286,9.19563506228434e-05,1366.4,9.77082503873203e-05
69224,"Erwinia psidii",1274,9.10982820322725e-05,1412.4,0.000100992242291685
997894,"Enterocloster bolteae",1264,9.03832248734635e-05,1394.5,9.97156455670923e-05
470146,"Coprococcus comes",1262,9.02402134417017e-05,1570.2,0.000112279331713434
2763064,"Roseburia zhanii",1246,8.90961219876072e-05,1366.1,9.76874674589135e-05
2690837,"Eggerthella guodeyinii",1243,8.88816048399645e-05,1245.3,8.90454185431061e-05
301302,"Roseburia faecis",1243,8.88816048399645e-05,1270.4,9.08410141062277e-05
2899544,"Intestinirhabdus alba",1238,8.852407626056e-05,1364.8,9.75923109010347e-05
1870993,"Coprococcus phoceensis",1235,8.83095591129172e-05,1535.8,0.000109815834468857
2447885,"Bacteroides faecalis",1221,8.73084790905846e-05,1198.2,8.56811096271719e-05
67826,"Citrobacter sedlakii",1221,8.73084790905846e-05,1422.3,0.000101699918695267
1914243,"Citrobacter europaeus",1200,8.58068590570856e-05,1216.3,8.69755443622593e-05
537006,"Parabacteroides johnsonii",1193,8.53063190459193e-05,1137.6,8.13460790884129e-05
1360,"Lactococcus lactis",1182,8.45197561712293e-05,1182,8.45186253269848e-05
2003188,"Parolsenella catena",1179,8.43052390235866e-05,1178.7,8.42804504928435e-05
246144,"Enterococcus italicus",1173,8.38762047283012e-05,1304.1,9.32524045446019e-05
3133152,"Blautia intestinihominis",1164,8.3232653285373e-05,1349.4,9.64930017654942e-05
160453,"Enterococcus gilvus",1155,8.25891018424449e-05,982,7.02187988701463e-05
2107999,"Lactobacillus paragasseri",1129,8.07299532295414e-05,1128.9,8.07229290845474e-05
1448313,"Aspergillus piperis",1125,8.04439303660177e-05,1317,9.41717435984866e-05
1302,"Streptococcus gordonii",1117,7.98718846389705e-05,1105.3,7.90340865046798e-05
2529382,"Enterobacter quasihormaechei",1104,7.89423103325187e-05,1039.1,7.43044704751137e-05
2885352,"Hominiventricola filiformis",1090,7.79412303101861e-05,1264.3,9.04077559689033e-05
2763065,"Ruminococcus hominis",1087,7.77267131625434e-05,1309.3,9.36210191902728e-05
671267,"Phocaeicola sartorii",1080,7.7226173151377e-05,1074.3,7.68168042151208e-05
762982,"Paraprevotella xylaniphila",1070,7.6511115992568e-05,1077,7.70131755252997e-05
2715212,"Bacteroides faecium",1062,7.59390702655207e-05,1122.2,8.02436431212368e-05
208224,"Enterobacter kobei",1061,7.58675645496398e-05,1090.4,7.79689695527592e-05
2763047,"Flintibacter faecis",1055,7.54385302543544e-05,1161.8,8.30744573068101e-05
1231049,"Arsenophonus endosymbiont of Aphis craccivora",1048,7.49379902431881e-05,1008.8,7.21320031839228e-05
1211819,"Holdemania massiliensis",1043,7.45804616637836e-05,1080.2,7.72431666793256e-05
133448,"Citrobacter youngae",1042,7.45089559479026e-05,1071.9,7.66472067062131e-05
1653435,"Merdimonas faecis",1029,7.35793816414509e-05,1094.5,7.82606323365925e-05
2073160,"Acuticoccus kandeliae",1025,7.32933587779273e-05,1024.7,7.32729813699946e-05
39490,"Eubacterium ramulus",1011,7.22922787555946e-05,1223.3,8.7475627663609e-05
258052,"Kitasatospora arboriphila",1002,7.16487273126665e-05,1023.5,7.31847896416192e-05
565,"Atlantibacter hermannii",999,7.14342101650238e-05,936.8,6.69853196964989e-05
1776384,"Emergencia timonensis",998,7.13627044491428e-05,1126,8.05146831219805e-05
701347,"[Enterobacter] lignolyticus",986,7.0504635858572e-05,985.7,7.04863306020645e-05
2763670,"Wujia chipingensis",928,6.63573043374795e-05,967,6.91495702124323e-05
2797505,"Enterobacter vonholyi",927,6.62857986215986e-05,940.2,6.72292355083554e-05
2576829,"Acinetobacter pullicarnis",918,6.56422471786705e-05,972.6,6.95440626118982e-05
1774958,"Rheinheimera marina",916,6.54992357469087e-05,929.5,6.64633516850412e-05
2579922,"Pseudomonas yangonensis",914,6.53562243151468e-05,1174.5,8.3980520751926e-05
1945634,"Butyricicoccus porcorum",910,6.50702014516232e-05,869.9,6.22055562953887e-05
105843,"Anaerobutyricum soehngenii",901,6.44266500086951e-05,1154.6,8.25581251992712e-05
39480,"Andreesenia angusta",896,6.40691214292906e-05,912,6.52134749573921e-05
116085,"Coprococcus catus",896,6.40691214292906e-05,1056.7,7.55613115100846e-05
626774,"Proteus terrae",895,6.39976157134097e-05,1073.1,7.67358176395673e-05
2499078,"Vibrio ouci",893,6.38546042816479e-05,853.8,6.10504347169654e-05
1563158,"Erwinia endophytica",861,6.15664213734589e-05,858.7,6.14018077008918e-05
2996112,"Enterobacter pseudoroggenkampii",860,6.1494915657578e-05,862.2,6.16544498320816e-05
2093856,"Butyricimonas faecalis",855,6.11373870781735e-05,1080.2,7.72404425431148e-05
2763025,"Bacteroides parvus",855,6.11373870781735e-05,934.5,6.68199833419629e-05
2881276,"Fusicatenibacter faecihominis",827,5.91352270335082e-05,1002.1,7.16525221776643e-05
67780,"Edwardsiella ictaluri",791,5.65610212617956e-05,841.8,6.01904435397384e-05
472693,"Pantoea eucrina",779,5.57029526712247e-05,766.2,5.47888464703232e-05
596329,"Peptostreptococcus anaerobius",772,5.52024126600584e-05,716,5.12011193369008e-05
33031,"Peptoniphilus lacrimalis",771,5.51309069441775e-05,660.9,4.72569857474589e-05
2587529,"Klebsiella pasteurii",733,5.24136897407031e-05,788.5,5.63851201085657e-05
2498453,"Geminicoccus harenae",725,5.18416440136559e-05,651.2,4.65626308744694e-05
3032125,"Neopoerus faecalis",719,5.14126097183704e-05,705.9,5.04779739554079e-05
1796615,"Blautia caecimuris",707,5.05545411277996e-05,870,6.22100354637886e-05
3098076,"Streptococcus lingualis",706,5.04830354119187e-05,648.2,4.63484478044646e-05
536633,"Blautia glucerasea",696,4.97679782531096e-05,975.2,6.97304909325436e-05
1871018,"Angelakisella massiliensis",692,4.9481955389586e-05,825.7,5.9039462039995e-05
2834113,"Alistipes montrealensis",690,4.93389439578242e-05,687,4.91277901737494e-05
1158604,"Enterococcus villorum",684,4.89099096625388e-05,669.6,4.78815159646488e-05
67824,"Citrobacter farmeri",679,4.85523810831343e-05,766.8,5.48309823295561e-05
2949662,"Coprococcus sp. B2-R-112",673,4.81233467878488e-05,1071,7.65791732713468e-05
2981794,"Roseburia amylophila",670,4.79088296402061e-05,741.5,5.30240279786762e-05
69218,"Enterobacter cancerogenus",669,4.78373239243252e-05,649.9,4.64744475168268e-05
2839759,"Enterococcus innesii",668,4.77658182084443e-05,728.7,5.21043046832638e-05
570012,"Shimwellia pseudoproteus",663,4.74082896290398e-05,748.9,5.35499792624843e-05
160404,"Anaerotignum lactatifermentans",655,4.68362439019926e-05,664.9,4.75458655705541e-05
889201,"Streptococcus cristatus",649,4.64072096067071e-05,665.3,4.75754747890003e-05
2764329,"Paeniclostridium hominis",644,4.60496810273026e-05,813.9,5.82015569708289e-05
150056,"Mammaliicoccus fleurettii",643,4.59781753114217e-05,713.9,5.10515099403591e-05
1648923,"Bacillus paralicheniformis",626,4.47625781414463e-05,562.7,4.02349564585981e-05
1796613,"Bacteroides caecimuris",625,4.46910724255654e-05,657.2,4.69970055510566e-05
2219695,"Luxibacter massiliensis",619,4.426203813028e-05,792.2,5.66441149039885e-05
1408437,"Agathobaculum desmolans",617,4.41190266985182e-05,615.7,4.40262102699424e-05
NA,"unknown genome; accession ID isNZ_LT996886.1",615,4.39760152667564e-05,674.1,4.81986884805051e-05
169435,"Anaerotruncus colihominis",610,4.36184866873518e-05,616.3,4.40656428117454e-05
1563222,"Citrobacter pasteurii",608,4.347547525559e-05,614,4.39010181586751e-05
1033731,"Alistipes timonensis",603,4.31179466761855e-05,575.5,4.11516619224252e-05
411467,"Pseudoflavonifractor capillosus",597,4.26889123809001e-05,610.5,4.36541414594686e-05
218936,"Aeromonas simiae",557,3.98286837456639e-05,613.8,4.38912950501808e-05
61645,"Enterobacter asburiae",551,3.93996494503785e-05,617.5,4.4152182052176e-05
1202713,"Paenalcaligenes suwonensis",548,3.91851323027358e-05,550.9,3.93951180542148e-05
53346,"Enterococcus mundtii",547,3.91136265868548e-05,551.9,3.9461437702191e-05
210,"Helicobacter pylori",546,3.90421208709739e-05,546.1,3.904607242476e-05
1982626,"Faecalibacillus intestinalis",542,3.87560980074503e-05,560.3,4.00647697053619e-05
1121950,"Hespellia stercorisuis",538,3.84700751439267e-05,585,4.1828372711137e-05
2994035,"Sellimonas catena",535,3.8255557996284e-05,543.5,3.88642633426875e-05
2079531,"Prevotella merdae",531,3.79695351327604e-05,612.3,4.37857489238683e-05
180164,"Blautia schinkii",521,3.72544779739513e-05,546.2,3.90586684007438e-05
3376993,"Vescimonas sanitatis",521,3.72544779739513e-05,601.7,4.30233693793499e-05
2799638,"Tenebrionibacter intestinalis",514,3.6753937962785e-05,478.1,3.41880691234592e-05
471870,"Bacteroides intestinalis",502,3.58958693722141e-05,547.7,3.91646062099565e-05
2763664,"Jutongia hominis",495,3.53953293610478e-05,508.1,3.63320909106634e-05
1440762,"Dyella japonica",494,3.53238236451669e-05,494,3.53238391058513e-05
69220,"Lelliottia nimipressuralis",489,3.49662950657624e-05,471.2,3.36901438888696e-05
881260,"Enterobacter bugandensis",488,3.48947893498815e-05,494.3,3.53430574469023e-05
1402,"Bacillus licheniformis",486,3.47517779181197e-05,549.3,3.92767446119687e-05
2763059,"Pseudoflavonifractor hominis",482,3.4465755054596e-05,571.4,4.0855101240439e-05
2981787,"Dorea acetigenes",478,3.41797321910724e-05,476.6,3.40810481362569e-05
2762229,"Escherichia whittamii",477,3.41082264751915e-05,491.9,3.51734423019493e-05
328812,"Parabacteroides goldsteinii",475,3.39652150434297e-05,503.5,3.60059890854374e-05
53442,"Eubacterium callanderi",473,3.38222036116679e-05,414,2.96027417552552e-05
1333651,"Bifidobacterium moukalabense",468,3.34646750322634e-05,468.2,3.34779306101221e-05
2724944,"Arthrobacter mobilis",465,3.32501578846207e-05,475.9,3.40283858334172e-05
89014,"Blautia luti",463,3.31071464528589e-05,491.9,3.51728602178487e-05
2763673,"Yanshouia hominis",436,3.11764921240744e-05,493,3.52545397532277e-05
195,"Campylobacter coli",435,3.11049864081935e-05,446.9,3.19541502867557e-05
202956,"Acinetobacter towneri",426,3.04614349652654e-05,465.1,3.32557414393022e-05
1841865,"Mediterranea massiliensis",426,3.04614349652654e-05,360.7,2.57900162756049e-05
290052,"Acetivibrio ethanolgignens",423,3.02469178176227e-05,422.7,3.02257634662245e-05
2954240,"Streptococcus bouchesdurhonensis",423,3.02469178176227e-05,443.9,3.17442600393047e-05
2981772,"Muricoprocola aceti",422,3.01754121017418e-05,455.3,3.25556569105188e-05
1544696,"Rosenbergiella australiborealis",417,2.98178835223372e-05,445.3,3.18388060881831e-05
2666183,"Pseudomonas juntendi",414,2.96033663746945e-05,567.1,4.0547769749283e-05
NA,"unknown genome; accession ID isNZ_LR027382.1",414,2.96033663746945e-05,399.1,2.8540291548253e-05
2509240,"Blautia faecicola",412,2.94603549429327e-05,437.9,3.13109450677697e-05
2816250,"Rahnella ecdela",402,2.87452977841237e-05,373.3,2.66910638899532e-05
626929,"Bacteroides clarus",398,2.84592749206001e-05,408.1,2.91827125180439e-05
537011,"Segatella copri",395,2.82447577729573e-05,393.5,2.81352115548916e-05
3133158,"Lachnospira intestinalis",392,2.80302406253146e-05,397.8,2.84472922191659e-05
313439,"Streptococcus massiliensis",391,2.79587349094337e-05,483.6,3.45783644039161e-05
539813,"Enterobacter mori",388,2.7744217761791e-05,391.9,2.80261032981919e-05
1314,"Streptococcus pyogenes",385,2.75297006141483e-05,382,2.73172535344536e-05
2071710,"Enterobacter sichuanensis",383,2.73866891823865e-05,402.4,2.87746031759052e-05
3053355,"Streptococcus raffinosi",382,2.73151834665056e-05,427.6,3.05727762667009e-05
502577,"Actinoallomurus acaciae",378,2.7029160602982e-05,379,2.7101845670497e-05
2763066,"Ruminococcus intestinalis",376,2.68861491712202e-05,381.9,2.73111375034132e-05
2944915,"Coprobacter tertius",374,2.67431377394583e-05,356.6,2.55009145020948e-05
1120988,"Anaerobiospirillum succiniciproducens",372,2.66001263076965e-05,372,2.66001377200679e-05
113569,"Cryptosporangium minutisporangium",372,2.66001263076965e-05,364.2,2.60436395829277e-05
2763027,"Blautia difficilis",371,2.65286205918156e-05,404.6,2.89302717076572e-05
1855371,"Phytobacter palmae",366,2.61710920124111e-05,338.9,2.42329897327306e-05
2941338,"Streptococcus caecimuris",366,2.61710920124111e-05,525.2,3.75538412595598e-05
1987383,"Candidatus Enterococcus wittei",354,2.53130234218402e-05,347.8,2.48716935027718e-05
1640685,"Enterococcus massiliensis",351,2.50985062741975e-05,411.5,2.94219530066229e-05
3237104,"Erwinia plantamica",350,2.50270005583166e-05,422.6,3.02150816360665e-05
2763672,"Simiaoa sunii",349,2.49554948424357e-05,418.9,2.99570609339203e-05
997873,"Bacteroides caccae",347,2.48124834106739e-05,393.9,2.81675495423231e-05
471875,"[Ruminococcus] lactaris",347,2.48124834106739e-05,440.7,3.15117393446618e-05
176090,"Streptococcus sinensis",346,2.4740977694793e-05,349.2,2.49695822065846e-05
3034352,"Enterococcus entomosocium",345,2.46694719789121e-05,345.3,2.46890341417377e-05
2815733,"Tenebrionicola larvae",342,2.44549548312694e-05,430,3.07469117673242e-05
331117,"Aspergillus fischeri",336,2.4025920535984e-05,313.4,2.240769428205e-05
1177179,"Alcanivorax hongdengensis",336,2.4025920535984e-05,361.6,2.58545867111776e-05
665913,"Mixta calida",333,2.38114033883413e-05,354.6,2.53543478779774e-05
2763056,"Oscillibacter hominis",333,2.38114033883413e-05,358,2.55980586606526e-05
2606634,"Velocimicrobium porci",331,2.36683919565794e-05,316.1,2.26016156869148e-05
476272,"Blautia hydrogenotrophica",331,2.36683919565794e-05,334.4,2.39080579962044e-05
667120,"Edwardsiella anguillarum",328,2.34538748089367e-05,360.5,2.57759702550818e-05
1751298,"Mangrovihabitans endophyticus",328,2.34538748089367e-05,327.9,2.34502772873171e-05
2763040,"Dorea hominis",326,2.33108633771749e-05,349,2.49589253332051e-05
361101,"Streptococcus pseudoporcinus",325,2.3239357661294e-05,405.3,2.89838773161361e-05
2705255,"Streptantibioticus silvisoli",319,2.28103233660086e-05,319,2.28106284419139e-05
2981773,"Muriventricola aceti",318,2.27388176501277e-05,320.7,2.2929791195346e-05
85831,"Bacteroides acidifaciens",313,2.23812890707232e-05,339.7,2.42895208555314e-05
2981726,"Hominimerdicola aceti",310,2.21667719230804e-05,311.2,2.22546874480782e-05
190304,"Fusobacterium nucleatum",308,2.20237604913186e-05,307.9,2.20184686851333e-05
45851,"Eshraghiella crossota",308,2.20237604913186e-05,375.9,2.68805234277247e-05
2585118,"Alistipes communis",304,2.1737737627795e-05,362.9,2.5947806841419e-05
1121321,"Asaccharospora irregularis",304,2.1737737627795e-05,307,2.19496190703915e-05
2487350,"Aerococcus agrisoli",302,2.15947261960332e-05,257,1.83747522879888e-05
5851,"Plasmodium knowlesi",301,2.15232204801523e-05,304,2.17382629765595e-05
2943492,"Corynebacterium intestinale",298,2.13087033325096e-05,298,2.13087092484203e-05
2763671,"Jingyaoa shaoxingensis",297,2.12371976166287e-05,330.8,2.36561902639726e-05
2797506,"Enterobacter dykesii",287,2.05221404578196e-05,359.7,2.57205151144276e-05
57706,"Citrobacter braakii",287,2.05221404578196e-05,281.9,2.01594661368908e-05
760570,"Streptococcus parasanguinis",285,2.03791290260578e-05,432.6,3.09330872383177e-05
371042,"Erwinia typographi",285,2.03791290260578e-05,289.3,2.06900170929307e-05
76860,"Streptococcus constellatus",280,2.00216004466533e-05,270,1.93046170900837e-05
1870991,"Massilioclostridium coli",278,1.98785890148915e-05,358.1,2.56096182175283e-05
258723,"Marinilactibacillus piezotolerans",275,1.96640718672488e-05,273.9,1.95861674347847e-05
1531,"Enterocloster clostridioformis",274,1.95925661513679e-05,328.2,2.34655751653435e-05
3133171,"Pseudoflavonifractor intestinihominis",273,1.9521060435487e-05,281.6,2.01379572760467e-05
1871016,"Collinsella phocaeensis",271,1.93780490037252e-05,266.7,1.90680366544286e-05
2763045,"Eubacterium segne",268,1.91635318560824e-05,366.8,2.622894029944e-05
2303987,"Motilimonas pumila",267,1.90920261402015e-05,337.9,2.41604383976271e-05
214851,"Subdoligranulum variabile",265,1.89490147084397e-05,280.9,2.00864450269449e-05
36847,"Anaerotignum neopropionicum",263,1.88060032766779e-05,264.1,1.88852589993325e-05
92490,"Winslowiella toletana",262,1.8734497560797e-05,286,2.04501312031527e-05
2763042,"Dysosmobacter segnis",261,1.86629918449161e-05,286.3,2.04723418470356e-05
2172015,"Pseudonocardia lutea",259,1.85199804131543e-05,279.3,1.9971441350712e-05
2796928,"Aerococcaceae bacterium zg-252",256,1.83054632655116e-05,255,1.82336440223002e-05
1280689,"Clostridium paraputrificum",255,1.82339575496307e-05,255,1.82350070691146e-05
108981,"Acinetobacter schindleri",254,1.81624518337498e-05,255.7,1.8283906737749e-05
2529380,"Kosakonia quasisacchari",248,1.77334175384644e-05,282.8,2.02193203721964e-05
150033,"Enterococcus ratti",247,1.76619118225835e-05,230.6,1.64916288294704e-05
3111861,"Streptococcus gingivalis",243,1.73758889590598e-05,253.4,1.8120082208338e-05
290338,"Citrobacter koseri",241,1.7232877527298e-05,241.9,1.73001192039217e-05
518634,"Bifidobacterium breve",241,1.7232877527298e-05,244,1.74470920291844e-05
871664,"Blautia stercoris",239,1.70898660955362e-05,256.5,1.83419807916915e-05
2494702,"Enterobacter huaxiensis",238,1.70183603796553e-05,287.4,2.05519041858858e-05
1712515,"Butyricicoccus faecihominis",238,1.70183603796553e-05,258.7,1.85015575189737e-05
158877,"Yokenella regensburgei",237,1.69468546637744e-05,234,1.67299897473309e-05
2763026,"Blautia celeris",237,1.69468546637744e-05,228,1.63001011517068e-05
218493,"Salmonella bongori",232,1.65893260843699e-05,234.5,1.67676286665998e-05
2656746,"Stenotrophomonas nematodicola",232,1.65893260843699e-05,260.3,1.86150825127221e-05
78346,"Bifidobacterium ruminantium",229,1.63748089367272e-05,229.9,1.64396785577908e-05
1308,"Streptococcus thermophilus",228,1.63033032208463e-05,272.9,1.9511544197168e-05
189834,"Actinobacillus porcitonsillarum",225,1.60887860732035e-05,233.6,1.67050155707763e-05
2748301,"Streptococcus vaginalis",224,1.60172803573226e-05,265.7,1.90002890295833e-05
2086583,"Pseudoruminococcus massiliensis",224,1.60172803573226e-05,285.9,2.04439979684064e-05
2588991,"Streptococcus symci",222,1.58742689255608e-05,202.2,1.44580326361578e-05
2763014,"Agathobaculum hominis",220,1.5731257493799e-05,250.9,1.79396074671136e-05
2763032,"Butyricimonas hominis",219,1.56597517779181e-05,196.6,1.40599099851266e-05
1121098,"Phocaeicola massiliensis",218,1.55882460620372e-05,227.4,1.62626799479009e-05
391612,"Crocosphaera chwakensis",217,1.55167403461563e-05,208.1,1.48839042556198e-05
106648,"Acinetobacter bereziniae",217,1.55167403461563e-05,209.8,1.49995948585862e-05
2093857,"Dysosmobacter welbionis",217,1.55167403461563e-05,218,1.5587764806352e-05
2316720,"Corallococcus interemptor",216,1.54452346302754e-05,189.8,1.35711310011142e-05
67829,"Citrobacter murliniae",213,1.52307174826327e-05,237.6,1.69906471757245e-05
82989,"Buttiauxella ferragutiae",213,1.52307174826327e-05,203.9,1.45779060296206e-05
1175631,"Pectobacterium wasabiae",209,1.49446946191091e-05,226.3,1.61852751514111e-05
871325,"Bacteroides faecichinchillae",208,1.48731889032282e-05,205.5,1.46924108392872e-05
1141660,"Providencia sneebia",204,1.45871660397045e-05,240.3,1.71816115434592e-05
1367852,"Izhakiella capsodis",203,1.45156603238236e-05,196.2,1.40283582535397e-05
3028070,"Claveliimonas bilis",200,1.43011431761809e-05,201.4,1.44019580740526e-05
2316025,"Mediterraneibacter butyricigenes",199,1.42296374603e-05,271.8,1.94326326296232e-05
2022662,"Superficieibacter electus",197,1.40866260285382e-05,253.5,1.81298704986964e-05
2653932,"Citrobacter telavivensis",197,1.40866260285382e-05,196.8,1.40712875254811e-05
291645,"Bacteroides nordii",196,1.40151203126573e-05,185.1,1.32368198562878e-05
2302434,"Vibrio sinensis",195,1.39436145967764e-05,208.5,1.49125097716604e-05
2834112,"Bacteroides propionicigenes",195,1.39436145967764e-05,201.8,1.44297030579995e-05
684066,"Streptococcus lactarius",194,1.38721088808955e-05,199.7,1.42824096752673e-05
2764323,"Catenibacterium faecis",193,1.38006031650146e-05,195.4,1.3975471474865e-05
2981771,"Laedolimicola ammoniilytica",193,1.38006031650146e-05,202.5,1.44825027438389e-05
3095028,"Scandinavium lactucae",193,1.38006031650146e-05,195.3,1.3962564655087e-05
1581472,"Streptococcus panodentis",191,1.36575917332528e-05,191.7,1.37048730636699e-05
3133154,"Coprococcus intestinihominis",190,1.35860860173719e-05,205,1.46551683657733e-05
2897707,"Merdimmobilis hominis",189,1.3514580301491e-05,190.5,1.36237149119868e-05
3040937,"Raoultella scottii",186,1.33000631538483e-05,173.2,1.23833338772918e-05
2838426,"Candidatus Agathobaculum pullicola",182,1.30140402903246e-05,179.6,1.28417135074858e-05
59310,"Streptococcus macedonicus",181,1.29425345744437e-05,149.1,1.06595899755893e-05
1940789,"Lactococcus petauri",180,1.28710288585628e-05,179.7,1.28490124441015e-05
417368,"Enterococcus thailandicus",176,1.25850059950392e-05,176.3,1.26051466078106e-05
1155073,"Enterococcus diestrammenae",175,1.25135002791583e-05,176.5,1.26206100911114e-05
67828,"Citrobacter gillenii",175,1.25135002791583e-05,185.5,1.32654282931007e-05
676,"Vibrio fluvialis",174,1.24419945632774e-05,171.4,1.22531554311312e-05
2785629,"Leclercia barmai",174,1.24419945632774e-05,178.2,1.27414985609331e-05
1064535,"Megasphaera elsdenii",171,1.22274774156347e-05,171,1.2227401982977e-05
756892,"Acinetobacter indicus",170,1.21559716997538e-05,198.1,1.41628213334636e-05
2951805,"Parabacteroides absconsus",170,1.21559716997538e-05,216.3,1.54664058251152e-05
47880,"Pseudomonas fulva",170,1.21559716997538e-05,198.6,1.42000867305905e-05
2605790,"Roseburia porci",168,1.2012960267992e-05,169.2,1.20999815926338e-05
2590453,"Myxococcus llanfairpwllgwyngyllgogerychwyrndrobwllllantysiliogogogochensis",166,1.18699488362302e-05,165.9,1.18649724840903e-05
2899785,"Huaxiibacter chinensis",166,1.18699488362302e-05,178,1.27262998117183e-05
4781,"Plasmopara halstedii",165,1.17984431203493e-05,165.2,1.18143889713384e-05
1118062,"Peptoniphilus obesi",163,1.16554316885875e-05,178.8,1.27877310620963e-05
1309,"Streptococcus mutans",163,1.16554316885875e-05,163.4,1.16845865516149e-05
1410646,"Bifidobacterium merycicum",161,1.15124202568256e-05,160.9,1.15033660526269e-05
2044573,"Anaerolactibacter massiliensis",161,1.15124202568256e-05,156.4,1.11859495446339e-05
2891570,"Pseudocitrobacter corydidari",160,1.14409145409447e-05,165.5,1.18339110364351e-05
1907654,"Collinsella bouchesdurhonensis",159,1.13694088250638e-05,153.2,1.09579536639189e-05
1121096,"Bacteroides gallinarum",158,1.12979031091829e-05,175.8,1.25709447889419e-05
332186,"Shewanella xiamenensis",158,1.12979031091829e-05,165.3,1.1817679536498e-05
762968,"Paraprevotella clara",157,1.1226397393302e-05,169.6,1.21257779469744e-05
1750560,"Parabacteroides massiliensis",157,1.1226397393302e-05,166.9,1.19352305029701e-05
1292,"Staphylococcus warneri",155,1.10833859615402e-05,155,1.10833680304457e-05
2304625,"Colwellia ponticola",154,1.10118802456593e-05,153.9,1.10018651123478e-05
365590,"Shewanella hafniensis",152,1.08688688138975e-05,150.1,1.07344820014242e-05
2739389,"Phocaeicola faecicola",151,1.07973630980166e-05,147,1.05137240955971e-05
2499076,"Marinifilum caeruleilacunae",150,1.07258573821357e-05,145.2,1.03799347447097e-05
3075546,"Blastococcus goldschmidtiae",150,1.07258573821357e-05,150,1.07258620339557e-05
1816676,"Alistipes provencensis",150,1.07258573821357e-05,151.4,1.08291569318651e-05
3030997,"Enterobacter chinensis",149,1.06543516662548e-05,156.2,1.11656705934307e-05
3133091,"unknown genome; accession ID isNZ_JBBMER010000003.1",149,1.06543516662548e-05,150.7,1.07776508128069e-05
1775168,"Flagellimonas marina",148,1.05828459503739e-05,148,1.05828504907797e-05
2705293,"Listeria valentina",147,1.0511340234493e-05,174.7,1.24914258387679e-05
2763062,"Roseburia rectibacter",146,1.04398345186121e-05,157,1.12281289938817e-05
880526,"Rikenella microfusus",145,1.03683288027312e-05,157.8,1.12828266769659e-05
290335,"Tetragenococcus koreensis",145,1.03683288027312e-05,157.7,1.12794061750667e-05
3133175,"Blautia caccae",145,1.03683288027312e-05,150.8,1.07795549853116e-05
2259674,"Azohydromonas sediminis",142,1.01538116550885e-05,142,1.01538227985191e-05
290055,"Faecalicatena fissicatena",142,1.01538116550885e-05,142.4,1.01846461921676e-05
1871008,"Eggerthella timonensis",142,1.01538116550885e-05,144.3,1.03148329948405e-05
1689270,"Intestinimonas timonensis",142,1.01538116550885e-05,149.1,1.06639161188327e-05
2552946,"Cedecea colo",141,1.00823059392076e-05,141.7,1.0132371038234e-05
3097367,"Actinomadura monticuli",141,1.00823059392076e-05,141.1,1.00880510597893e-05
1121275,"Chitinilyticum aquatile",140,1.00108002233267e-05,156.4,1.11840048702851e-05
208964,"Pseudomonas aeruginosa",138,9.86778879156484e-06,138,9.86751911577962e-06
293939,"Aspergillus lentulus",138,9.86778879156484e-06,158.8,1.13552854101065e-05
1529,"Clostridium cadaveris",138,9.86778879156484e-06,146.3,1.04632364412167e-05
1132637,"Penicillium atrosanguineum",138,9.86778879156484e-06,138,9.86780541297537e-06
3133164,"Hominiventricola aquisgranensis",138,9.86778879156484e-06,152.3,1.08913531224631e-05
2364647,"Pantoea piersonii",137,9.79628307568394e-06,149,1.06572662681966e-05
1841855,"Bacteroides bouchesdurhonensis",136,9.72477735980303e-06,136,9.72252103488098e-06
3118588,"Ewingella docleensis",135,9.65327164392213e-06,162.1,1.15936149271944e-05
3367746,"Aeromonas sp. A-5",135,9.65327164392213e-06,190.3,1.36092312336371e-05
1917880,"Nissabacter archeti",134,9.58176592804122e-06,138.5,9.9013105219748e-06
1547,"Thomasclavelia ramosa",132,9.43875449627942e-06,131.9,9.42959902020493e-06
2758443,"Mixta mediterraneensis",131,9.36724878039851e-06,131.1,9.37362714570644e-06
1624,"Ligilactobacillus salivarius",131,9.36724878039851e-06,131.4,9.39364340380608e-06
361500,"Anaerococcus degeneri",130,9.29574306451761e-06,152.3,1.0887508155468e-05
1341132,"Aspergillus welwitschiae",129,9.2242373486367e-06,126.2,9.02055295105215e-06
2981770,"Gallintestinimicrobium propionicum",128,9.1527316327558e-06,129.5,9.26334927079216e-06
2946555,"Akkermansia biwaensis",127,9.08122591687489e-06,127,9.08124405442964e-06
1550024,"Ruthenibacterium lactatiformans",125,8.93821448511308e-06,135.8,9.71177636837092e-06
3133165,"Solibaculum intestinale",125,8.93821448511308e-06,106.8,7.63777159801375e-06
1122217,"Megamonas rupellensis",124,8.86670876923218e-06,129,9.2242549188415e-06
1076124,"Phytohabitans flavus",124,8.86670876923218e-06,122.9,8.78656964397433e-06
45133,"Lasiodiplodia theobromae",123,8.79520305335127e-06,153,1.09379520822998e-05
533323,"Psychrobacter fulvigenes",123,8.79520305335127e-06,161.7,1.15620575930307e-05
310298,"Phocaeicola coprocola",122,8.72369733747037e-06,126.9,9.0736178773947e-06
2981782,"Blautia ammoniilytica",121,8.65219162158946e-06,132.6,9.48100526579418e-06
571,"Klebsiella oxytoca",121,8.65219162158946e-06,123.5,8.83104493628226e-06
2981774,"Suilimivivens aceti",120,8.58068590570856e-06,121.2,8.66697184093891e-06
138074,"Serratia symbiotica",117,8.36616875806584e-06,122.5,8.76175297644373e-06
1384589,"Entomohabitans teleogrylli",116,8.29466304218494e-06,127.1,9.08750577002103e-06
5074,"Penicillium brevicompactum",116,8.29466304218494e-06,114.7,8.20475700620195e-06
1776379,"Leyella lascolaii",115,8.22315732630404e-06,121.6,8.69787989784355e-06
568814,"Streptococcus suis",114,8.15165161042313e-06,126,9.00965817614641e-06
5866,"Babesia bigemina",113,8.08014589454223e-06,115.4,8.24884757954626e-06
387090,"Phocaeicola coprophilus",113,8.08014589454223e-06,119.8,8.56365565182827e-06
764299,"Streptococcus ictaluri",112,8.00864017866132e-06,115.2,8.23547217346991e-06
3126499,"Vreelandella arctica",112,8.00864017866132e-06,104.8,7.49275310178426e-06
1522,"[Clostridium] innocuum",111,7.93713446278042e-06,116.3,8.31875238937503e-06
1852387,"Streptococcus timonensis",111,7.93713446278042e-06,111.6,7.98107384358962e-06
372463,"Oceanobacillus profundus",109,7.79412303101861e-06,118.6,8.47746227691904e-06
147802,"Lactobacillus iners",109,7.79412303101861e-06,107,7.64923703127485e-06
1871013,"Parabacteroides timonensis",109,7.79412303101861e-06,116.3,8.31356690343899e-06
3133161,"Ruminococcoides intestinihominis",107,7.6511115992568e-06,110.8,7.91991338153802e-06
2919919,"Atopomonas sediminilitoris",106,7.57960588337589e-06,96.5,6.89751079578011e-06
2763023,"Bacteroides hominis",106,7.57960588337589e-06,108.9,7.78388461837553e-06
3378067,"Butyricimonas sp. GBGM4",106,7.57960588337589e-06,126.2,9.02625968907678e-06
2594882,"Mediterraneibacter catenae",105,7.50810016749499e-06,102.3,7.31235721675754e-06
1615494,"Mixta intestinalis",105,7.50810016749499e-06,98.7,7.06008956139129e-06
1506151,"Aspergillus pseudonomiae",104,7.43659445161408e-06,98.6,7.05221363158362e-06
876,"Desulfovibrio desulfuricans",104,7.43659445161408e-06,118.4,8.46625849365644e-06
880074,"Barnesiella viscericola",103,7.36508873573318e-06,124.8,8.92595430266374e-06
1398493,"Pseudocitrobacter faecalis",103,7.36508873573318e-06,107.9,7.71807538710566e-06
1378263,"Ogataea philodendri",103,7.36508873573318e-06,103,7.36499693630791e-06
154046,"Hungatella hathewayi",103,7.36508873573318e-06,99.2,7.09490303313199e-06
1082703,"Lonsdalea iberica",102,7.29358301985227e-06,110.6,7.90829766069487e-06
2994648,"Enterobacter nematophilus",102,7.29358301985227e-06,102,7.29030931970037e-06
2172043,"Bifidobacterium tibiigranuli",101,7.22207730397137e-06,112.4,8.03595799719169e-06
1206725,"Nocardia brevicatena",99,7.07906587220956e-06,102.5,7.32752789288269e-06
1282,"Staphylococcus epidermidis",99,7.07906587220956e-06,99,7.0790689093729e-06
2652274,"Eisenbergiella porci",99,7.07906587220956e-06,97.2,6.95034479332093e-06
2981786,"Coprococcus aceti",99,7.07906587220956e-06,107,7.65168458579023e-06
253,"Chryseobacterium indologenes",99,7.07906587220956e-06,99,7.07892777743846e-06
1868793,"Jeotgalibaca porci",98,7.00756015632866e-06,156.8,1.12131039139477e-05
2579976,"Culicoidibacter larvae",97,6.93605444044775e-06,87.2,6.23725223154866e-06
2763063,"Roseburia yibonii",97,6.93605444044775e-06,115.5,8.25576171240165e-06
39483,"Faecalitalea cylindroides",97,6.93605444044775e-06,97.8,6.99271560546437e-06
1159491,"Cronobacter malonaticus",95,6.79304300868594e-06,93.9,6.71552844973959e-06
2981768,"Anthropogastromicrobium aceti",94,6.72153729280504e-06,97.3,6.95518181536997e-06
2762213,"Phocaeicola faecium",93,6.65003157692413e-06,113,8.08354977091697e-06
2981724,"Alitiscatomonas aceti",93,6.65003157692413e-06,94.5,6.76005853393352e-06
1703332,"Butyribacter intestini",91,6.50702014516232e-06,99.7,7.13042487259867e-06
3098075,"Streptococcus dentalis",91,6.50702014516232e-06,123.4,8.82474198258866e-06
2763016,"Anaerofilum hominis",90,6.43551442928142e-06,114.8,8.2059704158046e-06
5059,"Aspergillus flavus",89,6.36400871340051e-06,87.5,6.25690711255045e-06
2763668,"Jutongia huaianensis",89,6.36400871340051e-06,89.4,6.39475402422893e-06
268346,"Penicillium mononematosum",89,6.36400871340051e-06,86.7,6.20062493432749e-06
3139408,"Kosakonia calanthes",89,6.36400871340051e-06,86.4,6.17678430341681e-06
174587,"Carnobacterium viridans",89,6.36400871340051e-06,85.7,6.12997240769684e-06
2926467,"Leclercia tamurae",88,6.29250299751961e-06,87.9,6.28440302059432e-06
2714355,"Vescimonas coprocola",87,6.22099728163871e-06,99.2,7.09185644446145e-06
1755099,"Pseudenterobacter timonensis",87,6.22099728163871e-06,98.8,7.06346684879304e-06
299767,"Enterobacter ludwigii",86,6.1494915657578e-06,88.8,6.35263023445225e-06
2743469,"Rhabdonatronobacter sediminivivens",85,6.0779858498769e-06,74.2,5.30243212328055e-06
2047724,"Franconibacter daqui",85,6.0779858498769e-06,85.7,6.12563018500766e-06
1122155,"Lactonifactor longoviformis",85,6.0779858498769e-06,76.5,5.46860703876755e-06
1120978,"Allofustis seminis",84,6.00648013399599e-06,83.3,5.95387068006386e-06
1912876,"Arcobacter lacus",84,6.00648013399599e-06,86.1,6.15712518568376e-06
2763656,"Guopingia tenuis",84,6.00648013399599e-06,83.5,5.97053567843926e-06
1162717,"Pseudostreptobacillus hongkongensis",83,5.93497441811509e-06,83.1,5.94177069616772e-06
1338,"Streptococcus intermedius",83,5.93497441811509e-06,83.6,5.97672325403508e-06
2546350,"Citrobacter arsenatis",82,5.86346870223418e-06,90.2,6.4519758159223e-06
1366,"Pseudolactococcus raffinolactis",82,5.86346870223418e-06,91.7,6.55655211025556e-06
2479838,"Clostridium transplantifaecale",82,5.86346870223418e-06,74.5,5.32420694727507e-06
2316726,"Corallococcus sicarius",81,5.79196298635328e-06,72.4,5.17396021098631e-06
176160,"Aspergillus ambiguus",81,5.79196298635328e-06,82.6,5.90910902355669e-06
1841856,"Bacteroides mediterraneensis",81,5.79196298635328e-06,91.6,6.54802012279172e-06
252393,"Candidatus Erwinia dacicola",80,5.72045727047237e-06,82.3,5.88137951328812e-06
3020826,"Serratia sarumanii",80,5.72045727047237e-06,79.1,5.6532082779808e-06
1912897,"Blautia argi",79,5.64895155459147e-06,78.3,5.59764898030691e-06
253257,"Lacrimispora amygdalina",79,5.64895155459147e-06,80,5.7193128807247e-06
342942,"Mediterraneibacter glycyrrhizinilyticus",79,5.64895155459147e-06,85.1,6.08653447610213e-06
1472417,"Butyricimonas paravirosa",78,5.57744583871056e-06,93.3,6.67085117739491e-06
1160095,"Vagococcus entomophilus",77,5.50594012282966e-06,77.1,5.51071213134332e-06
1577792,"Terrisporobacter othiniensis",76,5.43443440694875e-06,77.7,5.55370057577009e-06
2107694,"Aphanothece hegewaldii",76,5.43443440694875e-06,83.9,5.99912010089112e-06
2552766,"Meridianimarinicoccus aquatilis",76,5.43443440694875e-06,74.4,5.31799515867926e-06
666,"Vibrio cholerae",76,5.43443440694875e-06,75.8,5.41850065433302e-06
767769,"Aspergillus brasiliensis",75,5.36292869106785e-06,76.3,5.45873820395303e-06
2726742,"Flammeovirga agarivorans",75,5.36292869106785e-06,74.9,5.35685979056246e-06
39496,"Eubacterium ventriosum",74,5.29142297518694e-06,76.1,5.44245988708489e-06
2608684,"Paenibacillus tengchongensis",74,5.29142297518694e-06,74,5.29146608541541e-06
2763669,"Qiania dongpingensis",73,5.21991725930604e-06,78.9,5.63973512163524e-06
2885351,"Hominisplanchenecus faecis",73,5.21991725930604e-06,75.4,5.39062633506322e-06
261299,"Intestinibacter bartlettii",73,5.21991725930604e-06,72.7,5.19836620580241e-06
29391,"Gemella morbillorum",73,5.21991725930604e-06,74.7,5.34137722200532e-06
1805714,"Christensenella massiliensis",72,5.14841154342513e-06,75,5.35964198957701e-06
634500,"Erwinia billingiae",71,5.07690582754423e-06,71.1,5.08055773394939e-06
2726362,"Faecalicatena faecalis",71,5.07690582754423e-06,77.8,5.56664759645552e-06
1159752,"Enterococcus lemanii",71,5.07690582754423e-06,110.1,7.87506262845134e-06
1702221,"Faecalibaculum rodentium",70,5.00540011166333e-06,69.5,4.97248247311647e-06
1857217,"Candidatus Enterococcus huntleyi",70,5.00540011166333e-06,72.3,5.16847070510499e-06
71452,"Enterococcus raffinosus",70,5.00540011166333e-06,68.7,4.91222955669549e-06
3239303,"Leptotrichia mesophila",70,5.00540011166333e-06,72.6,5.19433064871107e-06
1903262,"Bacteroides ndongoniae",70,5.00540011166333e-06,78.3,5.59591149892047e-06
69359,"Thiohalocapsa halophila",69,4.93389439578242e-06,69.5,4.97240431831198e-06
2968030,"Pantoea trifolii",69,4.93389439578242e-06,69.3,4.95254796894111e-06
3239803,"Erwinia aeris",68,4.86238867990152e-06,70.4,5.0305958664979e-06
2015901,"Massilicoli timonensis",67,4.79088296402061e-06,74.6,5.33757032555744e-06
2479840,"Prevotella marseillensis",67,4.79088296402061e-06,77.9,5.57255241130197e-06
2763644,"Zhenpiania hominis",66,4.71937724813971e-06,82.5,5.89945223927083e-06
3029761,"Enterobacter pasteurii",66,4.71937724813971e-06,64.9,4.6392160563241e-06
158849,"Moellerella wisconsensis",66,4.71937724813971e-06,66.7,4.77056478526841e-06
2587528,"Klebsiella spallanzanii",66,4.71937724813971e-06,67.9,4.85647082921053e-06
1871024,"Mordavella massiliensis",65,4.6478715322588e-06,71.1,5.08711996238628e-06
283354,"Alternaria metachromatica",65,4.6478715322588e-06,64.6,4.61587579589582e-06
1937461,"Collinsella provencensis",64,4.5763658163779e-06,56.1,4.01310269767326e-06
1805933,"Rahnella sikkimica",62,4.43335438461609e-06,58.5,4.18173735054328e-06
2885361,"Brotaphodocola catenula",62,4.43335438461609e-06,60.8,4.34490689080058e-06
2981793,"Phocaeicola fibrisolvens",62,4.43335438461609e-06,62.8,4.49279654430392e-06
1712031,"Streptobacillus notomytis",61,4.36184866873518e-06,61.5,4.3949556596544e-06
2792979,"Gardnerella swidsinskii",61,4.36184866873518e-06,70.8,5.06031653499064e-06
2529381,"Enterobacter wuhouensis",61,4.36184866873518e-06,65,4.64870110415807e-06
3112843,"Pseudocitrobacter cyperus",61,4.36184866873518e-06,60.1,4.2969415483933e-06
142588,"Isobaculum melis",61,4.36184866873518e-06,61,4.36113867886179e-06
1234143,"Endozoicomonas euniceicola",60,4.29034295285428e-06,60,4.29034479355934e-06
418702,"Azonexus hydrophilus",60,4.29034295285428e-06,67.7,4.83881588734383e-06
3095079,"Streptococcus jiangnanensis",60,4.29034295285428e-06,77.6,5.54566242784305e-06
2592333,"Sellimonas caecigallum",60,4.29034295285428e-06,64.7,4.62310454386115e-06
44008,"Enterococcus cecorum",60,4.29034295285428e-06,64.8,4.63298771497332e-06
1158606,"Enterococcus asini",59,4.21883723697337e-06,55.5,3.96895914532522e-06
1218092,"Enterococcus pseudoavium",59,4.21883723697337e-06,59,4.21902964242876e-06
225992,"Comamonas kerstersii",59,4.21883723697337e-06,64.4,4.60142748592632e-06
2597270,"Alkalicoccobacillus porphyridii",59,4.21883723697337e-06,61.4,4.39212204727129e-06
270249,"Bartonella phoceensis",59,4.21883723697337e-06,59,4.22223865745678e-06
546,"Citrobacter freundii",59,4.21883723697337e-06,63.6,4.54480057898684e-06
2941333,"Mediterraneibacter agrestimuris",59,4.21883723697337e-06,66,4.71953947300401e-06
510516,"Aspergillus oryzae",58,4.14733152109247e-06,65.4,4.67989679250825e-06
317010,"Enterococcus canintestini",58,4.14733152109247e-06,58.7,4.19962834117237e-06
1857215,"Candidatus Enterococcus willemsii",58,4.14733152109247e-06,58.7,4.19690733898437e-06
157792,"Halopseudomonas xiamenensis",58,4.14733152109247e-06,67.7,4.8421124189718e-06
871665,"Blautia faecis",58,4.14733152109247e-06,62.5,4.46623330603251e-06
909287,"Streptosporangium oxazolinicum",58,4.14733152109247e-06,58,4.14794707314555e-06
889204,"Streptococcus infantis",57,4.07582580521157e-06,58,4.14652683221345e-06
483206,"Mesorhizobium caraganae",57,4.07582580521157e-06,57,4.07582843167386e-06
2949650,"Parabacteroides sp. W1-Q-101",57,4.07582580521157e-06,63.5,4.54130606766048e-06
1005665,"Kosakonia oryzendophytica",57,4.07582580521157e-06,59.2,4.2308264811553e-06
291644,"Bacteroides salyersiae",57,4.07582580521157e-06,57.5,4.11126691673786e-06
1121333,"Thomasclavelia saccharogumia",56,4.00432008933066e-06,56,4.0051781203274e-06
2896850,"Phocaeicola oris",56,4.00432008933066e-06,56.1,4.00811119254465e-06
2981785,"Coprococcus ammoniilyticus",56,4.00432008933066e-06,56,4.00515142028693e-06
NA,"unknown genome; accession ID isNZ_LT706985.1",56,4.00432008933066e-06,59.8,4.27430379813665e-06
2585119,"Alistipes dispar",55,3.93281437344976e-06,56.4,4.03487624113052e-06
102862,"Proteus penneri",55,3.93281437344976e-06,58.7,4.19614687032072e-06
2888525,"Thermomonas alba",55,3.93281437344976e-06,54.9,3.9241857412466e-06
2665155,"Streptomyces flavalbus",55,3.93281437344976e-06,55.9,3.99675740402358e-06
1628085,"Agathobaculum butyriciproducens",54,3.86130865756885e-06,63,4.5078927640747e-06
47917,"Serratia fonticola",53,3.78980294168795e-06,51.1,3.6558676612076e-06
1187080,"Cecembia calidifontis",53,3.78980294168795e-06,53,3.78996564287254e-06
2606633,"Oliverpabstia intestinalis",53,3.78980294168795e-06,58.1,4.15151228670613e-06
2763037,"Clostridium lentum",53,3.78980294168795e-06,52.9,3.78470328518009e-06
2786956,"Phocaeicola faecalis",53,3.78980294168795e-06,53.5,3.82909678652857e-06
1316194,"Penicillium subrubescens",53,3.78980294168795e-06,53,3.78835377789026e-06
3037798,"Providencia huashanensis",53,3.78980294168795e-06,57,4.0783317110088e-06
3038144,"Muribaculum caecicola",52,3.71829722580704e-06,53.3,3.80940101735916e-06
2605781,"Cutibacterium porci",52,3.71829722580704e-06,54,3.86143666753227e-06
2763675,"Jilunia laotingensis",52,3.71829722580704e-06,42.3,3.02152497694304e-06
33037,"Anaerococcus vaginalis",52,3.71829722580704e-06,47.2,3.37663576223312e-06
2815358,"Leclercia pneumoniae",52,3.71829722580704e-06,54.8,3.91544440713341e-06
2941327,"Flintibacter muris",52,3.71829722580704e-06,52.4,3.74466041364954e-06
1347393,"Bacteroides neonati",51,3.64679150992614e-06,51.2,3.66302685015092e-06
1891675,"Pantoea alhagi",51,3.64679150992614e-06,48.2,3.44371040496809e-06
551989,"Kosakonia arachidis",51,3.64679150992614e-06,45.4,3.24972115814774e-06
1517512,"Aspergillus pseudoviridinutans",51,3.64679150992614e-06,50.5,3.6088208122101e-06
29358,"Paraclostridium ghonii",51,3.64679150992614e-06,46.3,3.31142939594747e-06
28130,"Prevotella disiens",51,3.64679150992614e-06,55.8,3.98840183595237e-06
2316736,"Corallococcus exercitus",50,3.57528579404523e-06,50,3.57644015869372e-06
3016083,"Phocaeicola acetigenes",50,3.57528579404523e-06,50.1,3.58380296584505e-06
29845,"Penicillium vulpinum",50,3.57528579404523e-06,48.1,3.44042486946718e-06
1839807,"Rappaport israeli",49,3.50378007816433e-06,51.1,3.65265381513664e-06
89139,"Rasamsonia byssochlamydoides",49,3.50378007816433e-06,49,3.50378158140679e-06
2024197,"Bacteroides cutis",49,3.50378007816433e-06,55.2,3.94716166933578e-06
555970,"Bifidobacterium animalis",48,3.43227436228342e-06,48,3.4323156349429e-06
2109913,"Melaminivora suipulveris",48,3.43227436228342e-06,44.1,3.15635279181698e-06
460384,"Enterocloster lavalensis",48,3.43227436228342e-06,46.3,3.30972527737614e-06
2763030,"Blautia segnis",48,3.43227436228342e-06,52.5,3.75222114080011e-06
3378099,"Providencia lanzhouensis",48,3.43227436228342e-06,53.7,3.84143301274805e-06
147206,"Collinsella stercoris",47,3.36076864640252e-06,51.6,3.69172785237267e-06
33039,"[Ruminococcus] torques",47,3.36076864640252e-06,49.1,3.51226227794213e-06
2026339,"Oceanibium sediminis",46,3.28926293052161e-06,60.4,4.31671978673945e-06
2606636,"Bilifractor porci",46,3.28926293052161e-06,46.6,3.33121471965889e-06
3079010,"Diplocloster hominis",46,3.28926293052161e-06,51.3,3.67077035623561e-06
3133091,"unknown genome; accession ID isNZ_JBBMER010000008.1",46,3.28926293052161e-06,46.1,3.29774047748733e-06
113107,"Streptococcus australis",46,3.28926293052161e-06,38.5,2.75003416544645e-06
873447,"Streptococcus parauberis",45,3.21775721464071e-06,45.3,3.24148447403361e-06
1069534,"Ligilactobacillus ruminis",45,3.21775721464071e-06,45.1,3.22551977665514e-06
1034346,"Dielma fastidiosa",45,3.21775721464071e-06,50.7,3.62420479376319e-06
1868794,"Jeotgalibaca arthritidis",45,3.21775721464071e-06,51.5,3.68506716095955e-06
433664,"Nocardioides agariphilus",45,3.21775721464071e-06,45.9,3.27950609305139e-06
1465635,"Pantoea coffeiphila",45,3.21775721464071e-06,40.9,2.92175214256843e-06
1470345,"Bacteroides timonensis",44,3.1462514987598e-06,40.4,2.89198541749671e-06
796334,"Erwinia oleae",44,3.1462514987598e-06,46.1,3.29812989521796e-06
451513,"Mangrovibacter plantisponsor",44,3.1462514987598e-06,47.9,3.4281873776571e-06
3044208,"Fusibacillus kribbianus",44,3.1462514987598e-06,44.7,3.19564077992071e-06
358742,"Enterocloster aldenensis",44,3.1462514987598e-06,67.4,4.82129484500225e-06
2094020,"Trichococcus shcherbakoviae",44,3.1462514987598e-06,44.7,3.19748414296416e-06
1871111,"Acinetobacter defluvii",43,3.0747457828789e-06,42.4,3.02973349773213e-06
2605778,"Clostridium porci",43,3.0747457828789e-06,49.1,3.5109389055476e-06
66269,"Pantoea stewartii",43,3.0747457828789e-06,43.4,3.10572228556052e-06
2903556,"Faecalibacterium gallinarum",43,3.0747457828789e-06,43.7,3.12626277954687e-06
285560,"Kitasatospora cinereorecta",43,3.0747457828789e-06,43.3,3.09774297901661e-06
1114964,"Sphingobium baderi",42,3.003240066998e-06,36.6,2.62000356289285e-06
2681984,"Erwinia sorbitola",42,3.003240066998e-06,42.2,3.01533002122084e-06
2763043,"Eggerthella hominis",42,3.003240066998e-06,44.1,3.15155839506668e-06
35703,"Citrobacter amalonaticus",42,3.003240066998e-06,51,3.64725148672747e-06
2703885,"Rahnella aceris",42,3.003240066998e-06,41,2.93453848133864e-06
820,"Bacteroides uniformis",42,3.003240066998e-06,41.3,2.95377416987303e-06
559292,"Saccharomyces cerevisiae",41,2.93173435111709e-06,34.7,2.47913953420786e-06
1118059,"Kallipyga massiliensis",41,2.93173435111709e-06,40.3,2.87942324494287e-06
1796622,"Extibacter muris",41,2.93173435111709e-06,44.3,3.16487501335467e-06
2763677,"Zongyangia hominis",41,2.93173435111709e-06,42.5,3.04102375459303e-06
2058292,"Aedoeadaptatus coli",41,2.93173435111709e-06,42.7,3.05282012947771e-06
796944,"Oribacterium asaccharolyticum",40,2.86022863523619e-06,40.7,2.90743052529842e-06
1505,"Paraclostridium sordellii",40,2.86022863523619e-06,40.1,2.86701030385743e-06
411468,"[Clostridium] scindens",39,2.78872291935528e-06,51,3.65032975512756e-06
300181,"Serratia ureilytica",39,2.78872291935528e-06,37.9,2.70844457592866e-06
552,"Erwinia amylovora",39,2.78872291935528e-06,39.7,2.83766560370164e-06
655863,"Leptographium clavigerum",38,2.71721720347438e-06,38,2.7172187721847e-06
2020948,"Romboutsia maritimum",38,2.71721720347438e-06,38.3,2.73840369019934e-06
1796636,"Frisingicoccus caecimuris",38,2.71721720347438e-06,38.4,2.74314557534711e-06
292800,"Flavonifractor plautii",38,2.71721720347438e-06,39,2.78976675939038e-06
1118060,"Enorma massiliensis",37,2.64571148759347e-06,31.4,2.24866678356129e-06
2583810,"Alteribacter natronophilus",37,2.64571148759347e-06,38.5,2.75299004731494e-06
54005,"Peptoniphilus harei",37,2.64571148759347e-06,36.3,2.59437643039876e-06
549,"Pantoea agglomerans",37,2.64571148759347e-06,32.6,2.33350292809048e-06
1243002,"Vibrio olivae",37,2.64571148759347e-06,37.5,2.68166018375651e-06
1918949,"Solemya elarraichensis gill symbiont",36,2.57420577171257e-06,36.6,2.61571894763675e-06
67774,"Neorhizobium huautlense",36,2.57420577171257e-06,36,2.57420689849211e-06
2714358,"Pusillibacter faecalis",36,2.57420577171257e-06,34.8,2.48859433220236e-06
3238988,"Enterococcus hailinensis",36,2.57420577171257e-06,38.6,2.76282423967413e-06
209559,"Aspergillus alliaceus",35,2.50270005583166e-06,34.6,2.47715088796426e-06
2939491,"Parabacteroides leei",35,2.50270005583166e-06,39,2.79225147650275e-06
3085167,"Segatella sinensis",35,2.50270005583166e-06,34.7,2.48427014881221e-06
2100822,"Kushneria phyllosphaerae",35,2.50270005583166e-06,35.7,2.55127658289546e-06
2204145,"Pectobacterium aquaticum",34,2.43119433995076e-06,27.9,1.99214680217436e-06
2763662,"Yeguia hominis",34,2.43119433995076e-06,34.2,2.44660233944064e-06
1748967,"Citrobacter cronae",34,2.43119433995076e-06,34,2.43048597270401e-06
39482,"Faecalicatena contorta",34,2.43119433995076e-06,38.7,2.77012181755307e-06
1510574,"Rahnella woolbedingensis",33,2.35968862406985e-06,33.8,2.41384973900319e-06
5061,"Aspergillus niger",32,2.28818290818895e-06,31.1,2.22279727230252e-06
88456,"Cyclospora cayetanensis",32,2.28818290818895e-06,32,2.28875811285903e-06
1968889,"Streptococcus downii",32,2.28818290818895e-06,36.2,2.59125392952866e-06
2730424,"Pseudomonas mucoides",32,2.28818290818895e-06,31.4,2.24464344188067e-06
1602169,"Prevotella pectinovora",32,2.28818290818895e-06,33.7,2.41170557294224e-06
1121025,"Atopostipes suicloacalis",32,2.28818290818895e-06,37.7,2.69707721645046e-06
91492,"Aspergillus udagawae",31,2.21667719230804e-06,31.9,2.27975741248234e-06
1834167,"Candidatus Enterococcus lemimoniae",31,2.21667719230804e-06,30.6,2.18535217067151e-06
3032872,"Petralouisia muris",31,2.21667719230804e-06,31.5,2.25227193527183e-06
40518,"Ruminococcus bromii",31,2.21667719230804e-06,31.2,2.23111896717691e-06
2981784,"[Clostridium] ammoniilyticum",31,2.21667719230804e-06,31.1,2.22209872929162e-06
379893,"Trabulsiella odontotermitis",31,2.21667719230804e-06,32.1,2.29760959515113e-06
3034501,"Enterococcus spodopteracolus",31,2.21667719230804e-06,31.9,2.2844153157186e-06
515620,"Lachnospira eligens",30,2.14517147642714e-06,30.5,2.18020844355403e-06
76857,"Fusobacterium polymorphum",30,2.14517147642714e-06,30.1,2.1488486512557e-06
2763659,"Fumia xinanensis",30,2.14517147642714e-06,35.8,2.55921189667498e-06
3051154,"Cedecea sulfonylureivorans",30,2.14517147642714e-06,30.7,2.19752623785149e-06
36834,"Clostridium celatum",30,2.14517147642714e-06,28.8,2.06070040439954e-06
2927804,"Marinobacterium sedimentorum",30,2.14517147642714e-06,32.9,2.34967480727901e-06
2819619,"Streptococcus toyakuensis",30,2.14517147642714e-06,30,2.14359255706484e-06
40837,"Mycoplana ramosa",30,2.14517147642714e-06,37.1,2.65534789844429e-06
1329,"Streptococcus canis",30,2.14517147642714e-06,30.5,2.17887533255474e-06
930944,"Yersinia enterocolitica",29,2.07366576054624e-06,30,2.1424897483406e-06
630626,"Shimwellia blattae",29,2.07366576054624e-06,30,2.14869788186067e-06
61647,"Pluralibacter gergoviae",29,2.07366576054624e-06,30.7,2.19830240073274e-06
1462571,"Bacteroides gallinaceum",29,2.07366576054624e-06,29.1,2.07914213894136e-06
592051,"Sphingopyxis soli",29,2.07366576054624e-06,29,2.07545782074579e-06
84698,"Clostridium frigidicarnis",29,2.07366576054624e-06,27.6,1.97392850793697e-06
100884,"Coprobacillus cateniformis",28,2.00216004466533e-06,28.7,2.05372285600809e-06
1095768,"Phytobacter massiliensis",28,2.00216004466533e-06,29.4,2.10219696146675e-06
1392248,"Aspergillus campestris",28,2.00216004466533e-06,20.6,1.47430275698576e-06
2292441,"Paratractidigestivibacter faecalis",28,2.00216004466533e-06,34,2.4278021734923e-06
2382163,"Streptococcus koreensis",28,2.00216004466533e-06,31.1,2.22384374428092e-06
83891,"Trypanosoma conorhini",28,2.00216004466533e-06,28.9,2.06718297521328e-06
1234680,"Streptococcus rubneri",28,2.00216004466533e-06,35.5,2.54180219800589e-06
2748010,"Thiomicrorhabdus heinhorstiae",28,2.00216004466533e-06,28,2.00250665114581e-06
2872648,"Mixta hanseatica",28,2.00216004466533e-06,23.2,1.65594155632873e-06
2981725,"Brotonthovivens ammoniilytica",28,2.00216004466533e-06,30,2.1447440050066e-06
3140788,"Streptococcus nidrosiense",28,2.00216004466533e-06,29.3,2.09280017482874e-06
472695,"Pantoea septica",28,2.00216004466533e-06,44,3.14596320706719e-06
2579935,"Jejubacter calystegiae",27,1.93065432878443e-06,29.3,2.09365506051433e-06
2681861,"Sporofaciens musculi",27,1.93065432878443e-06,28.6,2.04289360368307e-06
37930,"Glutamicibacter protophormiae",27,1.93065432878443e-06,29.1,2.08386401288655e-06
2938947,"Aliidiomarina quisquiliarum",27,1.93065432878443e-06,29.4,2.10568599146117e-06
3074433,"Vallitalea maricola",27,1.93065432878443e-06,26.5,1.89601346767413e-06
1926283,"Lachnoclostridium edouardi",27,1.93065432878443e-06,30.7,2.19502872733227e-06
2161814,"Lactimicrobium massiliense",27,1.93065432878443e-06,27.5,1.9654911045764e-06
382638,"Helicobacter acinonychis",26,1.85914861290352e-06,27.1,1.93678237155162e-06
449673,"Bacteroides stercoris",26,1.85914861290352e-06,27.7,1.98007280170765e-06
370354,"Entamoeba dispar",26,1.85914861290352e-06,26.3,1.87975654762411e-06
1720195,"Gabonibacter massiliensis",26,1.85914861290352e-06,28.6,2.04459519642927e-06
1393034,"Atopobium deltae",26,1.85914861290352e-06,28.7,2.0488606597598e-06
1570016,"Thioflexithrix psekupsensis",26,1.85914861290352e-06,26.9,1.92228672669962e-06
1512,"[Clostridium] symbiosum",26,1.85914861290352e-06,32.1,2.29482965361177e-06
2713419,"Collinsella acetigenes",26,1.85914861290352e-06,29.7,2.12270114253933e-06
2763033,"Christensenella tenuis",26,1.85914861290352e-06,26.5,1.8923364725335e-06
90244,"Oligella ureolytica",26,1.85914861290352e-06,32.9,2.35065783563942e-06
75553,"Aspergillus viridinutans",26,1.85914861290352e-06,26.1,1.86700606241783e-06
2953879,"Weissella fangxianensis",26,1.85914861290352e-06,23.2,1.65655745615788e-06
60172,"Penicillium solitum",26,1.85914861290352e-06,24.8,1.76985214760399e-06
796890,"Gibbsiella dentisursi",26,1.85914861290352e-06,28.4,2.03157368831769e-06
3133170,"Ventrimonas faecis",26,1.85914861290352e-06,27.8,1.98743010119865e-06
929813,"Gibbsiella quercinecans",25,1.78764289702262e-06,26.9,1.92303881933351e-06
1849041,"Harryflintia acetispora",25,1.78764289702262e-06,24.7,1.76400815318393e-06
2779351,"Claveliimonas monacensis",25,1.78764289702262e-06,27.3,1.95018313659291e-06
2850323,"Diplocloster agilis",25,1.78764289702262e-06,25.3,1.8086114636844e-06
1936995,"Parabacteroides bouchesdurhonensis",25,1.78764289702262e-06,29,2.07634041037527e-06
1291379,"Treponema pedis",24,1.71613718114171e-06,23.3,1.66848124620544e-06
94643,"Besnoitia besnoiti",24,1.71613718114171e-06,26.1,1.86957643264745e-06
2259594,"Flavobacterium petrolei",24,1.71613718114171e-06,24.2,1.72786181849013e-06
71656,"Brenneria alni",24,1.71613718114171e-06,23.5,1.68253752002377e-06
468913,"Deinococcus alpinitundrae",24,1.71613718114171e-06,24.1,1.72219427681171e-06
40041,"Streptococcus equi",24,1.71613718114171e-06,23.7,1.69418736642576e-06
58169,"Rahnella inusitata",24,1.71613718114171e-06,20.9,1.49500212135592e-06
3133091,"unknown genome; accession ID isNZ_JBBMER010000004.1",24,1.71613718114171e-06,19.2,1.37614061717021e-06
1585982,"Citrobacter bitternis",24,1.71613718114171e-06,27.6,1.97289453876266e-06
1255705,"Bavariicoccus seileri",23,1.64463146526081e-06,36.9,2.6412389305341e-06
1778540,"Dickeya fangzhongdai",23,1.64463146526081e-06,25.9,1.84959192304758e-06
2059725,"Zobellella maritima",23,1.64463146526081e-06,23,1.64474036863183e-06
2528966,"Brachyspira catarrhinii",23,1.64463146526081e-06,26.2,1.87098225498169e-06
2606709,"Baileyella intestinalis",23,1.64463146526081e-06,23.5,1.67812854213034e-06
2763050,"Hungatella hominis",23,1.64463146526081e-06,23.1,1.65138022192691e-06
5082,"Penicillium roqueforti",23,1.64463146526081e-06,22.8,1.6331449343117e-06
2725562,"Caecibacteroides pullorum",23,1.64463146526081e-06,22.9,1.63693447551221e-06
51288,"Kluyvera ascorbata",23,1.64463146526081e-06,26.3,1.88130728406968e-06
2981788,"Dorea ammoniilytica",23,1.64463146526081e-06,23.5,1.68162007910593e-06
1982517,"Sodalis praecaptivus",23,1.64463146526081e-06,23.3,1.6696581791066e-06
3115614,"Anaerococcus kampingiae",23,1.64463146526081e-06,25.5,1.82587617709308e-06
1871030,"Merdibacter massiliensis",23,1.64463146526081e-06,27.6,1.97366406513109e-06
324831,"Lactobacillus gasseri",22,1.5731257493799e-06,22,1.57622147529931e-06
76258,"Vibrio rumoiensis",22,1.5731257493799e-06,25.3,1.80824652691531e-06
2606629,"Floccifex porci",22,1.5731257493799e-06,22,1.57578452706338e-06
2230876,"Candidatus Vagococcus giribetii",22,1.5731257493799e-06,20.6,1.472392771044e-06
2834432,"Bifidobacterium pongonis",22,1.5731257493799e-06,22.4,1.60365737751424e-06
2949669,"Curtanaerobium respiraculi",22,1.5731257493799e-06,22.2,1.58987981494803e-06
525309,"Limosilactobacillus antri",21,1.501620033499e-06,20.9,1.4958391160187e-06
667015,"Phocaeicola salanitronis",21,1.501620033499e-06,19.6,1.40312255304661e-06
1834191,"Candidatus Enterococcus testudinis",21,1.501620033499e-06,22.8,1.62842576661611e-06
2697024,"Pusillimonas minor",21,1.501620033499e-06,24,1.71934852142819e-06
2763036,"Clostridium hominis",21,1.501620033499e-06,20.9,1.49266826030899e-06
1363,"Lactococcus garvieae",21,1.501620033499e-06,21.3,1.52248530068221e-06
60171,"Penicillium verrucosum",21,1.501620033499e-06,21.3,1.52205442600192e-06
588,"Providencia stuartii",21,1.501620033499e-06,18.6,1.32773667821491e-06
273131,"Nakaseomyces bracarensis",21,1.501620033499e-06,20.9,1.49541715089418e-06
41047,"Aspergillus thermomutatus",20,1.43011431761809e-06,20.8,1.48653402480419e-06
2025493,"Blautia hominis",20,1.43011431761809e-06,20.1,1.4338151927152e-06
676599,"Stenotrophomonas panacihumi",20,1.43011431761809e-06,20.5,1.46850606306128e-06
248316,"Veillonella caviae",20,1.43011431761809e-06,20,1.43011493118645e-06
2509433,"Senegalimassilia faecalis",20,1.43011431761809e-06,25.6,1.8302331637153e-06
237576,"Oribacterium sinus",20,1.43011431761809e-06,19.4,1.38840247160598e-06
29486,"Yersinia ruckeri",20,1.43011431761809e-06,20.3,1.45461231529702e-06
2780399,"Nostoc favosum",20,1.43011431761809e-06,20,1.42945796628326e-06
1841864,"Marseilla massiliensis",20,1.43011431761809e-06,19.3,1.37851805672208e-06
102148,"Solobacterium moorei",20,1.43011431761809e-06,21.1,1.51144492231218e-06
1737,"Paraclostridium tenue",20,1.43011431761809e-06,20.7,1.4768531367242e-06
3133162,"Ruminococcoides intestinale",20,1.43011431761809e-06,21,1.498101925269e-06
1335613,"Gordonibacter urolithinfaciens",20,1.43011431761809e-06,20.7,1.48230713114935e-06
1810928,"Aspergillus undulatus",20,1.43011431761809e-06,19.5,1.39110321868219e-06
2831590,"Buttiauxella massiliensis",20,1.43011431761809e-06,20,1.43024216116765e-06
742727,"Bacteroides oleiciplenus",19,1.35860860173719e-06,21.9,1.56388074831598e-06
171383,"Vibrio hepatarius",19,1.35860860173719e-06,23.9,1.70648838551263e-06
2486000,"Lapidilactobacillus achengensis",19,1.35860860173719e-06,23.1,1.64827257717999e-06
2518605,"Segatella hominis",19,1.35860860173719e-06,30.7,2.19401321891691e-06
2589788,"Streptococcus xiaochunlingii",19,1.35860860173719e-06,21.2,1.51466134506743e-06
554,"Pectobacterium carotovorum",19,1.35860860173719e-06,22.9,1.6407722461513e-06
2763054,"Mediterraneibacter hominis",19,1.35860860173719e-06,18.8,1.34502396557268e-06
28210,"Chelatococcus asaccharovorans",19,1.35860860173719e-06,18.4,1.31571747398659e-06
3075529,"Streptomyces gibsoniae",19,1.35860860173719e-06,19,1.3595140330394e-06
3093657,"Acutalibacter caecimuris",19,1.35860860173719e-06,19,1.3598888437576e-06
433293,"Anaerotaenia torta",19,1.35860860173719e-06,19,1.35876230453089e-06
3014267,"Agathobaculum massiliense",19,1.35860860173719e-06,18.6,1.33054339077613e-06
999415,"Eggerthia catenaformis",18,1.28710288585628e-06,17.5,1.24808718212975e-06
2747601,"Ruegeria haliotis",18,1.28710288585628e-06,20.2,1.4474951273231e-06
2763035,"Clostridium facile",18,1.28710288585628e-06,21.4,1.52838528938852e-06
2582914,"Alcaligenes ammonioxydans",18,1.28710288585628e-06,25.8,1.84374261018222e-06
2909341,"Octadecabacter dasysiphoniae",18,1.28710288585628e-06,18,1.2871035042285e-06
3133422,"Flavonifractor porci",18,1.28710288585628e-06,19.4,1.38601061444833e-06
164,"Treponema pectinovorum",18,1.28710288585628e-06,19.2,1.37437068723054e-06
1139219,"Enterococcus dispar",17,1.21559716997538e-06,18.1,1.29152836841992e-06
27334,"Penicillium expansum",17,1.21559716997538e-06,14.6,1.0470703877899e-06
1423812,"Liquorilactobacillus uvarum",17,1.21559716997538e-06,17,1.21559769151173e-06
1123403,"Tissierella creatinophila",17,1.21559716997538e-06,18.8,1.34644444792822e-06
2487351,"Anaerosphaera multitolerans",17,1.21559716997538e-06,17.6,1.25634457294801e-06
2562449,"Citrobacter tructae",17,1.21559716997538e-06,18,1.28899212955797e-06
2562439,"Mixta tenebrionis",17,1.21559716997538e-06,20.3,1.45404540646931e-06
2763053,"Lawsonibacter hominis",17,1.21559716997538e-06,17.4,1.24762800201741e-06
2735723,"Turicibacter bilis",17,1.21559716997538e-06,18.8,1.34546575693371e-06
2981722,"Porcipelethomonas ammoniilytica",17,1.21559716997538e-06,17,1.21559769189251e-06
126998,"Penicillium bovifimosum",17,1.21559716997538e-06,17.6,1.2589440767287e-06
3117552,"Bacteroides maternus",17,1.21559716997538e-06,21,1.49963388877209e-06
210207,"Aspergillus foveolatus",17,1.21559716997538e-06,16.8,1.20018666696613e-06
2161819,"[Erwinia] mediterraneensis",17,1.21559716997538e-06,18.7,1.33789956309395e-06
1295826,"Lactococcus cremoris",16,1.14409145409447e-06,16,1.14294698464587e-06
930854,"Enterococcus viikkiensis",16,1.14409145409447e-06,16,1.14505491940759e-06
2877527,"Blautia parvula",16,1.14409145409447e-06,16.8,1.20121733554591e-06
1890295,"Pseudoduganella danionis",16,1.14409145409447e-06,20.6,1.47461153465392e-06
763034,"Bacteroides fluxus",15,1.07258573821357e-06,18.3,1.30926238010801e-06
796942,"Stomatobaculum longum",15,1.07258573821357e-06,15.1,1.07740059664502e-06
518635,"Bifidobacterium angulatum",15,1.07258573821357e-06,15,1.07151612095648e-06
2736289,"Xylanibacter rodentium",15,1.07258573821357e-06,16.2,1.15582562434928e-06
497109,"Candida pseudojiufengensis",15,1.07258573821357e-06,14.9,1.06895694365526e-06
180332,"Robinsoniella peoriensis",15,1.07258573821357e-06,15.4,1.09910170712877e-06
1776392,"Massilimicrobiota timonensis",15,1.07258573821357e-06,14,1.00369377787738e-06
3058402,"Terrisporobacter vanillatitrophus",15,1.07258573821357e-06,20.9,1.49313499596272e-06
NA,"unknown genome; accession ID isNZ_LT671675.1",15,1.07258573821357e-06,16,1.14277060923761e-06
242230,"Eggerthella sinensis",14,1.00108002233267e-06,14.2,1.01601982225689e-06
2174932,"Nesterenkonia natronophila",14,1.00108002233267e-06,14.7,1.05406985772579e-06
1928661,"Bradyrhizobium cajani",14,1.00108002233267e-06,14.4,1.03150585453097e-06
2692629,"Copranaerobaculum intestinale",14,1.00108002233267e-06,15.3,1.09215889754457e-06
2320879,"Parablautia muri",14,1.00108002233267e-06,14,9.98438759003216e-07
1217282,"Parabacteroides faecis",14,1.00108002233267e-06,16.8,1.20291404957236e-06
2763052,"Lawsonibacter faecis",14,1.00108002233267e-06,14.2,1.01439353109196e-06
2738446,"Anaerostipes faecalis",14,1.00108002233267e-06,14.3,1.02379595797762e-06
2853160,"Streptococcus vulneris",14,1.00108002233267e-06,13,9.30094313193472e-07
1501662,"Streptococcus parasuis",14,1.00108002233267e-06,15.9,1.13650938545325e-06
2940498,"Sporolactobacillus mangiferae",14,1.00108002233267e-06,13.5,9.68761161764616e-07
1177182,"Alloalcanivorax balearicus",14,1.00108002233267e-06,15.2,1.08778991366163e-06
3090663,"Halalkalibacter lacteus",14,1.00108002233267e-06,14.1,1.0067995778726e-06
78448,"Bifidobacterium pullorum",14,1.00108002233267e-06,14,1.00109011876976e-06
3133163,"Ruthenibacterium intestinale",14,1.00108002233267e-06,16.7,1.19501805322185e-06
1670621,"Saccharothrix lopnurensis",14,1.00108002233267e-06,16.4,1.17112586621802e-06
3136602,"Desulfovibrio falkowii",14,1.00108002233267e-06,14.1,1.01119289208883e-06
1987501,"Massiliimalia timonensis",14,1.00108002233267e-06,16.1,1.15371488429515e-06
1720315,"Hugonella massiliensis",13,9.29574306451761e-07,13,9.30857593399323e-07
1432052,"Eisenbergiella tayi",13,9.29574306451761e-07,13.7,9.7622989142487e-07
1592631,"Pantoea pleuroti",13,9.29574306451761e-07,13.2,9.44633115874494e-07
2972474,"Gabonibacter chumensis",13,9.29574306451761e-07,10.7,7.63471067996092e-07
3031799,"Providencia hangzhouensis",13,9.29574306451761e-07,17.2,1.22863369061635e-06
1005667,"Kosakonia oryziphila",13,9.29574306451761e-07,12.8,9.11744399772547e-07
561229,"Dickeya chrysanthemi",12,8.58068590570856e-07,13.9,9.9748448472058e-07
1346791,"Sphingobium ummariense",12,8.58068590570856e-07,17.1,1.22400193722577e-06
1325933,"Clostridium polynesiense",12,8.58068590570856e-07,12,8.58765255909224e-07
1835702,"Penicillium arizonense",12,8.58068590570856e-07,13.6,9.7526654812839e-07
189622,"Babesia ovata",12,8.58068590570856e-07,11.5,8.24752387555798e-07
1450537,"Aspergillus homomorphus",12,8.58068590570856e-07,12,8.58178850228719e-07
2029681,"Photorhabdus bodei",12,8.58068590570856e-07,12,8.58068958711867e-07
617123,"Lachnoanaerobaculum umeaense",12,8.58068590570856e-07,15.5,1.10716418736334e-06
230658,"Paraeggerthella hongkongensis",12,8.58068590570856e-07,12.4,8.85101924972545e-07
2560054,"Bradyrhizobium frederickii",12,8.58068590570856e-07,12.3,8.8170336004886e-07
2605638,"Bradyrhizobium hipponense",12,8.58068590570856e-07,12,8.55440830264833e-07
2607659,"Nocardioides antri",12,8.58068590570856e-07,12.2,8.6914187012838e-07
645466,"Anaerostipes butyraticus",12,8.58068590570856e-07,13.2,9.44488870254338e-07
2714353,"Vescimonas fastidiosa",12,8.58068590570856e-07,14,1.00032493764695e-06
2815723,"Nocardia alni",12,8.58068590570856e-07,12,8.58068959792999e-07
155615,"Fusobacterium vincentii",12,8.58068590570856e-07,10.8,7.73722456044652e-07
636,"Edwardsiella tarda",12,8.58068590570856e-07,12.8,9.14097048331799e-07
2949651,"Parabacteroides sp. TA-V-105",12,8.58068590570856e-07,12.4,8.86778093610959e-07
1187928,"Alternaria incomplexa",12,8.58068590570856e-07,12.2,8.74557017708386e-07
2944914,"Allocoprobacillus halotolerans",12,8.58068590570856e-07,12.4,8.84553697658276e-07
2981780,"Bacteroides cellulolyticus",12,8.58068590570856e-07,12.1,8.67699301457404e-07
2981721,"Brotomerdimonas butyrica",12,8.58068590570856e-07,12,8.58330350627745e-07
40994,"Penicillium hordei",12,8.58068590570856e-07,12.4,8.83248732899198e-07
3085177,"Xenorhabdus taiwanensis",12,8.58068590570856e-07,12.2,8.70162661620351e-07
1691903,"Mangrovibacter phragmitis",12,8.58068590570856e-07,13.3,9.47479951284872e-07
33030,"Peptoniphilus indolicus",12,8.58068590570856e-07,12.2,8.74771472320302e-07
888746,"Streptococcus peroris",11,7.86562874689951e-07,15.6,1.11280806222771e-06
1034345,"Senegalimassilia anaerobia",11,7.86562874689951e-07,12,8.54873888013775e-07
1121111,"Bifidobacterium thermacidophilum",11,7.86562874689951e-07,11.4,8.17984594872832e-07
1313,"Streptococcus pneumoniae",11,7.86562874689951e-07,11.1,7.91274060631613e-07
41067,"Aspergillus candidus",11,7.86562874689951e-07,19.5,1.39086226771613e-06
665914,"Mixta gaviniae",11,7.86562874689951e-07,12.9,9.21507046336079e-07
1220188,"Aspergillus tanneri",11,7.86562874689951e-07,11,7.88014336336927e-07
2707003,"Streptococcus chosunensis",11,7.86562874689951e-07,10.7,7.67506672856791e-07
197614,"Streptococcus pasteurianus",11,7.86562874689951e-07,16.3,1.16803302629046e-06
2478464,"Enterobacter oligotrophicus",11,7.86562874689951e-07,11.8,8.47126091029166e-07
78398,"Pectobacterium odoriferum",11,7.86562874689951e-07,16.2,1.16030792258581e-06
2780094,"Ramlibacter aquaticus",11,7.86562874689951e-07,11,7.86563212152545e-07
1334,"Streptococcus dysgalactiae",11,7.86562874689951e-07,11.3,8.0546996600224e-07
2850322,"Diplocloster modestus",11,7.86562874689951e-07,11,7.8936959889577e-07
2866998,"Streptococcus hohhotensis",11,7.86562874689951e-07,12.3,8.81503952153442e-07
2885357,"Hominenteromicrobium mulieris",11,7.86562874689951e-07,11.9,8.50827692727117e-07
1562058,"Penicillium pulvis",11,7.86562874689951e-07,11,7.86565565744618e-07
1720204,"Collinsella ihumii",11,7.86562874689951e-07,11,7.86563227318904e-07
1482676,"Brevibacterium metallidurans",11,7.86562874689951e-07,11.1,7.91638111351324e-07
59298,"Streptomyces thermocarboxydovorans",11,7.86562874689951e-07,11,7.8719137061867e-07
3342383,"Flintibacter porci",11,7.86562874689951e-07,11.6,8.27541748701074e-07
2993455,"Lactobacillus isalae",11,7.86562874689951e-07,11,7.86996523296557e-07
742818,"Slackia piriformis",10,7.15057158809047e-07,10,7.17801359071879e-07
1117379,"Neobacillus bataviensis",10,7.15057158809047e-07,9.7,6.96583118524556e-07
1441930,"Chania multitudinisentens",10,7.15057158809047e-07,10.3,7.34348541913114e-07
1676614,"Xylanibacter rarus",10,7.15057158809047e-07,10.4,7.40868811604149e-07
1522309,"Flaviflexus massiliensis",10,7.15057158809047e-07,11.3,8.06934847004428e-07
903984,"Enterococcus ureasiticus",10,7.15057158809047e-07,9,6.43567012310572e-07
1768210,"Vagococcus martis",10,7.15057158809047e-07,13,9.26603768129537e-07
2173106,"Brenneria corticis",10,7.15057158809047e-07,12,8.57822371742554e-07
1448321,"Aspergillus heteromorphus",10,7.15057158809047e-07,10.3,7.35842624651523e-07
2056311,"Algoriphagus lacus",10,7.15057158809047e-07,10.3,7.33170381207038e-07
2304063,"Sphingobium terrigena",10,7.15057158809047e-07,10.1,7.2123775077857e-07
1121114,"Blautia producta",10,7.15057158809047e-07,10.1,7.21775209834506e-07
2763061,"Roseburia lenta",10,7.15057158809047e-07,10.2,7.28459851773235e-07
2764712,"Lentihominibacter faecis",10,7.15057158809047e-07,10,7.16351066811196e-07
2763667,"Wansuia hejianensis",10,7.15057158809047e-07,11.3,8.0750593201589e-07
658225,"Sphingomonas glacialis",10,7.15057158809047e-07,10.1,7.19394273922248e-07
990412,"Limosilactobacillus alvi",10,7.15057158809047e-07,10,7.16549939386889e-07
1234842,"Mucilaginibacter phenanthrenivorans",10,7.15057158809047e-07,8.9,6.38141276384115e-07
1812259,"Streptomyces ginkgonis",10,7.15057158809047e-07,8.9,6.36253469396714e-07
3035606,"Catenibacterium mitsuokai",10,7.15057158809047e-07,10.4,7.41628546691765e-07
358743,"Enterocloster citroniae",10,7.15057158809047e-07,11.1,7.93611892410005e-07
2725494,"Kluyvera sichuanensis",10,7.15057158809047e-07,10.5,7.48500103193789e-07
3144416,"Cedecea sp. S5-13",10,7.15057158809047e-07,9.7,6.9004267698732e-07
1871002,"Acidaminococcus timonensis",10,7.15057158809047e-07,10,7.169413629934e-07
147207,"Collinsella intestinalis",10,7.15057158809047e-07,9.9,7.06203518724723e-07
1650663,"Allofournierella massiliensis",10,7.15057158809047e-07,10.3,7.36284230524895e-07
679200,"Johnsonella ignava",9,6.43551442928142e-07,10,7.15488748671908e-07
266128,"Stenotrophomonas koreensis",9,6.43551442928142e-07,16.9,1.21191505741407e-06
1307443,"Fusobacterium hwasookii",9,6.43551442928142e-07,9.2,6.56860514861379e-07
1673722,"Actinomyces ihuae",9,6.43551442928142e-07,8.9,6.36185879548864e-07
1514105,"Erysipelothrix larvae",9,6.43551442928142e-07,8.2,5.84881873299044e-07
1982628,"Faecalibacillus faecis",9,6.43551442928142e-07,9.7,6.94128140069228e-07
46507,"Ezakiella coagulans",9,6.43551442928142e-07,12.3,8.79515070513253e-07
526944,"Tetragenococcus osmophilus",9,6.43551442928142e-07,9.2,6.55934033321485e-07
470934,"Pantoea vagans",9,6.43551442928142e-07,9,6.41411184835608e-07
394095,"Pyxidicoccus fallax",9,6.43551442928142e-07,9.1,6.51127606692304e-07
138277,"Aspergillus melleus",9,6.43551442928142e-07,9.3,6.62543688027023e-07
544580,"Actinomyces oris",9,6.43551442928142e-07,11,7.85867227879566e-07
2816080,"Alicyclobacillus suci",9,6.43551442928142e-07,8.8,6.29228269143482e-07
2924040,"Parabacteroides faecalis",9,6.43551442928142e-07,9.3,6.67451052539421e-07
1343394,"Penicillium maclennaniae",9,6.43551442928142e-07,8.9,6.36313583043865e-07
2685834,"Parabacteroides chongii",9,6.43551442928142e-07,9,6.45008733292007e-07
2971264,"Citrobacter enshiensis",9,6.43551442928142e-07,9,6.46940118782239e-07
2965078,"Pseudidiomarina fusca",9,6.43551442928142e-07,10.1,7.23828033993809e-07
2053367,"Citroniella saccharovorans",9,6.43551442928142e-07,10.5,7.52102640379473e-07
295352,"Streptomyces bangladeshensis",9,6.43551442928142e-07,8.6,6.15291289303795e-07
482827,"Thermus arciformis",9,6.43551442928142e-07,9,6.435517190339e-07
2941233,"Acetatifactor aquisgranensis",9,6.43551442928142e-07,9,6.42546251993815e-07
610130,"Lacrimispora saccharolytica",8,5.72045727047237e-07,7.9,5.63965523537684e-07
887899,"Mobiluncus holmesii",8,5.72045727047237e-07,8,5.74346380745886e-07
693979,"Bacteroides helcogenes",8,5.72045727047237e-07,8,5.72172214454322e-07
1121109,"Bifidobacterium minimum",8,5.72045727047237e-07,8,5.72046309629967e-07
1385512,"Pontibacillus litoralis",8,5.72045727047237e-07,8,5.72449433634375e-07
1736,"Eubacterium limosum",8,5.72045727047237e-07,8,5.72482170907134e-07
83655,"Leclercia adecarboxylata",8,5.72045727047237e-07,8,5.74305765494686e-07
2024554,"Virgibacillus indicus",8,5.72045727047237e-07,8,5.7381913791778e-07
1291764,"Lactococcus fujiensis",8,5.72045727047237e-07,8.2,5.87113769033119e-07
1392250,"Aspergillus steynii",8,5.72045727047237e-07,6.9,4.92439262598555e-07
1796628,"Longibaculum muris",8,5.72045727047237e-07,8,5.74807893496783e-07
1796634,"Muricomes intestini",8,5.72045727047237e-07,8.1,5.78521747142243e-07
2571750,"Vagococcus zengguangii",8,5.72045727047237e-07,6.9,4.94764698932094e-07
1121120,"Brenneria nigrifluens",8,5.72045727047237e-07,8,5.75414091609801e-07
1544695,"Rosenbergiella collisarenosi",8,5.72045727047237e-07,8.9,6.38713305728266e-07
2841509,"Butyricicoccus intestinisimiae",8,5.72045727047237e-07,8.9,6.39450748283156e-07
2816244,"Rahnella perminowiae",8,5.72045727047237e-07,10.3,7.39958178463624e-07
434464,"Leuconostoc holzapfelii",8,5.72045727047237e-07,9,6.45730556494034e-07
2920385,"Halomonas flagellata",8,5.72045727047237e-07,8,5.68616523314247e-07
3002863,"Methanocorpusculum petauri",8,5.72045727047237e-07,8,5.74910517167458e-07
94218,"Penicillium lagena",8,5.72045727047237e-07,7.7,5.49701865990601e-07
1792511,"Penicillium robsamsonii",8,5.72045727047237e-07,9.8,7.02706923358423e-07
1882272,"Penicillium samsonianum",8,5.72045727047237e-07,9.5,6.81910897980331e-07
3031993,"Enterococcus montenegrensis",8,5.72045727047237e-07,10.1,7.19227648946548e-07
2559925,"Enterococcus dongliensis",8,5.72045727047237e-07,8.5,6.04516657722166e-07
1559,"Clostridium tertium",8,5.72045727047237e-07,8.6,6.1749478856057e-07
3163327,"Photorhabdus viridis",8,5.72045727047237e-07,8,5.72158522648349e-07
86174,"Thauera butanivorans",8,5.72045727047237e-07,10.5,7.49831187602685e-07
NA,"unknown genome; accession ID isNZ_DAWEHO010000023.1",8,5.72045727047237e-07,8,5.72247677152847e-07
871327,"Parabacteroides chinchillae",8,5.72045727047237e-07,7.7,5.50877036843549e-07
1870999,"Metaprevotella massiliensis",8,5.72045727047237e-07,8.2,5.86033750761265e-07
295089,"Pontixanthobacter luteolus",8,5.72045727047237e-07,8.3,5.91195102934191e-07
762051,"Leuconostoc kimchii",7,5.00540011166333e-07,9.8,6.98657932003475e-07
1121094,"Phocaeicola barnesiae",7,5.00540011166333e-07,11.2,7.99669837724622e-07
1156431,"Streptococcus ilei",7,5.00540011166333e-07,7,5.01580688778469e-07
318464,"Clostridium sulfidigenes",7,5.00540011166333e-07,8.1,5.76786955088132e-07
1005994,"Trabulsiella guamensis",7,5.00540011166333e-07,7.6,5.45757956429139e-07
5857,"Plasmodium fragile",7,5.00540011166333e-07,7,5.01118790692682e-07
1408163,"Rasamsonia emersonii",7,5.00540011166333e-07,7,5.00540225915256e-07
1349765,"Enterococcus canis",7,5.00540011166333e-07,7.4,5.31852832864388e-07
1834192,"Candidatus Enterococcus dunnyi",7,5.00540011166333e-07,8.1,5.78342645822875e-07
1111760,"Streptococcus troglodytae",7,5.00540011166333e-07,7.1,5.08179423585853e-07
13076,"Globicatella sanguinis",7,5.00540011166333e-07,7.7,5.53946451853568e-07
2172545,"Streptococcus halitosis",7,5.00540011166333e-07,7.2,5.13443245912307e-07
2316731,"Corallococcus llansteffanensis",7,5.00540011166333e-07,7,5.00540231034819e-07
1433513,"Streptococcus gwangjuensis",7,5.00540011166333e-07,10.1,7.23155543712832e-07
2339259,"Yersinia hibernica",7,5.00540011166333e-07,6,4.31324767948174e-07
33898,"Streptomyces galbus",7,5.00540011166333e-07,7,5.00540225915256e-07
2559929,"Enterococcus hulanensis",7,5.00540011166333e-07,6.1,4.36182772623164e-07
2766578,"Komagataeibacter melomenusus",7,5.00540011166333e-07,7,5.00540226657463e-07
1315211,"Arcobacter aquimarinus",7,5.00540011166333e-07,7,5.00551012747378e-07
2547410,"Enterocloster alcoholdehydrogenati",7,5.00540011166333e-07,8,5.73943988405823e-07
2020965,"Bifidobacterium imperatoris",7,5.00540011166333e-07,6.7,4.79720596965783e-07
2068655,"Novisyntrophococcus fermenticellae",7,5.00540011166333e-07,7.5,5.33683785833013e-07
1263550,"Edwardsiella piscicida",7,5.00540011166333e-07,7.6,5.46337850479141e-07
2890317,"Yersinia alsatica",7,5.00540011166333e-07,8.8,6.27904250267055e-07
5083,"Penicillium canescens",7,5.00540011166333e-07,8.2,5.88514371247017e-07
3028623,"Jeotgalibaca caeni",7,5.00540011166333e-07,6.8,4.83726604251055e-07
3030016,"Caproicibacterium argilliputei",7,5.00540011166333e-07,7,5.02679815010446e-07
333963,"Leucobacter iarius",7,5.00540011166333e-07,7.2,5.1504092461067e-07
396014,"Brachybacterium phenoliresistens",7,5.00540011166333e-07,7,5.00540225915256e-07
3095078,"Streptococcus wuxiensis",7,5.00540011166333e-07,7.2,5.16555912038884e-07
1134781,"Methylopila musalis",7,5.00540011166333e-07,7.6,5.46132241071335e-07
2015348,"Burkholderia aenigmatica",7,5.00540011166333e-07,8.1,5.80621517282621e-07
1115758,"Romboutsia ilealis",7,5.00540011166333e-07,8.3,5.90289475014069e-07
1159017,"Pseudidiomarina indica",7,5.00540011166333e-07,7.9,5.67599682682041e-07
1917883,"Bacteroides togonis",7,5.00540011166333e-07,7.8,5.5648490282777e-07
1836972,"Frankia canadensis",7,5.00540011166333e-07,7.2,5.17609321880735e-07
2880704,"Duncaniella muricolitica",7,5.00540011166333e-07,7.3,5.19231111074153e-07
1150468,"Scardovia inopinata",6,4.29034295285428e-07,6,4.29034479355933e-07
1642702,"Paludifilum halophilum",6,4.29034295285428e-07,6.2,4.41289514127327e-07
1973495,"Proteus alimentorum",6,4.29034295285428e-07,5.5,3.91111421677701e-07
1448312,"Aspergillus japonicus",6,4.29034295285428e-07,6,4.29034479602869e-07
2316722,"Corallococcus aberystwythensis",6,4.29034295285428e-07,6,4.2919077537468e-07
2485123,"Photobacterium chitinilyticum",6,4.29034295285428e-07,6,4.30030320923084e-07
3032871,"Muricaecibacterium torontonense",6,4.29034295285428e-07,6.1,4.37218450954094e-07
2589786,"Streptococcus shenyangsis",6,4.29034295285428e-07,6.2,4.45044781771812e-07
657276,"Vogesella mureinivorans",6,4.29034295285428e-07,6,4.29433791414001e-07
89152,"Peptacetobacter hiranonis",6,4.29034295285428e-07,5.7,4.0707545073604e-07
2605433,"Sphingobacterium phlebotomi",6,4.29034295285428e-07,6,4.30892799019956e-07
2026654,"Flavobacterium luteum",6,4.29034295285428e-07,6,4.30064355072622e-07
2605782,"Desulfovibrio porci",6,4.29034295285428e-07,6,4.30393544984679e-07
2703882,"Rahnella contaminans",6,4.29034295285428e-07,6.1,4.34673024249691e-07
2722702,"Salinimicrobium oceani",6,4.29034295285428e-07,6.2,4.45011779062156e-07
572010,"Slackia isoflavoniconvertens",6,4.29034295285428e-07,7.3,5.2137264507667e-07
2884250,"Musicola keenii",6,4.29034295285428e-07,5.9,4.19539719332109e-07
77635,"Bifidobacterium subtile",6,4.29034295285428e-07,6,4.29035202594544e-07
411567,"Peptoniphilus gorbachii",6,4.29034295285428e-07,5.3,3.75961016811438e-07
2774531,"Deinococcus aestuarii",6,4.29034295285428e-07,5.6,4.038619302918e-07
2885356,"Hominilimicola fabiformis",6,4.29034295285428e-07,8.5,6.07218586058428e-07
2897391,"Limnobaculum eriocheiris",6,4.29034295285428e-07,6.5,4.66631769279001e-07
255519,"Atlantibacter subterraneus",6,4.29034295285428e-07,6.3,4.50440019328902e-07
33043,"Coprococcus eutactus",6,4.29034295285428e-07,6.3,4.49291452593146e-07
2838522,"Candidatus Collinsella stercoripullorum",6,4.29034295285428e-07,6,4.29055865386437e-07
3035284,"Prevotella sp. B2-R-102",6,4.29034295285428e-07,6.6,4.69358657999223e-07
638574,"Nonomuraea rosea",6,4.29034295285428e-07,6,4.30129374640453e-07
1653434,"Sellimonas intestinalis",6,4.29034295285428e-07,5.8,4.13787311987108e-07
1587,"Lactobacillus helveticus",6,4.29034295285428e-07,6,4.29034479355933e-07
3377720,"Providencia pseudovermicola",6,4.29034295285428e-07,7.7,5.53617294828634e-07
1745713,"Bariatricus massiliensis",6,4.29034295285428e-07,6.3,4.50044343891808e-07
69824,"Thomasclavelia cocleata",6,4.29034295285428e-07,6,4.29218429982228e-07
1852370,"Prevotellamassilia timonensis",6,4.29034295285428e-07,5.9,4.24759696413177e-07
1123012,"Pseudobutyrivibrio xylanivorans",6,4.29034295285428e-07,6,4.31493178335571e-07
61651,"Serratia ficaria",6,4.29034295285428e-07,5.5,3.93223776822077e-07
2040291,"Dorea phocaeensis",6,4.29034295285428e-07,6.2,4.39967513760848e-07
535290,"Legionella nagasakiensis",6,4.29034295285428e-07,5.9,4.19952058701028e-07
2890315,"Yersinia artesiana",6,4.29034295285428e-07,6,4.29755738822065e-07
693973,"Shewanella baltica",5,3.57528579404523e-07,5,3.57528739543216e-07
1123311,"Streptococcus orisratti",5,3.57528579404523e-07,5.4,3.88440590258721e-07
1236512,"Bacteroides rodentium",5,3.57528579404523e-07,5.2,3.71348199055323e-07
1114963,"Novosphingobium barchaimii",5,3.57528579404523e-07,6.2,4.43882935105724e-07
1461260,"Leucobacter celer",5,3.57528579404523e-07,5,3.57528740298511e-07
1720300,"Mediterraneibacter massiliensis",5,3.57528579404523e-07,6.9,4.96654981622815e-07
5078,"Penicillium griseofulvum",5,3.57528579404523e-07,5.1,3.6673197094333e-07
1807766,"Polycladidibacter stylochi",5,3.57528579404523e-07,5,3.61047903534801e-07
69781,"Penicillium oxalicum",5,3.57528579404523e-07,5.6,4.00437458785031e-07
1497,"Clostridium formicaceticum",5,3.57528579404523e-07,5,3.57692174171367e-07
1987580,"Proteus columbae",5,3.57528579404523e-07,5.3,3.78247485619121e-07
1448316,"Aspergillus ibericus",5,3.57528579404523e-07,5,3.57529697450604e-07
1504,"Clostridium septicum",5,3.57528579404523e-07,6.3,4.53871308443958e-07
2488639,"Pectobacterium versatile",5,3.57528579404523e-07,6.5,4.659952901452e-07
1977868,"Vagococcus bubulae",5,3.57528579404523e-07,5.2,3.69713760557326e-07
2559927,"Enterococcus songbeiensis",5,3.57528579404523e-07,5.2,3.74672477720903e-07
29494,"Vibrio furnissii",5,3.57528579404523e-07,7.7,5.49906960762051e-07
577,"Raoultella terrigena",5,3.57528579404523e-07,5.8,4.11265952661747e-07
393006,"Tamlana crocina",5,3.57528579404523e-07,5.8,4.14688184146651e-07
2722820,"Actinomyces faecalis",5,3.57528579404523e-07,5,3.57536057415874e-07
873191,"Arcobacter defluvii",5,3.57528579404523e-07,5,3.5753628499643e-07
508451,"Lactobacillus taiwanensis",5,3.57528579404523e-07,4.7,3.35791100756014e-07
59814,"Pantoea dispersa",5,3.57528579404523e-07,5,3.58673283325153e-07
1411144,"Bacteroides caecigallinarum",5,3.57528579404523e-07,5,3.59674110864801e-07
1337051,"Murimonas intestini",5,3.57528579404523e-07,5,3.57803413704148e-07
2972466,"Tractidigestivibacter montrealensis",5,3.57528579404523e-07,5.1,3.61395496982807e-07
110093,"Polychytrium aggregatum",5,3.57528579404523e-07,5,3.57528736113504e-07
1505757,"Siccibacter colletis",5,3.57528579404523e-07,5,3.59676414492998e-07
1437816,"Methylopila turkensis",5,3.57528579404523e-07,5.1,3.66611153451517e-07
2871169,"Stenotrophomonas forensis",5,3.57528579404523e-07,5.2,3.70742601180258e-07
1506179,"Penicillium alfredii",5,3.57528579404523e-07,5.2,3.71348946187299e-07
293559,"Penicillium concentricum",5,3.57528579404523e-07,5.9,4.233731693507e-07
NA,"unknown genome; accession ID isNZ_AP028032.1",5,3.57528579404523e-07,5,3.57578005569115e-07
1481663,"Vibrio metoecus",5,3.57528579404523e-07,5,3.5941076658699e-07
507751,"Peptoniphilus koenoeneniae",5,3.57528579404523e-07,4.5,3.22125020151116e-07
2316085,"Pseudomonas bubulae",5,3.57528579404523e-07,5.8,4.15992174415321e-07
419007,"Tatumella terrea",5,3.57528579404523e-07,5,3.60291676560659e-07
411570,"Peptoniphilus olsenii",5,3.57528579404523e-07,6,4.28118109481413e-07
5088,"Thermoascus crustaceus",5,3.57528579404523e-07,5,3.59377246359486e-07
1735111,"Bergeyella porcorum",5,3.57528579404523e-07,5.1,3.62471815342148e-07
46503,"Parabacteroides merdae",5,3.57528579404523e-07,5.2,3.75117671473353e-07
655813,"Streptococcus oralis",5,3.57528579404523e-07,5.8,4.13736156823166e-07
2686067,"Fusobacterium watanabei",5,3.57528579404523e-07,5.1,3.62356741655335e-07
246409,"Rhizopus delemar",4,2.86022863523619e-07,4,2.86022986237289e-07
348802,"Exophiala xenobiotica",4,2.86022863523619e-07,4,2.86194913421549e-07
1194083,"Nostocoides japonicum",4,2.86022863523619e-07,4,2.86461061659533e-07
1423722,"Amylolactobacillus amylotrophicus",4,2.86022863523619e-07,3.4,2.45123043875624e-07
1219067,"Vibrio natriegens",4,2.86022863523619e-07,3.7,2.64737582433786e-07
730,"[Haemophilus] ducreyi",4,2.86022863523619e-07,3.6,2.57697171757073e-07
2034155,"Serratia oryzae",4,2.86022863523619e-07,4.2,3.00984290844027e-07
1392255,"Aspergillus novofumigatus",4,2.86022863523619e-07,3.6,2.59812987946396e-07
547334,"Arthrobacter pityocampae",4,2.86022863523619e-07,5.9,4.19672355583315e-07
215200,"Peptostreptococcus russellii",4,2.86022863523619e-07,4.4,3.12361996313112e-07
2184082,"Marinifilum breve",4,2.86022863523619e-07,4.1,2.95467196440811e-07
2045244,"Alteribacter lacisalsi",4,2.86022863523619e-07,4,2.86022986237289e-07
61171,"Holdemania filiformis",4,2.86022863523619e-07,4.1,2.90151798715184e-07
1445662,"Idiomarina tyrosinivorans",4,2.86022863523619e-07,5.7,4.07870942414331e-07
1664069,"Bacillus glycinifermentans",4,2.86022863523619e-07,3.5,2.51616364206621e-07
2020715,"Thalassotalea litorea",4,2.86022863523619e-07,4.5,3.23582169163879e-07
3098669,"Candidatus Pantoea soli",4,2.86022863523619e-07,4.5,3.23167270597229e-07
104628,"Helicobacter suis",4,2.86022863523619e-07,4,2.86110151966297e-07
1925021,"Bacillus haynesii",4,2.86022863523619e-07,4,2.88649678773463e-07
2758441,"Vibrio marinisediminis",4,2.86022863523619e-07,4.8,3.41441770487761e-07
2762223,"Clostridium faecium",4,2.86022863523619e-07,4,2.86712263962545e-07
1287640,"Anaerococcus obesiensis",4,2.86022863523619e-07,4.6,3.26344403068286e-07
762210,"Bifidobacterium saguini",4,2.86022863523619e-07,4.3,3.08172109278076e-07
2755040,"Mesopusillimonas faecipullorum",4,2.86022863523619e-07,4.5,3.24046177612693e-07
2884812,"Streptomyces pinistramenti",4,2.86022863523619e-07,4.4,3.17816333327056e-07
2919913,"Shinella sedimenti",4,2.86022863523619e-07,4.3,3.0800484704466e-07
1324864,"[Pantoea] beijingensis",4,2.86022863523619e-07,4,2.87777470792687e-07
81947,"Vagococcus lutrae",4,2.86022863523619e-07,5.5,3.93034041590015e-07
2945989,"Lutimaribacter degradans",4,2.86022863523619e-07,3.7,2.67711234256194e-07
170673,"Vibrio kanaloae",4,2.86022863523619e-07,4,2.86022986239226e-07
544645,"Butyricimonas virosa",4,2.86022863523619e-07,6,4.26928256544789e-07
428126,"Thomasclavelia spiroformis",4,2.86022863523619e-07,4,2.86272919887436e-07
2926469,"Silvania hatchlandensis",4,2.86022863523619e-07,4.3,3.10633400399141e-07
1002107,"Penicillium psychrosexuale",4,2.86022863523619e-07,5.2,3.6917425225508e-07
2606708,"Mogibacterium kristiansenii",4,2.86022863523619e-07,4,2.86037417514082e-07
650003,"Vibrio paracholerae",4,2.86022863523619e-07,3.7,2.67168431927471e-07
3129234,"Luteimonas sp. MJ145",4,2.86022863523619e-07,3.7,2.63674587290627e-07
1715645,"Paracoccus mangrovi",4,2.86022863523619e-07,4.2,3.00374400604836e-07
1994,"Actinomadura rugatobispora",4,2.86022863523619e-07,5,3.56334888322291e-07
134533,"Acinetobacter parvus",4,2.86022863523619e-07,3.9,2.821096393722e-07
2011099,"Aliarcobacter vitoriensis",4,2.86022863523619e-07,3.9,2.78596501016527e-07
1841857,"Culturomica massiliensis",4,2.86022863523619e-07,4.1,2.90856301874322e-07
871324,"Bacteroides stercorirosoris",4,2.86022863523619e-07,4,2.87873561194581e-07
1871035,"Negativibacillus massiliensis",4,2.86022863523619e-07,4.1,2.93790639105739e-07
1917878,"Prevotella ihumii",4,2.86022863523619e-07,2.7,1.94219705691217e-07
1960125,"Parendozoicomonas haliclonae",4,2.86022863523619e-07,4,2.86022987254903e-07
2941515,"Otoolea muris",4,2.86022863523619e-07,4,2.86491662179917e-07
2751,"Carnobacterium maltaromaticum",4,2.86022863523619e-07,4,2.89391633398742e-07
1033739,"Kurthia massiliensis",3,2.14517147642714e-07,3,2.14530123090004e-07
1123359,"Tetragenococcus muriaticus",3,2.14517147642714e-07,3.1,2.18581078737481e-07
1437610,"Bifidobacterium reuteri",3,2.14517147642714e-07,3,2.14531185912871e-07
1388752,"Campylobacter subantarcticus",3,2.14517147642714e-07,3,2.14526073049193e-07
1549748,"Kiloniella litopenaei",3,2.14517147642714e-07,4.1,2.95377317262388e-07
1509407,"Aspergillus nomiae",3,2.14517147642714e-07,3.2,2.27591876695437e-07
1664694,"Cyphellophora attinorum",3,2.14517147642714e-07,3,2.14594857455182e-07
172045,"Elizabethkingia miricola",3,2.14517147642714e-07,3,2.14517239677967e-07
1377,"Aerococcus viridans",3,2.14517147642714e-07,3.6,2.56522186752171e-07
51669,"Tetragenococcus halophilus",3,2.14517147642714e-07,3.1,2.24860634699222e-07
1856638,"Streptococcus bovimastitidis",3,2.14517147642714e-07,3,2.14659132683458e-07
1036612,"Aspergillus sydowii",3,2.14517147642714e-07,3,2.14713447993451e-07
1926881,"Izhakiella australiensis",3,2.14517147642714e-07,3.3,2.35287434961173e-07
1834181,"Candidatus Enterococcus mansonii",3,2.14517147642714e-07,5.4,3.82945863864691e-07
158822,"Cedecea neteri",3,2.14517147642714e-07,3.1,2.24551332847748e-07
1286362,"Lacrimispora celerecrescens",3,2.14517147642714e-07,3.7,2.67775067666767e-07
28119,"Bacteroides zoogleoformans",3,2.14517147642714e-07,3,2.1456233716007e-07
1508507,"Brenneria roseae",3,2.14517147642714e-07,3.7,2.67044958974073e-07
2670374,"Jiangella anatolica",3,2.14517147642714e-07,3,2.14535063603344e-07
2338368,"Alcanivorax profundi",3,2.14517147642714e-07,3,2.14841080040322e-07
271096,"Shewanella canadensis",3,2.14517147642714e-07,3.6,2.5429151304746e-07
264951,"Paecilomyces variotii",3,2.14517147642714e-07,2.8,2.00450233367786e-07
273676,"Nocardioides oleivorans",3,2.14517147642714e-07,3,2.14517239677967e-07
2480627,"Enterococcus florum",3,2.14517147642714e-07,2.7,1.91038527042347e-07
2562451,"Vagococcus xieshaowenii",3,2.14517147642714e-07,3.1,2.23425829764052e-07
2559804,"Sphingomonas flavalba",3,2.14517147642714e-07,1.8,1.31453567275782e-07
109328,"Leptotrichia trevisanii",3,2.14517147642714e-07,2.7,1.90274971275054e-07
1944635,"Sutterella seckii",3,2.14517147642714e-07,3,2.14517239677967e-07
1798158,"Bifidobacterium ramosum",3,2.14517147642714e-07,2.5,1.79406263906269e-07
1588,"Lentilactobacillus hilgardii",3,2.14517147642714e-07,3,2.14517239679682e-07
2675325,"Bifidobacterium erythrocebi",3,2.14517147642714e-07,3,2.17513895892187e-07
2736290,"Xylanibacter muris",3,2.14517147642714e-07,3,2.14518332655423e-07
255507,"Aliarcobacter cibarius",3,2.14517147642714e-07,3,2.14517603927595e-07
1494461,"Pseudolactococcus laudensis",3,2.14517147642714e-07,3.1,2.18392442075313e-07
2754726,"Corynebacterium haemomassiliense",3,2.14517147642714e-07,3,2.14517474071773e-07
33959,"Lactobacillus johnsonii",3,2.14517147642714e-07,3.4,2.3978518251935e-07
2763057,"Parabacteroides hominis",3,2.14517147642714e-07,3.1,2.2315141572568e-07
2763048,"Flintibacter hominis",3,2.14517147642714e-07,3,2.15600968409711e-07
2763015,"Alistipes hominis",3,2.14517147642714e-07,3.1,2.20385551829842e-07
1081040,"Microbacterium murale",3,2.14517147642714e-07,2.7,1.93556653997015e-07
1612435,"Streptomyces kronopolitis",3,2.14517147642714e-07,3,2.14571986116996e-07
2779354,"Gemmiger gallinarum",3,2.14517147642714e-07,3,2.15085530944385e-07
2726954,"Candidatus Sarcina troglodytae",3,2.14517147642714e-07,3,2.14517625342146e-07
339861,"Clostridium aciditolerans",3,2.14517147642714e-07,3.5,2.46836529743862e-07
285729,"Fusobacterium canifelinum",3,2.14517147642714e-07,3.4,2.42256139824919e-07
2080838,"Lelliottia aquatilis",3,2.14517147642714e-07,3.1,2.21583095597915e-07
2230878,"Candidatus Enterococcus mangumiae",3,2.14517147642714e-07,3.3,2.34492858188821e-07
2778550,"Pectobacterium parvum",3,2.14517147642714e-07,2.4,1.70648249091988e-07
997348,"Neisseria macacae",3,2.14517147642714e-07,3,2.14558909589937e-07
28111,"Bacteroides eggerthii",3,2.14517147642714e-07,3,2.15205594818333e-07
478749,"Marvinbryantia formatexigens",3,2.14517147642714e-07,2.6,1.86752540909846e-07
2925396,"Dryocola clanedunensis",3,2.14517147642714e-07,3.1,2.24557589815834e-07
588596,"Rhizophagus irregularis",3,2.14517147642714e-07,3,2.14517239677967e-07
1646377,"Rouxiella badensis",3,2.14517147642714e-07,2.8,1.99779000057603e-07
1642,"Listeria innocua",3,2.14517147642714e-07,3.1,2.19473534634232e-07
69789,"Penicillium soppii",3,2.14517147642714e-07,3,2.15132521434502e-07
70096,"Penicillium cinerascens",3,2.14517147642714e-07,3.4,2.40983010380685e-07
1472416,"Butyricimonas faecihominis",3,2.14517147642714e-07,3.2,2.29442990920697e-07
119858,"Bacillus sonorensis",3,2.14517147642714e-07,3.5,2.48967795053813e-07
2027290,"Providencia huaxiensis",3,2.14517147642714e-07,3.8,2.727774353218e-07
1281486,"Lactococcus formosensis",3,2.14517147642714e-07,3.2,2.26829295752369e-07
414052,"Caenispirillum bisanense",3,2.14517147642714e-07,3,2.14720271295245e-07
427369,"Streptomonospora halophila",3,2.14517147642714e-07,3,2.15008348950137e-07
3133167,"Faecousia intestinalis",3,2.14517147642714e-07,3,2.15964668161042e-07
3071451,"Kocuria cellulosilytica",3,2.14517147642714e-07,3,2.14522732176662e-07
453959,"Enterococcus camelliae",3,2.14517147642714e-07,3.8,2.7377644231507e-07
3136601,"Owariibacterium komagatae",3,2.14517147642714e-07,3.1,2.18277540700258e-07
1816678,"Christensenella timonensis",3,2.14517147642714e-07,3,2.16748423412635e-07
1642646,"Petrimonas mucosa",3,2.14517147642714e-07,3,2.14580817910161e-07
1723382,"Urinicoccus massiliensis",3,2.14517147642714e-07,3.3,2.3788715472182e-07
1871019,"Enorma phocaeensis",3,2.14517147642714e-07,3.6,2.55824152187402e-07
1870985,"Arabiibacter massiliensis",3,2.14517147642714e-07,3,2.14645882180867e-07
2736608,"Streptococcus thalassemiae",3,2.14517147642714e-07,3.2,2.26914532103512e-07
2991833,"Limosilactobacillus pulli",3,2.14517147642714e-07,3.2,2.26489207674375e-07
5855,"Plasmodium vivax",2,1.43011431761809e-07,2.2,1.57699809399012e-07
428127,"Amedibacillus dolichus",2,1.43011431761809e-07,2,1.44718220884849e-07
887325,"Lachnoanaerobaculum saburreum",2,1.43011431761809e-07,2,1.43011534927443e-07
548479,"Mobiluncus curtisii",2,1.43011431761809e-07,2.1,1.48024375080228e-07
1002367,"Leyella stercorea",2,1.43011431761809e-07,2.2,1.60884934416869e-07
883077,"Schaalia turicensis",2,1.43011431761809e-07,2.1,1.50553310406298e-07
1234382,"Thauera phenylacetica",2,1.43011431761809e-07,2,1.42878151675171e-07
1118057,"Peptoniphilus grossensis",2,1.43011431761809e-07,2.4,1.68103149565993e-07
280463,"Emiliania huxleyi",2,1.43011431761809e-07,1.5,1.07258619838983e-07
1329909,"Sphingobium quisquiliarum",2,1.43011431761809e-07,3.3,2.36617326463252e-07
1449340,"Carnobacterium jeotgali",2,1.43011431761809e-07,2.1,1.49745197572437e-07
1177154,"Alcanivorax nanhaiticus",2,1.43011431761809e-07,2,1.45243852526345e-07
1577887,"Dickeya undicola",2,1.43011431761809e-07,2.1,1.4804535539705e-07
29485,"Yersinia rohdei",2,1.43011431761809e-07,2,1.45493535462861e-07
1629550,"Paraclostridium benzoelyticum",2,1.43011431761809e-07,2,1.44967663499753e-07
1150461,"Bifidobacterium scardovii",2,1.43011431761809e-07,2.5,1.78261524721407e-07
1080349,"Saccharomyces eubayanus",2,1.43011431761809e-07,2,1.43011493123613e-07
1423780,"Lentilactobacillus otakiensis",2,1.43011431761809e-07,2,1.43011493118645e-07
1480615,"Hoeflea olei",2,1.43011431761809e-07,2,1.43017707708463e-07
1796620,"Acutalibacter muris",2,1.43011431761809e-07,2,1.43462260311393e-07
537007,"Blautia hansenii",2,1.43011431761809e-07,2,1.46105988803658e-07
1364,"Pseudolactococcus piscium",2,1.43011431761809e-07,2,1.43761830193567e-07
1122154,"Pseudolactococcus chungangensis",2,1.43011431761809e-07,2,1.4301529174326e-07
1265445,"Chryseobacterium camelliae",2,1.43011431761809e-07,2,1.43011493118645e-07
2764322,"Hydrogeniiclostridium mannosilyticum",2,1.43011431761809e-07,2,1.46009136515593e-07
2014742,"Vibrio tarriae",2,1.43011431761809e-07,2.4,1.71629117203321e-07
2144175,"Megasphaera stantonii",2,1.43011431761809e-07,1.5,1.06197067364981e-07
1082704,"Lonsdalea britannica",2,1.43011431761809e-07,2.1,1.48496770997904e-07
28141,"Cronobacter sakazakii",2,1.43011431761809e-07,2,1.44436690808429e-07
663365,"Arcobacter suis",2,1.43011431761809e-07,2,1.43011885563805e-07
1032239,"Aliarcobacter skirrowii",2,1.43011431761809e-07,2,1.43012237975384e-07
2306998,"Flagellimonas pelagia",2,1.43011431761809e-07,2,1.43193222277523e-07
72361,"Bacillus vallismortis",2,1.43011431761809e-07,2,1.43011493118645e-07
2482751,"Stutzerimonas nitrititolerans",2,1.43011431761809e-07,2.4,1.71424904205391e-07
1241978,"Chryseobacterium bernardetii",2,1.43011431761809e-07,1,7.15057465593223e-08
2487118,"Intestinibaculum porci",2,1.43011431761809e-07,2,1.44283125091152e-07
2486005,"Companilactobacillus baiquanensis",2,1.43011431761809e-07,1.5,1.10292925212727e-07
2487520,"Phytopseudomonas dryadis",2,1.43011431761809e-07,2,1.43011493384858e-07
72026,"Helcococcus ovis",2,1.43011431761809e-07,2,1.43128976778515e-07
2530390,"Muribaculum gordoncarteri",2,1.43011431761809e-07,2,1.43221411723637e-07
2211183,"Evtepia gabavorous",2,1.43011431761809e-07,2,1.43119575575705e-07
2137581,"Ellagibacter isourolithinifaciens",2,1.43011431761809e-07,2.4,1.74081286657119e-07
37727,"Talaromyces marneffei",2,1.43011431761809e-07,2.1,1.50463499940231e-07
1494462,"Lactococcus hircilactis",2,1.43011431761809e-07,2.3,1.63380296053383e-07
1763883,"Vibrio cidicii",2,1.43011431761809e-07,1.7,1.2400556145944e-07
2916441,"Adlercreutzia rubneri",2,1.43011431761809e-07,2,1.43011631651169e-07
2662126,"Anaerotalea alkaliphila",2,1.43011431761809e-07,2,1.43011493118645e-07
2583452,"Amedibacterium intestinale",2,1.43011431761809e-07,2,1.44624635055725e-07
708087,"Cyclobacterium jeungdonense",2,1.43011431761809e-07,2,1.43024814671379e-07
1004159,"Photorhabdus tasmaniensis",2,1.43011431761809e-07,2,1.44475394182587e-07
1635327,"Zophobihabitans entericus",2,1.43011431761809e-07,2,1.43011493120264e-07
46256,"Weissella hellenica",2,1.43011431761809e-07,2.2,1.55419289371817e-07
449520,"Campylobacter canadensis",2,1.43011431761809e-07,2,1.4301201712446e-07
2740817,"Paramixta manurensis",2,1.43011431761809e-07,2.1,1.48767620807723e-07
2666138,"Caproicibacterium lactatifermentans",2,1.43011431761809e-07,2,1.43033244900642e-07
2505970,"Campylobacter armoricus",2,1.43011431761809e-07,2,1.43013837054635e-07
109472,"Bisgaardia hudsonensis",2,1.43011431761809e-07,1.9,1.32312698237652e-07
1133319,"Bacteroides reticulotermitis",2,1.43011431761809e-07,2.3,1.64723554696924e-07
700500,"Catenisphaera adipataccumulans",2,1.43011431761809e-07,2,1.43205276480125e-07
2767826,"Streptomyces polyasparticus",2,1.43011431761809e-07,1.9,1.3723341693496e-07
1769422,"Galliscardovia ingluviei",2,1.43011431761809e-07,2,1.43011493118645e-07
1795310,"Paracoccus acridae",2,1.43011431761809e-07,2,1.43011493118645e-07
1472640,"Streptomyces daqingensis",2,1.43011431761809e-07,2,1.45591738487446e-07
68193,"Streptomyces djakartensis",2,1.43011431761809e-07,2,1.43133243419197e-07
1256514,"Novosphingobium arvoryzae",2,1.43011431761809e-07,1.5,1.1062729889474e-07
61016,"Virgibacillus salexigens",2,1.43011431761809e-07,2,1.43261194438981e-07
2773426,"Nocardioides malaquae",2,1.43011431761809e-07,2,1.43011804575336e-07
2780922,"Solibaculum mannosilyticum",2,1.43011431761809e-07,2.1,1.49379412958973e-07
250,"Chryseobacterium gleum",2,1.43011431761809e-07,2,1.43054626735321e-07
28454,"Sphingobacterium multivorum",2,1.43011431761809e-07,1,7.15057465593223e-08
1816689,"Sutterella massiliensis",2,1.43011431761809e-07,2,1.43011493149503e-07
273372,"Candida metapsilosis",2,1.43011431761809e-07,2,1.4480265560005e-07
1580590,"Leishmania martiniquensis",2,1.43011431761809e-07,1.5,1.07258619838983e-07
2841504,"Dysosmobacter acutus",2,1.43011431761809e-07,2,1.44661328162331e-07
2841503,"Peptoniphilus ovalis",2,1.43011431761809e-07,2.2,1.59155215250135e-07
2834434,"Bifidobacterium simiiventris",2,1.43011431761809e-07,1.7,1.24197960702463e-07
172043,"Brevundimonas nasdae",2,1.43011431761809e-07,2,1.40825675064403e-07
2864872,"Shewanella nanhaiensis",2,1.43011431761809e-07,2.1,1.5077425578062e-07
3044279,"Massilia hydrophila",2,1.43011431761809e-07,2,1.43011493118645e-07
651561,"Chryseobacterium arthrosphaerae",2,1.43011431761809e-07,2,1.43054158462063e-07
703,"Plesiomonas shigelloides",2,1.43011431761809e-07,2.4,1.69461014008451e-07
2897351,"Paraeggerthella hominis",2,1.43011431761809e-07,2,1.43374668332773e-07
2888272,"Furfurilactobacillus milii",2,1.43011431761809e-07,2.5,1.77158123851841e-07
2949333,"Ohessyouella blattaphilus",2,1.43011431761809e-07,2,1.4324991641781e-07
2839954,"Streptomyces hilarionis",2,1.43011431761809e-07,2,1.43034333051305e-07
2926519,"Scandinavium hiltneri",2,1.43011431761809e-07,2.1,1.4763257875928e-07
2981728,"Huintestinicola butyrica",2,1.43011431761809e-07,2,1.45878819332164e-07
2981778,"Agathobaculum ammoniilyticum",2,1.43011431761809e-07,2.3,1.65333807358928e-07
36646,"Penicillium coprophilum",2,1.43011431761809e-07,2.2,1.57080285874941e-07
203109,"Penicillium manginii",2,1.43011431761809e-07,2.4,1.72391216887203e-07
176176,"Penicillium paradoxum",2,1.43011431761809e-07,2,1.43814698820032e-07
1613,"Limosilactobacillus fermentum",2,1.43011431761809e-07,2,1.44201392570222e-07
351672,"Xenorhabdus griffiniae",2,1.43011431761809e-07,2.1,1.46823158350145e-07
1368474,"Romboutsia sedimentorum",2,1.43011431761809e-07,2,1.43341811449127e-07
1194168,"Comamonas jiangduensis",2,1.43011431761809e-07,2.9,2.07726503710215e-07
3034648,"Proteus appendicitidis",2,1.43011431761809e-07,2,1.46037117451508e-07
114528,"Mogibacterium neglectum",2,1.43011431761809e-07,2,1.43013559486098e-07
319970,"Enterococcus devriesei",2,1.43011431761809e-07,2,1.44913629393134e-07
318465,"Clostridium boliviensis",2,1.43011431761809e-07,2,1.44233264301395e-07
2703794,"Serratia nevei",2,1.43011431761809e-07,2.3,1.64146259744447e-07
685,"Vibrio diazotrophicus",2,1.43011431761809e-07,2,1.43011493118645e-07
3051183,"Staphylococcus hsinchuensis",2,1.43011431761809e-07,2,1.43011493118645e-07
75292,"Streptomyces thermogriseus",2,1.43011431761809e-07,2.1,1.47296043250067e-07
111803,"Actinocorallia longicatena",2,1.43011431761809e-07,2,1.43234316428452e-07
3133091,"unknown genome; accession ID isNZ_JBBMER010000001.1",2,1.43011431761809e-07,2,1.43024217856468e-07
3161189,"Streptococcus jiangjianxini",2,1.43011431761809e-07,1.8,1.28312007096576e-07
165758,"Streptococcus gallinaceus",2,1.43011431761809e-07,2,1.43023579486573e-07
3058913,"Kocuria oxytropis",2,1.43011431761809e-07,2,1.43425346139359e-07
2781224,"Neodothiora populina",2,1.43011431761809e-07,2,1.43904113604457e-07
1516126,"Dysgonomonas termitidis",2,1.43011431761809e-07,2,1.43011493118645e-07
NA,"unknown genome; accession ID isNZ_DAWEQI010000001.1",2,1.43011431761809e-07,2,1.43011514346355e-07
1120918,"Acetitomaculum ruminis",2,1.43011431761809e-07,2,1.43176000055465e-07
745365,"Pisciglobus halotolerans",2,1.43011431761809e-07,2,1.43065629562382e-07
1871033,"Olsenella urininfantis",2,1.43011431761809e-07,2.9,2.09290942227449e-07
1917868,"Blautia marasmi",2,1.43011431761809e-07,2,1.46502458042536e-07
764290,"Streptococcus downei",2,1.43011431761809e-07,2,1.43542569681076e-07
120017,"Ustilago hordei",2,1.43011431761809e-07,2,1.43011493118645e-07
1544,"Faecalicatena orotica",2,1.43011431761809e-07,2,1.43042945714156e-07
2941326,"Alistipes muris",2,1.43011431761809e-07,2,1.43071358453805e-07
1775926,"Lodderomyces beijingensis",2,1.43011431761809e-07,2,1.43011493536186e-07
227321,"Aspergillus nidulans",1,7.15057158809047e-08,1,7.15239387577139e-08
360107,"Campylobacter hominis",1,7.15057158809047e-08,1,7.15057465593223e-08
862517,"Peptoniphilus duerdenii",1,7.15057158809047e-08,1.4,1.00610637252079e-07
596315,"Peptostreptococcus stomatis",1,7.15057158809047e-08,1,7.4057548585892e-08
556268,"Oxalobacter paraformigenes",1,7.15057158809047e-08,1,7.15142590293644e-08
626522,"Alloprevotella tannerae",1,7.15057158809047e-08,1,7.16828676670266e-08
546275,"Fusobacterium periodonticum",1,7.15057158809047e-08,1.4,1.03205483001708e-07
5888,"Paramecium tetraurelia",1,7.15057158809047e-08,1,7.15057465593223e-08
679192,"Bulleidia extructa",1,7.15057158809047e-08,1,7.15057468902274e-08
885040,"Enterobacter soli",1,7.15057158809047e-08,1,7.26817866053978e-08
1095774,"Pantoea ananatis",1,7.15057158809047e-08,1,7.17345372693084e-08
745277,"Rahnella aquatilis",1,7.15057158809047e-08,1.5,1.05508519014819e-07
742817,"Odoribacter laneus",1,7.15057158809047e-08,1,7.15504771862325e-08
868129,"Prevotella bivia",1,7.15057158809047e-08,2.5,1.79102484711245e-07
1033733,"Anaerococcus senegalensis",1,7.15057158809047e-08,1.1,7.95187328042488e-08
765909,"Lamprocystis purpurea",1,7.15057158809047e-08,1,7.282777823189e-08
1123301,"Streptococcus didelphis",1,7.15057158809047e-08,1,7.15057465593223e-08
1158608,"Enterococcus haemoperoxidus",1,7.15057158809047e-08,1.5,1.10333656940392e-07
1125699,"Treponema maltophilum",1,7.15057158809047e-08,1,7.3362537819868e-08
480813,"Tatumella saanichensis",1,7.15057158809047e-08,1,7.15064170956909e-08
1354300,"Peptoniphilus mikwangii",1,7.15057158809047e-08,1.1,7.61842005605404e-08
1004151,"Photorhabdus khanii",1,7.15057158809047e-08,1,7.15230553452308e-08
2342,"Candidatus Sodalis pierantonii",1,7.15057158809047e-08,1,7.16373638999714e-08
1401079,"Mogibacterium timidum",1,7.15057158809047e-08,1,7.17615347766048e-08
1211817,"Clostridium ihumii",1,7.15057158809047e-08,1,7.15873393624481e-08
1410674,"Sharpea azabuensis",1,7.15057158809047e-08,1.1,7.55878827257548e-08
574376,"Bacillus manliponensis",1,7.15057158809047e-08,0.3,2.13412869000347e-08
1501230,"Paenibacillus tyrfis",1,7.15057158809047e-08,1,7.25663060665146e-08
1449338,"Carnobacterium gallinarum",1,7.15057158809047e-08,0.9,6.13038451682583e-08
161899,"Corynebacterium singulare",1,7.15057158809047e-08,1,7.42071228287715e-08
569365,"Cladophialophora immunda",1,7.15057158809047e-08,1,7.15057647300996e-08
511,"Alcaligenes faecalis",1,7.15057158809047e-08,1.2,8.75988954090621e-08
579748,"Vibrio galatheae",1,7.15057158809047e-08,1,7.15057465593223e-08
1074000,"Cronobacter universalis",1,7.15057158809047e-08,1,7.38009135389353e-08
28037,"Streptococcus mitis",1,7.15057158809047e-08,1.1,7.62288487500136e-08
76859,"Fusobacterium animalis",1,7.15057158809047e-08,1.1,7.85768207216963e-08
1608583,"Streptococcus varani",1,7.15057158809047e-08,1,7.15057466399303e-08
312540,"Acidiplasma cupricumulans",1,7.15057158809047e-08,1,7.15057483963524e-08
1423739,"Lentilactobacillus diolivorans",1,7.15057158809047e-08,1,7.15057465595128e-08
1299998,"Tractidigestivibacter scatoligenes",1,7.15057158809047e-08,1,7.15067694618897e-08
1223494,"Tetragenococcus solitarius",1,7.15057158809047e-08,1.1,7.58860714468193e-08
45286,"Eremothecium sinecaudum",1,7.15057158809047e-08,2.2,1.58107327418827e-07
1348632,"Pseudolactococcus plantarum",1,7.15057158809047e-08,1,7.25644930551905e-08
1462993,"Paraburkholderia ginsengiterrae",1,7.15057158809047e-08,1,7.15057583085727e-08
1354253,"Buttiauxella gaviniae",1,7.15057158809047e-08,1,7.15071450682112e-08
1354251,"Buttiauxella brennerae",1,7.15057158809047e-08,1,7.50754402620959e-08
1160497,"Aspergillus glaucus",1,7.15057158809047e-08,1,7.15057543532683e-08
2652292,"Hornefia porci",1,7.15057158809047e-08,1.2,8.50998734196213e-08
27291,"Saccharomyces paradoxus",1,7.15057158809047e-08,1,7.16214782081833e-08
1031753,"Campylobacter lanienae",1,7.15057158809047e-08,1,7.15187609107177e-08
501571,"Butyricicoccus pullicaecorum",1,7.15057158809047e-08,1,7.37841994424737e-08
1905142,"Amycolatopsis vastitatis",1,7.15057158809047e-08,1,7.15079307455049e-08
2020949,"Romboutsia weinsteinii",1,7.15057158809047e-08,1,7.21352421325831e-08
2025808,"Vibrio qinghaiensis",1,7.15057158809047e-08,1.1,7.96737080841553e-08
75985,"Mannheimia haemolytica",1,7.15057158809047e-08,1.4,1.01079888962795e-07
1960969,"Bifidobacterium criceti",1,7.15057158809047e-08,1,7.1554349645334e-08
1410605,"Bifidobacterium pseudolongum",1,7.15057158809047e-08,1,7.15733371077729e-08
1707093,"Heyndrickxia camelliae",1,7.15057158809047e-08,2.2,1.55902526595219e-07
2060068,"Chimaeribacter coloradensis",1,7.15057158809047e-08,1,7.22081203014128e-08
92488,"Pantoea endophytica",1,7.15057158809047e-08,1.7,1.20173019278719e-07
204042,"Dickeya zeae",1,7.15057158809047e-08,1.3,9.45565949147433e-08
475075,"Chryseobacterium phosphatilyticum",1,7.15057158809047e-08,1,7.15610802025862e-08
2093828,"Neorhizobium tomejilense",1,7.15057158809047e-08,1,7.15058035345052e-08
469616,"Fusobacterium mortiferum",1,7.15057158809047e-08,1,7.15057465593223e-08
2994495,"Pseudomonas paraeruginosa",1,7.15057158809047e-08,1,7.17796559661708e-08
44139,"Thauera aromatica",1,7.15057158809047e-08,2.2,1.60779161831972e-07
382641,"Trichococcus patagoniensis",1,7.15057158809047e-08,1,7.15057465593223e-08
2173853,"Streptococcus chenjunshii",1,7.15057158809047e-08,1,7.15057465593223e-08
2050966,"Proteus cibi",1,7.15057158809047e-08,1.1,7.84466464569745e-08
1450539,"Aspergillus saccharolyticus",1,7.15057158809047e-08,1,7.15057465795137e-08
1448315,"Aspergillus uvarum",1,7.15057158809047e-08,1,7.15057534088264e-08
1812858,"Anaerosacchariphilus polymeriproducens",1,7.15057158809047e-08,1,7.15057466348124e-08
358687,"Epilithonimonas hispanica",1,7.15057158809047e-08,1,7.15057465593223e-08
2036206,"Suicoccus acidiformans",1,7.15057158809047e-08,1.1,7.97107709950138e-08
2320100,"Parablautia intestinalis",1,7.15057158809047e-08,1,7.15058636221053e-08
1510573,"Rahnella bruchi",1,7.15057158809047e-08,1,7.38631213524756e-08
2479546,"Vibrio zhugei",1,7.15057158809047e-08,1.5,1.04030575334987e-07
2496871,"Piscinibacter terrae",1,7.15057158809047e-08,1,7.24508034007967e-08
105984,"Apiotrichum porosum",1,7.15057158809047e-08,1,7.15057483602923e-08
33970,"Melissococcus plutonius",1,7.15057158809047e-08,1,7.41536812233373e-08
357233,"Siccibacter turicensis",1,7.15057158809047e-08,1.3,9.10713961721439e-08
1242993,"Ehrlichia minasensis",1,7.15057158809047e-08,1.2,8.2782759174522e-08
1796618,"Cuneatibacter caecimuris",1,7.15057158809047e-08,1,7.22241307647932e-08
2547833,"Palleronia sediminis",1,7.15057158809047e-08,1.1,7.84092540820989e-08
1296537,"Enterococcus xiangfangensis",1,7.15057158809047e-08,2.1,1.53534913331946e-07
2528639,"Mariprofundus erugo",1,7.15057158809047e-08,1,7.15058313040493e-08
2582917,"Klebsiella indica",1,7.15057158809047e-08,1.1,7.60419235397928e-08
2584944,"Sutterella faecalis",1,7.15057158809047e-08,1,7.15057465593223e-08
118246,"Ureibacillus terrenus",1,7.15057158809047e-08,1,7.15057465593223e-08
2582419,"Dialister hominis",1,7.15057158809047e-08,1,7.15057465593223e-08
553385,"Cobetia crustatorum",1,7.15057158809047e-08,1,7.15057484043359e-08
554406,"Leptotrichia hongkongensis",1,7.15057158809047e-08,1.2,8.62116129009304e-08
2508867,"Prevotella brunnea",1,7.15057158809047e-08,1,7.16321823775652e-08
162,"Treponema phagedenis",1,7.15057158809047e-08,1.2,8.77611578755079e-08
2607660,"Nocardioides humilatus",1,7.15057158809047e-08,1.1,7.93222805971515e-08
2601703,"Heminiphilus faecis",1,7.15057158809047e-08,1.2,8.33874571386576e-08
2307010,"Candidatus Galacturonatibacter soehngenii",1,7.15057158809047e-08,1,7.15059435207334e-08
2652282,"Peptostreptococcus porci",1,7.15057158809047e-08,1.4,9.83813776734235e-08
2606635,"Waltera intestinalis",1,7.15057158809047e-08,1,7.15345623876238e-08
84135,"Gemella sanguinis",1,7.15057158809047e-08,1,7.17566645940923e-08
47770,"Lactobacillus crispatus",1,7.15057158809047e-08,1,7.16899714695665e-08
2607663,"Yersinia canariae",1,7.15057158809047e-08,1,7.47800310641277e-08
1798155,"Bifidobacterium aerophilum",1,7.15057158809047e-08,1.3,9.07423386319234e-08
1166482,"Pseudomaricurvus alcaniphilus",1,7.15057158809047e-08,1,7.15057465593223e-08
57171,"Corynebacterium mucifaciens",1,7.15057158809047e-08,0.5,3.57528732796611e-08
72360,"Bacillus mojavensis",1,7.15057158809047e-08,1,7.15057465593223e-08
2736291,"Palleniella intestinalis",1,7.15057158809047e-08,1,7.39676708553669e-08
1355374,"Aliarcobacter lanthieri",1,7.15057158809047e-08,1.1,7.91239524287196e-08
1054034,"Arcobacter cloacae",1,7.15057158809047e-08,1,7.15058692716891e-08
2742993,"Anaerococcus faecalis",1,7.15057158809047e-08,1.1,7.68880166096296e-08
673271,"Catenibacillus scindens",1,7.15057158809047e-08,1,7.16982312231556e-08
2986526,"Lawsonibacter celer",1,7.15057158809047e-08,1.3,9.64532819932155e-08
2763067,"Streptococcus hominis",1,7.15057158809047e-08,1.4,1.00670106269969e-07
1756020,"Flavobacterium orientale",1,7.15057158809047e-08,1,7.15057465593223e-08
1526570,"Sinisalibacter lacisalsi",1,7.15057158809047e-08,1.2,8.28735664253309e-08
1571185,"Marinithermofilum abyssi",1,7.15057158809047e-08,1,7.16339242376071e-08
103732,"Lentzea flava",1,7.15057158809047e-08,1,7.19891371928399e-08
67324,"Streptomyces massasporeus",1,7.15057158809047e-08,1.1,7.66356670063254e-08
67296,"Streptomyces finlayi",1,7.15057158809047e-08,1.5,1.08699159598329e-07
2773304,"Dyadobacter subterraneus",1,7.15057158809047e-08,1,7.15272780723015e-08
656,"Aeromonas allosaccharophila",1,7.15057158809047e-08,1,7.15058273180635e-08
85075,"Halochromatium glycolicum",1,7.15057158809047e-08,1,7.15057961721798e-08
1054,"Ectothiorhodospira shaposhnikovii",1,7.15057158809047e-08,1,7.15057465593223e-08
45972,"Staphylococcus pasteuri",1,7.15057158809047e-08,1,7.15173178778486e-08
2753746,"Thermohalobaculum xanthum",1,7.15057158809047e-08,1,7.26546577858388e-08
1808955,"Bacillus mesophilus",1,7.15057158809047e-08,0.3,2.13412869000347e-08
1151742,"Lactococcus taiwanensis",1,7.15057158809047e-08,1,7.1512267774626e-08
2912228,"Staphylococcus shinii",1,7.15057158809047e-08,1,7.1511304024692e-08
1159213,"Peptostreptococcus canis",1,7.15057158809047e-08,1,7.21474772780692e-08
2697499,"Dietzia massiliensis",1,7.15057158809047e-08,1,7.15379141532049e-08
2834768,"Pseudochrobactrum algeriensis",1,7.15057158809047e-08,1,7.22704125099341e-08
689904,"Tissierella carlieri",1,7.15057158809047e-08,1,7.15063215022958e-08
2267891,"Campylobacter novaezeelandiae",1,7.15057158809047e-08,1,7.15074884421637e-08
61646,"Lelliottia amnigena",1,7.15057158809047e-08,1,7.17332809984532e-08
2816249,"Rahnella rivi",1,7.15057158809047e-08,1,7.16643947351468e-08
465797,"Acinetobacter septicus",1,7.15057158809047e-08,1.2,8.22779109513814e-08
2870530,"Neiella holothuriorum",1,7.15057158809047e-08,1.5,1.07244945662844e-07
335017,"Rhizobium mesosinicum",1,7.15057158809047e-08,1,7.15333999157944e-08
2871826,"Symbiopectobacterium purcellii",1,7.15057158809047e-08,1.1,7.60950193053926e-08
1619313,"Duffyella gerundensis",1,7.15057158809047e-08,1,7.47728800586944e-08
932217,"Anaerosalibacter bizertensis",1,7.15057158809047e-08,1,7.15057465593223e-08
1306993,"Pseudomonas soli",1,7.15057158809047e-08,1.6,1.10879015862612e-07
2742685,"Motilimonas cestriensis",1,7.15057158809047e-08,1,7.18726842118642e-08
2901381,"Cytobacillus spongiae",1,7.15057158809047e-08,0.3,2.13412869000347e-08
2929800,"Chryseobacterium suipulveris",1,7.15057158809047e-08,1.1,7.63822708283983e-08
1907662,"Raoultibacter timonensis",1,7.15057158809047e-08,1,7.2033268459271e-08
254793,"Shewanella profunda",1,7.15057158809047e-08,1,7.1831671825041e-08
512410,"Paenibacillus camelliae",1,7.15057158809047e-08,1,7.15057466131211e-08
45303,"Alternaria infectoria",1,7.15057158809047e-08,1,7.15057465593223e-08
2967226,"Granulicatella seriolae",1,7.15057158809047e-08,1.3,9.27472198492111e-08
879566,"Acetatifactor muris",1,7.15057158809047e-08,1.1,7.94549313289169e-08
2969821,"Fundicoccus culcitae",1,7.15057158809047e-08,1,7.18326110971266e-08
518636,"Enterocloster asparagiformis",1,7.15057158809047e-08,1,7.19851030689889e-08
438033,"Ruminococcus gauvreauii",1,7.15057158809047e-08,1,7.16431163251719e-08
585,"Proteus vulgaris",1,7.15057158809047e-08,1.5,1.03924868483923e-07
2925397,"Dryocola boscaweniae",1,7.15057158809047e-08,1.4,9.72513320079641e-08
1601,"Ligilactobacillus agilis",1,7.15057158809047e-08,1,7.15057465593223e-08
855,"Fusobacterium simiae",1,7.15057158809047e-08,1.1,7.85854935355952e-08
2961893,"Pseudomonas triclosanedens",1,7.15057158809047e-08,1.2,8.39524085422052e-08
2995136,"Dellaglioa carnosa",1,7.15057158809047e-08,1,7.42266273172046e-08
1131581,"Penicillium argentinense",1,7.15057158809047e-08,1.1,7.66710135512263e-08
116970,"Penicillium angulare",1,7.15057158809047e-08,1,7.21355482769337e-08
63821,"Penicillium daleae",1,7.15057158809047e-08,1.4,1.01717909410901e-07
1814218,"Enterococcus saccharolyticus",1,7.15057158809047e-08,1,7.42554997820581e-08
3041623,"Streptococcus taonis",1,7.15057158809047e-08,1.1,7.57464115977362e-08
2974565,"Campylobacter felis",1,7.15057158809047e-08,1,7.15057465593223e-08
2050967,"Proteus faecis",1,7.15057158809047e-08,1.1,7.90345337948293e-08
615,"Serratia marcescens",1,7.15057158809047e-08,1,7.49229180950004e-08
44750,"Corynebacterium auris",1,7.15057158809047e-08,0.5,3.57528732796611e-08
3075593,"Autumnicola lenta",1,7.15057158809047e-08,1.2,8.23222755371328e-08
436663,"Sphingopyxis indica",1,7.15057158809047e-08,1.2,8.8711968319619e-08
3113737,"Bergeyella sp. RCAD1439",1,7.15057158809047e-08,1,7.1563134696129e-08
3076224,"Lactiplantibacillus paraxiangfangensis",1,7.15057158809047e-08,1,7.32585131607663e-08
3108533,"Anaerofustis butyriciformans",1,7.15057158809047e-08,1,7.1572138938124e-08
3040939,"Raoultella lignicola",1,7.15057158809047e-08,1,7.34701853679169e-08
2993430,"Streptococcus parapneumoniae",1,7.15057158809047e-08,1.2,8.65346590880805e-08
47848,"Brachybacterium tyrofermentans",1,7.15057158809047e-08,1.1,7.55193250706567e-08
454156,"Actinomadura chokoriensis",1,7.15057158809047e-08,1,7.15057465593223e-08
66882,"Streptomyces cuspidosporus",1,7.15057158809047e-08,1,7.15057611463827e-08
29305,"Streptomyces griseoincarnatus",1,7.15057158809047e-08,1.1,7.58146475922428e-08
1387849,"Comamonas faecalis",1,7.15057158809047e-08,1.5,1.07308201659286e-07
3133178,"Flavonifractor hominis",1,7.15057158809047e-08,1,7.2023765091895e-08
3133159,"Megasphaera intestinihominis",1,7.15057158809047e-08,1,7.15864252264305e-08
882626,"Pseudoalteromonas xiamenensis",1,7.15057158809047e-08,1.1,7.75656092226476e-08
1159753,"Enterococcus eurekensis",1,7.15057158809047e-08,1.4,9.90562251917473e-08
2161674,"Streptacidiphilus monticola",1,7.15057158809047e-08,1,7.16604927774944e-08
3349163,"Streptococcus hepaticus",1,7.15057158809047e-08,1,7.20235139625304e-08
176178,"Aspergillus pseudodeflectus",1,7.15057158809047e-08,1,7.15057465616893e-08
2282419,"Staphylococcus pseudoxylosus",1,7.15057158809047e-08,1,7.1511304024692e-08
1737515,"Serratia aquatilis",1,7.15057158809047e-08,1,7.16166541854504e-08
2890318,"Yersinia vastinensis",1,7.15057158809047e-08,1,7.3555876527816e-08
1337,"Streptococcus hyointestinalis",1,7.15057158809047e-08,1.3,9.13009358999157e-08
NA,"unknown genome; accession ID isNZ_DAWEHO010000060.1",1,7.15057158809047e-08,1,7.15057465593223e-08
1776382,"Neglectibacter timonensis",1,7.15057158809047e-08,1,7.24005511814917e-08
1673723,"Murdochiella massiliensis",1,7.15057158809047e-08,1.5,1.08690821825259e-07
1401087,"Dickeya aquatica",1,7.15057158809047e-08,1.2,8.64372790315543e-08
1776387,"Peptoniphilus raoultii",1,7.15057158809047e-08,1,7.15100806845214e-08
1852388,"Leptotrichia massiliensis",1,7.15057158809047e-08,1.2,8.36465771620562e-08
1870997,"Alterileibacterium massiliense",1,7.15057158809047e-08,1,7.24487443636041e-08
1903263,"Traorella massiliensis",1,7.15057158809047e-08,1,7.16653915394078e-08
1871031,"Thermophilibacter mediterraneus",1,7.15057158809047e-08,1,7.16383857273557e-08
NA,"unknown genome; accession ID isNZ_LT632322.1",1,7.15057158809047e-08,1,7.15461514362452e-08
1852386,"Thermophilibacter provencensis",1,7.15057158809047e-08,1.1,7.8520876329819e-08
1302687,"Chryseobacterium polytrichastri",1,7.15057158809047e-08,1,7.15057465593223e-08
1871017,"Aedoeadaptatus urinae",1,7.15057158809047e-08,1,7.15149572641694e-08
1871029,"Intestinibacillus massiliensis",1,7.15057158809047e-08,1,7.18445402690538e-08
1121925,"Globicatella sulfidifaciens",1,7.15057158809047e-08,1.2,8.91644781281704e-08
2026604,"Listeria costaricensis",1,7.15057158809047e-08,1,7.15929186482431e-08
158847,"Megamonas hypermegale",1,7.15057158809047e-08,1,7.15246132101447e-08
1141106,"Staphylococcus intermedius",1,7.15057158809047e-08,1,7.15057465593223e-08
764298,"Streptococcus macacae",1,7.15057158809047e-08,1,7.15057465593223e-08
29370,"Lacrimispora sphenoides",1,7.15057158809047e-08,1.1,8.16370433036551e-08
158823,"Cedecea lapagei",1,7.15057158809047e-08,1,7.27338549110968e-08
1328,"Streptococcus anginosus",1,7.15057158809047e-08,1,7.16525885067894e-08
35818,"Helicobacter pullorum",1,7.15057158809047e-08,1,7.15057465593223e-08
2590867,"Enorma burkinafasonensis",1,7.15057158809047e-08,1.2,8.59822663708907e-08
2899727,"Mediannikoviicoccus vaginalis",1,7.15057158809047e-08,1.1,7.8842459199572e-08
28151,"Serratia proteamaculans",1,7.15057158809047e-08,1.5,1.05395746789043e-07
50718,"Vibrio mytili",1,7.15057158809047e-08,1,7.15057610120567e-08
