"TaxonomyID","Genome","read_count","Proportion","readsEM","EMProportion"
214851,"Subdoligranulum variabile",3222901,0.226760997824069,3221429.5,0.226657589737221
411470,"Mediterraneibacter gnavus",1909661,0.13436237534622,1910694.9,0.134435195670283
291644,"Bacteroides salyersiae",1475170,0.103791900886851,1475148,0.103790410866543
5068,"Aspergillus tubingensis",1130615,0.0795492587438645,1130215.2,0.0795211767614643
3133156,"Faecalibacterium tardum",614328,0.0432236765172944,589562.3,0.0414812032069464
40519,"Ruminococcus callidus",566601,0.0398656391021987,566571.4,0.0398635760771134
626937,"Christensenella minuta",415812,0.0292562334453406,416166.5,0.0292811924036198
411459,"Blautia obeum",367517,0.0258582319585083,367011.5,0.0258226774470203
36656,"Penicillium crustosum",276362,0.0194446316783095,276477.7,0.0194527843803433
1108849,"Penicillium rubens",255331,0.0179649056348356,255211.8,0.0179565269767522
1496,"Clostridioides difficile",214240,0.0150737724099588,214236.2,0.0150735158052475
1125630,"Klebsiella pneumoniae",198231,0.0139473906768042,196398.1,0.0138184344020071
347253,"Streptococcus salivarius",184920,0.0130108382843987,184916.5,0.0130105967442223
2981779,"Anaerostipes amylophilus",180854,0.0127247574469319,180489.3,0.012699102814411
47715,"Lacticaseibacillus rhamnosus",171901,0.0120948308021113,171900,0.0120947691512844
88431,"Dorea longicatena",163782,0.0115235837978336,163356.2,0.0114936285885167
1169293,"Enterococcus faecalis",156241,0.0109930044581048,156240.9,0.0109930026755725
386585,"Escherichia coli",144670,0.0101788772150333,142921.4,0.0100558552942854
858893,"Exophiala dermatitidis",143628,0.0101055628439953,143628,0.0101055685320447
39483,"Faecalitalea cylindroides",128365,0.00903166913463572,128570.2,0.0090461145318807
1033731,"Alistipes timonensis",110506,0.00777512273121221,110504,0.00777498322961266
1150298,"Fusicatenibacter saccharivorans",109216,0.00768435925843006,109241.9,0.00768618303204041
411485,"Faecalibacterium prausnitzii",104815,0.00737470806175237,128140.4,0.00901587165864144
435590,"Phocaeicola vulgatus",96169,0.00676638171626832,95676.8,0.00673175376422164
46503,"Parabacteroides merdae",91207,0.00641725896282258,91468.1,0.00643563019588526
585394,"Roseburia hominis",90413,0.00636139369352876,90629.1,0.00637660150953599
28039,"Lactobacillus leichmannii",85385,0.00600762722752207,85026.1,0.00598237617909195
99287,"Salmonella enterica",74112,0.00521446705025609,74183.5,0.00521950033767186
555970,"Bifidobacterium animalis",69403,0.00488314519496064,69405.8,0.00488334161451534
89153,"[Clostridium] hylemonae",53529,0.00376626196477167,53531.7,0.0037664509130333
1448317,"Aspergillus costaricensis",46230,0.00325270957109967,43314.4,0.00304756889658585
371601,"Bacteroides xylanisolvens",43078,0.00303093711667384,41946.7,0.00295134290159581
3133155,"Faecalibacterium intestinale",43034,0.00302784130829988,42947.4,0.00302174949921153
39491,"Agathobacter rectalis",41343,0.00290886376374592,40518,0.00285082200279121
154288,"Turicibacter sanguinis",41224,0.00290049100927997,41224,0.00290049263778404
2026240,"Klebsiella quasivariicola",35637,0.00250739370506768,32024.1,0.00225319420779753
5480,"Candida parapsilosis",34808,0.00244906586093094,34808,0.0024490672394466
1121115,"Blautia wexlerae",34435,0.00242282184903347,27013.4,0.00190064519177873
1280689,"Clostridium paraputrificum",34334,0.00241571556162959,34336.5,0.00241588946550382
3133180,"Enterobacter intestinihominis",31723,0.00223200747834728,33390,0.0023492967675149
28118,"Odoribacter splanchnicus",31204,0.00219549101139075,30726.8,0.00216191647843608
187327,"Acidaminococcus intestini",30070,0.00211570358647993,29790.7,0.00209605329935181
1121129,"Butyricimonas synergistica",29026,0.0020422484968795,29023.4,0.00204206567324984
823,"Parabacteroides distasonis",25350,0.00178360777909099,25736.2,0.00181077993670042
1360,"Lactococcus lactis",25181,0.00177171706056372,25181,0.00177171507636953
2763065,"Ruminococcus hominis",24518,0.00172506885711057,21864,0.00153833393171282
592978,"Mediterraneibacter faecis",23816,0.00167567664168959,23613.2,0.00166141207567902
1712515,"Butyricicoccus faecihominis",21446,0.00150892514518286,20889,0.00146973676876494
622,"Shigella dysenteriae",19414,0.00136595508573067,19632.5,0.00138132676561257
239935,"Akkermansia muciniphila",19370,0.00136285927735671,19369.2,0.00136280613221326
2590157,"Klebsiella variicola",19343,0.00136095957676359,21169.2,0.00148945056675012
2981783,"Blautia acetigignens",18034,0.00126885927763815,17223.5,0.00121183578831528
3028070,"Claveliimonas bilis",17868,0.00125717963695455,17648.2,0.00124171387706349
742742,"Collinsella tanakaei",16602,0.00116810478692184,16602,0.00116810656612451
1448310,"Aspergillus neoniger",16156,0.00113672454749484,17441.2,0.00122714952050412
116085,"Coprococcus catus",15269,0.00107431586504696,20288.9,0.00142751170688103
621,"Shigella boydii",14612,0.00102808981728117,15144.8,0.00106557676277665
411483,"Faecalibacterium duncaniae",14493,0.00101971706281522,12437.3,0.000875080068891345
2981789,"Dorea amylophila",14287,0.00100522305088257,14085.1,0.000991019640795809
2764325,"[Eubacterium] hominis",14066,0.000989673649731516,11887.2,0.000836372472884992
1069201,"Aspergillus luchuensis",12538,0.000882164668017471,11569,0.000813985456685895
2941333,"Mediterraneibacter agrestimuris",11915,0.000838330835813381,11956.9,0.000841282377645956
357441,"Enterococcus lactis",11705,0.000823555386755822,11697.4,0.000823018587264639
3030638,"Faecalibacterium taiwanense",11211,0.000788797901829946,11354.7,0.000798910639640451
1217420,"Lactobacillus delbrueckii",10875,0.000765157183337853,11220.3,0.000789456073554286
508771,"Toxoplasma gondii",10652,0.00074946706362435,10641.6,0.00074873551160859
1448311,"Aspergillus vadensis",10454,0.000735535925941509,11680.5,0.000821832680877023
1343,"Streptococcus vestibularis",9726,0.00068431436920864,10034.8,0.000706039718594753
1870993,"Coprococcus phoceensis",9723,0.00068410329136496,11055.6,0.000777865207733233
1851428,"Faecalibacterium longum",9615,0.000676504488992502,10618.1,0.000747080135829979
3133153,"Blautia aquisgranensis",9485,0.000667357782433061,10340.8,0.000727572236769007
575,"Raoultella planticola",9077,0.000638651195692661,8762.6,0.000616531556469711
3133158,"Lachnospira intestinalis",8758,0.000616206584981417,8336.2,0.000586529591672781
1703332,"Butyribacter intestini",8649,0.000608537423327732,8597.3,0.00060489906138032
1750560,"Parabacteroides massiliensis",8281,0.000582645207836392,8213.7,0.000577911887701712
742726,"Barnesiella intestinihominis",7996,0.000562592812686848,7929.9,0.000557941505760738
2763028,"Blautia intestinalis",7921,0.000557315866594863,8315.8,0.000585095552723587
3133152,"Blautia intestinihominis",7773,0.000546902692973345,8788.8,0.000618372365895568
290338,"Citrobacter koseri",7176,0.000504898202081143,7174.6,0.000504799234853061
357276,"Phocaeicola dorei",7050,0.000496032932646608,6776.8,0.000476809751819543
2764597,"Romboutsia faecis",6955,0.000489348800930093,6954.8,0.000489331961919183
649756,"Anaerostipes hadrus",6921,0.000486956585368393,6929.2,0.000487530968921161
3053355,"Streptococcus raffinosi",6730,0.000473517962654138,6324.3,0.000444976377922869
5478,"Nakaseomyces glabratus",6716,0.000472532932716967,6716,0.000472533196009627
550,"Enterobacter cloacae",6470,0.000455224549535256,5960.2,0.000419356253965306
1522,"[Clostridium] innocuum",6327,0.000445163172319871,6651.2,0.000467976175235203
2763017,"Anaerosacchariphilus hominis",6324,0.000444952094476191,7034.7,0.000494954438439535
2929491,"Faecalibacterium wellingii",6313,0.0004441781423827,6731.8,0.000473644586442403
2834112,"Bacteroides propionicigenes",6203,0.000436438621447789,6150,0.000432709744022476
2981772,"Muricoprocola aceti",6106,0.000429613771168821,6190.7,0.000435573589248763
2447885,"Bacteroides faecalis",6089,0.000428417663387971,7126,0.000501380764172939
2763025,"Bacteroides parvus",5785,0.000407028441895124,5226.2,0.000367712878047134
2949333,"Ohessyouella blattaphilus",5474,0.000385146705433692,5473.6,0.000385117236807992
29466,"Veillonella parvula",5205,0.000366220058783772,5205,0.000366219830668381
818,"Bacteroides thetaiotaomicron",5024,0.000353485028881781,4946.2,0.000348008773793957
1681,"Bifidobacterium bifidum",5019,0.000353133232475649,5014.5,0.00035281960145856
997873,"Bacteroides caccae",4482,0.000315350298457035,3627.8,0.000255251307129216
471875,"[Ruminococcus] lactaris",4479,0.000315139220613356,5236.1,0.000368405661730396
39490,"Eubacterium ramulus",4374,0.000307751496084576,4831.6,0.000339944666659519
2949662,"Coprococcus sp. B2-R-112",4146,0.000291709579964941,4334.4,0.000304965290226731
1134687,"Klebsiella michiganensis",4122,0.000290020957215506,5139.1,0.000361584387142564
2935520,"Faecalibacterium hattorii",4003,0.000281648202749556,4227,0.000297405439302748
4909,"Pichia kudriavzevii",3979,0.000279959580000121,3982.2,0.000280184375063058
1448314,"Aspergillus eucalypticola",3796,0.000267083831535677,5551.4,0.000390589662918646
3034501,"Enterococcus spodopteracolus",3681,0.000258992514194633,3603.3,0.000253526219594426
871664,"Blautia stercoris",3658,0.000257374250726424,4374.8,0.000307807566482293
198214,"Shigella flexneri",3600,0.000253293412415289,4746.7,0.000333974532400766
536231,"Roseburia intestinalis",3469,0.000244076346574622,2991.5,0.000210480136767491
2981792,"Oscillibacter acetigenes",3386,0.000238236526232825,3191.7,0.000224568988443794
3133164,"Hominiventricola aquisgranensis",3357,0.000236196107077257,3544.5,0.000249388467221575
84112,"Eggerthella lenta",3314,0.000233170657984519,3279.8,0.000230763352938523
1720300,"Mediterraneibacter massiliensis",3296,0.000231904190922443,3305.1,0.000232542371875539
1463165,"Klebsiella quasipneumoniae",3201,0.000225220059205928,3294.6,0.000231802756193445
1589,"Lactiplantibacillus pentosus",3126,0.000219943113113943,3125.2,0.00021988930758147
624,"Shigella sonnei",3122,0.000219661675989037,3212.1,0.00022600239673927
3140788,"Streptococcus nidrosiense",3054,0.000214877244865637,3000.1,0.000211087939346236
272559,"Bacteroides fragilis",3031,0.000213258981397428,3040.7,0.000213938210174503
3133162,"Ruminococcoides intestinale",3021,0.000212555388585164,3031.3,0.000213278654952021
760570,"Streptococcus parasanguinis",2956,0.000207982035305443,2811.4,0.000197805527621562
1912897,"Blautia argi",2873,0.000202142214963646,2457.7,0.000172920912124945
1851427,"Faecalibacterium butyricigenerans",2753,0.00019369910121647,3235.7,0.00022766398748667
2899544,"Intestinirhabdus alba",2717,0.000191166167092317,2726.7,0.000191847068336481
997894,"Enterocloster bolteae",2716,0.00019109580781109,2463.2,0.000173310297604023
330879,"Aspergillus fumigatus",2664,0.000187437125187314,2664.7,0.000187484309405032
518635,"Bifidobacterium angulatum",2661,0.000187226047343635,2659.7,0.000187134548318262
2763675,"Jilunia laotingensis",2599,0.000182863771907593,2853.5,0.000200770881337289
2763673,"Yanshouia hominis",2551,0.000179486526408723,2788.1,0.000196169834347439
2003188,"Parolsenella catena",2517,0.000177094310847023,2516.3,0.000177044982807486
1628085,"Agathobaculum butyriciproducens",2509,0.000176531436597211,2611.6,0.000183752907423846
3133157,"Faecalibacterium faecis",2398,0.000168721556381073,2831.2,0.000199201146679174
2994035,"Sellimonas catena",2395,0.000168510478537394,2484.8,0.00017482831398416
1448313,"Aspergillus piperis",2386,0.000167877245006356,2404.1,0.000169150445441821
1972431,"Phytobacter ursingii",2366,0.000166470059381826,2459.6,0.000173056074653672
1499973,"Escherichia marmotae",2311,0.00016260029891437,2339.7,0.000164618183158975
3136601,"Owariibacterium komagatae",2281,0.000160489520477576,2242.5,0.000157782403409747
3078042,"Pilosibacter fragilis",2280,0.00016041916119635,2141.2,0.00015065484604683
2881264,"Blautia fusiformis",2245,0.000157956586353423,2742.8,0.000192981555281785
2981785,"Coprococcus ammoniilyticus",2158,0.000151835328886721,2326.1,0.000163662672995669
3435293,"Faecalibacterium langellae",2136,0.000150287424699738,2258.7,0.00015891786411305
537006,"Parabacteroides johnsonii",2135,0.000150217065418512,2740.5,0.000192822173542396
745368,"Gemmiger formicilis",2103,0.000147965568419265,2252.5,0.000158482379399072
1502,"Clostridium perfringens",2095,0.000147402694169453,2095,0.000147405278412863
564,"Escherichia fergusonii",2052,0.000144377245076715,2182.8,0.000153580741081049
2585117,"Alistipes onderdonkii",2011,0.00014149251454643,1968.3,0.000138490484075495
3133154,"Coprococcus intestinihominis",1999,0.000140648203171712,2359.7,0.00016602340958132
1871013,"Parabacteroides timonensis",1957,0.0001376931133602,1972.4,0.000138776214214841
2943490,"Corynebacterium stercoris",1914,0.000134667664267462,1914,0.000134667739443068
472694,"Pantoea brenneri",1904,0.000133964071455197,1892.8,0.00013317631131344
1353,"Enterococcus gallinarum",1903,0.000133893712173971,1882.4,0.000132441039719542
3079010,"Diplocloster hominis",1864,0.000131149700206139,1788.4,0.000125827689629313
2885348,"Hominifimenecus microfluidus",1840,0.000129461077456703,2157.4,0.000151793076389975
2939491,"Parabacteroides leei",1799,0.000126576346926418,1651.5,0.00011619868606033
671267,"Phocaeicola sartorii",1792,0.000126083831957833,1872.9,0.00013177929405735
2494701,"Enterobacter chengduensis",1789,0.000125872754114153,1843.3,0.000129691234531396
563192,"Bilophila wadsworthia",1782,0.000125380239145568,1782,0.000125380288656968
150056,"Mammaliicoccus fleurettii",1696,0.000119329340960092,1561.4,0.00010985807445786
1624,"Ligilactobacillus salivarius",1692,0.000119047903835186,1686.5,0.00011865798760286
2762213,"Phocaeicola faecium",1642,0.000115529939773862,1645.8,0.000115793859286029
1234680,"Streptococcus rubneri",1622,0.000114122754149333,1574,0.000110746133589394
2949650,"Parabacteroides sp. W1-Q-101",1616,0.000113700598461974,1711.9,0.000120447086267829
2981769,"Waltera acetigignens",1604,0.000112856287087257,2006.7,0.000141188546141057
379893,"Trabulsiella odontotermitis",1577,0.000110956586494142,1610.2,0.000113289098842938
428126,"Thomasclavelia spiroformis",1574,0.000110745508650463,1570.8,0.000110518183988997
470146,"Coprococcus comes",1520,0.000106946107464233,1614.6,0.000113603937155364
2653932,"Citrobacter telavivensis",1503,0.000105749999683383,1475.7,0.000103828025348224
33945,"Enterococcus avium",1457,0.000102513472746966,1504.9,0.000105885385793706
2885351,"Hominisplanchenecus faecis",1438,0.000101176646403663,1552.8,0.000109252671931341
2605778,"Clostridium porci",1429,0.000100543412872625,1482.3,0.000104292783880641
1495444,"Rhodotorula pacifica",1424,0.000100191616466492,1423.2,0.000100135485860617
310298,"Phocaeicola coprocola",1394,9.80808380296981e-05,1456.6,0.000102485198988057
2903556,"Faecalibacterium gallinarum",1384,9.73772452174334e-05,1418.9,9.9834375519996e-05
2763064,"Roseburia zhanii",1363,9.58997003116775e-05,1951.7,0.000137322008942236
1308,"Streptococcus thermophilus",1298,9.1326347031957e-05,1320.8,9.29336838665494e-05
3036443,"Streptococcus sp. ST2",1283,9.027095781356e-05,1308.9,9.20937766356539e-05
2763057,"Parabacteroides hominis",1276,8.97784428449747e-05,1263.3,8.88817984228639e-05
103621,"Actinomyces urogenitalis",1275,8.97080835637482e-05,1275,8.97076763841836e-05
565042,"Bifidobacterium longum",1244,8.75269458457277e-05,1246.7,8.77173989703246e-05
208962,"Escherichia albertii",1242,8.73862272832748e-05,1490.7,0.000104886501215292
580166,"Oceanibaculum pacificum",1181,8.30943111284601e-05,1315.5,9.25567901591002e-05
483215,"Bacteroides finegoldii",1178,8.28832332847807e-05,1253.2,8.81742813189923e-05
889204,"Streptococcus infantis",1176,8.27425147223278e-05,1241.9,8.73822971387979e-05
53346,"Enterococcus mundtii",1154,8.11946105353455e-05,1191.3,8.38188233446038e-05
1121114,"Blautia producta",1128,7.93652692234573e-05,1128.5,7.94004035044763e-05
2838470,"Candidatus Bacteroides intestinigallinarum",1121,7.8872754254872e-05,1172.1,8.24681363994277e-05
1639133,"Citrobacter portucalensis",1119,7.8732035692419e-05,1091.1,7.67717207997529e-05
3068306,"Lacticaseibacillus styriensis",1108,7.79580835989279e-05,1087.4,7.65094360401911e-05
2739389,"Phocaeicola faecicola",1107,7.78877243177014e-05,1186.2,8.34578304490359e-05
1282,"Staphylococcus epidermidis",1078,7.58473051621338e-05,1078,7.58456858944431e-05
1653435,"Merdimonas faecis",1026,7.21886225383574e-05,1260.8,8.87084678884197e-05
2981786,"Coprococcus aceti",1022,7.19071854134515e-05,1235.6,8.69360798984193e-05
296,"Pseudomonas fragi",1019,7.16961075697721e-05,860.2,6.05216749306606e-05
2981781,"Barnesiella propionica",989,6.95853291329781e-05,989.4,6.9611045910157e-05
2714353,"Vescimonas fastidiosa",987,6.94446105705251e-05,1280.1,9.00694967785686e-05
2650157,"Bacteroides zhangwenhongii",979,6.88817363207134e-05,1217.2,8.56409268568515e-05
2763027,"Blautia difficilis",971,6.83188620709016e-05,1011.8,7.11884529640474e-05
548,"Klebsiella aerogenes",969,6.81781435084487e-05,968.7,6.81583922284087e-05
225992,"Comamonas kerstersii",943,6.63488021965605e-05,943.3,6.63723771744718e-05
89014,"Blautia luti",938,6.59970057904281e-05,980.5,6.89900660609607e-05
1288826,"Marinobacter santoriniensis",924,6.50119758532576e-05,838.2,5.89767283598366e-05
626940,"Phascolarctobacterium succinatutens",915,6.43787423222193e-05,914.6,6.43499623946046e-05
2981770,"Gallintestinimicrobium propionicum",886,6.23383231666517e-05,1039.4,7.31280840706575e-05
2058152,"Klebsiella grimontii",877,6.17050896356135e-05,891.3,6.27109275787778e-05
2498453,"Geminicoccus harenae",866,6.09311375421223e-05,690.8,4.86039587186166e-05
1121331,"Hathewaya proteolytica",865,6.08607782608959e-05,825.1,5.80564424977553e-05
2819619,"Streptococcus toyakuensis",860,6.05089818547635e-05,715.2,5.03229654082193e-05
2489010,"Klebsiella africana",832,5.85389219804224e-05,835.9,5.88153690035902e-05
1640685,"Enterococcus massiliensis",820,5.76946106057048e-05,789.8,5.55704369731597e-05
1314,"Streptococcus pyogenes",815,5.73428141995724e-05,833.7,5.86570427536912e-05
100884,"Coprobacillus cateniformis",811,5.70613770746665e-05,995.7,7.00595048177355e-05
674529,"Bacteroides faecis",806,5.67095806685342e-05,898.3,6.32040669514405e-05
1064535,"Megasphaera elsdenii",777,5.46691615129666e-05,776.6,5.46433556484347e-05
2608867,"Escherichia ruysiae",771,5.42470058256078e-05,835.9,5.88152878168831e-05
301302,"Roseburia faecis",752,5.29101794823049e-05,941.7,6.62597474832225e-05
1352,"Enterococcus faecium",744,5.23473052324931e-05,777.1,5.46797304784128e-05
113107,"Streptococcus australis",734,5.16437124202284e-05,757.1,5.32674854374314e-05
536633,"Blautia glucerasea",724,5.09401196079637e-05,755,5.31206222638759e-05
39486,"Dorea formicigenerans",720,5.06586824830578e-05,826,5.81184394772755e-05
1650663,"Allofournierella massiliensis",715,5.03068860769255e-05,728.1,5.12275888870529e-05
1735,"Holdemanella biformis",704,4.95329339834343e-05,709.5,4.99172914721555e-05
2763023,"Bacteroides hominis",694,4.88293411711696e-05,711.8,5.00787245368873e-05
873513,"Segatella buccae",693,4.87589818899432e-05,693,4.87605582076808e-05
1121275,"Chitinilyticum aquatile",693,4.87589818899432e-05,637.7,4.4867941028177e-05
2606633,"Oliverpabstia intestinalis",683,4.80553890776785e-05,705,4.96017727424793e-05
93061,"Staphylococcus aureus",670,4.71407184217344e-05,670,4.71394758313564e-05
367928,"Bifidobacterium adolescentis",653,4.59446106408844e-05,656.4,4.61863551162817e-05
2666183,"Pseudomonas juntendi",653,4.59446106408844e-05,638.9,4.49559988618346e-05
1816676,"Alistipes provencensis",649,4.56631735159785e-05,656.8,4.62119537685404e-05
28116,"Bacteroides ovatus",647,4.55224549535256e-05,750.9,5.28352891139842e-05
2949651,"Parabacteroides sp. TA-V-105",646,4.54520956722991e-05,688.1,4.84116863317274e-05
1218085,"Citrobacter rodentium",645,4.53817363910726e-05,1039.4,7.3128894765529e-05
2763672,"Simiaoa sunii",639,4.49595807037138e-05,730,5.13610442198506e-05
471870,"Bacteroides intestinalis",629,4.42559878914491e-05,769.3,5.41258694168351e-05
908627,"Caballeronia mineralivorans",627,4.41152693289962e-05,628.6,4.42305597157486e-05
3064195,"Brotocaccenecus cirricatena",627,4.41152693289962e-05,866.8,6.09889183500874e-05
2981771,"Laedolimicola ammoniilytica",627,4.41152693289962e-05,852.2,5.99589478005485e-05
2981782,"Blautia ammoniilytica",600,4.22155687358815e-05,644.5,4.53482716324961e-05
2885352,"Hominiventricola filiformis",598,4.20748501734286e-05,633.6,4.45787360975311e-05
570012,"Shimwellia pseudoproteus",596,4.19341316109757e-05,504.2,3.5476825124719e-05
3030999,"Enterobacter rongchengensis",583,4.10194609550316e-05,613.5,4.31642787985959e-05
2652274,"Eisenbergiella porci",572,4.02455088615404e-05,546,3.84141523145173e-05
158836,"Enterobacter hormaechei",562,3.95419160492757e-05,563.5,3.96506973008636e-05
1940789,"Lactococcus petauri",550,3.86976046745581e-05,550,3.86955978640076e-05
626929,"Bacteroides clarus",543,3.82050897059728e-05,538.6,3.78985455987103e-05
3133163,"Ruthenibacterium intestinale",543,3.82050897059728e-05,688.4,4.8437762591111e-05
213810,"Ruminococcus champanellensis",542,3.81347304247463e-05,542,3.81366772615676e-05
1121098,"Phocaeicola massiliensis",542,3.81347304247463e-05,593,4.17259929561213e-05
208224,"Enterobacter kobei",537,3.7782934018614e-05,518.8,3.65020766602227e-05
2364647,"Pantoea piersonii",534,3.75718561749346e-05,549.6,3.86728069410283e-05
1660341,"Peptoniphilus catoniae",533,3.75014968937081e-05,521.9,3.6722272878801e-05
29391,"Gemella morbillorum",525,3.69386226438963e-05,525.2,3.69518924283558e-05
271096,"Shewanella canadensis",522,3.67275448002169e-05,553.7,3.89559272532479e-05
2497875,"Enterobacter chuandaensis",520,3.6586826237764e-05,501.2,3.52673541956699e-05
1217282,"Parabacteroides faecis",509,3.58128741442728e-05,564.9,3.97434560957079e-05
3068307,"Lacticaseibacillus zeae",509,3.58128741442728e-05,449.4,3.16160024668081e-05
3133172,"Alistipes intestinihominis",507,3.56721555818199e-05,517.6,3.64212989218744e-05
568814,"Streptococcus suis",502,3.53203591756875e-05,491.9,3.4607761414453e-05
2041044,"Eubacterium maltosivorans",499,3.51092813320081e-05,619.8,4.36099545879611e-05
5076,"Penicillium chrysogenum",499,3.51092813320081e-05,499.2,3.51199255402632e-05
879566,"Acetatifactor muris",494,3.47574849258758e-05,505.9,3.55958209148335e-05
39488,"Anaerobutyricum hallii",489,3.44056885197435e-05,496.4,3.49295251865643e-05
684066,"Streptococcus lactarius",482,3.39131735511582e-05,559,3.93330017068565e-05
1796615,"Blautia caecimuris",469,3.29985028952141e-05,506.7,3.56495958093244e-05
192222,"Campylobacter jejuni",467,3.28577843327611e-05,467,3.28573237452376e-05
2364791,"Enterococcus mediterraneensis",465,3.27170657703082e-05,458.3,3.2242532125233e-05
2981788,"Dorea ammoniilytica",464,3.26467064890817e-05,475.5,3.34538121465587e-05
1177179,"Alcanivorax hongdengensis",458,3.22245508017229e-05,608.6,4.28214619767388e-05
3014267,"Agathobaculum massiliense",453,3.18727543955906e-05,490.3,3.44970577439466e-05
2316025,"Mediterraneibacter butyricigenes",444,3.12395208645523e-05,467.2,3.28731600856529e-05
44742,"Desulfovibrio fairfieldensis",442,3.10988023020994e-05,442,3.10988408687723e-05
451513,"Mangrovibacter plantisponsor",440,3.09580837396465e-05,440.2,3.09696482210831e-05
1839807,"Rappaport israeli",437,3.0747005895967e-05,437,3.07491234726625e-05
1297617,"Intestinimonas butyriciproducens",436,3.06766466147406e-05,443,3.11690399822211e-05
2763040,"Dorea hominis",428,3.01137723649288e-05,466.4,3.28154098998362e-05
1095768,"Phytobacter massiliensis",421,2.96212573963435e-05,425.3,2.99240200776656e-05
1211819,"Holdemania massiliensis",410,2.88473053028524e-05,412.7,2.90388017707623e-05
67826,"Citrobacter sedlakii",406,2.85658681779465e-05,410.8,2.89045132961556e-05
3142537,"Enterobacter adelaidei",404,2.84251496154936e-05,421.3,2.96405441700015e-05
2881276,"Fusicatenibacter faecihominis",403,2.83547903342671e-05,495.2,3.48411216075614e-05
2589788,"Streptococcus xiaochunlingii",401,2.82140717718142e-05,486,3.41972644995725e-05
180164,"Blautia schinkii",398,2.80029939281347e-05,403.1,2.8364830852767e-05
2764323,"Catenibacterium faecis",397,2.79326346469083e-05,398.6,2.80443867185081e-05
97478,"Limosilactobacillus mucosae",393,2.76511975220024e-05,391.9,2.75715257712435e-05
1323,"Faecalicoccus pleomorphus",391,2.75104789595495e-05,390.4,2.7468024565248e-05
2600598,"Pseudomonas saxonica",384,2.70179639909642e-05,502.2,3.53338054417993e-05
1529,"Clostridium cadaveris",376,2.64550897411524e-05,430.8,3.03082455050748e-05
2797258,"Lactobacillus nasalidis",374,2.63143711786995e-05,381.2,2.68225875525313e-05
2941327,"Flintibacter muris",374,2.63143711786995e-05,355.4,2.50059357169634e-05
1259973,"Klebsiella electrica",364,2.56107783664348e-05,441,3.1030830676622e-05
2703884,"Rouxiella aceris",364,2.56107783664348e-05,360.2,2.534172435887e-05
5851,"Plasmodium knowlesi",363,2.55404190852083e-05,362.5,2.5503941696869e-05
2068655,"Novisyntrophococcus fermenticellae",363,2.55404190852083e-05,362.8,2.55282418226779e-05
328812,"Parabacteroides goldsteinii",360,2.53293412415289e-05,450.2,3.16781278515728e-05
1120978,"Allofustis seminis",359,2.52589819603024e-05,350.3,2.46491907067928e-05
2944914,"Allocoprobacillus halotolerans",358,2.5188622679076e-05,360.2,2.5341705176278e-05
65700,"Erwinia tracheiphila",357,2.51182633978495e-05,351.4,2.47245200177832e-05
253257,"Lacrimispora amygdalina",352,2.47664669917172e-05,331.7,2.33378460487058e-05
261299,"Intestinibacter bartlettii",351,2.46961077104907e-05,352.1,2.47738054417904e-05
2885356,"Hominilimicola fabiformis",340,2.39221556169995e-05,335.4,2.35970539439351e-05
2981780,"Bacteroides cellulolyticus",339,2.38517963357731e-05,352,2.47664036872888e-05
2588991,"Streptococcus symci",337,2.37110777733201e-05,378.7,2.66436121771927e-05
622312,"Roseburia inulinivorans",336,2.36407184920937e-05,371.6,2.61440502661686e-05
39482,"Faecalicatena contorta",336,2.36407184920937e-05,406.1,2.85711961863107e-05
2126740,"Clostridium fessum",327,2.30074849610554e-05,350.2,2.46374221673546e-05
2763062,"Roseburia rectibacter",326,2.2937125679829e-05,366,2.57488539320742e-05
2303987,"Motilimonas pumila",313,2.20224550238849e-05,344.9,2.42700227645445e-05
888746,"Streptococcus peroris",309,2.1741017898979e-05,319.9,2.25048638763268e-05
1293597,"Lactobacillus equicursoris",308,2.16706586177525e-05,308.2,2.16872077870522e-05
565,"Atlantibacter hermannii",307,2.1600299336526e-05,396.1,2.78664651465231e-05
537973,"Lacticaseibacillus paracasei",301,2.11781436491672e-05,295.5,2.07940015926655e-05
1796635,"Longicatena caecimuris",301,2.11781436491672e-05,316.6,2.22745277544914e-05
2763061,"Roseburia lenta",298,2.09670658054878e-05,302.4,2.12777511776087e-05
2012477,"Lactobacillus porci",297,2.08967065242614e-05,303.6,2.13626457684429e-05
82993,"Buttiauxella warmboldiae",296,2.08263472430349e-05,296.8,2.08822659553e-05
764299,"Streptococcus ictaluri",292,2.0544910118129e-05,272.9,1.92009850504559e-05
505317,"Chelonobacter oris",291,2.04745508369025e-05,281.7,1.98213097595959e-05
301,"Ectopseudomonas oleovorans",291,2.04745508369025e-05,312.9,2.20158608569758e-05
61648,"Kluyvera intermedia",289,2.03338322744496e-05,342.2,2.40768229035584e-05
3111861,"Streptococcus gingivalis",287,2.01931137119967e-05,326.8,2.29924147836239e-05
1440762,"Dyella japonica",286,2.01227544307702e-05,286,2.01227669824445e-05
218493,"Salmonella bongori",282,1.98413173058643e-05,277.2,1.95034569782005e-05
2981787,"Dorea acetigenes",282,1.98413173058643e-05,335.2,2.35863842291269e-05
2715212,"Bacteroides faecium",273,1.92080837748261e-05,262,1.84374846250416e-05
2981794,"Roseburia amylophila",271,1.90673652123732e-05,312.5,2.19847149716666e-05
3133166,"Laedolimicola intestinihominis",269,1.89266466499202e-05,278.7,1.96116837623211e-05
2941338,"Streptococcus caecimuris",269,1.89266466499202e-05,272.3,1.91610244005875e-05
2954240,"Streptococcus bouchesdurhonensis",269,1.89266466499202e-05,268.5,1.88897804008374e-05
742817,"Odoribacter laneus",266,1.87155688062408e-05,287,2.01930254493968e-05
45133,"Lasiodiplodia theobromae",265,1.86452095250143e-05,258.1,1.81597135880622e-05
2024197,"Bacteroides cutis",262,1.84341316813349e-05,261.9,1.84281039360804e-05
871665,"Blautia faecis",259,1.82230538376555e-05,312.8,2.20074939675167e-05
1936995,"Parabacteroides bouchesdurhonensis",256,1.80119759939761e-05,264.6,1.86162922699007e-05
2585118,"Alistipes communis",252,1.77305388690702e-05,278.7,1.96113886321466e-05
449673,"Bacteroides stercoris",251,1.76601795878438e-05,302,2.1245720295346e-05
546367,"Hafnia paralvei",247,1.73787424629379e-05,259.6,1.82660701943254e-05
450799,"Catenulispora yoronensis",245,1.7238023900485e-05,245,1.72392435831018e-05
391612,"Crocosphaera chwakensis",244,1.71676646192585e-05,241.6,1.70012246035964e-05
2093857,"Dysosmobacter welbionis",243,1.7097305338032e-05,238.4,1.67721326577298e-05
693979,"Bacteroides helcogenes",239,1.68158682131261e-05,234.4,1.64905699365356e-05
102684,"Streptococcus infantarius",239,1.68158682131261e-05,232.6,1.63655699578274e-05
1341132,"Aspergillus welwitschiae",238,1.67455089318997e-05,237.9,1.67419736868537e-05
2594882,"Mediterraneibacter catenae",238,1.67455089318997e-05,233.5,1.64280412455931e-05
2786956,"Phocaeicola faecalis",236,1.66047903694467e-05,295.6,2.08011615107688e-05
871327,"Parabacteroides chinchillae",236,1.66047903694467e-05,237.1,1.66811418658651e-05
1841855,"Bacteroides bouchesdurhonensis",235,1.65344310882203e-05,236.4,1.66319200581978e-05
53345,"Enterococcus durans",234,1.64640718069938e-05,234.4,1.64934911794453e-05
1121096,"Bacteroides gallinarum",228,1.6041916119635e-05,242.3,1.70509367328226e-05
2978477,"Eubacterium album",227,1.59715568384085e-05,239,1.6816142245302e-05
1871006,"Bacteroides congonensis",225,1.58308382759556e-05,225.5,1.5865476163603e-05
3068305,"Lacticaseibacillus parahuelsenbergensis",223,1.56901197135026e-05,286,2.0121292943404e-05
1002367,"Leyella stercorea",218,1.53383233073703e-05,237.9,1.67388923493904e-05
1206725,"Nocardia brevicatena",218,1.53383233073703e-05,206,1.44912559799612e-05
45851,"Eshraghiella crossota",217,1.52679640261438e-05,222,1.56226402860533e-05
51288,"Kluyvera ascorbata",216,1.51976047449174e-05,213.6,1.50314462333275e-05
102862,"Proteus penneri",214,1.50568861824644e-05,233.9,1.64561900285711e-05
1494462,"Lactococcus hircilactis",213,1.49865269012379e-05,213.6,1.50308380568601e-05
537007,"Blautia hansenii",212,1.49161676200115e-05,228.4,1.60707000140209e-05
2763042,"Dysosmobacter segnis",211,1.4845808338785e-05,229.7,1.61618201600089e-05
3117552,"Bacteroides maternus",211,1.4845808338785e-05,224.2,1.57749680641186e-05
626523,"Shuttleworthella satelles",210,1.47754490575585e-05,172.4,1.21275665825215e-05
1354,"Enterococcus hirae",209,1.47050897763321e-05,209.5,1.47404393369257e-05
2740516,"Pseudomonas ceruminis",209,1.47050897763321e-05,216,1.5198183413495e-05
2834113,"Alistipes montrealensis",206,1.44940119326527e-05,224.1,1.57695833195246e-05
2899785,"Huaxiibacter chinensis",206,1.44940119326527e-05,253.7,1.78475079909384e-05
2382163,"Streptococcus koreensis",205,1.44236526514262e-05,270.9,1.9061017425186e-05
2763063,"Roseburia yibonii",204,1.43532933701997e-05,212.5,1.49483393681676e-05
2927224,"Akkermansia massiliensis",204,1.43532933701997e-05,203.8,1.43415283498461e-05
2726362,"Faecalicatena faecalis",203,1.42829340889733e-05,232.2,1.63342057998689e-05
873447,"Streptococcus parauberis",202,1.42125748077468e-05,200.7,1.41222700091667e-05
1870991,"Massilioclostridium coli",199,1.40014969640674e-05,233,1.63954913040741e-05
2509240,"Blautia faecicola",198,1.39311376828409e-05,244.9,1.72327839607062e-05
2547410,"Enterocloster alcoholdehydrogenati",195,1.37200598391615e-05,216.2,1.5214734188754e-05
1871030,"Merdibacter massiliensis",191,1.34386227142556e-05,205.6,1.44627656703789e-05
1776391,"Romboutsia timonensis",186,1.30868263081233e-05,183.8,1.29295598808251e-05
2316720,"Corallococcus interemptor",183,1.28757484644439e-05,187.6,1.32027623945829e-05
2981720,"Bovifimicola ammoniilytica",178,1.25239520583115e-05,182.8,1.28624732693059e-05
2946555,"Akkermansia biwaensis",177,1.24535927770851e-05,177.9,1.2519285064439e-05
83332,"Mycobacterium tuberculosis",176,1.23832334958586e-05,176,1.23832358982131e-05
767769,"Aspergillus brasiliensis",175,1.23128742146321e-05,175.1,1.23171745945215e-05
2738446,"Anaerostipes faecalis",173,1.21721556521792e-05,182.3,1.28256807378525e-05
1218092,"Enterococcus pseudoavium",172,1.21017963709527e-05,174.4,1.22703619594628e-05
126998,"Penicillium bovifimosum",172,1.21017963709527e-05,171,1.20335048111003e-05
71452,"Enterococcus raffinosus",170,1.19610778084998e-05,169,1.18933420381233e-05
387090,"Phocaeicola coprophilus",167,1.17499999648204e-05,168.8,1.18754667215669e-05
2316726,"Corallococcus sicarius",164,1.1538922121141e-05,141.7,9.96769250656556e-06
1121333,"Thomasclavelia saccharogumia",163,1.14685628399145e-05,178.4,1.25510604014981e-05
742727,"Bacteroides oleiciplenus",161,1.13278442774615e-05,188.7,1.32761231179227e-05
33039,"[Ruminococcus] torques",157,1.10464071525557e-05,176,1.238331965014e-05
1796618,"Cuneatibacter caecimuris",155,1.09056885901027e-05,144.4,1.01615360976732e-05
67824,"Citrobacter farmeri",155,1.09056885901027e-05,175.1,1.23208098289471e-05
76759,"Pseudomonas monteilii",154,1.08353293088763e-05,158.1,1.11241378267613e-05
1871016,"Collinsella phocaeensis",154,1.08353293088763e-05,143.1,1.00678912249533e-05
1841865,"Mediterranea massiliensis",154,1.08353293088763e-05,155,1.0905834157929e-05
2587529,"Klebsiella pasteurii",152,1.06946107464233e-05,162.1,1.14044228148045e-05
60172,"Penicillium solitum",151,1.06242514651969e-05,147.5,1.03749984180698e-05
1689270,"Intestinimonas timonensis",150,1.05538921839704e-05,155.7,1.09582486365941e-05
717959,"Alistipes shahii",149,1.04835329027439e-05,170.5,1.1995261530753e-05
3133499,"Maccoyibacter intestinihominis",149,1.04835329027439e-05,164.4,1.15663971310146e-05
365590,"Shewanella hafniensis",147,1.0342814340291e-05,145.3,1.02206081798459e-05
1691903,"Mangrovibacter phragmitis",146,1.02724550590645e-05,137.1,9.64862499559615e-06
796943,"Oribacterium parvum",143,1.00613772153851e-05,137.7,9.69068953616465e-06
3342829,"Providencia zhejiangensis",142,9.99101793415863e-06,151,1.06273444432272e-05
2488306,"Pseudocitrobacter vendiensis",142,9.99101793415863e-06,144.5,1.01683953517247e-05
2172043,"Bifidobacterium tibiigranuli",140,9.85029937170569e-06,142.7,1.00430821122961e-05
2748301,"Streptococcus vaginalis",140,9.85029937170569e-06,129.4,9.10316725043484e-06
546275,"Fusobacterium periodonticum",139,9.77994009047922e-06,173.2,1.21887544407856e-05
283686,"Kosakonia radicincitans",138,9.70958080925275e-06,137.4,9.66546098381738e-06
596315,"Peptostreptococcus stomatis",137,9.63922152802628e-06,140,9.84756643477542e-06
2071710,"Enterobacter sichuanensis",137,9.63922152802628e-06,138.2,9.72344504972152e-06
2086575,"Parabacteroides pacaensis",137,9.63922152802628e-06,137.1,9.64579003028093e-06
2981724,"Alitiscatomonas aceti",136,9.56886224679981e-06,136.6,9.61196142532222e-06
2764327,"Holdemanella hominis",133,9.35778440312041e-06,142.6,1.00306361733041e-05
246787,"Bacteroides cellulosilyticus",133,9.35778440312041e-06,161.6,1.13679913449643e-05
86667,"Jeotgalibacillus marinus",132,9.28742512189394e-06,132,9.28743034963281e-06
2499078,"Vibrio ouci",131,9.21706584066747e-06,133.6,9.39735850242286e-06
2763671,"Jingyaoa shaoxingensis",131,9.21706584066747e-06,138.3,9.72931545579671e-06
1159752,"Enterococcus lemanii",130,9.146706559441e-06,118.9,8.36866964552704e-06
85831,"Bacteroides acidifaciens",130,9.146706559441e-06,142.8,1.00440828821048e-05
1673723,"Murdochiella massiliensis",130,9.146706559441e-06,132.9,9.35146164523382e-06
565655,"Enterococcus casseliflavus",127,8.93562871576159e-06,127.3,8.95567796840812e-06
69224,"Erwinia psidii",127,8.93562871576159e-06,135.3,9.51812233026988e-06
76860,"Streptococcus constellatus",127,8.93562871576159e-06,144.3,1.01555240758034e-05
2981774,"Suilimivivens aceti",125,8.79491015330865e-06,127.4,8.96290128813137e-06
1196081,"Talaromyces amestolkiae",124,8.72455087208218e-06,123.9,8.71479089613018e-06
2763048,"Flintibacter hominis",124,8.72455087208218e-06,122,8.58471278100167e-06
502577,"Actinoallomurus acaciae",124,8.72455087208218e-06,123,8.65083447840142e-06
679200,"Johnsonella ignava",123,8.65419159085571e-06,134.8,9.48426129613637e-06
160453,"Enterococcus gilvus",123,8.65419159085571e-06,145.9,1.02628069024178e-05
1076124,"Phytohabitans flavus",123,8.65419159085571e-06,127.9,8.99545336758556e-06
2764329,"Paeniclostridium hominis",122,8.58383230962924e-06,119.1,8.37785360538343e-06
255519,"Atlantibacter subterraneus",121,8.51347302840278e-06,120.5,8.47877580178946e-06
358742,"Enterocloster aldenensis",120,8.44311374717631e-06,134.9,9.49155807695123e-06
2763045,"Eubacterium segne",119,8.37275446594984e-06,124.7,8.77089024021592e-06
2784388,"Clostridium vitabionis",119,8.37275446594984e-06,122.9,8.64385405034092e-06
3040937,"Raoultella scottii",117,8.2320359034969e-06,113.2,7.96478513928841e-06
2604158,"Nitratidesulfovibrio liaohensis",116,8.16167662227043e-06,116,8.16168121627063e-06
133448,"Citrobacter youngae",116,8.16167662227043e-06,119.5,8.40936220388681e-06
411467,"Pseudoflavonifractor capillosus",113,7.95059877859102e-06,122.6,8.62415625095244e-06
1796622,"Extibacter muris",113,7.95059877859102e-06,131.6,9.25826003173595e-06
1613,"Limosilactobacillus fermentum",113,7.95059877859102e-06,108.6,7.63764732542267e-06
3133175,"Blautia caccae",113,7.95059877859102e-06,112.8,7.93605495431062e-06
645466,"Anaerostipes butyraticus",112,7.88023949736455e-06,112.5,7.91273801593616e-06
915173,"Faecalicoccus acidiformans",112,7.88023949736455e-06,115.5,8.12470756178413e-06
2885361,"Brotaphodocola catenula",111,7.80988021613808e-06,117.5,8.27010482563176e-06
67780,"Edwardsiella ictaluri",110,7.73952093491161e-06,107.8,7.58536386944341e-06
1494461,"Pseudolactococcus laudensis",110,7.73952093491161e-06,116.7,8.21092416147023e-06
820,"Bacteroides uniformis",110,7.73952093491161e-06,118.1,8.3110545516832e-06
2763030,"Blautia segnis",109,7.66916165368515e-06,138.6,9.7540486765835e-06
342942,"Mediterraneibacter glycyrrhizinilyticus",109,7.66916165368515e-06,132.4,9.31755742206818e-06
1218112,"Kluyvera cryocrescens",108,7.59880237245868e-06,122.1,8.59092688774878e-06
1505757,"Siccibacter colletis",107,7.52844309123221e-06,108.7,7.64485849638542e-06
NA,"unknown genome; accession ID isNZ_LR027382.1",107,7.52844309123221e-06,107,7.5288802656135e-06
2486576,"Absicoccus porci",106,7.45808381000574e-06,104.2,7.33134689391765e-06
2883104,"Neorhizobium xiangyangii",106,7.45808381000574e-06,101.3,7.12633167088518e-06
1653434,"Sellimonas intestinalis",106,7.45808381000574e-06,101.3,7.12905969050743e-06
796944,"Oribacterium asaccharolyticum",104,7.3173652475528e-06,109,7.66878414035563e-06
2919919,"Atopomonas sediminilitoris",104,7.3173652475528e-06,100.4,7.06425702563854e-06
2685834,"Parabacteroides chongii",103,7.24700596632633e-06,105.3,7.41075655878328e-06
1236512,"Bacteroides rodentium",102,7.17664668509986e-06,113.4,7.98190461183184e-06
2779518,"Blautia liquoris",101,7.10628740387339e-06,99.6,7.00931794471291e-06
2714358,"Pusillibacter faecalis",101,7.10628740387339e-06,117.6,8.27319923532871e-06
1585982,"Citrobacter bitternis",101,7.10628740387339e-06,101.1,7.11392789706037e-06
2763014,"Agathobaculum hominis",100,7.03592812264692e-06,98.9,6.96066043261396e-06
1982626,"Faecalibacillus intestinalis",100,7.03592812264692e-06,114.9,8.08388578119142e-06
2763668,"Jutongia huaianensis",99,6.96556884142045e-06,101.9,7.17135408175543e-06
1907654,"Collinsella bouchesdurhonensis",99,6.96556884142045e-06,95.2,6.69499428774391e-06
1159491,"Cronobacter malonaticus",98,6.89520956019398e-06,104.2,7.33135035965927e-06
28111,"Bacteroides eggerthii",98,6.89520956019398e-06,93.7,6.59444193590602e-06
2981726,"Hominimerdicola aceti",98,6.89520956019398e-06,102.9,7.23764018354142e-06
33031,"Peptoniphilus lacrimalis",98,6.89520956019398e-06,108.4,7.62791518391101e-06
55207,"Pectobacterium betavasculorum",97,6.82485027896751e-06,96.5,6.78756648435772e-06
361101,"Streptococcus pseudoporcinus",97,6.82485027896751e-06,118.1,8.31270006978439e-06
763034,"Bacteroides fluxus",96,6.75449099774105e-06,104.2,7.32970537690578e-06
697329,"Ruminococcus albus",95,6.68413171651458e-06,95,6.68442728648111e-06
3133173,"Niallia hominis",95,6.68413171651458e-06,95.3,6.70415883673536e-06
2290935,"Parabacteroides acidifaciens",94,6.61377243528811e-06,95.6,6.72325517879474e-06
3032872,"Petralouisia muris",93,6.54341315406164e-06,105.9,7.44854339358365e-06
69359,"Thiohalocapsa halophila",93,6.54341315406164e-06,97.4,6.85539870305894e-06
3037798,"Providencia huashanensis",91,6.4026945916087e-06,86.3,6.06945087633384e-06
596329,"Peptostreptococcus anaerobius",90,6.33233531038223e-06,94.5,6.64958069926755e-06
1156431,"Streptococcus ilei",90,6.33233531038223e-06,90.1,6.34092113097263e-06
2736290,"Xylanibacter muris",90,6.33233531038223e-06,89,6.25856708240784e-06
2490855,"Lachnoanaerobaculum gingivalis",89,6.26197602915576e-06,113.6,7.99438012162678e-06
2763026,"Blautia celeris",89,6.26197602915576e-06,91.2,6.41645590719032e-06
291645,"Bacteroides nordii",89,6.26197602915576e-06,91.8,6.4557001697539e-06
3098075,"Streptococcus dentalis",88,6.19161674792929e-06,89.5,6.29983004759777e-06
2894201,"Citrobacter meridianamericanus",88,6.19161674792929e-06,94.7,6.665393257548e-06
1938870,"Candidatus Pantoea floridensis",88,6.19161674792929e-06,89.7,6.31271387403788e-06
2763664,"Jutongia hominis",87,6.12125746670282e-06,98.2,6.90617430539293e-06
29845,"Penicillium vulpinum",86,6.05089818547635e-06,83.2,5.85628629618725e-06
2763670,"Wujia chipingensis",85,5.98053890424988e-06,90.7,6.38061527022662e-06
2107694,"Aphanothece hegewaldii",84,5.91017962302341e-06,86.9,6.11364064650284e-06
2763047,"Flintibacter faecis",84,5.91017962302341e-06,88.6,6.23569184987714e-06
2093856,"Butyricimonas faecalis",83,5.83982034179694e-06,82.2,5.78006036518691e-06
574930,"Parabacteroides gordonii",83,5.83982034179694e-06,83.1,5.84611859214089e-06
871325,"Bacteroides faecichinchillae",83,5.83982034179694e-06,86.2,6.06560529108749e-06
3133161,"Ruminococcoides intestinihominis",82,5.76946106057048e-06,97.2,6.84181361220047e-06
2762229,"Escherichia whittamii",80,5.62874249811754e-06,80.8,5.68666234852852e-06
2100821,"Lacticaseibacillus chiayiensis",80,5.62874249811754e-06,89.1,6.27103816886762e-06
1871003,"Tidjanibacter massiliensis",80,5.62874249811754e-06,75.5,5.31381056446828e-06
2929513,"Stutzerimonas marianensis",79,5.55838321689107e-06,93.3,6.56624368156648e-06
105841,"Anaerostipes caccae",78,5.4880239356646e-06,77.7,5.46667018299003e-06
268346,"Penicillium mononematosum",78,5.4880239356646e-06,78.6,5.53217152131753e-06
433664,"Nocardioides agariphilus",77,5.41766465443813e-06,74.8,5.26359478876232e-06
290055,"Faecalicatena fissicatena",77,5.41766465443813e-06,92.8,6.52643429234425e-06
1121325,"Romboutsia lituseburensis",77,5.41766465443813e-06,77.2,5.43323538682208e-06
2838947,"Enterobacter quasimori",76,5.34730537321166e-06,53.8,3.78791018945807e-06
2919500,"Simplicispira sedimenti",76,5.34730537321166e-06,82.3,5.79403880411189e-06
2963284,"Terrisporobacter muris",76,5.34730537321166e-06,75.4,5.30312878375099e-06
1121321,"Asaccharospora irregularis",76,5.34730537321166e-06,76.8,5.40704030220847e-06
762968,"Paraprevotella clara",75,5.27694609198519e-06,81.9,5.76251640307231e-06
2747601,"Ruegeria haliotis",75,5.27694609198519e-06,71,4.99786649432308e-06
203120,"Leuconostoc mesenteroides",74,5.20658681075872e-06,74,5.20845689374787e-06
1410646,"Bifidobacterium merycicum",74,5.20658681075872e-06,70.3,4.94578183670051e-06
1550024,"Ruthenibacterium lactatiformans",73,5.13622752953225e-06,76.5,5.38401015293782e-06
2169401,"Flagellimonas amoyensis",72,5.06586824830578e-06,71.9,5.0563350208931e-06
1229621,"Anaerostipes rhamnosivorans",71,4.99550896707931e-06,73.2,5.14745392727479e-06
59310,"Streptococcus macedonicus",71,4.99550896707931e-06,78.4,5.51641312596098e-06
1442599,"Luteimonas huabeiensis",70,4.92514968585285e-06,72.5,5.10454831242904e-06
348802,"Exophiala xenobiotica",70,4.92514968585285e-06,64.1,4.51344020106255e-06
1503,"Gottschalkia purinilytica",70,4.92514968585285e-06,68.9,4.8442709396526e-06
28037,"Streptococcus mitis",70,4.92514968585285e-06,71.9,5.05942287954869e-06
2499076,"Marinifilum caeruleilacunae",70,4.92514968585285e-06,63.6,4.47820445721803e-06
1288121,"Alistipes senegalensis",70,4.92514968585285e-06,70.3,4.94274232587834e-06
5481,"Diutina rugosa",69,4.85479040462638e-06,69,4.85481889499592e-06
NA,"unknown genome; accession ID isNZ_DAWEQI010000079.1",68,4.78443112339991e-06,68,4.78445135833488e-06
270249,"Bartonella phoceensis",67,4.71407184217344e-06,66.3,4.66511862776461e-06
2579935,"Jejubacter calystegiae",66,4.64371256094697e-06,66,4.64153417031314e-06
2606636,"Bilifractor porci",66,4.64371256094697e-06,67.5,4.75104761408716e-06
2681861,"Sporofaciens musculi",66,4.64371256094697e-06,70.4,4.95190301129197e-06
2690837,"Eggerthella guodeyinii",66,4.64371256094697e-06,65.4,4.6012915678328e-06
NA,"unknown genome; accession ID isNZ_AP022829.1",66,4.64371256094697e-06,64.4,4.53127533170224e-06
3133165,"Solibaculum intestinale",66,4.64371256094697e-06,62.7,4.40830459644914e-06
1776392,"Massilimicrobiota timonensis",66,4.64371256094697e-06,75.4,5.30613365229661e-06
3237104,"Erwinia plantamica",66,4.64371256094697e-06,66.6,4.68650862626299e-06
1423732,"Lacticaseibacillus casei",65,4.5733532797205e-06,70.2,4.94176011143835e-06
1796613,"Bacteroides caecimuris",65,4.5733532797205e-06,70.3,4.94658462256295e-06
2888525,"Thermomonas alba",65,4.5733532797205e-06,74.4,5.23482309958229e-06
875454,"Peptoniphilus rhinitidis",64,4.50299399849403e-06,86.7,6.10101702976015e-06
2153354,"Klebsiella huaxiensis",64,4.50299399849403e-06,62.8,4.41907901364826e-06
2925396,"Dryocola clanedunensis",64,4.50299399849403e-06,66.9,4.70600921532479e-06
1034346,"Dielma fastidiosa",63,4.43263471726756e-06,89,6.26430173522115e-06
2763645,"Lentihominibacter hominis",63,4.43263471726756e-06,72.3,5.08769314909125e-06
372463,"Oceanobacillus profundus",62,4.36227543604109e-06,62.9,4.42611129993189e-06
1151742,"Lactococcus taiwanensis",62,4.36227543604109e-06,62.1,4.36684507745256e-06
472693,"Pantoea eucrina",62,4.36227543604109e-06,64,4.5027045412611e-06
1855371,"Phytobacter palmae",62,4.36227543604109e-06,84.6,5.95034929623786e-06
NA,"unknown genome; accession ID isNZ_DAWEQI010000196.1",62,4.36227543604109e-06,62,4.36229997080279e-06
1433513,"Streptococcus gwangjuensis",61,4.29191615481462e-06,75,5.27440669076359e-06
1544696,"Rosenbergiella australiborealis",61,4.29191615481462e-06,59.6,4.19259487722994e-06
1411144,"Bacteroides caecigallinarum",61,4.29191615481462e-06,61.3,4.3118052758852e-06
2779351,"Claveliimonas monacensis",60,4.22155687358815e-06,72.1,5.07334454590961e-06
40041,"Streptococcus equi",60,4.22155687358815e-06,60.8,4.27751511602237e-06
2590867,"Enorma burkinafasonensis",60,4.22155687358815e-06,52.8,3.71384718897867e-06
2743469,"Rhabdonatronobacter sediminivivens",59,4.15119759236168e-06,64.1,4.508278463795e-06
246144,"Enterococcus italicus",59,4.15119759236168e-06,67.6,4.75953565770477e-06
3098076,"Streptococcus lingualis",59,4.15119759236168e-06,70,4.92231085982372e-06
546,"Citrobacter freundii",59,4.15119759236168e-06,69.3,4.87658462601168e-06
67827,"Citrobacter werkmanii",58,4.08083831113521e-06,60.8,4.2759377136407e-06
2719233,"Lacrimispora defluvii",58,4.08083831113521e-06,60.2,4.23691913846604e-06
2981721,"Brotomerdimonas butyrica",58,4.08083831113521e-06,67.6,4.75903194537328e-06
2478464,"Enterobacter oligotrophicus",57,4.01047902990875e-06,57,4.01383865581993e-06
2972474,"Gabonibacter chumensis",56,3.94011974868228e-06,55.9,3.9338882004102e-06
33043,"Coprococcus eutactus",56,3.94011974868228e-06,59.4,4.18107344155957e-06
NA,"unknown genome; accession ID isNZ_DAWEQI010000062.1",56,3.94011974868228e-06,56,3.94012278877487e-06
2494702,"Enterobacter huaxiensis",55,3.86976046745581e-06,55.4,3.89966987397191e-06
2763032,"Butyricimonas hominis",55,3.86976046745581e-06,56.6,3.98238988603765e-06
81947,"Vagococcus lutrae",55,3.86976046745581e-06,73.2,5.15313244975589e-06
283354,"Alternaria metachromatica",55,3.86976046745581e-06,57.8,4.06496188321108e-06
2583810,"Alteribacter natronophilus",54,3.79940118622934e-06,52.1,3.66589556950529e-06
1401079,"Mogibacterium timidum",53,3.72904190500287e-06,60.1,4.22556098232844e-06
1258,"Peptoniphilus asaccharolyticus",53,3.72904190500287e-06,54.2,3.81403998022964e-06
3044208,"Fusibacillus kribbianus",53,3.72904190500287e-06,55.4,3.89640167460188e-06
525368,"Mycobacterium parascrofulaceum",52,3.6586826237764e-06,54.8,3.85300627950016e-06
1158606,"Enterococcus asini",52,3.6586826237764e-06,51.9,3.65105463232215e-06
578459,"Rhodotorula graminis",52,3.6586826237764e-06,56.5,3.9756597796135e-06
880526,"Rikenella microfusus",51,3.58832334254993e-06,51.7,3.63472034557142e-06
27334,"Penicillium expansum",51,3.58832334254993e-06,48.7,3.42513682227713e-06
33037,"Anaerococcus vaginalis",51,3.58832334254993e-06,47.1,3.31730673153339e-06
519441,"Streptobacillus moniliformis",50,3.51796406132346e-06,56.3,3.96124971260224e-06
36847,"Anaerotignum neopropionicum",50,3.51796406132346e-06,51.7,3.63495030798043e-06
46124,"Granulicatella adiacens",50,3.51796406132346e-06,50,3.51860942571363e-06
3093657,"Acutalibacter caecimuris",50,3.51796406132346e-06,57.5,4.04368388654691e-06
1301100,"Faecalimicrobium dakarense",49,3.44760478009699e-06,46.5,3.27288147589849e-06
83683,"Lactobacillus amylolyticus",49,3.44760478009699e-06,49,3.44800358093849e-06
1857217,"Candidatus Enterococcus huntleyi",49,3.44760478009699e-06,48.9,3.44074555735921e-06
2763038,"Clostridium segne",49,3.44760478009699e-06,53.1,3.73361137324727e-06
2981725,"Brotonthovivens ammoniilytica",49,3.44760478009699e-06,51.7,3.63658106452379e-06
102148,"Solobacterium moorei",49,3.44760478009699e-06,49.8,3.50708654149792e-06
1291764,"Lactococcus fujiensis",48,3.37724549887052e-06,47.8,3.36651386620426e-06
676599,"Stenotrophomonas panacihumi",48,3.37724549887052e-06,50.4,3.5439343994941e-06
2692177,"Duganella fentianensis",47,3.30688621764405e-06,50.2,3.53374403903456e-06
2763050,"Hungatella hominis",47,3.30688621764405e-06,48.4,3.40359968596155e-06
2763669,"Qiania dongpingensis",47,3.30688621764405e-06,56.5,3.97653451929804e-06
5082,"Penicillium roqueforti",46,3.23652693641758e-06,45.6,3.20521596438571e-06
2945989,"Lutimaribacter degradans",46,3.23652693641758e-06,46.2,3.25057182035063e-06
1775168,"Flagellimonas marina",46,3.23652693641758e-06,46,3.23652875817628e-06
157792,"Halopseudomonas xiamenensis",45,3.16616765519111e-06,54.6,3.84205812540074e-06
2763066,"Ruminococcus intestinalis",45,3.16616765519111e-06,45,3.167452120408e-06
3034352,"Enterococcus entomosocium",45,3.16616765519111e-06,43.9,3.08673323130312e-06
2219695,"Luxibacter massiliensis",45,3.16616765519111e-06,48.2,3.3904717159095e-06
445970,"Alistipes putredinis",44,3.09580837396465e-06,43,3.02789901692637e-06
3133170,"Ventrimonas faecis",44,3.09580837396465e-06,44.4,3.12615350220839e-06
1960125,"Parendozoicomonas haliclonae",44,3.09580837396465e-06,44,3.0958101252431e-06
547043,"Bifidobacterium pseudocatenulatum",43,3.02544909273818e-06,40.3,2.83297496041326e-06
1115758,"Romboutsia ilealis",43,3.02544909273818e-06,45,3.16959622648198e-06
5061,"Aspergillus niger",42,2.95508981151171e-06,43.7,3.07507555819709e-06
78346,"Bifidobacterium ruminantium",42,2.95508981151171e-06,42.8,3.00948893488766e-06
2605790,"Roseburia porci",42,2.95508981151171e-06,43.6,3.06437450397288e-06
2981768,"Anthropogastromicrobium aceti",42,2.95508981151171e-06,53.3,3.74787494385621e-06
2944915,"Coprobacter tertius",42,2.95508981151171e-06,43.7,3.07307311693843e-06
3133091,"unknown genome; accession ID isNZ_JBBMER010000003.1",42,2.95508981151171e-06,42,2.95527226236129e-06
2086583,"Pseudoruminococcus massiliensis",42,2.95508981151171e-06,46,3.23624264925466e-06
1295826,"Lactococcus cremoris",41,2.88473053028524e-06,42.2,2.9671367943404e-06
2562449,"Citrobacter tructae",41,2.88473053028524e-06,42.2,2.97177296681351e-06
2230878,"Candidatus Enterococcus mangumiae",41,2.88473053028524e-06,46.1,3.24499333975487e-06
2841509,"Butyricicoccus intestinisimiae",41,2.88473053028524e-06,43.4,3.05144459617443e-06
2815733,"Tenebrionicola larvae",41,2.88473053028524e-06,44.3,3.11898527238042e-06
2927804,"Marinobacterium sedimentorum",41,2.88473053028524e-06,42.7,3.00153059635462e-06
60171,"Penicillium verrucosum",41,2.88473053028524e-06,35.5,2.49602895560494e-06
1792511,"Penicillium robsamsonii",41,2.88473053028524e-06,41.9,2.95053276833829e-06
1329,"Streptococcus canis",41,2.88473053028524e-06,41,2.8882330781274e-06
370354,"Entamoeba dispar",40,2.81437124905877e-06,40.7,2.86364577288588e-06
880074,"Barnesiella viscericola",40,2.81437124905877e-06,38.8,2.73046644556976e-06
1918949,"Solemya elarraichensis gill symbiont",40,2.81437124905877e-06,40.2,2.82763519018069e-06
2606634,"Velocimicrobium porci",40,2.81437124905877e-06,38.1,2.67764294773397e-06
694437,"Flammeovirga aprica",40,2.81437124905877e-06,38.7,2.72220487820179e-06
3032125,"Neopoerus faecalis",40,2.81437124905877e-06,39.6,2.78945495883141e-06
258052,"Kitasatospora arboriphila",40,2.81437124905877e-06,40.4,2.84084964527961e-06
511811,"Streptomyces plumbiresistens",40,2.81437124905877e-06,40,2.81736709138309e-06
1841868,"Provencibacterium massiliense",40,2.81437124905877e-06,53.2,3.74165928741742e-06
215243,"Exophiala oligosperma",39,2.7440119678323e-06,39.6,2.78293021086553e-06
105843,"Anaerobutyricum soehngenii",39,2.7440119678323e-06,39.1,2.75015169834638e-06
2924040,"Parabacteroides faecalis",39,2.7440119678323e-06,39.9,2.80911588933876e-06
3117701,"Niabella digestorum",39,2.7440119678323e-06,51.6,3.63107687853981e-06
NA,"unknown genome; accession ID isNZ_DAWEQI010000213.1",39,2.7440119678323e-06,39,2.74401351359657e-06
1005667,"Kosakonia oryziphila",39,2.7440119678323e-06,38,2.67395476188679e-06
1122155,"Lactonifactor longoviformis",39,2.7440119678323e-06,41.6,2.92402725455603e-06
1349765,"Enterococcus canis",38,2.67365268660583e-06,38.3,2.69248453982132e-06
2579922,"Pseudomonas yangonensis",38,2.67365268660583e-06,38.6,2.71236718630261e-06
1547,"Thomasclavelia ramosa",38,2.67365268660583e-06,33.7,2.37449805454585e-06
40994,"Penicillium hordei",38,2.67365268660583e-06,41.7,2.93220257207843e-06
2758443,"Mixta mediterraneensis",38,2.67365268660583e-06,38.1,2.67759971313164e-06
40837,"Mycoplana ramosa",38,2.67365268660583e-06,39.5,2.77828782496135e-06
515620,"Lachnospira eligens",37,2.60329340537936e-06,37.9,2.66660683953313e-06
2763036,"Clostridium hominis",37,2.60329340537936e-06,30,2.10949468814666e-06
2981778,"Agathobaculum ammoniilyticum",37,2.60329340537936e-06,41.4,2.91357445671524e-06
214856,"Alistipes finegoldii",37,2.60329340537936e-06,38.4,2.70481304087476e-06
3238987,"Levilactobacillus muriae",37,2.60329340537936e-06,34.5,2.4296590099422e-06
86838,"Rhodotorula paludigena",37,2.60329340537936e-06,38.1,2.68155914543003e-06
2763667,"Wansuia hejianensis",36,2.53293412415289e-06,37.3,2.62413423412284e-06
210,"Helicobacter pylori",36,2.53293412415289e-06,36,2.53293554987709e-06
3142938,"Limosilactobacillus allomucosae",36,2.53293412415289e-06,37.1,2.61013876803544e-06
1987383,"Candidatus Enterococcus wittei",35,2.46257484292642e-06,35.4,2.48909300053092e-06
2606635,"Waltera intestinalis",35,2.46257484292642e-06,35.7,2.50892518600664e-06
2979868,"Neopusillimonas aromaticivorans",35,2.46257484292642e-06,41.1,2.89435499565614e-06
1507512,"Romboutsia hominis",35,2.46257484292642e-06,33.2,2.33508531139398e-06
2040291,"Dorea phocaeensis",35,2.46257484292642e-06,35.1,2.47207186226093e-06
883111,"Facklamia hominis",34,2.39221556169995e-06,37.8,2.65615228097985e-06
46507,"Ezakiella coagulans",34,2.39221556169995e-06,41.7,2.93186341296373e-06
2173106,"Brenneria corticis",34,2.39221556169995e-06,34,2.39222177660293e-06
47880,"Pseudomonas fulva",34,2.39221556169995e-06,34.6,2.43188147329011e-06
618,"Serratia odorifera",34,2.39221556169995e-06,37.2,2.61407422457401e-06
2100822,"Kushneria phyllosphaerae",34,2.39221556169995e-06,33.9,2.38608666445026e-06
212818,"Exophiala mesophila",33,2.32185628047348e-06,37.5,2.63901886457799e-06
1505,"Paraclostridium sordellii",33,2.32185628047348e-06,33,2.32188061010654e-06
93378,"Edwardsiella hoshinae",33,2.32185628047348e-06,33.1,2.32940388693954e-06
504936,"Periweissella beninensis",33,2.32185628047348e-06,32.3,2.27611764821747e-06
1852387,"Streptococcus timonensis",33,2.32185628047348e-06,33.2,2.33817723559424e-06
1870997,"Alterileibacterium massiliense",33,2.32185628047348e-06,33,2.32520404070734e-06
88233,"Lacticaseibacillus manihotivorans",32,2.25149699924701e-06,37.1,2.61134163385919e-06
2763658,"Ligaoa zhengdingensis",32,2.25149699924701e-06,32.7,2.3032988707436e-06
2951805,"Parabacteroides absconsus",32,2.25149699924701e-06,43,3.02638400937847e-06
2981793,"Phocaeicola fibrisolvens",32,2.25149699924701e-06,37.8,2.65786272628825e-06
77097,"Vreelandella aquamarina",31,2.18113771802055e-06,27.7,1.94964776915514e-06
2763033,"Christensenella tenuis",31,2.18113771802055e-06,31.2,2.19291875014706e-06
147206,"Collinsella stercoris",31,2.18113771802055e-06,42.3,2.97660114386656e-06
3074433,"Vallitalea maricola",31,2.18113771802055e-06,30.8,2.16488777790984e-06
1243002,"Vibrio olivae",31,2.18113771802055e-06,30.8,2.16489934991051e-06
55213,"Brenneria rubrifaciens",31,2.18113771802055e-06,30.6,2.15336610440152e-06
94643,"Besnoitia besnoiti",30,2.11077843679408e-06,30,2.11161060881651e-06
2692629,"Copranaerobaculum intestinale",30,2.11077843679408e-06,35.1,2.47217784042589e-06
2705293,"Listeria valentina",30,2.11077843679408e-06,29.6,2.08374544783135e-06
1531,"Enterocloster clostridioformis",30,2.11077843679408e-06,32.1,2.25502819239099e-06
1504,"Clostridium septicum",29,2.04041915556761e-06,28.2,1.98753893094265e-06
2585119,"Alistipes dispar",29,2.04041915556761e-06,33.5,2.35545836111578e-06
2763659,"Fumia xinanensis",29,2.04041915556761e-06,29.5,2.07872445965553e-06
2834432,"Bifidobacterium pongonis",29,2.04041915556761e-06,30.5,2.14737142881233e-06
1117379,"Neobacillus bataviensis",28,1.97005987434114e-06,26.6,1.87442340577428e-06
290052,"Acetivibrio ethanolgignens",28,1.97005987434114e-06,28.8,2.02527888759513e-06
2838426,"Candidatus Agathobaculum pullicola",28,1.97005987434114e-06,29.3,2.05847499573293e-06
1841857,"Culturomica massiliensis",28,1.97005987434114e-06,30.4,2.13840244001452e-06
1121950,"Hespellia stercorisuis",28,1.97005987434114e-06,28.8,2.02345821664528e-06
525309,"Limosilactobacillus antri",27,1.89970059311467e-06,29.9,2.10658867409976e-06
667120,"Edwardsiella anguillarum",27,1.89970059311467e-06,28.2,1.98422144457875e-06
2025493,"Blautia hominis",27,1.89970059311467e-06,23.2,1.63429874250825e-06
1366,"Pseudolactococcus raffinolactis",27,1.89970059311467e-06,24.7,1.74035615050004e-06
2841504,"Dysosmobacter acutus",27,1.89970059311467e-06,31.1,2.19007364186712e-06
1337051,"Murimonas intestini",27,1.89970059311467e-06,27.4,1.92922039924016e-06
1812259,"Streptomyces ginkgonis",27,1.89970059311467e-06,28.3,1.99267732390465e-06
2020949,"Romboutsia weinsteinii",26,1.8293413118882e-06,28.7,2.02211454121268e-06
1796628,"Longibaculum muris",26,1.8293413118882e-06,30,2.10733568962196e-06
2763059,"Pseudoflavonifractor hominis",26,1.8293413118882e-06,28.9,2.03230522087724e-06
169435,"Anaerotruncus colihominis",26,1.8293413118882e-06,28.4,1.99475036436533e-06
3133422,"Flavonifractor porci",26,1.8293413118882e-06,27,1.89785611171784e-06
2725494,"Kluyvera sichuanensis",26,1.8293413118882e-06,25.8,1.81559609281196e-06
1903263,"Traorella massiliensis",26,1.8293413118882e-06,27.3,1.9213359178774e-06
1158604,"Enterococcus villorum",25,1.75898203066173e-06,27.8,1.95429406348443e-06
2304063,"Sphingobium terrigena",25,1.75898203066173e-06,25,1.76149177880941e-06
2735723,"Turicibacter bilis",25,1.75898203066173e-06,25.2,1.77573080872966e-06
3095082,"Streptococcus fermentans",25,1.75898203066173e-06,25.7,1.80607688183381e-06
1912855,"Faecalimonas umbilicata",25,1.75898203066173e-06,25.2,1.77649157069251e-06
1776384,"Emergencia timonensis",25,1.75898203066173e-06,25.9,1.82061627928879e-06
83891,"Trypanosoma conorhini",24,1.68862274943526e-06,24.8,1.7421082269627e-06
1868794,"Jeotgalibaca arthritidis",24,1.68862274943526e-06,23,1.61571733667377e-06
1745713,"Bariatricus massiliensis",24,1.68862274943526e-06,22.2,1.55898258502564e-06
762966,"Parasutterella excrementihominis",23,1.61826346820879e-06,26.1,1.83638239690203e-06
518634,"Bifidobacterium breve",23,1.61826346820879e-06,25.3,1.77692323024091e-06
88456,"Cyclospora cayetanensis",23,1.61826346820879e-06,23,1.61826438197668e-06
1292134,"Stenotrophomonas africana",23,1.61826346820879e-06,22.9,1.6102470281085e-06
2816080,"Alicyclobacillus suci",23,1.61826346820879e-06,23,1.61809068346197e-06
2815723,"Nocardia alni",23,1.61826346820879e-06,23,1.61826439784958e-06
1472417,"Butyricimonas paravirosa",23,1.61826346820879e-06,27.3,1.91821350702088e-06
3037989,"Bacteroides vicugnae",23,1.61826346820879e-06,22.9,1.60840652438382e-06
3133171,"Pseudoflavonifractor intestinihominis",23,1.61826346820879e-06,22.2,1.55920192570184e-06
640081,"Azospira oryzae",22,1.54790418698232e-06,26.1,1.83462685587538e-06
280463,"Emiliania huxleyi",22,1.54790418698232e-06,21.9,1.54310730014678e-06
1408437,"Agathobaculum desmolans",22,1.54790418698232e-06,22.1,1.55507219999736e-06
2020948,"Romboutsia maritimum",22,1.54790418698232e-06,23.3,1.63701699171724e-06
564710,"Vagococcus acidifermentans",22,1.54790418698232e-06,25.6,1.80266036198867e-06
1296540,"Paucilactobacillus nenjiangensis",22,1.54790418698232e-06,23.8,1.67631475534054e-06
1155073,"Enterococcus diestrammenae",22,1.54790418698232e-06,25.8,1.81752313226464e-06
1334,"Streptococcus dysgalactiae",22,1.54790418698232e-06,25.7,1.8051339561042e-06
1220207,"Aspergillus puulaauensis",22,1.54790418698232e-06,18.3,1.28536434135814e-06
1490,"Paraclostridium bifermentans",22,1.54790418698232e-06,20.3,1.42840940355237e-06
3075529,"Streptomyces gibsoniae",22,1.54790418698232e-06,21.6,1.5216620994662e-06
482827,"Thermus arciformis",22,1.54790418698232e-06,22,1.54790505825822e-06
1871008,"Eggerthella timonensis",22,1.54790418698232e-06,22.3,1.57099136131733e-06
610130,"Lacrimispora saccharolytica",21,1.47754490575585e-06,21.5,1.51468192936217e-06
745277,"Rahnella aquatilis",21,1.47754490575585e-06,19.3,1.36042064617969e-06
1118057,"Peptoniphilus grossensis",21,1.47754490575585e-06,21.6,1.52249110544501e-06
1130832,"Rhodotorula toruloides",21,1.47754490575585e-06,20.9,1.46995171061328e-06
1393034,"Atopobium deltae",21,1.47754490575585e-06,25.4,1.78724283281045e-06
1928661,"Bradyrhizobium cajani",21,1.47754490575585e-06,19,1.33937688846488e-06
555791,"Staphylococcus massiliensis",21,1.47754490575585e-06,20.4,1.43483583808142e-06
NA,"unknown genome; accession ID isNZ_LT671675.1",21,1.47754490575585e-06,21.3,1.4952679814468e-06
1926283,"Lachnoclostridium edouardi",21,1.47754490575585e-06,21.4,1.50566455368915e-06
1347393,"Bacteroides neonati",20,1.40718562452938e-06,20.9,1.47203873119846e-06
1452487,"Crenobacter luteus",20,1.40718562452938e-06,24.3,1.70784037410193e-06
1982628,"Faecalibacillus faecis",20,1.40718562452938e-06,19,1.33590931618441e-06
2697027,"Sodalis ligni",20,1.40718562452938e-06,18.1,1.27458445318788e-06
2713419,"Collinsella acetigenes",20,1.40718562452938e-06,23.3,1.64216280666993e-06
339861,"Clostridium aciditolerans",20,1.40718562452938e-06,20,1.40865943336243e-06
2799577,"Lacticaseibacillus suilingensis",20,1.40718562452938e-06,23,1.61562678148001e-06
1871024,"Mordavella massiliensis",20,1.40718562452938e-06,22,1.55069834478013e-06
158849,"Moellerella wisconsensis",20,1.40718562452938e-06,19,1.33754448530509e-06
3002863,"Methanocorpusculum petauri",20,1.40718562452938e-06,19.3,1.35621492346688e-06
3031799,"Providencia hangzhouensis",20,1.40718562452938e-06,19.8,1.39230875252514e-06
3376993,"Vescimonas sanitatis",20,1.40718562452938e-06,22.4,1.57271412234516e-06
3058402,"Terrisporobacter vanillatitrophus",20,1.40718562452938e-06,20.8,1.45997325108247e-06
1423778,"Paucilactobacillus oligofermentans",20,1.40718562452938e-06,22.1,1.55186327205707e-06
2764322,"Hydrogeniiclostridium mannosilyticum",19,1.33682634330292e-06,19,1.338762037804e-06
1166482,"Pseudomaricurvus alcaniphilus",19,1.33682634330292e-06,18.1,1.27539944944794e-06
549,"Pantoea agglomerans",19,1.33682634330292e-06,18.1,1.27142348938369e-06
1281486,"Lactococcus formosensis",19,1.33682634330292e-06,20.9,1.4670438633642e-06
1987501,"Massiliimalia timonensis",19,1.33682634330292e-06,20.4,1.43234667875953e-06
1676614,"Xylanibacter rarus",18,1.26646706207645e-06,20.2,1.42105247407699e-06
1570016,"Thioflexithrix psekupsensis",18,1.26646706207645e-06,19.2,1.35310008342164e-06
1288484,"Deinococcus wulumuqiensis",18,1.26646706207645e-06,16.9,1.1886054293861e-06
2736289,"Xylanibacter rodentium",18,1.26646706207645e-06,18.1,1.27662030703342e-06
2763056,"Oscillibacter hominis",18,1.26646706207645e-06,26.3,1.85050136401135e-06
2713174,"Fructobacillus parabroussonetiae",18,1.26646706207645e-06,18,1.26646784483901e-06
35703,"Citrobacter amalonaticus",18,1.26646706207645e-06,18.1,1.27373705731201e-06
2950371,"Lapidilactobacillus luobeiensis",18,1.26646706207645e-06,19.7,1.38853579832903e-06
3133178,"Flavonifractor hominis",18,1.26646706207645e-06,18.7,1.31417532036767e-06
1994,"Actinomadura rugatobispora",18,1.26646706207645e-06,18.1,1.27500143827089e-06
1907658,"Bacteroides ilei",18,1.26646706207645e-06,18.4,1.29652524663652e-06
2015901,"Massilicoli timonensis",18,1.26646706207645e-06,19.3,1.35856279551302e-06
1336236,"Ruminococcus flavefaciens",17,1.19610778084998e-06,17,1.19620957634382e-06
1384589,"Entomohabitans teleogrylli",17,1.19610778084998e-06,17.2,1.20677633639725e-06
2652276,"Holdemanella porci",17,1.19610778084998e-06,17.2,1.2069779423319e-06
1004159,"Photorhabdus tasmaniensis",17,1.19610778084998e-06,14.2,9.9978878781067e-07
2758695,"Pseudomonas chaetocerotis",17,1.19610778084998e-06,20.9,1.4689734485858e-06
254785,"Streptococcus halichoeri",17,1.19610778084998e-06,19.3,1.36118078201069e-06
2999072,"Clostridium brassicae",17,1.19610778084998e-06,19.2,1.34793740388158e-06
1850975,"Penicillium nucicola",17,1.19610778084998e-06,16.9,1.1870573705091e-06
NA,"unknown genome; accession ID isNZ_AP028032.1",17,1.19610778084998e-06,17,1.19665591211993e-06
59298,"Streptomyces thermocarboxydovorans",17,1.19610778084998e-06,16.6,1.1714264048803e-06
75292,"Streptomyces thermogriseus",17,1.19610778084998e-06,16.5,1.1576554915845e-06
69220,"Lelliottia nimipressuralis",17,1.19610778084998e-06,21,1.48036997038614e-06
1670621,"Saccharothrix lopnurensis",17,1.19610778084998e-06,19.3,1.35834991045256e-06
137545,"Serratia quinivorans",17,1.19610778084998e-06,17.1,1.2018221681507e-06
500635,"Mitsuokella multacida",16,1.12574849962351e-06,20.6,1.4487402434681e-06
546269,"Filifactor alocis",16,1.12574849962351e-06,15.6,1.09796560627798e-06
2589786,"Streptococcus shenyangsis",16,1.12574849962351e-06,16.6,1.16821726148806e-06
2606638,"Bullifex porci",16,1.12574849962351e-06,17.4,1.22375498619641e-06
626774,"Proteus terrae",16,1.12574849962351e-06,16.1,1.13011003171802e-06
2763067,"Streptococcus hominis",16,1.12574849962351e-06,15.7,1.10494613316019e-06
2866724,"Chitinilyticum piscinae",16,1.12574849962351e-06,15.8,1.1091482146498e-06
2923283,"Providencia manganoxydans",16,1.12574849962351e-06,16.7,1.17209628271271e-06
154046,"Hungatella hathewayi",16,1.12574849962351e-06,16.7,1.17619058537561e-06
438033,"Ruminococcus gauvreauii",16,1.12574849962351e-06,20.8,1.46624055980173e-06
3035606,"Catenibacterium mitsuokai",16,1.12574849962351e-06,16,1.12681381868495e-06
2763021,"Bacteroides difficilis",16,1.12574849962351e-06,16.2,1.14326377488438e-06
2926519,"Scandinavium hiltneri",15,1.05538921839704e-06,15.6,1.09552142868826e-06
69789,"Penicillium soppii",15,1.05538921839704e-06,12.4,8.750315027496e-07
3095028,"Scandinavium lactucae",15,1.05538921839704e-06,16.1,1.13376844805091e-06
796334,"Erwinia oleae",14,9.85029937170569e-07,15.9,1.11730717532841e-06
319653,"Pediococcus ethanolidurans",14,9.85029937170569e-07,14.1,9.93142273817781e-07
150033,"Enterococcus ratti",14,9.85029937170569e-07,14,9.87937715648963e-07
1720294,"Eisenbergiella massiliensis",14,9.85029937170569e-07,12.7,8.95544331927534e-07
394095,"Pyxidicoccus fallax",14,9.85029937170569e-07,15.1,1.06004039930892e-06
5083,"Penicillium canescens",14,9.85029937170569e-07,12.9,9.09941603556539e-07
371674,"Moryella indoligenes",14,9.85029937170569e-07,14,9.87192340592019e-07
522262,"Staphylococcus rostri",14,9.85029937170569e-07,18.5,1.30406526866602e-06
2316085,"Pseudomonas bubulae",14,9.85029937170569e-07,16.9,1.18564698885154e-06
1776379,"Leyella lascolaii",14,9.85029937170569e-07,14.2,9.98585404259273e-07
762982,"Paraprevotella xylaniphila",14,9.85029937170569e-07,14.3,1.00636822060017e-06
1069534,"Ligilactobacillus ruminis",13,9.146706559441e-07,13.2,9.3175900383267e-07
1121094,"Phocaeicola barnesiae",13,9.146706559441e-07,15.8,1.11064404679013e-06
5857,"Plasmodium fragile",13,9.146706559441e-07,12.5,8.79975045225782e-07
47917,"Serratia fonticola",13,9.146706559441e-07,14.1,9.90313348902336e-07
2056311,"Algoriphagus lacus",13,9.146706559441e-07,13.7,9.62363205243035e-07
2174932,"Nesterenkonia natronophila",13,9.146706559441e-07,15,1.05469013009005e-06
296842,"Solidesulfovibrio carbinolicus",13,9.146706559441e-07,12.3,8.62047049658472e-07
1457217,"Lactiplantibacillus plajomi",13,9.146706559441e-07,9.8,6.92955404148145e-07
1805431,"Enterococcus saigonensis",13,9.146706559441e-07,16.5,1.1638039796578e-06
1159213,"Peptostreptococcus canis",13,9.146706559441e-07,13.1,9.18736122248964e-07
1437816,"Methylopila turkensis",13,9.146706559441e-07,12.8,9.04110206808208e-07
3095078,"Streptococcus wuxiensis",13,9.146706559441e-07,13.2,9.26744495600396e-07
1871035,"Negativibacillus massiliensis",13,9.146706559441e-07,14.1,9.9424223022985e-07
2736608,"Streptococcus thalassemiae",13,9.146706559441e-07,12.7,8.96927932463798e-07
985002,"Staphylococcus argenteus",12,8.44311374717631e-07,12.3,8.68294184190656e-07
2292441,"Paratractidigestivibacter faecalis",12,8.44311374717631e-07,14,9.85905421195844e-07
230658,"Paraeggerthella hongkongensis",12,8.44311374717631e-07,12.2,8.56080550784139e-07
61645,"Enterobacter asburiae",12,8.44311374717631e-07,12.4,8.74246873524921e-07
2652293,"Hornefia butyriciproducens",12,8.44311374717631e-07,12.4,8.71787381492916e-07
2722702,"Salinimicrobium oceani",12,8.44311374717631e-07,12.1,8.49797560065271e-07
28133,"Prevotella nigrescens",12,8.44311374717631e-07,11.3,7.93634600499558e-07
2907145,"Rhodobacter flavimaris",12,8.44311374717631e-07,13.6,9.53686543866635e-07
2909341,"Octadecabacter dasysiphoniae",12,8.44311374717631e-07,12.1,8.52671536121101e-07
1501662,"Streptococcus parasuis",12,8.44311374717631e-07,12.6,8.85698504436703e-07
2963283,"Stenotrophomonas muris",12,8.44311374717631e-07,13.2,9.28892566400745e-07
3031993,"Enterococcus montenegrensis",12,8.44311374717631e-07,11.9,8.35435135699085e-07
69824,"Thomasclavelia cocleata",12,8.44311374717631e-07,12.2,8.60006776711058e-07
472695,"Pantoea septica",12,8.44311374717631e-07,12.9,9.07881517043159e-07
942150,"Lactiplantibacillus xiangfangensis",12,8.44311374717631e-07,13.6,9.54539916665342e-07
1293598,"Lacticaseibacillus saniviri",11,7.73952093491161e-07,10.8,7.57204083046426e-07
460384,"Enterocloster lavalensis",11,7.73952093491161e-07,10.2,7.16223339104014e-07
380911,"Parapusillimonas granuli",11,7.73952093491161e-07,11.4,8.05575159246081e-07
2763676,"Qingrenia yutianensis",11,7.73952093491161e-07,9.5,6.70157328465575e-07
658225,"Sphingomonas glacialis",11,7.73952093491161e-07,11.1,7.82551246216733e-07
1940636,"Pseudomonas shirazica",11,7.73952093491161e-07,13.6,9.59777106505559e-07
2877527,"Blautia parvula",11,7.73952093491161e-07,13.5,9.51523003768818e-07
1368474,"Romboutsia sedimentorum",11,7.73952093491161e-07,11.9,8.36379609354504e-07
1720204,"Collinsella ihumii",11,7.73952093491161e-07,11,7.73952555509566e-07
3076224,"Lactiplantibacillus paraxiangfangensis",11,7.73952093491161e-07,9.7,6.80364217547942e-07
3133167,"Faecousia intestinalis",11,7.73952093491161e-07,12.3,8.62839302802092e-07
2781224,"Neodothiora populina",11,7.73952093491161e-07,11.3,7.92576417589237e-07
887456,"Streptomyces pratens",11,7.73952093491161e-07,11,7.74149751273447e-07
1134781,"Methylopila musalis",11,7.73952093491161e-07,11.1,7.80119848341321e-07
5855,"Plasmodium vivax",10,7.03592812264692e-07,11.3,7.9701968213789e-07
742818,"Slackia piriformis",10,7.03592812264692e-07,10.1,7.1313800274191e-07
1385512,"Pontibacillus litoralis",10,7.03592812264692e-07,10.3,7.21585612953713e-07
252393,"Candidatus Erwinia dacicola",10,7.03592812264692e-07,10,7.06171212354762e-07
1448321,"Aspergillus heteromorphus",10,7.03592812264692e-07,11.3,7.9414010952356e-07
2605638,"Bradyrhizobium hipponense",10,7.03592812264692e-07,11.4,8.01451786131236e-07
577,"Raoultella terrigena",10,7.03592812264692e-07,11.9,8.37188902267919e-07
393006,"Tamlana crocina",10,7.03592812264692e-07,8.8,6.17864369020381e-07
1133319,"Bacteroides reticulotermitis",10,7.03592812264692e-07,10.3,7.26464199533059e-07
1287640,"Anaerococcus obesiensis",10,7.03592812264692e-07,13.2,9.25700960065053e-07
990412,"Limosilactobacillus alvi",10,7.03592812264692e-07,10.2,7.14533236811998e-07
2020965,"Bifidobacterium imperatoris",10,7.03592812264692e-07,9.8,6.9086259679135e-07
2850322,"Diplocloster modestus",10,7.03592812264692e-07,8.9,6.2821951927267e-07
636,"Edwardsiella tarda",10,7.03592812264692e-07,11.8,8.29132435301613e-07
2891570,"Pseudocitrobacter corydidari",10,7.03592812264692e-07,9.8,6.91709335218686e-07
2981784,"[Clostridium] ammoniilyticum",10,7.03592812264692e-07,10,7.04560982030874e-07
396014,"Brachybacterium phenoliresistens",10,7.03592812264692e-07,10,7.03593208299192e-07
457454,"Deinococcus xinjiangensis",10,7.03592812264692e-07,11,7.71065091837113e-07
2665155,"Streptomyces flavalbus",10,7.03592812264692e-07,10.3,7.23926898166689e-07
871324,"Bacteroides stercorirosoris",10,7.03592812264692e-07,10.3,7.27770447823847e-07
1836972,"Frankia canadensis",10,7.03592812264692e-07,10.3,7.2717558009738e-07
1509407,"Aspergillus nomiae",9,6.33233531038223e-07,8.7,6.12478986887082e-07
5078,"Penicillium griseofulvum",9,6.33233531038223e-07,9,6.33755733683956e-07
1642702,"Paludifilum halophilum",9,6.33233531038223e-07,9.1,6.39142333332719e-07
51049,"Actinobacillus indolicus",9,6.33233531038223e-07,8.2,5.75870097421294e-07
197614,"Streptococcus pasteurianus",9,6.33233531038223e-07,10,7.02608411103336e-07
1283,"Staphylococcus haemolyticus",9,6.33233531038223e-07,8.7,6.14021248226323e-07
2607659,"Nocardioides antri",9,6.33233531038223e-07,8.8,6.20167512707916e-07
1615494,"Mixta intestinalis",9,6.33233531038223e-07,9.1,6.42920709849225e-07
1857215,"Candidatus Enterococcus willemsii",9,6.33233531038223e-07,8.8,6.19784270455044e-07
2726742,"Flammeovirga agarivorans",9,6.33233531038223e-07,10.8,7.61872842885908e-07
1329800,"Arenicella chitinivorans",9,6.33233531038223e-07,10,7.05865058137143e-07
1363,"Lactococcus garvieae",9,6.33233531038223e-07,7.8,5.47704599311123e-07
2778550,"Pectobacterium parvum",9,6.33233531038223e-07,9,6.36590760828979e-07
2896850,"Phocaeicola oris",9,6.33233531038223e-07,8.3,5.84837705113463e-07
2867964,"Croceicoccus hydrothermalis",9,6.33233531038223e-07,7,4.95482576485135e-07
2559925,"Enterococcus dongliensis",9,6.33233531038223e-07,9.7,6.8042986564179e-07
1774958,"Rheinheimera marina",9,6.33233531038223e-07,9,6.34863130236236e-07
333962,"Providencia heimbachae",9,6.33233531038223e-07,10.4,7.29131459272899e-07
331117,"Aspergillus fischeri",8,5.62874249811754e-07,7.2,5.08363624829029e-07
1034345,"Senegalimassilia anaerobia",8,5.62874249811754e-07,8.4,5.92380292843286e-07
1159554,"Cronobacter dublinensis",8,5.62874249811754e-07,8.5,5.95384020229147e-07
1423749,"Limosilactobacillus gastricus",8,5.62874249811754e-07,7.4,5.20760934716993e-07
1720195,"Gabonibacter massiliensis",8,5.62874249811754e-07,8,5.63433184276973e-07
158822,"Cedecea neteri",8,5.62874249811754e-07,8.8,6.18235077196613e-07
2670374,"Jiangella anatolica",8,5.62874249811754e-07,8.7,6.12826885655389e-07
2490854,"Prevotella koreensis",8,5.62874249811754e-07,8.8,6.21471608897941e-07
2546350,"Citrobacter arsenatis",8,5.62874249811754e-07,8,5.64644114862358e-07
2559927,"Enterococcus songbeiensis",8,5.62874249811754e-07,8.5,5.99591795065539e-07
1512,"[Clostridium] symbiosum",8,5.62874249811754e-07,8,5.63441324024163e-07
195,"Campylobacter coli",8,5.62874249811754e-07,7.9,5.58163674475822e-07
13502,"Brettanomyces nanus",8,5.62874249811754e-07,8.1,5.67990094146592e-07
1256514,"Novosphingobium arvoryzae",8,5.62874249811754e-07,8,5.62884867637859e-07
2772109,"Mucilaginibacter glaciei",8,5.62874249811754e-07,8,5.62921729522685e-07
2779354,"Gemmiger gallinarum",8,5.62874249811754e-07,9.2,6.45283017133454e-07
2791986,"Limnobaculum allomyrinae",8,5.62874249811754e-07,8,5.63077252328525e-07
36651,"Penicillium digitatum",8,5.62874249811754e-07,9.4,6.58308332788753e-07
202956,"Acinetobacter towneri",8,5.62874249811754e-07,7.8,5.47757605257338e-07
138851,"Treponema parvum",8,5.62874249811754e-07,7.9,5.53676705912017e-07
2714355,"Vescimonas coprocola",8,5.62874249811754e-07,11.3,7.92884615311609e-07
2919913,"Shinella sedimenti",8,5.62874249811754e-07,9.1,6.40777202926783e-07
3041623,"Streptococcus taonis",8,5.62874249811754e-07,8.7,6.13576922490303e-07
1121315,"Terrisporobacter glycolicus",8,5.62874249811754e-07,8.6,6.04596065076914e-07
638574,"Nonomuraea rosea",8,5.62874249811754e-07,8.2,5.79880180703478e-07
3118588,"Ewingella docleensis",8,5.62874249811754e-07,9.8,6.91970985283489e-07
358743,"Enterocloster citroniae",8,5.62874249811754e-07,8.3,5.81626846781651e-07
2797505,"Enterobacter vonholyi",8,5.62874249811754e-07,8.2,5.78003466186105e-07
2172015,"Pseudonocardia lutea",8,5.62874249811754e-07,8,5.65610576603869e-07
535290,"Legionella nagasakiensis",8,5.62874249811754e-07,8.2,5.73435530620096e-07
484018,"Phocaeicola plebeius",7,4.92514968585285e-07,8,5.59666769980415e-07
999415,"Eggerthia catenaformis",7,4.92514968585285e-07,7.6,5.36301466571768e-07
1229662,"Pestalotiopsis fici",7,4.92514968585285e-07,8.6,6.02632180454366e-07
1177154,"Alcanivorax nanhaiticus",7,4.92514968585285e-07,7.1,5.02545052546218e-07
566552,"Bifidobacterium catenulatum",7,4.92514968585285e-07,7.8,5.49087663889971e-07
375175,"Loigolactobacillus backii",7,4.92514968585285e-07,7.9,5.53742522362523e-07
299767,"Enterobacter ludwigii",7,4.92514968585285e-07,8,5.59751894021048e-07
501571,"Butyricicoccus pullicaecorum",7,4.92514968585285e-07,8,5.6308103850916e-07
1905142,"Amycolatopsis vastitatis",7,4.92514968585285e-07,7,4.96002137532712e-07
1392255,"Aspergillus novofumigatus",7,4.92514968585285e-07,7.4,5.21735773683075e-07
2316722,"Corallococcus aberystwythensis",7,4.92514968585285e-07,7,4.9251771279647e-07
1851514,"Scandinavium goeteborgense",7,4.92514968585285e-07,7,4.92606458353976e-07
2749962,"Pseudolactococcus paracarnosus",7,4.92514968585285e-07,7.2,5.09082855235854e-07
2592656,"Vogesella urethralis",7,4.92514968585285e-07,9.3,6.53240235141351e-07
2675325,"Bifidobacterium erythrocebi",7,4.92514968585285e-07,7.1,4.96506552313828e-07
237576,"Oribacterium sinus",7,4.92514968585285e-07,7.5,5.29426660619261e-07
2764330,"Veillonella hominis",7,4.92514968585285e-07,8.8,6.18711203713042e-07
2763644,"Zhenpiania hominis",7,4.92514968585285e-07,8.6,6.05953900280212e-07
2762247,"Clostridium cibarium",7,4.92514968585285e-07,6,4.25252135940684e-07
2230876,"Candidatus Vagococcus giribetii",7,4.92514968585285e-07,7.5,5.24274928077341e-07
2800387,"Prevotella illustrans",7,4.92514968585285e-07,6.3,4.42264464123483e-07
1378263,"Ogataea philodendri",7,4.92514968585285e-07,7,4.91174348017267e-07
2885357,"Hominenteromicrobium mulieris",7,4.92514968585285e-07,6.3,4.45426976135736e-07
2839759,"Enterococcus innesii",7,4.92514968585285e-07,8.9,6.29201036648179e-07
391953,"Aquincola tertiaricarbonis",7,4.92514968585285e-07,8.5,6.01171039617222e-07
221027,"Treponema putidum",7,4.92514968585285e-07,7,4.92528470595724e-07
1882272,"Penicillium samsonianum",7,4.92514968585285e-07,8.5,5.95045306207576e-07
416450,"Penicillium antarcticum",7,4.92514968585285e-07,9.5,6.69319916808673e-07
3029274,"Amygdalobacter nucleatus",7,4.92514968585285e-07,11.6,8.13874381955979e-07
2480810,"Pseudoxanthomonas winnipegensis",7,4.92514968585285e-07,7.6,5.32234988408811e-07
1462571,"Bacteroides gallinaceum",7,4.92514968585285e-07,7.1,4.9912631247558e-07
333963,"Leucobacter iarius",7,4.92514968585285e-07,9,6.32728083943433e-07
1871018,"Angelakisella massiliensis",7,4.92514968585285e-07,7.7,5.39753925973953e-07
219574,"Pseudomonas proteolytica",7,4.92514968585285e-07,7,4.93527460762385e-07
1841856,"Bacteroides mediterraneensis",7,4.92514968585285e-07,7.1,5.02609415695372e-07
1121025,"Atopostipes suicloacalis",7,4.92514968585285e-07,10.8,7.62634725818879e-07
33033,"Parvimonas micra",7,4.92514968585285e-07,7.1,4.96455838664834e-07
147207,"Collinsella intestinalis",7,4.92514968585285e-07,7.9,5.56692442915007e-07
187979,"Mitsuokella jalaludinii",7,4.92514968585285e-07,7.5,5.24417788046117e-07
295089,"Pontixanthobacter luteolus",7,4.92514968585285e-07,7.7,5.43239867550412e-07
53442,"Eubacterium callanderi",6,4.22155687358815e-07,6,4.25537072651886e-07
679192,"Bulleidia extructa",6,4.22155687358815e-07,7,4.91319194584944e-07
1123016,"Stutzerimonas balearica",6,4.22155687358815e-07,5.9,4.18341946857355e-07
1720315,"Hugonella massiliensis",6,4.22155687358815e-07,6,4.23579319500629e-07
485602,"Actinophytocola xinjiangensis",6,4.22155687358815e-07,7.3,5.11310780620091e-07
65959,"Acetobacter pomorum",6,4.22155687358815e-07,8.2,5.78801077638607e-07
61647,"Pluralibacter gergoviae",6,4.22155687358815e-07,4.1,2.89692771964245e-07
1448315,"Aspergillus uvarum",6,4.22155687358815e-07,6,4.22155959305549e-07
411468,"[Clostridium] scindens",6,4.22155687358815e-07,6,4.23522754782556e-07
2548455,"Clostridium cuniculi",6,4.22155687358815e-07,7,4.89562991342709e-07
69969,"Macrococcus carouselicus",6,4.22155687358815e-07,6,4.22156072415266e-07
867683,"Brucella pecoris",6,4.22155687358815e-07,6.9,4.88664309483541e-07
2797506,"Enterobacter dykesii",6,4.22155687358815e-07,6.6,4.65626415901749e-07
2748010,"Thiomicrorhabdus heinhorstiae",6,4.22155687358815e-07,6,4.22164091843768e-07
29369,"Clostridium sardiniense",6,4.22155687358815e-07,6,4.2092853917675e-07
2785629,"Leclercia barmai",6,4.22155687358815e-07,6,4.25639098693103e-07
1841864,"Marseilla massiliensis",6,4.22155687358815e-07,7,4.91354769707181e-07
1187928,"Alternaria incomplexa",6,4.22155687358815e-07,6.3,4.4247886081012e-07
2949669,"Curtanaerobium respiraculi",6,4.22155687358815e-07,5.9,4.16207484230751e-07
2926469,"Silvania hatchlandensis",6,4.22155687358815e-07,6,4.18661407224429e-07
2981728,"Huintestinicola butyrica",6,4.22155687358815e-07,6.2,4.36055346702293e-07
2981773,"Muriventricola aceti",6,4.22155687358815e-07,6.6,4.66540527311779e-07
71451,"Enterococcus malodoratus",6,4.22155687358815e-07,6.2,4.35636462946688e-07
2742601,"Limosilactobacillus portuensis",6,4.22155687358815e-07,5.6,3.92236549458646e-07
3133159,"Megasphaera intestinihominis",6,4.22155687358815e-07,6.3,4.44759218159389e-07
2136147,"Bacteroides sedimenti",6,4.22155687358815e-07,5.3,3.73178149406816e-07
2890318,"Yersinia vastinensis",6,4.22155687358815e-07,6.1,4.31415004156813e-07
1816678,"Christensenella timonensis",6,4.22155687358815e-07,6.2,4.33178866712994e-07
1871019,"Enorma phocaeensis",6,4.22155687358815e-07,4.6,3.25007729013534e-07
1917868,"Blautia marasmi",6,4.22155687358815e-07,10.5,7.40150592001849e-07
477666,"Bacteroides graminisolvens",6,4.22155687358815e-07,6,4.22210438638485e-07
29372,"Clostridium thermobutyricum",5,3.51796406132346e-07,4.9,3.46916721338891e-07
1123279,"Spongiibacter tropicus",5,3.51796406132346e-07,5.1,3.58416906501459e-07
935867,"Zestomonas thermotolerans",5,3.51796406132346e-07,6.1,4.28647276465425e-07
1414720,"Clostridium saudiense",5,3.51796406132346e-07,11.6,8.13065153874939e-07
318464,"Clostridium sulfidigenes",5,3.51796406132346e-07,6,4.19719424697975e-07
91928,"Exophiala spinifera",5,3.51796406132346e-07,5,3.51796604167963e-07
1650661,"Clostridium phoceensis",5,3.51796406132346e-07,5.4,3.78642415919443e-07
76123,"Hoylesella enoeca",5,3.51796406132346e-07,4.9,3.41847603188627e-07
1796616,"Blautia pseudococcoides",5,3.51796406132346e-07,5,3.55166977865384e-07
2034155,"Serratia oryzae",5,3.51796406132346e-07,5,3.52808267169314e-07
86332,"Mogibacterium pumilum",5,3.51796406132346e-07,5.9,4.16698532533952e-07
2259170,"Pedobacter miscanthi",5,3.51796406132346e-07,5,3.51803449102061e-07
633807,"Vagococcus penaei",5,3.51796406132346e-07,5,3.51943717992942e-07
2306636,"Cellulomonas telluris",5,3.51796406132346e-07,3.8,2.64437373430001e-07
2605433,"Sphingobacterium phlebotomi",5,3.51796406132346e-07,5.2,3.66776969112409e-07
292800,"Flavonifractor plautii",5,3.51796406132346e-07,5.4,3.79903395400174e-07
2583452,"Amedibacterium intestinale",5,3.51796406132346e-07,5.1,3.60781296302726e-07
2703882,"Rahnella contaminans",5,3.51796406132346e-07,5.7,3.98438811963194e-07
1202713,"Paenalcaligenes suwonensis",5,3.51796406132346e-07,5.8,4.04706163440452e-07
2716335,"Falsiroseomonas selenitidurans",5,3.51796406132346e-07,5,3.52474958456789e-07
554,"Pectobacterium carotovorum",5,3.51796406132346e-07,5,3.51515048760822e-07
2763043,"Eggerthella hominis",5,3.51796406132346e-07,5.3,3.75964484651381e-07
1565040,"Limoniibacter endophyticus",5,3.51796406132346e-07,5.1,3.55509142094228e-07
2762223,"Clostridium faecium",5,3.51796406132346e-07,5.4,3.77746600090965e-07
61016,"Virgibacillus salexigens",5,3.51796406132346e-07,5.1,3.56822886935854e-07
2773426,"Nocardioides malaquae",5,3.51796406132346e-07,5,3.51796808639891e-07
2842355,"Pseudomonas fakonensis",5,3.51796406132346e-07,5,3.51796604149596e-07
363952,"Comamonas thiooxydans",5,3.51796406132346e-07,5.7,3.98584361385358e-07
181014,"Alternaria ethzedia",5,3.51796406132346e-07,5,3.52067062465809e-07
5074,"Penicillium brevicompactum",5,3.51796406132346e-07,8.5,5.95103241118545e-07
3029272,"Amygdalobacter indicium",5,3.51796406132346e-07,5,3.52019440818863e-07
3035284,"Prevotella sp. B2-R-102",5,3.51796406132346e-07,5,3.53871748300531e-07
2963365,"Turicibacter faecis",5,3.51796406132346e-07,5.1,3.57021472245217e-07
3133177,"Bifidobacterium hominis",5,3.51796406132346e-07,5,3.53648449022242e-07
2592333,"Sellimonas caecigallum",5,3.51796406132346e-07,5.1,3.55487164418877e-07
3378067,"Butyricimonas sp. GBGM4",5,3.51796406132346e-07,5,3.5433885846234e-07
174587,"Carnobacterium viridans",5,3.51796406132346e-07,5,3.51857236283625e-07
1871002,"Acidaminococcus timonensis",5,3.51796406132346e-07,5.7,3.98954368886598e-07
1852371,"Raoultibacter massiliensis",5,3.51796406132346e-07,5.1,3.55752311134677e-07
764290,"Streptococcus downei",5,3.51796406132346e-07,5.3,3.69570963546352e-07
1544,"Faecalicatena orotica",5,3.51796406132346e-07,5,3.51879669739729e-07
2941517,"Hominisplanchenecus murintestinalis",5,3.51796406132346e-07,5,3.51856255854321e-07
206505,"Kerstersia similis",5,3.51796406132346e-07,5,3.51796604149596e-07
428127,"Amedibacillus dolichus",4,2.81437124905877e-07,5.1,3.59031693257786e-07
592026,"Catonella morbi",4,2.81437124905877e-07,4,2.81605165205847e-07
929439,"Leishmania mexicana",4,2.81437124905877e-07,4.2,2.95666063738113e-07
1158608,"Enterococcus haemoperoxidus",4,2.81437124905877e-07,3.5,2.46820349855997e-07
1336250,"Hallella seregens",4,2.81437124905877e-07,4.2,2.94003122160249e-07
1336241,"Eubacterium xylanophilum",4,2.81437124905877e-07,4,2.81892129330903e-07
1291734,"Lacticaseibacillus nasuensis",4,2.81437124905877e-07,4,2.81437297038493e-07
1423740,"Ligilactobacillus equi",4,2.81437124905877e-07,4.1,2.86832464076567e-07
2049356,"Monocercomonoides exilis",4,2.81437124905877e-07,4,2.82023074881117e-07
1367422,"Fonsecaea erecta",4,2.81437124905877e-07,4.4,3.09934583607316e-07
1835702,"Penicillium arizonense",4,2.81437124905877e-07,4.8,3.40662050763202e-07
1122154,"Pseudolactococcus chungangensis",4,2.81437124905877e-07,3.4,2.42725602679956e-07
2086571,"Solimonas fluminis",4,2.81437124905877e-07,4,2.81678130918677e-07
2184082,"Marinifilum breve",4,2.81437124905877e-07,4,2.84024682437693e-07
2306998,"Flagellimonas pelagia",4,2.81437124905877e-07,3.6,2.51101368116444e-07
1296539,"Lacticaseibacillus songhuajiangensis",4,2.81437124905877e-07,3.4,2.41347380412498e-07
502366,"Pseudidiomarina marina",4,2.81437124905877e-07,4,2.7867510141754e-07
2485123,"Photobacterium chitinilyticum",4,2.81437124905877e-07,3.7,2.63478850065483e-07
1242993,"Ehrlichia minasensis",4,2.81437124905877e-07,4.1,2.854128421323e-07
2650158,"Bacteroides luhongzhouii",4,2.81437124905877e-07,4.2,2.92467259287486e-07
2766578,"Komagataeibacter melomenusus",4,2.81437124905877e-07,4,2.81437284870012e-07
2735897,"Sphaerotilus uruguayifluvii",4,2.81437124905877e-07,4.3,2.99897761954821e-07
1398493,"Pseudocitrobacter faecalis",4,2.81437124905877e-07,4.3,3.01503388967389e-07
225991,"Comamonas aquatica",4,2.81437124905877e-07,4.4,3.10002127950613e-07
28129,"Prevotella denticola",4,2.81437124905877e-07,3.9,2.74197012887084e-07
1917880,"Nissabacter archeti",4,2.81437124905877e-07,4.1,2.85667639464069e-07
2782350,"Dawidia cretensis",4,2.81437124905877e-07,4,2.81442379204319e-07
1074311,"Vibrio alfacsensis",4,2.81437124905877e-07,3.6,2.52988871423164e-07
3044279,"Massilia hydrophila",4,2.81437124905877e-07,4,2.81437283319677e-07
2881258,"Ruminococcus turbiniformis",4,2.81437124905877e-07,4.4,3.0662725681233e-07
29358,"Paraclostridium ghonii",4,2.81437124905877e-07,5.1,3.56666707777656e-07
2972466,"Tractidigestivibacter montrealensis",4,2.81437124905877e-07,4,2.81437476173606e-07
544645,"Butyricimonas virosa",4,2.81437124905877e-07,4.2,2.93212806550061e-07
293559,"Penicillium concentricum",4,2.81437124905877e-07,7.5,5.27526146329468e-07
3075546,"Blastococcus goldschmidtiae",4,2.81437124905877e-07,4,2.81437284072872e-07
3040939,"Raoultella lignicola",4,2.81437124905877e-07,4,2.81437677700973e-07
3139408,"Kosakonia calanthes",4,2.81437124905877e-07,4.1,2.9125906920085e-07
111803,"Actinocorallia longicatena",4,2.81437124905877e-07,4.5,3.18341778047105e-07
3133174,"Peptoniphilus hominis (ex Hitch et al. 2025)",4,2.81437124905877e-07,4.2,2.9245281591496e-07
165758,"Streptococcus gallinaceus",4,2.81437124905877e-07,4.1,2.89024523532383e-07
3342383,"Flintibacter porci",4,2.81437124905877e-07,4,2.82510192052763e-07
1675036,"Megasphaera hexanoica",4,2.81437124905877e-07,4.5,3.1371517920507e-07
556534,"Pseudomonas saponiphila",4,2.81437124905877e-07,4.5,3.1855731036675e-07
1513892,"Rhodopseudomonas pseudopalustris",4,2.81437124905877e-07,4,2.83245494307675e-07
1871033,"Olsenella urininfantis",4,2.81437124905877e-07,5.6,3.93712570608059e-07
1654388,"Staphylococcus schweitzeri",4,2.81437124905877e-07,4.1,2.91267078366305e-07
571,"Klebsiella oxytoca",4,2.81437124905877e-07,4,2.81480942083563e-07
2993456,"Lactiplantibacillus carotarum",4,2.81437124905877e-07,4.4,3.0615910606696e-07
2070686,"Enteroscipio rubneri",4,2.81437124905877e-07,5.9,4.16282767251805e-07
590409,"Dickeya parazeae",3,2.11077843679408e-07,3,2.08537018234223e-07
246409,"Rhizopus delemar",3,2.11077843679408e-07,3,2.11077962489758e-07
445971,"Anaerofustis stercorihominis",3,2.11077843679408e-07,3,2.11077962489758e-07
887899,"Mobiluncus holmesii",3,2.11077843679408e-07,3,2.14549007262718e-07
169963,"Listeria monocytogenes",3,2.11077843679408e-07,3,2.11077962566473e-07
578457,"Serpula lacrymans",3,2.11077843679408e-07,2.9,2.0350611006057e-07
1122988,"Hoylesella nanceiensis",3,2.11077843679408e-07,3,2.11238398556665e-07
1470345,"Bacteroides timonensis",3,2.11077843679408e-07,3,2.11094331900403e-07
1501230,"Paenibacillus tyrfis",3,2.11077843679408e-07,3.5,2.45640340975921e-07
1291743,"Secundilactobacillus oryzae",3,2.11077843679408e-07,4,2.82678379607329e-07
1577792,"Terrisporobacter othiniensis",3,2.11077843679408e-07,3.1,2.21328349337992e-07
1629550,"Paraclostridium benzoelyticum",3,2.11077843679408e-07,3.4,2.35964475234447e-07
312540,"Acidiplasma cupricumulans",3,2.11077843679408e-07,3,2.11077977437264e-07
1347366,"Clostridium massiliamazoniense",3,2.11077843679408e-07,3.3,2.3404174378664e-07
1423766,"Lentilactobacillus kisonensis",3,2.11077843679408e-07,3,2.13250064069985e-07
1641875,"Roseovarius atlanticus",3,2.11077843679408e-07,3,2.11234637778748e-07
1220586,"Amphibacillus sediminis",3,2.11077843679408e-07,3,2.12406362783738e-07
1348632,"Pseudolactococcus plantarum",3,2.11077843679408e-07,3.4,2.39732139576503e-07
73098,"Kluyvera georgiana",3,2.11077843679408e-07,3.1,2.1904337757308e-07
1850250,"Rhodobacter xanthinilyticus",3,2.11077843679408e-07,2.4,1.71359286507009e-07
1720557,"Streptobacillus ratti",3,2.11077843679408e-07,3,2.1107796348832e-07
1834181,"Candidatus Enterococcus mansonii",3,2.11077843679408e-07,3.5,2.45326594986878e-07
1834191,"Candidatus Enterococcus testudinis",3,2.11077843679408e-07,3,2.13236445827115e-07
417368,"Enterococcus thailandicus",3,2.11077843679408e-07,3,2.14073836939082e-07
2060066,"Chimaeribacter arupi",3,2.11077843679408e-07,6,4.21256694163944e-07
2052941,"Bifidobacterium callitrichidarum",3,2.11077843679408e-07,4.2,2.96797577865413e-07
2026339,"Oceanibium sediminis",3,2.11077843679408e-07,2.3,1.6431669095341e-07
2078689,"Pseudomonas jilinensis",3,2.11077843679408e-07,3.6,2.54969149962015e-07
1300307,"Mesorhizobium waimense",3,2.11077843679408e-07,3.2,2.22849498453299e-07
1977868,"Vagococcus bubulae",3,2.11077843679408e-07,2.7,1.90136347721757e-07
1796636,"Frisingicoccus caecimuris",3,2.11077843679408e-07,3.3,2.29821427173125e-07
2559919,"Lactiplantibacillus dongliensis",3,2.11077843679408e-07,2.8,1.94303198342222e-07
2304625,"Colwellia ponticola",3,2.11077843679408e-07,3,2.11083832765081e-07
665913,"Mixta calida",3,2.11077843679408e-07,3.5,2.43964105674796e-07
449659,"Ligilactobacillus pobuzihii",3,2.11077843679408e-07,3,2.11077962489758e-07
2726741,"Vibrio agarilyticus",3,2.11077843679408e-07,3,2.14116167237648e-07
67828,"Citrobacter gillenii",3,2.11077843679408e-07,3,2.11432831024885e-07
1492,"Clostridium butyricum",3,2.11077843679408e-07,2.7,1.90737217359527e-07
572010,"Slackia isoflavoniconvertens",3,2.11077843679408e-07,2.5,1.77068838560128e-07
2763037,"Clostridium lentum",3,2.11077843679408e-07,3,2.11195352496019e-07
2763015,"Alistipes hominis",3,2.11077843679408e-07,3,2.11138877415485e-07
2764326,"Fusobacterium hominis",3,2.11077843679408e-07,3.3,2.35392342947417e-07
2779357,"Thermophilibacter gallinarum",3,2.11077843679408e-07,2.3,1.59530783147557e-07
470565,"Prevotella histicola",3,2.11077843679408e-07,4,2.83799119463412e-07
1544695,"Rosenbergiella collisarenosi",3,2.11077843679408e-07,3,2.14403112323813e-07
2853160,"Streptococcus vulneris",3,2.11077843679408e-07,3.4,2.36726923829037e-07
69218,"Enterobacter cancerogenus",3,2.11077843679408e-07,3,2.12835703919723e-07
2839743,"Hominibacterium faecale",3,2.11077843679408e-07,3.1,2.16781781648653e-07
2920385,"Halomonas flagellata",3,2.11077843679408e-07,3,2.12931932661113e-07
53344,"Staphylococcus delphini",3,2.11077843679408e-07,3,2.11077962489758e-07
2961893,"Pseudomonas triclosanedens",3,2.11077843679408e-07,3.8,2.64866916940304e-07
3016083,"Phocaeicola acetigenes",3,2.11077843679408e-07,3.3,2.32714286389525e-07
2838522,"Candidatus Collinsella stercoripullorum",3,2.11077843679408e-07,3,2.11615970875824e-07
3035291,"Lacticaseibacillus huelsenbergensis",3,2.11077843679408e-07,3.8,2.70382973133091e-07
1541,"Terrisporobacter mayombei",3,2.11077843679408e-07,4,2.80401366713286e-07
3065809,"Lachnoanaerobaculum sanguinis",3,2.11077843679408e-07,3.3,2.31111668437187e-07
2925781,"Rheinheimera metallidurans",3,2.11077843679408e-07,3.2,2.26014955170086e-07
2703794,"Serratia nevei",3,2.11077843679408e-07,3.1,2.18394197693101e-07
1559,"Clostridium tertium",3,2.11077843679408e-07,3.2,2.22538777174942e-07
280238,"Nocardiopsis rhodophaea",3,2.11077843679408e-07,3,2.11402234144134e-07
74703,"Staphylococcus capitis",3,2.11077843679408e-07,3.2,2.22537578173012e-07
875043,"Rheinheimera tilapiae",3,2.11077843679408e-07,3,2.11553601750052e-07
1335613,"Gordonibacter urolithinfaciens",3,2.11077843679408e-07,3,2.1252441625885e-07
349094,"Megasphaera sueciensis",3,2.11077843679408e-07,3.1,2.15832319628421e-07
3378099,"Providencia lanzhouensis",3,2.11077843679408e-07,4.5,3.19675181105789e-07
1816680,"Vaginella massiliensis",3,2.11077843679408e-07,3.4,2.3874398521669e-07
2897707,"Merdimmobilis hominis",3,2.11077843679408e-07,3.2,2.23715802739137e-07
1909670,"Gemella massiliensis",3,2.11077843679408e-07,3,2.13014433336794e-07
NA,"unknown genome; accession ID isNZ_LT706985.1",3,2.11077843679408e-07,3,2.11694293751699e-07
2057797,"Anaerococcus marasmi",3,2.11077843679408e-07,2.7,1.91431125519626e-07
164,"Treponema pectinovorum",3,2.11077843679408e-07,2.6,1.8639630502223e-07
2478468,"Pigmentiphaga humi",3,2.11077843679408e-07,3,2.13168201703777e-07
2991833,"Limosilactobacillus pulli",3,2.11077843679408e-07,3,2.11131811437432e-07
185431,"Trypanosoma brucei",2,1.40718562452938e-07,2.5,1.79113775562226e-07
360107,"Campylobacter hominis",2,1.40718562452938e-07,2,1.40755748538114e-07
1035377,"Yersinia pestis",2,1.40718562452938e-07,2.1,1.4888401954484e-07
796942,"Stomatobaculum longum",2,1.40718562452938e-07,2.2,1.55525883344485e-07
406817,"Xenorhabdus nematophila",2,1.40718562452938e-07,2,1.40720661172874e-07
1277687,"Pseudozyma flocculosa",2,1.40718562452938e-07,2,1.40718641659838e-07
1121914,"Gemella cuniculi",2,1.40718562452938e-07,2,1.41049325929089e-07
1121111,"Bifidobacterium thermacidophilum",2,1.40718562452938e-07,2.1,1.45427681208038e-07
1345695,"Clostridium saccharobutylicum",2,1.40718562452938e-07,1,7.33430347043538e-08
1395125,"Segatella salivae",2,1.40718562452938e-07,2.4,1.67104713294238e-07
1413187,"Lactiplantibacillus fabifermentans",2,1.40718562452938e-07,2.6,1.81129456076923e-07
78343,"Bifidobacterium boum",2,1.40718562452938e-07,2.1,1.44734787531763e-07
633415,"Aeromonas sanarellii",2,1.40718562452938e-07,2,1.40718645463225e-07
569365,"Cladophialophora immunda",2,1.40718562452938e-07,2.2,1.54642337238522e-07
1245769,"Lachancea lanzarotensis",2,1.40718562452938e-07,2.4,1.72272364307181e-07
1670446,"Lactiplantibacillus herbarum",2,1.40718562452938e-07,2.2,1.53422180001427e-07
1194083,"Nostocoides japonicum",2,1.40718562452938e-07,2,1.40865349200266e-07
1236517,"Prevotella fusca",2,1.40718562452938e-07,2,1.40723127384186e-07
86176,"Pseudomonas meliae",2,1.40718562452938e-07,2,1.40718641659838e-07
1423739,"Lentilactobacillus diolivorans",2,1.40718562452938e-07,1.9,1.32832919825289e-07
1423722,"Amylolactobacillus amylotrophicus",2,1.40718562452938e-07,2.2,1.56436543451882e-07
1673722,"Actinomyces ihuae",2,1.40718562452938e-07,2,1.40742625274188e-07
39480,"Andreesenia angusta",2,1.40718562452938e-07,2.3,1.60219684512475e-07
1036612,"Aspergillus sydowii",2,1.40718562452938e-07,2.3,1.63778991910941e-07
2024554,"Virgibacillus indicus",2,1.40718562452938e-07,2,1.40736084675455e-07
1707093,"Heyndrickxia camelliae",2,1.40718562452938e-07,1.5,1.05605875277054e-07
1392256,"Aspergillus ochraceoroseus",2,1.40718562452938e-07,2.6,1.8208252165115e-07
33029,"Anaerococcus hydrogenalis",2,1.40718562452938e-07,2,1.4081628308813e-07
1981510,"Monoglobus pectinilyticus",2,1.40718562452938e-07,2.1,1.46099174398378e-07
1122955,"Petrotoga olearia",2,1.40718562452938e-07,2.2,1.545089357557e-07
1121340,"Clostridium thermopalmarium",2,1.40718562452938e-07,1.8,1.28396171399045e-07
2792979,"Gardnerella swidsinskii",2,1.40718562452938e-07,2,1.40718681740223e-07
61171,"Holdemania filiformis",2,1.40718562452938e-07,2,1.40777193563237e-07
2307076,"Teichococcus vastitatis",2,1.40718562452938e-07,3.6,2.55681122447042e-07
2316736,"Corallococcus exercitus",2,1.40718562452938e-07,2,1.4072074344722e-07
2320100,"Parablautia intestinalis",2,1.40718562452938e-07,2,1.40720924175257e-07
1290,"Staphylococcus hominis",2,1.40718562452938e-07,2.2,1.55164501763717e-07
1502943,"Veillonella seminalis",2,1.40718562452938e-07,2.1,1.45284517080273e-07
2320868,"Clostridium manihotivorum",2,1.40718562452938e-07,2,1.40718641659838e-07
2509433,"Senegalimassilia faecalis",2,1.40718562452938e-07,2.5,1.7607884128024e-07
72026,"Helcococcus ovis",2,1.40718562452938e-07,2.1,1.46758586845747e-07
930854,"Enterococcus viikkiensis",2,1.40718562452938e-07,2.1,1.49885347285434e-07
1296537,"Enterococcus xiangfangensis",2,1.40718562452938e-07,3.4,2.39451061310041e-07
2597270,"Alkalicoccobacillus porphyridii",2,1.40718562452938e-07,2.4,1.67336561795058e-07
2211183,"Evtepia gabavorous",2,1.40718562452938e-07,2.5,1.79237679808671e-07
1506151,"Aspergillus pseudonomiae",2,1.40718562452938e-07,2.2,1.55459147663039e-07
180957,"Pectobacterium brasiliense",2,1.40718562452938e-07,2.1,1.44700640807866e-07
2320879,"Parablautia muri",2,1.40718562452938e-07,2,1.41108785015955e-07
2722706,"Secundilactobacillus angelensis",2,1.40718562452938e-07,3.5,2.43991143453066e-07
2736294,"Xylanibacter caecicola",2,1.40718562452938e-07,2.1,1.49314237739212e-07
2754726,"Corynebacterium haemomassiliense",2,1.40718562452938e-07,2,1.44059197986543e-07
1485586,"Streptomyces calidiresistens",2,1.40718562452938e-07,2,1.40727345589559e-07
2759752,"Limosilactobacillus albertensis",2,1.40718562452938e-07,2.1,1.45412346906554e-07
2763656,"Guopingia tenuis",2,1.40718562452938e-07,2.3,1.60404241427478e-07
1795310,"Paracoccus acridae",2,1.40718562452938e-07,1.5,1.08374245327358e-07
67324,"Streptomyces massasporeus",2,1.40718562452938e-07,2.1,1.49637163686012e-07
2762212,"Phocaeicola intestinalis",2,1.40718562452938e-07,2.1,1.47285540057863e-07
218936,"Aeromonas simiae",2,1.40718562452938e-07,3,2.09248319799374e-07
2751153,"Coprobacter secundus",2,1.40718562452938e-07,2.2,1.53626826026486e-07
596085,"Prevotella aurantiaca",2,1.40718562452938e-07,2,1.41019192043629e-07
2968968,"Stutzerimonas degradans",2,1.40718562452938e-07,2.5,1.76241545474932e-07
483206,"Mesorhizobium caraganae",2,1.40718562452938e-07,2,1.40718642813765e-07
5663,"Leishmania enriettii",2,1.40718562452938e-07,1.6,1.10800126382166e-07
2267891,"Campylobacter novaezeelandiae",2,1.40718562452938e-07,2,1.40718641659838e-07
2859781,"Clostridium weizhouense",2,1.40718562452938e-07,2.5,1.72829254019113e-07
3074822,"Pantoea alfalfae",2,1.40718562452938e-07,2,1.40719515637763e-07
2906062,"Pseudomonas wenzhouensis",2,1.40718562452938e-07,2.4,1.67196690790924e-07
1267217,"Melaminivora jejuensis",2,1.40718562452938e-07,2.1,1.47863679228597e-07
470932,"Pantoea deleyi",2,1.40718562452938e-07,2.2,1.52590182818782e-07
2872648,"Mixta hanseatica",2,1.40718562452938e-07,2.1,1.45260451902981e-07
478749,"Marvinbryantia formatexigens",2,1.40718562452938e-07,2,1.41162973477498e-07
2871169,"Stenotrophomonas forensis",2,1.40718562452938e-07,2.5,1.78131711370261e-07
1131581,"Penicillium argentinense",2,1.40718562452938e-07,2.3,1.62654818350264e-07
2606708,"Mogibacterium kristiansenii",2,1.40718562452938e-07,2,1.40735077014156e-07
3041622,"Thiopseudomonas acetoxidans",2,1.40718562452938e-07,2,1.42213920371829e-07
70346,"Acinetobacter variabilis",2,1.40718562452938e-07,2.5,1.75865984072753e-07
1460447,"Terrisporobacter petrolearius",2,1.40718562452938e-07,2.6,1.81130144085127e-07
588,"Providencia stuartii",2,1.40718562452938e-07,2.4,1.72111122156165e-07
3110225,"Parapedobacter flavus",2,1.40718562452938e-07,2.4,1.67712478054326e-07
1737,"Paraclostridium tenue",2,1.40718562452938e-07,2,1.43174269198076e-07
66882,"Streptomyces cuspidosporus",2,1.40718562452938e-07,2,1.4071864915167e-07
173856,"Streptomyces luteosporeus",2,1.40718562452938e-07,2,1.4290287363499e-07
285560,"Kitasatospora cinereorecta",2,1.40718562452938e-07,2,1.40776672785396e-07
3112843,"Pseudocitrobacter cyperus",2,1.40718562452938e-07,2,1.40718696715323e-07
3133091,"unknown genome; accession ID isNZ_JBBMER010000008.1",2,1.40718562452938e-07,2,1.40722041018994e-07
3133091,"unknown genome; accession ID isNZ_JBBMER010000014.1",2,1.40718562452938e-07,2,1.41003344501438e-07
1715645,"Paracoccus mangrovi",2,1.40718562452938e-07,2,1.40985211501621e-07
629724,"Paenibacillus residui",2,1.40718562452938e-07,2,1.41465036319461e-07
3349163,"Streptococcus hepaticus",2,1.40718562452938e-07,2,1.40718903769041e-07
3069269,"Lactiplantibacillus brownii",2,1.40718562452938e-07,4.6,3.21222525556604e-07
3367746,"Aeromonas sp. A-5",2,1.40718562452938e-07,2.6,1.83359074182297e-07
1810928,"Aspergillus undulatus",2,1.40718562452938e-07,2,1.42233694637163e-07
2692112,"Pseudomonas bharatica",2,1.40718562452938e-07,2,1.40718641659838e-07
500713,"Sporobolomyces koalae",2,1.40718562452938e-07,2,1.41016517292118e-07
285070,"Petrimonas sulfuriphila",2,1.40718562452938e-07,2,1.40873721979963e-07
37658,"Anaeromicropila populeti",2,1.40718562452938e-07,1.8,1.29286724299111e-07
1297750,"Bacteroides luti",2,1.40718562452938e-07,2.8,1.98093971431771e-07
1533,"Clostridium fallax",2,1.40718562452938e-07,2,1.44148866864714e-07
1122219,"Megasphaera cerevisiae",2,1.40718562452938e-07,2,1.40838666671872e-07
NA,"unknown genome; accession ID isNZ_LT821227.1",2,1.40718562452938e-07,2.1,1.46201429177082e-07
675,"Vibrio cincinnatiensis",2,1.40718562452938e-07,2,1.40718641659838e-07
158841,"Leminorella richardii",2,1.40718562452938e-07,2,1.40721651733923e-07
2479840,"Prevotella marseillensis",2,1.40718562452938e-07,2,1.4198040234339e-07
655813,"Streptococcus oralis",2,1.40718562452938e-07,2,1.42190185503228e-07
2587528,"Klebsiella spallanzanii",2,1.40718562452938e-07,2.5,1.77354984167437e-07
1287737,"Achromobacter anxifer",2,1.40718562452938e-07,2.4,1.66344737798583e-07
NA,"unknown genome; accession ID isNZ_CAJYCN010000015.1",2,1.40718562452938e-07,2,1.40721160387935e-07
2811778,"Fenollaria sporofastidiosus",2,1.40718562452938e-07,1.7,1.22377414537616e-07
2941326,"Alistipes muris",2,1.40718562452938e-07,2,1.40719210899598e-07
1852361,"Actinomyces bouchesdurhonensis",2,1.40718562452938e-07,2,1.40718641659838e-07
420245,"Leishmania braziliensis",1,7.03592812264692e-08,1,7.03593209414105e-08
435258,"Leishmania infantum",1,7.03592812264692e-08,1,7.03593208299192e-08
284811,"Eremothecium gossypii",1,7.03592812264692e-08,0.5,3.51796604149596e-08
762051,"Leuconostoc kimchii",1,7.03592812264692e-08,1,7.04603945001883e-08
862517,"Peptoniphilus duerdenii",1,7.03592812264692e-08,1.5,1.03123831436664e-07
5693,"Trypanosoma cruzi",1,7.03592812264692e-08,1,7.15652774090292e-08
1045854,"Weissella koreensis",1,7.03592812264692e-08,1,7.03803018414563e-08
1054460,"Streptococcus pseudopneumoniae",1,7.03592812264692e-08,1.5,1.07814766416576e-07
885040,"Enterobacter soli",1,7.03592812264692e-08,1.1,7.41688235537177e-08
717944,"Trametes versicolor",1,7.03592812264692e-08,1,7.03594391066118e-08
1423790,"Lactobacillus pasteurii",1,7.03592812264692e-08,1.1,7.99174940998821e-08
1231190,"Nitratireductor indicus",1,7.03592812264692e-08,0.5,3.51796604149596e-08
938289,"Levyella massiliensis",1,7.03592812264692e-08,1,7.04335894387619e-08
1121874,"Erysipelothrix tonsillarum",1,7.03592812264692e-08,1.2,8.65222060746592e-08
1123311,"Streptococcus orisratti",1,7.03592812264692e-08,1,7.21606648715728e-08
1235794,"Adlercreutzia caecimuris",1,7.03592812264692e-08,1,7.20602331792885e-08
1139219,"Enterococcus dispar",1,7.03592812264692e-08,1.3,9.06525724655188e-08
1125702,"Treponema vincentii",1,7.03592812264692e-08,1.1,7.96217280797003e-08
1255705,"Bavariicoccus seileri",1,7.03592812264692e-08,1,7.06625196500335e-08
1121866,"Adlercreutzia mucosicola",1,7.03592812264692e-08,1,7.03650092860877e-08
1208321,"Marinomonas profundimaris",1,7.03592812264692e-08,0.1,8.57558748825692e-09
1441930,"Chania multitudinisentens",1,7.03592812264692e-08,1.3,8.82592960270924e-08
1237626,"Plasmodium inui",1,7.03592812264692e-08,1,7.03598464210408e-08
NA,"unknown genome; accession ID isNZ_JHXY01000050.1",1,7.03592812264692e-08,1,7.03593208299192e-08
82992,"Buttiauxella noackiae",1,7.03592812264692e-08,1,7.05748940222643e-08
1435463,"Bifidobacterium porcinum",1,7.03592812264692e-08,1.4,9.82612191630251e-08
1437610,"Bifidobacterium reuteri",1,7.03592812264692e-08,1,7.28752660975922e-08
1138822,"Lentilactobacillus curieae",1,7.03592812264692e-08,1.4,1.00883364738023e-07
138074,"Serratia symbiotica",1,7.03592812264692e-08,1.1,7.90580686094781e-08
1291742,"Paucilactobacillus hokkaidonensis",1,7.03592812264692e-08,1.2,8.34445598671019e-08
161899,"Corynebacterium singulare",1,7.03592812264692e-08,1,7.17441637101664e-08
82983,"Obesumbacterium proteus",1,7.03592812264692e-08,1,7.03593236921043e-08
5866,"Babesia bigemina",1,7.03592812264692e-08,1,7.29680061350441e-08
1673719,"Anaerococcus jeddahensis",1,7.03592812264692e-08,1.2,8.34312258066538e-08
293387,"Bacillus altitudinis",1,7.03592812264692e-08,0.1,8.57558748825692e-09
1461260,"Leucobacter celer",1,7.03592812264692e-08,1,7.03593208372454e-08
1080349,"Saccharomyces eubayanus",1,7.03592812264692e-08,1,7.03593208299192e-08
1329411,"Bifidobacterium aesculapii",1,7.03592812264692e-08,1.1,7.55481258125687e-08
1423792,"Schleiferilactobacillus perolens",1,7.03592812264692e-08,1.7,1.22209155361526e-07
1423802,"Lentilactobacillus senioris",1,7.03592812264692e-08,1,7.03595711237423e-08
1720298,"Peptoniphilus phoceensis",1,7.03592812264692e-08,1.3,8.97328582716598e-08
1162717,"Pseudostreptobacillus hongkongensis",1,7.03592812264692e-08,1,7.03594445920298e-08
465721,"Steroidobacter denitrificans",1,7.03592812264692e-08,1,7.03593208299192e-08
1349763,"Curvibacter delicatus",1,7.03592812264692e-08,1.2,8.0965925570433e-08
1354251,"Buttiauxella brennerae",1,7.03592812264692e-08,1,7.03707202723552e-08
1812935,"Enterobacter roggenkampii",1,7.03592812264692e-08,1,7.22935608242172e-08
1131292,"Enterococcus ureilyticus",1,7.03592812264692e-08,1,7.03647119597554e-08
1175631,"Pectobacterium wasabiae",1,7.03592812264692e-08,1.4,9.60999279750492e-08
1511761,"Leuconostoc suionicum",1,7.03592812264692e-08,1,7.06312482333857e-08
1123403,"Tissierella creatinophila",1,7.03592812264692e-08,1.5,1.05540279124778e-07
472705,"Pantoea conspicua",1,7.03592812264692e-08,1.1,7.72994035109646e-08
1834167,"Candidatus Enterococcus lemimoniae",1,7.03592812264692e-08,1,7.26757731158401e-08
1945581,"Chryseobacterium mucoviscidosis",1,7.03592812264692e-08,1,7.03593220313888e-08
1796620,"Acutalibacter muris",1,7.03592812264692e-08,1,7.15715976943038e-08
2019431,"Thauera propionica",1,7.03592812264692e-08,1,7.055077511132e-08
1364,"Pseudolactococcus piscium",1,7.03592812264692e-08,1,7.08297077693723e-08
1955013,"Staphylococcus edaphicus",1,7.03592812264692e-08,1,7.03593208299192e-08
1410605,"Bifidobacterium pseudolongum",1,7.03592812264692e-08,1,7.1374687933763e-08
78327,"Pseudomonas mosselii",1,7.03592812264692e-08,1,7.03593208299192e-08
1778540,"Dickeya fangzhongdai",1,7.03592812264692e-08,1.1,7.68650695385101e-08
2093828,"Neorhizobium tomejilense",1,7.03592812264692e-08,1,7.03619042389315e-08
1648923,"Bacillus paralicheniformis",1,7.03592812264692e-08,0.1,8.57558748825692e-09
29384,"Staphylococcus kloosii",1,7.03592812264692e-08,1.1,7.4409095288858e-08
1165852,"Melaminivora alkalimesophila",1,7.03592812264692e-08,1.2,8.44797682074242e-08
1267424,"Salinicola peritrichatus",1,7.03592812264692e-08,1.1,7.99886254064425e-08
1655439,"Micromonospora craterilacus",1,7.03592812264692e-08,1,7.16991828624326e-08
2219045,"Confluentibacter sediminis",1,7.03592812264692e-08,1,7.03595471131504e-08
471189,"Gordonibacter pamelaeae",1,7.03592812264692e-08,1,7.04220851202623e-08
1292,"Staphylococcus warneri",1,7.03592812264692e-08,1.2,8.5056395172236e-08
2259674,"Azohydromonas sediminis",1,7.03592812264692e-08,1,7.03593208474455e-08
2021971,"Streptococcus respiraculi",1,7.03592812264692e-08,1,7.04577505144789e-08
82991,"Buttiauxella izardii",1,7.03592812264692e-08,1,7.0359322268211e-08
72361,"Bacillus vallismortis",1,7.03592812264692e-08,0.1,8.57558748825692e-09
2486018,"Levilactobacillus lindianensis",1,7.03592812264692e-08,1.3,9.31676173321567e-08
2486013,"Lacticaseibacillus baoqingensis",1,7.03592812264692e-08,1,7.2885285068045e-08
1462575,"Companilactobacillus furfuricola",1,7.03592812264692e-08,1.4,9.61177184293628e-08
97331,"Arthrobotrys flagrans",1,7.03592812264692e-08,1,7.03945966664936e-08
2487351,"Anaerosphaera multitolerans",1,7.03592812264692e-08,1,7.03630069864885e-08
2493111,"Lacticaseibacillus hulanensis",1,7.03592812264692e-08,1,7.22022186445196e-08
2339259,"Yersinia hibernica",1,7.03592812264692e-08,1,7.0771575272965e-08
2487276,"Bacillus cabrialesii",1,7.03592812264692e-08,0.1,8.57558748825692e-09
2529380,"Kosakonia quasisacchari",1,7.03592812264692e-08,1,7.22130661620116e-08
1302250,"Secundilactobacillus silagei",1,7.03592812264692e-08,1.3,8.94147489888698e-08
2547833,"Palleronia sediminis",1,7.03592812264692e-08,1.9,1.32681909385025e-07
1611836,"Staphylococcus pragensis",1,7.03592812264692e-08,1.2,8.68698483665665e-08
3038133,"Dubosiella muris",1,7.03592812264692e-08,1.1,7.64692360924514e-08
2559915,"Lactiplantibacillus pingfangensis",1,7.03592812264692e-08,1.2,8.32198732496512e-08
2528639,"Mariprofundus erugo",1,7.03592812264692e-08,1.3,8.83537231611162e-08
2562439,"Mixta tenebrionis",1,7.03592812264692e-08,1.2,8.54338675211064e-08
2590453,"Myxococcus llanfairpwllgwyngyllgogerychwyrndrobwllllantysiliogogogochensis",1,7.03592812264692e-08,1,7.03594249896049e-08
247482,"Tepidimonas aquatica",1,7.03592812264692e-08,1.1,7.50665566224081e-08
2597517,"Flagellimonas hadalis",1,7.03592812264692e-08,1,7.03593208299192e-08
2480626,"Trebonia kvetii",1,7.03592812264692e-08,1,7.03593382908516e-08
33964,"Leuconostoc citreum",1,7.03592812264692e-08,1,7.03593208299192e-08
2594790,"Lacisediminihabitans profunda",1,7.03592812264692e-08,1,7.03593218329816e-08
1981069,"Leuconostoc litchii",1,7.03592812264692e-08,1,7.04579336373156e-08
2055836,"Natronococcus pandeyae",1,7.03592812264692e-08,1.3,9.00268940764427e-08
488545,"Campylobacter lari",1,7.03592812264692e-08,1.1,7.55492953281656e-08
2607660,"Nocardioides humilatus",1,7.03592812264692e-08,2,1.4040254071201e-07
1379,"Gemella haemolysans",1,7.03592812264692e-08,1,7.0520973896919e-08
2137581,"Ellagibacter isourolithinifaciens",1,7.03592812264692e-08,1.7,1.20793332014531e-07
1796610,"Adlercreutzia muris",1,7.03592812264692e-08,1,7.03630043253827e-08
2608684,"Paenibacillus tengchongensis",1,7.03592812264692e-08,1,7.03593288089472e-08
2585199,"Nocardia aurantia",1,7.03592812264692e-08,1.2,8.48359555028541e-08
1607,"Loigolactobacillus bifermentans",1,7.03592812264692e-08,1.5,1.08596644744827e-07
33962,"Lentilactobacillus kefiri",1,7.03592812264692e-08,1.1,7.96348646065621e-08
293939,"Aspergillus lentulus",1,7.03592812264692e-08,2.3,1.61058302451549e-07
708087,"Cyclobacterium jeungdonense",1,7.03592812264692e-08,1,7.10794842442799e-08
2552946,"Cedecea colo",1,7.03592812264692e-08,1.1,7.64053723746599e-08
2724944,"Arthrobacter mobilis",1,7.03592812264692e-08,1.5,1.0210230431765e-07
2722820,"Actinomyces faecalis",1,7.03592812264692e-08,1,7.06417100085991e-08
104628,"Helicobacter suis",1,7.03592812264692e-08,1,7.03593208299192e-08
2682456,"Veillonella nakazawae",1,7.03592812264692e-08,1.8,1.25032944187988e-07
1538103,"Pseudochelatococcus contaminans",1,7.03592812264692e-08,1,7.0360685152633e-08
2745492,"Pseudomonas farsensis",1,7.03592812264692e-08,1,7.03593208299192e-08
2763053,"Lawsonibacter hominis",1,7.03592812264692e-08,1,7.3103593866755e-08
2764712,"Lentihominibacter faecis",1,7.03592812264692e-08,1,7.0361556227477e-08
2763662,"Yeguia hominis",1,7.03592812264692e-08,1,7.11464792957815e-08
2763677,"Zongyangia hominis",1,7.03592812264692e-08,1.1,7.61332664134459e-08
1437324,"Pullulanibacillus pueri",1,7.03592812264692e-08,1,7.03672274197079e-08
1571185,"Marinithermofilum abyssi",1,7.03592812264692e-08,1,7.26230500890832e-08
1751298,"Mangrovihabitans endophyticus",1,7.03592812264692e-08,1,7.03596089907288e-08
1515666,"Pseudomonas matsuisoli",1,7.03592812264692e-08,1,7.03593208299192e-08
103732,"Lentzea flava",1,7.03592812264692e-08,1.4,1.00898466436009e-07
1932,"Streptomyces tendae",1,7.03592812264692e-08,1,7.03652695969889e-08
285453,"Streptomyces canarius",1,7.03592812264692e-08,1.3,8.89766457344877e-08
68193,"Streptomyces djakartensis",1,7.03592812264692e-08,1,7.03598754945962e-08
68183,"Streptomyces capoamus",1,7.03592812264692e-08,1.5,1.02703717162399e-07
2779356,"Gallibacter intestinalis",1,7.03592812264692e-08,1.1,7.41785640104181e-08
2773304,"Dyadobacter subterraneus",1,7.03592812264692e-08,1,7.03593447580101e-08
2726954,"Candidatus Sarcina troglodytae",1,7.03592812264692e-08,0.7,5.03358805447746e-08
382777,"Thiocapsa imhoffii",1,7.03592812264692e-08,1,7.03593374896883e-08
2800325,"Clostridium yunnanense",1,7.03592812264692e-08,1,7.03593208299192e-08
1748967,"Citrobacter cronae",1,7.03592812264692e-08,1.1,7.98718501429193e-08
1465635,"Pantoea coffeiphila",1,7.03592812264692e-08,1,7.17127765154434e-08
94869,"Clostridium gasigenes",1,7.03592812264692e-08,1,7.34890188379349e-08
2815358,"Leclercia pneumoniae",1,7.03592812264692e-08,1.1,7.87200886157554e-08
273372,"Candida metapsilosis",1,7.03592812264692e-08,0.9,6.34343675924963e-08
1236518,"Prevotella scopos",1,7.03592812264692e-08,1.2,8.4997773113854e-08
2823519,"Metabacillus flavus",1,7.03592812264692e-08,0.1,8.57558748825692e-09
2697499,"Dietzia massiliensis",1,7.03592812264692e-08,1,7.03970796957586e-08
75553,"Aspergillus viridinutans",1,7.03592812264692e-08,1,7.03598445751827e-08
1302,"Streptococcus gordonii",1,7.03592812264692e-08,1,7.18743149000731e-08
61646,"Lelliottia amnigena",1,7.03592812264692e-08,1,7.03912557334441e-08
2831523,"Lentilactobacillus dabitei",1,7.03592812264692e-08,1,7.0752768324657e-08
1481665,"Advenella alkanexedens",1,7.03592812264692e-08,1,7.17479829531185e-08
2796366,"Comamonas fluminis",1,7.03592812264692e-08,1,7.03593208299192e-08
2725562,"Caecibacteroides pullorum",1,7.03592812264692e-08,1,7.03838618862163e-08
2834437,"Bifidobacterium miconisargentati",1,7.03592812264692e-08,1,7.31913168604045e-08
2864872,"Shewanella nanhaiensis",1,7.03592812264692e-08,1,7.37904510233483e-08
55211,"Erwinia persicina",1,7.03592812264692e-08,1.3,9.04013793140908e-08
2854755,"Prevotella lacticifex",1,7.03592812264692e-08,1,7.03950453310631e-08
28124,"Porphyromonas endodontalis",1,7.03592812264692e-08,1.2,8.69572502922857e-08
2813371,"Terrisporobacter hibernicus",1,7.03592812264692e-08,1.3,9.04118167025972e-08
401106,"Amycolatopsis tucumanensis",1,7.03592812264692e-08,1,7.03593208299192e-08
1263550,"Edwardsiella piscicida",1,7.03592812264692e-08,1,7.3042550992725e-08
539813,"Enterobacter mori",1,7.03592812264692e-08,1,7.04388677324295e-08
2921185,"Rosenbergiella metrosideri",1,7.03592812264692e-08,1,7.03645881708657e-08
82989,"Buttiauxella ferragutiae",1,7.03592812264692e-08,1,7.0656758875669e-08
2486360,"Exophiala viscosa",1,7.03592812264692e-08,1,7.37242403121547e-08
2940498,"Sporolactobacillus mangiferae",1,7.03592812264692e-08,1,7.07105139007235e-08
NA,"unknown genome; accession ID isNZ_JAMOKX010000003.1",1,7.03592812264692e-08,1,7.08463873973374e-08
2839954,"Streptomyces hilarionis",1,7.03592812264692e-08,1,7.09266818704935e-08
679190,"Hoylesella buccalis",1,7.03592812264692e-08,1.3,8.89319375267619e-08
2926467,"Leclercia tamurae",1,7.03592812264692e-08,1.1,7.41322412833337e-08
2850323,"Diplocloster agilis",1,7.03592812264692e-08,1,7.08883776069636e-08
2994648,"Enterobacter nematophilus",1,7.03592812264692e-08,1,7.03593314964588e-08
1642,"Listeria innocua",1,7.03592812264692e-08,1,7.03593426994227e-08
36646,"Penicillium coprophilum",1,7.03592812264692e-08,1.1,7.77747303599779e-08
2819901,"Penicillium diatomitis",1,7.03592812264692e-08,1,7.08550578209522e-08
1343394,"Penicillium maclennaniae",1,7.03592812264692e-08,1,7.0373541819232e-08
1561947,"Penicillium longicatenatum",1,7.03592812264692e-08,1.2,8.56822657480215e-08
176176,"Penicillium paradoxum",1,7.03592812264692e-08,1.1,7.52764781381711e-08
1814218,"Enterococcus saccharolyticus",1,7.03592812264692e-08,1,7.06049542430495e-08
688661,"Lichtheimia ornata",1,7.03592812264692e-08,1,7.03593208299192e-08
3034648,"Proteus appendicitidis",1,7.03592812264692e-08,1,7.03593209626834e-08
507751,"Peptoniphilus koenoeneniae",1,7.03592812264692e-08,1,7.09203554423717e-08
3073603,"Clostridium aquiflavi",1,7.03592812264692e-08,1.1,7.51316162886329e-08
3073902,"Buttiauxella selenatireducens",1,7.03592812264692e-08,0.8,5.96683206674039e-08
92490,"Winslowiella toletana",1,7.03592812264692e-08,1,7.05654013532745e-08
1472416,"Butyricimonas faecihominis",1,7.03592812264692e-08,1,7.2851943151011e-08
3044578,"Clostridium lamae",1,7.03592812264692e-08,1.5,1.08659411405316e-07
2219225,"Pseudomonas asiatica",1,7.03592812264692e-08,1,7.04028628569882e-08
1402,"Bacillus licheniformis",1,7.03592812264692e-08,0.1,8.57558748825692e-09
2529381,"Enterobacter wuhouensis",1,7.03592812264692e-08,1,7.03730170960908e-08
3108533,"Anaerofustis butyriciformans",1,7.03592812264692e-08,1,7.08650821413636e-08
69221,"Pectobacterium cacticida",1,7.03592812264692e-08,1,7.24494031303094e-08
3117746,"Metabacillus sediminis",1,7.03592812264692e-08,0.1,8.57558748825692e-09
3051183,"Staphylococcus hsinchuensis",1,7.03592812264692e-08,1,7.33444347567701e-08
398758,"Alkalibacterium indicireducens",1,7.03592812264692e-08,1,7.09201223369782e-08
414052,"Caenispirillum bisanense",1,7.03592812264692e-08,1,7.03718576095898e-08
453573,"Actinomadura bangladeshensis",1,7.03592812264692e-08,1,7.03593237488694e-08
1387849,"Comamonas faecalis",1,7.03592812264692e-08,1.2,8.73212225563304e-08
768534,"Sphingobacterium thermophilum",1,7.03592812264692e-08,1,7.03593208299192e-08
427369,"Streptomonospora halophila",1,7.03592812264692e-08,1,7.2224420324138e-08
1805714,"Christensenella massiliensis",1,7.03592812264692e-08,1.1,7.766365125741e-08
1298767,"Deinococcus antarcticus",1,7.03592812264692e-08,1.4,9.66146689978023e-08
29374,"Filifactor villosus",1,7.03592812264692e-08,1,7.08061260265304e-08
3231926,"Lacticaseibacillus jixiensis",1,7.03592812264692e-08,1.8,1.26102302760219e-07
2941330,"Lactococcus muris",1,7.03592812264692e-08,1,7.18178612150672e-08
3238988,"Enterococcus hailinensis",1,7.03592812264692e-08,1.4,1.00651562424209e-07
210207,"Aspergillus foveolatus",1,7.03592812264692e-08,1,7.0359320831369e-08
1810926,"Aspergillus stella-maris",1,7.03592812264692e-08,1,7.0359320852575e-08
2662455,"Paraclostridium dentum",1,7.03592812264692e-08,1.2,8.37365397913088e-08
NA,"unknown genome; accession ID isNZ_DAWEHO010000023.1",1,7.03592812264692e-08,1,7.03593208299192e-08
1120976,"Alkaliphilus peptidifermentans",1,7.03592812264692e-08,1,7.03593208299192e-08
604330,"Parafannyhessea umbonata",1,7.03592812264692e-08,1,7.17513781430964e-08
1274359,"Pseudomonas sihuiensis",1,7.03592812264692e-08,1,7.03593208299192e-08
75612,"Pseudomonas mandelii",1,7.03592812264692e-08,1.3,8.83004390535413e-08
1852370,"Prevotellamassilia timonensis",1,7.03592812264692e-08,1.1,7.5600229754401e-08
1120918,"Acetitomaculum ruminis",1,7.03592812264692e-08,1,7.03596797952394e-08
258723,"Marinilactibacillus piezotolerans",1,7.03592812264692e-08,1.2,8.50423219271395e-08
1852386,"Thermophilibacter provencensis",1,7.03592812264692e-08,1.6,1.14135444293066e-07
1121298,"Clostridium amylolyticum",1,7.03592812264692e-08,1,7.03593208916349e-08
1937461,"Collinsella provencensis",1,7.03592812264692e-08,1,7.10114033407355e-08
1944636,"Parabacteroides provencensis",1,7.03592812264692e-08,1,7.0536983501047e-08
2040290,"Helcococcus massiliensis",1,7.03592812264692e-08,1.1,7.87532140873198e-08
2079531,"Prevotella merdae",1,7.03592812264692e-08,1.4,1.01988550599316e-07
881260,"Enterobacter bugandensis",1,7.03592812264692e-08,1,7.04151993896977e-08
33030,"Peptoniphilus indolicus",1,7.03592812264692e-08,1.4,9.77577202933935e-08
137838,"Clostridium neonatale",1,7.03592812264692e-08,1,7.32000339934574e-08
44008,"Enterococcus cecorum",1,7.03592812264692e-08,1,7.35807398711092e-08
158850,"Providencia rustigianii",1,7.03592812264692e-08,1,7.03647731182811e-08
1498,"Hathewaya histolytica",1,7.03592812264692e-08,1,7.12404681696505e-08
NA,"unknown genome; accession ID isNZ_CABKVQ010000002.1",1,7.03592812264692e-08,1,7.03593208299192e-08
2880704,"Duncaniella muricolitica",1,7.03592812264692e-08,1,7.08861763664776e-08
2941233,"Acetatifactor aquisgranensis",1,7.03592812264692e-08,1,7.05870843029007e-08
54062,"Pediococcus parvulus",1,7.03592812264692e-08,1.1,7.62854649697512e-08
