"TaxonomyID","Genome","read_count","Proportion","readsEM","EMProportion"
371601,"Bacteroides xylanisolvens",1958997,0.134049510533783,1710313.8,0.11703279278144
33039,"[Ruminococcus] torques",1613388,0.110400307760083,1610695.6,0.110216151975448
330879,"Aspergillus fumigatus",1160319,0.0793978724893648,1160318.3,0.0793978799433492
2877527,"Blautia parvula",915325,0.0626335151250026,915229.2,0.0626270026380801
483215,"Bacteroides finegoldii",912134,0.0624151625761659,913994.1,0.0625424848948481
818,"Bacteroides thetaiotaomicron",802989,0.0549466295323636,811779.8,0.0555482011903039
2650158,"Bacteroides luhongzhouii",755818,0.0517188300710121,900576.9,0.0616243820723681
411459,"Blautia obeum",528541,0.0361668049246814,530567.9,0.0363055224411857
411485,"Faecalibacterium prausnitzii",500718,0.034262943136439,499441.9,0.0341756447007018
28116,"Bacteroides ovatus",477624,0.0326826755830598,555793.4,0.0380316464903465
1034346,"Dielma fastidiosa",456694,0.0312504854084592,457045.9,0.0312745867878502
292800,"Flavonifractor plautii",359421,0.0245943251192129,359434.8,0.0245952855415707
1108849,"Penicillium rubens",284584,0.0194734070066192,284451.9,0.0194643825194693
99287,"Salmonella enterica",240248,0.0164395998598876,240243.5,0.0164393013475231
328812,"Parabacteroides goldsteinii",210450,0.0144005935138413,208466.5,0.0142648736698541
272559,"Bacteroides fragilis",209124,0.0143098584841461,209002.2,0.014301533388711
997873,"Bacteroides caccae",197619,0.0135225986676731,202975.2,0.0138891177717304
742726,"Barnesiella intestinihominis",173057,0.0118418793619617,172003.2,0.0117697815335335
NA,"unknown genome; accession ID isNZ_CP012480.1",150448,0.0102947992063217,150385.8,0.0102905491636934
649756,"Anaerostipes hadrus",125206,0.00856754911615117,125143.4,0.0085632711150429
3037989,"Bacteroides vicugnae",118938,0.00813864476763724,112850.2,0.00772207331198919
89153,"[Clostridium] hylemonae",112967,0.00773006342351205,113045.4,0.00773543462314505
2881264,"Blautia fusiformis",101522,0.00694690926449131,100644.1,0.00688684118976024
39491,"Agathobacter rectalis",100990,0.00691050576841451,100902.3,0.00690450689641195
1297617,"Intestinimonas butyriciproducens",84301,0.00576851714806527,84300.2,0.00576846302875843
858893,"Exophiala dermatitidis",81584,0.00558259929310159,81584,0.00558260310913775
2763021,"Bacteroides difficilis",77800,0.00532366916311168,73163.5,0.00500641031242716
585394,"Roseburia hominis",77706,0.00531723696643646,77102.2,0.00527592689399094
2834113,"Alistipes montrealensis",76080,0.00520597364947991,76079.7,0.0052059573981518
626940,"Phascolarctobacterium succinatutens",75370,0.0051573900362947,75397.3,0.00515926066293804
555970,"Bifidobacterium animalis",70319,0.00481176210643766,70319.5,0.00481179656811081
435590,"Phocaeicola vulgatus",67536,0.00462132802827648,67392,0.00461147967932463
2838470,"Candidatus Bacteroides intestinigallinarum",64915,0.00444197922523644,76731.4,0.00525055118952268
411470,"Mediterraneibacter gnavus",63081,0.00431648296244535,63071.7,0.00431584971139462
1196081,"Talaromyces amestolkiae",60783,0.00415923628202336,60783,0.00415923944282469
36656,"Penicillium crustosum",59874,0.00409703557162145,59873.3,0.00409699001715035
155615,"Fusobacterium vincentii",57153,0.00391084400616095,57056.6,0.00390425212660714
1134687,"Klebsiella michiganensis",56097,0.00383858443500098,56088.9,0.00383803302806666
3133156,"Faecalibacterium tardum",53295,0.00364685023197991,48955.1,0.00334988051405808
5068,"Aspergillus tubingensis",50399,0.00344868383228362,50320.5,0.00344331156133883
53442,"Eubacterium callanderi",49949,0.00341789140139159,49924.1,0.00341619182831882
1703332,"Butyribacter intestini",42675,0.0029201488629279,42597.9,0.00291487716500293
246787,"Bacteroides cellulosilyticus",42063,0.00287827115691474,41192.6,0.00281871362487945
1796613,"Bacteroides caecimuris",30118,0.00206090318579174,30824.4,0.00210924006601116
2763025,"Bacteroides parvus",30016,0.00205392356812288,27563.6,0.00188610959544946
1871006,"Bacteroides congonensis",29717,0.00203346370848573,28247.6,0.0019329145367399
674529,"Bacteroides faecis",28950,0.00198097972072086,27499,0.00188169154211735
2650157,"Bacteroides zhangwenhongii",27793,0.00190180895951623,33427.6,0.00228736955642828
28118,"Odoribacter splanchnicus",26508,0.00181387946241342,26356.5,0.00180351207622904
3133155,"Faecalibacterium intestinale",26124,0.00178760325471889,28987.6,0.00198355627048585
3133152,"Blautia intestinihominis",21025,0.00143869079890004,19191.6,0.00131323950572566
2763042,"Dysosmobacter segnis",19475,0.00133262798138303,18884,0.00129218910499469
2949650,"Parabacteroides sp. W1-Q-101",19096,0.00130669391180952,19594.7,0.00134082080486544
823,"Parabacteroides distasonis",18593,0.00127227481683465,19812.6,0.00135573199661741
1903262,"Bacteroides ndongoniae",16709,0.00114335717283333,16576.3,0.00113427981539016
1841865,"Mediterranea massiliensis",16271,0.00111338587343175,14573.8,0.000997253028916013
3030638,"Faecalibacterium taiwanense",16255,0.00111229103144448,15523.2,0.00106221711780042
2715212,"Bacteroides faecium",16132,0.00110387443366732,17456.5,0.00119450654288314
46503,"Parabacteroides merdae",15651,0.00107096074642495,15910.9,0.00108874645288951
1712515,"Butyricicoccus faecihominis",15071,0.00103127272438633,13928.9,0.000953120118149571
2547410,"Enterocloster alcoholdehydrogenati",14635,0.00100143828023315,14346.3,0.000981681068095927
2763067,"Streptococcus hominis",13293,0.000909608408550689,12552.5,0.000858936522881317
180164,"Blautia schinkii",12164,0.000832353620823785,11895.3,0.000813970929360659
1547,"Thomasclavelia ramosa",11957,0.000818189102613449,11961.8,0.000818515249371817
1169293,"Enterococcus faecalis",11404,0.00078034862642835,11404,0.000780349146833519
1851428,"Faecalibacterium longum",10784,0.000737923499421547,11682.7,0.000799422742983357
85831,"Bacteroides acidifaciens",10491,0.000717874205529623,9906.1,0.000677849290692149
5480,"Candida parapsilosis",10451,0.000715137100561442,10451,0.000715137589913098
2981792,"Oscillibacter acetigenes",10067,0.000688860892866906,9894.6,0.000677061876546971
762968,"Paraprevotella clara",9336,0.000638840299573402,8952.3,0.000612583031869993
2949651,"Parabacteroides sp. TA-V-105",8944,0.00061201667088523,11187.3,0.000765519277622216
2935520,"Faecalibacterium hattorii",8690,0.000594636054337282,9866.1,0.000675110838465113
508771,"Toxoplasma gondii",8561,0.000585808890814898,8555.5,0.000585435392537942
2946555,"Akkermansia biwaensis",8474,0.000579855687509105,8473.6,0.000579831296468779
2763028,"Blautia intestinalis",8110,0.00055494803229866,8114.4,0.000555246739194598
1121129,"Butyricimonas synergistica",7881,0.000539278106355825,7874.2,0.000538810644727358
3133153,"Blautia aquisgranensis",7803,0.000533940751667872,8690.2,0.00059465047365295
3133175,"Blautia caccae",7313,0.000500411215807657,7255.4,0.000496468462673987
2763017,"Anaerosacchariphilus hominis",7188,0.000491857762782092,7278.4,0.000498044626371688
1507512,"Romboutsia hominis",6996,0.000478719658934824,6996,0.000478719689515774
5076,"Penicillium chrysogenum",6794,0.000464897278845511,6925.9,0.000473922885819257
449673,"Bacteroides stercoris",6486,0.000443821570590519,6524.5,0.000446457237859537
2763026,"Blautia celeris",6185,0.000423224855704958,6421.3,0.000439391972567702
671267,"Phocaeicola sartorii",6003,0.000410771028099735,5746.6,0.000393225837511089
2447885,"Bacteroides faecalis",5962,0.00040796549550735,6906.7,0.000472611479474002
4950,"Torulaspora delbrueckii",5728,0.000391953431443492,5728,0.000391953515031684
1121096,"Bacteroides gallinarum",5716,0.000391132299953038,9362.3,0.000640637544550028
116085,"Coprococcus catus",5677,0.000388463622609062,5414.3,0.000370485616195241
84112,"Eggerthella lenta",5572,0.000381278722067587,5565.7,0.000380850026005544
622,"Shigella dysenteriae",5249,0.000359176599449527,5040.8,0.000344926961367398
3136601,"Owariibacterium komagatae",5244,0.000358834461328505,4735.8,0.000324060423354937
2763032,"Butyricimonas hominis",5240,0.000358560750831686,5068.9,0.000346852653472831
742742,"Collinsella tanakaei",5052,0.000345696357481237,5051.8,0.000345685560989207
1121098,"Phocaeicola massiliensis",4787,0.000327563037067039,4849,0.000331807759236886
3078042,"Pilosibacter fragilis",4538,0.000310524558640113,4599.7,0.000314748056730588
411483,"Faecalibacterium duncaniae",4313,0.000295128343194096,4193.5,0.000286950694716122
1432052,"Eisenbergiella tayi",4201,0.00028746444928319,4446,0.000304232218679948
291645,"Bacteroides nordii",4173,0.000285548475805463,4298.7,0.000294152035186525
1328,"Streptococcus anginosus",3946,0.000270015405111037,3930,0.000268920828323954
1150298,"Fusicatenibacter saccharivorans",3937,0.000269399556493196,3865.2,0.000264489749386186
1841855,"Bacteroides bouchesdurhonensis",3822,0.000261530379709677,4453.4,0.000304735146075542
2763065,"Ruminococcus hominis",3745,0.000256261452645929,3378.1,0.000231155660838707
3133157,"Faecalibacterium faecis",3731,0.000255303465907065,4068.5,0.000278396585835822
1121115,"Blautia wexlerae",3636,0.000248802841607636,3907,0.000267345402072497
742727,"Bacteroides oleiciplenus",3523,0.000241070520072525,3688.9,0.000252420819664071
2585118,"Alistipes communis",3483,0.000238333415104344,3792.4,0.000259506105572887
342942,"Mediterraneibacter glycyrrhizinilyticus",3481,0.000238196559855935,3411.3,0.00023343055031896
310298,"Phocaeicola coprocola",3473,0.000237649138862299,4118.3,0.000281805994962984
150056,"Mammaliicoccus fleurettii",3358,0.000229779962078779,3357.8,0.000229763228530643
2929491,"Faecalibacterium wellingii",3180,0.000217599844970375,3542.5,0.000242403712993851
190304,"Fusobacterium nucleatum",3167,0.000216710285855716,2905.1,0.000198789202975691
626937,"Christensenella minuta",3109,0.000212741483651854,3133.9,0.000214447941568213
1211819,"Holdemania massiliensis",3071,0.000210141233932082,3086,0.000211168187839167
357276,"Phocaeicola dorei",3018,0.000206514569849242,3231.1,0.000221098510124877
2981779,"Anaerostipes amylophilus",2995,0.000204940734492538,2998.7,0.000205190732292969
411467,"Pseudoflavonifractor capillosus",2906,0.000198850675938336,2908.7,0.000199038903799099
1907658,"Bacteroides ilei",2821,0.000193034327880952,2902.7,0.000198622835089608
2981769,"Waltera acetigignens",2794,0.00019118678202743,2813.2,0.000192497337316383
2763064,"Roseburia zhanii",2728,0.000186670558829931,2785,0.000190572521282211
88431,"Dorea longicatena",2690,0.00018407030911016,2715,0.000185779507162294
2981720,"Bovifimicola ammoniilytica",2681,0.000183454460492319,2721.1,0.000186196188715956
2763023,"Bacteroides hominis",2585,0.000176885408568685,2712,0.000185574399404043
2764325,"[Eubacterium] hominis",2575,0.00017620113232664,2811.7,0.00019239840370334
291644,"Bacteroides salyersiae",2553,0.00017469572459414,2579.7,0.00017652168563089
574930,"Parabacteroides gordonii",2531,0.000173190316861641,2543,0.000174010072675838
2885348,"Hominifimenecus microfluidus",2448,0.000167510824052666,2625.1,0.000179632162444646
2763675,"Jilunia laotingensis",2417,0.000165389567702326,3281.3,0.00022453163577997
76859,"Fusobacterium animalis",2368,0.000162036614116304,2695.9,0.000184472433095999
2763030,"Blautia segnis",2357,0.000161283910250054,2619.9,0.000179274265461617
89014,"Blautia luti",2232,0.000152730457224489,2601.4,0.00017800508807296
871664,"Blautia stercoris",2169,0.000148419516899605,2565.6,0.000175554856512765
2763047,"Flintibacter faecis",2150,0.000147119392039719,2333.6,0.000159683229884932
1628085,"Agathobaculum butyriciproducens",2131,0.000145819267179833,2261.9,0.000154778361364887
1448317,"Aspergillus costaricensis",2099,0.000143629583205288,1935.8,0.00013246386571862
1851427,"Faecalibacterium butyricigenerans",2087,0.000142808451714834,2655.7,0.000181726444197476
3133178,"Flavonifractor hominis",2087,0.000142808451714834,2161.9,0.000147934303951743
1736,"Eubacterium limosum",2068,0.000141508326854948,2092.5,0.000143181753169379
1121114,"Blautia producta",2020,0.000138223800893131,2016.7,0.000137995849046121
1982626,"Faecalibacillus intestinalis",1986,0.000135897261670177,1998.7,0.000136769736103528
1559,"Clostridium tertium",1975,0.000135144557803928,1975,0.000135144640934972
2748301,"Streptococcus vaginalis",1964,0.000134391853937678,2240.2,0.000153291098951268
445970,"Alistipes putredinis",1952,0.000133570722447224,2051.3,0.000140368635632719
29466,"Veillonella parvula",1949,0.00013336543957461,1949,0.000133365521834849
763034,"Bacteroides fluxus",1940,0.000132749590956769,1993.8,0.000136429272330464
331117,"Aspergillus fischeri",1799,0.000123101295943932,1510.5,0.000103363071925404
2686067,"Fusobacterium watanabei",1792,0.0001226223025745,1738,0.000118928023382247
3435293,"Faecalibacterium langellae",1765,0.000120774756720978,2069.1,0.000141583611922391
580166,"Oceanibaculum pacificum",1748,0.000119611487109502,1748.2,0.000119628459738066
28113,"Bacteroides heparinolyticus",1732,0.000118516645122229,1724.6,0.000118013333038491
1841857,"Culturomica massiliensis",1725,0.000118037651752798,1966.2,0.000134539738399508
1750560,"Parabacteroides massiliensis",1720,0.000117695513631775,1798.5,0.000123067690408045
169435,"Anaerotruncus colihominis",1585,0.000108457784364165,1624.4,0.000111150746437929
1496,"Clostridioides difficile",1558,0.000106610238510643,1558,0.000106610604850128
76860,"Streptococcus constellatus",1552,0.000106199672765416,1642,0.000112355182444933
2605778,"Clostridium porci",1531,0.000104762692657121,1572.7,0.000107617822523232
1936995,"Parabacteroides bouchesdurhonensis",1502,0.00010277829155519,1533.5,0.00010493474506344
871325,"Bacteroides faecichinchillae",1465,0.000100246469459622,1834.2,0.000125513263650248
3133422,"Flavonifractor porci",1456,9.96306208417816e-05,1497.1,0.000102443367747939
2981793,"Phocaeicola fibrisolvens",1430,9.78515026124641e-05,1544.3,0.000105671703044771
544645,"Butyricimonas virosa",1429,9.77830749882595e-05,1432.1,9.79974594761285e-05
2003188,"Parolsenella catena",1426,9.7577792115646e-05,1426,9.75763104185776e-05
386585,"Escherichia coli",1396,9.55249633895104e-05,1239.7,8.48315886498056e-05
997894,"Enterocloster bolteae",1333,9.12140230646256e-05,1354.1,9.2658377648203e-05
103621,"Actinomyces urogenitalis",1300,8.89559114658764e-05,1300,8.89559669694458e-05
1314,"Streptococcus pyogenes",1291,8.83400628480357e-05,1346.2,9.21151879268474e-05
2763059,"Pseudoflavonifractor hominis",1233,8.43712606441735e-05,1224.5,8.37898222410706e-05
1940789,"Lactococcus petauri",1208,8.26605700390605e-05,1205.7,8.25046931501854e-05
188913,"Cetobacterium somerae",1200,8.21131490454244e-05,1200,8.21118438504952e-05
762966,"Parasutterella excrementihominis",1162,7.95128993256526e-05,1161.3,7.94654827265858e-05
1217282,"Parabacteroides faecis",1154,7.89654783320164e-05,1176.6,8.05105435005786e-05
2763040,"Dorea hominis",1146,7.84180573383803e-05,1349,9.23089449678503e-05
536231,"Roseburia intestinalis",1119,7.65705114848582e-05,1397.4,9.56224776803875e-05
2763027,"Blautia difficilis",1118,7.65020838606537e-05,1316.1,9.00575356524716e-05
1650663,"Allofournierella massiliensis",1086,7.43123998861091e-05,991.6,6.78539865263697e-05
301302,"Roseburia faecis",1079,7.38334065166774e-05,1144.3,7.83045117140584e-05
1720294,"Eisenbergiella massiliensis",1051,7.19174330389508e-05,1129.6,7.72928110341706e-05
2763673,"Yanshouia hominis",1023,7.00014595612243e-05,1218,8.33453984320424e-05
592978,"Mediterraneibacter faecis",974,6.66485059752028e-05,1039,7.10955432241189e-05
2751153,"Coprobacter secundus",951,6.50746706184988e-05,991.7,6.78599038138538e-05
293939,"Aspergillus lentulus",948,6.48693877458853e-05,1234.9,8.45009278267214e-05
1448310,"Aspergillus neoniger",916,6.26797037713406e-05,1081.5,7.40061154316655e-05
2736290,"Xylanibacter muris",914,6.25428485229316e-05,982.5,6.72330848516271e-05
1531,"Enterocloster clostridioformis",899,6.15164341598638e-05,1184.3,8.10394598472474e-05
1796616,"Blautia pseudococcoides",898,6.14480065356592e-05,902.8,6.17754928981538e-05
1550024,"Ruthenibacterium lactatiformans",888,6.0763730293614e-05,978.5,6.69574840002432e-05
2509240,"Blautia faecicola",878,6.00794540515688e-05,993.1,6.79527288408764e-05
1470345,"Bacteroides timonensis",877,6.00110264273643e-05,882.2,6.0365234254519e-05
2838426,"Candidatus Agathobaculum pullicola",874,5.98057435547508e-05,967.4,6.61991475629657e-05
2981782,"Blautia ammoniilytica",859,5.8779329191683e-05,880.8,6.02696998369773e-05
208962,"Escherichia albertii",858,5.87109015674784e-05,867.3,5.93483403414281e-05
550,"Enterobacter cloacae",855,5.85056186948649e-05,839.4,5.74387291032595e-05
2490633,"Streptococcus periodonticum",851,5.82319081980468e-05,1208.7,8.27076148660059e-05
1871018,"Angelakisella massiliensis",833,5.70002109623654e-05,788.4,5.39454037127962e-05
1870993,"Coprococcus phoceensis",814,5.57000861024795e-05,971.2,6.64537924166833e-05
596329,"Peptostreptococcus anaerobius",778,5.32366916311168e-05,656.4,4.49171862865805e-05
2086575,"Parabacteroides pacaensis",766,5.24155601406626e-05,772.4,5.28563946335424e-05
285729,"Fusobacterium canifelinum",754,5.15944286502083e-05,836.6,5.72490082270313e-05
1912897,"Blautia argi",751,5.13891457775948e-05,761.7,5.21195474253941e-05
2093857,"Dysosmobacter welbionis",740,5.0636441911345e-05,780.5,5.34090916336805e-05
679200,"Johnsonella ignava",729,4.98837380450953e-05,718.1,4.91383006530969e-05
565042,"Bifidobacterium longum",728,4.98153104208908e-05,717.1,4.90694938585285e-05
203120,"Leuconostoc mesenteroides",714,4.88573236820275e-05,713.9,4.88520138306764e-05
2981783,"Blautia acetigignens",704,4.81730474399823e-05,748.1,5.11887868967276e-05
1650661,"Clostridium phoceensis",687,4.70097778285055e-05,722.3,4.94226173915603e-05
2692629,"Copranaerobaculum intestinale",686,4.69413502043009e-05,697.9,4.77568522731334e-05
3064195,"Brotocaccenecus cirricatena",686,4.69413502043009e-05,707.1,4.83874952291332e-05
290055,"Faecalicatena fissicatena",675,4.61886463380512e-05,635.2,4.34650289702709e-05
76857,"Fusobacterium polymorphum",670,4.58465082170286e-05,640.8,4.38504133470031e-05
347253,"Streptococcus salivarius",662,4.52990872233925e-05,658.1,4.50336948016652e-05
2850322,"Diplocloster modestus",653,4.46832386055518e-05,654.5,4.47842970102032e-05
537006,"Parabacteroides johnsonii",640,4.3793679490893e-05,715.2,4.8942508840599e-05
223926,"Vibrio parahaemolyticus",632,4.32462584972568e-05,632,4.32452212696402e-05
568814,"Streptococcus suis",620,4.24251270068026e-05,587.5,4.02022099333248e-05
717959,"Alistipes shahii",597,4.08512916500986e-05,603.6,4.13017430170904e-05
2769485,"Parvimonas parva",591,4.04407259048715e-05,561,3.83908323175779e-05
39482,"Faecalicatena contorta",587,4.01670154080534e-05,622.1,4.25683544841844e-05
1796615,"Blautia caecimuris",583,3.98933049112353e-05,682.7,4.67135599534233e-05
3342383,"Flintibacter porci",583,3.98933049112353e-05,637.2,4.36045863456894e-05
2303987,"Motilimonas pumila",578,3.95511667902127e-05,448.1,3.06603205015338e-05
2736291,"Palleniella intestinalis",576,3.94143115418037e-05,554,3.7905581124409e-05
40041,"Streptococcus equi",575,3.93458839175992e-05,515,3.52370581744047e-05
2941333,"Mediterraneibacter agrestimuris",563,3.85247524271449e-05,638.5,4.36939783209839e-05
1440762,"Dyella japonica",562,3.84563248029404e-05,562,3.84583290433882e-05
2652274,"Eisenbergiella porci",553,3.78404761850997e-05,527.1,3.60648246753682e-05
39490,"Eubacterium ramulus",550,3.76351933124862e-05,620.8,4.24828781018891e-05
150055,"Streptococcus lutetiensis",548,3.74983380640771e-05,548.7,3.75484191720845e-05
89059,"Ligilactobacillus acidipiscis",543,3.71561999430545e-05,542.9,3.71505816745028e-05
667015,"Phocaeicola salanitronis",540,3.6950917070441e-05,518.2,3.54589659145565e-05
3038145,"Palleniella muris",535,3.66087789494184e-05,534.2,3.65524454959129e-05
198214,"Shigella flexneri",533,3.64719237010093e-05,588.6,4.02776591215482e-05
2834112,"Bacteroides propionicigenes",519,3.5513936962146e-05,551.7,3.7753101247567e-05
2498453,"Geminicoccus harenae",514,3.51717988411234e-05,614.6,4.20532377708408e-05
1579,"Lactobacillus acidophilus",505,3.45559502232828e-05,505,3.45559738691144e-05
2763672,"Simiaoa sunii",502,3.43506673506692e-05,531.2,3.63478000452863e-05
387090,"Phocaeicola coprophilus",480,3.28452596181698e-05,430.2,2.94388252027654e-05
1448311,"Aspergillus vadensis",478,3.27084043697607e-05,487.1,3.33297496056536e-05
3117552,"Bacteroides maternus",470,3.21609833761245e-05,483.3,3.30714138733528e-05
1123312,"Streptococcus ovis",465,3.18188452551019e-05,466.5,3.19247230841627e-05
2041044,"Eubacterium maltosivorans",458,3.13398518856703e-05,491.7,3.36436009785186e-05
1944636,"Parabacteroides provencensis",451,3.08608585162387e-05,461.6,3.15895357342112e-05
2786956,"Phocaeicola faecalis",447,3.05871480194206e-05,465.5,3.18546203227741e-05
28111,"Bacteroides eggerthii",447,3.05871480194206e-05,469.9,3.21544038849883e-05
621,"Shigella boydii",444,3.0381865146807e-05,551.7,3.77525662959584e-05
518636,"Enterocloster asparagiformis",444,3.0381865146807e-05,429.1,2.93646646406104e-05
3133171,"Pseudoflavonifractor intestinihominis",444,3.0381865146807e-05,538.7,3.68607817515178e-05
2763058,"Parabacteroides segnis",440,3.01081546499889e-05,457.4,3.13001369954264e-05
2316025,"Mediterraneibacter butyricigenes",432,2.95607336563528e-05,532.4,3.64335355751039e-05
NA,"unknown genome; accession ID isNZ_AP028032.1",431,2.94923060321483e-05,432.8,2.96132558737427e-05
1917883,"Bacteroides togonis",430,2.94238784079437e-05,434.7,2.97436634325551e-05
2479840,"Prevotella marseillensis",428,2.92870231595347e-05,440.1,3.01145556775696e-05
745368,"Gemmiger formicilis",425,2.90817402869211e-05,440.1,3.01149535572709e-05
2652292,"Hornefia porci",423,2.89448850385121e-05,458.7,3.13875537915912e-05
2585117,"Alistipes onderdonkii",423,2.89448850385121e-05,421,2.88103403341634e-05
546,"Citrobacter freundii",417,2.8534319293285e-05,410,2.80566003711746e-05
2939491,"Parabacteroides leei",400,2.73710496818081e-05,502.1,3.43545320883472e-05
2981770,"Gallintestinimicrobium propionicum",400,2.73710496818081e-05,470.1,3.21683017524679e-05
470146,"Coprococcus comes",398,2.72341944333991e-05,431.1,2.95022004656855e-05
693979,"Bacteroides helcogenes",390,2.66867734397629e-05,370.1,2.53218259273742e-05
2211183,"Evtepia gabavorous",386,2.64130629429448e-05,379.9,2.59981162026653e-05
2764323,"Catenibacterium faecis",385,2.63446353187403e-05,414.5,2.83605164814516e-05
871324,"Bacteroides stercorirosoris",384,2.62762076945358e-05,381.3,2.60881782802177e-05
536633,"Blautia glucerasea",374,2.55919314524906e-05,357.2,2.44428668129916e-05
3028070,"Claveliimonas bilis",374,2.55919314524906e-05,375.4,2.56868975575431e-05
3036443,"Streptococcus sp. ST2",373,2.55235038282861e-05,361.4,2.47310337154321e-05
477666,"Bacteroides graminisolvens",366,2.50445104588544e-05,366,2.50448437644277e-05
1653435,"Merdimonas faecis",363,2.48392275862409e-05,394.4,2.69900719679933e-05
1255705,"Bavariicoccus seileri",359,2.45655170894228e-05,333.3,2.28083738427005e-05
1673717,"Anaeromassilibacillus senegalensis",359,2.45655170894228e-05,359,2.45655338990338e-05
622312,"Roseburia inulinivorans",357,2.44286618410138e-05,385.4,2.63702899156538e-05
889204,"Streptococcus infantis",352,2.40865237199912e-05,326.4,2.23362140491428e-05
2714358,"Pusillibacter faecalis",342,2.34022474779459e-05,373.2,2.55356631936137e-05
1069201,"Aspergillus luchuensis",340,2.32653922295369e-05,355.6,2.43316239575715e-05
149016,"Streptococcus urinalis",338,2.31285369811279e-05,326.2,2.23242881038697e-05
225992,"Comamonas kerstersii",337,2.30601093569233e-05,337,2.305997294177e-05
3133180,"Enterobacter intestinihominis",333,2.27863988601053e-05,374.2,2.56069122056883e-05
5851,"Plasmodium knowlesi",331,2.26495436116962e-05,313.7,2.14634744486622e-05
871665,"Blautia faecis",331,2.26495436116962e-05,408.9,2.79814873758837e-05
2941327,"Flintibacter muris",330,2.25811159874917e-05,336.7,2.30399512388968e-05
45851,"Eshraghiella crossota",329,2.25126883632872e-05,331.8,2.27050721293821e-05
1735,"Holdemanella biformis",326,2.23074054906736e-05,417.1,2.85436770339845e-05
1522,"[Clostridium] innocuum",326,2.23074054906736e-05,374.1,2.55956009880372e-05
361101,"Streptococcus pseudoporcinus",325,2.22389778664691e-05,263.9,1.80565920942964e-05
1186058,"Trichosporon asahii",323,2.21021226180601e-05,323,2.21015172720916e-05
537011,"Segatella copri",321,2.1965267369651e-05,320.6,2.19379075414462e-05
2924040,"Parabacteroides faecalis",320,2.18968397454465e-05,334.5,2.28859941303448e-05
484018,"Phocaeicola plebeius",317,2.16915568728329e-05,343.1,2.34800273414343e-05
2024197,"Bacteroides cutis",317,2.16915568728329e-05,305.8,2.09260198734111e-05
871327,"Parabacteroides chinchillae",311,2.12809911276058e-05,320,2.18960114238433e-05
187327,"Acidaminococcus intestini",308,2.10757082549923e-05,309.6,2.11869406070214e-05
624,"Shigella sonnei",297,2.03230043887425e-05,416.5,2.85006966457482e-05
2885351,"Hominisplanchenecus faecis",296,2.0254576764538e-05,315.1,2.15600520588722e-05
223184,"Kocuria marina",291,1.99124386435154e-05,291,1.99123221120356e-05
33945,"Enterococcus avium",279,1.90913071530612e-05,334.9,2.29140668018611e-05
3133172,"Alistipes intestinihominis",279,1.90913071530612e-05,285.7,1.9546388503159e-05
2880704,"Duncaniella muricolitica",273,1.8680741407834e-05,272.1,1.86176931835237e-05
519441,"Streptobacillus moniliformis",272,1.86123137836295e-05,256.1,1.75251741628645e-05
2981774,"Suilimivivens aceti",272,1.86123137836295e-05,289.3,1.97987450345968e-05
210,"Helicobacter pylori",271,1.8543886159425e-05,271,1.85430403663321e-05
3036303,"Peptoniphilus genitalis",266,1.82017480384024e-05,236.6,1.61908012559972e-05
2981786,"Coprococcus aceti",265,1.81333204141979e-05,273.1,1.86895377282678e-05
218493,"Salmonella bongori",262,1.79280375415843e-05,257.9,1.7645594462881e-05
2981768,"Anthropogastromicrobium aceti",261,1.78596099173798e-05,294.2,2.01319175872157e-05
2739389,"Phocaeicola faecicola",260,1.77911822931753e-05,267.8,1.83253024245301e-05
2494234,"Sutterella megalosphaeroides",257,1.75858994205617e-05,254.1,1.73899788465067e-05
2981781,"Barnesiella propionica",257,1.75858994205617e-05,257.2,1.7598478545806e-05
59310,"Streptococcus macedonicus",255,1.74490441721527e-05,251.4,1.7203793790041e-05
1776379,"Leyella lascolaii",254,1.73806165479482e-05,336.9,2.30549713623973e-05
NA,"unknown genome; accession ID isNZ_LR027382.1",252,1.72437612995391e-05,261.9,1.79179015467773e-05
764299,"Streptococcus ictaluri",250,1.71069060511301e-05,257,1.75834979473161e-05
39486,"Dorea formicigenerans",249,1.70384784269256e-05,263.4,1.80224334223632e-05
2316720,"Corallococcus interemptor",248,1.6970050802721e-05,195.8,1.33989636290003e-05
694437,"Flammeovirga aprica",247,1.69016231785165e-05,243.7,1.66726778125458e-05
2927224,"Akkermansia massiliensis",247,1.69016231785165e-05,244.9,1.67567423749069e-05
2590157,"Klebsiella variicola",245,1.67647679301075e-05,243.8,1.66819212428496e-05
310300,"Bacteroides pyogenes",245,1.67647679301075e-05,264.1,1.80731018596605e-05
1121094,"Phocaeicola barnesiae",242,1.65594850574939e-05,226.1,1.54746733324621e-05
1218085,"Citrobacter rodentium",241,1.64910574332894e-05,288.3,1.97283223973101e-05
371674,"Moryella indoligenes",238,1.62857745606758e-05,242.9,1.66207538044789e-05
1689270,"Intestinimonas timonensis",232,1.58752088154487e-05,287.6,1.968167028527e-05
537007,"Blautia hansenii",231,1.58067811912442e-05,255.7,1.74948712654949e-05
2981789,"Dorea amylophila",231,1.58067811912442e-05,249.3,1.70567864362388e-05
1307443,"Fusobacterium hwasookii",230,1.57383535670397e-05,264.5,1.80975949819114e-05
1329,"Streptococcus canis",230,1.57383535670397e-05,229.2,1.56813278028838e-05
880526,"Rikenella microfusus",228,1.56014983186306e-05,240.6,1.64620469951543e-05
1926283,"Lachnoclostridium edouardi",228,1.56014983186306e-05,241.5,1.65269109381126e-05
880074,"Barnesiella viscericola",226,1.54646430702216e-05,262.9,1.79897413588388e-05
39483,"Faecalitalea cylindroides",226,1.54646430702216e-05,237.2,1.62310179823725e-05
762982,"Paraprevotella xylaniphila",226,1.54646430702216e-05,269,1.84080685243081e-05
367928,"Bifidobacterium adolescentis",223,1.5259360197608e-05,219.1,1.4989272287165e-05
3378067,"Butyricimonas sp. GBGM4",222,1.51909325734035e-05,217.1,1.48529271674671e-05
1482676,"Brevibacterium metallidurans",215,1.47119392039719e-05,209.7,1.43514445201419e-05
2763038,"Clostridium segne",205,1.40276629619267e-05,209.3,1.4322144075723e-05
547043,"Bifidobacterium pseudocatenulatum",203,1.38908077135176e-05,207.6,1.42075403024316e-05
3032872,"Petralouisia muris",201,1.37539524651086e-05,210.1,1.4373253991567e-05
75553,"Aspergillus viridinutans",201,1.37539524651086e-05,199.4,1.36446891417973e-05
2981785,"Coprococcus ammoniilyticus",200,1.36855248409041e-05,200.2,1.36977118659849e-05
1882272,"Penicillium samsonianum",199,1.36170972166995e-05,189.1,1.29393339797459e-05
169963,"Listeria monocytogenes",195,1.33433867198815e-05,176.6,1.20874987658092e-05
2981787,"Dorea acetigenes",195,1.33433867198815e-05,209.6,1.43450497050069e-05
2763053,"Lawsonibacter hominis",194,1.32749590956769e-05,198,1.35514665097179e-05
2736289,"Xylanibacter rodentium",190,1.30012485988589e-05,228.6,1.56435168190783e-05
699246,"Mageeibacillus indolicus",187,1.27959657262453e-05,192.2,1.31515641183752e-05
197614,"Streptococcus pasteurianus",182,1.24538276052227e-05,228,1.55986578003186e-05
60172,"Penicillium solitum",182,1.24538276052227e-05,186.9,1.27866236501732e-05
391612,"Crocosphaera chwakensis",181,1.23853999810182e-05,181.5,1.24211288885353e-05
1033731,"Alistipes timonensis",179,1.22485447326091e-05,162.4,1.11138890652025e-05
1177179,"Alcanivorax hongdengensis",178,1.21801171084046e-05,203.5,1.39250118188403e-05
1354,"Enterococcus hirae",178,1.21801171084046e-05,178,1.21796518424033e-05
2763014,"Agathobaculum hominis",177,1.21116894842001e-05,179.2,1.22589336995528e-05
1448314,"Aspergillus eucalypticola",176,1.20432618599956e-05,202.1,1.38263058735705e-05
1502,"Clostridium perfringens",176,1.20432618599956e-05,176,1.20432701009191e-05
361500,"Anaerococcus degeneri",175,1.19748342357911e-05,196.3,1.34319208669909e-05
2944915,"Coprobacter tertius",173,1.1837978987382e-05,175.7,1.2022390887088e-05
2499078,"Vibrio ouci",172,1.17695513631775e-05,182.6,1.24928574905143e-05
358742,"Enterocloster aldenensis",168,1.14958408663594e-05,179.4,1.22729213152962e-05
1236512,"Bacteroides rodentium",167,1.14274132421549e-05,197.1,1.34847817490403e-05
33030,"Peptoniphilus indolicus",165,1.12905579937459e-05,154.4,1.05639398575793e-05
1512,"[Clostridium] symbiosum",164,1.12221303695413e-05,169.8,1.16214822110763e-05
2172043,"Bifidobacterium tibiigranuli",164,1.12221303695413e-05,160.9,1.10124033932131e-05
45133,"Lasiodiplodia theobromae",164,1.12221303695413e-05,194.9,1.33339534046397e-05
2093856,"Butyricimonas faecalis",163,1.11537027453368e-05,180.5,1.23521883122459e-05
2685834,"Parabacteroides chongii",163,1.11537027453368e-05,168.2,1.15118186869645e-05
3133499,"Maccoyibacter intestinihominis",161,1.10168474969278e-05,175,1.19746085800055e-05
5083,"Penicillium canescens",157,1.07431370001097e-05,149.6,1.02380945259779e-05
1912855,"Faecalimonas umbilicata",157,1.07431370001097e-05,182.3,1.24748747256441e-05
3133164,"Hominiventricola aquisgranensis",156,1.06747093759052e-05,145.2,9.93692311552001e-06
1723382,"Urinicoccus massiliensis",156,1.06747093759052e-05,203.5,1.3925093630518e-05
2978477,"Eubacterium album",155,1.06062817517006e-05,157.3,1.07660647419322e-05
1260,"Finegoldia magna",154,1.05378541274961e-05,154.5,1.0574963797071e-05
2763057,"Parabacteroides hominis",154,1.05378541274961e-05,166.3,1.13800473583206e-05
67824,"Citrobacter farmeri",154,1.05378541274961e-05,136.9,9.36953584566933e-06
1871013,"Parabacteroides timonensis",154,1.05378541274961e-05,154.9,1.06003486238034e-05
1776384,"Emergencia timonensis",152,1.04009988790871e-05,158.7,1.08616508399749e-05
1841856,"Bacteroides mediterraneensis",151,1.03325712548826e-05,180.9,1.23801655553936e-05
2763658,"Ligaoa zhengdingensis",150,1.0264143630678e-05,197.6,1.35238851959247e-05
102148,"Solobacterium moorei",150,1.0264143630678e-05,155.5,1.06406976154295e-05
2780922,"Solibaculum mannosilyticum",149,1.01957160064735e-05,178.4,1.22068203112898e-05
1349415,"Streptococcus loxodontisalivarius",147,1.00588607580645e-05,148.5,1.01596686985884e-05
2763048,"Flintibacter hominis",146,9.99043313385997e-06,153.7,1.05143167694102e-05
2763656,"Guopingia tenuis",146,9.99043313385997e-06,158.2,1.08243419546112e-05
1499973,"Escherichia marmotae",146,9.99043313385997e-06,138,9.44574891249207e-06
1653434,"Sellimonas intestinalis",145,9.92200550965545e-06,146,9.99007277911248e-06
820,"Bacteroides uniformis",140,9.57986738863284e-06,140,9.5818289112904e-06
2040291,"Dorea phocaeensis",140,9.57986738863284e-06,138.6,9.48330358989976e-06
1338,"Streptococcus intermedius",139,9.51143976442832e-06,141.1,9.65321604116738e-06
2894201,"Citrobacter meridianamericanus",138,9.4430121402238e-06,137.1,9.37959449006079e-06
1123299,"Streptococcus castoreus",137,9.37458451601928e-06,146.1,9.9998015977972e-06
570012,"Shimwellia pseudoproteus",133,9.1008740192012e-06,131.5,8.99704296893866e-06
1437324,"Pullulanibacillus pueri",132,9.03244639499668e-06,132.1,9.04224688636438e-06
471870,"Bacteroides intestinalis",131,8.96401877079216e-06,149.8,1.02509310221159e-05
2290935,"Parabacteroides acidifaciens",131,8.96401877079216e-06,135,9.23816329285535e-06
2763671,"Jingyaoa shaoxingensis",131,8.96401877079216e-06,162.4,1.11123429060853e-05
72026,"Helcococcus ovis",129,8.82716352238312e-06,144.7,9.89834532151509e-06
3035284,"Prevotella sp. B2-R-102",129,8.82716352238312e-06,133.1,9.10826854608957e-06
1002367,"Leyella stercorea",128,8.7587358981786e-06,140.3,9.60269405694626e-06
565655,"Enterococcus casseliflavus",125,8.55345302556504e-06,112.9,7.72322781485049e-06
2499076,"Marinifilum caeruleilacunae",125,8.55345302556504e-06,136.8,9.35847333009971e-06
2929157,"Erysipelothrix amsterdamensis",124,8.48502540136052e-06,136.6,9.34851660145943e-06
2738446,"Anaerostipes faecalis",123,8.416597777156e-06,123.1,8.42224419837113e-06
2981794,"Roseburia amylophila",123,8.416597777156e-06,130.4,8.9200150727864e-06
2663009,"Fusobacterium pseudoperiodonticum",118,8.0744596561334e-06,146.2,1.0006716255408e-05
1334,"Streptococcus dysgalactiae",117,8.00603203192888e-06,121.6,8.3238827165059e-06
2714353,"Vescimonas fastidiosa",117,8.00603203192888e-06,121.8,8.33698647577598e-06
39496,"Eubacterium ventriosum",116,7.93760440772436e-06,147.2,1.00705849693053e-05
239935,"Akkermansia muciniphila",116,7.93760440772436e-06,118.5,8.10728843751545e-06
684066,"Streptococcus lactarius",116,7.93760440772436e-06,121.5,8.31669437312061e-06
1462571,"Bacteroides gallinaceum",112,7.66389391090628e-06,112.6,7.70486568728975e-06
2799577,"Lacticaseibacillus suilingensis",111,7.59546628670176e-06,111,7.59532295729786e-06
1472417,"Butyricimonas paravirosa",111,7.59546628670176e-06,132.6,9.0720469556618e-06
1352,"Enterococcus faecium",109,7.45861103829271e-06,116,7.94101110014422e-06
2763063,"Roseburia yibonii",109,7.45861103829271e-06,98.4,6.73080402553716e-06
1266046,"Aurantibacter aestuarii",108,7.39018341408819e-06,103.7,7.09713640623184e-06
2316726,"Corallococcus sicarius",108,7.39018341408819e-06,100.2,6.85529058684855e-06
41047,"Aspergillus thermomutatus",107,7.32175578988367e-06,103.7,7.09856486651186e-06
1472416,"Butyricimonas faecihominis",107,7.32175578988367e-06,110.8,7.57955059502956e-06
2736294,"Xylanibacter caecicola",106,7.25332816567915e-06,111.3,7.61932380965596e-06
2881276,"Fusicatenibacter faecihominis",106,7.25332816567915e-06,109.1,7.46364906156363e-06
515620,"Lachnospira eligens",105,7.18490054147463e-06,99.8,6.83127697766562e-06
765909,"Lamprocystis purpurea",105,7.18490054147463e-06,108.1,7.39466258923501e-06
2763050,"Hungatella hominis",104,7.11647291727011e-06,102.1,6.98791128442931e-06
39488,"Anaerobutyricum hallii",102,6.97961766886107e-06,104.1,7.12518357959854e-06
1331689,"Ursidibacter maritimus",101,6.91119004465655e-06,100.6,6.88515025386084e-06
563192,"Bilophila wadsworthia",99,6.77433479624751e-06,99,6.77433943176698e-06
1076124,"Phytohabitans flavus",99,6.77433479624751e-06,103.8,7.10178165313057e-06
3133166,"Laedolimicola intestinihominis",99,6.77433479624751e-06,114,7.80216035970092e-06
645466,"Anaerostipes butyraticus",98,6.70590717204299e-06,95.2,6.51150047247803e-06
365590,"Shewanella hafniensis",98,6.70590717204299e-06,101.1,6.91806541623453e-06
2653932,"Citrobacter telavivensis",98,6.70590717204299e-06,122.3,8.36953334560869e-06
28137,"Prevotella veroralis",97,6.63747954783847e-06,97,6.63748408971108e-06
1363,"Lactococcus garvieae",96,6.56905192363395e-06,97.9,6.69914684884561e-06
1048245,"Mycobacterium canetti",94,6.43219667522491e-06,90,6.16047612942173e-06
2763669,"Qiania dongpingensis",93,6.36376905102039e-06,124.2,8.49546188781996e-06
2981784,"[Clostridium] ammoniilyticum",93,6.36376905102039e-06,94.7,6.48301440206096e-06
2981771,"Laedolimicola ammoniilytica",92,6.29534142681587e-06,99.4,6.79868231650066e-06
2994035,"Sellimonas catena",92,6.29534142681587e-06,90.9,6.2206737937424e-06
2608867,"Escherichia ruysiae",92,6.29534142681587e-06,92.3,6.31402189460134e-06
2981772,"Muricoprocola aceti",91,6.22691380261135e-06,89.4,6.12076711267669e-06
2779352,"Pseudoflavonifractor gallinarum",90,6.15848617840683e-06,92.3,6.31520834211719e-06
2981780,"Bacteroides cellulolyticus",90,6.15848617840683e-06,90.1,6.16248143176263e-06
NA,"unknown genome; accession ID isNZ_LT635772.1",90,6.15848617840683e-06,100.2,6.85535165030559e-06
1944635,"Sutterella seckii",88,6.02163092999779e-06,89.1,6.10009535847848e-06
1159752,"Enterococcus lemanii",88,6.02163092999779e-06,107.9,7.3799657053825e-06
564,"Escherichia fergusonii",87,5.95320330579327e-06,99.6,6.81815164305051e-06
1326,"Streptococcus acidominimus",87,5.95320330579327e-06,89.8,6.14420341642304e-06
1206725,"Nocardia brevicatena",86,5.88477568158875e-06,86.1,5.89432651481934e-06
1448313,"Aspergillus piperis",86,5.88477568158875e-06,112.5,7.69769658817742e-06
1335613,"Gordonibacter urolithinfaciens",85,5.81634805738423e-06,83.1,5.6841636831961e-06
28119,"Bacteroides zoogleoformans",83,5.67949280897519e-06,83.8,5.73190500407492e-06
504,"Kingella kingae",81,5.54263756056615e-06,81,5.54204888698334e-06
416450,"Penicillium antarcticum",80,5.47420993636163e-06,83,5.67939994875612e-06
559292,"Saccharomyces cerevisiae",79,5.40578231215711e-06,90.9,6.22192794627764e-06
1343,"Streptococcus vestibularis",79,5.40578231215711e-06,81.5,5.57568846906945e-06
2951805,"Parabacteroides absconsus",78,5.33735468795258e-06,82.4,5.63664096629828e-06
1602169,"Prevotella pectinovora",78,5.33735468795258e-06,78.5,5.37096119450335e-06
NA,"unknown genome; accession ID isNZ_DAWEHO010000023.1",78,5.33735468795258e-06,78.1,5.34089665801219e-06
2021971,"Streptococcus respiraculi",76,5.20049943954354e-06,96.2,6.58591580048205e-06
2071710,"Enterobacter sichuanensis",76,5.20049943954354e-06,71.2,4.87463693536441e-06
1816676,"Alistipes provencensis",76,5.20049943954354e-06,85.2,5.83090918467491e-06
214856,"Alistipes finegoldii",75,5.13207181533902e-06,79.6,5.44835015939676e-06
2490855,"Lachnoanaerobaculum gingivalis",74,5.0636441911345e-06,79.8,5.46174500503538e-06
3073100,"Candidatus Cetobacterium colombiensis",74,5.0636441911345e-06,73.8,5.04921872079488e-06
3133163,"Ruthenibacterium intestinale",74,5.0636441911345e-06,114.7,7.85059680103188e-06
1841868,"Provencibacterium massiliense",74,5.0636441911345e-06,98.8,6.7587336000869e-06
2941338,"Streptococcus caecimuris",74,5.0636441911345e-06,65.8,4.50556559280111e-06
875454,"Peptoniphilus rhinitidis",72,4.92678894272546e-06,78.4,5.36254683904876e-06
5082,"Penicillium roqueforti",72,4.92678894272546e-06,70.6,4.82764361041528e-06
91492,"Aspergillus udagawae",70,4.78993369431642e-06,72.7,4.97750092761849e-06
2490545,"Bifidobacterium jacchi",70,4.78993369431642e-06,65.9,4.5106772290766e-06
2763045,"Eubacterium segne",70,4.78993369431642e-06,69.4,4.75154915443714e-06
1392255,"Aspergillus novofumigatus",69,4.7215060701119e-06,70,4.78787820507266e-06
2763670,"Wujia chipingensis",69,4.7215060701119e-06,69.4,4.74645223700569e-06
268346,"Penicillium mononematosum",69,4.7215060701119e-06,68.7,4.70169969221605e-06
1401079,"Mogibacterium timidum",68,4.65307844590738e-06,70.8,4.84627243059932e-06
2762212,"Phocaeicola intestinalis",68,4.65307844590738e-06,74.8,5.12106076944537e-06
NA,"unknown genome; accession ID isNZ_DAWEQI010000196.1",67,4.58465082170286e-06,67,4.58492564880106e-06
2811779,"Peptoniphilus rachelemmaiella",67,4.58465082170286e-06,67.7,4.62922739862658e-06
469615,"Fusobacterium gonidiaformans",66,4.51622319749834e-06,66.2,4.52743589149556e-06
2107694,"Aphanothece hegewaldii",65,4.44779557329382e-06,72.7,4.97179745401597e-06
1517512,"Aspergillus pseudoviridinutans",65,4.44779557329382e-06,65.1,4.45496610208012e-06
254785,"Streptococcus halichoeri",65,4.44779557329382e-06,75.8,5.19011197058603e-06
2681861,"Sporofaciens musculi",64,4.3793679490893e-06,63.9,4.36968753701213e-06
2025493,"Blautia hominis",63,4.31094032488478e-06,60.9,4.16793760424266e-06
154288,"Turicibacter sanguinis",62,4.24251270068026e-06,62,4.24251560373286e-06
2885352,"Hominiventricola filiformis",62,4.24251270068026e-06,62.7,4.29032683573185e-06
283354,"Alternaria metachromatica",62,4.24251270068026e-06,62.3,4.26557663282357e-06
2585119,"Alistipes dispar",60,4.10565745227122e-06,60.6,4.14502824883675e-06
433664,"Nocardioides agariphilus",60,4.10565745227122e-06,56.1,3.8375752952941e-06
1133319,"Bacteroides reticulotermitis",57,3.90037457965766e-06,57.7,3.94822098951409e-06
154046,"Hungatella hathewayi",57,3.90037457965766e-06,58.3,3.98599208579727e-06
796937,"Peptoanaerobacter stomatis",56,3.83194695545314e-06,48.9,3.34941139950976e-06
2026339,"Oceanibium sediminis",56,3.83194695545314e-06,55.8,3.81641044761407e-06
2764322,"Hydrogeniiclostridium mannosilyticum",56,3.83194695545314e-06,56.9,3.89141540553992e-06
270249,"Bartonella phoceensis",56,3.83194695545314e-06,54.5,3.72993116054576e-06
2587529,"Klebsiella pasteurii",55,3.76351933124862e-06,53.1,3.63611267435337e-06
1841864,"Marseilla massiliensis",55,3.76351933124862e-06,55.3,3.78486009061439e-06
126998,"Penicillium bovifimosum",55,3.76351933124862e-06,50.7,3.47020777996671e-06
2763677,"Zongyangia hominis",54,3.6950917070441e-06,67,4.58157307277997e-06
2981724,"Alitiscatomonas aceti",54,3.6950917070441e-06,54,3.6939121491454e-06
3133167,"Faecousia intestinalis",54,3.6950917070441e-06,56.5,3.86852235507599e-06
2606634,"Velocimicrobium porci",53,3.62666408283958e-06,53.5,3.65778141925196e-06
2919919,"Atopomonas sediminilitoris",53,3.62666408283958e-06,60.3,4.12597300011259e-06
60171,"Penicillium verrucosum",53,3.62666408283958e-06,51,3.49072173547834e-06
89139,"Rasamsonia byssochlamydoides",53,3.62666408283958e-06,53,3.62666656548071e-06
1450537,"Aspergillus homomorphus",51,3.48980883443054e-06,51,3.49078013901208e-06
1681,"Bifidobacterium bifidum",50,3.42138121022602e-06,50.3,3.44415006906491e-06
855,"Fusobacterium simiae",50,3.42138121022602e-06,45.9,3.14310340861478e-06
348802,"Exophiala xenobiotica",49,3.3529535860215e-06,47.2,3.22866896718021e-06
2763664,"Jutongia hominis",49,3.3529535860215e-06,57.1,3.90915171228937e-06
40837,"Mycoplana ramosa",49,3.3529535860215e-06,41.5,2.83669043706273e-06
NA,"unknown genome; accession ID isNZ_DAWEQI010000213.1",49,3.3529535860215e-06,49,3.3529635467305e-06
1720195,"Gabonibacter massiliensis",48,3.28452596181698e-06,48.2,3.29553385150557e-06
5074,"Penicillium brevicompactum",48,3.28452596181698e-06,54,3.69385254879168e-06
3032125,"Neopoerus faecalis",48,3.28452596181698e-06,46.4,3.17413662553947e-06
1835702,"Penicillium arizonense",47,3.21609833761246e-06,48.5,3.31946062684898e-06
2763062,"Roseburia rectibacter",47,3.21609833761246e-06,48.3,3.30763183890897e-06
370354,"Entamoeba dispar",46,3.14767071340793e-06,44.9,3.0709542601646e-06
1123298,"Streptococcus caballi",46,3.14767071340793e-06,48.4,3.31382938325035e-06
1673723,"Murdochiella massiliensis",46,3.14767071340793e-06,47.9,3.28004390862036e-06
2652276,"Holdemanella porci",45,3.07924308920341e-06,45.3,3.09650987321223e-06
2015901,"Massilicoli timonensis",45,3.07924308920341e-06,50.1,3.42771473974523e-06
3014267,"Agathobaculum massiliense",45,3.07924308920341e-06,66.4,4.54629240780533e-06
88456,"Cyclospora cayetanensis",44,3.01081546499889e-06,44.1,3.01433464372823e-06
2986526,"Lawsonibacter celer",44,3.01081546499889e-06,46.1,3.15510403159441e-06
2763668,"Jutongia huaianensis",44,3.01081546499889e-06,46.2,3.16069438938711e-06
2316736,"Corallococcus exercitus",43,2.94238784079437e-06,43.1,2.94622825805609e-06
69359,"Thiohalocapsa halophila",43,2.94238784079437e-06,42.4,2.90252322992686e-06
2896850,"Phocaeicola oris",43,2.94238784079437e-06,43,2.94239097535058e-06
2888525,"Thermomonas alba",43,2.94238784079437e-06,43.7,2.98869190211236e-06
471875,"[Ruminococcus] lactaris",43,2.94238784079437e-06,46.2,3.16423389114236e-06
3093657,"Acutalibacter caecimuris",43,2.94238784079437e-06,43,2.94410044971005e-06
1064535,"Megasphaera elsdenii",42,2.87396021658985e-06,42,2.87381960508081e-06
1982628,"Faecalibacillus faecis",42,2.87396021658985e-06,50.1,3.43026254956997e-06
2949662,"Coprococcus sp. B2-R-112",42,2.87396021658985e-06,44.1,3.01975982336154e-06
3111861,"Streptococcus gingivalis",42,2.87396021658985e-06,52.6,3.60230860406443e-06
1871024,"Mordavella massiliensis",41,2.80553259238533e-06,46.7,3.1974855507249e-06
3093659,"Acutalibacter intestini",41,2.80553259238533e-06,40.7,2.78517131547107e-06
2583810,"Alteribacter natronophilus",40,2.73710496818081e-06,44,3.01036634172804e-06
394095,"Pyxidicoccus fallax",40,2.73710496818081e-06,33.9,2.31697455091011e-06
33031,"Peptoniphilus lacrimalis",40,2.73710496818081e-06,48.5,3.32006220424478e-06
313439,"Streptococcus massiliensis",40,2.73710496818081e-06,40.2,2.75124246696395e-06
596315,"Peptostreptococcus stomatis",39,2.66867734397629e-06,42.1,2.88266967826953e-06
445971,"Anaerofustis stercorihominis",39,2.66867734397629e-06,39,2.66867917009002e-06
546275,"Fusobacterium periodonticum",39,2.66867734397629e-06,40.1,2.74413323004135e-06
195,"Campylobacter coli",39,2.66867734397629e-06,37.5,2.5630347961725e-06
630626,"Shimwellia blattae",38,2.60024971977177e-06,36.2,2.48026101275517e-06
1918949,"Solemya elarraichensis gill symbiont",38,2.60024971977177e-06,39.7,2.71863070797716e-06
1796618,"Cuneatibacter caecimuris",38,2.60024971977177e-06,35.2,2.41022767111796e-06
2588991,"Streptococcus symci",38,2.60024971977177e-06,50.9,3.48094856392228e-06
67828,"Citrobacter gillenii",38,2.60024971977177e-06,44.6,3.04921029679466e-06
182096,"Aspergillus chevalieri",38,2.60024971977177e-06,39.5,2.704164614398e-06
2981791,"Megasphaera butyrica",38,2.60024971977177e-06,38.9,2.65908744892941e-06
2981721,"Brotomerdimonas butyrica",38,2.60024971977177e-06,38.3,2.62380744019195e-06
2559925,"Enterococcus dongliensis",38,2.60024971977177e-06,37.9,2.59013795824213e-06
1775168,"Flagellimonas marina",37,2.53182209556725e-06,37,2.53182382803412e-06
1849041,"Harryflintia acetispora",35,2.39496684715821e-06,35.3,2.41312899825317e-06
1624,"Ligilactobacillus salivarius",35,2.39496684715821e-06,36,2.46064265357455e-06
3376993,"Vescimonas sanitatis",35,2.39496684715821e-06,37.4,2.55975759127354e-06
1323,"Faecalicoccus pleomorphus",35,2.39496684715821e-06,45.8,3.1319128406762e-06
1347393,"Bacteroides neonati",34,2.32653922295369e-06,36.3,2.48265189278329e-06
1640685,"Enterococcus massiliensis",34,2.32653922295369e-06,34.6,2.36482664751816e-06
1871016,"Collinsella phocaeensis",34,2.32653922295369e-06,33.9,2.31923112321e-06
1305,"Streptococcus sanguinis",34,2.32653922295369e-06,33.8,2.31188709180582e-06
61420,"Aspergillus caelatus",33,2.25811159874917e-06,33,2.25811314392233e-06
2726362,"Faecalicatena faecalis",33,2.25811159874917e-06,34.6,2.37008191376287e-06
1932,"Streptomyces tendae",33,2.25811159874917e-06,33,2.25716077018909e-06
3097367,"Actinomadura monticuli",33,2.25811159874917e-06,33,2.25811314392233e-06
1125630,"Klebsiella pneumoniae",32,2.18968397454465e-06,32.7,2.23641933911521e-06
1120978,"Allofustis seminis",32,2.18968397454465e-06,54.2,3.70844259636521e-06
1720300,"Mediterraneibacter massiliensis",32,2.18968397454465e-06,33.4,2.28352639811672e-06
501571,"Butyricicoccus pullicaecorum",32,2.18968397454465e-06,33.1,2.26769496189119e-06
2726742,"Flammeovirga agarivorans",32,2.18968397454465e-06,32.3,2.21172405139142e-06
2763015,"Alistipes hominis",32,2.18968397454465e-06,31,2.12173180232108e-06
2763655,"Gehongia tenuis",32,2.18968397454465e-06,32,2.19240849890697e-06
3031993,"Enterococcus montenegrensis",32,2.18968397454465e-06,32.7,2.23575183055963e-06
510516,"Aspergillus oryzae",31,2.12125635034013e-06,31.6,2.16406971309607e-06
999415,"Eggerthia catenaformis",31,2.12125635034013e-06,31.1,2.12930801973232e-06
27334,"Penicillium expansum",31,2.12125635034013e-06,28,1.91267442031521e-06
1218112,"Kluyvera cryocrescens",31,2.12125635034013e-06,30.8,2.10894818954261e-06
676599,"Stenotrophomonas panacihumi",31,2.12125635034013e-06,47.7,3.26650584748351e-06
29845,"Penicillium vulpinum",31,2.12125635034013e-06,32.1,2.19468582384067e-06
1745712,"Anaerococcus urinomassiliensis",31,2.12125635034013e-06,44,3.01073828490114e-06
1123315,"Streptococcus porci",30,2.05282872613561e-06,35.2,2.40807551716194e-06
1511761,"Leuconostoc suionicum",30,2.05282872613561e-06,29.6,2.02489988239115e-06
209559,"Aspergillus alliaceus",30,2.05282872613561e-06,30,2.05283014746308e-06
2604158,"Nitratidesulfovibrio liaohensis",30,2.05282872613561e-06,30,2.05283013083848e-06
1411144,"Bacteroides caecigallinarum",30,2.05282872613561e-06,30.9,2.1177590053127e-06
105843,"Anaerobutyricum soehngenii",29,1.98440110193109e-06,32.4,2.21849179183312e-06
3053355,"Streptococcus raffinosi",29,1.98440110193109e-06,29.2,2.00127844319686e-06
192222,"Campylobacter jejuni",28,1.91597347772657e-06,29.5,2.0216191627001e-06
1796622,"Extibacter muris",28,1.91597347772657e-06,30.3,2.07515131016923e-06
2606633,"Oliverpabstia intestinalis",28,1.91597347772657e-06,28.6,1.95734781780988e-06
2690837,"Eggerthella guodeyinii",28,1.91597347772657e-06,27.4,1.87622432028298e-06
NA,"unknown genome; accession ID isNZ_LT671675.1",28,1.91597347772657e-06,24.3,1.65993249118078e-06
428127,"Amedibacillus dolichus",27,1.84754585352205e-06,29.1,1.99285127536758e-06
3034352,"Enterococcus entomosocium",27,1.84754585352205e-06,34,2.32819497513103e-06
1670621,"Saccharothrix lopnurensis",27,1.84754585352205e-06,25.9,1.7740188048329e-06
1702221,"Faecalibaculum rodentium",26,1.77911822931753e-06,26,1.77911974806498e-06
94643,"Besnoitia besnoiti",26,1.77911822931753e-06,25.8,1.76850084520761e-06
2304063,"Sphingobium terrigena",26,1.77911822931753e-06,26.7,1.82524786083538e-06
411468,"[Clostridium] scindens",26,1.77911822931753e-06,28.3,1.93352085841772e-06
2552766,"Meridianimarinicoccus aquatilis",26,1.77911822931753e-06,25.7,1.75574640458542e-06
176176,"Penicillium paradoxum",26,1.77911822931753e-06,27.8,1.89895670161654e-06
3133158,"Lachnospira intestinalis",26,1.77911822931753e-06,27.2,1.86159625878896e-06
2219695,"Luxibacter massiliensis",26,1.77911822931753e-06,29,1.98685410448127e-06
2763644,"Zhenpiania hominis",25,1.71069060511301e-06,26.9,1.84316151170686e-06
2763667,"Wansuia hejianensis",25,1.71069060511301e-06,24.9,1.70195842487553e-06
2838947,"Enterobacter quasimori",25,1.71069060511301e-06,24.3,1.65959717846029e-06
2981725,"Brotonthovivens ammoniilytica",25,1.71069060511301e-06,24.6,1.68580722218963e-06
2954240,"Streptococcus bouchesdurhonensis",25,1.71069060511301e-06,26.2,1.79295806289561e-06
762967,"Sutterella parvirubra",24,1.64226298090849e-06,22.9,1.56512989344432e-06
1856638,"Streptococcus bovimastitidis",24,1.64226298090849e-06,24.2,1.65392742452068e-06
2747601,"Ruegeria haliotis",24,1.64226298090849e-06,23.4,1.60414329044542e-06
36646,"Penicillium coprophilum",24,1.64226298090849e-06,25.9,1.77255429282455e-06
1281486,"Lactococcus formosensis",24,1.64226298090849e-06,23.9,1.6334751961177e-06
2811778,"Fenollaria sporofastidiosus",24,1.64226298090849e-06,37.8,2.58535511497674e-06
760570,"Streptococcus parasanguinis",23,1.57383535670397e-06,21.7,1.48678956636028e-06
1408437,"Agathobaculum desmolans",23,1.57383535670397e-06,25.3,1.73032297682488e-06
1455061,"Candidatus Magnetobacterium casense",23,1.57383535670397e-06,23,1.57383643364283e-06
83891,"Trypanosoma conorhini",23,1.57383535670397e-06,22.8,1.55783595102072e-06
2766578,"Komagataeibacter melomenusus",23,1.57383535670397e-06,23,1.573836440497e-06
2763056,"Oscillibacter hominis",23,1.57383535670397e-06,23.2,1.58855491531484e-06
544580,"Actinomyces oris",23,1.57383535670397e-06,25.2,1.72249349910192e-06
411577,"Anaerococcus murdochii",23,1.57383535670397e-06,25.5,1.74389493211288e-06
1353,"Enterococcus gallinarum",23,1.57383535670397e-06,24.1,1.64623302624643e-06
1337051,"Murimonas intestini",23,1.57383535670397e-06,23.7,1.62482101733828e-06
3074433,"Vallitalea maricola",23,1.57383535670397e-06,22.9,1.56997097222076e-06
1796620,"Acutalibacter muris",22,1.50540773249945e-06,23,1.57318584189065e-06
2174932,"Nesterenkonia natronophila",22,1.50540773249945e-06,24.9,1.70634607271327e-06
1211813,"Alistipes ihumii",22,1.50540773249945e-06,22,1.50553873969095e-06
1642,"Listeria innocua",22,1.50540773249945e-06,29.2,1.99898580671244e-06
293559,"Penicillium concentricum",22,1.50540773249945e-06,16.9,1.15330097435371e-06
1460447,"Terrisporobacter petrolearius",22,1.50540773249945e-06,22,1.50541093843005e-06
3085167,"Segatella sinensis",22,1.50540773249945e-06,21.4,1.46280064387965e-06
1852365,"Fusobacterium massiliense",22,1.50540773249945e-06,21.6,1.47541416166746e-06
1960125,"Parendozoicomonas haliclonae",22,1.50540773249945e-06,25.8,1.76720768585432e-06
1150461,"Bifidobacterium scardovii",21,1.43698010829493e-06,25.1,1.71880647756859e-06
162,"Treponema phagedenis",21,1.43698010829493e-06,19.8,1.35272943532856e-06
3117701,"Niabella digestorum",21,1.43698010829493e-06,21.6,1.47956015347779e-06
33033,"Parvimonas micra",21,1.43698010829493e-06,23.2,1.58446118690161e-06
360107,"Campylobacter hominis",20,1.36855248409041e-06,20.1,1.37716468029264e-06
1117379,"Neobacillus bataviensis",20,1.36855248409041e-06,20,1.36855342055899e-06
1123301,"Streptococcus didelphis",20,1.36855248409041e-06,20,1.3686099577128e-06
215243,"Exophiala oligosperma",20,1.36855248409041e-06,20.2,1.37905913624515e-06
767769,"Aspergillus brasiliensis",20,1.36855248409041e-06,20,1.3688842332263e-06
372463,"Oceanobacillus profundus",20,1.36855248409041e-06,17.9,1.2273755072884e-06
157692,"Pseudoleptotrichia goodfellowii",20,1.36855248409041e-06,19.7,1.35130276669133e-06
283686,"Kosakonia radicincitans",20,1.36855248409041e-06,20.3,1.38955751858946e-06
1796635,"Longicatena caecimuris",20,1.36855248409041e-06,31,2.11898730340108e-06
1309,"Streptococcus mutans",20,1.36855248409041e-06,20,1.37154266407002e-06
246144,"Enterococcus italicus",20,1.36855248409041e-06,19.8,1.35358337881689e-06
133448,"Citrobacter youngae",20,1.36855248409041e-06,20.3,1.38677112975763e-06
3133170,"Ventrimonas faecis",20,1.36855248409041e-06,19.5,1.33193643877212e-06
1335062,"Teichococcus rhizosphaerae",19,1.30012485988589e-06,19,1.30012574953104e-06
1796636,"Frisingicoccus caecimuris",19,1.30012485988589e-06,19.3,1.31858142663752e-06
2841504,"Dysosmobacter acutus",19,1.30012485988589e-06,19.6,1.3445541594257e-06
1187928,"Alternaria incomplexa",19,1.30012485988589e-06,18.3,1.25218058838627e-06
2961893,"Pseudomonas triclosanedens",19,1.30012485988589e-06,19,1.30012574953104e-06
3030999,"Enterobacter rongchengensis",19,1.30012485988589e-06,22.2,1.51955135593277e-06
5088,"Thermoascus crustaceus",19,1.30012485988589e-06,19,1.30032928573366e-06
1776388,"Prevotella phocaeensis",19,1.30012485988589e-06,20,1.37024892577233e-06
2100822,"Kushneria phyllosphaerae",19,1.30012485988589e-06,19.5,1.33499514500938e-06
626523,"Shuttleworthella satelles",18,1.23169723568137e-06,19.1,1.31029531541266e-06
2899544,"Intestinirhabdus alba",18,1.23169723568137e-06,18,1.2331991001703e-06
2819619,"Streptococcus toyakuensis",18,1.23169723568137e-06,22.3,1.52314225500115e-06
2972474,"Gabonibacter chumensis",18,1.23169723568137e-06,18,1.23177062460062e-06
33043,"Coprococcus eutactus",18,1.23169723568137e-06,18.1,1.23790172413777e-06
2981773,"Muriventricola aceti",18,1.23169723568137e-06,21.6,1.47860174684885e-06
189055,"Penicillium canariense",18,1.23169723568137e-06,17.4,1.19103491854148e-06
40994,"Penicillium hordei",18,1.23169723568137e-06,19.1,1.30786852507317e-06
3079010,"Diplocloster hominis",18,1.23169723568137e-06,21.1,1.44364177857273e-06
1907654,"Collinsella bouchesdurhonensis",18,1.23169723568137e-06,21.3,1.46004945324093e-06
1349,"Streptococcus uberis",18,1.23169723568137e-06,18.1,1.24073223674069e-06
1676614,"Xylanibacter rarus",17,1.16326961147685e-06,17.2,1.17929359179713e-06
3032870,"Lepagella muris",17,1.16326961147685e-06,17.3,1.18178945355977e-06
2478464,"Enterobacter oligotrophicus",17,1.16326961147685e-06,15.2,1.0424250102953e-06
1805431,"Enterococcus saigonensis",17,1.16326961147685e-06,18.4,1.25936165013683e-06
2763659,"Fumia xinanensis",17,1.16326961147685e-06,17.3,1.1830840309752e-06
221027,"Treponema putidum",17,1.16326961147685e-06,17,1.1634674816574e-06
742725,"Alistipes indistinctus",17,1.16326961147685e-06,17,1.16327691849274e-06
1131564,"Penicillium cosmopolitanum",17,1.16326961147685e-06,16.5,1.12785935403629e-06
2897707,"Merdimmobilis hominis",17,1.16326961147685e-06,17.1,1.16920000690904e-06
1917868,"Blautia marasmi",17,1.16326961147685e-06,20.4,1.39265737942612e-06
626522,"Alloprevotella tannerae",16,1.09484198727232e-06,16,1.09524286104593e-06
1118059,"Kallipyga massiliensis",16,1.09484198727232e-06,20.9,1.43185099202644e-06
1408163,"Rasamsonia emersonii",16,1.09484198727232e-06,16,1.09486600164527e-06
1570016,"Thioflexithrix psekupsensis",16,1.09484198727232e-06,16.3,1.11344826125617e-06
1547597,"Sanguibacteroides justesenii",16,1.09484198727232e-06,16,1.09507276475603e-06
2607659,"Nocardioides antri",16,1.09484198727232e-06,16.3,1.11816415417127e-06
2755051,"Variimorphobacter saccharofermentans",16,1.09484198727232e-06,16.3,1.11379655305723e-06
1639133,"Citrobacter portucalensis",16,1.09484198727232e-06,16.1,1.10447042508169e-06
2927804,"Marinobacterium sedimentorum",16,1.09484198727232e-06,16.1,1.10167720600953e-06
NA,"unknown genome; accession ID isNZ_LT821227.1",16,1.09484198727232e-06,16.2,1.10739639234504e-06
1852381,"Duodenibacillus massiliensis",16,1.09484198727232e-06,15.2,1.04299431214849e-06
742817,"Odoribacter laneus",15,1.0264143630678e-06,15,1.02745362742177e-06
518634,"Bifidobacterium breve",15,1.0264143630678e-06,25.5,1.74541744990114e-06
2494701,"Enterobacter chengduensis",15,1.0264143630678e-06,11.8,8.0585237879822e-07
1928661,"Bradyrhizobium cajani",15,1.0264143630678e-06,16.4,1.11886365731079e-06
2579922,"Pseudomonas yangonensis",15,1.0264143630678e-06,15.7,1.0743858500727e-06
36651,"Penicillium digitatum",15,1.0264143630678e-06,15.1,1.0338318073075e-06
1316194,"Penicillium subrubescens",15,1.0264143630678e-06,15,1.02910217801904e-06
3133177,"Bifidobacterium hominis",15,1.0264143630678e-06,14.9,1.02149127223802e-06
1231392,"Oceaniovalibus guishaninsula",14,9.57986738863284e-07,14,9.5798739439129e-07
78346,"Bifidobacterium ruminantium",14,9.57986738863284e-07,14.1,9.61885244348461e-07
212818,"Exophiala mesophila",14,9.57986738863284e-07,15.7,1.07105230124295e-06
2763678,"Youxingia wuxianensis",14,9.57986738863284e-07,19.8,1.35659570813473e-06
1159213,"Peptostreptococcus canis",14,9.57986738863284e-07,13.7,9.36598245239678e-07
3044208,"Fusibacillus kribbianus",14,9.57986738863284e-07,12.5,8.57299603550092e-07
3098076,"Streptococcus lingualis",14,9.57986738863284e-07,16.9,1.15903091033711e-06
2941233,"Acetatifactor aquisgranensis",14,9.57986738863284e-07,15.7,1.07405855237909e-06
546269,"Filifactor alocis",13,8.89559114658764e-07,14.9,1.02129122257135e-06
1313,"Streptococcus pneumoniae",13,8.89559114658764e-07,13.6,9.27871621484524e-07
1642702,"Paludifilum halophilum",13,8.89559114658764e-07,13.3,9.11637862144539e-07
253257,"Lacrimispora amygdalina",13,8.89559114658764e-07,11.9,8.17519443410197e-07
2559927,"Enterococcus songbeiensis",13,8.89559114658764e-07,15.1,1.03085734399727e-06
5059,"Aspergillus flavus",13,8.89559114658764e-07,13.9,9.48269178044364e-07
2743469,"Rhabdonatronobacter sediminivivens",13,8.89559114658764e-07,22.7,1.55226699266494e-06
626929,"Bacteroides clarus",13,8.89559114658764e-07,13,8.89916971774679e-07
3051154,"Cedecea sulfonylureivorans",13,8.89559114658764e-07,14.4,9.81960946321496e-07
35703,"Citrobacter amalonaticus",13,8.89559114658764e-07,13,8.92886163636733e-07
1792511,"Penicillium robsamsonii",13,8.89559114658764e-07,14.1,9.67873502582773e-07
70096,"Penicillium cinerascens",13,8.89559114658764e-07,13,8.90335624624007e-07
1805714,"Christensenella massiliensis",13,8.89559114658764e-07,13.7,9.35027675462269e-07
2592333,"Sellimonas caecigallum",13,8.89559114658764e-07,13.5,9.25648295003656e-07
3061286,"Dickeya ananatis",13,8.89559114658764e-07,12.6,8.59885339296444e-07
1871003,"Tidjanibacter massiliensis",13,8.89559114658764e-07,13,8.89559756162648e-07
176090,"Streptococcus sinensis",12,8.21131490454244e-07,12.3,8.41668770050542e-07
460384,"Enterocloster lavalensis",12,8.21131490454244e-07,14,9.55147881248895e-07
2259674,"Azohydromonas sediminis",12,8.21131490454244e-07,12.1,8.26559990107137e-07
2056311,"Algoriphagus lacus",12,8.21131490454244e-07,12.2,8.36373317452969e-07
158836,"Enterobacter hormaechei",12,8.21131490454244e-07,12.5,8.55015061561116e-07
3075529,"Streptomyces gibsoniae",12,8.21131490454244e-07,12,8.21132052335392e-07
1324766,"Rothia endophytica",12,8.21131490454244e-07,11.9,8.17268641021437e-07
2797505,"Enterobacter vonholyi",12,8.21131490454244e-07,12.9,8.81517802216079e-07
1871030,"Merdibacter massiliensis",12,8.21131490454244e-07,14.6,1.0012056091488e-06
2364791,"Enterococcus mediterraneensis",12,8.21131490454244e-07,12.9,8.86047577735089e-07
679192,"Bulleidia extructa",11,7.52703866249723e-07,11.4,7.79210444096083e-07
1122988,"Hoylesella nanceiensis",11,7.52703866249723e-07,11.4,7.79958620684571e-07
5857,"Plasmodium fragile",11,7.52703866249723e-07,11.4,7.76665183600978e-07
61171,"Holdemania filiformis",11,7.52703866249723e-07,11.6,7.93248820565859e-07
2320100,"Parablautia intestinalis",11,7.52703866249723e-07,12.8,8.76888410736816e-07
109328,"Leptotrichia trevisanii",11,7.52703866249723e-07,11.7,7.99113845555379e-07
2601703,"Heminiphilus faecis",11,7.52703866249723e-07,11.8,8.05869503366525e-07
2764327,"Holdemanella hominis",11,7.52703866249723e-07,13,8.88486112516029e-07
1816689,"Sutterella massiliensis",11,7.52703866249723e-07,12.1,8.28493562368179e-07
2714355,"Vescimonas coprocola",11,7.52703866249723e-07,13.1,8.98223478672099e-07
2909341,"Octadecabacter dasysiphoniae",11,7.52703866249723e-07,11,7.52704471338465e-07
3133154,"Coprococcus intestinihominis",11,7.52703866249723e-07,8.9,6.07214127376331e-07
3115614,"Anaerococcus kampingiae",11,7.52703866249723e-07,10.8,7.40461431161007e-07
28130,"Prevotella disiens",11,7.52703866249723e-07,11.3,7.69950773607582e-07
113107,"Streptococcus australis",11,7.52703866249723e-07,9.6,6.54333518864657e-07
1033744,"Peptoniphilus senegalensis",10,6.84276242045203e-07,16.2,1.11040812841388e-06
1871336,"Criibacterium bergeronii",10,6.84276242045203e-07,11.3,7.70607273334539e-07
2485123,"Photobacterium chitinilyticum",10,6.84276242045203e-07,10.2,6.96181891856498e-07
3038144,"Muribaculum caecicola",10,6.84276242045203e-07,10.1,6.88390277060057e-07
449659,"Ligilactobacillus pobuzihii",10,6.84276242045203e-07,10,6.84352416425832e-07
2916441,"Adlercreutzia rubneri",10,6.84276242045203e-07,10,6.84281254050377e-07
879566,"Acetatifactor muris",10,6.84276242045203e-07,10.2,6.9557780333373e-07
261299,"Intestinibacter bartlettii",10,6.84276242045203e-07,10.4,7.0840707691033e-07
2126740,"Clostridium fessum",10,6.84276242045203e-07,10.4,7.13101417091567e-07
507751,"Peptoniphilus koenoeneniae",10,6.84276242045203e-07,11.2,7.63299149908718e-07
3098075,"Streptococcus dentalis",10,6.84276242045203e-07,12.6,8.60878068490159e-07
1871035,"Negativibacillus massiliensis",10,6.84276242045203e-07,10.2,6.95783920400327e-07
1218092,"Enterococcus pseudoavium",9,6.15848617840683e-07,9.6,6.58021190011196e-07
67780,"Edwardsiella ictaluri",9,6.15848617840683e-07,8.2,5.61856301480058e-07
67827,"Citrobacter werkmanii",9,6.15848617840683e-07,8.8,6.03336375832004e-07
2137581,"Ellagibacter isourolithinifaciens",9,6.15848617840683e-07,8.9,6.0664801134383e-07
2583452,"Amedibacterium intestinale",9,6.15848617840683e-07,9.7,6.60440261126119e-07
1292134,"Stenotrophomonas africana",9,6.15848617840683e-07,9,6.12671499107936e-07
2713500,"Listeria farberi",9,6.15848617840683e-07,18.8,1.28435058893364e-06
2764329,"Paeniclostridium hominis",9,6.15848617840683e-07,9,6.16752989491349e-07
2816080,"Alicyclobacillus suci",9,6.15848617840683e-07,9,6.12883208076999e-07
67826,"Citrobacter sedlakii",9,6.15848617840683e-07,10.6,7.26071992825938e-07
2885361,"Brotaphodocola catenula",9,6.15848617840683e-07,9.6,6.54494304258716e-07
2885357,"Hominenteromicrobium mulieris",9,6.15848617840683e-07,8.6,5.89137081098359e-07
2945989,"Lutimaribacter degradans",9,6.15848617840683e-07,8.7,5.96694577221797e-07
1002107,"Penicillium psychrosexuale",9,6.15848617840683e-07,10.1,6.89045302538227e-07
69789,"Penicillium soppii",9,6.15848617840683e-07,16.8,1.15230342073262e-06
379893,"Trabulsiella odontotermitis",9,6.15848617840683e-07,8.8,6.03256031568179e-07
NA,"unknown genome; accession ID isNZ_DAWEIH010000007.1",9,6.15848617840683e-07,9,6.16683471721388e-07
39495,"Eubacterium uniforme",9,6.15848617840683e-07,9,6.16469886244472e-07
889201,"Streptococcus cristatus",9,6.15848617840683e-07,10.5,7.17017840405872e-07
873447,"Streptococcus parauberis",8,5.47420993636162e-07,8.2,5.61262589788536e-07
1118060,"Enorma massiliensis",8,5.47420993636162e-07,6.9,4.69332289307963e-07
1354300,"Peptoniphilus mikwangii",8,5.47420993636162e-07,6.3,4.32102691484176e-07
53345,"Enterococcus durans",8,5.47420993636162e-07,9.7,6.63913800422712e-07
2320879,"Parablautia muri",8,5.47420993636162e-07,8.7,5.92575751143697e-07
572010,"Slackia isoflavoniconvertens",8,5.47420993636162e-07,8.5,5.796229612491e-07
40545,"Sutterella wadsworthensis",8,5.47420993636162e-07,10.7,7.32053480297571e-07
990412,"Limosilactobacillus alvi",8,5.47420993636162e-07,8.1,5.5377230838708e-07
1463165,"Klebsiella quasipneumoniae",8,5.47420993636162e-07,9.1,6.2576284778804e-07
1501662,"Streptococcus parasuis",8,5.47420993636162e-07,8.4,5.75610391189731e-07
2867964,"Croceicoccus hydrothermalis",8,5.47420993636162e-07,6.7,4.60946854515156e-07
1005665,"Kosakonia oryzendophytica",8,5.47420993636162e-07,8.1,5.57678358683427e-07
168475,"Penicillium taxi",8,5.47420993636162e-07,8.3,5.6692122300029e-07
63820,"Penicillium chermesinum",8,5.47420993636162e-07,7.6,5.2159720189102e-07
3029272,"Amygdalobacter indicium",8,5.47420993636162e-07,8.6,5.87916455524921e-07
358743,"Enterocloster citroniae",8,5.47420993636162e-07,8,5.4942354189094e-07
NA,"unknown genome; accession ID isNZ_LT635480.1",8,5.47420993636162e-07,9.2,6.28669764053047e-07
441959,"Talaromyces stipitatus",7,4.78993369431642e-07,7.9,5.40099538666456e-07
382638,"Helicobacter acinonychis",7,4.78993369431642e-07,7,4.79831877331524e-07
1123309,"Streptococcus minor",7,4.78993369431642e-07,7,4.78993887118559e-07
1121914,"Gemella cuniculi",7,4.78993369431642e-07,7,4.79330235977901e-07
73098,"Kluyvera georgiana",7,4.78993369431642e-07,7.1,4.82466982687992e-07
1341132,"Aspergillus welwitschiae",7,4.78993369431642e-07,7.1,4.8803472254952e-07
2292441,"Paratractidigestivibacter faecalis",7,4.78993369431642e-07,6.1,4.16380859762793e-07
105984,"Apiotrichum porosum",7,4.78993369431642e-07,6.9,4.70481161697784e-07
1234680,"Streptococcus rubneri",7,4.78993369431642e-07,8.6,5.89955400511059e-07
1259973,"Klebsiella electrica",7,4.78993369431642e-07,6.4,4.39427746824781e-07
2055836,"Natronococcus pandeyae",7,4.78993369431642e-07,6.8,4.67009986186481e-07
2722702,"Salinimicrobium oceani",7,4.78993369431642e-07,8.1,5.56085559561946e-07
2799636,"Catonella massiliensis",7,4.78993369431642e-07,10.4,7.1486731563403e-07
2963283,"Stenotrophomonas muris",7,4.78993369431642e-07,6.9,4.71689891943557e-07
2981728,"Huintestinicola butyrica",7,4.78993369431642e-07,7.3,5.01374396629979e-07
1132637,"Penicillium atrosanguineum",7,4.78993369431642e-07,7.1,4.85997912178387e-07
2758443,"Mixta mediterraneensis",7,4.78993369431642e-07,7.1,4.8333390420148e-07
3034501,"Enterococcus spodopteracolus",7,4.78993369431642e-07,8.5,5.79080215284854e-07
638574,"Nonomuraea rosea",7,4.78993369431642e-07,7,4.78999296878365e-07
86667,"Jeotgalibacillus marinus",7,4.78993369431642e-07,7,4.7899369733345e-07
2079531,"Prevotella merdae",7,4.78993369431642e-07,6.6,4.502430928185e-07
2086583,"Pseudoruminococcus massiliensis",7,4.78993369431642e-07,6.5,4.44719174229507e-07
1660341,"Peptoniphilus catoniae",7,4.78993369431642e-07,8.4,5.77163776897128e-07
1308,"Streptococcus thermophilus",7,4.78993369431642e-07,7,4.76564480855964e-07
100884,"Coprobacillus cateniformis",6,4.10565745227122e-07,6.5,4.46782616680324e-07
1197728,"Prevotella conceptionensis",6,4.10565745227122e-07,6,4.10566026167696e-07
1349765,"Enterococcus canis",6,4.10565745227122e-07,6.2,4.21300745582412e-07
1393034,"Atopobium deltae",6,4.10565745227122e-07,4.7,3.24298031699888e-07
417368,"Enterococcus thailandicus",6,4.10565745227122e-07,6.6,4.51651999619901e-07
46507,"Ezakiella coagulans",6,4.10565745227122e-07,9,6.16067189930449e-07
2249428,"Aliidiomarina celeris",6,4.10565745227122e-07,5.3,3.60198889585756e-07
2518605,"Segatella hominis",6,4.10565745227122e-07,22.9,1.56718142358074e-06
2530390,"Muribaculum gordoncarteri",6,4.10565745227122e-07,5.6,3.81928296990928e-07
551989,"Kosakonia arachidis",6,4.10565745227122e-07,6.1,4.1524910304368e-07
2605790,"Roseburia porci",6,4.10565745227122e-07,6,4.11674351105429e-07
393006,"Tamlana crocina",6,4.10565745227122e-07,5.5,3.76435749249809e-07
1494461,"Pseudolactococcus laudensis",6,4.10565745227122e-07,5.9,4.04810092298219e-07
1476463,"Flavobacterium palustre",6,4.10565745227122e-07,6.1,4.19284718295363e-07
658225,"Sphingomonas glacialis",6,4.10565745227122e-07,6.2,4.27035558296109e-07
160404,"Anaerotignum lactatifermentans",6,4.10565745227122e-07,5.6,3.81880915155341e-07
2907145,"Rhodobacter flavimaris",6,4.10565745227122e-07,6.3,4.33533145356104e-07
2903556,"Faecalibacterium gallinarum",6,4.10565745227122e-07,6.2,4.25578972072157e-07
322095,"Porphyromonas somerae",6,4.10565745227122e-07,6.9,4.7430807078625e-07
2839759,"Enterococcus innesii",6,4.10565745227122e-07,11.5,7.85457185205173e-07
478749,"Marvinbryantia formatexigens",6,4.10565745227122e-07,4.9,3.33134884260988e-07
679190,"Hoylesella buccalis",6,4.10565745227122e-07,6.8,4.66988175849715e-07
2981778,"Agathobaculum ammoniilyticum",6,4.10565745227122e-07,5.4,3.70792709960232e-07
3002863,"Methanocorpusculum petauri",6,4.10565745227122e-07,6,4.13766504851522e-07
1850975,"Penicillium nucicola",6,4.10565745227122e-07,6.3,4.32571564714198e-07
3035606,"Catenibacterium mitsuokai",6,4.10565745227122e-07,6,4.10967636576573e-07
3028084,"Streptococcus iners",6,4.10565745227122e-07,6.1,4.16341983481272e-07
3133161,"Ruminococcoides intestinihominis",6,4.10565745227122e-07,6.3,4.32351497775993e-07
1243002,"Vibrio olivae",6,4.10565745227122e-07,6,4.11209535165955e-07
1805470,"Clostridium nigeriense",6,4.10565745227122e-07,5.8,3.96066921554798e-07
1870991,"Massilioclostridium coli",6,4.10565745227122e-07,7.4,5.03958724473338e-07
1871008,"Eggerthella timonensis",6,4.10565745227122e-07,6.5,4.43426445205347e-07
571,"Klebsiella oxytoca",6,4.10565745227122e-07,5.5,3.77010768310396e-07
228400,"Histophilus somni",5,3.42138121022602e-07,5,3.42195217798321e-07
796944,"Oribacterium asaccharolyticum",5,3.42138121022602e-07,4.6,3.15228343273285e-07
1121333,"Thomasclavelia saccharogumia",5,3.42138121022602e-07,5,3.44449479625446e-07
1194083,"Nostocoides japonicum",5,3.42138121022602e-07,5,3.43099481257572e-07
1673719,"Anaerococcus jeddahensis",5,3.42138121022602e-07,4.1,2.81663999579107e-07
69781,"Penicillium oxalicum",5,3.42138121022602e-07,5.7,3.88674789197163e-07
2494702,"Enterobacter huaxiensis",5,3.42138121022602e-07,6.5,4.47590814228863e-07
2605433,"Sphingobacterium phlebotomi",5,3.42138121022602e-07,5,3.44892170353288e-07
2764712,"Lentihominibacter faecis",5,3.42138121022602e-07,5,3.42329601325462e-07
2713502,"Listeria immobilis",5,3.42138121022602e-07,5.1,3.48860428534897e-07
2762213,"Phocaeicola faecium",5,3.42138121022602e-07,5.1,3.52071885136616e-07
102684,"Streptococcus infantarius",5,3.42138121022602e-07,5.3,3.63460848891841e-07
3044279,"Massilia hydrophila",5,3.42138121022602e-07,5,3.42138355139746e-07
1812259,"Streptomyces ginkgonis",5,3.42138121022602e-07,7,4.76549810681911e-07
2926520,"Scandinavium manionii",5,3.42138121022602e-07,5.1,3.51925750698676e-07
214851,"Subdoligranulum variabile",5,3.42138121022602e-07,5.1,3.46742423436939e-07
2981788,"Dorea ammoniilytica",5,3.42138121022602e-07,5.2,3.575984754327e-07
1437816,"Methylopila turkensis",5,3.42138121022602e-07,5,3.42138355139746e-07
1522312,"Kingella negevensis",5,3.42138121022602e-07,5,3.427308214203e-07
1720204,"Collinsella ihumii",5,3.42138121022602e-07,5,3.42138380199537e-07
3058044,"Nocardioides cremeus",5,3.42138121022602e-07,5,3.42138516604817e-07
396014,"Brachybacterium phenoliresistens",5,3.42138121022602e-07,5,3.42138355139746e-07
2614158,"Streptococcus caledonicus",5,3.42138121022602e-07,5,3.42140720246818e-07
3145239,"Finegoldia dalianensis",5,3.42138121022602e-07,5.1,3.51714353006271e-07
NA,"unknown genome; accession ID isNZ_DAWEQI010000062.1",5,3.42138121022602e-07,5,3.42143718280246e-07
2587528,"Klebsiella spallanzanii",5,3.42138121022602e-07,5.1,3.48613027207697e-07
295089,"Pontixanthobacter luteolus",5,3.42138121022602e-07,5.3,3.65038034039879e-07
762051,"Leuconostoc kimchii",4,2.73710496818081e-07,3.7,2.49858510872229e-07
83332,"Mycobacterium tuberculosis",4,2.73710496818081e-07,8,5.45435631317309e-07
1158606,"Enterococcus asini",4,2.73710496818081e-07,4,2.75647902595216e-07
1156431,"Streptococcus ilei",4,2.73710496818081e-07,4.6,3.12418297429256e-07
1211817,"Clostridium ihumii",4,2.73710496818081e-07,4.5,3.10618105425388e-07
1501230,"Paenibacillus tyrfis",4,2.73710496818081e-07,3.5,2.42451427254091e-07
290052,"Acetivibrio ethanolgignens",4,2.73710496818081e-07,4,2.75500837435313e-07
1348632,"Pseudolactococcus plantarum",4,2.73710496818081e-07,4.7,3.22533287654183e-07
1834191,"Candidatus Enterococcus testudinis",4,2.73710496818081e-07,4.1,2.82495703770146e-07
86332,"Mogibacterium pumilum",4,2.73710496818081e-07,4,2.75667947506183e-07
1291764,"Lactococcus fujiensis",4,2.73710496818081e-07,4.1,2.79605388853069e-07
2052941,"Bifidobacterium callitrichidarum",4,2.73710496818081e-07,4.1,2.82019227007836e-07
2509433,"Senegalimassilia faecalis",4,2.73710496818081e-07,4.5,3.08824022658743e-07
2572245,"Thalassotalea mangrovi",4,2.73710496818081e-07,5.5,3.75015898384078e-07
1506151,"Aspergillus pseudonomiae",4,2.73710496818081e-07,3.8,2.59860577181363e-07
1494462,"Lactococcus hircilactis",4,2.73710496818081e-07,3.6,2.46026699205275e-07
2652282,"Peptostreptococcus porci",4,2.73710496818081e-07,3.5,2.40586679884573e-07
1615494,"Mixta intestinalis",4,2.73710496818081e-07,5.3,3.63489634630789e-07
577,"Raoultella terrigena",4,2.73710496818081e-07,5,3.41781379702591e-07
2763036,"Clostridium hominis",4,2.73710496818081e-07,4,2.73710684111797e-07
67324,"Streptomyces massasporeus",4,2.73710496818081e-07,3.9,2.64366731343704e-07
2697499,"Dietzia massiliensis",4,2.73710496818081e-07,4,2.74902178545173e-07
2851006,"Apilactobacillus waqarii",4,2.73710496818081e-07,4,2.73710742906751e-07
2489010,"Klebsiella africana",4,2.73710496818081e-07,4.5,3.09803462363128e-07
208224,"Enterobacter kobei",4,2.73710496818081e-07,4.5,3.07656003391481e-07
147206,"Collinsella stercoris",4,2.73710496818081e-07,4.1,2.80522611629369e-07
2981722,"Porcipelethomonas ammoniilytica",4,2.73710496818081e-07,4,2.77104806564098e-07
3016083,"Phocaeicola acetigenes",4,2.73710496818081e-07,4,2.73882246001684e-07
71451,"Enterococcus malodoratus",4,2.73710496818081e-07,3.6,2.43974634551014e-07
63821,"Penicillium daleae",4,2.73710496818081e-07,4.5,3.05476013516355e-07
1903569,"Penicillium riverlandense",4,2.73710496818081e-07,4.2,2.84899644437142e-07
59298,"Streptomyces thermocarboxydovorans",4,2.73710496818081e-07,4,2.7518766072476e-07
333963,"Leucobacter iarius",4,2.73710496818081e-07,4.6,3.11707059866812e-07
664639,"Kocuria salsicia",4,2.73710496818081e-07,2.4,1.61470918815788e-07
3239304,"Leptotrichia alba",4,2.73710496818081e-07,4,2.74114507456815e-07
2058152,"Klebsiella grimontii",4,2.73710496818081e-07,4.6,3.12771488360343e-07
1715645,"Paracoccus mangrovi",4,2.73710496818081e-07,4,2.76739761893531e-07
1134781,"Methylopila musalis",4,2.73710496818081e-07,4.6,3.17910036739497e-07
176160,"Aspergillus ambiguus",4,2.73710496818081e-07,4,2.73710684113853e-07
1870997,"Alterileibacterium massiliense",4,2.73710496818081e-07,6,4.12636217970295e-07
1410646,"Bifidobacterium merycicum",4,2.73710496818081e-07,4.2,2.9069399020898e-07
1871019,"Enorma phocaeensis",4,2.73710496818081e-07,4.6,3.1439850900832e-07
764298,"Streptococcus macacae",4,2.73710496818081e-07,4,2.73710735914034e-07
796942,"Stomatobaculum longum",3,2.05282872613561e-07,3.4,2.35397909527401e-07
280463,"Emiliania huxleyi",3,2.05282872613561e-07,2.6,1.78305394475315e-07
1123279,"Spongiibacter tropicus",3,2.05282872613561e-07,2.7,1.81471681676931e-07
1177154,"Alcanivorax nanhaiticus",3,2.05282872613561e-07,3.6,2.43293778948361e-07
575,"Raoultella planticola",3,2.05282872613561e-07,3.2,2.17656866583992e-07
312540,"Acidiplasma cupricumulans",3,2.05282872613561e-07,3,2.05283013083848e-07
1720298,"Peptoniphilus phoceensis",3,2.05282872613561e-07,2.9,1.95135486897789e-07
1122984,"Prevotella intermedia",3,2.05282872613561e-07,3,2.05283016520525e-07
1987383,"Candidatus Enterococcus wittei",3,2.05282872613561e-07,3,2.07946309473346e-07
1905142,"Amycolatopsis vastitatis",3,2.05282872613561e-07,3,2.05336586257277e-07
2024554,"Virgibacillus indicus",3,2.05282872613561e-07,3,2.0529814860431e-07
33029,"Anaerococcus hydrogenalis",3,2.05282872613561e-07,3,2.05353089249904e-07
2054280,"Kocuria tytonis",3,2.05282872613561e-07,2.8,1.90904791207227e-07
242230,"Eggerthella sinensis",3,2.05282872613561e-07,3.1,2.1142225963001e-07
2144175,"Megasphaera stantonii",3,2.05282872613561e-07,2.7,1.86288024001082e-07
2044587,"Schaedlerella arabinosiphila",3,2.05282872613561e-07,3.6,2.47345891781908e-07
180434,"Morganella morganii",3,2.05282872613561e-07,2.9,1.9629914378819e-07
2584944,"Sutterella faecalis",3,2.05282872613561e-07,3.2,2.18273508825785e-07
61648,"Kluyvera intermedia",3,2.05282872613561e-07,3.3,2.24780861222104e-07
50719,"Vibrio diabolicus",3,2.05282872613561e-07,3,2.06349283662073e-07
2743470,"Comamonas antarctica",3,2.05282872613561e-07,2.7,1.85218272009103e-07
2713603,"Listeria cossartiae",3,2.05282872613561e-07,3.6,2.45645347457751e-07
68183,"Streptomyces capoamus",3,2.05282872613561e-07,3.1,2.0923753220475e-07
2762229,"Escherichia whittamii",3,2.05282872613561e-07,3,2.0665136241129e-07
2779358,"Gallalistipes aquisgranensis",3,2.05282872613561e-07,3,2.05359802263818e-07
1796652,"Turicimonas muris",3,2.05282872613561e-07,4,2.70870474742665e-07
2815329,"Candidatus Enterococcus courvalinii",3,2.05282872613561e-07,3.8,2.57171935192447e-07
225991,"Comamonas aquatica",3,2.05282872613561e-07,2.9,1.99084954913337e-07
1236518,"Prevotella scopos",3,2.05282872613561e-07,3.4,2.31357286828219e-07
1302,"Streptococcus gordonii",3,2.05282872613561e-07,3.1,2.12267644370869e-07
357441,"Enterococcus lactis",3,2.05282872613561e-07,3.4,2.33824841621743e-07
1529,"Clostridium cadaveris",3,2.05282872613561e-07,3.9,2.65689330286485e-07
2897351,"Paraeggerthella hominis",3,2.05282872613561e-07,3.1,2.09599425454915e-07
65700,"Erwinia tracheiphila",3,2.05282872613561e-07,3,2.05594560695767e-07
2914984,"Brenneria tiliae",3,2.05282872613561e-07,3,2.05283013083848e-07
3065809,"Lachnoanaerobaculum sanguinis",3,2.05282872613561e-07,2.1,1.42856179441529e-07
1755100,"Fusobacterium gastrosuis",3,2.05282872613561e-07,3.2,2.20130247904157e-07
476272,"Blautia hydrogenotrophica",3,2.05282872613561e-07,3.3,2.24350654317358e-07
66882,"Streptomyces cuspidosporus",3,2.05282872613561e-07,3,2.05283126960431e-07
3133174,"Peptoniphilus hominis (ex Hitch et al. 2025)",3,2.05282872613561e-07,3.9,2.65007199143624e-07
181172,"Vanrija albida",3,2.05282872613561e-07,2.6,1.75717117369137e-07
1585982,"Citrobacter bitternis",3,2.05282872613561e-07,3.6,2.49448079477104e-07
3238987,"Levilactobacillus muriae",3,2.05282872613561e-07,3,2.05283013083848e-07
1903263,"Traorella massiliensis",3,2.05282872613561e-07,3,2.05580219076709e-07
1121306,"Clostridium collagenovorans",3,2.05282872613561e-07,3.6,2.47522877223904e-07
1836972,"Frankia canadensis",3,2.05282872613561e-07,3.5,2.38397164225845e-07
1937461,"Collinsella provencensis",3,2.05282872613561e-07,3.1,2.13599525926448e-07
1544,"Faecalicatena orotica",3,2.05282872613561e-07,3,2.05368210539127e-07
2941329,"Lactococcus ileimucosae",3,2.05282872613561e-07,3,2.07138508154425e-07
5855,"Plasmodium vivax",2,1.36855248409041e-07,2.2,1.47430022377065e-07
290338,"Citrobacter koseri",2,1.36855248409041e-07,2.8,1.93920271189569e-07
5888,"Paramecium tetraurelia",2,1.36855248409041e-07,2,1.36855342055899e-07
1045854,"Weissella koreensis",2,1.36855248409041e-07,2.2,1.47838255803699e-07
929439,"Leishmania mexicana",2,1.36855248409041e-07,2,1.36855342055899e-07
5802,"Eimeria tenella",2,1.36855248409041e-07,2,1.37558136358319e-07
1182542,"Capronia epimyces",2,1.36855248409041e-07,2,1.36855342055899e-07
78343,"Bifidobacterium boum",2,1.36855248409041e-07,2,1.3745474349688e-07
566552,"Bifidobacterium catenulatum",2,1.36855248409041e-07,2.1,1.42132820786255e-07
1509407,"Aspergillus nomiae",2,1.36855248409041e-07,1.7,1.17966207031357e-07
1608583,"Streptococcus varani",2,1.36855248409041e-07,2,1.36855466212609e-07
1329411,"Bifidobacterium aesculapii",2,1.36855248409041e-07,2.1,1.41121518607072e-07
1720315,"Hugonella massiliensis",2,1.36855248409041e-07,2.1,1.42422329248935e-07
5078,"Penicillium griseofulvum",2,1.36855248409041e-07,2,1.39115597044102e-07
388357,"Kocuria turfanensis",2,1.36855248409041e-07,2,1.36856926106508e-07
1513592,"Colwellia marinimaniae",2,1.36855248409041e-07,2.5,1.72988278399367e-07
1410605,"Bifidobacterium pseudolongum",2,1.36855248409041e-07,2,1.36882285958711e-07
1310,"Streptococcus sobrinus",2,1.36855248409041e-07,2,1.36856356171612e-07
1448321,"Aspergillus heteromorphus",2,1.36855248409041e-07,2.3,1.56459721476086e-07
1448316,"Aspergillus ibericus",2,1.36855248409041e-07,1.5,1.03868335338264e-07
2338368,"Alcanivorax profundi",2,1.36855248409041e-07,2,1.36905599930597e-07
2382163,"Streptococcus koreensis",2,1.36855248409041e-07,2.1,1.45859410558011e-07
2546350,"Citrobacter arsenatis",2,1.36855248409041e-07,1.8,1.25011679369821e-07
2547833,"Palleronia sediminis",2,1.36855248409041e-07,2,1.3906425824634e-07
2518971,"Duncaniella dubosii",2,1.36855248409041e-07,2,1.36877562018972e-07
657276,"Vogesella mureinivorans",2,1.36855248409041e-07,2.3,1.56954802063732e-07
2605638,"Bradyrhizobium hipponense",2,1.36855248409041e-07,2.3,1.5974533524327e-07
2606635,"Waltera intestinalis",2,1.36855248409041e-07,2,1.39938173310838e-07
1038857,"Kocuria sediminis",2,1.36855248409041e-07,2.4,1.62399198827493e-07
180957,"Pectobacterium brasiliense",2,1.36855248409041e-07,2.3,1.60666673476728e-07
2609961,"Pseudomonas akapageensis",2,1.36855248409041e-07,2.1,1.45416624474256e-07
2722820,"Actinomyces faecalis",2,1.36855248409041e-07,2,1.3685999380142e-07
104628,"Helicobacter suis",2,1.36855248409041e-07,2,1.36858686696792e-07
2682456,"Veillonella nakazawae",2,1.36855248409041e-07,2.8,1.94137978428985e-07
42260,"Zygotorulaspora mrakii",2,1.36855248409041e-07,2.1,1.45104312714433e-07
1485586,"Streptomyces calidiresistens",2,1.36855248409041e-07,2.1,1.41571202175498e-07
2766479,"Taishania pollutisoli",2,1.36855248409041e-07,2,1.36855342055899e-07
1081040,"Microbacterium murale",2,1.36855248409041e-07,2.2,1.53464853138472e-07
565,"Atlantibacter hermannii",2,1.36855248409041e-07,2.8,1.92416460130197e-07
2799638,"Tenebrionibacter intestinalis",2,1.36855248409041e-07,2.2,1.51257280730997e-07
2819233,"Microvirga antarctica",2,1.36855248409041e-07,2,1.36855363026171e-07
2841509,"Butyricicoccus intestinisimiae",2,1.36855248409041e-07,2,1.36998637438095e-07
2841503,"Peptoniphilus ovalis",2,1.36855248409041e-07,2.6,1.79177525953291e-07
2815722,"Nocardia noduli",2,1.36855248409041e-07,2,1.37397457012362e-07
2834432,"Bifidobacterium pongonis",2,1.36855248409041e-07,2,1.36855342055899e-07
2897706,"Acidaminococcus hominis",2,1.36855248409041e-07,2.1,1.41928085530943e-07
2910770,"Brachybacterium equifaecis",2,1.36855248409041e-07,2,1.36855342055899e-07
181014,"Alternaria ethzedia",2,1.36855248409041e-07,2.1,1.42937411479847e-07
2949669,"Curtanaerobium respiraculi",2,1.36855248409041e-07,2,1.36855342055899e-07
2926519,"Scandinavium hiltneri",2,1.36855248409041e-07,2.6,1.78081879980257e-07
438033,"Ruminococcus gauvreauii",2,1.36855248409041e-07,2,1.381584734093e-07
588596,"Rhizophagus irregularis",2,1.36855248409041e-07,2.1,1.41431657128668e-07
3003601,"Peptostreptococcus equinus",2,1.36855248409041e-07,2,1.37038907988679e-07
1131581,"Penicillium argentinense",2,1.36855248409041e-07,2,1.37574298923218e-07
1080232,"Penicillium hispanicum",2,1.36855248409041e-07,2,1.36918137317771e-07
1324776,"Penicillium malachiteum",2,1.36855248409041e-07,2.2,1.48484613303263e-07
1561947,"Penicillium longicatenatum",2,1.36855248409041e-07,2.3,1.57884118035368e-07
2606708,"Mogibacterium kristiansenii",2,1.36855248409041e-07,2,1.36966248225749e-07
1914243,"Citrobacter europaeus",2,1.36855248409041e-07,2.5,1.73745984206448e-07
1870988,"Pseudoflavonifractor phocaeensis",2,1.36855248409041e-07,2,1.36911892820594e-07
84031,"Clostridium sartagoforme",2,1.36855248409041e-07,2,1.36857259770404e-07
2725494,"Kluyvera sichuanensis",2,1.36855248409041e-07,2.1,1.45230724911128e-07
4781,"Plasmopara halstedii",2,1.36855248409041e-07,2,1.36864564170419e-07
1776382,"Neglectibacter timonensis",2,1.36855248409041e-07,2,1.37996397731692e-07
1745713,"Bariatricus massiliensis",2,1.36855248409041e-07,2,1.4005611382014e-07
2741,"Peptococcus niger",2,1.36855248409041e-07,2.6,1.77034430619948e-07
28052,"Lachnospira pectinoschiza",2,1.36855248409041e-07,2,1.36855342469079e-07
1513892,"Rhodopseudomonas pseudopalustris",2,1.36855248409041e-07,2.1,1.44159147307986e-07
1987501,"Massiliimalia timonensis",2,1.36855248409041e-07,2.7,1.84792067091133e-07
881260,"Enterobacter bugandensis",2,1.36855248409041e-07,2.1,1.42668449720037e-07
2058292,"Aedoeadaptatus coli",2,1.36855248409041e-07,2.3,1.58382949005733e-07
1288121,"Alistipes senegalensis",2,1.36855248409041e-07,2,1.39308942297835e-07
655813,"Streptococcus oralis",2,1.36855248409041e-07,2.2,1.51036090239563e-07
535290,"Legionella nagasakiensis",2,1.36855248409041e-07,2,1.36855342055899e-07
344612,"Aspergillus clavatus",1,6.84276242045203e-08,1.1,7.36094443350798e-08
5061,"Aspergillus niger",1,6.84276242045203e-08,1.3,8.94006001300331e-08
610130,"Lacrimispora saccharolytica",1,6.84276242045203e-08,1.1,7.69825388744356e-08
592026,"Catonella morbi",1,6.84276242045203e-08,1.2,8.12473195756665e-08
701347,"[Enterobacter] lignolyticus",1,6.84276242045203e-08,1.1,7.32137776186285e-08
887899,"Mobiluncus holmesii",1,6.84276242045203e-08,1,6.84350643098739e-08
888746,"Streptococcus peroris",1,6.84276242045203e-08,1.2,8.27311171330564e-08
1034345,"Senegalimassilia anaerobia",1,6.84276242045203e-08,1.3,9.18418133579684e-08
796943,"Oribacterium parvum",1,6.84276242045203e-08,1.5,1.02687506748484e-07
435830,"Actinomyces graevenitzii",1,6.84276242045203e-08,1.2,7.95362788784087e-08
667120,"Edwardsiella anguillarum",1,6.84276242045203e-08,1.1,7.79471209576845e-08
742818,"Slackia piriformis",1,6.84276242045203e-08,1,6.84276710279493e-08
883077,"Schaalia turicensis",1,6.84276242045203e-08,1,6.84279009002606e-08
1229205,"Paraburkholderia phenoliruptrix",1,6.84276242045203e-08,0.1,7.60307455866103e-09
751945,"Thermus oshimai",1,6.84276242045203e-08,0.3,2.28092236759831e-08
1395125,"Segatella salivae",1,6.84276242045203e-08,1,7.07634353335182e-08
1323664,"Paraburkholderia caribensis",1,6.84276242045203e-08,0.1,7.60307455866103e-09
1388766,"Aspergillus ruber",1,6.84276242045203e-08,1,6.92045482140482e-08
1291743,"Secundilactobacillus oryzae",1,6.84276242045203e-08,1,7.08266370579261e-08
84753,"Moesziomyces antarcticus",1,6.84276242045203e-08,1,6.84276710279493e-08
1284686,"Anaerococcus lactolyticus",1,6.84276242045203e-08,1,6.85119415674083e-08
1437610,"Bifidobacterium reuteri",1,6.84276242045203e-08,1.1,7.71617771951059e-08
1531429,"Berryella intestinalis",1,6.84276242045203e-08,1.1,7.22526886312973e-08
1499683,"Clostridium culturomicium",1,6.84276242045203e-08,1,6.84277444579538e-08
1346,"Streptococcus iniae",1,6.84276242045203e-08,1,6.97900861150664e-08
569365,"Cladophialophora immunda",1,6.84276242045203e-08,1,6.86268810236051e-08
579748,"Vibrio galatheae",1,6.84276242045203e-08,1,6.84276710279493e-08
656179,"Pandoraea faecigallinarum",1,6.84276242045203e-08,0.1,7.60307455866103e-09
1073999,"Cronobacter condimenti",1,6.84276242045203e-08,1,6.90835677886113e-08
28037,"Streptococcus mitis",1,6.84276242045203e-08,1.3,8.7140455401295e-08
498848,"Thermus aquaticus",1,6.84276242045203e-08,0.3,2.28092236759831e-08
1423801,"Liquorilactobacillus satsumensis",1,6.84276242045203e-08,1,6.84278050813982e-08
1715692,"Ruegeria denitrificans",1,6.84276242045203e-08,0.5,3.16922014627207e-08
1384589,"Entomohabitans teleogrylli",1,6.84276242045203e-08,1.1,7.71943892318905e-08
1796606,"Cupriavidus nantongensis",1,6.84276242045203e-08,0.1,7.60307455866103e-09
2049356,"Monocercomonoides exilis",1,6.84276242045203e-08,1.3,9.08289745637132e-08
2756,"Brochothrix thermosphacta",1,6.84276242045203e-08,1,6.84276710279493e-08
1480615,"Hoeflea olei",1,6.84276242045203e-08,1,6.84276783145923e-08
1841610,"Planctopirus hydrillae",1,6.84276242045203e-08,1,6.84320236986283e-08
1812935,"Enterobacter roggenkampii",1,6.84276242045203e-08,1,6.88114919508917e-08
1908236,"Hymenobacter glacialis",1,6.84276242045203e-08,1,6.84280787637829e-08
367825,"Cupriavidus malaysiensis",1,6.84276242045203e-08,0.1,7.60307455866103e-09
1423721,"Amylolactobacillus amylophilus",1,6.84276242045203e-08,1,6.62940325944972e-08
1834167,"Candidatus Enterococcus lemimoniae",1,6.84276242045203e-08,1,6.89876764957692e-08
1082851,"Comamonas serinivorans",1,6.84276242045203e-08,1,6.84276710279493e-08
568783,"Herbaspirillum aquaticum",1,6.84276242045203e-08,1.3,9.08261732774075e-08
46867,"Clostridium chauvoei",1,6.84276242045203e-08,1.1,7.56808457489056e-08
65959,"Acetobacter pomorum",1,6.84276242045203e-08,1.7,1.17458635916013e-07
53346,"Enterococcus mundtii",1,6.84276242045203e-08,1,6.84371945246194e-08
66228,"Gleimia europaea",1,6.84276242045203e-08,1,6.84513085430802e-08
1037377,"Chryseobacterium viscerum",1,6.84276242045203e-08,1.1,7.19597827215375e-08
79967,"Erwinia pyrifoliae",1,6.84276242045203e-08,1,7.11434229436994e-08
2078660,"Vallitalea okinawensis",1,6.84276242045203e-08,1,6.84276710291233e-08
1448315,"Aspergillus uvarum",1,6.84276242045203e-08,1.5,1.01418492981937e-07
1096246,"Hungatella effluvii",1,6.84276242045203e-08,1,6.84276710640883e-08
2184082,"Marinifilum breve",1,6.84276242045203e-08,1.2,8.5358049803021e-08
2045244,"Alteribacter lacisalsi",1,6.84276242045203e-08,1,6.84276710279493e-08
2259592,"Jannaschia formosa",1,6.84276242045203e-08,1.1,7.72682305532216e-08
160453,"Enterococcus gilvus",1,6.84276242045203e-08,1.2,8.30757785895676e-08
1504,"Clostridium septicum",1,6.84276242045203e-08,1.1,7.56808457489056e-08
2316722,"Corallococcus aberystwythensis",1,6.84276242045203e-08,1,6.94204812138326e-08
1616783,"Photobacterium salinisoli",1,6.84276242045203e-08,1,6.84276710279493e-08
1433513,"Streptococcus gwangjuensis",1,6.84276242045203e-08,1.1,7.31422464232735e-08
2055946,"Kocuria tytonicola",1,6.84276242045203e-08,1.2,8.28885881478443e-08
2479546,"Vibrio zhugei",1,6.84276242045203e-08,1,6.84276710279493e-08
230658,"Paraeggerthella hongkongensis",1,6.84276242045203e-08,1,6.84277132122487e-08
2485125,"Kocuria soli",1,6.84276242045203e-08,1,6.93857507147862e-08
2496871,"Piscinibacter terrae",1,6.84276242045203e-08,1.1,7.26151777943695e-08
2486011,"Lacticaseibacillus suibinensis",1,6.84276242045203e-08,1,6.86146626849264e-08
2485997,"Agrilactobacillus yilanensis",1,6.84276242045203e-08,1,6.92160088262423e-08
1776032,"Hymenobacter gummosus",1,6.84276242045203e-08,1,6.84736475360502e-08
1160095,"Vagococcus entomophilus",1,6.84276242045203e-08,1,6.87180576093919e-08
1242993,"Ehrlichia minasensis",1,6.84276242045203e-08,1,6.90416657961421e-08
2548455,"Clostridium cuniculi",1,6.84276242045203e-08,1.3,8.81348155762557e-08
1442381,"Dankookia rubra",1,6.84276242045203e-08,1,6.90134013458179e-08
33898,"Streptomyces galbus",1,6.84276242045203e-08,1,6.84276710279493e-08
1296537,"Enterococcus xiangfangensis",1,6.84276242045203e-08,1.1,7.32035804581769e-08
1457217,"Lactiplantibacillus plajomi",1,6.84276242045203e-08,1,7.00246940609453e-08
2589788,"Streptococcus xiaochunlingii",1,6.84276242045203e-08,1.1,7.63793115325397e-08
1272,"Kocuria varians",1,6.84276242045203e-08,1,6.84339562441822e-08
665913,"Mixta calida",1,6.84276242045203e-08,1,7.00093477556896e-08
1981069,"Leuconostoc litchii",1,6.84276242045203e-08,1,6.98940601727676e-08
2797506,"Enterobacter dykesii",1,6.84276242045203e-08,1,7.14057422513324e-08
2607660,"Nocardioides humilatus",1,6.84276242045203e-08,1.1,7.56803326110331e-08
1296540,"Paucilactobacillus nenjiangensis",1,6.84276242045203e-08,1.3,8.82668397945466e-08
2608684,"Paenibacillus tengchongensis",1,6.84276242045203e-08,1,6.8472464922767e-08
2606615,"Enorma shizhengliae",1,6.84276242045203e-08,1.1,7.81013568775477e-08
2606636,"Bilifractor porci",1,6.84276242045203e-08,1,6.87735395237918e-08
2691959,"Nocardioides flavescens",1,6.84276242045203e-08,1,6.84276710279493e-08
1857217,"Candidatus Enterococcus huntleyi",1,6.84276242045203e-08,1.2,8.55126006944589e-08
1366,"Pseudolactococcus raffinolactis",1,6.84276242045203e-08,1.1,7.71316974122721e-08
708087,"Cyclobacterium jeungdonense",1,6.84276242045203e-08,1,6.85000823728806e-08
449520,"Campylobacter canadensis",1,6.84276242045203e-08,1,6.84276710279493e-08
529731,"Listeria marthii",1,6.84276242045203e-08,1.3,8.67934240948341e-08
2763043,"Eggerthella hominis",1,6.84276242045203e-08,1.1,7.71539105087775e-08
2763061,"Roseburia lenta",1,6.84276242045203e-08,1,6.86997114416436e-08
2763066,"Ruminococcus intestinalis",1,6.84276242045203e-08,1,6.86457585863828e-08
2763035,"Clostridium facile",1,6.84276242045203e-08,1,6.89839012673084e-08
1795310,"Paracoccus acridae",1,6.84276242045203e-08,1,6.84276710279493e-08
1751298,"Mangrovihabitans endophyticus",1,6.84276242045203e-08,1,6.84480524799065e-08
66870,"Streptomyces aurantiogriseus",1,6.84276242045203e-08,1,6.84276710279493e-08
68238,"Streptomyces minutiscleroticus",1,6.84276242045203e-08,1,6.84276710279493e-08
68193,"Streptomyces djakartensis",1,6.84276242045203e-08,1,6.95534380691657e-08
2779351,"Claveliimonas monacensis",1,6.84276242045203e-08,1,6.94166628349293e-08
311231,"Paraburkholderia ginsengisoli",1,6.84276242045203e-08,0.1,7.60307455866103e-09
2796928,"Aerococcaceae bacterium zg-252",1,6.84276242045203e-08,1,6.89314505710661e-08
1349416,"Streptococcus saliviloxodontae",1,6.84276242045203e-08,1,6.84280659162349e-08
1581472,"Streptococcus panodentis",1,6.84276242045203e-08,1,6.84290532177989e-08
2713174,"Fructobacillus parabroussonetiae",1,6.84276242045203e-08,1.1,7.27211652612957e-08
2068655,"Novisyntrophococcus fermenticellae",1,6.84276242045203e-08,2,1.33651750126952e-07
2815723,"Nocardia alni",1,6.84276242045203e-08,1,6.84276710279493e-08
2796366,"Comamonas fluminis",1,6.84276242045203e-08,1.1,7.48867811115108e-08
2834437,"Bifidobacterium miconisargentati",1,6.84276242045203e-08,1,6.8813235286616e-08
2834435,"Bifidobacterium miconis",1,6.84276242045203e-08,0.7,4.87422327336531e-08
2709410,"Chordicoccus furentiruminis",1,6.84276242045203e-08,1,6.92027047206084e-08
910540,"Leuconostoc miyukkimchii",1,6.84276242045203e-08,1.1,7.68539868779548e-08
82633,"Cupriavidus pauculus",1,6.84276242045203e-08,0.1,7.60307455866103e-09
2854755,"Prevotella lacticifex",1,6.84276242045203e-08,1,6.84276710279493e-08
472693,"Pantoea eucrina",1,6.84276242045203e-08,1.1,7.53827726689672e-08
2926292,"Lacticaseibacillus kribbianus",1,6.84276242045203e-08,1,6.84276710279493e-08
1529639,"Mangrovibacter yixingensis",1,6.84276242045203e-08,1,6.84276710547178e-08
2026240,"Klebsiella quasivariicola",1,6.84276242045203e-08,1.8,1.22888645587294e-07
2885356,"Hominilimicola fabiformis",1,6.84276242045203e-08,2,1.39120683345488e-07
143232,"Vanrija pseudolonga",1,6.84276242045203e-08,1.6,1.07126572176511e-07
2894198,"Rhodopirellula halodulae",1,6.84276242045203e-08,1,6.72899682018056e-08
2919913,"Shinella sedimenti",1,6.84276242045203e-08,1.1,7.22300262610894e-08
2915940,"Micrococcus lacusdianchii",1,6.84276242045203e-08,1,7.13330026550673e-08
45303,"Alternaria infectoria",1,6.84276242045203e-08,1,6.84663224978726e-08
2735723,"Turicibacter bilis",1,6.84276242045203e-08,1,6.84276710279493e-08
428126,"Thomasclavelia spiroformis",1,6.84276242045203e-08,1,6.84284853557093e-08
2850323,"Diplocloster agilis",1,6.84276242045203e-08,1,6.84844338305045e-08
2838522,"Candidatus Collinsella stercoripullorum",1,6.84276242045203e-08,1,6.84285656490652e-08
2871169,"Stenotrophomonas forensis",1,6.84276242045203e-08,1,7.16052111715573e-08
1343394,"Penicillium maclennaniae",1,6.84276242045203e-08,1,6.84276730607762e-08
1167516,"Penicillium odoratum",1,6.84276242045203e-08,1,6.86036177886323e-08
69791,"Penicillium waksmanii",1,6.84276242045203e-08,2.1,1.42539390476093e-07
3031799,"Providencia hangzhouensis",1,6.84276242045203e-08,0.3,1.89242070813878e-08
1535208,"Barrientosiimonas endolithica",1,6.84276242045203e-08,1,6.84276710279493e-08
2971264,"Citrobacter enshiensis",1,6.84276242045203e-08,1,6.93480395998157e-08
322596,"Dermacoccus abyssi",1,6.84276242045203e-08,1,6.84276710279493e-08
1690606,"Exophiala bonariae",1,6.84276242045203e-08,0.4,2.43004089746318e-08
3081441,"Lacticaseibacillus salsurivasis",1,6.84276242045203e-08,1,6.84913798677559e-08
398758,"Alkalibacterium indicireducens",1,6.84276242045203e-08,1,6.84335378983455e-08
592377,"Kocuria atrinae",1,6.84276242045203e-08,1.4,9.51289586388228e-08
111803,"Actinocorallia longicatena",1,6.84276242045203e-08,1.1,7.24342012182282e-08
427369,"Streptomonospora halophila",1,6.84276242045203e-08,1,6.85753339108882e-08
501592,"Kocuria gwangalliensis",1,6.84276242045203e-08,2.3,1.54062705280846e-07
2497875,"Enterobacter chuandaensis",1,6.84276242045203e-08,1.1,7.68712584279444e-08
3133162,"Ruminococcoides intestinale",1,6.84276242045203e-08,1,7.07056489972793e-08
3133165,"Solibaculum intestinale",1,6.84276242045203e-08,1.4,9.64464170090013e-08
3133159,"Megasphaera intestinihominis",1,6.84276242045203e-08,1,6.85702491210077e-08
3133091,"unknown genome; accession ID isNZ_JBBMER010000008.1",1,6.84276242045203e-08,1,6.84415341394896e-08
3133091,"unknown genome; accession ID isNZ_JBBMER010000013.1",1,6.84276242045203e-08,1,6.84282445033524e-08
3118588,"Ewingella docleensis",1,6.84276242045203e-08,1.1,7.83439790459007e-08
411570,"Peptoniphilus olsenii",1,6.84276242045203e-08,1.1,7.72608629703983e-08
452979,"Kineococcus gynurae",1,6.84276242045203e-08,1,6.85510257002021e-08
1522057,"Micromonospora zhanjiangensis",1,6.84276242045203e-08,1,6.84276710279493e-08
2941330,"Lactococcus muris",1,6.84276242045203e-08,1,6.84888981860447e-08
2766470,"Leuconostoc falkenbergense",1,6.84276242045203e-08,1.2,7.98355196240836e-08
1810928,"Aspergillus undulatus",1,6.84276242045203e-08,1,6.84277004803665e-08
206506,"Kerstersia gyiorum",1,6.84276242045203e-08,1,6.84276710279493e-08
433293,"Anaerotaenia torta",1,6.84276242045203e-08,1,6.84276719283582e-08
NA,"unknown genome; accession ID isNZ_DAWEIH010000122.1",1,6.84276242045203e-08,1,6.84282034838681e-08
1755099,"Pseudenterobacter timonensis",1,6.84276242045203e-08,1.3,8.89462595066271e-08
482827,"Thermus arciformis",1,6.84276242045203e-08,0.3,2.28092236759831e-08
69824,"Thomasclavelia cocleata",1,6.84276242045203e-08,1,6.84277835269246e-08
174587,"Carnobacterium viridans",1,6.84276242045203e-08,1,6.84336738552698e-08
38302,"Corynebacterium mycetoides",1,6.84276242045203e-08,1,6.84276710279493e-08
1673725,"Peptoniphilus lacydonensis",1,6.84276242045203e-08,1.1,7.56281060543982e-08
1852370,"Prevotellamassilia timonensis",1,6.84276242045203e-08,1,6.86467276776076e-08
1121025,"Atopostipes suicloacalis",1,6.84276242045203e-08,1.3,8.92018056907544e-08
1122155,"Lactonifactor longoviformis",1,6.84276242045203e-08,1.2,8.33734797760015e-08
1643,"Listeria welshimeri",1,6.84276242045203e-08,1,7.00961951768618e-08
2024205,"Urinicoccus timonensis",1,6.84276242045203e-08,1.1,7.68046050384573e-08
1695997,"Pseudoprimorskyibacter insulae",1,6.84276242045203e-08,1,7.14199350651982e-08
2080750,"Corynebacterium senegalense",1,6.84276242045203e-08,0.8,5.58221653195382e-08
2042308,"Anaerococcus vaginimassiliensis",1,6.84276242045203e-08,1.2,8.46679901708515e-08
2590867,"Enorma burkinafasonensis",1,6.84276242045203e-08,2.1,1.43878910215101e-07
2508302,"Pandoraea captiosa",1,6.84276242045203e-08,0.1,7.60307455866103e-09
2606893,"Magnusiomyces paraingens",1,6.84276242045203e-08,1,6.84276710279493e-08
147207,"Collinsella intestinalis",1,6.84276242045203e-08,1.2,8.53902578507073e-08
NA,"unknown genome; accession ID isNZ_CAJYCN010000015.1",1,6.84276242045203e-08,1.1,7.23526986568482e-08
2899727,"Mediannikoviicoccus vaginalis",1,6.84276242045203e-08,1.2,8.32722329364761e-08
3044325,"Porphyromonas vaginalis",1,6.84276242045203e-08,1,6.88284810967931e-08
3058598,"Ralstonia psammae",1,6.84276242045203e-08,0.1,7.60307455866103e-09
2070686,"Enteroscipio rubneri",1,6.84276242045203e-08,1.5,1.00480199042605e-07
1775926,"Lodderomyces beijingensis",1,6.84276242045203e-08,1,7.05133803603331e-08
