"TaxonomyID","Genome","read_count","Proportion","readsEM","EMProportion"
997873,"Bacteroides caccae",2666555,0.182185452014544,2665846.8,0.182137164124382
2763026,"Blautia celeris",1712393,0.116994808931952,1711938.4,0.116963816869278
818,"Bacteroides thetaiotaomicron",1286487,0.087895886492435,1285189.9,0.0878073168936034
411459,"Blautia obeum",972820,0.0664654025245266,961847.3,0.0657157600259646
2881264,"Blautia fusiformis",729857,0.0498655859155274,731339.6,0.0499669101491836
858893,"Exophiala dermatitidis",729052,0.0498105863790949,729052,0.0498106135265122
328812,"Parabacteroides goldsteinii",491710,0.0335948100114461,487976.6,0.0333397541640132
1121114,"Blautia producta",476221,0.0325365642725608,476467.7,0.0325534395623198
411485,"Faecalibacterium prausnitzii",445718,0.0304525259374056,443036.2,0.0302693152032421
198214,"Shigella flexneri",440165,0.0300731316196298,440129.9,0.0300707483562027
105841,"Anaerostipes caccae",419268,0.028645398311767,419191.1,0.0286401622188847
330879,"Aspergillus fumigatus",394802,0.0269738223386527,394801.7,0.0269738181861494
89153,"[Clostridium] hylemonae",323458,0.0220994286402195,323639.2,0.0221118189370265
1150298,"Fusicatenibacter saccharivorans",316146,0.0215998552111583,316897.6,0.0216512158072083
1297617,"Intestinimonas butyriciproducens",237567,0.0162311489088878,237566.6,0.016231128219275
435590,"Phocaeicola vulgatus",198382,0.0135539354491279,199085,0.0136019761744119
2763028,"Blautia intestinalis",194445,0.0132849501386501,201421.2,0.013761585437224
187327,"Acidaminococcus intestini",184646,0.012615458887095,184610.8,0.0126130577430911
5480,"Candida parapsilosis",175698,0.0120041100026256,175698,0.0120041165637874
411470,"Mediterraneibacter gnavus",172904,0.0118132172016414,172818.8,0.0118074034155427
28116,"Bacteroides ovatus",101269,0.00691894168320581,99869,0.00682329184897929
2927224,"Akkermansia massiliensis",100141,0.00684187400979484,100141,0.00684187767066907
1196081,"Talaromyces amestolkiae",97999,0.00669552741720059,97999.1,0.00669553645936664
3133172,"Alistipes intestinihominis",97447,0.00665781344936118,96661.5,0.00660414923979905
36656,"Penicillium crustosum",80938,0.00552987885685957,80939.4,0.00552997428242633
39483,"Faecalitalea cylindroides",73910,0.00504970899096211,74112.3,0.00506353228243657
742742,"Collinsella tanakaei",71895,0.00491203934386714,71894.6,0.00491201592758296
102148,"Solobacterium moorei",67470,0.00460971269950228,67474.7,0.00461003663466289
3133155,"Faecalibacterium intestinale",66360,0.00453387482939041,60009.3,0.00409998026950719
563192,"Bilophila wadsworthia",61093,0.00417402071958934,61093,0.00417402300102366
674529,"Bacteroides faecis",58690,0.00400984197915798,59327.6,0.00405340803709996
2949651,"Parabacteroides sp. TA-V-105",54987,0.00375684411156858,59065.9,0.00403552730915857
5068,"Aspergillus tubingensis",49883,0.00340812655386501,49803.3,0.00340268517071789
585394,"Roseburia hominis",46724,0.00319229607487097,44848.4,0.00306415211358608
1912855,"Faecalimonas umbilicata",39179,0.00267680352532681,39339.8,0.00268779030822263
347253,"Streptococcus salivarius",37126,0.00253653762682261,37102.7,0.00253494815454827
3133156,"Faecalibacterium tardum",36011,0.00246035814468322,43488.5,0.00297123914425004
2650157,"Bacteroides zhangwenhongii",35298,0.00241164426955731,33970,0.00232091082105165
1681,"Bifidobacterium bifidum",33730,0.00230451473772361,33729.6,0.00230448628093475
39491,"Agathobacter rectalis",31885,0.0021784598995647,31646.5,0.00216216891898912
1323,"Faecalicoccus pleomorphus",31015,0.00211901940677432,31139.7,0.00212754024058495
1579,"Lactobacillus acidophilus",30568,0.00208847929151305,30568,0.00208848042190253
3133153,"Blautia aquisgranensis",27930,0.00190824478578774,23750.9,0.00162271818485962
2764325,"[Eubacterium] hominis",24508,0.00167444551414557,22864.9,0.00156218524336183
2093857,"Dysosmobacter welbionis",22519,0.00153855224959377,22563.5,0.00154159485938672
2949650,"Parabacteroides sp. W1-Q-101",21835,0.00149181972422754,21982.2,0.00150187495793441
1502,"Clostridium perfringens",20720,0.00141564024208815,20720,0.0014156410158374
1547,"Thomasclavelia ramosa",20608,0.00140798813267145,20522.5,0.00140214716108556
1121115,"Blautia wexlerae",18791,0.00128384632186672,17748.4,0.00121261114923071
1712515,"Butyricicoccus faecihominis",18757,0.00128152336007951,18632.1,0.00127299012243145
39486,"Dorea formicigenerans",18439,0.00125979683512854,17768.7,0.0012140012726855
2981770,"Gallintestinimicrobium propionicum",17421,0.00119024462632324,18196,0.00124319572956127
180164,"Blautia schinkii",15837,0.00108202193600145,18802.7,0.0012846493829222
3133152,"Blautia intestinihominis",15575,0.00106412146575883,15621.1,0.00106727179063926
823,"Parabacteroides distasonis",14989,0.0010240845361322,14635.7,0.000999946307921072
84112,"Eggerthella lenta",13956,0.000953507491244313,13958.1,0.000953652991783645
371601,"Bacteroides xylanisolvens",13610,0.000929867938939173,13684.3,0.000934942897778711
357276,"Phocaeicola dorei",12333,0.000842620227107775,12348,0.000843644419279703
3037989,"Bacteroides vicugnae",11837,0.000808732313976708,11909.2,0.000813663090179345
2763025,"Bacteroides parvus",11130,0.000760428373283835,11915,0.00081406154273793
169435,"Anaerotruncus colihominis",10951,0.000748198662698228,10842,0.000740750634169389
2981789,"Dorea amylophila",10722,0.000732552831837312,12642.2,0.000863743415931979
3030638,"Faecalibacterium taiwanense",10199,0.000696820213757577,10227.3,0.000698754694506887
2935520,"Faecalibacterium hattorii",9314,0.000636354884884604,8032,0.000548763318182051
1796613,"Bacteroides caecimuris",9239,0.00063123070447164,9537.8,0.000651646177288199
508771,"Toxoplasma gondii",9021,0.000616336420071292,9006.6,0.000615351126679448
1851428,"Faecalibacterium longum",8705,0.000594746539931337,9736.8,0.000665241307706665
1169293,"Enterococcus faecalis",8586,0.000586616173676101,8585.9,0.000586611948831746
85831,"Bacteroides acidifaciens",8289,0.000566324419240764,9078.2,0.000620243116478421
2885356,"Hominilimicola fabiformis",8199,0.000560175402745208,7947.8,0.000543015610287049
2715212,"Bacteroides faecium",7212,0.000492741188510604,7133.4,0.000487373894842505
2024197,"Bacteroides cutis",6568,0.000448741559364621,6463.4,0.00044159775973471
1353,"Enterococcus gallinarum",6370,0.000435213723074396,6360.9,0.000434594167346064
291644,"Bacteroides salyersiae",6198,0.000423462269327332,6772,0.000462679337103348
2877527,"Blautia parvula",6173,0.000421754209189678,6086.7,0.0004158602524766
1750560,"Parabacteroides massiliensis",6129,0.000418748023347406,6239,0.000426266459368612
2885348,"Hominifimenecus microfluidus",5811,0.000397021498396439,6420.7,0.000438679471073244
1125630,"Klebsiella pneumoniae",5770,0.000394220279770685,5045.5,0.000344720386930471
89014,"Blautia luti",5593,0.000382127213996091,5665.2,0.000387058282735643
76857,"Fusobacterium polymorphum",5294,0.000361698814749742,5247,0.000358490661131723
301302,"Roseburia faecis",5283,0.000360947268289174,5169.4,0.000353184090270936
2447885,"Bacteroides faecalis",4966,0.000339289065743713,4549.2,0.000310812104431427
671267,"Phocaeicola sartorii",4960,0.000338879131310676,4934.3,0.000337125158815723
1343,"Streptococcus vestibularis",4756,0.000324941360587414,4713.6,0.000322046675308409
997894,"Enterocloster bolteae",4697,0.000320910338662549,4754.1,0.000324813386471196
624,"Shigella sonnei",4361,0.000297954010412471,4090.6,0.000279478119808154
1871006,"Bacteroides congonensis",4341,0.000296587562302348,4198.6,0.000286859617683424
1211819,"Holdemania massiliensis",4317,0.000294947824570199,4399,0.000300550562861164
1463165,"Klebsiella quasipneumoniae",4267,0.00029153170429489,4982.4,0.000340409032333139
592978,"Mediterraneibacter faecis",4238,0.000289550354535211,4102.4,0.000280283817286055
1851427,"Faecalibacterium butyricigenerans",4144,0.000283128048417629,4516.2,0.000308554812261282
99287,"Salmonella enterica",4116,0.000281215021063456,4083.9,0.000279018638298124
1472417,"Butyricimonas paravirosa",4102,0.000280258507386369,3896.4,0.000266214429108169
2763030,"Blautia segnis",4085,0.000279097026492764,4270.2,0.000291752972226116
3078042,"Pilosibacter fragilis",3957,0.000270351758587973,3505.6,0.000239509501389534
2763671,"Jingyaoa shaoxingensis",3866,0.00026413441968691,4198.3,0.000286838394430433
626940,"Phascolarctobacterium succinatutens",3650,0.000249376780097574,3628.4,0.000247898496408899
411483,"Faecalibacterium duncaniae",3626,0.000247737042365426,4058.6,0.000277294036134306
471870,"Bacteroides intestinalis",3554,0.00024281782916898,3645.7,0.000249080489614558
3133157,"Faecalibacterium faecis",3367,0.000230041539339324,3931.3,0.000268592731430372
197614,"Streptococcus pasteurianus",3360,0.00022956328250078,3329.5,0.000227482121952795
2929491,"Faecalibacterium wellingii",3292,0.00022491735892636,3432.1,0.000234488735906107
1870993,"Coprococcus phoceensis",3231,0.000220749692190483,3265.3,0.000223095987358629
2763672,"Simiaoa sunii",3155,0.000215557189372013,3011.6,0.00020575818201396
1944636,"Parabacteroides provencensis",3034,0.000207290178305764,3029.1,0.00020695737678705
1628085,"Agathobaculum butyriciproducens",2907,0.000198613232806479,3025.5,0.000206712665399811
3435293,"Faecalibacterium langellae",2900,0.000198134975967935,2735.4,0.000186886258929476
871325,"Bacteroides faecichinchillae",2832,0.000193489052393515,3219.3,0.000219949626258149
1217282,"Parabacteroides faecis",2593,0.000177159997477537,2616.3,0.000178750931885122
2763017,"Anaerosacchariphilus hominis",2590,0.000176955030261018,2722.7,0.000186019647723755
1841855,"Bacteroides bouchesdurhonensis",2522,0.000172309106686598,2561.8,0.00017503062314299
261299,"Intestinibacter bartlettii",2516,0.000171899172253561,2515.7,0.000171881658443696
574930,"Parabacteroides gordonii",2365,0.000161582489022127,2500.2,0.000170818754286999
225992,"Comamonas kerstersii",2360,0.000161240876994596,2360.9,0.000161302986905617
292800,"Flavonifractor plautii",2360,0.000161240876994596,2416.4,0.000165093215829425
3133166,"Laedolimicola intestinihominis",2360,0.000161240876994596,2628,0.000179553726683748
3053355,"Streptococcus raffinosi",2306,0.000157551467097262,2367.1,0.000161725294208045
2994035,"Sellimonas catena",2281,0.000155843406959607,2501.9,0.000170938931247864
2763673,"Yanshouia hominis",2183,0.000149147811220001,2101.7,0.000143596363569662
1448317,"Aspergillus costaricensis",2048,0.000139924286476666,1734,0.000118468401064787
264951,"Paecilomyces variotii",1979,0.000135210040496739,1954.1,0.000133511259588466
2763040,"Dorea hominis",1939,0.000132477144276492,2241.9,0.000153170408281072
2764330,"Veillonella hominis",1895,0.00012947095843422,1828.6,0.000124932406436837
626937,"Christensenella minuta",1847,0.000126191482969923,2056.5,0.000140506225865179
871664,"Blautia stercoris",1782,0.000121750526612021,2111,0.000144231236279014
1507512,"Romboutsia hominis",1756,0.00011997414406886,1756,0.000119973910223936
622,"Shigella dysenteriae",1745,0.000119222597608292,1724.5,0.000117818861956447
3133154,"Coprococcus intestinihominis",1743,0.00011908595279728,1876.1,0.000128177051104197
1440762,"Dyella japonica",1742,0.000119017630391774,1742,0.000119017695444375
1871018,"Angelakisella massiliensis",1723,0.000117719504687156,1646.7,0.000112507555558147
310298,"Phocaeicola coprocola",1664,0.000113688482762291,1853.4,0.00012662926724475
103621,"Actinomyces urogenitalis",1592,0.000108769269565846,1592,0.000108769327195708
2981726,"Hominimerdicola aceti",1564,0.000106856242211673,1564,0.000106857135482351
2941333,"Mediterraneibacter agrestimuris",1554,0.000106173018156611,1680.3,0.000114805421083296
2763027,"Blautia difficilis",1511,0.000103235154719845,1532.1,0.000104677370816622
1121098,"Phocaeicola massiliensis",1507,0.00010296186509782,1903.1,0.000130021477515738
387090,"Phocaeicola coprophilus",1504,0.000102756897881302,1350.1,9.22443118534612e-05
2316025,"Mediterraneibacter butyricigenes",1484,0.000101390449771178,1818.3,0.000124233395210537
2981786,"Coprococcus aceti",1400,9.56513677086585e-05,1437.1,9.81868122286223e-05
2126740,"Clostridium fessum",1396,9.53780780866338e-05,1443.3,9.86124100970453e-05
2838426,"Candidatus Agathobaculum pullicola",1394,9.52414332756214e-05,1329.4,9.08286650894426e-05
478749,"Marvinbryantia formatexigens",1362,9.30551162994235e-05,1438.6,9.82893793282188e-05
2714358,"Pusillibacter faecalis",1327,9.0663832106707e-05,1428.8,9.76162976830347e-05
547043,"Bifidobacterium pseudocatenulatum",1314,8.97756408351266e-05,940.6,6.42632357460945e-05
1547597,"Sanguibacteroides justesenii",1228,8.38999139615948e-05,1228,8.38978937063309e-05
2763065,"Ruminococcus hominis",1228,8.38999139615948e-05,1300.1,8.88235474679946e-05
1121094,"Phocaeicola barnesiae",1226,8.37632691505824e-05,1171.9,8.00695204009104e-05
1653434,"Sellimonas intestinalis",1186,8.1030372930335e-05,1081.6,7.38942835407337e-05
2981783,"Blautia acetigignens",1174,8.02105040642608e-05,1233.9,8.43025595061095e-05
3064195,"Brotocaccenecus cirricatena",1165,7.95956024147051e-05,1288.6,8.80435129088817e-05
1308,"Streptococcus thermophilus",1129,7.71359958164825e-05,1161.3,7.93408834221117e-05
88431,"Dorea longicatena",1112,7.59745149228773e-05,1154.5,7.88800652547926e-05
2885351,"Hominisplanchenecus faecis",1106,7.55645804898402e-05,1242,8.48557427687589e-05
564,"Escherichia fergusonii",1104,7.54279356788279e-05,1072.1,7.32464824035332e-05
820,"Bacteroides uniformis",1067,7.2900006675099e-05,1066.4,7.28602013083688e-05
29391,"Gemella morbillorum",1067,7.2900006675099e-05,1066.8,7.28841225890783e-05
386585,"Escherichia coli",1060,7.24217498365557e-05,1184.2,8.09084351161868e-05
1448310,"Aspergillus neoniger",1044,7.13285913484568e-05,1350.9,9.22938657208734e-05
580166,"Oceanibaculum pacificum",1037,7.08503345099135e-05,897,6.12881139809694e-05
39490,"Eubacterium ramulus",1013,6.9210596777765e-05,1291.2,8.82160125642445e-05
762982,"Paraprevotella xylaniphila",973,6.64777005575177e-05,1209.2,8.26151539207873e-05
470146,"Coprococcus comes",972,6.64093781520115e-05,908.1,6.2042982800864e-05
1776384,"Emergencia timonensis",945,6.45646732033445e-05,1050.3,7.17572246189827e-05
28118,"Odoribacter splanchnicus",939,6.41547387703074e-05,984.9,6.72887603626804e-05
1496,"Clostridioides difficile",938,6.40864163648012e-05,938,6.40864513931251e-05
1734925,"Cutibacterium acnes",933,6.37448043372703e-05,933,6.37448194351611e-05
2763023,"Bacteroides hominis",928,6.34031923097394e-05,897.8,6.13413704429207e-05
2981769,"Waltera acetigignens",887,6.06019736839858e-05,961.1,6.56674072066949e-05
1307443,"Fusobacterium hwasookii",886,6.05336512784796e-05,904.7,6.18125694040953e-05
1499973,"Escherichia marmotae",878,5.99870720344301e-05,991.1,6.77114173722743e-05
246787,"Bacteroides cellulosilyticus",875,5.97821048179116e-05,1148.1,7.84414064457157e-05
1796615,"Blautia caecimuris",849,5.80057222747508e-05,853.8,5.83351744608114e-05
536231,"Roseburia intestinalis",843,5.75957878417137e-05,956.1,6.53228784759098e-05
116085,"Coprococcus catus",839,5.73224982196889e-05,972,6.64087020227046e-05
871665,"Blautia faecis",832,5.68442413811456e-05,868,5.93063350091935e-05
1550024,"Ruthenibacterium lactatiformans",814,5.56144380820343e-05,852.2,5.82239497887293e-05
1108849,"Penicillium rubens",810,5.53411484600096e-05,805.6,5.50393486996867e-05
2763064,"Roseburia zhanii",803,5.48628916214663e-05,909.7,6.21542152510369e-05
2714355,"Vescimonas coprocola",791,5.40430227553921e-05,831.9,5.68375996032534e-05
2981792,"Oscillibacter acetigenes",788,5.38380555388735e-05,839.2,5.73345223968823e-05
449673,"Bacteroides stercoris",772,5.27448970507745e-05,813,5.55474034540236e-05
3133175,"Blautia caccae",771,5.26765746452684e-05,803.4,5.48892053392988e-05
2498453,"Geminicoccus harenae",751,5.13101265351447e-05,614.5,4.19812794051714e-05
2881276,"Fusicatenibacter faecihominis",747,5.10368369131199e-05,773.1,5.28204392874792e-05
2652274,"Eisenbergiella porci",735,5.02169680470457e-05,756.8,5.17061232150414e-05
150056,"Mammaliicoccus fleurettii",728,4.97387112085024e-05,868,5.93009976489515e-05
1720300,"Mediterraneibacter massiliensis",714,4.87821975314158e-05,725.7,4.95828355426413e-05
571,"Klebsiella oxytoca",713,4.87138751259097e-05,707.6,4.83466611649655e-05
1309,"Streptococcus mutans",690,4.71424597992674e-05,689.9,4.71333750169e-05
3117552,"Bacteroides maternus",681,4.65275581497117e-05,666.9,4.55648030803684e-05
358742,"Enterocloster aldenensis",679,4.63909133386994e-05,875,5.97824255183611e-05
331117,"Aspergillus fischeri",669,4.57076892836375e-05,616.5,4.21183395287736e-05
518634,"Bifidobacterium breve",657,4.48878204175633e-05,698.2,4.77038216088038e-05
3133170,"Ventrimonas faecis",657,4.48878204175633e-05,675.3,4.61375152794496e-05
1917883,"Bacteroides togonis",640,4.37263395239582e-05,749.2,5.11888134425586e-05
742727,"Bacteroides oleiciplenus",634,4.33164050909211e-05,633.5,4.32796759385011e-05
1871016,"Collinsella phocaeensis",632,4.31797602799087e-05,631.1,4.31197283738871e-05
537007,"Blautia hansenii",626,4.27698258468716e-05,743.6,5.08021729380065e-05
39488,"Anaerobutyricum hallii",614,4.19499569807974e-05,654.9,4.474600047664e-05
29466,"Veillonella parvula",613,4.18816345752912e-05,675.4,4.61464627582029e-05
2763042,"Dysosmobacter segnis",607,4.14717001422541e-05,780.9,5.33551134743365e-05
223926,"Vibrio parahaemolyticus",588,4.01735744376366e-05,588,4.01733078502726e-05
239935,"Akkermansia muciniphila",560,3.82605470834634e-05,557.2,3.8072069216934e-05
1940789,"Lactococcus petauri",550,3.75773230284016e-05,549.7,3.75535665210708e-05
566552,"Bifidobacterium catenulatum",548,3.74406782173892e-05,873.7,5.96902630119708e-05
2981771,"Laedolimicola ammoniilytica",547,3.7372355811883e-05,602.1,4.11355779758537e-05
33039,"[Ruminococcus] torques",547,3.7372355811883e-05,673.1,4.59866300221098e-05
3133499,"Maccoyibacter intestinihominis",543,3.70990661898583e-05,635,4.33870560510835e-05
1912897,"Blautia argi",537,3.66891317568212e-05,683.1,4.66708715481895e-05
2981794,"Roseburia amylophila",535,3.65524869458088e-05,532.3,3.63657991745887e-05
2763032,"Butyricimonas hominis",524,3.58009404852408e-05,570.7,3.89898209318064e-05
484018,"Phocaeicola plebeius",523,3.57326180797346e-05,535.2,3.65667870135741e-05
536633,"Blautia glucerasea",513,3.50493940246727e-05,509.9,3.48406059542048e-05
1506151,"Aspergillus pseudonomiae",507,3.46394595916356e-05,515.8,3.52431222750473e-05
2981785,"Coprococcus ammoniilyticus",505,3.45028147806232e-05,504.1,3.44428888067069e-05
2763047,"Flintibacter faecis",501,3.42295251585985e-05,514.6,3.51619416308929e-05
2093856,"Butyricimonas faecalis",499,3.40928803475861e-05,634.3,4.33369047492137e-05
1448311,"Aspergillus vadensis",496,3.38879131310676e-05,497.6,3.39979056056488e-05
154046,"Hungatella hathewayi",492,3.36146235090428e-05,527.6,3.6045733484157e-05
208962,"Escherichia albertii",492,3.36146235090428e-05,546.6,3.73440280118261e-05
3036443,"Streptococcus sp. ST2",486,3.32046890760057e-05,442.2,3.02119619903319e-05
342942,"Mediterraneibacter glycyrrhizinilyticus",486,3.32046890760057e-05,595.8,4.07073193930731e-05
2885352,"Hominiventricola filiformis",482,3.2931399453981e-05,497.9,3.40197721499373e-05
2939491,"Parabacteroides leei",476,3.25214650209439e-05,500.8,3.42124913145196e-05
2946555,"Akkermansia biwaensis",475,3.24531426154377e-05,477.8,3.26417378867519e-05
367928,"Bifidobacterium adolescentis",473,3.23164978044253e-05,479.1,3.27313643386316e-05
2509240,"Blautia faecicola",466,3.1838240965882e-05,587.9,4.01667906675274e-05
1907654,"Collinsella bouchesdurhonensis",461,3.14966289383511e-05,449.3,3.06939827072862e-05
NA,"unknown genome; accession ID isNZ_CP012480.1",458,3.12916617218326e-05,456.9,3.12193545019304e-05
2981772,"Muricoprocola aceti",452,3.08817272887955e-05,431.9,2.9511788142116e-05
2981720,"Bovifimicola ammoniilytica",451,3.08134048832893e-05,467.4,3.19331169913515e-05
45851,"Eshraghiella crossota",440,3.00618584227212e-05,459.6,3.13988946578564e-05
2764323,"Catenibacterium faecis",438,2.99252136117089e-05,498.6,3.40637860795263e-05
2590157,"Klebsiella variicola",436,2.97885688006965e-05,403.6,2.75769944033997e-05
1470345,"Bacteroides timonensis",430,2.93786343676594e-05,451.2,3.08287137850818e-05
411467,"Pseudoflavonifractor capillosus",424,2.89686999346223e-05,473.5,3.23496824718914e-05
154288,"Turicibacter sanguinis",408,2.78755414465233e-05,408,2.78755566827239e-05
158836,"Enterobacter hormaechei",408,2.78755414465233e-05,398.6,2.72307338168873e-05
1624,"Ligilactobacillus salivarius",408,2.78755414465233e-05,407.4,2.78352235358451e-05
3133162,"Ruminococcoides intestinale",408,2.78755414465233e-05,459.4,3.13846496661961e-05
2739389,"Phocaeicola faecicola",404,2.76022518244986e-05,446.3,3.04948727119848e-05
1069201,"Aspergillus luchuensis",398,2.71923173914615e-05,430.1,2.93867501006998e-05
348802,"Exophiala xenobiotica",387,2.64407709308935e-05,354.7,2.42323530079745e-05
2685834,"Parabacteroides chongii",379,2.5894191686844e-05,387.1,2.64501770590553e-05
1218085,"Citrobacter rodentium",376,2.56892244703254e-05,388.5,2.65440309280321e-05
3030999,"Enterobacter rongchengensis",375,2.56209020648192e-05,369.6,2.52526961891478e-05
2981774,"Suilimivivens aceti",374,2.55525796593131e-05,374.9,2.56121612216649e-05
1177179,"Alcanivorax hongdengensis",369,2.52109676317821e-05,442.5,3.02322914212887e-05
622312,"Roseburia inulinivorans",368,2.51426452262759e-05,350.9,2.39765926078968e-05
568814,"Streptococcus suis",365,2.49376780097574e-05,346.6,2.36822763129068e-05
312253,"Bradyrhizobium tropiciagri",362,2.47327107932388e-05,345.1,2.35763330779581e-05
1903262,"Bacteroides ndongoniae",360,2.45960659822265e-05,388.2,2.65253038835491e-05
293939,"Aspergillus lentulus",348,2.37761971161523e-05,404.1,2.76058975582139e-05
NA,"unknown genome; accession ID isNZ_AP022829.1",348,2.37761971161523e-05,347.1,2.37114749028882e-05
46503,"Parabacteroides merdae",343,2.34345850886213e-05,350.2,2.39289434284114e-05
483215,"Bacteroides finegoldii",334,2.28196834390657e-05,385.2,2.63188320355516e-05
2949662,"Coprococcus sp. B2-R-112",332,2.26830386280533e-05,336.1,2.29603199543259e-05
3093657,"Acutalibacter caecimuris",323,2.20681369784976e-05,326.6,2.23160589254229e-05
550,"Enterobacter cloacae",323,2.20681369784976e-05,318.5,2.17606318460257e-05
272559,"Bacteroides fragilis",320,2.18631697619791e-05,421.2,2.87782948856999e-05
510516,"Aspergillus oryzae",320,2.18631697619791e-05,334.1,2.28289499295325e-05
47715,"Lacticaseibacillus rhamnosus",320,2.18631697619791e-05,320,2.18615099378491e-05
285729,"Fusobacterium canifelinum",316,2.15898801399543e-05,325.3,2.22224762199252e-05
2941515,"Otoolea muris",306,2.09066560848925e-05,302.2,2.06445974386418e-05
1390,"Bacillus amyloliquefaciens",302,2.06333664628678e-05,301.3,2.05869172207625e-05
2763038,"Clostridium segne",299,2.04283992463492e-05,283,1.93352290122378e-05
745368,"Gemmiger formicilis",294,2.00867872188183e-05,330.7,2.25944567001049e-05
763034,"Bacteroides fluxus",281,1.91985959472379e-05,260.7,1.78114302234507e-05
1639133,"Citrobacter portucalensis",280,1.91302735417317e-05,281.7,1.9243192939639e-05
1531,"Enterocloster clostridioformis",276,1.8856983919707e-05,369.4,2.52380318438315e-05
291645,"Bacteroides nordii",268,1.83104046756575e-05,286.7,1.95913050794404e-05
626523,"Shuttleworthella satelles",267,1.82420822701513e-05,266,1.81751987474153e-05
2839743,"Hominibacterium faecale",266,1.81737598646451e-05,273.5,1.86864712490298e-05
3032872,"Petralouisia muris",262,1.79004702426204e-05,247.6,1.69137510907535e-05
684066,"Streptococcus lactarius",261,1.78321478371142e-05,268.5,1.83437613183914e-05
3038145,"Palleniella muris",255,1.74222134040771e-05,255.5,1.74535537516017e-05
2763061,"Roseburia lenta",255,1.74222134040771e-05,262.2,1.79174944153457e-05
1352,"Enterococcus faecium",253,1.72855685930647e-05,252.5,1.7251995931821e-05
2763021,"Bacteroides difficilis",251,1.71489237820523e-05,259.8,1.77510857254889e-05
1054460,"Streptococcus pseudopneumoniae",245,1.67389893490152e-05,195.9,1.33842345070886e-05
2303987,"Motilimonas pumila",244,1.66706669435091e-05,301.2,2.05777626468704e-05
100884,"Coprobacillus cateniformis",243,1.66023445380029e-05,255.4,1.74472603669669e-05
2650158,"Bacteroides luhongzhouii",240,1.63973773214843e-05,259.1,1.77003113527167e-05
2763670,"Wujia chipingensis",236,1.61240876994596e-05,269,1.83814776988196e-05
1796616,"Blautia pseudococcoides",235,1.60557652939534e-05,246.4,1.68337651600631e-05
2316720,"Corallococcus interemptor",234,1.59874428884472e-05,199.2,1.36119616296925e-05
2292441,"Paratractidigestivibacter faecalis",229,1.56458308609163e-05,205.1,1.40098333592181e-05
1703332,"Butyribacter intestini",227,1.55091860499039e-05,238.3,1.62821884404357e-05
2763659,"Fumia xinanensis",226,1.54408636443977e-05,243,1.66016669045019e-05
1653435,"Merdimonas faecis",220,1.50309292113606e-05,219,1.4963639320546e-05
1735,"Holdemanella biformis",217,1.48259619948421e-05,200,1.36640165481264e-05
2981782,"Blautia ammoniilytica",217,1.48259619948421e-05,224.3,1.53250359505984e-05
2885361,"Brotaphodocola catenula",216,1.47576395893359e-05,218.9,1.49547969402805e-05
76859,"Fusobacterium animalis",214,1.46209947783235e-05,204.4,1.39632525621279e-05
915173,"Faecalicoccus acidiformans",211,1.4416027561805e-05,211.5,1.44470583804912e-05
28111,"Bacteroides eggerthii",210,1.43477051562988e-05,218.6,1.49356086354611e-05
215243,"Exophiala oligosperma",209,1.42793827507926e-05,214.4,1.46513799164961e-05
2885357,"Hominenteromicrobium mulieris",205,1.40060931287679e-05,213.6,1.45937133345542e-05
5076,"Penicillium chrysogenum",201,1.37328035067431e-05,203,1.38720178417106e-05
2763050,"Hungatella hominis",199,1.35961586957307e-05,211,1.44185954770777e-05
537011,"Segatella copri",199,1.35961586957307e-05,198.7,1.35740887630937e-05
2763058,"Parabacteroides segnis",197,1.34595138847184e-05,198.1,1.35321271310229e-05
391612,"Crocosphaera chwakensis",196,1.33911914792122e-05,193.4,1.32152913991977e-05
565042,"Bifidobacterium longum",195,1.3322869073706e-05,197.8,1.35108579550362e-05
471875,"[Ruminococcus] lactaris",195,1.3322869073706e-05,210.2,1.43646747911734e-05
2025493,"Blautia hominis",192,1.31179018571875e-05,181.3,1.23869211582136e-05
2382163,"Streptococcus koreensis",191,1.30495794516813e-05,211.1,1.44253536313056e-05
2763678,"Youxingia wuxianensis",188,1.28446122351627e-05,256.1,1.74959799851564e-05
1354,"Enterococcus hirae",186,1.27079674241503e-05,185.3,1.26593528729966e-05
1522,"[Clostridium] innocuum",185,1.26396450186442e-05,188.7,1.28933679424264e-05
1280689,"Clostridium paraputrificum",182,1.24346778021256e-05,182,1.24358816624493e-05
5851,"Plasmodium knowlesi",181,1.23663553966194e-05,189.1,1.29183190410205e-05
188913,"Cetobacterium somerae",181,1.23663553966194e-05,177.4,1.21197573270333e-05
2093743,"Pseudomonas sp. Kh7",178,1.21613881801009e-05,178,1.21619266516079e-05
1448314,"Aspergillus eucalypticola",175,1.19564209635823e-05,196.6,1.34326040063584e-05
33043,"Coprococcus eutactus",174,1.18880985580761e-05,174.9,1.19466729762511e-05
3342383,"Flintibacter porci",174,1.18880985580761e-05,183.3,1.25266744750524e-05
2981793,"Phocaeicola fibrisolvens",172,1.17514537470638e-05,168.1,1.14846654959379e-05
2663009,"Fusobacterium pseudoperiodonticum",171,1.16831313415576e-05,164.6,1.12469492292444e-05
2692629,"Copranaerobaculum intestinale",167,1.14098417195328e-05,170.7,1.16631990007635e-05
621,"Shigella boydii",166,1.13415193140267e-05,165,1.1272043876603e-05
2763014,"Agathobaculum hominis",166,1.13415193140267e-05,183.9,1.25643418186912e-05
3133177,"Bifidobacterium hominis",164,1.12048745030143e-05,150.9,1.0309888402507e-05
1689270,"Intestinimonas timonensis",163,1.11365520975081e-05,168.7,1.15287404322589e-05
212818,"Exophiala mesophila",162,1.10682296920019e-05,188.6,1.28869583263354e-05
2763675,"Jilunia laotingensis",162,1.10682296920019e-05,164.2,1.12166526313574e-05
74703,"Staphylococcus capitis",161,1.09999072864957e-05,161,1.09998795203389e-05
676599,"Stenotrophomonas panacihumi",159,1.08632624754834e-05,146.8,1.00297299958768e-05
361101,"Streptococcus pseudoporcinus",159,1.08632624754834e-05,160.2,1.09427124991053e-05
105843,"Anaerobutyricum soehngenii",158,1.07949400699772e-05,162.8,1.11204936824824e-05
2683706,"Bradyrhizobium acaciae",157,1.0726617664471e-05,166.2,1.13547959948529e-05
2489010,"Klebsiella africana",156,1.06582952589648e-05,182.1,1.24399134237567e-05
1720195,"Gabonibacter massiliensis",154,1.05216504479524e-05,132.8,9.07055362896613e-06
2219999,"Prevotella rectalis",153,1.04533280424463e-05,153.1,1.04633270333947e-05
3376993,"Vescimonas sanitatis",150,1.02483608259277e-05,157,1.07252715184588e-05
2763057,"Parabacteroides hominis",149,1.01800384204215e-05,152.5,1.0419361250728e-05
2026240,"Klebsiella quasivariicola",146,9.97507120390296e-06,156.7,1.07067646802624e-05
3342829,"Providencia zhejiangensis",145,9.90674879839677e-06,153.1,1.04629437183593e-05
518636,"Enterocloster asparagiformis",144,9.83842639289059e-06,147,1.00458447838909e-05
2943492,"Corynebacterium intestinale",143,9.7701039873844e-06,143,9.76998580847778e-06
1796636,"Frisingicoccus caecimuris",142,9.70178158187822e-06,143.4,9.80053923735757e-06
2608867,"Escherichia ruysiae",142,9.70178158187822e-06,155.5,1.06262294022952e-05
1206725,"Nocardia brevicatena",141,9.63345917637204e-06,147.7,1.00894749380398e-05
1385512,"Pontibacillus litoralis",141,9.63345917637204e-06,146.6,1.00180424427039e-05
1796635,"Longicatena caecimuris",141,9.63345917637204e-06,146.4,1.00044271328143e-05
2681861,"Sporofaciens musculi",140,9.56513677086585e-06,154.9,1.05815224125868e-05
2981768,"Anthropogastromicrobium aceti",139,9.49681436535967e-06,140.6,9.60673545930459e-06
1314,"Streptococcus pyogenes",137,9.3601695543473e-06,133,9.08445116232705e-06
2941338,"Streptococcus caecimuris",137,9.3601695543473e-06,123.2,8.41802115122752e-06
2068655,"Novisyntrophococcus fermenticellae",136,9.29184714884111e-06,120.4,8.22900909804105e-06
1805714,"Christensenella massiliensis",134,9.15520233782874e-06,163,1.11349562397606e-05
192222,"Campylobacter jejuni",132,9.01855752681637e-06,131.9,9.0087394225562e-06
271096,"Shewanella canadensis",131,8.95023512131019e-06,136.7,9.34294911890296e-06
1841857,"Culturomica massiliensis",130,8.881912715804e-06,145.7,9.95138187664014e-06
2763043,"Eggerthella hominis",129,8.81359031029782e-06,123.8,8.46019534232082e-06
2714353,"Vescimonas fastidiosa",129,8.81359031029782e-06,144.8,9.89103332788609e-06
324831,"Lactobacillus gasseri",128,8.74526790479163e-06,128,8.74518791313528e-06
2978477,"Eubacterium album",128,8.74526790479163e-06,133,9.08893410444626e-06
1903263,"Traorella massiliensis",128,8.74526790479163e-06,128.5,8.77856459417626e-06
596329,"Peptostreptococcus anaerobius",126,8.60862309377927e-06,119.4,8.15895963554651e-06
45133,"Lasiodiplodia theobromae",126,8.60862309377927e-06,147.3,1.00638271098377e-05
2499078,"Vibrio ouci",122,8.33533347175453e-06,122.8,8.3897651437524e-06
155615,"Fusobacterium vincentii",122,8.33533347175453e-06,133.2,9.09964933560077e-06
1450539,"Aspergillus saccharolyticus",121,8.26701106624834e-06,121,8.26370452630044e-06
2981724,"Alitiscatomonas aceti",121,8.26701106624834e-06,121.8,8.32118657115944e-06
2304625,"Colwellia ponticola",120,8.19868866074216e-06,120,8.19869317803384e-06
3115222,"Olsenella absiana",120,8.19868866074216e-06,120,8.19869314197763e-06
3133171,"Pseudoflavonifractor intestinihominis",120,8.19868866074216e-06,135.7,9.27175308442619e-06
1393034,"Atopobium deltae",119,8.13036625523597e-06,134.4,9.18494065518812e-06
1076124,"Phytohabitans flavus",119,8.13036625523597e-06,124,8.47298775562521e-06
2763664,"Jutongia hominis",118,8.06204384972979e-06,158.7,1.08443024977345e-05
365590,"Shewanella hafniensis",118,8.06204384972979e-06,117,7.99189343714586e-06
1871013,"Parabacteroides timonensis",118,8.06204384972979e-06,111.7,7.63488935929426e-06
1121333,"Thomasclavelia saccharogumia",117,7.9937214442236e-06,118.5,8.09754025253389e-06
2981773,"Muriventricola aceti",117,7.9937214442236e-06,119.4,8.15733632275493e-06
501571,"Butyricicoccus pullicaecorum",115,7.85707663321123e-06,112.1,7.65797517287409e-06
2763048,"Flintibacter hominis",115,7.85707663321123e-06,114.9,7.85030143010213e-06
2726362,"Faecalicatena faecalis",114,7.78875422770505e-06,113.1,7.7269012600371e-06
3133180,"Enterobacter intestinihominis",114,7.78875422770505e-06,121,8.26374373988478e-06
2316726,"Corallococcus sicarius",113,7.72043182219887e-06,100.9,6.89036043280559e-06
428127,"Amedibacillus dolichus",112,7.65210941669268e-06,159.5,1.08944666367795e-05
1448313,"Aspergillus piperis",112,7.65210941669268e-06,137.6,9.40318582080743e-06
2838470,"Candidatus Bacteroides intestinigallinarum",110,7.51546460568031e-06,109.6,7.48484562781672e-06
2941233,"Acetatifactor aquisgranensis",110,7.51546460568031e-06,117.5,8.02577407315142e-06
2086575,"Parabacteroides pacaensis",108,7.37881979466794e-06,108,7.38061292976664e-06
2954240,"Streptococcus bouchesdurhonensis",106,7.24217498365557e-06,112.6,7.69139006034922e-06
2172043,"Bifidobacterium tibiigranuli",104,7.1055301726432e-06,99.7,6.81200755948406e-06
2605778,"Clostridium porci",104,7.1055301726432e-06,111.1,7.58813309804679e-06
1852387,"Streptococcus timonensis",104,7.1055301726432e-06,101.1,6.9059442444377e-06
2219695,"Luxibacter massiliensis",104,7.1055301726432e-06,104.2,7.12236938550179e-06
679192,"Bulleidia extructa",102,6.96888536163083e-06,83.9,5.73158443367845e-06
147206,"Collinsella stercoris",101,6.90056295612465e-06,103.2,7.0479536325168e-06
2058152,"Klebsiella grimontii",100,6.83224055061846e-06,104.3,7.12651376903092e-06
2763063,"Roseburia yibonii",99,6.76391814511228e-06,139.6,9.53676217949089e-06
1134687,"Klebsiella michiganensis",99,6.76391814511228e-06,98.9,6.75941471730382e-06
796942,"Stomatobaculum longum",98,6.6955957396061e-06,127.5,8.70802311011768e-06
290052,"Acetivibrio ethanolgignens",98,6.6955957396061e-06,105.7,7.22059432889292e-06
471189,"Gordonibacter pamelaeae",98,6.6955957396061e-06,98.1,6.70159743148659e-06
2919919,"Atopomonas sediminilitoris",98,6.6955957396061e-06,88.3,6.03384779386817e-06
3111861,"Streptococcus gingivalis",98,6.6955957396061e-06,99.9,6.82224646827205e-06
315750,"Bacillus pumilus",97,6.62727333409991e-06,97,6.62707911584521e-06
2003188,"Parolsenella catena",97,6.62727333409991e-06,98,6.69754881782804e-06
2763662,"Yeguia hominis",97,6.62727333409991e-06,97.1,6.63338591832487e-06
318464,"Clostridium sulfidigenes",96,6.55895092859373e-06,85.1,5.81329283031348e-06
2486576,"Absicoccus porci",96,6.55895092859373e-06,104.6,7.14882691372084e-06
2834112,"Bacteroides propionicigenes",96,6.55895092859373e-06,118.7,8.11047046411059e-06
546269,"Filifactor alocis",95,6.49062852308754e-06,86.2,5.88882637737202e-06
2107694,"Aphanothece hegewaldii",95,6.49062852308754e-06,112.2,7.66904134137925e-06
5083,"Penicillium canescens",93,6.35398371207517e-06,105.3,7.19438485839026e-06
1650661,"Clostridium phoceensis",91,6.2173389010628e-06,97,6.62616927569086e-06
78346,"Bifidobacterium ruminantium",90,6.14901649555662e-06,83.9,5.72897255704767e-06
315405,"Streptococcus gallolyticus",90,6.14901649555662e-06,96.9,6.62121612785944e-06
570012,"Shimwellia pseudoproteus",89,6.08069409005043e-06,95.1,6.49590907738296e-06
3133161,"Ruminococcoides intestinihominis",89,6.08069409005043e-06,94.7,6.47063498639089e-06
1917868,"Blautia marasmi",89,6.08069409005043e-06,112.2,7.66796488550024e-06
460384,"Enterocloster lavalensis",87,5.94404927903806e-06,102.4,6.99955300525858e-06
2320100,"Parablautia intestinalis",87,5.94404927903806e-06,83.8,5.72392207218585e-06
2606633,"Oliverpabstia intestinalis",86,5.87572687353188e-06,87.2,5.95939925146916e-06
1476024,"Paenibacillus vini",86,5.87572687353188e-06,85.7,5.85771589033265e-06
1118059,"Kallipyga massiliensis",84,5.73908206251951e-06,78.6,5.37350508111489e-06
979627,"Lachnoanaerobaculum orale",84,5.73908206251951e-06,92.5,6.3203195689845e-06
2841504,"Dysosmobacter acutus",84,5.73908206251951e-06,97.3,6.64999037293807e-06
2086583,"Pseudoruminococcus massiliensis",84,5.73908206251951e-06,85.9,5.86698682549765e-06
1034345,"Senegalimassilia anaerobia",83,5.67075965701333e-06,76.3,5.21427684239511e-06
3034352,"Enterococcus entomosocium",83,5.67075965701333e-06,75.1,5.13285650139036e-06
3133164,"Hominiventricola aquisgranensis",82,5.60243725150714e-06,93,6.35070745564304e-06
208224,"Enterobacter kobei",81,5.53411484600096e-06,82.9,5.66559836438093e-06
3093658,"Neglectibacter caecimuris",81,5.53411484600096e-06,88.4,6.03875138675867e-06
1410646,"Bifidobacterium merycicum",79,5.39747003498859e-06,96.7,6.60870677985702e-06
1236512,"Bacteroides rodentium",76,5.19250281847003e-06,106.1,7.25116708038123e-06
137591,"Weissella cibaria",76,5.19250281847003e-06,75.9,5.18528775859452e-06
1987501,"Massiliimalia timonensis",76,5.19250281847003e-06,73.5,5.02169355045217e-06
2763066,"Ruminococcus intestinalis",75,5.12418041296385e-06,101.3,6.91776384013846e-06
2786956,"Phocaeicola faecalis",75,5.12418041296385e-06,75.2,5.13951377891136e-06
113107,"Streptococcus australis",75,5.12418041296385e-06,92.1,6.29466005428647e-06
999415,"Eggerthia catenaformis",74,5.05585800745766e-06,71.7,4.89680192294245e-06
445970,"Alistipes putredinis",72,4.91921319644529e-06,72.8,4.97288594548474e-06
2981721,"Brotomerdimonas butyrica",71,4.85089079093911e-06,71.2,4.86429075766365e-06
2981787,"Dorea acetigenes",71,4.85089079093911e-06,71.6,4.89239840321766e-06
2811779,"Peptoniphilus rachelemmaiella",71,4.85089079093911e-06,80.9,5.53027049124086e-06
190304,"Fusobacterium nucleatum",70,4.78256838543293e-06,75.7,5.17367869248099e-06
69359,"Thiohalocapsa halophila",69,4.71424597992674e-06,69.5,4.74914896017937e-06
71452,"Enterococcus raffinosus",69,4.71424597992674e-06,78.7,5.37536296993549e-06
1835702,"Penicillium arizonense",68,4.64592357442056e-06,55.1,3.76240262007159e-06
1936995,"Parabacteroides bouchesdurhonensis",68,4.64592357442056e-06,70,4.78268095372733e-06
610130,"Lacrimispora saccharolytica",67,4.57760116891437e-06,66.9,4.57310292184652e-06
1982626,"Faecalibacillus intestinalis",67,4.57760116891437e-06,72.3,4.94280923273356e-06
433664,"Nocardioides agariphilus",67,4.57760116891437e-06,59.2,4.04203831867135e-06
2763677,"Zongyangia hominis",66,4.50927876340819e-06,78.7,5.37372583733748e-06
2894201,"Citrobacter meridianamericanus",66,4.50927876340819e-06,77.7,5.30609568138287e-06
39496,"Eubacterium ventriosum",65,4.440956357902e-06,70.7,4.83330835895303e-06
2588991,"Streptococcus symci",65,4.440956357902e-06,91,6.22039241230724e-06
2763658,"Ligaoa zhengdingensis",65,4.440956357902e-06,81.2,5.54478863204666e-06
2888525,"Thermomonas alba",65,4.440956357902e-06,64.1,4.38278716184801e-06
28052,"Lachnospira pectinoschiza",64,4.37263395239582e-06,64,4.37266885063284e-06
209559,"Aspergillus alliaceus",63,4.30431154688963e-06,63.1,4.30783658829525e-06
2779518,"Blautia liquoris",63,4.30431154688963e-06,61.3,4.19026163546002e-06
283354,"Alternaria metachromatica",61,4.16766673587726e-06,61,4.16445573696152e-06
1529,"Clostridium cadaveris",60,4.09934433037108e-06,60.5,4.13608930165912e-06
3056648,"Bradyrhizobium roseum",60,4.09934433037108e-06,58.9,4.02092703855271e-06
27334,"Penicillium expansum",59,4.03102192486489e-06,60.4,4.12890867167895e-06
75553,"Aspergillus viridinutans",59,4.03102192486489e-06,56,3.82639734164857e-06
2763062,"Roseburia rectibacter",58,3.96269951935871e-06,61.2,4.18424135402747e-06
40837,"Mycoplana ramosa",58,3.96269951935871e-06,58.9,4.02702810875811e-06
370354,"Entamoeba dispar",56,3.82605470834634e-06,61.7,4.21621534366234e-06
2026339,"Oceanibium sediminis",56,3.82605470834634e-06,64.2,4.38499530377056e-06
2604158,"Nitratidesulfovibrio liaohensis",56,3.82605470834634e-06,56,3.82605679958956e-06
2981788,"Dorea ammoniilytica",56,3.82605470834634e-06,63.1,4.31323706853111e-06
888746,"Streptococcus peroris",55,3.75773230284016e-06,70.3,4.80259395428221e-06
86332,"Mogibacterium pumilum",54,3.68940989733397e-06,53.8,3.67283932554069e-06
1517512,"Aspergillus pseudoviridinutans",54,3.68940989733397e-06,53.6,3.65886392132726e-06
59310,"Streptococcus macedonicus",54,3.68940989733397e-06,54.6,3.72963756640358e-06
2903556,"Faecalibacterium gallinarum",53,3.62108749182779e-06,57.7,3.94119254482235e-06
1120978,"Allofustis seminis",52,3.5527650863216e-06,76.6,5.23507834593152e-06
1972431,"Phytobacter ursingii",51,3.48444268081542e-06,56.3,3.84404293316169e-06
694437,"Flammeovirga aprica",51,3.48444268081542e-06,49.7,3.3975118147558e-06
1337051,"Murimonas intestini",51,3.48444268081542e-06,51.6,3.52643178457264e-06
546275,"Fusobacterium periodonticum",50,3.41612027530923e-06,54.5,3.72662006226134e-06
2494701,"Enterobacter chengduensis",50,3.41612027530923e-06,52.4,3.58331481157326e-06
1392255,"Aspergillus novofumigatus",49,3.34779786980305e-06,49.4,3.3720900823659e-06
2763644,"Zhenpiania hominis",49,3.34779786980305e-06,56.1,3.82951137817504e-06
2762213,"Phocaeicola faecium",49,3.34779786980305e-06,49.6,3.38582757296034e-06
645466,"Anaerostipes butyraticus",49,3.34779786980305e-06,48.6,3.32078830266143e-06
102862,"Proteus penneri",49,3.34779786980305e-06,43.8,2.98911263132562e-06
767769,"Aspergillus brasiliensis",48,3.27947546429686e-06,46.8,3.1949703304844e-06
1720294,"Eisenbergiella massiliensis",48,3.27947546429686e-06,49.8,3.40254358179828e-06
2713419,"Collinsella acetigenes",47,3.21115305879068e-06,51.2,3.49933022007322e-06
1292134,"Stenotrophomonas africana",47,3.21115305879068e-06,45.9,3.13698295466455e-06
230143,"Scardovia wiggsiae",47,3.21115305879068e-06,46,3.13993062012516e-06
3136601,"Owariibacterium komagatae",47,3.21115305879068e-06,50.3,3.43392497344504e-06
33037,"Anaerococcus vaginalis",46,3.14283065328449e-06,45.3,3.09839543517539e-06
3095082,"Streptococcus fermentans",46,3.14283065328449e-06,51.2,3.50095744259063e-06
NA,"unknown genome; accession ID isNZ_DAWEQI010000062.1",46,3.14283065328449e-06,46,3.14293195943016e-06
2070686,"Enteroscipio rubneri",46,3.14283065328449e-06,49.2,3.36056950735694e-06
1720315,"Hugonella massiliensis",45,3.07450824777831e-06,46.3,3.16397876452224e-06
60172,"Penicillium solitum",45,3.07450824777831e-06,43.9,2.9961325087632e-06
270249,"Bartonella phoceensis",45,3.07450824777831e-06,49.8,3.40582302412781e-06
2686067,"Fusobacterium watanabei",44,3.00618584227212e-06,44.2,3.01939676315953e-06
592028,"Dialister invisus",43,2.93786343676594e-06,43.1,2.94612838866738e-06
2763655,"Gehongia tenuis",43,2.93786343676594e-06,42.1,2.87522960926645e-06
1211813,"Alistipes ihumii",43,2.93786343676594e-06,43,2.93842631518828e-06
2838947,"Enterobacter quasimori",42,2.86954103125976e-06,43.8,2.98913138009346e-06
1926283,"Lachnoclostridium edouardi",42,2.86954103125976e-06,42.3,2.89326755580825e-06
2799636,"Catonella massiliensis",41,2.80121862575357e-06,49.5,3.38387606399886e-06
1234680,"Streptococcus rubneri",40,2.73289622024739e-06,41.5,2.83510858445093e-06
2583810,"Alteribacter natronophilus",40,2.73289622024739e-06,41,2.79833232865607e-06
214851,"Subdoligranulum variabile",40,2.73289622024739e-06,40.6,2.77712364455592e-06
2981778,"Agathobaculum ammoniilyticum",40,2.73289622024739e-06,47.5,3.24587610581072e-06
3014267,"Agathobaculum massiliense",40,2.73289622024739e-06,43.8,2.99583627176849e-06
1918949,"Solemya elarraichensis gill symbiont",39,2.6645738147412e-06,39.2,2.67705873605005e-06
1796620,"Acutalibacter muris",39,2.6645738147412e-06,39.6,2.70727894577644e-06
358743,"Enterocloster citroniae",39,2.6645738147412e-06,39.9,2.72612850743741e-06
1841868,"Provencibacterium massiliense",39,2.6645738147412e-06,41.1,2.80514869303772e-06
760570,"Streptococcus parasanguinis",38,2.59625140923502e-06,41.2,2.81368157653781e-06
1321820,"Gemella bergeri",38,2.59625140923502e-06,39.9,2.72293040932777e-06
855,"Fusobacterium simiae",38,2.59625140923502e-06,38,2.59730205498707e-06
1720204,"Collinsella ihumii",38,2.59625140923502e-06,37.8,2.58296728095642e-06
1401079,"Mogibacterium timidum",37,2.52792900372883e-06,57,3.89314968277361e-06
2896850,"Phocaeicola oris",37,2.52792900372883e-06,37,2.52799483736079e-06
2949669,"Curtanaerobium respiraculi",37,2.52792900372883e-06,37.1,2.53303757216227e-06
3032125,"Neopoerus faecalis",37,2.52792900372883e-06,37.1,2.53638063373646e-06
1917878,"Prevotella ihumii",37,2.52792900372883e-06,37,2.52898103196723e-06
1187080,"Cecembia calidifontis",36,2.45960659822265e-06,36,2.45961206299853e-06
322095,"Porphyromonas somerae",36,2.45960659822265e-06,36,2.45963029670937e-06
879566,"Acetatifactor muris",36,2.45960659822265e-06,41.6,2.84129960970961e-06
344612,"Aspergillus clavatus",35,2.39128419271646e-06,37.6,2.56973911759403e-06
2041044,"Eubacterium maltosivorans",35,2.39128419271646e-06,36,2.46294445662294e-06
1064535,"Megasphaera elsdenii",35,2.39128419271646e-06,35,2.39097410137661e-06
2509433,"Senegalimassilia faecalis",35,2.39128419271646e-06,40.8,2.79000150376101e-06
2547410,"Enterocloster alcoholdehydrogenati",35,2.39128419271646e-06,36.1,2.46647980945194e-06
91492,"Aspergillus udagawae",34,2.32296178721028e-06,35.3,2.40915611050066e-06
2743469,"Rhabdonatronobacter sediminivivens",34,2.32296178721028e-06,34,2.32583852126583e-06
658225,"Sphingomonas glacialis",34,2.32296178721028e-06,23,1.57420379623479e-06
29374,"Filifactor villosus",34,2.32296178721028e-06,34.3,2.34454139549409e-06
150055,"Streptococcus lutetiensis",34,2.32296178721028e-06,38.9,2.65492869251912e-06
1570016,"Thioflexithrix psekupsensis",33,2.25463938170409e-06,33.1,2.26192901092346e-06
2763059,"Pseudoflavonifractor hominis",33,2.25463938170409e-06,28.1,1.91659222408911e-06
742818,"Slackia piriformis",32,2.18631697619791e-06,32.6,2.22487350096343e-06
1354300,"Peptoniphilus mikwangii",32,2.18631697619791e-06,32.1,2.1936284316638e-06
1341132,"Aspergillus welwitschiae",32,2.18631697619791e-06,33.8,2.31012051939232e-06
1571202,"Bradyrhizobium altum",32,2.18631697619791e-06,32.3,2.20516595473484e-06
371674,"Moryella indoligenes",32,2.18631697619791e-06,29.8,2.03696143404564e-06
3073100,"Candidatus Cetobacterium colombiensis",32,2.18631697619791e-06,33.1,2.26230176320147e-06
3133158,"Lachnospira intestinalis",32,2.18631697619791e-06,32.6,2.22473720776342e-06
1670621,"Saccharothrix lopnurensis",32,2.18631697619791e-06,31.8,2.1733285711058e-06
147207,"Collinsella intestinalis",32,2.18631697619791e-06,28.6,1.95114772413487e-06
2764322,"Hydrogeniiclostridium mannosilyticum",31,2.11799457069172e-06,33.4,2.28027286965098e-06
626929,"Bacteroides clarus",31,2.11799457069172e-06,33.7,2.30513329524248e-06
2981780,"Bacteroides cellulolyticus",31,2.11799457069172e-06,31.7,2.16823058992204e-06
1281486,"Lactococcus formosensis",31,2.11799457069172e-06,31.4,2.14596112600596e-06
1871030,"Merdibacter massiliensis",31,2.11799457069172e-06,38.9,2.6554019870691e-06
41047,"Aspergillus thermomutatus",30,2.04967216518554e-06,31.7,2.16545375400922e-06
2494702,"Enterobacter huaxiensis",30,2.04967216518554e-06,31.6,2.15720795473568e-06
1805431,"Enterococcus saigonensis",30,2.04967216518554e-06,30.1,2.05542177565172e-06
2682456,"Veillonella nakazawae",30,2.04967216518554e-06,29,1.98183522596529e-06
3041623,"Streptococcus taonis",30,2.04967216518554e-06,34.1,2.32665405328129e-06
1775168,"Flagellimonas marina",30,2.04967216518554e-06,30,2.04967328549441e-06
693979,"Bacteroides helcogenes",29,1.98134975967935e-06,29.1,1.98645546508077e-06
2518605,"Segatella hominis",29,1.98134975967935e-06,28.2,1.93008219751711e-06
637886,"Dysgonomonas hofstadii",29,1.98134975967935e-06,29,1.98135727181225e-06
2763669,"Qiania dongpingensis",29,1.98134975967935e-06,30.6,2.09317982981106e-06
67826,"Citrobacter sedlakii",29,1.98134975967935e-06,30,2.05033951178328e-06
2981725,"Brotonthovivens ammoniilytica",29,1.98134975967935e-06,28.1,1.92035505912662e-06
764299,"Streptococcus ictaluri",28,1.91302735417317e-06,32.3,2.20864090794744e-06
1121096,"Bacteroides gallinarum",28,1.91302735417317e-06,38.4,2.62448956305406e-06
1796622,"Extibacter muris",28,1.91302735417317e-06,27.9,1.90952808873378e-06
2606626,"Sodaliphilus pleomorphus",28,1.91302735417317e-06,24.7,1.68904722268765e-06
2606634,"Velocimicrobium porci",28,1.91302735417317e-06,28.2,1.92553294119135e-06
1254,"Pediococcus acidilactici",28,1.91302735417317e-06,28,1.91302839979478e-06
76860,"Streptococcus constellatus",28,1.91302735417317e-06,33.4,2.2788891540851e-06
1841856,"Bacteroides mediterraneensis",28,1.91302735417317e-06,28.2,1.92498601655899e-06
1122155,"Lactonifactor longoviformis",28,1.91302735417317e-06,27.9,1.90371274665455e-06
504,"Kingella kingae",28,1.91302735417317e-06,27.8,1.89919571051285e-06
2026654,"Flavobacterium luteum",27,1.84470494866699e-06,26.5,1.81282337980253e-06
2690837,"Eggerthella guodeyinii",27,1.84470494866699e-06,29.9,2.03995158533716e-06
2963283,"Stenotrophomonas muris",27,1.84470494866699e-06,27.8,1.89850390744678e-06
1234842,"Mucilaginibacter phenanthrenivorans",27,1.84470494866699e-06,36,2.4610450244346e-06
3074433,"Vallitalea maricola",27,1.84470494866699e-06,26.3,1.79940341826166e-06
203120,"Leuconostoc mesenteroides",26,1.7763825431608e-06,26,1.77749438240374e-06
94643,"Besnoitia besnoiti",26,1.7763825431608e-06,28.5,1.94888731714871e-06
2763056,"Oscillibacter hominis",26,1.7763825431608e-06,29.7,2.03072341461459e-06
83891,"Trypanosoma conorhini",25,1.70806013765462e-06,26.4,1.80580946408179e-06
2583452,"Amedibacterium intestinale",25,1.70806013765462e-06,26,1.77620161307418e-06
29845,"Penicillium vulpinum",25,1.70806013765462e-06,25.5,1.74192577956327e-06
1243002,"Vibrio olivae",25,1.70806013765462e-06,23.6,1.61278692873899e-06
69824,"Thomasclavelia cocleata",25,1.70806013765462e-06,25,1.70806383898371e-06
502393,"Gemelliphila asaccharolytica",24,1.63973773214843e-06,22.5,1.5354736945695e-06
2100822,"Kushneria phyllosphaerae",24,1.63973773214843e-06,23.9,1.63359964674441e-06
515620,"Lachnospira eligens",23,1.57141532664225e-06,25.4,1.73670344705949e-06
2762229,"Escherichia whittamii",23,1.57141532664225e-06,23.7,1.61701794814881e-06
2927804,"Marinobacterium sedimentorum",23,1.57141532664225e-06,22.7,1.55128710014966e-06
3079010,"Diplocloster hominis",23,1.57141532664225e-06,24.6,1.68301851981028e-06
2764329,"Paeniclostridium hominis",22,1.50309292113606e-06,24,1.64172954718449e-06
548,"Klebsiella aerogenes",22,1.50309292113606e-06,24.4,1.66551330048677e-06
1282887,"Lachnospira multipara",21,1.43477051562988e-06,21,1.43791400225191e-06
102684,"Streptococcus infantarius",21,1.43477051562988e-06,19.3,1.31695635032442e-06
39482,"Faecalicatena contorta",21,1.43477051562988e-06,21.6,1.47429841264837e-06
293559,"Penicillium concentricum",21,1.43477051562988e-06,18.8,1.28329968082115e-06
1462571,"Bacteroides gallinaceum",21,1.43477051562988e-06,21,1.43506237846971e-06
1732,"Eubacterium oxidoreducens",21,1.43477051562988e-06,21.7,1.4800130190592e-06
1871035,"Negativibacillus massiliensis",21,1.43477051562988e-06,15.4,1.04998835126104e-06
2040291,"Dorea phocaeensis",21,1.43477051562988e-06,22.2,1.51367048529878e-06
2304063,"Sphingobium terrigena",20,1.36644811012369e-06,20.4,1.39566762632338e-06
1955272,"Allobacillus salarius",20,1.36644811012369e-06,18.5,1.26074532452003e-06
2762223,"Clostridium faecium",20,1.36644811012369e-06,20.3,1.38844084759539e-06
2748301,"Streptococcus vaginalis",20,1.36644811012369e-06,23.5,1.60497489926221e-06
40994,"Penicillium hordei",20,1.36644811012369e-06,19.8,1.35563929760581e-06
3133163,"Ruthenibacterium intestinale",20,1.36644811012369e-06,19.9,1.36176817596002e-06
2590867,"Enorma burkinafasonensis",20,1.36644811012369e-06,30.3,2.06693002611895e-06
2941327,"Flintibacter muris",20,1.36644811012369e-06,21.7,1.48576310744851e-06
565655,"Enterococcus casseliflavus",19,1.29812570461751e-06,26.6,1.81623914285589e-06
218493,"Salmonella bongori",19,1.29812570461751e-06,47.6,3.24979676016933e-06
1156431,"Streptococcus ilei",19,1.29812570461751e-06,18.8,1.28644285948904e-06
53345,"Enterococcus durans",19,1.29812570461751e-06,18.2,1.24578918499563e-06
1655491,"Leeuwenhoekiella nanhaiensis",19,1.29812570461751e-06,22.3,1.52055906485669e-06
114527,"Mogibacterium diversum",19,1.29812570461751e-06,24.7,1.68893435010948e-06
2044587,"Schaedlerella arabinosiphila",19,1.29812570461751e-06,20.1,1.37482168551166e-06
61420,"Aspergillus caelatus",19,1.29812570461751e-06,19.2,1.3129982994872e-06
44008,"Enterococcus cecorum",19,1.29812570461751e-06,19.4,1.32720548289315e-06
655813,"Streptococcus oralis",19,1.29812570461751e-06,16,1.0937907866874e-06
2589788,"Streptococcus xiaochunlingii",18,1.22980329911132e-06,19.3,1.31568588519711e-06
2747601,"Ruegeria haliotis",18,1.22980329911132e-06,19.1,1.30456739801888e-06
1258,"Peptoniphilus asaccharolyticus",18,1.22980329911132e-06,22.6,1.54547208010674e-06
2841509,"Butyricicoccus intestinisimiae",18,1.22980329911132e-06,19.8,1.35251733709577e-06
2972466,"Tractidigestivibacter montrealensis",18,1.22980329911132e-06,18,1.22989288925417e-06
2981728,"Huintestinicola butyrica",18,1.22980329911132e-06,18,1.22759434038628e-06
3098076,"Streptococcus lingualis",18,1.22980329911132e-06,20.2,1.38107649970247e-06
1544,"Faecalicatena orotica",18,1.22980329911132e-06,18,1.22992057997228e-06
679200,"Johnsonella ignava",17,1.16148089360514e-06,21.2,1.44595297272346e-06
1120979,"Alloscardovia omnicolens",17,1.16148089360514e-06,19.7,1.34441619061894e-06
1298595,"Veillonella rogosae",17,1.16148089360514e-06,18.5,1.26189453090814e-06
2736290,"Xylanibacter muris",17,1.16148089360514e-06,19.7,1.34503142281391e-06
522262,"Staphylococcus rostri",17,1.16148089360514e-06,21.6,1.47701998411229e-06
871327,"Parabacteroides chinchillae",17,1.16148089360514e-06,17.3,1.18535018248623e-06
2015901,"Massilicoli timonensis",17,1.16148089360514e-06,17.8,1.21438516721442e-06
585502,"Hallella bergensis",16,1.09315848809895e-06,16,1.0931590860293e-06
87541,"Aerococcus christensenii",16,1.09315848809895e-06,19.4,1.32380525852156e-06
1220188,"Aspergillus tanneri",16,1.09315848809895e-06,15.5,1.06061615529648e-06
3044208,"Fusibacillus kribbianus",16,1.09315848809895e-06,16.3,1.11659515245677e-06
1513892,"Rhodopseudomonas pseudopalustris",16,1.09315848809895e-06,15.6,1.06615566132971e-06
1841865,"Mediterranea massiliensis",16,1.09315848809895e-06,16.6,1.13122316809929e-06
1871008,"Eggerthella timonensis",16,1.09315848809895e-06,17.9,1.22615133141287e-06
1080071,"Streptococcus orisasini",15,1.02483608259277e-06,15,1.02557134464779e-06
3032870,"Lepagella muris",15,1.02483608259277e-06,14.6,9.97452638507257e-07
2797506,"Enterobacter dykesii",15,1.02483608259277e-06,15.3,1.04813536483784e-06
2823807,"Bradyrhizobium barranii",15,1.02483608259277e-06,15,1.02660921806029e-06
393006,"Tamlana crocina",15,1.02483608259277e-06,14.9,1.02092323153069e-06
5210,"Filobasidium floriforme",15,1.02483608259277e-06,15,1.0248366427472e-06
438033,"Ruminococcus gauvreauii",15,1.02483608259277e-06,15.1,1.03037060272795e-06
NA,"unknown genome; accession ID isNZ_AP028032.1",15,1.02483608259277e-06,15,1.02486115378818e-06
3098075,"Streptococcus dentalis",15,1.02483608259277e-06,18.4,1.25392543788792e-06
59298,"Streptomyces thermocarboxydovorans",15,1.02483608259277e-06,14.9,1.02036247469639e-06
3085167,"Segatella sinensis",15,1.02483608259277e-06,15.4,1.0524507190551e-06
3377720,"Providencia pseudovermicola",15,1.02483608259277e-06,15,1.02222745905129e-06
1121950,"Hespellia stercorisuis",15,1.02483608259277e-06,15.5,1.0598211193536e-06
91928,"Exophiala spinifera",14,9.56513677086585e-07,14,9.56514200794925e-07
1654716,"Bradyrhizobium viridifuturi",14,9.56513677086585e-07,16,1.0951600835386e-06
1676614,"Xylanibacter rarus",14,9.56513677086585e-07,14,9.56993083473522e-07
2172545,"Streptococcus halitosis",14,9.56513677086585e-07,15.8,1.07974984429059e-06
2780922,"Solibaculum mannosilyticum",14,9.56513677086585e-07,14.6,9.94504168230145e-07
453959,"Enterococcus camelliae",14,9.56513677086585e-07,14.1,9.60191277975036e-07
1870991,"Massilioclostridium coli",14,9.56513677086585e-07,20.6,1.40518501924154e-06
326423,"Bacillus velezensis",13,8.881912715804e-07,11.2,7.63833443021744e-07
445971,"Anaerofustis stercorihominis",13,8.881912715804e-07,13,8.87457278664795e-07
667015,"Phocaeicola salanitronis",13,8.881912715804e-07,13.5,9.18968177277466e-07
2056311,"Algoriphagus lacus",13,8.881912715804e-07,13.4,9.15856095743258e-07
1928661,"Bradyrhizobium cajani",13,8.881912715804e-07,14.6,9.94517136476133e-07
2816080,"Alicyclobacillus suci",13,8.881912715804e-07,13,8.87097945550486e-07
225991,"Comamonas aquatica",13,8.881912715804e-07,12.9,8.80924393830983e-07
1882272,"Penicillium samsonianum",13,8.881912715804e-07,14.1,9.66526442948027e-07
3075529,"Streptomyces gibsoniae",13,8.881912715804e-07,13.4,9.17226109215439e-07
1472416,"Butyricimonas faecihominis",13,8.881912715804e-07,12.1,8.262694684726e-07
2497875,"Enterobacter chuandaensis",13,8.881912715804e-07,11.2,7.66873046125841e-07
1852365,"Fusobacterium massiliense",13,8.881912715804e-07,13.6,9.26697980945881e-07
1871002,"Acidaminococcus timonensis",13,8.881912715804e-07,13.6,9.27327938500794e-07
764290,"Streptococcus downei",13,8.881912715804e-07,13,8.90250607532242e-07
1123279,"Spongiibacter tropicus",12,8.19868866074216e-07,11.3,7.74071890856542e-07
1450537,"Aspergillus homomorphus",12,8.19868866074216e-07,11.9,8.10017010765705e-07
2174932,"Nesterenkonia natronophila",12,8.19868866074216e-07,13.9,9.47018735400246e-07
2548455,"Clostridium cuniculi",12,8.19868866074216e-07,13.7,9.35901415115183e-07
1259973,"Klebsiella electrica",12,8.19868866074216e-07,12.2,8.32221681413893e-07
2579922,"Pseudomonas yangonensis",12,8.19868866074216e-07,12.6,8.62189486049658e-07
2726742,"Flammeovirga agarivorans",12,8.19868866074216e-07,13.3,9.06816189564212e-07
394095,"Pyxidicoccus fallax",12,8.19868866074216e-07,12.2,8.31837053967102e-07
2763668,"Jutongia huaianensis",12,8.19868866074216e-07,11.7,7.98370784612679e-07
2799577,"Lacticaseibacillus suilingensis",12,8.19868866074216e-07,12,8.19869314197763e-07
357441,"Enterococcus lactis",12,8.19868866074216e-07,14.2,9.70878216770206e-07
472693,"Pantoea eucrina",12,8.19868866074216e-07,11.8,8.04554122949984e-07
81947,"Vagococcus lutrae",12,8.19868866074216e-07,16.2,1.1053362965308e-06
78343,"Bifidobacterium boum",11,7.51546460568031e-07,11,7.49536382235831e-07
1298594,"Veillonella denticariosi",11,7.51546460568031e-07,9.7,6.64296296004117e-07
61171,"Holdemania filiformis",11,7.51546460568031e-07,12,8.22896145015185e-07
2211183,"Evtepia gabavorous",11,7.51546460568031e-07,18.8,1.28512971321874e-06
2605638,"Bradyrhizobium hipponense",11,7.51546460568031e-07,11.5,7.86311344509828e-07
2320879,"Parablautia muri",11,7.51546460568031e-07,9,6.16806244219356e-07
2594946,"Bradyrhizobium uaiense",11,7.51546460568031e-07,10.6,7.20845245717263e-07
2736289,"Xylanibacter rodentium",11,7.51546460568031e-07,12.5,8.52694561618353e-07
1363,"Lactococcus garvieae",11,7.51546460568031e-07,11.3,7.71359490662231e-07
1907658,"Bacteroides ilei",11,7.51546460568031e-07,11.9,8.09972136817734e-07
1305,"Streptococcus sanguinis",11,7.51546460568031e-07,11.1,7.5629725482684e-07
39778,"Veillonella dispar",11,7.51546460568031e-07,12.2,8.31944963902753e-07
290338,"Citrobacter koseri",10,6.83224055061846e-07,9.8,6.71803918544736e-07
1968889,"Streptococcus downii",10,6.83224055061846e-07,13.8,9.40562384780042e-07
2607659,"Nocardioides antri",10,6.83224055061846e-07,10.3,7.05102487695737e-07
2763045,"Eubacterium segne",10,6.83224055061846e-07,10.5,7.18811726886961e-07
2779351,"Claveliimonas monacensis",10,6.83224055061846e-07,10.4,7.07952802981428e-07
1940636,"Pseudomonas shirazica",10,6.83224055061846e-07,8,5.45318533946508e-07
1871024,"Mordavella massiliensis",10,6.83224055061846e-07,10.4,7.1132137047864e-07
1411144,"Bacteroides caecigallinarum",10,6.83224055061846e-07,10.3,7.0464415513414e-07
2161814,"Lactimicrobium massiliense",10,6.83224055061846e-07,10.1,6.87463187192029e-07
1069534,"Ligilactobacillus ruminis",9,6.14901649555662e-07,9.2,6.31640099266541e-07
1218092,"Enterococcus pseudoavium",9,6.14901649555662e-07,10.5,7.14793488980374e-07
1367422,"Fonsecaea erecta",9,6.14901649555662e-07,8.9,6.06545917057747e-07
1834191,"Candidatus Enterococcus testudinis",9,6.14901649555662e-07,10,6.79927684501293e-07
2249428,"Aliidiomarina celeris",9,6.14901649555662e-07,8,5.46066764761659e-07
2259674,"Azohydromonas sediminis",9,6.14901649555662e-07,9,6.14901986981326e-07
2137581,"Ellagibacter isourolithinifaciens",9,6.14901649555662e-07,5.6,3.85053899075004e-07
728,"Avibacterium paragallinarum",9,6.14901649555662e-07,13.1,8.97491561771467e-07
2587529,"Klebsiella pasteurii",9,6.14901649555662e-07,9.8,6.71505629562159e-07
2881258,"Ruminococcus turbiniformis",9,6.14901649555662e-07,9.1,6.18726456411278e-07
1812259,"Streptomyces ginkgonis",9,6.14901649555662e-07,10.4,7.09658989345226e-07
60171,"Penicillium verrucosum",9,6.14901649555662e-07,10,6.85638146286518e-07
2559925,"Enterococcus dongliensis",9,6.14901649555662e-07,10.8,7.35256353340871e-07
3155929,"Bacillus ayatagriensis",9,6.14901649555662e-07,10.8,7.34726003218685e-07
1387297,"Falsiporphyromonas endometrii",9,6.14901649555662e-07,8.3,5.68580247801053e-07
1871033,"Olsenella urininfantis",9,6.14901649555662e-07,9.9,6.74419244247235e-07
1871019,"Enorma phocaeensis",9,6.14901649555662e-07,11.3,7.706541498944e-07
1650663,"Allofournierella massiliensis",9,6.14901649555662e-07,9.2,6.30668038862383e-07
5061,"Aspergillus niger",8,5.46579244049477e-07,8.5,5.84132717949032e-07
243275,"Treponema denticola",8,5.46579244049477e-07,8.1,5.50917083862589e-07
762968,"Paraprevotella clara",8,5.46579244049477e-07,7.5,5.13554430819437e-07
796943,"Oribacterium parvum",8,5.46579244049477e-07,8.7,5.95931694578789e-07
1095749,"Pasteurella bettyae",8,5.46579244049477e-07,8.3,5.68464579335321e-07
1033744,"Peptoniphilus senegalensis",8,5.46579244049477e-07,9.8,6.70184114789618e-07
1408437,"Agathobaculum desmolans",8,5.46579244049477e-07,8,5.47010542985927e-07
1410674,"Sharpea azabuensis",8,5.46579244049477e-07,7.5,5.14623716185814e-07
5857,"Plasmodium fragile",8,5.46579244049477e-07,18.7,1.27964770827156e-06
1036612,"Aspergillus sydowii",8,5.46579244049477e-07,8,5.48790748255363e-07
564710,"Vagococcus acidifermentans",8,5.46579244049477e-07,11.6,7.94371459697105e-07
67827,"Citrobacter werkmanii",8,5.46579244049477e-07,8,5.45475163906331e-07
2736294,"Xylanibacter caecicola",8,5.46579244049477e-07,7.6,5.18837571466308e-07
671218,"Alloprevotella rava",8,5.46579244049477e-07,8,5.46579542798508e-07
68193,"Streptomyces djakartensis",8,5.46579244049477e-07,8,5.46619624484574e-07
5082,"Penicillium roqueforti",8,5.46579244049477e-07,8.1,5.51536630956162e-07
2682455,"Veillonella orientalis",8,5.46579244049477e-07,9.2,6.29063474354136e-07
2871169,"Stenotrophomonas forensis",8,5.46579244049477e-07,8.6,5.86050955355816e-07
3095078,"Streptococcus wuxiensis",8,5.46579244049477e-07,8.9,6.10619959046742e-07
3140788,"Streptococcus nidrosiense",8,5.46579244049477e-07,8.8,6.04352521204806e-07
502577,"Actinoallomurus acaciae",8,5.46579244049477e-07,8,5.47067446501379e-07
1159753,"Enterococcus eurekensis",8,5.46579244049477e-07,8.1,5.51146199520789e-07
2592333,"Sellimonas caecigallum",8,5.46579244049477e-07,8,5.4822907749457e-07
176160,"Aspergillus ambiguus",8,5.46579244049477e-07,8.5,5.79773248275267e-07
596315,"Peptostreptococcus stomatis",7,4.78256838543293e-07,7.3,4.9989414346602e-07
2024554,"Virgibacillus indicus",7,4.78256838543293e-07,7,4.7868844506533e-07
242230,"Eggerthella sinensis",7,4.78256838543293e-07,7.6,5.22166668434534e-07
1034346,"Dielma fastidiosa",7,4.78256838543293e-07,7.5,5.1547696477403e-07
2552766,"Meridianimarinicoccus aquatilis",7,4.78256838543293e-07,7,4.78472459342499e-07
72026,"Helcococcus ovis",7,4.78256838543293e-07,7,4.79262187486322e-07
2652293,"Hornefia butyriciproducens",7,4.78256838543293e-07,7.1,4.86354507692144e-07
2722702,"Salinimicrobium oceani",7,4.78256838543293e-07,8.3,5.65787602371309e-07
375,"Bradyrhizobium japonicum",7,4.78256838543293e-07,8.6,5.90499942063252e-07
1538103,"Pseudochelatococcus contaminans",7,4.78256838543293e-07,6.3,4.32137422195632e-07
2762212,"Phocaeicola intestinalis",7,4.78256838543293e-07,7,4.79321974500172e-07
40041,"Streptococcus equi",7,4.78256838543293e-07,7,4.78262423652643e-07
273372,"Candida metapsilosis",7,4.78256838543293e-07,6.8,4.63668062986427e-07
2834435,"Bifidobacterium miconis",7,4.78256838543293e-07,6.6,4.53009245779395e-07
2909341,"Octadecabacter dasysiphoniae",7,4.78256838543293e-07,7,4.78363327020087e-07
659017,"Shinella daejeonensis",7,4.78256838543293e-07,7.4,5.06896847089234e-07
2981781,"Barnesiella propionica",7,4.78256838543293e-07,7,4.7828329788951e-07
3002863,"Methanocorpusculum petauri",7,4.78256838543293e-07,6.5,4.44595068083229e-07
2838522,"Candidatus Collinsella stercoripullorum",7,4.78256838543293e-07,6.3,4.30931616702231e-07
1232428,"Megasphaera massiliensis",7,4.78256838543293e-07,7,4.78257366843411e-07
2725494,"Kluyvera sichuanensis",7,4.78256838543293e-07,7,4.81536604385571e-07
889201,"Streptococcus cristatus",7,4.78256838543293e-07,7,4.78601060098357e-07
149016,"Streptococcus urinalis",7,4.78256838543293e-07,7.3,4.96772784526437e-07
53442,"Eubacterium callanderi",6,4.09934433037108e-07,6.7,4.55441602079219e-07
889204,"Streptococcus infantis",6,4.09934433037108e-07,7,4.79783267505254e-07
1035377,"Yersinia pestis",6,4.09934433037108e-07,6.1,4.16289611905482e-07
796937,"Peptoanaerobacter stomatis",6,4.09934433037108e-07,5.8,3.98939222156418e-07
575,"Raoultella planticola",6,4.09934433037108e-07,5.5,3.79023853342737e-07
1111760,"Streptococcus troglodytae",6,4.09934433037108e-07,6,4.11393893475491e-07
2605433,"Sphingobacterium phlebotomi",6,4.09934433037108e-07,6,4.10833909331304e-07
2652276,"Holdemanella porci",6,4.09934433037108e-07,6,4.10159913717081e-07
2916441,"Adlercreutzia rubneri",6,4.09934433037108e-07,6,4.11715674245792e-07
2763667,"Wansuia hejianensis",6,4.09934433037108e-07,6,4.10746993742964e-07
2750967,"Bifidobacterium polysaccharolyticum",6,4.09934433037108e-07,6,4.09934657098881e-07
2787628,"Treponema peruense",6,4.09934433037108e-07,6,4.1000790870556e-07
2748629,"Bradyrhizobium quebecense",6,4.09934433037108e-07,7.1,4.84294397884724e-07
2940498,"Sporolactobacillus mangiferae",6,4.09934433037108e-07,6,4.09934657098881e-07
1070780,"Aspergillus affinis",6,4.09934433037108e-07,6,4.10135056587802e-07
649756,"Anaerostipes hadrus",6,4.09934433037108e-07,8,5.43525987403189e-07
1776392,"Massilimicrobiota timonensis",6,4.09934433037108e-07,6,4.10938870016336e-07
248315,"Veillonella rodentium",6,4.09934433037108e-07,7,4.80853918834501e-07
295089,"Pontixanthobacter luteolus",6,4.09934433037108e-07,6.3,4.3351316769943e-07
1775926,"Lodderomyces beijingensis",6,4.09934433037108e-07,5.7,3.86701101981153e-07
441959,"Talaromyces stipitatus",5,3.41612027530923e-07,3.7,2.56036512448558e-07
1182542,"Capronia epimyces",5,3.41612027530923e-07,4.6,3.1184584903839e-07
569365,"Cladophialophora immunda",5,3.41612027530923e-07,5,3.42231661842309e-07
518635,"Bifidobacterium angulatum",5,3.41612027530923e-07,5,3.43624795277238e-07
1218112,"Kluyvera cryocrescens",5,3.41612027530923e-07,4.2,2.90036466859694e-07
1432052,"Eisenbergiella tayi",5,3.41612027530923e-07,4.8,3.28933640801743e-07
52242,"Lactobacillus gallinarum",5,3.41612027530923e-07,5,3.41661451166408e-07
28119,"Bacteroides zoogleoformans",5,3.41612027530923e-07,5,3.41660910360908e-07
1448315,"Aspergillus uvarum",5,3.41612027530923e-07,3.2,2.15758999806024e-07
2316722,"Corallococcus aberystwythensis",5,3.41612027530923e-07,5,3.41632492786019e-07
230658,"Paraeggerthella hongkongensis",5,3.41612027530923e-07,5.1,3.45331529372295e-07
1796618,"Cuneatibacter caecimuris",5,3.41612027530923e-07,5.2,3.58562732345276e-07
5059,"Aspergillus flavus",5,3.41612027530923e-07,5.3,3.62154667861102e-07
50719,"Vibrio diabolicus",5,3.41612027530923e-07,4.4,3.03080362668745e-07
1485586,"Streptomyces calidiresistens",5,3.41612027530923e-07,5,3.41643294135145e-07
673271,"Catenibacillus scindens",5,3.41612027530923e-07,5.4,3.68266776568351e-07
2764712,"Lentihominibacter faecis",5,3.41612027530923e-07,5.1,3.5122049912528e-07
2766479,"Taishania pollutisoli",5,3.41612027530923e-07,5,3.41612214249068e-07
1751298,"Mangrovihabitans endophyticus",5,3.41612027530923e-07,5,3.41618186223427e-07
2779352,"Pseudoflavonifractor gallinarum",5,3.41612027530923e-07,11.7,7.96013048821099e-07
1287640,"Anaerococcus obesiensis",5,3.41612027530923e-07,5.6,3.85544002744141e-07
2722756,"Brenneria izadpanahii",5,3.41612027530923e-07,4.8,3.28947687181152e-07
2738446,"Anaerostipes faecalis",5,3.41612027530923e-07,5.1,3.49442668500073e-07
67824,"Citrobacter farmeri",5,3.41612027530923e-07,4.7,3.1859006433271e-07
2815733,"Tenebrionicola larvae",5,3.41612027530923e-07,5,3.41615489656331e-07
3044279,"Massilia hydrophila",5,3.41612027530923e-07,5,3.41612214249068e-07
361500,"Anaerococcus degeneri",5,3.41612027530923e-07,4.4,2.98556900981915e-07
2839759,"Enterococcus innesii",5,3.41612027530923e-07,6.1,4.19432156430455e-07
1437816,"Methylopila turkensis",5,3.41612027530923e-07,5,3.41612214249068e-07
2606708,"Mogibacterium kristiansenii",5,3.41612027530923e-07,5,3.41846786044116e-07
3035291,"Lacticaseibacillus huelsenbergensis",5,3.41612027530923e-07,4.5,3.04427669576427e-07
3152360,"Devosia alba",5,3.41612027530923e-07,6.3,4.33606935935854e-07
3239304,"Leptotrichia alba",5,3.41612027530923e-07,5,3.4176031153249e-07
1852386,"Thermophilibacter provencensis",5,3.41612027530923e-07,5.8,3.94801233839457e-07
33033,"Parvimonas micra",5,3.41612027530923e-07,5,3.42316819151746e-07
2941328,"Lactobacillus agrestimuris",5,3.41612027530923e-07,4.7,3.19690039214102e-07
525309,"Limosilactobacillus antri",4,2.73289622024739e-07,3,2.05865718824066e-07
1177185,"Bacillus siamensis",4,2.73289622024739e-07,4.7,3.24277473159862e-07
1437610,"Bifidobacterium reuteri",4,2.73289622024739e-07,4.3,2.93827041118637e-07
1442370,"Cladophialophora bantiana",4,2.73289622024739e-07,4,2.73453199029444e-07
1384589,"Entomohabitans teleogrylli",4,2.73289622024739e-07,3.9,2.66079477678971e-07
2049356,"Monocercomonoides exilis",4,2.73289622024739e-07,3.6,2.47160444748376e-07
1982628,"Faecalibacillus faecis",4,2.73289622024739e-07,4,2.75203478226838e-07
67780,"Edwardsiella ictaluri",4,2.73289622024739e-07,3.9,2.67276391445339e-07
97331,"Arthrobotrys flagrans",4,2.73289622024739e-07,4,2.73289771399254e-07
1379,"Gemella haemolysans",4,2.73289622024739e-07,4,2.74715191478293e-07
37727,"Talaromyces marneffei",4,2.73289622024739e-07,4.9,3.32542682317362e-07
180957,"Pectobacterium brasiliense",4,2.73289622024739e-07,4.6,3.14593702074341e-07
2661627,"Bifidobacterium saimiriisciurei",4,2.73289622024739e-07,3.6,2.47454450822927e-07
2716335,"Falsiroseomonas selenitidurans",4,2.73289622024739e-07,4,2.7330301253816e-07
2748010,"Thiomicrorhabdus heinhorstiae",4,2.73289622024739e-07,4,2.73291438036348e-07
2763053,"Lawsonibacter hominis",4,2.73289622024739e-07,4.1,2.79944188042684e-07
67296,"Streptomyces finlayi",4,2.73289622024739e-07,4,2.7555820671151e-07
2773426,"Nocardioides malaquae",4,2.73289622024739e-07,4,2.73291842808742e-07
2850322,"Diplocloster modestus",4,2.73289622024739e-07,4.5,3.07866051533003e-07
2881272,"Veillonella fallax",4,2.73289622024739e-07,3.9,2.63377570694383e-07
363952,"Comamonas thiooxydans",4,2.73289622024739e-07,4,2.76668901683339e-07
2919913,"Shinella sedimenti",4,2.73289622024739e-07,4.5,3.05906306093495e-07
1187928,"Alternaria incomplexa",4,2.73289622024739e-07,6.2,4.21939295506502e-07
2973939,"Streptococcus sciuri",4,2.73289622024739e-07,4,2.7329159026392e-07
717959,"Alistipes shahii",4,2.73289622024739e-07,4.1,2.82976832861618e-07
2981779,"Anaerostipes amylophilus",4,2.73289622024739e-07,4,2.74317771181388e-07
2850323,"Diplocloster agilis",4,2.73289622024739e-07,4,2.75010174086084e-07
1737,"Paraclostridium tenue",4,2.73289622024739e-07,4.5,3.05197289244263e-07
3133167,"Faecousia intestinalis",4,2.73289622024739e-07,4.1,2.78267608623903e-07
3095079,"Streptococcus jiangnanensis",4,2.73289622024739e-07,5.8,3.95615831571056e-07
33053,"Neisseria perflava",4,2.73289622024739e-07,4,2.75441531796111e-07
3238988,"Enterococcus hailinensis",4,2.73289622024739e-07,3.8,2.5753922826059e-07
2741,"Peptococcus niger",4,2.73289622024739e-07,4.1,2.80772593568312e-07
1335,"Streptococcus equinus",4,2.73289622024739e-07,4,2.73478118157166e-07
1533,"Clostridium fallax",4,2.73289622024739e-07,4,2.73289771399254e-07
2058292,"Aedoeadaptatus coli",4,2.73289622024739e-07,5,3.39164853879167e-07
313439,"Streptococcus massiliensis",4,2.73289622024739e-07,4.4,2.99840501570649e-07
137545,"Serratia quinivorans",4,2.73289622024739e-07,4.2,2.84215919214234e-07
2941517,"Hominisplanchenecus murintestinalis",4,2.73289622024739e-07,6.6,4.49823041046343e-07
5855,"Plasmodium vivax",3,2.04967216518554e-07,3.3,2.28301950002726e-07
1045004,"Oenococcus kitaharae",3,2.04967216518554e-07,3,2.04967328549441e-07
742726,"Barnesiella intestinihominis",3,2.04967216518554e-07,3,2.06330806578705e-07
1423758,"Lactobacillus hominis",3,2.04967216518554e-07,3,2.05062068084645e-07
1117379,"Neobacillus bataviensis",3,2.04967216518554e-07,3,2.04967328549441e-07
280463,"Emiliania huxleyi",3,2.04967216518554e-07,3,2.04967328549441e-07
1123298,"Streptococcus caballi",3,2.04967216518554e-07,2.8,1.92971719892362e-07
1123302,"Streptococcus entericus",3,2.04967216518554e-07,4.2,2.85858401290945e-07
1121109,"Bifidobacterium minimum",3,2.04967216518554e-07,3,2.07752699944476e-07
1384484,"Adlercreutzia equolifaciens",3,2.04967216518554e-07,3.2,2.19526117625966e-07
1577792,"Terrisporobacter othiniensis",3,2.04967216518554e-07,3,2.05133337766862e-07
1159554,"Cronobacter dublinensis",3,2.04967216518554e-07,2.7,1.81706012974447e-07
312540,"Acidiplasma cupricumulans",3,2.04967216518554e-07,3,2.04967344621378e-07
1615674,"Pseudomonas lactis",3,2.04967216518554e-07,3,2.04434607964553e-07
1702221,"Faecalibaculum rodentium",3,2.04967216518554e-07,3,2.04967332494302e-07
1987383,"Candidatus Enterococcus wittei",3,2.04967216518554e-07,3.2,2.16252729989403e-07
1834167,"Candidatus Enterococcus lemimoniae",3,2.04967216518554e-07,3,2.04967350667294e-07
1642702,"Paludifilum halophilum",3,2.04967216518554e-07,3.4,2.30192910594183e-07
1911679,"Veillonella infantium",3,2.04967216518554e-07,3.5,2.37039425210171e-07
1110546,"Veillonella tobetsuensis",3,2.04967216518554e-07,2.6,1.75351398440756e-07
253257,"Lacrimispora amygdalina",3,2.04967216518554e-07,3,2.07429698116564e-07
526944,"Tetragenococcus osmophilus",3,2.04967216518554e-07,4.7,3.23185307594787e-07
67829,"Citrobacter murliniae",3,2.04967216518554e-07,3.5,2.37767681640579e-07
283686,"Kosakonia radicincitans",3,2.04967216518554e-07,3.1,2.13770473265121e-07
666,"Vibrio cholerae",3,2.04967216518554e-07,3,2.04970385385317e-07
2606615,"Enorma shizhengliae",3,2.04967216518554e-07,3.7,2.55009738589228e-07
2606709,"Baileyella intestinalis",3,2.04967216518554e-07,3,2.0516412529742e-07
2899544,"Intestinirhabdus alba",3,2.04967216518554e-07,3.1,2.13672245846599e-07
84135,"Gemella sanguinis",3,2.04967216518554e-07,3,2.06673660581647e-07
2763676,"Qingrenia yutianensis",3,2.04967216518554e-07,3.8,2.59006914611075e-07
1334,"Streptococcus dysgalactiae",3,2.04967216518554e-07,3,2.06343103386906e-07
990412,"Limosilactobacillus alvi",3,2.04967216518554e-07,3,2.08123304777762e-07
2697499,"Dietzia massiliensis",3,2.04967216518554e-07,3,2.0539216208539e-07
2815723,"Nocardia alni",3,2.04967216518554e-07,3,2.04967328549441e-07
2834432,"Bifidobacterium pongonis",3,2.04967216518554e-07,3.1,2.08577108216288e-07
69218,"Enterobacter cancerogenus",3,2.04967216518554e-07,3.3,2.2289409990731e-07
2841034,"Lactobacillus laiwuensis",3,2.04967216518554e-07,3.5,2.41374922312522e-07
143232,"Vanrija pseudolonga",3,2.04967216518554e-07,3,2.04967328549441e-07
2666183,"Pseudomonas juntendi",3,2.04967216518554e-07,4.3,2.96010741133267e-07
158849,"Moellerella wisconsensis",3,2.04967216518554e-07,3.4,2.33005452679567e-07
428126,"Thomasclavelia spiroformis",3,2.04967216518554e-07,3,2.05306623706521e-07
3029274,"Amygdalobacter nucleatus",3,2.04967216518554e-07,3.4,2.33197085764813e-07
3109030,"Vagococcus jeotgali",3,2.04967216518554e-07,3,2.05004923556012e-07
1690606,"Exophiala bonariae",3,2.04967216518554e-07,3.1,2.11627636847054e-07
396014,"Brachybacterium phenoliresistens",3,2.04967216518554e-07,3,2.04967328549441e-07
1437360,"Bradyrhizobium erythrophlei",3,2.04967216518554e-07,3,2.074202690559e-07
1715645,"Paracoccus mangrovi",3,2.04967216518554e-07,3,2.06094581137663e-07
1994,"Actinomadura rugatobispora",3,2.04967216518554e-07,5.9,4.05431700052296e-07
1134781,"Methylopila musalis",3,2.04967216518554e-07,4.8,3.27294100497779e-07
1335613,"Gordonibacter urolithinfaciens",3,2.04967216518554e-07,3,2.06909661454943e-07
3350256,"Comamonas trifloxystrobinivorans",3,2.04967216518554e-07,3,2.0507190598259e-07
433293,"Anaerotaenia torta",3,2.04967216518554e-07,3,2.04973905245524e-07
1115758,"Romboutsia ilealis",3,2.04967216518554e-07,3,2.049690878943e-07
1745713,"Bariatricus massiliensis",3,2.04967216518554e-07,3.2,2.19355084222802e-07
871324,"Bacteroides stercorirosoris",3,2.04967216518554e-07,3,2.05100245823377e-07
2079531,"Prevotella merdae",3,2.04967216518554e-07,2.9,2.00453339751223e-07
764298,"Streptococcus macacae",3,2.04967216518554e-07,3,2.04967328549441e-07
2364791,"Enterococcus mediterraneensis",3,2.04967216518554e-07,3.2,2.1545993995444e-07
1329,"Streptococcus canis",3,2.04967216518554e-07,3,2.0577423364122e-07
535290,"Legionella nagasakiensis",3,2.04967216518554e-07,3,2.04967328549441e-07
2941507,"Senimuribacter intestinalis",3,2.04967216518554e-07,3.2,2.21942130225011e-07
226230,"Saccharomyces kudriavzevii",3,2.04967216518554e-07,3,2.04967328549441e-07
82803,"Trichococcus flocculiformis",3,2.04967216518554e-07,3,2.04967355810339e-07
206505,"Kerstersia similis",3,2.04967216518554e-07,3,2.04967328549441e-07
224308,"Bacillus subtilis",2,1.36644811012369e-07,2,1.36644885699627e-07
342451,"Staphylococcus saprophyticus",2,1.36644811012369e-07,2,1.36644885699627e-07
150340,"Vibrio antiquarius",2,1.36644811012369e-07,2.4,1.62253193905653e-07
5693,"Trypanosoma cruzi",2,1.36644811012369e-07,2.4,1.62346008112895e-07
1423790,"Lactobacillus pasteurii",2,1.36644811012369e-07,1.7,1.13971388978236e-07
1121129,"Butyricimonas synergistica",2,1.36644811012369e-07,2,1.36738870689567e-07
1121111,"Bifidobacterium thermacidophilum",2,1.36644811012369e-07,2,1.39651348556483e-07
1427503,"Holospora elegans",2,1.36644811012369e-07,2,1.36644885699627e-07
1501230,"Paenibacillus tyrfis",2,1.36644811012369e-07,2,1.36982293281646e-07
579748,"Vibrio galatheae",2,1.36644811012369e-07,2,1.36644885699627e-07
1150461,"Bifidobacterium scardovii",2,1.36644811012369e-07,2,1.3676280942301e-07
1673719,"Anaerococcus jeddahensis",2,1.36644811012369e-07,1.9,1.30165106029807e-07
1159613,"Cronobacter muytjensii",2,1.36644811012369e-07,2.4,1.61852941275991e-07
1159491,"Cronobacter malonaticus",2,1.36644811012369e-07,2.4,1.61971974365467e-07
1423749,"Limosilactobacillus gastricus",2,1.36644811012369e-07,2,1.39595926353703e-07
1348632,"Pseudolactococcus plantarum",2,1.36644811012369e-07,2.1,1.41717884208302e-07
150033,"Enterococcus ratti",2,1.36644811012369e-07,2.5,1.6799757022383e-07
1511761,"Leuconostoc suionicum",2,1.36644811012369e-07,2.1,1.42591886023434e-07
1082851,"Comamonas serinivorans",2,1.36644811012369e-07,2,1.36644885699627e-07
1905142,"Amycolatopsis vastitatis",2,1.36644811012369e-07,2.1,1.43353829284023e-07
1960969,"Bifidobacterium criceti",2,1.36644811012369e-07,2,1.37108051511791e-07
1291764,"Lactococcus fujiensis",2,1.36644811012369e-07,2,1.37495923260636e-07
1448321,"Aspergillus heteromorphus",2,1.36644811012369e-07,1.6,1.11455102178284e-07
1448312,"Aspergillus japonicus",2,1.36644811012369e-07,3,2.0682245384014e-07
1448316,"Aspergillus ibericus",2,1.36644811012369e-07,3,2.0217441657889e-07
1096246,"Hungatella effluvii",2,1.36644811012369e-07,2.2,1.49166234595446e-07
2184082,"Marinifilum breve",2,1.36644811012369e-07,2.6,1.8034062286907e-07
2338368,"Alcanivorax profundi",2,1.36644811012369e-07,2,1.37519214437444e-07
1776032,"Hymenobacter gummosus",2,1.36644811012369e-07,2,1.38484021952052e-07
248316,"Veillonella caviae",2,1.36644811012369e-07,2.5,1.69195158228626e-07
2485123,"Photobacterium chitinilyticum",2,1.36644811012369e-07,2.4,1.63405926633383e-07
659016,"Allopusillimonas soli",2,1.36644811012369e-07,2.4,1.62474004596988e-07
1242993,"Ehrlichia minasensis",2,1.36644811012369e-07,2.3,1.55696138976401e-07
33898,"Streptomyces galbus",2,1.36644811012369e-07,2,1.36644885699627e-07
1282,"Staphylococcus epidermidis",2,1.36644811012369e-07,2,1.36656255719948e-07
2594882,"Mediterraneibacter catenae",2,1.36644811012369e-07,2,1.3735293823762e-07
2478464,"Enterobacter oligotrophicus",2,1.36644811012369e-07,2.2,1.51664949554573e-07
132259,"Aspergillus pseudotamarii",2,1.36644811012369e-07,2.1,1.43262174351387e-07
2606636,"Bilifractor porci",2,1.36644811012369e-07,2,1.37223670134255e-07
195,"Campylobacter coli",2,1.36644811012369e-07,2.1,1.46467919318816e-07
1366,"Pseudolactococcus raffinolactis",2,1.36644811012369e-07,1.8,1.22292566586896e-07
2675325,"Bifidobacterium erythrocebi",2,1.36644811012369e-07,2.5,1.69129696970425e-07
2722820,"Actinomyces faecalis",2,1.36644811012369e-07,2,1.36646014650393e-07
572010,"Slackia isoflavoniconvertens",2,1.36644811012369e-07,5.4,3.70304884165656e-07
2986526,"Lawsonibacter celer",2,1.36644811012369e-07,2,1.3907542399871e-07
2763015,"Alistipes hominis",2,1.36644811012369e-07,2.2,1.53647404308297e-07
2713502,"Listeria immobilis",2,1.36644811012369e-07,2,1.36644885699627e-07
67324,"Streptomyces massasporeus",2,1.36644811012369e-07,2.6,1.75702855046034e-07
68183,"Streptomyces capoamus",2,1.36644811012369e-07,2,1.36644885699627e-07
2779357,"Thermophilibacter gallinarum",2,1.36644811012369e-07,2.4,1.64939057444184e-07
2751153,"Coprobacter secundus",2,1.36644811012369e-07,2,1.39298030048032e-07
85698,"Achromobacter xylosoxidans",2,1.36644811012369e-07,2.2,1.49667115359412e-07
300181,"Serratia ureilytica",2,1.36644811012369e-07,2,1.3664543518476e-07
2020965,"Bifidobacterium imperatoris",2,1.36644811012369e-07,2.1,1.42077702870405e-07
1302,"Streptococcus gordonii",2,1.36644811012369e-07,2.1,1.44703114354473e-07
2796366,"Comamonas fluminis",2,1.36644811012369e-07,1.5,1.0485381086639e-07
1303817,"Enterococcus alishanensis",2,1.36644811012369e-07,2,1.3680928392199e-07
411577,"Anaerococcus murdochii",2,1.36644811012369e-07,2,1.38068278201476e-07
2821406,"Bradyrhizobium australafricanum",2,1.36644811012369e-07,2.5,1.68667608362625e-07
36834,"Clostridium celatum",2,1.36644811012369e-07,2.1,1.43015845669119e-07
2914984,"Brenneria tiliae",2,1.36644811012369e-07,2,1.3664488570238e-07
663,"Vibrio alginolyticus",2,1.36644811012369e-07,2.2,1.49850973068629e-07
497108,"Candida jiufengensis",2,1.36644811012369e-07,2.9,1.96078155077591e-07
2926616,"Veillonella faecalis",2,1.36644811012369e-07,2.6,1.80819851539512e-07
2981784,"[Clostridium] ammoniilyticum",2,1.36644811012369e-07,2,1.36848425741499e-07
3233375,"Pseudomonas fortuita",2,1.36644811012369e-07,2.2,1.46921041521093e-07
1002107,"Penicillium psychrosexuale",2,1.36644811012369e-07,1.7,1.14053009780673e-07
69789,"Penicillium soppii",2,1.36644811012369e-07,2.5,1.68664431634195e-07
416450,"Penicillium antarcticum",2,1.36644811012369e-07,2.3,1.57440701160087e-07
1230953,"Hydrogenophaga electricum",2,1.36644811012369e-07,1.5,1.03702792568752e-07
1522312,"Kingella negevensis",2,1.36644811012369e-07,2.2,1.50477574981556e-07
3093659,"Acutalibacter intestini",2,1.36644811012369e-07,2.1,1.4057636682778e-07
3133422,"Flavonifractor porci",2,1.36644811012369e-07,2.1,1.44308921370753e-07
414052,"Caenispirillum bisanense",2,1.36644811012369e-07,2,1.37137823216135e-07
333963,"Leucobacter iarius",2,1.36644811012369e-07,2.8,1.90927293959213e-07
638574,"Nonomuraea rosea",2,1.36644811012369e-07,2,1.38281161588943e-07
69220,"Lelliottia nimipressuralis",2,1.36644811012369e-07,2.1,1.41711819908501e-07
2653932,"Citrobacter telavivensis",2,1.36644811012369e-07,2.2,1.51136179334657e-07
3142537,"Enterobacter adelaidei",2,1.36644811012369e-07,2.8,1.91951369231275e-07
1640501,"Streptococcus caprae",2,1.36644811012369e-07,2,1.36771262757863e-07
29389,"Streptococcus alactolyticus",2,1.36644811012369e-07,2.1,1.42426367184946e-07
3237104,"Erwinia plantamica",2,1.36644811012369e-07,2,1.36644902509654e-07
310300,"Bacteroides pyogenes",2,1.36644811012369e-07,2.5,1.6982346795359e-07
1642646,"Petrimonas mucosa",2,1.36644811012369e-07,2,1.36644885699627e-07
NA,"unknown genome; accession ID isNZ_LT635772.1",2,1.36644811012369e-07,2.7,1.82096255097357e-07
1836972,"Frankia canadensis",2,1.36644811012369e-07,2.1,1.44395122687623e-07
1852371,"Raoultibacter massiliensis",2,1.36644811012369e-07,2,1.38564813016788e-07
2044573,"Anaerolactibacter massiliensis",2,1.36644811012369e-07,2,1.3682527183655e-07
881260,"Enterobacter bugandensis",2,1.36644811012369e-07,2.4,1.61959742604397e-07
2587528,"Klebsiella spallanzanii",2,1.36644811012369e-07,2.1,1.42251690815241e-07
546,"Citrobacter freundii",2,1.36644811012369e-07,1.9,1.31453168499648e-07
420245,"Leishmania braziliensis",1,6.83224055061846e-08,1,6.83224428689687e-08
519441,"Streptobacillus moniliformis",1,6.83224055061846e-08,1,6.83224428498136e-08
5888,"Paramecium tetraurelia",1,6.83224055061846e-08,1,6.83224428498136e-08
637911,"Actinobacillus minor",1,6.83224055061846e-08,1.9,1.31081800736015e-07
887325,"Lachnoanaerobaculum saburreum",1,6.83224055061846e-08,1,6.83230164330298e-08
887899,"Mobiluncus holmesii",1,6.83224055061846e-08,1,6.83229277823765e-08
695562,"Lactobacillus amylovorus",1,6.83224055061846e-08,1.7,1.13135360646445e-07
336722,"Zymoseptoria tritici",1,6.83224055061846e-08,1,6.99993083263847e-08
1094184,"Xanthomonas vasicola",1,6.83224055061846e-08,1.5,1.01264628196166e-07
930169,"Alloalcanivorax dieselolei",1,6.83224055061846e-08,1,6.90777798240075e-08
751945,"Thermus oshimai",1,6.83224055061846e-08,0.3,2.27741476166045e-08
1095768,"Phytobacter massiliensis",1,6.83224055061846e-08,1,6.83514686600112e-08
29372,"Clostridium thermobutyricum",1,6.83224055061846e-08,1.2,8.52421791918211e-08
1123309,"Streptococcus minor",1,6.83224055061846e-08,1,6.86198563759299e-08
1211579,"Pseudomonas putida",1,6.83224055061846e-08,1.2,7.86083756088655e-08
1255705,"Bavariicoccus seileri",1,6.83224055061846e-08,1,7.07267276200879e-08
1123314,"Streptococcus plurextorum",1,6.83224055061846e-08,1,6.97819724813655e-08
1123299,"Streptococcus castoreus",1,6.83224055061846e-08,1,6.83224430358911e-08
1121914,"Gemella cuniculi",1,6.83224055061846e-08,1,6.83538125980988e-08
1301100,"Faecalimicrobium dakarense",1,6.83224055061846e-08,1,6.83226341791964e-08
5802,"Eimeria tenella",1,6.83224055061846e-08,1,6.85729220436581e-08
880074,"Barnesiella viscericola",1,6.83224055061846e-08,1,7.12570062366237e-08
1123494,"Vibrio pacinii",1,6.83224055061846e-08,0.5,3.41612214249068e-08
762211,"Bifidobacterium stellenboschense",1,6.83224055061846e-08,1,6.8336299980487e-08
55207,"Pectobacterium betavasculorum",1,6.83224055061846e-08,1,6.83224699677321e-08
1177154,"Alcanivorax nanhaiticus",1,6.83224055061846e-08,1,6.97262389086048e-08
176090,"Streptococcus sinensis",1,6.83224055061846e-08,1.1,7.47725981502991e-08
1610491,"Lampropedia cohaerens",1,6.83224055061846e-08,1,6.83225658110735e-08
1194083,"Nostocoides japonicum",1,6.83224055061846e-08,1,6.83742844287046e-08
630921,"Bradyrhizobium embrapense",1,6.83224055061846e-08,1.4,9.85770709246918e-08
28037,"Streptococcus mitis",1,6.83224055061846e-08,1.1,7.5170012820034e-08
1326968,"Bacillus australimaris",1,6.83224055061846e-08,1,6.84488395022839e-08
498848,"Thermus aquaticus",1,6.83224055061846e-08,0.3,2.27741476166045e-08
1423739,"Lentilactobacillus diolivorans",1,6.83224055061846e-08,1,6.83224428498136e-08
1423767,"Lactobacillus kitasatonis",1,6.83224055061846e-08,1,6.83225078824063e-08
1219067,"Vibrio natriegens",1,6.83224055061846e-08,1,6.83239646648923e-08
1313,"Streptococcus pneumoniae",1,6.83224055061846e-08,1,6.94236072473099e-08
1673722,"Actinomyces ihuae",1,6.83224055061846e-08,1,6.83226501613203e-08
5078,"Penicillium griseofulvum",1,6.83224055061846e-08,1,6.90657669644913e-08
36847,"Anaerotignum neopropionicum",1,6.83224055061846e-08,1,6.83354877713734e-08
1793963,"Bacillus nakamurai",1,6.83224055061846e-08,1,6.83295574258477e-08
937928,"Oceanobacillus damuensis",1,6.83224055061846e-08,1,6.83224428498136e-08
1497615,"Bradyrhizobium neotropicale",1,6.83224055061846e-08,1.4,9.33440176520032e-08
1073842,"Rossellomorea aquimaris",1,6.83224055061846e-08,0.2,1.36644885699627e-08
1480615,"Hoeflea olei",1,6.83224055061846e-08,1,6.8322463427707e-08
1295528,"Cryptococcus wingfieldii",1,6.83224055061846e-08,0.5,3.41612214249068e-08
1295533,"Cryptococcus amylolentus",1,6.83224055061846e-08,0.5,3.41612214249068e-08
1812935,"Enterobacter roggenkampii",1,6.83224055061846e-08,1.6,1.07257980550131e-07
252393,"Candidatus Erwinia dacicola",1,6.83224055061846e-08,1,6.8322469890966e-08
328396,"Enterococcus aquimarinus",1,6.83224055061846e-08,1.1,7.35505296715804e-08
2652292,"Hornefia porci",1,6.83224055061846e-08,1,6.86466068934777e-08
1904807,"Bradyrhizobium mercantei",1,6.83224055061846e-08,1.1,7.8164471391042e-08
1561,"Clostridium baratii",1,6.83224055061846e-08,1,6.91049527094289e-08
696485,"Vibrio owensii",1,6.83224055061846e-08,1,6.8325801922155e-08
1768210,"Vagococcus martis",1,6.83224055061846e-08,1.6,1.09982458228966e-07
164759,"Diaphorobacter nitroreducens",1,6.83224055061846e-08,1.5,1.01629347881906e-07
1260,"Finegoldia magna",1,6.83224055061846e-08,1,6.83342555595644e-08
1630172,"Bifidobacterium hapali",1,6.83224055061846e-08,1,6.83232674990538e-08
317010,"Enterococcus canintestini",1,6.83224055061846e-08,1,6.84645144554662e-08
1458355,"Mixta theicola",1,6.83224055061846e-08,1,6.95455198825864e-08
2022662,"Superficieibacter electus",1,6.83224055061846e-08,1.1,7.71863966126187e-08
1239396,"Metasolibacillus fluoroglycofenilyticus",1,6.83224055061846e-08,1,6.83424804046091e-08
1765684,"Sulfoacidibacillus thermotolerans",1,6.83224055061846e-08,1,6.83224428579333e-08
2045244,"Alteribacter lacisalsi",1,6.83224055061846e-08,1,6.83224428498136e-08
2219045,"Confluentibacter sediminis",1,6.83224055061846e-08,1,6.83224428498136e-08
2066479,"Pectobacterium peruviense",1,6.83224055061846e-08,1,6.83951075883321e-08
2707003,"Streptococcus chosunensis",1,6.83224055061846e-08,1,6.86737125911754e-08
1589,"Lactiplantibacillus pentosus",1,6.83224055061846e-08,1,6.83224428498136e-08
2490857,"Lautropia dentalis",1,6.83224055061846e-08,1.1,7.80054157995015e-08
2486011,"Lacticaseibacillus suibinensis",1,6.83224055061846e-08,1,6.85287255764463e-08
29380,"Staphylococcus caprae",1,6.83224055061846e-08,1,6.83581906091585e-08
380685,"Thermosipho globiformans",1,6.83224055061846e-08,1,6.85324440479308e-08
411468,"[Clostridium] scindens",1,6.83224055061846e-08,1,6.86137106977941e-08
2547833,"Palleronia sediminis",1,6.83224055061846e-08,1,7.15946944997979e-08
51049,"Actinobacillus indolicus",1,6.83224055061846e-08,1,6.9927652385502e-08
1583,"Weissella confusa",1,6.83224055061846e-08,1,6.83224428498136e-08
1229621,"Anaerostipes rhamnosivorans",1,6.83224055061846e-08,1,6.85598593963874e-08
930854,"Enterococcus viikkiensis",1,6.83224055061846e-08,1,7.09757928416804e-08
61645,"Enterobacter asburiae",1,6.83224055061846e-08,1.4,9.71917737261909e-08
2597270,"Alkalicoccobacillus porphyridii",1,6.83224055061846e-08,1.1,7.43463899676844e-08
2055836,"Natronococcus pandeyae",1,6.83224055061846e-08,1.1,7.29893242080762e-08
2607660,"Nocardioides humilatus",1,6.83224055061846e-08,1.1,7.39686675002647e-08
2490545,"Bifidobacterium jacchi",1,6.83224055061846e-08,1,6.8322530161067e-08
1494462,"Lactococcus hircilactis",1,6.83224055061846e-08,1,6.87479974151619e-08
2585199,"Nocardia aurantia",1,6.83224055061846e-08,1,6.83224428498136e-08
61648,"Kluyvera intermedia",1,6.83224055061846e-08,1.1,7.35922521278275e-08
2605790,"Roseburia porci",1,6.83224055061846e-08,1,6.9191373385908e-08
1857217,"Candidatus Enterococcus huntleyi",1,6.83224055061846e-08,1.5,1.01588125953927e-07
708087,"Cyclobacterium jeungdonense",1,6.83224055061846e-08,1,6.961330229403e-08
57171,"Corynebacterium mucifaciens",1,6.83224055061846e-08,1,6.84459618953739e-08
72360,"Bacillus mojavensis",1,6.83224055061846e-08,1,6.83224428498136e-08
2766578,"Komagataeibacter melomenusus",1,6.83224055061846e-08,1,6.83372968388543e-08
2736291,"Palleniella intestinalis",1,6.83224055061846e-08,1,6.83382697517495e-08
1494461,"Pseudolactococcus laudensis",1,6.83224055061846e-08,1,6.89898578671578e-08
380911,"Parapusillimonas granuli",1,6.83224055061846e-08,1,6.87421478612813e-08
2745493,"Pseudomonas urmiensis",1,6.83224055061846e-08,1,6.83224428498136e-08
2763035,"Clostridium facile",1,6.83224055061846e-08,1,6.83815244175575e-08
2763645,"Lentihominibacter hominis",1,6.83224055061846e-08,1,6.95841517244297e-08
1477018,"Hafnia psychrotolerans",1,6.83224055061846e-08,1,6.83224428498136e-08
66870,"Streptomyces aurantiogriseus",1,6.83224055061846e-08,1,6.83224428498136e-08
40518,"Ruminococcus bromii",1,6.83224055061846e-08,1,6.83458984454198e-08
2779354,"Gemmiger gallinarum",1,6.83224055061846e-08,1,6.87263166443578e-08
1434066,"Psychroserpens luteus",1,6.83224055061846e-08,1,6.83224428498136e-08
2784388,"Clostridium vitabionis",1,6.83224055061846e-08,1,7.01223781426782e-08
2741333,"Staphylococcus caledonicus",1,6.83224055061846e-08,1,6.83224428498136e-08
2740579,"Streptococcus vicugnae",1,6.83224055061846e-08,1,6.83991327583004e-08
2780383,"Umezawaea beigongshangensis",1,6.83224055061846e-08,1.2,8.26639470847889e-08
285,"Comamonas testosteroni",1,6.83224055061846e-08,1,6.99342405470479e-08
3051154,"Cedecea sulfonylureivorans",1,6.83224055061846e-08,1,6.83224554014236e-08
36651,"Penicillium digitatum",1,6.83224055061846e-08,1,7.15157925589121e-08
37930,"Glutamicibacter protophormiae",1,6.83224055061846e-08,1.1,7.39639149767443e-08
766895,"Shouchella xiaoxiensis",1,6.83224055061846e-08,0.2,1.36644885699627e-08
411567,"Peptoniphilus gorbachii",1,6.83224055061846e-08,1.2,8.30880103630645e-08
587735,"Jeotgalibacillus terrae",1,6.83224055061846e-08,0.2,1.36644885699627e-08
490,"Neisseria sicca",1,6.83224055061846e-08,1,6.83224428498136e-08
138851,"Treponema parvum",1,6.83224055061846e-08,1,6.83224629955695e-08
2819233,"Microvirga antarctica",1,6.83224055061846e-08,1,6.85760681831461e-08
2713174,"Fructobacillus parabroussonetiae",1,6.83224055061846e-08,1,6.83224428498136e-08
2841061,"Streptococcus humanilactis",1,6.83224055061846e-08,2.2,1.53372271757412e-07
2864872,"Shewanella nanhaiensis",1,6.83224055061846e-08,1,6.91686194281821e-08
29369,"Clostridium sardiniense",1,6.83224055061846e-08,1,6.83224429950896e-08
254785,"Streptococcus halichoeri",1,6.83224055061846e-08,1.6,1.09296517577625e-07
2838017,"Flavobacterium coralii",1,6.83224055061846e-08,1.2,7.87482762748462e-08
2926292,"Lacticaseibacillus kribbianus",1,6.83224055061846e-08,1.3,9.15961562970197e-08
1571201,"Bradyrhizobium oropedii",1,6.83224055061846e-08,1.2,7.92773487701107e-08
2897706,"Acidaminococcus hominis",1,6.83224055061846e-08,1.2,8.00441963240922e-08
65700,"Erwinia tracheiphila",1,6.83224055061846e-08,1,6.83501714646371e-08
2740518,"Pseudomonas faucium",1,6.83224055061846e-08,1,6.8331069658044e-08
401106,"Amycolatopsis tucumanensis",1,6.83224055061846e-08,1,6.83224428498136e-08
189381,"Rossellomorea marisflavi",1,6.83224055061846e-08,0.2,1.36644885699627e-08
2486360,"Exophiala viscosa",1,6.83224055061846e-08,1.2,8.10323657159096e-08
2924040,"Parabacteroides faecalis",1,6.83224055061846e-08,1.7,1.15371404731605e-07
51288,"Kluyvera ascorbata",1,6.83224055061846e-08,1,6.8397675272178e-08
1841864,"Marseilla massiliensis",1,6.83224055061846e-08,1,6.83225362435903e-08
181014,"Alternaria ethzedia",1,6.83224055061846e-08,1,6.91941056680257e-08
232088,"Alternaria arbusti",1,6.83224055061846e-08,1,6.83224428498136e-08
255519,"Atlantibacter subterraneus",1,6.83224055061846e-08,1,6.84294301147482e-08
2819619,"Streptococcus toyakuensis",1,6.83224055061846e-08,1,7.17102279342974e-08
221027,"Treponema putidum",1,6.83224055061846e-08,1.3,8.78573985250777e-08
537006,"Parabacteroides johnsonii",1,6.83224055061846e-08,1,6.8802284094914e-08
1396493,"Fimicolochytrium jonesii",1,6.83224055061846e-08,1.1,7.22680490929632e-08
1642,"Listeria innocua",1,6.83224055061846e-08,1.2,8.51184715723462e-08
2742601,"Limosilactobacillus portuensis",1,6.83224055061846e-08,1.5,1.04288776173222e-07
1131581,"Penicillium argentinense",1,6.83224055061846e-08,1,6.83224429460058e-08
36646,"Penicillium coprophilum",1,6.83224055061846e-08,1,6.83453039675339e-08
126998,"Penicillium bovifimosum",1,6.83224055061846e-08,1,6.8686089759562e-08
2100454,"Penicillium cataractarum",1,6.83224055061846e-08,1.3,9.17961951216283e-08
5074,"Penicillium brevicompactum",1,6.83224055061846e-08,1.7,1.13459720596234e-07
1792511,"Penicillium robsamsonii",1,6.83224055061846e-08,1.8,1.19858549750885e-07
3035284,"Prevotella sp. B2-R-102",1,6.83224055061846e-08,1.4,9.60667567397188e-08
688661,"Lichtheimia ornata",1,6.83224055061846e-08,1,6.83224428498136e-08
293388,"Bacillus aerius",1,6.83224055061846e-08,1,6.83938867840497e-08
1613,"Limosilactobacillus fermentum",1,6.83224055061846e-08,1,6.90280166103978e-08
351672,"Xenorhabdus griffiniae",1,6.83224055061846e-08,1.1,7.35932156311049e-08
669,"Vibrio harveyi",1,6.83224055061846e-08,1,6.83235633854554e-08
1194168,"Comamonas jiangduensis",1,6.83224055061846e-08,1,6.91235674345894e-08
133448,"Citrobacter youngae",1,6.83224055061846e-08,1.1,7.54509640032286e-08
51156,"Cadophora gregata",1,6.83224055061846e-08,1,6.84056580787736e-08
54291,"Raoultella ornithinolytica",1,6.83224055061846e-08,1.3,9.0765675151372e-08
3068306,"Lacticaseibacillus styriensis",1,6.83224055061846e-08,1.2,8.15626715393403e-08
92490,"Winslowiella toletana",1,6.83224055061846e-08,1.3,8.86997180892943e-08
1630542,"Alkalihalophilus lindianensis",1,6.83224055061846e-08,1,6.83224428498136e-08
3115852,"Pseudomonas ulcerans",1,6.83224055061846e-08,1,6.83224428498136e-08
3040937,"Raoultella scottii",1,6.83224055061846e-08,1,7.07683116118691e-08
3040939,"Raoultella lignicola",1,6.83224055061846e-08,1,6.83374092382558e-08
831,"Butyrivibrio fibrisolvens",1,6.83224055061846e-08,1,6.83224460803451e-08
595635,"Phyllosticta citriasiana",1,6.83224055061846e-08,1,6.83255880263555e-08
685,"Vibrio diazotrophicus",1,6.83224055061846e-08,0.5,3.41612214249068e-08
1855371,"Phytobacter palmae",1,6.83224055061846e-08,1,6.84808140736021e-08
258052,"Kitasatospora arboriphila",1,6.83224055061846e-08,1.1,7.32699608708973e-08
427369,"Streptomonospora halophila",1,6.83224055061846e-08,1,6.83655891277133e-08
3133165,"Solibaculum intestinale",1,6.83224055061846e-08,1,7.08293573612986e-08
3133159,"Megasphaera intestinihominis",1,6.83224055061846e-08,1,6.86338412166797e-08
3133091,"unknown genome; accession ID isNZ_JBBMER010000005.1",1,6.83224055061846e-08,1,6.83227489673836e-08
2282420,"Streptococcus hillyeri",1,6.83224055061846e-08,1,6.83522894481077e-08
283816,"Metabacillus herbersteinensis",1,6.83224055061846e-08,1,6.83259626953135e-08
762845,"Enterococcus rivorum",1,6.83224055061846e-08,1,6.88486403577917e-08
180332,"Robinsoniella peoriensis",1,6.83224055061846e-08,1,6.86932909086694e-08
395599,"Pseudomonas moorei",1,6.83224055061846e-08,1,6.83224428498136e-08
1107316,"Neisseria oralis",1,6.83224055061846e-08,1,6.84884864833772e-08
3367729,"Lacticaseibacillus salsurae",1,6.83224055061846e-08,1,7.06648194769102e-08
3115297,"Peribacillus sedimenti",1,6.83224055061846e-08,0.2,1.36644885699627e-08
1697558,"Christiangramia aquimixticola",1,6.83224055061846e-08,1,6.83224428498136e-08
2035830,"Berkeleyomyces rouxiae",1,6.83224055061846e-08,1,6.83224428498136e-08
1673723,"Murdochiella massiliensis",1,6.83224055061846e-08,1,7.08512841917518e-08
482827,"Thermus arciformis",1,6.83224055061846e-08,0.3,2.27741476166045e-08
2897707,"Merdimmobilis hominis",1,6.83224055061846e-08,1,7.05257553833269e-08
1870997,"Alterileibacterium massiliense",1,6.83224055061846e-08,1,6.83941960797184e-08
75612,"Pseudomonas mandelii",1,6.83224055061846e-08,1.1,7.31589119462059e-08
1852370,"Prevotellamassilia timonensis",1,6.83224055061846e-08,1.3,9.19361687241251e-08
1121089,"Priestia endophytica",1,6.83224055061846e-08,1,6.83224428498136e-08
1745712,"Anaerococcus urinomassiliensis",1,6.83224055061846e-08,1.5,1.01370299900951e-07
1121321,"Asaccharospora irregularis",1,6.83224055061846e-08,1,6.83416440627815e-08
1643,"Listeria welshimeri",1,6.83224055061846e-08,1,6.83224428498136e-08
1937461,"Collinsella provencensis",1,6.83224055061846e-08,1,6.95725802416359e-08
1338,"Streptococcus intermedius",1,6.83224055061846e-08,1,6.91636514729689e-08
158841,"Leminorella richardii",1,6.83224055061846e-08,1,6.806139052418e-08
1917867,"Bacilliculturomica massiliensis",1,6.83224055061846e-08,1,6.83224428498136e-08
1328,"Streptococcus anginosus",1,6.83224055061846e-08,1.3,8.96098295415299e-08
NA,"unknown genome; accession ID isNZ_CABKSO010000001.1",1,6.83224055061846e-08,1,6.92399494385409e-08
2736608,"Streptococcus thalassemiae",1,6.83224055061846e-08,1,7.16570386517114e-08
2094020,"Trichococcus shcherbakoviae",1,6.83224055061846e-08,1,6.8274117672717e-08
