"TaxonomyID","Genome","read_count","Proportion","readsEM","EMProportion"
2714353,"Vescimonas fastidiosa",5370391,0.361317743574176,5370094.5,0.361297846391501
411468,"[Clostridium] scindens",1223363,0.0823073699349144,1223328.3,0.0823050476400675
2981728,"Huintestinicola butyrica",729706,0.0490943257935107,730619.5,0.0491557895847416
536633,"Blautia glucerasea",561412,0.0377715732533191,560917.2,0.0377382895333185
36656,"Penicillium crustosum",541296,0.0364181768749663,541295,0.0364181121774005
411485,"Faecalibacterium prausnitzii",526518,0.0354239189867531,522379.4,0.0351454773497686
272559,"Bacteroides fragilis",525535,0.0353577831426529,518703.6,0.0348981724601457
2981779,"Anaerostipes amylophilus",466970,0.0314175535294978,467191.4,0.0314324546706022
2981792,"Oscillibacter acetigenes",415496,0.0279544035404677,415744.8,0.0279711452828737
2763023,"Bacteroides hominis",338194,0.0227535561135725,344976.2,0.0232098623346147
3136601,"Owariibacterium komagatae",298428,0.0200781156491872,298816.1,0.0201042325648668
1150298,"Fusicatenibacter saccharivorans",276077,0.0185743493709728,277735.3,0.0186859193955511
626937,"Christensenella minuta",246115,0.0165585180780614,246447.2,0.0165808691056206
2763038,"Clostridium segne",208379,0.0140196551961009,206281,0.0138785041482892
99287,"Salmonella enterica",199658,0.0134329098284525,199654,0.0134326410242312
411470,"Mediterraneibacter gnavus",186595,0.0125540364495292,186491.1,0.0125470500923415
742726,"Barnesiella intestinihominis",184126,0.0123879231239101,184007.7,0.0123799677785216
858893,"Exophiala dermatitidis",180580,0.012149349672049,180580,0.0121493512810412
626940,"Phascolarctobacterium succinatutens",169675,0.0114156656639988,169590.9,0.0114100121453049
2585117,"Alistipes onderdonkii",151257,0.0101765100417826,151254.7,0.0101763537100761
823,"Parabacteroides distasonis",134886,0.00907507575514452,135031.2,0.0090848431461862
2981726,"Hominimerdicola aceti",119476,0.00803829716146706,119687.6,0.00805253601703728
1196081,"Talaromyces amestolkiae",113693,0.00764921925054969,113693,0.0076492202797317
5480,"Candida parapsilosis",107101,0.00720571214545418,107101,0.00720571309984318
239935,"Akkermansia muciniphila",104909,0.00705823526827437,104909,0.00705823480781317
347253,"Streptococcus salivarius",91635,0.00616516589433053,85355.7,0.00574269615468993
89153,"[Clostridium] hylemonae",73061,0.00491551465494279,72338.1,0.0048668806620567
61420,"Aspergillus caelatus",66543,0.00447698624004405,65443.4,0.00440300766325865
39486,"Dorea formicigenerans",56286,0.00378689941101422,55692.8,0.00374698648163302
1796635,"Longicatena caecimuris",52982,0.00356460762168844,52359,0.00352269089608995
3133156,"Faecalibacterium tardum",51912,0.00349261845262712,46568.9,0.00313313718972063
742742,"Collinsella tanakaei",46856,0.00315245280891309,46827.8,0.00315055593974388
3036443,"Streptococcus sp. ST2",41579,0.00279741837420602,37408.2,0.00251680590812849
871665,"Blautia faecis",38096,0.00256308353697185,37398,0.0025161204529091
5068,"Aspergillus tubingensis",35100,0.00236151386360017,35049.2,0.00235809884891008
563192,"Bilophila wadsworthia",30762,0.0020696549707142,30762,0.00206965481092233
1108849,"Penicillium rubens",30180,0.00203049824511263,30180.4,0.00203052768352252
2003188,"Parolsenella catena",28461,0.00191484461743374,28460.5,0.00191481452502358
1507512,"Romboutsia hominis",27812,0.00187118015881618,27812,0.00187118040759743
3133155,"Faecalibacterium intestinale",27351,0.00184016426448229,29673.5,0.00199641867024684
2126740,"Clostridium fessum",27021,0.00181796199738861,28798,0.00193751526985363
53346,"Enterococcus mundtii",24568,0.00165292514532561,23907.6,0.00160849301818849
28118,"Odoribacter splanchnicus",22991,0.00154682522045674,22942,0.00154352914778848
1590,"Lactiplantibacillus plantarum",22576,0.00151890418759651,22575.8,0.00151889205949813
2981721,"Brotomerdimonas butyrica",21855,0.00147039559797669,21892.9,0.00147294394730273
2751153,"Coprobacter secundus",21125,0.00142128149198158,20895.6,0.00140585051338918
585394,"Roseburia hominis",17503,0.00117759479072917,17558.4,0.00118132205913748
1234680,"Streptococcus rubneri",17270,0.00116191864456909,17520.5,0.00117877478283718
1343,"Streptococcus vestibularis",14765,0.000993383253448904,19147.8,0.00128825354005508
2946555,"Akkermansia biwaensis",14718,0.000990221112377986,14694,0.000988605325187286
2941338,"Streptococcus caecimuris",14220,0.00095671587294571,15943.9,0.00107270073058404
47715,"Lacticaseibacillus rhamnosus",14061,0.000946018416982393,14061,0.000946018025863461
132259,"Aspergillus pseudotamarii",13715,0.000922739676332659,14801.1,0.000995814257735913
246787,"Bacteroides cellulosilyticus",13706,0.000922134159957377,13389.6,0.000900846481860756
622,"Shigella dysenteriae",13170,0.000886072295829466,11986.1,0.000806421336680096
2764325,"[Eubacterium] hominis",13003,0.00087483660308812,11708.2,0.000787724327883829
2935520,"Faecalibacterium hattorii",12689,0.0008537108095505,14524.8,0.000977219999778261
1169293,"Enterococcus faecalis",12546,0.00084408982714324,12545.9,0.000844080779366444
3030638,"Faecalibacterium taiwanense",11392,0.000766449171912625,12210,0.000821486176637834
1712515,"Butyricicoccus faecihominis",11218,0.000754742521990505,10940.2,0.000736051901376557
2839743,"Hominibacterium faecale",11164,0.000751109423738812,10480.3,0.000705108128499208
2763025,"Bacteroides parvus",10846,0.000729714511812178,9994.7,0.000672439266693094
28116,"Bacteroides ovatus",10514,0.000707377685523994,10285,0.000691974012717722
2981782,"Blautia ammoniilytica",10204,0.000686521010375389,10418.7,0.000700964205899224
61648,"Kluyvera intermedia",9912,0.000666875367977347,9906.9,0.000666529368129065
116085,"Coprococcus catus",9622,0.000647364284773813,9596.9,0.000645677033397584
358743,"Enterocloster citroniae",9423,0.000633975644920353,9403,0.00063262680061388
411483,"Faecalibacterium duncaniae",8993,0.00060504541810132,9073.3,0.000610446287208004
3053355,"Streptococcus raffinosi",8954,0.000602421513808431,10504.2,0.000706720605855588
28129,"Prevotella denticola",8790,0.000591387659858846,8789.4,0.000591345001694523
3133157,"Faecalibacterium faecis",8195,0.000551356299492974,7701.7,0.000518164820272404
84112,"Eggerthella lenta",8142,0.000547790480838535,8132.8,0.000547174039772463
508771,"Toxoplasma gondii",8013,0.000539111412792825,7974.8,0.000536544251962986
566552,"Bifidobacterium catenulatum",7450,0.000501232999539068,7342.7,0.000494011247173292
1121115,"Blautia wexlerae",7186,0.000483471185864126,7742.2,0.000520891877344778
3034501,"Enterococcus spodopteracolus",6843,0.000460394284006153,7502.8,0.000504788025312262
367928,"Bifidobacterium adolescentis",6624,0.000445660052207622,6684.7,0.000449742803086687
881260,"Enterobacter bugandensis",6250,0.000420497482834788,6081.1,0.000409131351979646
3098076,"Streptococcus lingualis",5784,0.000389145190514626,5714.1,0.000384443229284498
742727,"Bacteroides oleiciplenus",5407,0.000363780782350032,5614.6,0.000377745780476824
997894,"Enterocloster bolteae",5318,0.000357792898194465,5459.6,0.0003673183464328
1851428,"Faecalibacterium longum",5171,0.00034790279739819,5459.8,0.000367333017287599
39491,"Agathobacter rectalis",5119,0.000344404258341005,5166.4,0.000347590164677689
358742,"Enterocloster aldenensis",5088,0.000342318590826144,4647.5,0.000312681432593637
760570,"Streptococcus parasanguinis",4907,0.000330140983723249,6783.6,0.00045639547615234
2763017,"Anaerosacchariphilus hominis",4880,0.000328324434597403,5239.8,0.000352530517519255
1496,"Clostridioides difficile",4860,0.000326978842652331,4860.4,0.00032700631555935
1653434,"Sellimonas intestinalis",4826,0.00032469133634571,4917.6,0.000330854470600023
820,"Bacteroides uniformis",4648,0.000312715568034575,5566.5,0.000374514114558821
1962263,"Clostridium tepidum",4616,0.000310562620922461,4616.8,0.000310619357202244
2881258,"Ruminococcus turbiniformis",4334,0.000291589774496955,4295,0.000288966287457456
291644,"Bacteroides salyersiae",4224,0.000284189018799063,4068.7,0.000273741064676425
1870993,"Coprococcus phoceensis",4159,0.000279815844977581,4542.2,0.000305595603536751
1720294,"Eisenbergiella massiliensis",4157,0.000279681285783074,4283.5,0.000288193016596307
3111861,"Streptococcus gingivalis",3905,0.000262726827275176,4355.7,0.000293046647223221
536231,"Roseburia intestinalis",3780,0.00025431687761848,3731.6,0.000251057395512145
2093856,"Butyricimonas faecalis",3762,0.000253105844867916,3815.6,0.000256709637821408
717959,"Alistipes shahii",3290,0.000221349874964232,3452.1,0.000232259042126765
2885361,"Brotaphodocola catenula",3285,0.000221013476977965,3561,0.00023958307130254
624,"Shigella sonnei",3266,0.000219735164630147,3794.1,0.000255268011731666
1851427,"Faecalibacterium butyricigenerans",3182,0.000214083678460847,3028.6,0.000203764824028805
1547,"Thomasclavelia ramosa",3175,0.000213612721280072,3198.5,0.000215195077188187
3435293,"Faecalibacterium langellae",3128,0.000210450580209155,3474.6,0.00023377285383992
2981770,"Gallintestinimicrobium propionicum",2996,0.000201569673371684,3513.3,0.00023637629871297
1308,"Streptococcus thermophilus",2886,0.000194168917673792,3021.7,0.000203295873203702
2608867,"Escherichia ruysiae",2779,0.00018697000076766,2873.6,0.000193331998946442
2927224,"Akkermansia massiliensis",2681,0.000180376600236811,2704.6,0.00018196725572147
2763045,"Eubacterium segne",2503,0.000168400831925676,2648.4,0.00017818355513078
2929491,"Faecalibacterium wellingii",2460,0.000165507809243773,2734,0.000183939675473546
1796613,"Bacteroides caecimuris",2442,0.000164296776493208,2524.6,0.00016985268882377
1211819,"Holdemania massiliensis",2221,0.00014942798550017,2250.7,0.000151426734510242
871664,"Blautia stercoris",2220,0.000149360705902917,2595.1,0.000174597319731689
2763669,"Qiania dongpingensis",2191,0.000147409597582563,2256.8,0.000151837223371978
2589788,"Streptococcus xiaochunlingii",2170,0.000145996726040238,1915.8,0.000128897165223646
1150423,"Bifidobacterium dentium",2073,0.000139470605106643,2095.5,0.000140981424791741
2763065,"Ruminococcus hominis",1902,0.000127965793976283,1915.4,0.00012886662350802
2606635,"Waltera intestinalis",1849,0.000124399975321844,1847.4,0.000124290616654494
169435,"Anaerotruncus colihominis",1813,0.000121977909820715,1802.4,0.000121264190821944
3098075,"Streptococcus dentalis",1777,0.000119555844319587,1870.4,0.000125839830335262
39490,"Eubacterium ramulus",1775,0.00011942128512508,1801.5,0.00012120179327502
154288,"Turicibacter sanguinis",1749,0.000117672015596487,1749,0.000117672031430342
1470345,"Bacteroides timonensis",1723,0.000115922746067894,1807.2,0.000121589045703757
386585,"Escherichia coli",1716,0.000115451788887119,2090.6,0.000140653650046108
476272,"Blautia hydrogenotrophica",1716,0.000115451788887119,1889.2,0.000127105649050239
371674,"Moryella indoligenes",1692,0.000113837078553034,1644.6,0.000110651218094155
113107,"Streptococcus australis",1664,0.000111953249829934,1726.5,0.000116157918725418
292800,"Flavonifractor plautii",1642,0.000110473098690356,1654.8,0.000111333992069537
1314,"Streptococcus pyogenes",1602,0.000107781914800213,1599.4,0.000107604696515057
592978,"Mediterraneibacter faecis",1597,0.000107445516813945,1761,0.000118477331550502
1297617,"Intestinimonas butyriciproducens",1536,0.000103341461381478,1537.5,0.000103441272281745
2093857,"Dysosmobacter welbionis",1460,9.82282119902065e-05,1466.8,9.86836935372816e-05
2763675,"Jilunia laotingensis",1451,9.76226956149244e-05,1285.6,8.64928215882745e-05
103621,"Actinomyces urogenitalis",1438,9.67480608506281e-05,1438,9.67480726297288e-05
1121098,"Phocaeicola massiliensis",1428,9.60752648780924e-05,1505.5,0.000101287802469316
1448317,"Aspergillus costaricensis",1417,9.53351893083032e-05,1263.7,8.50187738092698e-05
1561,"Clostridium baratii",1411,9.49315117247818e-05,1411,9.49315242610031e-05
1776384,"Emergencia timonensis",1392,9.3653199376964e-05,1431.6,9.6318040341499e-05
1936995,"Parabacteroides bouchesdurhonensis",1383,9.30476830016819e-05,1322.7,8.8992143193886e-05
3133166,"Laedolimicola intestinihominis",1382,9.29804034044284e-05,1457.4,9.80541859800059e-05
214856,"Alistipes finegoldii",1334,8.97509827362572e-05,1195.1,8.04041507474334e-05
1628085,"Agathobaculum butyriciproducens",1165,7.83807308004045e-05,1169.2,7.86657213964586e-05
1650663,"Allofournierella massiliensis",1132,7.61605040910368e-05,1129.4,7.59855813757e-05
2763672,"Simiaoa sunii",1102,7.41421161734299e-05,1492,0.00010038151524001
2764323,"Catenibacterium faecis",1073,7.21910078530764e-05,1042.2,7.01155164152908e-05
2653932,"Citrobacter telavivensis",1061,7.13836526860336e-05,1027.6,6.91391035821917e-05
3032872,"Petralouisia muris",1054,7.09126955052587e-05,1064.2,7.15968729880277e-05
2763042,"Dysosmobacter segnis",1045,7.03071791299766e-05,1010.2,6.79625408371953e-05
44742,"Desulfovibrio fairfieldensis",1024,6.88943075876517e-05,1024,6.88947551410496e-05
301302,"Roseburia faecis",1005,6.76159952398339e-05,1210,8.14093294180444e-05
3133172,"Alistipes intestinihominis",993,6.68086400727911e-05,1013,6.81536432385702e-05
2726362,"Faecalicatena faecalis",968,6.5126650141452e-05,1052.9,7.0838655275269e-05
745368,"Gemmiger formicilis",966,6.49920909469449e-05,960.5,6.46219285752789e-05
2881264,"Blautia fusiformis",958,6.44538541689163e-05,970,6.52618454853021e-05
871325,"Bacteroides faecichinchillae",937,6.30409826265914e-05,902.8,6.073912844715e-05
684066,"Streptococcus lactarius",936,6.29737030293379e-05,1015.4,6.8315358305348e-05
2681861,"Sporofaciens musculi",925,6.22336274595486e-05,950.2,6.39259335095145e-05
2382163,"Streptococcus koreensis",919,6.18299498760272e-05,976.8,6.57203924691362e-05
2981789,"Dorea amylophila",917,6.16953906815201e-05,1032.2,6.94442072393274e-05
208962,"Escherichia albertii",911,6.12917130979987e-05,861.7,5.79778600476455e-05
555970,"Bifidobacterium animalis",909,6.11571539034916e-05,914.4,6.15205706014571e-05
763406,"Pichia membranifaciens",906,6.09553151117309e-05,905.9,6.09508104458353e-05
2838470,"Candidatus Bacteroides intestinigallinarum",903,6.07534763199702e-05,927.3,6.23883263048814e-05
478749,"Marvinbryantia formatexigens",903,6.07534763199702e-05,1081.2,7.27455553528136e-05
666,"Vibrio cholerae",862,5.7995012832574e-05,860.1,5.78684948997026e-05
2447885,"Bacteroides faecalis",857,5.76586148463062e-05,900.1,6.0558287039918e-05
564,"Escherichia fergusonii",835,5.61784637067277e-05,818.9,5.50941477937111e-05
371601,"Bacteroides xylanisolvens",831,5.59093453177134e-05,791.4,5.32476265268964e-05
2497875,"Enterobacter chuandaensis",829,5.57747861232063e-05,928,6.2433874089431e-05
1745713,"Bariatricus massiliensis",827,5.56402269286992e-05,782.5,5.26446273403163e-05
445970,"Alistipes putredinis",805,5.41600757891207e-05,838.9,5.64412135745983e-05
2981771,"Laedolimicola ammoniilytica",804,5.40927961918671e-05,819.2,5.51148963661444e-05
471870,"Bacteroides intestinalis",786,5.2881763441303e-05,719.9,4.8432376902569e-05
1750560,"Parabacteroides massiliensis",784,5.27472042467958e-05,865.8,5.82477989209039e-05
763034,"Bacteroides fluxus",755,5.07960959264424e-05,807,5.42948288205989e-05
65700,"Erwinia tracheiphila",754,5.07288163291888e-05,782.4,5.26401157433839e-05
328812,"Parabacteroides goldsteinii",732,4.92486651896104e-05,740.1,4.97945459905075e-05
1796636,"Frisingicoccus caecimuris",728,4.89795468005961e-05,728.3,4.89980475660348e-05
1653435,"Merdimonas faecis",726,4.8844987606089e-05,697.6,4.69329099532504e-05
85831,"Bacteroides acidifaciens",713,4.79703528417926e-05,706.7,4.75474622019805e-05
291645,"Bacteroides nordii",712,4.79030732445391e-05,700.4,4.71253368861882e-05
3014267,"Agathobaculum massiliense",709,4.77012344527784e-05,709.9,4.77599385008032e-05
510516,"Aspergillus oryzae",701,4.71629976747498e-05,688.5,4.63193709993749e-05
2763030,"Blautia segnis",690,4.64229221049606e-05,891.7,5.99905310390587e-05
213810,"Ruminococcus champanellensis",685,4.60865241186928e-05,684.8,4.60723290616514e-05
997873,"Bacteroides caccae",675,4.54137281461571e-05,775.5,5.21730766703594e-05
1360,"Lactococcus lactis",665,4.47409321736215e-05,665.1,4.47460789333741e-05
621,"Shigella boydii",659,4.43372545901001e-05,710.8,4.7821688654285e-05
180164,"Blautia schinkii",644,4.33280606312966e-05,556.3,3.74280782849899e-05
2763659,"Fumia xinanensis",639,4.29916626450287e-05,527.7,3.55028044734829e-05
1448310,"Aspergillus neoniger",638,4.29243830477752e-05,790.7,5.31971838878684e-05
2605778,"Clostridium porci",631,4.24534258670002e-05,700.8,4.71507498083556e-05
2885348,"Hominifimenecus microfluidus",610,4.10405543246753e-05,781.3,5.25680571752027e-05
188913,"Cetobacterium somerae",602,4.05023175466468e-05,595.7,4.00796194274421e-05
1177179,"Alcanivorax hongdengensis",597,4.0165919560379e-05,400.9,2.69726534218672e-05
2592333,"Sellimonas caecigallum",594,3.99640807686183e-05,576.3,3.87742131715235e-05
2763064,"Roseburia zhanii",583,3.9224005198829e-05,812.3,5.46489248693972e-05
435590,"Phocaeicola vulgatus",581,3.90894460043219e-05,566.8,3.81308325494765e-05
411459,"Blautia obeum",580,3.90221664070683e-05,704.2,4.73790553430741e-05
2981788,"Dorea ammoniilytica",565,3.80129724482649e-05,506.8,3.40980310215096e-05
88431,"Dorea longicatena",554,3.72728968784756e-05,551.3,3.70910684860171e-05
1912897,"Blautia argi",551,3.70710580867149e-05,591.8,3.98193955732128e-05
2834112,"Bacteroides propionicigenes",550,3.70037784894614e-05,642.3,4.32148941115325e-05
537006,"Parabacteroides johnsonii",547,3.68019396977007e-05,540,3.63326837846853e-05
1796615,"Blautia caecimuris",546,3.67346601004471e-05,549.5,3.69712598865395e-05
2894201,"Citrobacter meridianamericanus",543,3.65328213086864e-05,527.5,3.54887732349153e-05
671267,"Phocaeicola sartorii",537,3.6129143725165e-05,542.5,3.65015892398598e-05
2981772,"Muricoprocola aceti",530,3.565818654439e-05,529.8,3.56450311851301e-05
3133180,"Enterobacter intestinihominis",526,3.53890681553758e-05,496.8,3.34268919367698e-05
1703332,"Butyribacter intestini",524,3.52545089608686e-05,745.3,5.01433250390057e-05
2994035,"Sellimonas catena",520,3.49853905718544e-05,490.8,3.30211214736179e-05
2547410,"Enterocloster alcoholdehydrogenati",515,3.46489925855865e-05,528.6,3.5562559287585e-05
203120,"Leuconostoc mesenteroides",505,3.39761966130509e-05,504,3.39121451620257e-05
310298,"Phocaeicola coprocola",502,3.37743578212902e-05,508.5,3.42146651696165e-05
2763040,"Dorea hominis",493,3.31688414460081e-05,576,3.87539090934734e-05
818,"Bacteroides thetaiotaomicron",492,3.31015618487545e-05,507.9,3.41688333585623e-05
2949650,"Parabacteroides sp. W1-Q-101",486,3.26978842652331e-05,547.8,3.68590724917718e-05
3133154,"Coprococcus intestinihominis",485,3.26306046679796e-05,504.6,3.39500639471332e-05
1218085,"Citrobacter rodentium",479,3.22269270844582e-05,507.8,3.41676552466876e-05
3133167,"Faecousia intestinalis",478,3.21596474872046e-05,479.4,3.22557688604004e-05
78346,"Bifidobacterium ruminantium",474,3.18905290981903e-05,493.3,3.31875562966336e-05
3078042,"Pilosibacter fragilis",474,3.18905290981903e-05,506.9,3.41019615397158e-05
871327,"Parabacteroides chinchillae",465,3.12850127229082e-05,468.7,3.15325662076456e-05
271881,"Lactiplantibacillus argentoratensis",459,3.08813351393868e-05,472.4,3.17847585056878e-05
187327,"Acidaminococcus intestini",457,3.07467759448797e-05,458.4,3.08428387970546e-05
2949662,"Coprococcus sp. B2-R-112",456,3.06794963476261e-05,467.3,3.14404546248881e-05
150056,"Mammaliicoccus fleurettii",452,3.04103779586119e-05,405.7,2.72928297976154e-05
2086583,"Pseudoruminococcus massiliensis",449,3.02085391668512e-05,470.3,3.16401359934553e-05
197614,"Streptococcus pasteurianus",442,2.97375819860762e-05,446.4,3.00364891273114e-05
2494234,"Sutterella megalosphaeroides",420,2.82574308464978e-05,419.3,2.82078824729317e-05
3064195,"Brotocaccenecus cirricatena",416,2.79883124574835e-05,419.6,2.82289344734396e-05
218493,"Salmonella bongori",407,2.73827960822014e-05,421.9,2.83875513152103e-05
1352,"Enterococcus faecium",407,2.73827960822014e-05,404.4,2.72058521696989e-05
342942,"Mediterraneibacter glycyrrhizinilyticus",404,2.71809572904407e-05,475.9,3.20202895378271e-05
1903262,"Bacteroides ndongoniae",399,2.68445593041729e-05,365,2.45586717595177e-05
3093658,"Neglectibacter caecimuris",387,2.60372041371301e-05,384.8,2.58894674746374e-05
1440762,"Dyella japonica",386,2.59699245398765e-05,386,2.59699280343694e-05
1871016,"Collinsella phocaeensis",381,2.56335265536087e-05,408.5,2.74848552366834e-05
223926,"Vibrio parahaemolyticus",377,2.53644081645944e-05,375,2.52297732441315e-05
550,"Enterobacter cloacae",375,2.52298489700873e-05,346.7,2.33284177548089e-05
2498453,"Geminicoccus harenae",372,2.50280101783266e-05,493.6,3.32075808076949e-05
208964,"Pseudomonas aeruginosa",370,2.48934509838195e-05,370,2.48915245995396e-05
764299,"Streptococcus ictaluri",366,2.46243325948052e-05,366.4,2.46512203668611e-05
1639133,"Citrobacter portucalensis",363,2.44224938030445e-05,424.9,2.8589003573159e-05
1506151,"Aspergillus pseudonomiae",361,2.42879346085374e-05,345.7,2.32558320522812e-05
2981783,"Blautia acetigignens",353,2.37496978305088e-05,430.1,2.89394105768861e-05
60172,"Penicillium solitum",350,2.35478590387481e-05,319.6,2.15054138952514e-05
1121114,"Blautia producta",346,2.32787406497339e-05,368.3,2.4779754525655e-05
3095028,"Scandinavium lactucae",342,2.30096222607196e-05,341.2,2.29567735654393e-05
225992,"Comamonas kerstersii",339,2.28077834689589e-05,291.4,1.96043097801872e-05
2739389,"Phocaeicola faecicola",339,2.28077834689589e-05,354.8,2.38716682805207e-05
2715212,"Bacteroides faecium",333,2.24041058854375e-05,334.6,2.25121162581005e-05
1448311,"Aspergillus vadensis",329,2.21349874964232e-05,327.1,2.20100343049679e-05
NA,"unknown genome; accession ID isNZ_LT671675.1",329,2.21349874964232e-05,328.3,2.20893539436595e-05
565042,"Bifidobacterium longum",328,2.20677078991697e-05,329.2,2.21491425821218e-05
1499973,"Escherichia marmotae",324,2.17985895101554e-05,393.2,2.64539736497664e-05
67780,"Edwardsiella ictaluri",321,2.15967507183947e-05,263.3,1.77159826068779e-05
2219695,"Luxibacter massiliensis",320,2.15294711211412e-05,368,2.47577845600052e-05
2779351,"Claveliimonas monacensis",307,2.06548363568448e-05,237.9,1.60058963345081e-05
547043,"Bifidobacterium pseudocatenulatum",304,2.04529975650841e-05,305.4,2.05467712588982e-05
3030999,"Enterobacter rongchengensis",299,2.01165995788163e-05,307.4,2.06797657885492e-05
2748301,"Streptococcus vaginalis",298,2.00493199815627e-05,285.6,1.9215836474509e-05
537007,"Blautia hansenii",297,1.99820403843091e-05,322.5,2.16956605857416e-05
2015901,"Massilicoli timonensis",295,1.9847481189802e-05,323.6,2.17694706463909e-05
1796622,"Extibacter muris",293,1.97129219952949e-05,299.8,2.01722159845548e-05
5851,"Plasmodium knowlesi",290,1.95110832035342e-05,272.2,1.83167773904706e-05
1502,"Clostridium perfringens",290,1.95110832035342e-05,290,1.9510724793053e-05
2070686,"Enteroscipio rubneri",290,1.95110832035342e-05,275.9,1.85591365841303e-05
39481,"Clostridium combesii",289,1.94438036062806e-05,279,1.87733121406334e-05
1156431,"Streptococcus ilei",288,1.9376524009027e-05,362.5,2.43880617769098e-05
1495444,"Rhodotorula pacifica",288,1.9376524009027e-05,287.6,1.93518875555404e-05
2230878,"Candidatus Enterococcus mangumiae",285,1.91746852172663e-05,284.4,1.91366912044683e-05
2303987,"Motilimonas pumila",281,1.89055668282521e-05,378.2,2.54460027952144e-05
2763664,"Jutongia hominis",281,1.89055668282521e-05,275.9,1.85617614065926e-05
500635,"Mitsuokella multacida",278,1.87037280364914e-05,278,1.87035628651831e-05
53442,"Eubacterium callanderi",276,1.85691688419842e-05,323.7,2.17763700553101e-05
1940789,"Lactococcus petauri",271,1.82327708557164e-05,276,1.8569916792358e-05
1309,"Streptococcus mutans",268,1.80309320639557e-05,268.2,1.80467089498654e-05
449673,"Bacteroides stercoris",264,1.77618136749415e-05,288.1,1.93861584688274e-05
282402,"Prevotella multiformis",262,1.76272544804343e-05,262.4,1.76557567000461e-05
1852387,"Streptococcus timonensis",260,1.74926952859272e-05,265.3,1.78525623728027e-05
3133161,"Ruminococcoides intestinihominis",257,1.72908564941665e-05,294,1.97822859517084e-05
1033731,"Alistipes timonensis",257,1.72908564941665e-05,257.3,1.73142481346032e-05
29466,"Veillonella parvula",256,1.72235768969129e-05,255.6,1.71983715496709e-05
3367746,"Aeromonas sp. A-5",254,1.70890177024058e-05,264.2,1.77779777868033e-05
2981774,"Suilimivivens aceti",253,1.70217381051522e-05,307.8,2.07053551126303e-05
2650158,"Bacteroides luhongzhouii",252,1.69544585078987e-05,219.4,1.476057883839e-05
2834113,"Alistipes montrealensis",251,1.68871789106451e-05,226.9,1.52658284732893e-05
1912855,"Faecalimonas umbilicata",251,1.68871789106451e-05,270.9,1.82267731876232e-05
580166,"Oceanibaculum pacificum",250,1.68198993133915e-05,296.3,1.99374538296575e-05
39496,"Eubacterium ventriosum",248,1.66853401188844e-05,243,1.63504115309297e-05
3117552,"Bacteroides maternus",248,1.66853401188844e-05,251.5,1.69234550743083e-05
2981794,"Roseburia amylophila",246,1.65507809243773e-05,260.6,1.75348157420434e-05
1125630,"Klebsiella pneumoniae",240,1.61471033408559e-05,236.1,1.58861142431407e-05
2652274,"Eisenbergiella porci",240,1.61471033408559e-05,268.9,1.80889404133351e-05
2763050,"Hungatella hominis",240,1.61471033408559e-05,256.5,1.72589422520325e-05
1069201,"Aspergillus luchuensis",239,1.60798237436023e-05,246.7,1.65975927637266e-05
2763658,"Ligaoa zhengdingensis",233,1.56761461600809e-05,289.1,1.94494089935276e-05
3028070,"Claveliimonas bilis",229,1.54070277710666e-05,346.9,2.33376525825738e-05
880074,"Barnesiella viscericola",228,1.53397481738131e-05,239.5,1.61135970759733e-05
1907654,"Collinsella bouchesdurhonensis",226,1.52051889793059e-05,233.2,1.56878711514752e-05
2153354,"Klebsiella huaxiensis",223,1.50033501875452e-05,283.4,1.90674746018934e-05
1134687,"Klebsiella michiganensis",221,1.48687909930381e-05,221.9,1.49279305452329e-05
2509240,"Blautia faecicola",215,1.44651134095167e-05,210.3,1.41457118810963e-05
29391,"Gemella morbillorum",214,1.43978338122631e-05,214,1.43978357496245e-05
391612,"Crocosphaera chwakensis",212,1.4263274617756e-05,214.1,1.44047516711598e-05
2939491,"Parabacteroides leei",210,1.41287154232489e-05,218.2,1.46823310673641e-05
2838426,"Candidatus Agathobaculum pullicola",210,1.41287154232489e-05,222.2,1.49505386255955e-05
1121096,"Bacteroides gallinarum",208,1.39941562287417e-05,213.1,1.43402535971437e-05
2981768,"Anthropogastromicrobium aceti",204,1.37250378397275e-05,262.4,1.76526697579399e-05
2071710,"Enterobacter sichuanensis",201,1.35231990479668e-05,190,1.27834744528879e-05
622312,"Roseburia inulinivorans",201,1.35231990479668e-05,211,1.4194057036867e-05
568814,"Streptococcus suis",198,1.33213602562061e-05,179.7,1.20887731086282e-05
3237104,"Erwinia plantamica",198,1.33213602562061e-05,222.8,1.49885146930487e-05
2086575,"Parabacteroides pacaensis",198,1.33213602562061e-05,202.5,1.36228480163838e-05
1236512,"Bacteroides rodentium",195,1.31195214644454e-05,187.1,1.25877153989892e-05
1670446,"Lactiplantibacillus herbarum",194,1.30522418671918e-05,185,1.24492057729925e-05
2954240,"Streptococcus bouchesdurhonensis",193,1.29849622699383e-05,201.7,1.35670805097424e-05
46503,"Parabacteroides merdae",190,1.27831234781776e-05,186.9,1.25763068789136e-05
2981725,"Brotonthovivens ammoniilytica",187,1.25812846864169e-05,206,1.38626161923364e-05
1218112,"Kluyvera cryocrescens",184,1.23794458946562e-05,263,1.76922078734957e-05
102684,"Streptococcus infantarius",183,1.23121662974026e-05,180.6,1.21519629539744e-05
2107999,"Lactobacillus paragasseri",181,1.21776071028955e-05,181,1.21760208826286e-05
2763021,"Bacteroides difficilis",181,1.21776071028955e-05,185.3,1.24657923220269e-05
60520,"Lactiplantibacillus paraplantarum",180,1.21103275056419e-05,166.1,1.11774349416523e-05
67824,"Citrobacter farmeri",179,1.20430479083883e-05,173.9,1.16975902535455e-05
649756,"Anaerostipes hadrus",178,1.19757683111348e-05,160.2,1.07786793303835e-05
5076,"Penicillium chrysogenum",177,1.19084887138812e-05,178.6,1.20179241298532e-05
158836,"Enterobacter hormaechei",175,1.17739295193741e-05,179.5,1.20771494865612e-05
2972474,"Gabonibacter chumensis",168,1.13029723385991e-05,168.2,1.13135324721136e-05
1512,"[Clostridium] symbiosum",167,1.12356927413455e-05,166.5,1.11987893596068e-05
2041044,"Eubacterium maltosivorans",166,1.1168413144092e-05,197,1.32512873932364e-05
3133177,"Bifidobacterium hominis",164,1.10338539495848e-05,164.8,1.1086837728051e-05
3140788,"Streptococcus nidrosiense",163,1.09665743523313e-05,163.4,1.09923394055708e-05
2763061,"Roseburia lenta",162,1.08992947550777e-05,182.2,1.22600847284378e-05
471875,"[Ruminococcus] lactaris",162,1.08992947550777e-05,176,1.18444780371295e-05
2044573,"Anaerolactibacter massiliensis",160,1.07647355605706e-05,160.5,1.07997744885034e-05
2941515,"Otoolea muris",160,1.07647355605706e-05,160.1,1.07684169653479e-05
1589,"Lactiplantibacillus pentosus",157,1.05628967688099e-05,144.7,9.73323859755192e-06
1410646,"Bifidobacterium merycicum",156,1.04956171715563e-05,156.3,1.05153413444415e-05
3037989,"Bacteroides vicugnae",150,1.00919395880349e-05,182.9,1.23029565823839e-05
2606633,"Oliverpabstia intestinalis",148,9.95738039352778e-06,152.1,1.02305115769131e-05
2877527,"Blautia parvula",148,9.95738039352778e-06,136.7,9.19461382312217e-06
3133152,"Blautia intestinihominis",147,9.89010079627422e-06,149.9,1.00851025098378e-05
1206725,"Nocardia brevicatena",145,9.75554160176709e-06,138.7,9.3340010767199e-06
60171,"Penicillium verrucosum",145,9.75554160176709e-06,141.3,9.50496123148231e-06
880526,"Rikenella microfusus",144,9.68826200451352e-06,210.7,1.417376129319e-05
1363,"Lactococcus garvieae",143,9.62098240725995e-06,137.7,9.26745731691468e-06
411467,"Pseudoflavonifractor capillosus",142,9.55370281000639e-06,133.5,8.97888994947147e-06
1531,"Enterocloster clostridioformis",142,9.55370281000639e-06,166.2,1.11844963744865e-05
3079010,"Diplocloster hominis",142,9.55370281000639e-06,204.4,1.3752032410788e-05
871324,"Bacteroides stercorirosoris",142,9.55370281000639e-06,154.3,1.03835635778546e-05
69224,"Erwinia psidii",141,9.48642321275282e-06,135.2,9.09847812302263e-06
2763027,"Blautia difficilis",138,9.28458442099212e-06,165.4,1.11283183024832e-05
2026240,"Klebsiella quasivariicola",138,9.28458442099212e-06,121.2,8.15557668816267e-06
109264,"Aspergillus bombycis",137,9.21730482373856e-06,150.5,1.01259529156401e-05
1841868,"Provencibacterium massiliense",137,9.21730482373856e-06,150.8,1.01465546203623e-05
1796616,"Blautia pseudococcoides",136,9.15002522648499e-06,136.9,9.21138149312244e-06
697329,"Ruminococcus albus",135,9.08274562923142e-06,135,9.08361695468257e-06
1305,"Streptococcus sanguinis",135,9.08274562923142e-06,136.1,9.15871804266809e-06
556267,"Helicobacter winghamensis",133,8.94818643472429e-06,133,8.9481876387853e-06
2588991,"Streptococcus symci",132,8.88090683747073e-06,124.7,8.38870319093482e-06
1871006,"Bacteroides congonensis",132,8.88090683747073e-06,158.6,1.06722305652428e-05
1448314,"Aspergillus eucalypticola",129,8.67906804571003e-06,149.6,1.00678241465089e-05
45133,"Lasiodiplodia theobromae",129,8.67906804571003e-06,140.8,9.47114962901187e-06
3133171,"Pseudoflavonifractor intestinihominis",129,8.67906804571003e-06,165,1.11023244255622e-05
100884,"Coprobacillus cateniformis",127,8.5445088512029e-06,145.2,9.77071695991339e-06
647221,"Plasmodium gaboni",127,8.5445088512029e-06,115.1,7.74495685831656e-06
3032125,"Neopoerus faecalis",127,8.5445088512029e-06,132.6,8.92409495779324e-06
73098,"Kluyvera georgiana",125,8.40994965669576e-06,125.1,8.41645751976071e-06
2763057,"Parabacteroides hominis",124,8.3426700594422e-06,140.4,9.44799434635262e-06
1944635,"Sutterella seckii",122,8.20811086493506e-06,120.5,8.10920284807499e-06
2763673,"Yanshouia hominis",122,8.20811086493506e-06,171.2,1.15203504468556e-05
2316720,"Corallococcus interemptor",121,8.1408312676815e-06,126.7,8.52735650079492e-06
570012,"Shimwellia pseudoproteus",121,8.1408312676815e-06,159.5,1.07309937950986e-05
1076124,"Phytohabitans flavus",121,8.1408312676815e-06,117.3,7.89259268454061e-06
1334,"Streptococcus dysgalactiae",120,8.07355167042793e-06,101.6,6.83267504162284e-06
889204,"Streptococcus infantis",119,8.00627207317437e-06,128.6,8.64893246159051e-06
2107694,"Aphanothece hegewaldii",118,7.9389924759208e-06,106.8,7.18321577773591e-06
2714355,"Vescimonas coprocola",118,7.9389924759208e-06,118.6,7.98188019853952e-06
35703,"Citrobacter amalonaticus",118,7.9389924759208e-06,119.7,8.05205793049901e-06
483215,"Bacteroides finegoldii",117,7.87171287866723e-06,146.4,9.84833460798372e-06
29845,"Penicillium vulpinum",115,7.7371536841601e-06,130.3,8.76880695730737e-06
365590,"Shewanella hafniensis",114,7.66987408690654e-06,114,7.67117792811216e-06
5059,"Aspergillus flavus",113,7.60259448965297e-06,114.9,7.73156403953752e-06
2881276,"Fusicatenibacter faecihominis",112,7.5353148923994e-06,127.1,8.55207816034166e-06
2941333,"Mediterraneibacter agrestimuris",112,7.5353148923994e-06,109.2,7.3456286297841e-06
460384,"Enterocloster lavalensis",111,7.46803529514584e-06,119.6,8.04714818490895e-06
2885351,"Hominisplanchenecus faecis",108,7.26619650338514e-06,112.2,7.55130418047747e-06
133448,"Citrobacter youngae",108,7.26619650338514e-06,110.2,7.41307990359277e-06
1133319,"Bacteroides reticulotermitis",106,7.13163730887801e-06,125.3,8.42902274163048e-06
2981720,"Bovifimicola ammoniilytica",106,7.13163730887801e-06,118.3,7.9603801766586e-06
537973,"Lacticaseibacillus paracasei",105,7.06435771162444e-06,100.2,6.74061696172359e-06
67337,"Streptomyces noboritoensis",105,7.06435771162444e-06,103.3,6.95204017179246e-06
1689270,"Intestinimonas timonensis",105,7.06435771162444e-06,111,7.46975364866307e-06
565655,"Enterococcus casseliflavus",102,6.86251891986374e-06,102,6.86200418214238e-06
2316025,"Mediterraneibacter butyricigenes",102,6.86251891986374e-06,125.5,8.44610723897745e-06
2899544,"Intestinirhabdus alba",102,6.86251891986374e-06,103.4,6.95570362946201e-06
192222,"Campylobacter jejuni",101,6.79523932261018e-06,100.9,6.79131574667178e-06
3041623,"Streptococcus taonis",101,6.79523932261018e-06,96.8,6.51205447211477e-06
NA,"unknown genome; accession ID isNZ_DAWEHO010000023.1",100,6.72795972535661e-06,100,6.72805686534472e-06
150055,"Streptococcus lutetiensis",100,6.72795972535661e-06,102.5,6.89480062914176e-06
2292441,"Paratractidigestivibacter faecalis",99,6.66068012810304e-06,74.3,4.99998160279086e-06
679200,"Johnsonella ignava",98,6.59340053084948e-06,101.4,6.82255656479551e-06
2650157,"Bacteroides zhangwenhongii",98,6.59340053084948e-06,102.3,6.88603518879708e-06
361101,"Streptococcus pseudoporcinus",98,6.59340053084948e-06,90.3,6.07865385265859e-06
2058152,"Klebsiella grimontii",95,6.39156173908878e-06,98.8,6.64505228238204e-06
2815733,"Tenebrionicola larvae",94,6.32428214183521e-06,100.9,6.7889362529427e-06
2981787,"Dorea acetigenes",94,6.32428214183521e-06,110.2,7.41583775512138e-06
2594882,"Mediterraneibacter catenae",93,6.25700254458165e-06,97.1,6.53315062185915e-06
357276,"Phocaeicola dorei",93,6.25700254458165e-06,101.8,6.84896361650669e-06
3095082,"Streptococcus fermentans",93,6.25700254458165e-06,100.8,6.78138310814533e-06
33039,"[Ruminococcus] torques",93,6.25700254458165e-06,116.5,7.83589108675069e-06
40041,"Streptococcus equi",89,5.98788415556738e-06,89.1,5.99128059695753e-06
1681,"Bifidobacterium bifidum",89,5.98788415556738e-06,87.4,5.88077636300459e-06
2944915,"Coprobacter tertius",89,5.98788415556738e-06,89.7,6.03493346334247e-06
2685834,"Parabacteroides chongii",89,5.98788415556738e-06,99.4,6.68980823157362e-06
1433513,"Streptococcus gwangjuensis",88,5.92060455831382e-06,85.4,5.74475150463051e-06
40994,"Penicillium hordei",86,5.78604536380669e-06,94.6,6.36367069170455e-06
2026339,"Oceanibium sediminis",85,5.71876576655312e-06,75,5.04683299717867e-06
2585119,"Alistipes dispar",84,5.65148616929955e-06,84.3,5.66992917735235e-06
28111,"Bacteroides eggerthii",84,5.65148616929955e-06,83.7,5.63141596646922e-06
518634,"Bifidobacterium breve",83,5.58420657204599e-06,84.2,5.66194958292547e-06
2763662,"Yeguia hominis",83,5.58420657204599e-06,94,6.32395321518109e-06
5481,"Diutina rugosa",82,5.51692697479242e-06,82.9,5.57939938925142e-06
2763670,"Wujia chipingensis",82,5.51692697479242e-06,91.6,6.16550865779e-06
1236518,"Prevotella scopos",82,5.51692697479242e-06,75.5,5.08137287252161e-06
67826,"Citrobacter sedlakii",82,5.51692697479242e-06,81,5.44698627446306e-06
89014,"Blautia luti",82,5.51692697479242e-06,86.2,5.80208180832983e-06
470146,"Coprococcus comes",81,5.44964737753885e-06,81.1,5.45686824835571e-06
1448313,"Aspergillus piperis",80,5.38236778028529e-06,105.5,7.09783065093539e-06
2499078,"Vibrio ouci",80,5.38236778028529e-06,80.7,5.43215987093181e-06
558541,"Shewanella chilikensis",80,5.38236778028529e-06,72.6,4.88125668415911e-06
3133175,"Blautia caccae",79,5.31508818303172e-06,78.7,5.29508955014607e-06
888746,"Streptococcus peroris",78,5.24780858577816e-06,81.3,5.47124215875578e-06
1650661,"Clostridium phoceensis",78,5.24780858577816e-06,75.1,5.05251610009444e-06
2172043,"Bifidobacterium tibiigranuli",78,5.24780858577816e-06,71.5,4.81284754708962e-06
2899785,"Huaxiibacter chinensis",78,5.24780858577816e-06,75.8,5.0988758173686e-06
2758443,"Mixta mediterraneensis",77,5.18052898852459e-06,72.2,4.85764707400427e-06
1871018,"Angelakisella massiliensis",76,5.11324939127102e-06,89.3,6.00504397943865e-06
2615184,"Microbacterium algeriense",75,5.04596979401746e-06,75,5.04597047299923e-06
198214,"Shigella flexneri",72,4.84413100225676e-06,72,4.84413957851987e-06
1393034,"Atopobium deltae",72,4.84413100225676e-06,93,6.25559122267967e-06
2763014,"Agathobaculum hominis",72,4.84413100225676e-06,78.9,5.31014012031988e-06
2981769,"Waltera acetigignens",72,4.84413100225676e-06,72.3,4.86259558101466e-06
1673723,"Murdochiella massiliensis",72,4.84413100225676e-06,81.1,5.45769007260873e-06
1841855,"Bacteroides bouchesdurhonensis",72,4.84413100225676e-06,72.6,4.88147494311236e-06
169963,"Listeria monocytogenes",71,4.77685140500319e-06,66.4,4.46795250539825e-06
215243,"Exophiala oligosperma",71,4.77685140500319e-06,60.7,4.08173420904193e-06
2763671,"Jingyaoa shaoxingensis",71,4.77685140500319e-06,76.5,5.14490896728029e-06
39488,"Anaerobutyricum hallii",71,4.77685140500319e-06,78.4,5.272162600833e-06
147206,"Collinsella stercoris",71,4.77685140500319e-06,71,4.77466311783569e-06
2981786,"Coprococcus aceti",71,4.77685140500319e-06,72.8,4.89542539054292e-06
3133499,"Maccoyibacter intestinihominis",70,4.70957180774963e-06,75.5,5.08080821186211e-06
3095078,"Streptococcus wuxiensis",70,4.70957180774963e-06,70.6,4.74707508994111e-06
27334,"Penicillium expansum",69,4.64229221049606e-06,72.6,4.88170855919012e-06
1423732,"Lacticaseibacillus casei",69,4.64229221049606e-06,73,4.91211653663079e-06
2766578,"Komagataeibacter melomenusus",69,4.64229221049606e-06,69,4.64229283897913e-06
2763063,"Roseburia yibonii",68,4.5750126132425e-06,66,4.44000585081689e-06
1544696,"Rosenbergiella australiborealis",68,4.5750126132425e-06,76.8,5.16867078705569e-06
2993430,"Streptococcus parapneumoniae",68,4.5750126132425e-06,68.6,4.61683538343504e-06
2941327,"Flintibacter muris",68,4.5750126132425e-06,65.9,4.43105320215679e-06
348802,"Exophiala xenobiotica",67,4.50773301598893e-06,74.3,4.99882028066317e-06
1579424,"Streptococcus azizii",67,4.50773301598893e-06,93.9,6.31485221024003e-06
2743469,"Rhabdonatronobacter sediminivivens",67,4.50773301598893e-06,67.6,4.55019146126772e-06
2919919,"Atopomonas sediminilitoris",67,4.50773301598893e-06,67.9,4.56631099809345e-06
2736608,"Streptococcus thalassemiae",66,4.44045341873536e-06,66.3,4.46294842206473e-06
2839759,"Enterococcus innesii",65,4.3731738214818e-06,63,4.23586888578046e-06
2763043,"Eggerthella hominis",64,4.30589422422823e-06,63.4,4.26579757155626e-06
154046,"Hungatella hathewayi",64,4.30589422422823e-06,65.2,4.38987324664196e-06
3093657,"Acutalibacter caecimuris",64,4.30589422422823e-06,64.6,4.34654533407066e-06
3133164,"Hominiventricola aquisgranensis",64,4.30589422422823e-06,66.1,4.44914059767258e-06
1413187,"Lactiplantibacillus fabifermentans",62,4.1713350297211e-06,62.6,4.21452641822159e-06
2583452,"Amedibacterium intestinale",62,4.1713350297211e-06,60.2,4.05138282408171e-06
1254,"Pediococcus acidilactici",62,4.1713350297211e-06,62,4.1713355910127e-06
1735,"Holdemanella biformis",61,4.10405543246753e-06,62.9,4.23024939183543e-06
1509407,"Aspergillus nomiae",60,4.03677583521397e-06,82.6,5.55495360586769e-06
395087,"Paenimyroides ceti",60,4.03677583521397e-06,63.8,4.29479636863529e-06
1288121,"Alistipes senegalensis",60,4.03677583521397e-06,50,3.36678667713101e-06
2763067,"Streptococcus hominis",59,3.9694962379604e-06,59.8,4.02625558977864e-06
2763048,"Flintibacter hominis",59,3.9694962379604e-06,62.6,4.21343153116042e-06
28137,"Prevotella veroralis",59,3.9694962379604e-06,59.5,4.00370642572565e-06
255519,"Atlantibacter subterraneus",59,3.9694962379604e-06,59.2,3.98527148489699e-06
1236517,"Prevotella fusca",58,3.90221664070683e-06,58.8,3.9528772395986e-06
1871019,"Enorma phocaeensis",58,3.90221664070683e-06,48.4,3.255399577387e-06
NA,"unknown genome; accession ID isNZ_DAWEQI010000213.1",57,3.83493704345327e-06,57,3.83494350453254e-06
764842,"Derxia lacustris",56,3.7676574461997e-06,54.8,3.68767399782734e-06
59310,"Streptococcus macedonicus",56,3.7676574461997e-06,54,3.63298964917935e-06
270249,"Bartonella phoceensis",56,3.7676574461997e-06,55.8,3.75619042710843e-06
942150,"Lactiplantibacillus xiangfangensis",56,3.7676574461997e-06,58.7,3.9512543773208e-06
433664,"Nocardioides agariphilus",55,3.70037784894614e-06,55.1,3.70937774409434e-06
NA,"unknown genome; accession ID isNZ_DAWEQI010000196.1",55,3.70037784894614e-06,55,3.70046005493247e-06
2316726,"Corallococcus sicarius",54,3.63309825169257e-06,55.2,3.71595187079672e-06
195,"Campylobacter coli",54,3.63309825169257e-06,54.1,3.63702323085996e-06
694437,"Flammeovirga aprica",54,3.63309825169257e-06,50.7,3.40870218746926e-06
2763047,"Flintibacter faecis",54,3.63309825169257e-06,57,3.8350251183391e-06
2888525,"Thermomonas alba",54,3.63309825169257e-06,55.7,3.74971011859108e-06
2885352,"Hominiventricola filiformis",53,3.565818654439e-06,54.1,3.63833234922561e-06
283354,"Alternaria metachromatica",53,3.565818654439e-06,52.6,3.53840262370468e-06
2585118,"Alistipes communis",52,3.49853905718544e-06,54.3,3.65392826159906e-06
2714358,"Pusillibacter faecalis",52,3.49853905718544e-06,57.2,3.84858079615841e-06
674529,"Bacteroides faecis",52,3.49853905718544e-06,52.1,3.50347649834399e-06
4909,"Pichia kudriavzevii",51,3.43125945993187e-06,50.7,3.41070365669525e-06
1775168,"Flagellimonas marina",51,3.43125945993187e-06,51,3.43125992163948e-06
1816676,"Alistipes provencensis",50,3.36397986267831e-06,74.5,5.01351679307456e-06
2022662,"Superficieibacter electus",49,3.29670026542474e-06,52,3.49631172266537e-06
2755051,"Variimorphobacter saccharofermentans",49,3.29670026542474e-06,47.9,3.22447409650853e-06
2994648,"Enterobacter nematophilus",49,3.29670026542474e-06,48.6,3.27014923134138e-06
2979868,"Neopusillimonas aromaticivorans",49,3.29670026542474e-06,40.5,2.72670636770903e-06
413999,"Clostridium botulinum",48,3.22942066817117e-06,54.8,3.68882489817648e-06
189622,"Babesia ovata",48,3.22942066817117e-06,41.9,2.82035692676017e-06
1472417,"Butyricimonas paravirosa",48,3.22942066817117e-06,47.8,3.21415495438715e-06
40519,"Ruminococcus callidus",48,3.22942066817117e-06,49,3.2961502615931e-06
3342829,"Providencia zhejiangensis",48,3.22942066817117e-06,56.4,3.79379587356423e-06
209559,"Aspergillus alliaceus",47,3.16214107091761e-06,48.9,3.2923783964911e-06
2819619,"Streptococcus toyakuensis",47,3.16214107091761e-06,50.8,3.4152366842722e-06
762967,"Sutterella parvirubra",46,3.09486147366404e-06,47.4,3.19158198206124e-06
33945,"Enterococcus avium",46,3.09486147366404e-06,52.3,3.52149773784096e-06
1229621,"Anaerostipes rhamnosivorans",46,3.09486147366404e-06,46.7,3.14428410818011e-06
645466,"Anaerostipes butyraticus",46,3.09486147366404e-06,50.7,3.40776311846507e-06
1964383,"Varibaculum timonense",46,3.09486147366404e-06,46.4,3.12086765875602e-06
889201,"Streptococcus cristatus",46,3.09486147366404e-06,49.3,3.3142690842856e-06
1384589,"Entomohabitans teleogrylli",45,3.02758187641047e-06,59,3.96837086770638e-06
2494701,"Enterobacter chengduensis",45,3.02758187641047e-06,48.8,3.28446477187087e-06
253257,"Lacrimispora amygdalina",45,3.02758187641047e-06,44.9,3.02247267069278e-06
2896850,"Phocaeicola oris",45,3.02758187641047e-06,51.1,3.43857752246063e-06
2981791,"Megasphaera butyrica",45,3.02758187641047e-06,47.9,3.21961207054945e-06
596329,"Peptostreptococcus anaerobius",44,2.96030227915691e-06,46,3.0963463900686e-06
290052,"Acetivibrio ethanolgignens",44,2.96030227915691e-06,44.8,3.01486655164031e-06
2025493,"Blautia hominis",44,2.96030227915691e-06,43.9,2.95650721173055e-06
2529382,"Enterobacter quasihormaechei",44,2.96030227915691e-06,43,2.89006251647223e-06
2607614,"Tissierella pigra",44,2.96030227915691e-06,36.5,2.45534951626339e-06
2981773,"Muriventricola aceti",44,2.96030227915691e-06,49.8,3.35185424077922e-06
1121129,"Butyricimonas synergistica",43,2.89302268190334e-06,42.8,2.8806331441275e-06
1720300,"Mediterraneibacter massiliensis",43,2.89302268190334e-06,45.6,3.07093334787656e-06
2763054,"Mediterraneibacter hominis",43,2.89302268190334e-06,44.5,2.99345355359138e-06
2763667,"Wansuia hejianensis",43,2.89302268190334e-06,29.7,1.99717062154231e-06
1691903,"Mangrovibacter phragmitis",43,2.89302268190334e-06,42.5,2.85781373045188e-06
3097367,"Actinomadura monticuli",43,2.89302268190334e-06,43,2.89302307118623e-06
76859,"Fusobacterium animalis",42,2.82574308464978e-06,39.1,2.62816834411251e-06
1064535,"Megasphaera elsdenii",42,2.82574308464978e-06,42,2.82574346487957e-06
2604158,"Nitratidesulfovibrio liaohensis",42,2.82574308464978e-06,42,2.82574346487957e-06
69359,"Thiohalocapsa halophila",42,2.82574308464978e-06,43.4,2.92017666669909e-06
126998,"Penicillium bovifimosum",42,2.82574308464978e-06,42.4,2.85117547627846e-06
29389,"Streptococcus alactolyticus",42,2.82574308464978e-06,40.4,2.71959131698126e-06
1944636,"Parabacteroides provencensis",42,2.82574308464978e-06,43.7,2.93694654527333e-06
2590867,"Enorma burkinafasonensis",42,2.82574308464978e-06,50.2,3.37843648711492e-06
212818,"Exophiala mesophila",41,2.75846348739621e-06,44,2.95795859156645e-06
1550024,"Ruthenibacterium lactatiformans",41,2.75846348739621e-06,42.9,2.88889851923351e-06
87541,"Aerococcus christensenii",41,2.75846348739621e-06,41.4,2.78620929372223e-06
1615494,"Mixta intestinalis",41,2.75846348739621e-06,44.1,2.9672657224552e-06
3068307,"Lacticaseibacillus zeae",41,2.75846348739621e-06,41.2,2.77128500292501e-06
2559925,"Enterococcus dongliensis",41,2.75846348739621e-06,48.2,3.24196420798621e-06
3350403,"Clostridium sp. FAM 1755",41,2.75846348739621e-06,41,2.76171491379512e-06
1503,"Gottschalkia purinilytica",40,2.69118389014264e-06,34.2,2.30068808548632e-06
1812935,"Enterobacter roggenkampii",40,2.69118389014264e-06,40.3,2.71241850036935e-06
437897,"Megamonas funiformis",40,2.69118389014264e-06,33.9,2.28108249061881e-06
2850323,"Diplocloster agilis",40,2.69118389014264e-06,40.3,2.71249526967825e-06
559292,"Saccharomyces cerevisiae",39,2.62390429288908e-06,37,2.49025396542937e-06
2981724,"Alitiscatomonas aceti",39,2.62390429288908e-06,39.9,2.68628718892239e-06
693979,"Bacteroides helcogenes",38,2.55662469563551e-06,38,2.55863311986663e-06
518635,"Bifidobacterium angulatum",38,2.55662469563551e-06,39.1,2.62875483578709e-06
2172545,"Streptococcus halitosis",38,2.55662469563551e-06,37,2.49228794888328e-06
2014742,"Vibrio tarriae",38,2.55662469563551e-06,39.1,2.62975409843146e-06
39483,"Faecalitalea cylindroides",38,2.55662469563551e-06,38.3,2.57766550902142e-06
1792511,"Penicillium robsamsonii",38,2.55662469563551e-06,43.8,2.94766013641924e-06
610130,"Lacrimispora saccharolytica",37,2.48934509838195e-06,37.7,2.53782672687748e-06
1509,"Clostridium sporogenes",37,2.48934509838195e-06,40.3,2.70946994726879e-06
2763062,"Roseburia rectibacter",37,2.48934509838195e-06,38,2.55866060798147e-06
3133163,"Ruthenibacterium intestinale",36,2.42206550112838e-06,35.5,2.38514416310991e-06
1310,"Streptococcus sobrinus",35,2.35478590387481e-06,34.8,2.3417092592818e-06
2981784,"[Clostridium] ammoniilyticum",35,2.35478590387481e-06,35.4,2.38229314868599e-06
3133158,"Lachnospira intestinalis",35,2.35478590387481e-06,35.7,2.40100431279889e-06
1852384,"Massiliimalia massiliensis",35,2.35478590387481e-06,35,2.35528016277661e-06
2941233,"Acetatifactor aquisgranensis",35,2.35478590387481e-06,35.4,2.37887174792028e-06
1423815,"Companilactobacillus versmoldensis",34,2.28750630662125e-06,32,2.15490715880752e-06
1918949,"Solemya elarraichensis gill symbiont",34,2.28750630662125e-06,35.3,2.37162882349431e-06
67828,"Citrobacter gillenii",34,2.28750630662125e-06,34.1,2.29121768401789e-06
2040291,"Dorea phocaeensis",34,2.28750630662125e-06,34,2.29041490837558e-06
2137581,"Ellagibacter isourolithinifaciens",33,2.22022670936768e-06,27.5,1.84808281811913e-06
2713419,"Collinsella acetigenes",33,2.22022670936768e-06,34,2.28793893534029e-06
574930,"Parabacteroides gordonii",33,2.22022670936768e-06,42,2.82826062133261e-06
102862,"Proteus penneri",33,2.22022670936768e-06,37,2.48601221823294e-06
3073100,"Candidatus Cetobacterium colombiensis",33,2.22022670936768e-06,39.1,2.62807835533253e-06
1871030,"Merdibacter massiliensis",33,2.22022670936768e-06,34.7,2.33134077515178e-06
2686067,"Fusobacterium watanabei",33,2.22022670936768e-06,35.9,2.41268482852009e-06
676599,"Stenotrophomonas panacihumi",32,2.15294711211412e-06,51.2,3.44288477565527e-06
2364647,"Pantoea piersonii",32,2.15294711211412e-06,31.9,2.14710050107012e-06
NA,"unknown genome; accession ID isNZ_AP022829.1",32,2.15294711211412e-06,34.3,2.3071410249585e-06
2764712,"Lentihominibacter faecis",32,2.15294711211412e-06,32.2,2.16449811278422e-06
2949651,"Parabacteroides sp. TA-V-105",32,2.15294711211412e-06,37.4,2.51702656318571e-06
1034346,"Dielma fastidiosa",31,2.08566751486055e-06,35.2,2.37047410494546e-06
2736290,"Xylanibacter muris",31,2.08566751486055e-06,32.4,2.18113664469816e-06
2838947,"Enterobacter quasimori",31,2.08566751486055e-06,29.6,1.98928759908753e-06
1121333,"Thomasclavelia saccharogumia",30,2.01838791760698e-06,30.3,2.03707829739835e-06
1720315,"Hugonella massiliensis",30,2.01838791760698e-06,29.9,2.00841929856774e-06
372463,"Oceanobacillus profundus",30,2.01838791760698e-06,29.9,2.01487308459571e-06
650003,"Vibrio paracholerae",30,2.01838791760698e-06,30.3,2.03835387178429e-06
1544,"Faecalicatena orotica",30,2.01838791760698e-06,30,2.01617159594667e-06
428127,"Amedibacillus dolichus",29,1.95110832035342e-06,29.9,2.01458125229455e-06
94643,"Besnoitia besnoiti",29,1.95110832035342e-06,28.4,1.91120583527171e-06
1267156,"Loigolactobacillus iwatensis",29,1.95110832035342e-06,39.9,2.68772007606732e-06
2499076,"Marinifilum caeruleilacunae",29,1.95110832035342e-06,27.2,1.83040108677088e-06
76860,"Streptococcus constellatus",29,1.95110832035342e-06,34.6,2.33078101463098e-06
3034352,"Enterococcus entomosocium",29,1.95110832035342e-06,30.9,2.08174695291099e-06
3133153,"Blautia aquisgranensis",29,1.95110832035342e-06,30.2,2.03234422387164e-06
370354,"Entamoeba dispar",28,1.88382872309985e-06,29.7,1.99762380540518e-06
1121111,"Bifidobacterium thermacidophilum",28,1.88382872309985e-06,28.5,1.92082664552622e-06
1972431,"Phytobacter ursingii",28,1.88382872309985e-06,38.9,2.61537377079121e-06
2656746,"Stenotrophomonas nematodicola",28,1.88382872309985e-06,27.3,1.83481694556834e-06
2763032,"Butyricimonas hominis",28,1.88382872309985e-06,29.8,2.00641233387632e-06
2762229,"Escherichia whittamii",28,1.88382872309985e-06,28.2,1.89489861753129e-06
2077090,"Vibrio gangliei",28,1.88382872309985e-06,28.7,1.9341501189611e-06
375175,"Loigolactobacillus backii",27,1.81654912584628e-06,26.9,1.80657673313051e-06
150033,"Enterococcus ratti",27,1.81654912584628e-06,25.1,1.68806554338711e-06
1570016,"Thioflexithrix psekupsensis",27,1.81654912584628e-06,27.2,1.83272589932388e-06
1982628,"Faecalibacillus faecis",27,1.81654912584628e-06,28.9,1.94739442822429e-06
2583810,"Alteribacter natronophilus",27,1.81654912584628e-06,28.4,1.91225686206167e-06
108981,"Acinetobacter schindleri",27,1.81654912584628e-06,27.7,1.86542620492496e-06
339861,"Clostridium aciditolerans",27,1.81654912584628e-06,27.2,1.8302675743227e-06
268346,"Penicillium mononematosum",27,1.81654912584628e-06,27.1,1.82354307752985e-06
1329,"Streptococcus canis",27,1.81654912584628e-06,27.3,1.83694434503607e-06
1395125,"Segatella salivae",26,1.74926952859272e-06,30.2,2.03499922455005e-06
39482,"Faecalicatena contorta",26,1.74926952859272e-06,26.8,1.8032636686845e-06
1034345,"Senegalimassilia anaerobia",25,1.68198993133915e-06,25.3,1.70174083304397e-06
2579922,"Pseudomonas yangonensis",25,1.68198993133915e-06,24.3,1.63349100594318e-06
261299,"Intestinibacter bartlettii",25,1.68198993133915e-06,25.1,1.6891645307353e-06
1720204,"Collinsella ihumii",25,1.68198993133915e-06,25.4,1.71060537249538e-06
1852381,"Duodenibacillus massiliensis",25,1.68198993133915e-06,25,1.68394050354354e-06
2763644,"Zhenpiania hominis",24,1.61471033408559e-06,24,1.61394798468663e-06
1982626,"Faecalibacillus intestinalis",24,1.61471033408559e-06,26.6,1.79041426990928e-06
3133162,"Ruminococcoides intestinale",24,1.61471033408559e-06,24.8,1.66908714747844e-06
1002367,"Leyella stercorea",23,1.54743073683202e-06,23.4,1.57636380460651e-06
1423753,"Levilactobacillus hammesii",23,1.54743073683202e-06,22.8,1.53081163704123e-06
1702221,"Faecalibaculum rodentium",23,1.54743073683202e-06,23,1.54847130132723e-06
1177574,"Prevotella jejuni",23,1.54743073683202e-06,24,1.61154008985818e-06
1676614,"Xylanibacter rarus",22,1.48015113957845e-06,26.6,1.79299951641222e-06
1835702,"Penicillium arizonense",22,1.48015113957845e-06,22.8,1.53355657483716e-06
1333651,"Bifidobacterium moukalabense",22,1.48015113957845e-06,22,1.48021167466571e-06
2841509,"Butyricicoccus intestinisimiae",22,1.48015113957845e-06,22.6,1.51775316725914e-06
2815723,"Nocardia alni",22,1.48015113957845e-06,22,1.48015135234088e-06
45851,"Eshraghiella crossota",22,1.48015113957845e-06,22.5,1.5107554751077e-06
1882272,"Penicillium samsonianum",22,1.48015113957845e-06,22.2,1.49630139004895e-06
40837,"Mycoplana ramosa",22,1.48015113957845e-06,24.3,1.63166023067885e-06
2024197,"Bacteroides cutis",22,1.48015113957845e-06,21.5,1.44805427583598e-06
2479840,"Prevotella marseillensis",22,1.48015113957845e-06,22.5,1.51132510019462e-06
2494702,"Enterobacter huaxiensis",21,1.41287154232489e-06,23.3,1.56924944777577e-06
2559923,"Secundilactobacillus hailunensis",21,1.41287154232489e-06,23.1,1.55318624624935e-06
2986526,"Lawsonibacter celer",21,1.41287154232489e-06,24.1,1.61869311558018e-06
2853160,"Streptococcus vulneris",21,1.41287154232489e-06,21.8,1.46453465957902e-06
2786956,"Phocaeicola faecalis",21,1.41287154232489e-06,20.9,1.40401758203779e-06
3035606,"Catenibacterium mitsuokai",21,1.41287154232489e-06,25.9,1.73974912560361e-06
1670621,"Saccharothrix lopnurensis",21,1.41287154232489e-06,25.5,1.71492469941907e-06
796334,"Erwinia oleae",20,1.34559194507132e-06,19.9,1.33789447790514e-06
1640685,"Enterococcus massiliensis",20,1.34559194507132e-06,23.8,1.60069004487923e-06
3072179,"Sporanaerobium hydrogeniformans",20,1.34559194507132e-06,25.2,1.6983016769424e-06
2304063,"Sphingobium terrigena",20,1.34559194507132e-06,20.5,1.37711358100519e-06
2320100,"Parablautia intestinalis",20,1.34559194507132e-06,20,1.34398528148391e-06
270498,"Christensenella hongkongensis",20,1.34559194507132e-06,20,1.34706178078769e-06
2675325,"Bifidobacterium erythrocebi",20,1.34559194507132e-06,20,1.34755838824937e-06
387090,"Phocaeicola coprophilus",20,1.34559194507132e-06,21.2,1.42365295363676e-06
208224,"Enterobacter kobei",20,1.34559194507132e-06,20.8,1.39867448913987e-06
1812259,"Streptomyces ginkgonis",20,1.34559194507132e-06,19.8,1.33470972486275e-06
488447,"Burkholderia contaminans",20,1.34559194507132e-06,21,1.40998602466753e-06
2652292,"Hornefia porci",19,1.27831234781776e-06,24.6,1.65349838143079e-06
83891,"Trypanosoma conorhini",19,1.27831234781776e-06,19,1.27570944696103e-06
2762223,"Clostridium faecium",19,1.27831234781776e-06,22,1.47987732257891e-06
2927804,"Marinobacterium sedimentorum",19,1.27831234781776e-06,18.4,1.23548578226332e-06
1243002,"Vibrio olivae",19,1.27831234781776e-06,19.6,1.31982642067998e-06
1776379,"Leyella lascolaii",19,1.27831234781776e-06,18.4,1.23968777627685e-06
60133,"Prevotella pallens",19,1.27831234781776e-06,21.3,1.43300196624217e-06
905079,"Guillardia theta",18,1.21103275056419e-06,19.1,1.28616661483237e-06
53345,"Enterococcus durans",18,1.21103275056419e-06,15.3,1.02635664573171e-06
1220188,"Aspergillus tanneri",18,1.21103275056419e-06,17,1.14538995622521e-06
1968889,"Streptococcus downii",18,1.21103275056419e-06,21.5,1.44382298791595e-06
1457217,"Lactiplantibacillus plajomi",18,1.21103275056419e-06,20.3,1.36552489654547e-06
2763028,"Blautia intestinalis",18,1.21103275056419e-06,18.8,1.26530606437281e-06
1816689,"Sutterella massiliensis",18,1.21103275056419e-06,17.1,1.14879575292818e-06
2981723,"Aedoeadaptatus acetigenes",18,1.21103275056419e-06,20.8,1.40167399811655e-06
1310421,"Reinekea marina",18,1.21103275056419e-06,15.9,1.07250894097168e-06
578459,"Rhodotorula graminis",17,1.14375315331062e-06,16.8,1.12706389677272e-06
1392255,"Aspergillus novofumigatus",17,1.14375315331062e-06,16.6,1.11975601222058e-06
2307010,"Candidatus Galacturonatibacter soehngenii",17,1.14375315331062e-06,17.3,1.16421971200417e-06
202956,"Acinetobacter towneri",17,1.14375315331062e-06,19.2,1.29068210876061e-06
470565,"Prevotella histicola",17,1.14375315331062e-06,15.8,1.06621880121491e-06
2850322,"Diplocloster modestus",17,1.14375315331062e-06,17,1.14388000893457e-06
1353,"Enterococcus gallinarum",17,1.14375315331062e-06,21.8,1.46804718755912e-06
2944914,"Allocoprobacillus halotolerans",17,1.14375315331062e-06,17,1.1453189512897e-06
2926519,"Scandinavium hiltneri",17,1.14375315331062e-06,17.2,1.15514758165949e-06
3075529,"Streptomyces gibsoniae",17,1.14375315331062e-06,16.8,1.13058887225852e-06
1472416,"Butyricimonas faecihominis",17,1.14375315331062e-06,17.2,1.15463523861286e-06
2781224,"Neodothiora populina",17,1.14375315331062e-06,17.1,1.14786149968631e-06
1841856,"Bacteroides mediterraneensis",17,1.14375315331062e-06,14.8,9.96332060039311e-07
1926283,"Lachnoclostridium edouardi",17,1.14375315331062e-06,17,1.1435958561641e-06
1323,"Faecalicoccus pleomorphus",17,1.14375315331062e-06,19.3,1.2977756411755e-06
2993456,"Lactiplantibacillus carotarum",17,1.14375315331062e-06,17.3,1.16590889320656e-06
78343,"Bifidobacterium boum",16,1.07647355605706e-06,16.4,1.10416584434562e-06
91492,"Aspergillus udagawae",16,1.07647355605706e-06,16.2,1.08933358603163e-06
1432052,"Eisenbergiella tayi",16,1.07647355605706e-06,17,1.14653638101151e-06
767769,"Aspergillus brasiliensis",16,1.07647355605706e-06,15.7,1.0555776888692e-06
2652309,"Anaerovibrio slackiae",16,1.07647355605706e-06,16.1,1.08164897074172e-06
2763066,"Ruminococcus intestinalis",16,1.07647355605706e-06,16.2,1.09126376100652e-06
2799577,"Lacticaseibacillus suilingensis",16,1.07647355605706e-06,14.6,9.82239880644885e-07
28133,"Prevotella nigrescens",16,1.07647355605706e-06,14.1,9.46908654000739e-07
2949669,"Curtanaerobium respiraculi",16,1.07647355605706e-06,15,1.01144705524553e-06
33043,"Coprococcus eutactus",16,1.07647355605706e-06,16.3,1.09768425053343e-06
3074433,"Vallitalea maricola",16,1.07647355605706e-06,17.6,1.18408625989326e-06
1774958,"Rheinheimera marina",16,1.07647355605706e-06,17.5,1.17528434573187e-06
1121331,"Hathewaya proteolytica",16,1.07647355605706e-06,18.6,1.24837894747812e-06
1095768,"Phytobacter massiliensis",15,1.00919395880349e-06,15.1,1.01734066515243e-06
1511761,"Leuconostoc suionicum",15,1.00919395880349e-06,15.9,1.0700393162512e-06
1987383,"Candidatus Enterococcus wittei",15,1.00919395880349e-06,15.5,1.04520695395352e-06
2650924,"Aestuariivirga litoralis",15,1.00919395880349e-06,14.7,9.92221276949604e-07
2486000,"Lapidilactobacillus achengensis",15,1.00919395880349e-06,16.2,1.08808917864547e-06
2590453,"Myxococcus llanfairpwllgwyngyllgogerychwyrndrobwllllantysiliogogogochensis",15,1.00919395880349e-06,15.1,1.01257568363142e-06
2797506,"Enterobacter dykesii",15,1.00919395880349e-06,15.1,1.01702474851534e-06
2606634,"Velocimicrobium porci",15,1.00919395880349e-06,15.2,1.02502775762631e-06
1928661,"Bradyrhizobium cajani",15,1.00919395880349e-06,14.8,9.94529941106384e-07
2726742,"Flammeovirga agarivorans",15,1.00919395880349e-06,18.3,1.22858092647465e-06
36651,"Penicillium digitatum",15,1.00919395880349e-06,15,1.0072540084058e-06
59298,"Streptomyces thermocarboxydovorans",15,1.00919395880349e-06,15.1,1.01487783983835e-06
913848,"Loigolactobacillus coryniformis",14,9.41914361549925e-07,13.2,8.89598363605405e-07
2607659,"Nocardioides antri",14,9.41914361549925e-07,14.2,9.52040114443906e-07
2736289,"Xylanibacter rodentium",14,9.41914361549925e-07,13.7,9.24152042677417e-07
2763056,"Oscillibacter hominis",14,9.41914361549925e-07,14.5,9.78554105047216e-07
2763661,"Bianquea renquensis",14,9.41914361549925e-07,14.6,9.83956677789495e-07
1302,"Streptococcus gordonii",14,9.41914361549925e-07,14.4,9.68516450754327e-07
2785629,"Leclercia barmai",14,9.41914361549925e-07,13,8.76378947988584e-07
2963283,"Stenotrophomonas muris",14,9.41914361549925e-07,14.1,9.4954500061818e-07
544645,"Butyricimonas virosa",14,9.41914361549925e-07,15.2,1.02085327246214e-06
69824,"Thomasclavelia cocleata",14,9.41914361549925e-07,14.5,9.77263374444919e-07
1117379,"Neobacillus bataviensis",13,8.74634764296359e-07,13,8.72155902232628e-07
1123314,"Streptococcus plurextorum",13,8.74634764296359e-07,10.4,6.99996074730067e-07
626774,"Proteus terrae",13,8.74634764296359e-07,18.4,1.24114554047931e-06
394095,"Pyxidicoccus fallax",13,8.74634764296359e-07,14.1,9.51431878467467e-07
2489010,"Klebsiella africana",13,8.74634764296359e-07,17,1.14643750676345e-06
2883104,"Neorhizobium xiangyangii",13,8.74634764296359e-07,13.2,8.88113743721092e-07
1187928,"Alternaria incomplexa",13,8.74634764296359e-07,14.6,9.81854417399639e-07
1656093,"Maribacter confluentis",13,8.74634764296359e-07,16.6,1.11887576681289e-06
1776392,"Massilimicrobiota timonensis",13,8.74634764296359e-07,14.4,9.72028797811172e-07
1937461,"Collinsella provencensis",13,8.74634764296359e-07,10.3,6.91921095631507e-07
2100822,"Kushneria phyllosphaerae",13,8.74634764296359e-07,13.1,8.80134979701934e-07
742818,"Slackia piriformis",12,8.07355167042793e-07,12,8.07597457615645e-07
1336241,"Eubacterium xylanophilum",12,8.07355167042793e-07,12,8.07355359191828e-07
76123,"Hoylesella enoeca",12,8.07355167042793e-07,10.6,7.12789314967096e-07
2174932,"Nesterenkonia natronophila",12,8.07355167042793e-07,14.8,9.97165360513201e-07
2552766,"Meridianimarinicoccus aquatilis",12,8.07355167042793e-07,12,8.07471187335717e-07
2722702,"Salinimicrobium oceani",12,8.07355167042793e-07,15.6,1.05034517525742e-06
1522,"[Clostridium] innocuum",12,8.07355167042793e-07,13.4,9.0185625725827e-07
67296,"Streptomyces finlayi",12,8.07355167042793e-07,11.7,7.90495115652521e-07
40545,"Sutterella wadsworthensis",12,8.07355167042793e-07,13.5,9.10535221202095e-07
46124,"Granulicatella adiacens",12,8.07355167042793e-07,12,8.07499394924287e-07
2909341,"Octadecabacter dasysiphoniae",12,8.07355167042793e-07,12,8.08457464099344e-07
2920380,"Vagococcus luciliae",12,8.07355167042793e-07,12,8.07355275679877e-07
2972466,"Tractidigestivibacter montrealensis",12,8.07355167042793e-07,12,8.07561100801253e-07
293559,"Penicillium concentricum",12,8.07355167042793e-07,11.3,7.61386346788122e-07
436663,"Sphingopyxis indica",12,8.07355167042793e-07,11.2,7.55830564719427e-07
1852386,"Thermophilibacter provencensis",12,8.07355167042793e-07,14.6,9.84778267770778e-07
2364791,"Enterococcus mediterraneensis",12,8.07355167042793e-07,12.1,8.14923028866136e-07
28135,"Segatella oris",12,8.07355167042793e-07,12.3,8.30025971804268e-07
553174,"Prevotella melaninogenica",11,7.40075569789227e-07,11.9,8.01976605143154e-07
1401079,"Mogibacterium timidum",11,7.40075569789227e-07,11.2,7.53716023422468e-07
1408437,"Agathobaculum desmolans",11,7.40075569789227e-07,13,8.71525495427666e-07
2290935,"Parabacteroides acidifaciens",11,7.40075569789227e-07,11.7,7.88187335378186e-07
2056311,"Algoriphagus lacus",11,7.40075569789227e-07,12.2,8.17624718893612e-07
1796618,"Cuneatibacter caecimuris",11,7.40075569789227e-07,11.3,7.60137847365527e-07
180434,"Morganella morganii",11,7.40075569789227e-07,11,7.4007566937322e-07
67827,"Citrobacter werkmanii",11,7.40075569789227e-07,10.9,7.32469248401768e-07
2605790,"Roseburia porci",11,7.40075569789227e-07,11.3,7.58267202568747e-07
2763656,"Guopingia tenuis",11,7.40075569789227e-07,11.8,7.94314606158488e-07
2816080,"Alicyclobacillus suci",11,7.40075569789227e-07,11,7.4007566937322e-07
2919913,"Shinella sedimenti",11,7.40075569789227e-07,12.6,8.46915300944345e-07
2973939,"Streptococcus sciuri",11,7.40075569789227e-07,11,7.40130227442004e-07
1481663,"Vibrio metoecus",11,7.40075569789227e-07,11.4,7.67394165836719e-07
3068306,"Lacticaseibacillus styriensis",11,7.40075569789227e-07,10.8,7.28286138817266e-07
1513892,"Rhodopseudomonas pseudopalustris",11,7.40075569789227e-07,10.9,7.3244515704823e-07
1841865,"Mediterranea massiliensis",11,7.40075569789227e-07,12.1,8.15532756430304e-07
1871008,"Eggerthella timonensis",11,7.40075569789227e-07,12,8.05222698736895e-07
147207,"Collinsella intestinalis",11,7.40075569789227e-07,10.8,7.23355519263675e-07
2880704,"Duncaniella muricolitica",11,7.40075569789227e-07,12.2,8.21716687102068e-07
290338,"Citrobacter koseri",10,6.72795972535661e-07,9.6,6.43136537879094e-07
1235834,"Kosakonia sacchari",10,6.72795972535661e-07,10.2,6.86235013045657e-07
1136231,"Candida orthopsilosis",10,6.72795972535661e-07,10.4,6.99687637774191e-07
28037,"Streptococcus mitis",10,6.72795972535661e-07,8.8,5.94361552875036e-07
1945634,"Butyricicoccus porcorum",10,6.72795972535661e-07,9.6,6.44459636472949e-07
2530390,"Muribaculum gordoncarteri",10,6.72795972535661e-07,8.7,5.85715261698895e-07
105843,"Anaerobutyricum soehngenii",10,6.72795972535661e-07,11,7.37072470757671e-07
112416,"Letharia columbiana",10,6.72795972535661e-07,10.6,7.13884672285591e-07
2292255,"Levilactobacillus suantsaii",10,6.72795972535661e-07,9.8,6.62229834536664e-07
2779518,"Blautia liquoris",10,6.72795972535661e-07,10.1,6.7929259265231e-07
93378,"Edwardsiella hoshinae",10,6.72795972535661e-07,10.7,7.18916384481647e-07
2800387,"Prevotella illustrans",10,6.72795972535661e-07,10.8,7.28966903826251e-07
357441,"Enterococcus lactis",10,6.72795972535661e-07,10.7,7.2294486405139e-07
416450,"Penicillium antarcticum",10,6.72795972535661e-07,9.7,6.54531620188041e-07
333963,"Leucobacter iarius",10,6.72795972535661e-07,9.2,6.22278294523937e-07
3133170,"Ventrimonas faecis",10,6.72795972535661e-07,10.3,6.95370968146666e-07
3342383,"Flintibacter porci",10,6.72795972535661e-07,10.2,6.86920582616179e-07
2497436,"Enterobacter quasiroggenkampii",10,6.72795972535661e-07,11.5,7.73284366391381e-07
3378099,"Providencia lanzhouensis",10,6.72795972535661e-07,11.8,7.94366673729002e-07
1870991,"Massilioclostridium coli",10,6.72795972535661e-07,13.2,8.87801053911066e-07
294747,"Candida tropicalis",9,6.05516375282095e-07,9,6.06520046200661e-07
324831,"Lactobacillus gasseri",9,6.05516375282095e-07,9,6.06451474847805e-07
762051,"Leuconostoc kimchii",9,6.05516375282095e-07,8.7,5.8619769254804e-07
5857,"Plasmodium fragile",9,6.05516375282095e-07,9.2,6.20353504141062e-07
2490633,"Streptococcus periodonticum",9,6.05516375282095e-07,9.3,6.26538692575348e-07
1160095,"Vagococcus entomophilus",9,6.05516375282095e-07,9,6.05516494474374e-07
2601703,"Heminiphilus faecis",9,6.05516375282095e-07,9.1,6.13169115425722e-07
1805431,"Enterococcus saigonensis",9,6.05516375282095e-07,9.6,6.48797600606938e-07
393006,"Tamlana crocina",9,6.05516375282095e-07,7.9,5.30573862902845e-07
2747601,"Ruegeria haliotis",9,6.05516375282095e-07,10.1,6.76740273566028e-07
157792,"Halopseudomonas xiamenensis",9,6.05516375282095e-07,10.9,7.3526745934195e-07
2763015,"Alistipes hominis",9,6.05516375282095e-07,8.9,5.97607063913959e-07
565,"Atlantibacter hermannii",9,6.05516375282095e-07,10.5,7.06138331136791e-07
2819233,"Microvirga antarctica",9,6.05516375282095e-07,9,6.05668623820597e-07
1529,"Clostridium cadaveris",9,6.05516375282095e-07,9.5,6.40087593441707e-07
1070780,"Aspergillus affinis",9,6.05516375282095e-07,9.1,6.09265477485852e-07
246144,"Enterococcus italicus",9,6.05516375282095e-07,10.1,6.78727510889798e-07
518636,"Enterocloster asparagiformis",9,6.05516375282095e-07,9.1,6.10135158204479e-07
2996112,"Enterobacter pseudoroggenkampii",9,6.05516375282095e-07,9.6,6.44750342077508e-07
3037798,"Providencia huashanensis",9,6.05516375282095e-07,9.8,6.57982907460372e-07
86838,"Rhodotorula paludigena",9,6.05516375282095e-07,9.3,6.23897687538641e-07
1328,"Streptococcus anginosus",9,6.05516375282095e-07,9.5,6.38048716029699e-07
535290,"Legionella nagasakiensis",9,6.05516375282095e-07,8.5,5.74198678063291e-07
2587528,"Klebsiella spallanzanii",9,6.05516375282095e-07,8.5,5.73434535439978e-07
2488306,"Pseudocitrobacter vendiensis",9,6.05516375282095e-07,11.9,8.01004964548454e-07
484018,"Phocaeicola plebeius",8,5.38236778028529e-07,10.6,7.14570335477441e-07
762968,"Paraprevotella clara",8,5.38236778028529e-07,9.7,6.53227666043184e-07
1121094,"Phocaeicola barnesiae",8,5.38236778028529e-07,7.7,5.19688497488177e-07
1331060,"Sphingobium lactosutens",8,5.38236778028529e-07,9.5,6.42128572514047e-07
29349,"Alkalithermobacter paradoxus",8,5.38236778028529e-07,7.7,5.19925545056442e-07
61171,"Holdemania filiformis",8,5.38236778028529e-07,8.2,5.50976553567618e-07
2213010,"Simplicispira lacusdiani",8,5.38236778028529e-07,7.9,5.3317868562267e-07
1796628,"Longibaculum muris",8,5.38236778028529e-07,10.3,6.9542664905336e-07
1457219,"Lactiplantibacillus modestisalitolerans",8,5.38236778028529e-07,8.2,5.48492636065613e-07
2763059,"Pseudoflavonifractor hominis",8,5.38236778028529e-07,8,5.36673377075999e-07
68193,"Streptomyces djakartensis",8,5.38236778028529e-07,8,5.3834234534346e-07
290055,"Faecalicatena fissicatena",8,5.38236778028529e-07,9.4,6.35045203215573e-07
1463165,"Klebsiella quasipneumoniae",8,5.38236778028529e-07,12.1,8.11805759002363e-07
2885357,"Hominenteromicrobium mulieris",8,5.38236778028529e-07,8.3,5.55777586842361e-07
2981785,"Coprococcus ammoniilyticus",8,5.38236778028529e-07,8,5.38578896981296e-07
3029274,"Amygdalobacter nucleatus",8,5.38236778028529e-07,12.5,8.41825322699151e-07
1281486,"Lactococcus formosensis",8,5.38236778028529e-07,8.2,5.54636707245336e-07
1157987,"Paenalcaligenes hermetiae",8,5.38236778028529e-07,8.1,5.44180661301537e-07
47880,"Pseudomonas fulva",8,5.38236778028529e-07,10,6.73137525330213e-07
3095079,"Streptococcus jiangnanensis",8,5.38236778028529e-07,8.1,5.44148014854937e-07
1335613,"Gordonibacter urolithinfaciens",8,5.38236778028529e-07,9.6,6.45322680214435e-07
1903263,"Traorella massiliensis",8,5.38236778028529e-07,8.2,5.53685036611368e-07
1917868,"Blautia marasmi",8,5.38236778028529e-07,8.1,5.42625900593193e-07
5855,"Plasmodium vivax",7,4.70957180774963e-07,7.1,4.78772781254051e-07
546269,"Filifactor alocis",7,4.70957180774963e-07,6.9,4.64095369280464e-07
873513,"Segatella buccae",7,4.70957180774963e-07,8.6,5.77223529521286e-07
1123311,"Streptococcus orisratti",7,4.70957180774963e-07,6.8,4.55493243690415e-07
1123305,"Streptococcus hyovaginalis",7,4.70957180774963e-07,8.5,5.74988450423326e-07
176090,"Streptococcus sinensis",7,4.70957180774963e-07,6.9,4.67305953601129e-07
77519,"Plasmodium gonderi",7,4.70957180774963e-07,6.8,4.57002337887625e-07
51515,"Dehalobacterium formicoaceticum",7,4.70957180774963e-07,7,4.6835734635235e-07
1642702,"Paludifilum halophilum",7,4.70957180774963e-07,8.7,5.84694503965428e-07
28113,"Bacteroides heparinolyticus",7,4.70957180774963e-07,7.6,5.08472223105287e-07
2509433,"Senegalimassilia faecalis",7,4.70957180774963e-07,13.8,9.25494229624414e-07
2546350,"Citrobacter arsenatis",7,4.70957180774963e-07,7.3,4.93489738761489e-07
2211183,"Evtepia gabavorous",7,4.70957180774963e-07,4.6,3.12819775105247e-07
1202713,"Paenalcaligenes suwonensis",7,4.70957180774963e-07,6.6,4.44756793135801e-07
1494461,"Pseudolactococcus laudensis",7,4.70957180774963e-07,8.7,5.85547971590083e-07
626929,"Bacteroides clarus",7,4.70957180774963e-07,7.1,4.77446254278704e-07
2726954,"Candidatus Sarcina troglodytae",7,4.70957180774963e-07,5.4,3.60453311528315e-07
2841061,"Streptococcus humanilactis",7,4.70957180774963e-07,7.9,5.32832177328627e-07
2666183,"Pseudomonas juntendi",7,4.70957180774963e-07,8.6,5.76250964594804e-07
214851,"Subdoligranulum variabile",7,4.70957180774963e-07,7.1,4.78705800467485e-07
3002863,"Methanocorpusculum petauri",7,4.70957180774963e-07,7,4.72517086537421e-07
1437816,"Methylopila turkensis",7,4.70957180774963e-07,7.5,5.02275022843212e-07
3118588,"Ewingella docleensis",7,4.70957180774963e-07,7.8,5.2386903975964e-07
2725494,"Kluyvera sichuanensis",7,4.70957180774963e-07,7.6,5.10710197213614e-07
3238988,"Enterococcus hailinensis",7,4.70957180774963e-07,8.4,5.6710175126607e-07
3367729,"Lacticaseibacillus salsurae",7,4.70957180774963e-07,7,4.7086343295787e-07
1642646,"Petrimonas mucosa",7,4.70957180774963e-07,6.3,4.25337957630155e-07
187979,"Mitsuokella jalaludinii",7,4.70957180774963e-07,7.3,4.88154957072565e-07
515620,"Lachnospira eligens",6,4.03677583521397e-07,7.2,4.83404991162554e-07
742817,"Odoribacter laneus",6,4.03677583521397e-07,5.7,3.8406700317404e-07
480391,"Pediococcus argentinicus",6,4.03677583521397e-07,6,4.02024492087652e-07
70584,"Aquabacterium parvum",6,4.03677583521397e-07,5.4,3.66474152782346e-07
249189,"Enterococcus hermanniensis",6,4.03677583521397e-07,6.3,4.25139563833323e-07
1905142,"Amycolatopsis vastitatis",6,4.03677583521397e-07,6.4,4.2986644650893e-07
1354,"Enterococcus hirae",6,4.03677583521397e-07,6.4,4.29495561411149e-07
215200,"Peptostreptococcus russellii",6,4.03677583521397e-07,6.3,4.21528034651998e-07
1341132,"Aspergillus welwitschiae",6,4.03677583521397e-07,6.3,4.24104434132746e-07
1977868,"Vagococcus bubulae",6,4.03677583521397e-07,7.6,5.14517783438162e-07
33898,"Streptomyces galbus",6,4.03677583521397e-07,6,4.03677637839938e-07
2692629,"Copranaerobaculum intestinale",6,4.03677583521397e-07,6.2,4.17200060925321e-07
315405,"Streptococcus gallolyticus",6,4.03677583521397e-07,6.6,4.40987545391697e-07
943830,"Tardiphaga robiniae",6,4.03677583521397e-07,6.1,4.07849494070921e-07
2699427,"Capillibacterium thermochitinicola",6,4.03677583521397e-07,8.9,5.98745841284296e-07
2764329,"Paeniclostridium hominis",6,4.03677583521397e-07,5.7,3.81382535588391e-07
2764330,"Veillonella hominis",6,4.03677583521397e-07,7.3,4.92092372738008e-07
2766479,"Taishania pollutisoli",6,4.03677583521397e-07,6,4.03677637839938e-07
658225,"Sphingomonas glacialis",6,4.03677583521397e-07,6.3,4.22386850267883e-07
990412,"Limosilactobacillus alvi",6,4.03677583521397e-07,6.4,4.28372334849194e-07
2914984,"Brenneria tiliae",6,4.03677583521397e-07,6,4.0368016482418e-07
54291,"Raoultella ornithinolytica",6,4.03677583521397e-07,5.9,3.97550445791427e-07
2797505,"Enterobacter vonholyi",6,4.03677583521397e-07,6.1,4.07313998466195e-07
3378067,"Butyricimonas sp. GBGM4",6,4.03677583521397e-07,6.8,4.54276777369381e-07
3376993,"Vescimonas sanitatis",6,4.03677583521397e-07,6.5,4.35647608051058e-07
NA,"unknown genome; accession ID isNZ_DAWEQI010000062.1",6,4.03677583521397e-07,6,4.0370824087043e-07
1987501,"Massiliimalia timonensis",6,4.03677583521397e-07,6.5,4.40401274880127e-07
44008,"Enterococcus cecorum",6,4.03677583521397e-07,6.1,4.08298533663199e-07
762982,"Paraprevotella xylaniphila",6,4.03677583521397e-07,7.7,5.18228278756715e-07
546,"Citrobacter freundii",6,4.03677583521397e-07,7.6,5.13866628918312e-07
2993455,"Lactobacillus isalae",6,4.03677583521397e-07,6,4.04047397365653e-07
54062,"Pediococcus parvulus",6,4.03677583521397e-07,6.5,4.37197902551549e-07
441959,"Talaromyces stipitatus",5,3.36397986267831e-07,4.4,2.93349289968e-07
862515,"Hoylesella marshii",5,3.36397986267831e-07,5.3,3.57988270507832e-07
626523,"Shuttleworthella satelles",5,3.36397986267831e-07,6.7,4.53742868457623e-07
322104,"Scheffersomyces stipitis",5,3.36397986267831e-07,4.7,3.13035801561309e-07
1127699,"Hoylesella saccharolytica",5,3.36397986267831e-07,5,3.36398059187196e-07
1158604,"Enterococcus villorum",5,3.36397986267831e-07,6,4.01275645688166e-07
1005994,"Trabulsiella guamensis",5,3.36397986267831e-07,5.1,3.40923128189857e-07
575,"Raoultella planticola",5,3.36397986267831e-07,5,3.34965740730556e-07
1325933,"Clostridium polynesiense",5,3.36397986267831e-07,5.1,3.43744143522375e-07
569365,"Cladophialophora immunda",5,3.36397986267831e-07,5,3.37102771531459e-07
1159491,"Cronobacter malonaticus",5,3.36397986267831e-07,4.9,3.28785826615549e-07
1423786,"Lentilactobacillus parafarraginis",5,3.36397986267831e-07,7.2,4.83169356481981e-07
1652495,"Corynebacterium crudilactis",5,3.36397986267831e-07,7.1,4.74338878739166e-07
1547597,"Sanguibacteroides justesenii",5,3.36397986267831e-07,5.1,3.418320007823e-07
61645,"Enterobacter asburiae",5,3.36397986267831e-07,4.5,3.00540567719757e-07
2605638,"Bradyrhizobium hipponense",5,3.36397986267831e-07,5.6,3.7886082504067e-07
1796610,"Adlercreutzia muris",5,3.36397986267831e-07,4.5,3.01644479463418e-07
37727,"Talaromyces marneffei",5,3.36397986267831e-07,5.6,3.77528495120007e-07
2585198,"Nocardia macrotermitis",5,3.36397986267831e-07,5,3.36398031533282e-07
577,"Raoultella terrigena",5,3.36397986267831e-07,5.8,3.8988629087634e-07
2763013,"Agathobaculum faecis",5,3.36397986267831e-07,4,2.67800310016642e-07
2762212,"Phocaeicola intestinalis",5,3.36397986267831e-07,4.7,3.1617151735377e-07
77635,"Bifidobacterium subtile",5,3.36397986267831e-07,5,3.39350408126706e-07
160404,"Anaerotignum lactatifermentans",5,3.36397986267831e-07,5.4,3.63286801502065e-07
2791986,"Limnobaculum allomyrinae",5,3.36397986267831e-07,5,3.36398031533282e-07
2100821,"Lacticaseibacillus chiayiensis",5,3.36397986267831e-07,5,3.3812097392741e-07
1563222,"Citrobacter pasteurii",5,3.36397986267831e-07,5.1,3.40296744498308e-07
539813,"Enterobacter mori",5,3.36397986267831e-07,5.8,3.88867619232995e-07
2924040,"Parabacteroides faecalis",5,3.36397986267831e-07,8.7,5.88622517995514e-07
2978477,"Eubacterium album",5,3.36397986267831e-07,5,3.38836194006724e-07
2981722,"Porcipelethomonas ammoniilytica",5,3.36397986267831e-07,5.1,3.41968930021602e-07
2838522,"Candidatus Collinsella stercoripullorum",5,3.36397986267831e-07,4.3,2.90130985801785e-07
1131581,"Penicillium argentinense",5,3.36397986267831e-07,5,3.37075305619664e-07
176176,"Penicillium paradoxum",5,3.36397986267831e-07,4.7,3.14217194655441e-07
2050967,"Proteus faecis",5,3.36397986267831e-07,5,3.36398193469983e-07
1392775,"Flavobacterium paronense",5,3.36397986267831e-07,7,4.73943119428756e-07
3068305,"Lacticaseibacillus parahuelsenbergensis",5,3.36397986267831e-07,5.8,3.90430240221534e-07
638574,"Nonomuraea rosea",5,3.36397986267831e-07,5,3.38061973918948e-07
3133178,"Flavonifractor hominis",5,3.36397986267831e-07,5,3.3794194540439e-07
701526,"Streptococcus porcorum",5,3.36397986267831e-07,5.6,3.76882924705233e-07
273131,"Nakaseomyces bracarensis",5,3.36397986267831e-07,4.9,3.31059770863603e-07
310300,"Bacteroides pyogenes",5,3.36397986267831e-07,5.1,3.4273557806258e-07
37658,"Anaeromicropila populeti",5,3.36397986267831e-07,5.3,3.58785885448068e-07
1871033,"Olsenella urininfantis",5,3.36397986267831e-07,5.3,3.57322975250675e-07
1917878,"Prevotella ihumii",5,3.36397986267831e-07,5.3,3.59846740429112e-07
1852371,"Raoultibacter massiliensis",5,3.36397986267831e-07,5,3.36627630534355e-07
28130,"Prevotella disiens",5,3.36397986267831e-07,4.9,3.29136731492083e-07
764290,"Streptococcus downei",5,3.36397986267831e-07,5,3.36413413949215e-07
295089,"Pontixanthobacter luteolus",5,3.36397986267831e-07,5.5,3.72519856845211e-07
5061,"Aspergillus niger",4,2.69118389014264e-07,3.5,2.38610082592367e-07
150340,"Vibrio antiquarius",4,2.69118389014264e-07,4.1,2.79200287794546e-07
796944,"Oribacterium asaccharolyticum",4,2.69118389014264e-07,4.9,3.28310476534166e-07
667120,"Edwardsiella anguillarum",4,2.69118389014264e-07,5.8,3.87679847551321e-07
1123318,"Streptococcus thoraltensis",4,2.69118389014264e-07,4.6,3.09821357061473e-07
1336250,"Hallella seregens",4,2.69118389014264e-07,4.7,3.15009847746406e-07
1144522,"Tritrichomonas foetus",4,2.69118389014264e-07,4.4,2.93233811298869e-07
1423721,"Amylolactobacillus amylophilus",4,2.69118389014264e-07,4.2,2.81630479487384e-07
2024554,"Virgibacillus indicus",4,2.69118389014264e-07,4,2.69128693997409e-07
2184082,"Marinifilum breve",4,2.69118389014264e-07,3.6,2.44272687347989e-07
2249428,"Aliidiomarina celeris",4,2.69118389014264e-07,4.9,3.32647659205349e-07
471189,"Gordonibacter pamelaeae",4,2.69118389014264e-07,4,2.69511865051413e-07
2316722,"Corallococcus aberystwythensis",4,2.69118389014264e-07,4,2.69119419997301e-07
230658,"Paraeggerthella hongkongensis",4,2.69118389014264e-07,4.5,3.01000910386523e-07
2055836,"Natronococcus pandeyae",4,2.69118389014264e-07,4.3,2.92449996958156e-07
283686,"Kosakonia radicincitans",4,2.69118389014264e-07,4.5,3.04561625818913e-07
2608404,"Prevotella vespertina",4,2.69118389014264e-07,4,2.70434294512622e-07
50719,"Vibrio diabolicus",4,2.69118389014264e-07,4.7,3.14503432531965e-07
2716335,"Falsiroseomonas selenitidurans",4,2.69118389014264e-07,4,2.69424380233513e-07
1292134,"Stenotrophomonas africana",4,2.69118389014264e-07,4,2.67261493884512e-07
2713500,"Listeria farberi",4,2.69118389014264e-07,7.3,4.88239141613141e-07
2763026,"Blautia celeris",4,2.69118389014264e-07,4.1,2.7505698590083e-07
2779352,"Pseudoflavonifractor gallinarum",4,2.69118389014264e-07,4.1,2.76117553494561e-07
2773426,"Nocardioides malaquae",4,2.69118389014264e-07,4,2.6911901092555e-07
1159213,"Peptostreptococcus canis",4,2.69118389014264e-07,4.2,2.815671526201e-07
508451,"Lactobacillus taiwanensis",4,2.69118389014264e-07,4,2.69401506489189e-07
2587529,"Klebsiella pasteurii",4,2.69118389014264e-07,5.1,3.41721654075931e-07
548,"Klebsiella aerogenes",4,2.69118389014264e-07,3.9,2.63587158982886e-07
254785,"Streptococcus halichoeri",4,2.69118389014264e-07,5.7,3.82269032404415e-07
181014,"Alternaria ethzedia",4,2.69118389014264e-07,4,2.69509618188236e-07
1337051,"Murimonas intestini",4,2.69118389014264e-07,4,2.69299265552033e-07
2981793,"Phocaeicola fibrisolvens",4,2.69118389014264e-07,5.3,3.58768888447437e-07
5074,"Penicillium brevicompactum",4,2.69118389014264e-07,4.5,3.04045656066595e-07
2529381,"Enterobacter wuhouensis",4,2.69118389014264e-07,4.7,3.12893019960408e-07
3117701,"Niabella digestorum",4,2.69118389014264e-07,4.3,2.89200169565319e-07
3133422,"Flavonifractor porci",4,2.69118389014264e-07,4.1,2.78659703635579e-07
396014,"Brachybacterium phenoliresistens",4,2.69118389014264e-07,4,2.69118425226626e-07
1715645,"Paracoccus mangrovi",4,2.69118389014264e-07,4,2.69118578350345e-07
741673,"Phaeospirillum tilakii",4,2.69118389014264e-07,4.5,3.05644770513262e-07
1755099,"Pseudenterobacter timonensis",4,2.69118389014264e-07,4,2.70133202840502e-07
1909670,"Gemella massiliensis",4,2.69118389014264e-07,3.1,2.09762545974505e-07
1121025,"Atopostipes suicloacalis",4,2.69118389014264e-07,5.1,3.42542417834766e-07
1338,"Streptococcus intermedius",4,2.69118389014264e-07,4,2.70119928452729e-07
519441,"Streptobacillus moniliformis",3,2.01838791760698e-07,2.6,1.77476981565822e-07
246409,"Rhizopus delemar",3,2.01838791760698e-07,3,2.01838818919969e-07
445971,"Anaerofustis stercorihominis",3,2.01838791760698e-07,3,2.01839068361149e-07
887899,"Mobiluncus holmesii",3,2.01838791760698e-07,3,2.0205125005367e-07
667015,"Phocaeicola salanitronis",3,2.01838791760698e-07,3.3,2.23676657891972e-07
688246,"Hallella multisaccharivorax",3,2.01838791760698e-07,3.1,2.06150561564086e-07
619300,"Spathaspora passalidarum",3,2.01838791760698e-07,3,2.01840290412103e-07
702438,"Segatella oulorum",3,2.01838791760698e-07,3.1,2.07465995414319e-07
435830,"Actinomyces graevenitzii",3,2.01838791760698e-07,3,2.04727026203127e-07
280463,"Emiliania huxleyi",3,2.01838791760698e-07,3,2.02900965728776e-07
1121874,"Erysipelothrix tonsillarum",3,2.01838791760698e-07,3,2.01838818919969e-07
1263415,"Endocarpon pusillum",3,2.01838791760698e-07,4,2.70600967841259e-07
312540,"Acidiplasma cupricumulans",3,2.01838791760698e-07,3,2.01838818919969e-07
1291052,"Lacticaseibacillus sharpeae",3,2.01838791760698e-07,3.2,2.18587406365681e-07
1313,"Streptococcus pneumoniae",3,2.01838791760698e-07,3,2.0314664476545e-07
755172,"Aedoeadaptatus coxii",3,2.01838791760698e-07,3.6,2.39251897669064e-07
1348632,"Pseudolactococcus plantarum",3,2.01838791760698e-07,2.4,1.62730608338407e-07
1423775,"Companilactobacillus nodensis",3,2.01838791760698e-07,2.7,1.83528456079905e-07
254056,"Fonsecaea monophora",3,2.01838791760698e-07,3.3,2.21071642121031e-07
2049356,"Monocercomonoides exilis",3,2.01838791760698e-07,3,2.01838818919969e-07
984487,"Suhomyces tanzawaensis",3,2.01838791760698e-07,3,2.01925806278684e-07
1291764,"Lactococcus fujiensis",3,2.01838791760698e-07,3,2.04977189845358e-07
1392256,"Aspergillus ochraceoroseus",3,2.01838791760698e-07,3.1,2.05620510978741e-07
55601,"Vibrio anguillarum",3,2.01838791760698e-07,2,1.34995821491649e-07
1504,"Clostridium septicum",3,2.01838791760698e-07,4.2,2.81453046440226e-07
2490855,"Lachnoanaerobaculum gingivalis",3,2.01838791760698e-07,3.5,2.3463085893038e-07
2507160,"Aminipila luticellarii",3,2.01838791760698e-07,3,2.01839339075986e-07
2485123,"Photobacterium chitinilyticum",3,2.01838791760698e-07,3,2.01838945480274e-07
2496273,"Xylanivirga thermophila",3,2.01838791760698e-07,3.1,2.09338135095915e-07
2559927,"Enterococcus songbeiensis",3,2.01838791760698e-07,3.1,2.05601483602885e-07
1296538,"Lactiplantibacillus mudanjiangensis",3,2.01838791760698e-07,2.5,1.68323145128102e-07
2597270,"Alkalicoccobacillus porphyridii",3,2.01838791760698e-07,3,2.01999510750566e-07
1494462,"Lactococcus hircilactis",3,2.01838791760698e-07,3.5,2.33427428667664e-07
2605781,"Cutibacterium porci",3,2.01838791760698e-07,3,2.02538656354625e-07
2916441,"Adlercreutzia rubneri",3,2.01838791760698e-07,3.1,2.05510806650481e-07
2320879,"Parablautia muri",3,2.01838791760698e-07,2.8,1.90300813669885e-07
1366,"Pseudolactococcus raffinolactis",3,2.01838791760698e-07,3.4,2.25877312323744e-07
237576,"Oribacterium sinus",3,2.01838791760698e-07,3,2.01830557807692e-07
2764327,"Holdemanella hominis",3,2.01838791760698e-07,2.7,1.83565615728559e-07
2763668,"Jutongia huaianensis",3,2.01838791760698e-07,3.1,2.09246324537996e-07
2763677,"Zongyangia hominis",3,2.01838791760698e-07,3.7,2.47581202149499e-07
2780922,"Solibaculum mannosilyticum",3,2.01838791760698e-07,3.5,2.34892420953054e-07
544580,"Actinomyces oris",3,2.01838791760698e-07,3.3,2.20848708327042e-07
2710591,"Pseudomonas arcuscaelestis",3,2.01838791760698e-07,3.9,2.61836636244673e-07
1349415,"Streptococcus loxodontisalivarius",3,2.01838791760698e-07,2.7,1.82409437454026e-07
1151742,"Lactococcus taiwanensis",3,2.01838791760698e-07,3,2.01897142545165e-07
1544695,"Rosenbergiella collisarenosi",3,2.01838791760698e-07,3,2.0215780772916e-07
2834432,"Bifidobacterium pongonis",3,2.01838791760698e-07,3,2.01869813390853e-07
69218,"Enterobacter cancerogenus",3,2.01838791760698e-07,3.1,2.05953333092481e-07
2891570,"Pseudocitrobacter corydidari",3,2.01838791760698e-07,3.1,2.08158005246258e-07
865757,"Photobacterium atrarenae",3,2.01838791760698e-07,3,2.01838818919969e-07
497109,"Candida pseudojiufengensis",3,2.01838791760698e-07,2.5,1.68725492933328e-07
428126,"Thomasclavelia spiroformis",3,2.01838791760698e-07,3.7,2.48598220698176e-07
2981778,"Agathobaculum ammoniilyticum",3,2.01838791760698e-07,4.6,3.08268798745415e-07
1642,"Listeria innocua",3,2.01838791760698e-07,3.5,2.33543959418829e-07
2742601,"Limosilactobacillus portuensis",3,2.01838791760698e-07,3.1,2.07781468062255e-07
3035291,"Lacticaseibacillus huelsenbergensis",3,2.01838791760698e-07,3.5,2.33328203393949e-07
414052,"Caenispirillum bisanense",3,2.01838791760698e-07,3,2.02386742722556e-07
3133165,"Solibaculum intestinale",3,2.01838791760698e-07,3,2.04961705509451e-07
3237239,"Streptococcus huangxiaojuni",3,2.01838791760698e-07,3,2.02112144540445e-07
1994,"Actinomadura rugatobispora",3,2.01838791760698e-07,3,2.04009868981076e-07
1917883,"Bacteroides togonis",3,2.01838791760698e-07,3.4,2.30132058349032e-07
1836972,"Frankia canadensis",3,2.01838791760698e-07,3.1,2.10817027821693e-07
2079531,"Prevotella merdae",3,2.01838791760698e-07,3.1,2.05284068483605e-07
674,"Vibrio mimicus",3,2.01838791760698e-07,3.1,2.06933836867074e-07
1580,"Levilactobacillus brevis",3,2.01838791760698e-07,3.3,2.19251791695e-07
655813,"Streptococcus oralis",3,2.01838791760698e-07,3.3,2.2278338610366e-07
2941517,"Hominisplanchenecus murintestinalis",3,2.01838791760698e-07,3,2.01838823730988e-07
50718,"Vibrio mytili",3,2.01838791760698e-07,3,2.04740873877999e-07
679191,"Prevotella amnii",2,1.34559194507132e-07,2.3,1.53506686434816e-07
5693,"Trypanosoma cruzi",2,1.34559194507132e-07,2.5,1.69342262014204e-07
1034347,"Robertmurraya massiliosenegalensis",2,1.34559194507132e-07,3,2.05093894480852e-07
1118060,"Enorma massiliensis",2,1.34559194507132e-07,3.2,2.13252098944871e-07
1122217,"Megamonas rupellensis",2,1.34559194507132e-07,8.1,5.44660981761441e-07
1122988,"Hoylesella nanceiensis",2,1.34559194507132e-07,2.6,1.75695642451567e-07
1123298,"Streptococcus caballi",2,1.34559194507132e-07,2.2,1.44967506492895e-07
1121865,"Enterococcus columbae",2,1.34559194507132e-07,2,1.34767262078132e-07
1123315,"Streptococcus porci",2,1.34559194507132e-07,2.4,1.62085821339632e-07
1122980,"Segatella baroniae",2,1.34559194507132e-07,2.4,1.60809426345292e-07
1005995,"Tatumella ptyseos",2,1.34559194507132e-07,2,1.37556671036679e-07
1329909,"Sphingobium quisquiliarum",2,1.34559194507132e-07,2.6,1.7305299857383e-07
1122992,"Hoylesella timonensis",2,1.34559194507132e-07,3.1,2.10031213133761e-07
1347393,"Bacteroides neonati",2,1.34559194507132e-07,2.3,1.56237928123923e-07
1177154,"Alcanivorax nanhaiticus",2,1.34559194507132e-07,2.1,1.41200650520764e-07
1437610,"Bifidobacterium reuteri",2,1.34559194507132e-07,2.2,1.49104194294775e-07
1736,"Eubacterium limosum",2,1.34559194507132e-07,2,1.34580384196894e-07
633415,"Aeromonas sanarellii",2,1.34559194507132e-07,2,1.35400204000016e-07
1150461,"Bifidobacterium scardovii",2,1.34559194507132e-07,1.8,1.1916366463402e-07
1527293,"Paenibacillus dakarensis",2,1.34559194507132e-07,2,1.34559212613313e-07
1347366,"Clostridium massiliamazoniense",2,1.34559194507132e-07,2.2,1.46685014239365e-07
1423801,"Liquorilactobacillus satsumensis",2,1.34559194507132e-07,2.2,1.45645877840667e-07
319653,"Pediococcus ethanolidurans",2,1.34559194507132e-07,2.3,1.53446790420644e-07
58627,"Debaryomyces fabryi",2,1.34559194507132e-07,2,1.34559212613313e-07
NA,"unknown genome; accession ID isNZ_CP012480.1",2,1.34559194507132e-07,1.9,1.29281957513278e-07
5854,"Plasmodium reichenowi",2,1.34559194507132e-07,2,1.34733656814534e-07
1081104,"Cordyceps fumosorosea",2,1.34559194507132e-07,2,1.35750075060772e-07
1462993,"Paraburkholderia ginsengiterrae",2,1.34559194507132e-07,2,1.34559499149279e-07
984486,"Babjeviella inositovora",2,1.34559194507132e-07,2,1.34559212613313e-07
1871336,"Criibacterium bergeronii",2,1.34559194507132e-07,2,1.3586079975221e-07
1480615,"Hoeflea olei",2,1.34559194507132e-07,2.1,1.41134883755257e-07
332950,"Enterococcus termitis",2,1.34559194507132e-07,2,1.34559224973398e-07
1122984,"Prevotella intermedia",2,1.34559194507132e-07,2.4,1.60032305508678e-07
1834167,"Candidatus Enterococcus lemimoniae",2,1.34559194507132e-07,2,1.36588413958459e-07
501571,"Butyricicoccus pullicaecorum",2,1.34559194507132e-07,2,1.35391079218158e-07
1111760,"Streptococcus troglodytae",2,1.34559194507132e-07,2,1.36007302796871e-07
2994495,"Pseudomonas paraeruginosa",2,1.34559194507132e-07,2,1.35621881292704e-07
1703337,"Hallella colorans",2,1.34559194507132e-07,2.3,1.57804210778448e-07
2259674,"Azohydromonas sediminis",2,1.34559194507132e-07,2,1.34559219908485e-07
498718,"Slackia equolifaciens",2,1.34559194507132e-07,2.2,1.46514272051134e-07
82993,"Buttiauxella warmboldiae",2,1.34559194507132e-07,2.4,1.62361756973627e-07
2306423,"Lactiplantibacillus garii",2,1.34559194507132e-07,2,1.36860498320346e-07
2486015,"Lacticaseibacillus yichunensis",2,1.34559194507132e-07,2,1.37865772491056e-07
2339259,"Yersinia hibernica",2,1.34559194507132e-07,2,1.37124439508777e-07
2529380,"Kosakonia quasisacchari",2,1.34559194507132e-07,2.8,1.88764279126717e-07
1048,"Marichromatium gracile",2,1.34559194507132e-07,2,1.34559212613313e-07
466109,"Biostraticola tofi",2,1.34559194507132e-07,2,1.34559212625662e-07
3038145,"Palleniella muris",2,1.34559194507132e-07,2,1.37631006429584e-07
2559915,"Lactiplantibacillus pingfangensis",2,1.34559194507132e-07,2.4,1.60519618863271e-07
2559919,"Lactiplantibacillus dongliensis",2,1.34559194507132e-07,2.6,1.74473313764104e-07
2584944,"Sutterella faecalis",2,1.34559194507132e-07,2.1,1.43280450564689e-07
665913,"Mixta calida",2,1.34559194507132e-07,2.5,1.68458663105757e-07
162,"Treponema phagedenis",2,1.34559194507132e-07,2.1,1.43593517884862e-07
2605433,"Sphingobacterium phlebotomi",2,1.34559194507132e-07,2,1.36956977199455e-07
2608629,"Arenibacter lacus",2,1.34559194507132e-07,2,1.35431866876445e-07
2668065,"Lacticaseibacillus zhaodongensis",2,1.34559194507132e-07,2,1.35645639380883e-07
2690837,"Eggerthella guodeyinii",2,1.34559194507132e-07,2.1,1.39679856340932e-07
619688,"Pseudoxanthomonas jiangsuensis",2,1.34559194507132e-07,1.8,1.17741306074878e-07
2527672,"Vibrio chemaguriensis",2,1.34559194507132e-07,2.2,1.49198796127884e-07
2726741,"Vibrio agarilyticus",2,1.34559194507132e-07,2.8,1.85910404005454e-07
2738405,"Neobacillus endophyticus",2,1.34559194507132e-07,2,1.34559212613313e-07
572010,"Slackia isoflavoniconvertens",2,1.34559194507132e-07,3.1,2.08533347475334e-07
2725493,"Brevundimonas huaxiensis",2,1.34559194507132e-07,2,1.35237963250801e-07
218144,"Vagococcus carniphilus",2,1.34559194507132e-07,2.4,1.61761346744995e-07
67314,"Streptomyces lavendofoliae",2,1.34559194507132e-07,2,1.37314130144228e-07
68183,"Streptomyces capoamus",2,1.34559194507132e-07,2,1.34559212613313e-07
40518,"Ruminococcus bromii",2,1.34559194507132e-07,2,1.34570543289874e-07
1258,"Peptoniphilus asaccharolyticus",2,1.34559194507132e-07,1.6,1.10375278451251e-07
2815324,"Candidatus Enterococcus ferrettii",2,1.34559194507132e-07,1.8,1.20220922512998e-07
75553,"Aspergillus viridinutans",2,1.34559194507132e-07,2,1.3504891016063e-07
2713174,"Fructobacillus parabroussonetiae",2,1.34559194507132e-07,2,1.36188337777682e-07
2738446,"Anaerostipes faecalis",2,1.34559194507132e-07,2,1.35161288315098e-07
2841925,"Vibrio ostreae",2,1.34559194507132e-07,1.8,1.17784268773e-07
3044279,"Massilia hydrophila",2,1.34559194507132e-07,2,1.34559212613313e-07
401106,"Amycolatopsis tucumanensis",2,1.34559194507132e-07,2.1,1.38312739299851e-07
2903556,"Faecalibacterium gallinarum",2,1.34559194507132e-07,2.1,1.4274430958423e-07
1187925,"Alternaria hordeiaustralica",2,1.34559194507132e-07,2,1.34559212613313e-07
2963284,"Terrisporobacter muris",2,1.34559194507132e-07,2,1.36185741085555e-07
1396493,"Fimicolochytrium jonesii",2,1.34559194507132e-07,2.1,1.4172432809312e-07
5083,"Penicillium canescens",2,1.34559194507132e-07,2.3,1.51527620986609e-07
3044208,"Fusibacillus kribbianus",2,1.34559194507132e-07,2.2,1.47325403822857e-07
NA,"unknown genome; accession ID isNZ_AP028032.1",2,1.34559194507132e-07,2,1.36226321421836e-07
3058044,"Nocardioides cremeus",2,1.34559194507132e-07,2,1.34559421154756e-07
70346,"Acinetobacter variabilis",2,1.34559194507132e-07,3.6,2.44383582286309e-07
111803,"Actinocorallia longicatena",2,1.34559194507132e-07,2.1,1.38452575661703e-07
1805714,"Christensenella massiliensis",2,1.34559194507132e-07,2.5,1.66905351540831e-07
3228789,"Oryzisolibacter sp. LB2S",2,1.34559194507132e-07,2.2,1.48762276130635e-07
3236804,"Leuconostoc aquikimchii",2,1.34559194507132e-07,2.1,1.41262193489304e-07
3142537,"Enterobacter adelaidei",2,1.34559194507132e-07,2.8,1.89578810998104e-07
1134781,"Methylopila musalis",2,1.34559194507132e-07,2.1,1.39329638651226e-07
2890318,"Yersinia vastinensis",2,1.34559194507132e-07,1.7,1.16664789980104e-07
1816678,"Christensenella timonensis",2,1.34559194507132e-07,2.3,1.5360729287095e-07
1852365,"Fusobacterium massiliense",2,1.34559194507132e-07,2,1.34787805424544e-07
131110,"Schaalia radingae",2,1.34559194507132e-07,2,1.34559212613313e-07
1367852,"Izhakiella capsodis",2,1.34559194507132e-07,1.4,9.17293157613884e-08
1121321,"Asaccharospora irregularis",2,1.34559194507132e-07,2,1.34559220065514e-07
1871035,"Negativibacillus massiliensis",2,1.34559194507132e-07,4.1,2.76728719630345e-07
NA,"unknown genome; accession ID isNZ_LT706985.1",2,1.34559194507132e-07,2,1.36654467821642e-07
2026604,"Listeria costaricensis",2,1.34559194507132e-07,2,1.34559212613313e-07
1494,"Clostridium cochlearium",2,1.34559194507132e-07,2,1.34561788393783e-07
2219999,"Prevotella rectalis",2,1.34559194507132e-07,2.2,1.45315088703411e-07
2479838,"Clostridium transplantifaecale",2,1.34559194507132e-07,2,1.35041071081052e-07
149016,"Streptococcus urinalis",2,1.34559194507132e-07,2.3,1.55783574365036e-07
2890315,"Yersinia artesiana",2,1.34559194507132e-07,2,1.3649401202355e-07
61262,"Maudiozyma barnettii",2,1.34559194507132e-07,2.1,1.41458002357357e-07
533323,"Psychrobacter fulvigenes",2,1.34559194507132e-07,3.5,2.35536403086614e-07
NA,"unknown genome; accession ID isNZ_CAJYCN010000015.1",2,1.34559194507132e-07,2,1.34781718721022e-07
2941507,"Senimuribacter intestinalis",2,1.34559194507132e-07,2,1.3563816539188e-07
1704076,"Levilactobacillus cerevisiae",2,1.34559194507132e-07,2.6,1.75453334319675e-07
352472,"Dictyostelium discoideum",1,6.72795972535661e-08,1,6.72796063066564e-08
461836,"Thecamonas trahens",1,6.72795972535661e-08,0.5,3.36398031533282e-08
592026,"Catonella morbi",1,6.72795972535661e-08,1.2,8.1579386893708e-08
585502,"Hallella bergensis",1,6.72795972535661e-08,1.1,7.48827114107351e-08
5888,"Paramecium tetraurelia",1,6.72795972535661e-08,1,6.72796063066564e-08
873533,"Hoylesella oralis",1,6.72795972535661e-08,1.1,7.56452881781587e-08
261658,"Cavenderia fasciculata",1,6.72795972535661e-08,0.5,3.36398031533282e-08
1035377,"Yersinia pestis",1,6.72795972535661e-08,1,6.7712393780946e-08
885040,"Enterobacter soli",1,6.72795972535661e-08,1,6.73050949569499e-08
745277,"Rahnella aquatilis",1,6.72795972535661e-08,1,7.00151023282422e-08
796942,"Stomatobaculum longum",1,6.72795972535661e-08,1,6.8729659645859e-08
883077,"Schaalia turicensis",1,6.72795972535661e-08,1,6.72796704637435e-08
1130832,"Rhodotorula toruloides",1,6.72795972535661e-08,1.1,7.67479850104002e-08
999415,"Eggerthia catenaformis",1,6.72795972535661e-08,1.8,1.22954711054778e-07
1123301,"Streptococcus didelphis",1,6.72795972535661e-08,1.1,7.08063636992229e-08
1158606,"Enterococcus asini",1,6.72795972535661e-08,1,6.76407250356147e-08
1123299,"Streptococcus castoreus",1,6.72795972535661e-08,1.1,7.40031588141796e-08
1122978,"Segatella albensis",1,6.72795972535661e-08,1,6.72805899876732e-08
1291743,"Secundilactobacillus oryzae",1,6.72795972535661e-08,1.3,8.93905636490598e-08
401472,"Corynebacterium ureicelerivorans",1,6.72795972535661e-08,1,6.72796063066564e-08
1577887,"Dickeya undicola",1,6.72795972535661e-08,1,6.72796063299173e-08
1507808,"Pectobacterium actinidiae",1,6.72795972535661e-08,1,6.72796063883658e-08
1891094,"Pandoraea fibrosis",1,6.72795972535661e-08,0.5,3.04440349337808e-08
1442370,"Cladophialophora bantiana",1,6.72795972535661e-08,1,6.7431315431131e-08
1629550,"Paraclostridium benzoelyticum",1,6.72795972535661e-08,1,6.73272115104057e-08
1194083,"Nostocoides japonicum",1,6.72795972535661e-08,1,6.73467150249093e-08
1423739,"Lentilactobacillus diolivorans",1,6.72795972535661e-08,1,6.74083478471371e-08
1423804,"Secundilactobacillus similis",1,6.72795972535661e-08,1.5,9.98900747875921e-08
1307443,"Fusobacterium hwasookii",1,6.72795972535661e-08,1,6.80539487638721e-08
76857,"Fusobacterium polymorphum",1,6.72795972535661e-08,1,6.88171071724383e-08
1299998,"Tractidigestivibacter scatoligenes",1,6.72795972535661e-08,1,6.72826129230448e-08
1220586,"Amphibacillus sediminis",1,6.72795972535661e-08,1.1,7.71761674587364e-08
1162717,"Pseudostreptobacillus hongkongensis",1,6.72795972535661e-08,1,6.72796772714661e-08
5078,"Penicillium griseofulvum",1,6.72795972535661e-08,1,6.73575529339184e-08
1807766,"Polycladidibacter stylochi",1,6.72795972535661e-08,1,6.77596483224812e-08
1349790,"Hydrogenophaga intermedia",1,6.72795972535661e-08,1.2,8.04559727967727e-08
36847,"Anaerotignum neopropionicum",1,6.72795972535661e-08,1,6.72869544030437e-08
208452,"Plasmodium coatneyi",1,6.72795972535661e-08,0.5,3.36398031533282e-08
1628148,"Rheinheimera salexigens",1,6.72795972535661e-08,1,6.72796063066564e-08
1307414,"Vibrio injensis",1,6.72795972535661e-08,1,6.72796063066564e-08
2005703,"Enterococcus wangshanyuanii",1,6.72795972535661e-08,1,6.72812667989561e-08
190895,"Vibrio rotiferianus",1,6.72795972535661e-08,1,6.89838099466725e-08
76258,"Vibrio rumoiensis",1,6.72795972535661e-08,1,6.73348271503043e-08
2019431,"Thauera propionica",1,6.72795972535661e-08,1.1,7.2855303879588e-08
2042057,"Pectobacterium polaris",1,6.72795972535661e-08,1,6.73037460766212e-08
417368,"Enterococcus thailandicus",1,6.72795972535661e-08,1,6.74272149439738e-08
1122154,"Pseudolactococcus chungangensis",1,6.72795972535661e-08,1.3,8.73244480596914e-08
1981510,"Monoglobus pectinilyticus",1,6.72795972535661e-08,1.2,7.89693206763066e-08
1121340,"Clostridium thermopalmarium",1,6.72795972535661e-08,1.2,8.33170620110933e-08
190304,"Fusobacterium nucleatum",1,6.72795972535661e-08,1,6.86854236750153e-08
1448321,"Aspergillus heteromorphus",1,6.72795972535661e-08,1.7,1.15635771868854e-07
1450534,"Aspergillus brunneoviolaceus",1,6.72795972535661e-08,1,6.79663185192347e-08
1448316,"Aspergillus ibericus",1,6.72795972535661e-08,1,6.78658383316227e-08
1096246,"Hungatella effluvii",1,6.72795972535661e-08,1,6.72796153796733e-08
2764322,"Hydrogeniiclostridium mannosilyticum",1,6.72795972535661e-08,1.3,8.59604914716633e-08
242230,"Eggerthella sinensis",1,6.72795972535661e-08,1,6.74013916249389e-08
2259592,"Jannaschia formosa",1,6.72795972535661e-08,1.3,8.71993768206116e-08
2204145,"Pectobacterium aquaticum",1,6.72795972535661e-08,1.2,7.762725622104e-08
1616783,"Photobacterium salinisoli",1,6.72795972535661e-08,1,6.72796063066564e-08
633807,"Vagococcus penaei",1,6.72795972535661e-08,1,6.72796080035196e-08
83683,"Lactobacillus amylolyticus",1,6.72795972535661e-08,1,6.72796073638616e-08
1251,"Leuconostoc fallax",1,6.72795972535661e-08,1.1,7.29239781043545e-08
458197,"Serratia nematodiphila",1,6.72795972535661e-08,1.6,1.08535715226416e-07
3038133,"Dubosiella muris",1,6.72795972535661e-08,1,6.78488869238778e-08
3032871,"Muricaecibacterium torontonense",1,6.72795972535661e-08,1.1,7.22213383797964e-08
2565930,"Pseudothauera nasutitermitis",1,6.72795972535661e-08,1,6.72796063066564e-08
2510189,"Campylobacter estrildidarum",1,6.72795972535661e-08,1,6.72796063066564e-08
2582419,"Dialister hominis",1,6.72795972535661e-08,1,6.72796063066564e-08
1955272,"Allobacillus salarius",1,6.72795972535661e-08,1.2,7.92946541087646e-08
33964,"Leuconostoc citreum",1,6.72795972535661e-08,1,6.72812989240024e-08
89152,"Peptacetobacter hiranonis",1,6.72795972535661e-08,1,6.82046401353484e-08
2607660,"Nocardioides humilatus",1,6.72795972535661e-08,1,6.83579896565409e-08
1296540,"Paucilactobacillus nenjiangensis",1,6.72795972535661e-08,1.3,8.66674478733534e-08
29419,"Helicobacter canis",1,6.72795972535661e-08,1,6.72796063066564e-08
304207,"Schleiferilactobacillus harbinensis",1,6.72795972535661e-08,1,6.72796063066564e-08
2604832,"Metapseudomonas lalkuanensis",1,6.72795972535661e-08,1,6.72796063066564e-08
2478464,"Enterobacter oligotrophicus",1,6.72795972535661e-08,1,6.805068488185e-08
1798158,"Bifidobacterium ramosum",1,6.72795972535661e-08,1.2,8.39977469469445e-08
1763883,"Vibrio cidicii",1,6.72795972535661e-08,1,6.81800945254425e-08
2606637,"Hallella mizrahii",1,6.72795972535661e-08,1,6.96297392925728e-08
2652276,"Holdemanella porci",1,6.72795972535661e-08,1.6,1.07958589189608e-07
756892,"Acinetobacter indicus",1,6.72795972535661e-08,1.6,1.04926644463327e-07
5478,"Nakaseomyces glabratus",1,6.72795972535661e-08,1.6,1.07882932255522e-07
411903,"Collinsella aerofaciens",1,6.72795972535661e-08,1.6,1.10901879024769e-07
708087,"Cyclobacterium jeungdonense",1,6.72795972535661e-08,1,6.73009790691214e-08
2608355,"Candidatus Pantoea formicae",1,6.72795972535661e-08,1,6.72811842598824e-08
2705293,"Listeria valentina",1,6.72795972535661e-08,1,6.72796063066564e-08
2552946,"Cedecea colo",1,6.72795972535661e-08,1.4,9.12886351575661e-08
2703884,"Rouxiella aceris",1,6.72795972535661e-08,1,6.72796063066564e-08
2736294,"Xylanibacter caecicola",1,6.72795972535661e-08,1,6.91307552377183e-08
231049,"Furfurilactobacillus rossiae",1,6.72795972535661e-08,1.1,7.29921459724186e-08
671218,"Alloprevotella rava",1,6.72795972535661e-08,1,7.00668625276051e-08
1538103,"Pseudochelatococcus contaminans",1,6.72795972535661e-08,1,6.74890858021209e-08
529731,"Listeria marthii",1,6.72795972535661e-08,1.2,8.24564284504197e-08
2713603,"Listeria cossartiae",1,6.72795972535661e-08,1.6,1.07354614738982e-07
2763053,"Lawsonibacter hominis",1,6.72795972535661e-08,1.2,8.2882354689745e-08
2763679,"Paratissierella segnis",1,6.72795972535661e-08,1,6.72796063066564e-08
182136,"Fictibacillus barbaricus",1,6.72795972535661e-08,1,6.78597704966031e-08
1437324,"Pullulanibacillus pueri",1,6.72795972535661e-08,1,6.77604711451346e-08
67324,"Streptomyces massasporeus",1,6.72795972535661e-08,1.1,7.70253553142771e-08
1398493,"Pseudocitrobacter faecalis",1,6.72795972535661e-08,1.1,7.67378999135795e-08
2762213,"Phocaeicola faecium",1,6.72795972535661e-08,1,6.77271964058229e-08
2884250,"Musicola keenii",1,6.72795972535661e-08,1,6.7279606342704e-08
3029761,"Enterobacter pasteurii",1,6.72795972535661e-08,2,1.34825893067933e-07
5082,"Penicillium roqueforti",1,6.72795972535661e-08,1,6.90622813159712e-08
2740579,"Streptococcus vicugnae",1,6.72795972535661e-08,1,6.73088559367752e-08
2799638,"Tenebrionibacter intestinalis",1,6.72795972535661e-08,1.1,7.65984025365855e-08
3051154,"Cedecea sulfonylureivorans",1,6.72795972535661e-08,1,6.72796185745854e-08
1278232,"Keratinibaculum paraultunense",1,6.72795972535661e-08,1,6.72796063066564e-08
1871024,"Mordavella massiliensis",1,6.72795972535661e-08,1.1,7.24224040596722e-08
1159752,"Enterococcus lemanii",1,6.72795972535661e-08,1.7,1.14022381761718e-07
2815358,"Leclercia pneumoniae",1,6.72795972535661e-08,1.1,7.19998258521374e-08
2020965,"Bifidobacterium imperatoris",1,6.72795972535661e-08,1,6.80786430968947e-08
762210,"Bifidobacterium saguini",1,6.72795972535661e-08,1,6.76794338888809e-08
273372,"Candida metapsilosis",1,6.72795972535661e-08,1.8,1.21962502328746e-07
1581472,"Streptococcus panodentis",1,6.72795972535661e-08,1,6.7481164119924e-08
2781599,"Streptococcus oriscaviae",1,6.72795972535661e-08,1,6.74807494763004e-08
1517512,"Aspergillus pseudoviridinutans",1,6.72795972535661e-08,1,6.72796077845216e-08
2697499,"Dietzia massiliensis",1,6.72795972535661e-08,1,6.77069955720827e-08
2068655,"Novisyntrophococcus fermenticellae",1,6.72795972535661e-08,1,6.85461937293361e-08
2841504,"Dysosmobacter acutus",1,6.72795972535661e-08,1,6.98532760291302e-08
155615,"Fusobacterium vincentii",1,6.72795972535661e-08,1,6.845083032611e-08
29369,"Clostridium sardiniense",1,6.72795972535661e-08,0.8,5.68049723246374e-08
636,"Edwardsiella tarda",1,6.72795972535661e-08,1,6.73796559203728e-08
104609,"Vibrio penaeicida",1,6.72795972535661e-08,1.2,7.76829198076792e-08
2590157,"Klebsiella variicola",1,6.72795972535661e-08,1.7,1.11161486042072e-07
2885356,"Hominilimicola fabiformis",1,6.72795972535661e-08,1.2,7.97459045303774e-08
2897391,"Limnobaculum eriocheiris",1,6.72795972535661e-08,1,6.78574486443385e-08
2901869,"Luteimonas fraxinea",1,6.72795972535661e-08,1,6.72796063066564e-08
1131652,"Talaromyces proteolyticus",1,6.72795972535661e-08,1,6.72845931732715e-08
1411144,"Bacteroides caecigallinarum",1,6.72795972535661e-08,1.1,7.43707848515976e-08
2908007,"Vibrio floridensis",1,6.72795972535661e-08,1.3,8.68045061798605e-08
1324864,"[Pantoea] beijingensis",1,6.72795972535661e-08,1,6.72798406096194e-08
2486360,"Exophiala viscosa",1,6.72795972535661e-08,1,6.76948571836923e-08
997348,"Neisseria macacae",1,6.72795972535661e-08,1,6.72796063066564e-08
1907662,"Raoultibacter timonensis",1,6.72795972535661e-08,1,6.90488938316242e-08
1841864,"Marseilla massiliensis",1,6.72795972535661e-08,1,6.72796064731616e-08
663,"Vibrio alginolyticus",1,6.72795972535661e-08,1.2,8.29015816785881e-08
2945989,"Lutimaribacter degradans",1,6.72795972535661e-08,1.1,7.66563691247378e-08
2951805,"Parabacteroides absconsus",1,6.72795972535661e-08,1.1,7.20163558479374e-08
5824,"Plasmodium brasilianum",1,6.72795972535661e-08,1,6.72796063066564e-08
446374,"Vibrio artabrorum",1,6.72795972535661e-08,1.2,8.40545501469693e-08
151781,"Lactobacillus intestinalis",1,6.72795972535661e-08,1,6.72796063066564e-08
28039,"Lactobacillus leichmannii",1,6.72795972535661e-08,1,6.8939719365014e-08
1234842,"Mucilaginibacter phenanthrenivorans",1,6.72795972535661e-08,1.1,7.27574161812054e-08
332186,"Shewanella xiamenensis",1,6.72795972535661e-08,1.5,9.86173653380742e-08
438033,"Ruminococcus gauvreauii",1,6.72795972535661e-08,1.1,7.60189897150714e-08
585,"Proteus vulgaris",1,6.72795972535661e-08,1.3,8.77760460789763e-08
2981781,"Barnesiella propionica",1,6.72795972535661e-08,1,6.73903301897477e-08
1505757,"Siccibacter colletis",1,6.72795972535661e-08,1,6.78993393357959e-08
71451,"Enterococcus malodoratus",1,6.72795972535661e-08,1,7.05522464220562e-08
1005665,"Kosakonia oryzendophytica",1,6.72795972535661e-08,1.2,7.91424043550199e-08
63821,"Penicillium daleae",1,6.72795972535661e-08,1.2,8.39459971867903e-08
94218,"Penicillium lagena",1,6.72795972535661e-08,1.2,7.79424700553986e-08
69789,"Penicillium soppii",1,6.72795972535661e-08,1.9,1.24863861932916e-07
3027932,"Vibrio chanodichtyis",1,6.72795972535661e-08,1.5,1.00236043200598e-07
3002577,"Wolbachia endosymbiont of Drosophila burlai",1,6.72795972535661e-08,1,6.72902631866057e-08
3031298,"Limnobacter olei",1,6.72795972535661e-08,1,6.8300414268144e-08
3029272,"Amygdalobacter indicium",1,6.72795972535661e-08,1,6.76179827721279e-08
3030016,"Caproicibacterium argilliputei",1,6.72795972535661e-08,1,6.72841727308071e-08
3035284,"Prevotella sp. B2-R-102",1,6.72795972535661e-08,1,6.64871592830531e-08
3036494,"Streptomyces pakalii",1,6.72795972535661e-08,1,6.72796063433863e-08
1368474,"Romboutsia sedimentorum",1,6.72795972535661e-08,1,6.72796102924663e-08
3050112,"Paenibacillus polygoni",1,6.72795972535661e-08,1,6.78624803715057e-08
505341,"Gallibacterium salpingitidis",1,6.72795972535661e-08,1.3,8.4614243031172e-08
1451356,"Streptococcus moroccensis",1,6.72795972535661e-08,0.5,3.70022612286928e-08
2965078,"Pseudidiomarina fusca",1,6.72795972535661e-08,1,6.74597434708111e-08
588809,"Neurospora hispaniola",1,6.72795972535661e-08,0.5,3.36398031533282e-08
3030997,"Enterobacter chinensis",1,6.72795972535661e-08,1,6.90688824314047e-08
3093659,"Acutalibacter intestini",1,6.72795972535661e-08,1,6.92674696288633e-08
3106036,"Labrys sedimenti",1,6.72795972535661e-08,1,6.72803037740241e-08
3081441,"Lacticaseibacillus salsurivasis",1,6.72795972535661e-08,1.3,8.65521671859947e-08
3040939,"Raoultella lignicola",1,6.72795972535661e-08,1,6.72817004384266e-08
879970,"Defluviitalea saccharophila",1,6.72795972535661e-08,1,6.82892742537517e-08
1737,"Paraclostridium tenue",1,6.72795972535661e-08,1.4,9.52819737975848e-08
66882,"Streptomyces cuspidosporus",1,6.72795972535661e-08,1,6.72796396560281e-08
1077946,"Streptomyces hundungensis",1,6.72795972535661e-08,1,6.92283554952949e-08
121291,"Arthrobacter methylotrophus",1,6.72795972535661e-08,1.1,7.47284680193603e-08
427369,"Streptomonospora halophila",1,6.72795972535661e-08,1.1,7.0802176324943e-08
568869,"Streptomyces sanyensis",1,6.72795972535661e-08,1,6.72796063066564e-08
3133091,"unknown genome; accession ID isNZ_JBBMER010000005.1",1,6.72795972535661e-08,1,6.72799435690021e-08
3161189,"Streptococcus jiangjianxini",1,6.72795972535661e-08,1.2,8.16877285884885e-08
2282420,"Streptococcus hillyeri",1,6.72795972535661e-08,1,6.72890471070347e-08
69220,"Lelliottia nimipressuralis",1,6.72795972535661e-08,1,6.9226968164572e-08
46190,"Streptosporangium vulgare",1,6.72795972535661e-08,1,6.72797505792665e-08
1640501,"Streptococcus caprae",1,6.72795972535661e-08,1.3,8.87186298151955e-08
2172015,"Pseudonocardia lutea",1,6.72795972535661e-08,1.1,7.23233735988224e-08
2665155,"Streptomyces flavalbus",1,6.72795972535661e-08,1,6.72799142187742e-08
230143,"Scardovia wiggsiae",1,6.72795972535661e-08,1,6.72796688525379e-08
3231926,"Lacticaseibacillus jixiensis",1,6.72795972535661e-08,1.2,8.06606100720424e-08
1746200,"Furfurilactobacillus curtus",1,6.72795972535661e-08,1,7.05576445703634e-08
381829,"Pediococcus siamensis",1,6.72795972535661e-08,1.4,9.20781912605146e-08
176160,"Aspergillus ambiguus",1,6.72795972535661e-08,1,6.72796070636706e-08
NA,"unknown genome; accession ID isNZ_DAWEIH010000047.1",1,6.72795972535661e-08,1,6.72808983271119e-08
1776388,"Prevotella phocaeensis",1,6.72795972535661e-08,1.4,9.65298756790405e-08
1243014,"Vibrio thalassae",1,6.72795972535661e-08,1.2,8.13030453652485e-08
1841857,"Culturomica massiliensis",1,6.72795972535661e-08,1,6.97835259622878e-08
1619234,"Anaerobium acetethylicum",1,6.72795972535661e-08,1.1,7.6536614862351e-08
482827,"Thermus arciformis",1,6.72795972535661e-08,1,6.72796063066564e-08
84698,"Clostridium frigidicarnis",1,6.72795972535661e-08,1,6.72796063066564e-08
1871031,"Thermophilibacter mediterraneus",1,6.72795972535661e-08,1,6.90216079847783e-08
1871013,"Parabacteroides timonensis",1,6.72795972535661e-08,1.6,1.10456202643372e-07
1643,"Listeria welshimeri",1,6.72795972535661e-08,1.1,7.14163776566247e-08
1208188,"Mesorhizobium carmichaelinearum",1,6.72795972535661e-08,1,6.72796068721409e-08
764298,"Streptococcus macacae",1,6.72795972535661e-08,1,6.72796063066564e-08
158850,"Providencia rustigianii",1,6.72795972535661e-08,1,6.72870147862332e-08
33033,"Parvimonas micra",1,6.72795972535661e-08,1,6.89913611645649e-08
477666,"Bacteroides graminisolvens",1,6.72795972535661e-08,1,6.7279717520516e-08
1965230,"Saezia sanguinis",1,6.72795972535661e-08,1,6.51669092732134e-08
908285,"Necropsobacter rosorum",1,6.72795972535661e-08,1.7,1.16058088946696e-07
