"TaxonomyID","Genome","read_count","Proportion","readsEM","EMProportion"
649756,"Anaerostipes hadrus",2007383,0.143608436841764,2005607.3,0.14348152382914
2981726,"Hominimerdicola aceti",1784774,0.127682960479302,1784767.1,0.127682573606617
272559,"Bacteroides fragilis",1619340,0.115847790937425,1619339.4,0.115847846109698
1196081,"Talaromyces amestolkiae",1430413,0.102331929167547,1430412.9,0.102332013241976
386585,"Escherichia coli",754217,0.0539567807486088,752320.4,0.0538211449350603
89153,"[Clostridium] hylemonae",596924,0.0427040193890917,596836.7,0.0426978099346623
858893,"Exophiala dermatitidis",395781,0.0283142234150982,395781,0.0283142477199917
2981782,"Blautia ammoniilytica",325369,0.0232769399196705,316628.4,0.0226516547620285
2585117,"Alistipes onderdonkii",318820,0.0228084236211481,318819,0.0228083748496372
411459,"Blautia obeum",307101,0.0219700448606681,312319.7,0.0223434117311977
536633,"Blautia glucerasea",270035,0.0193183384748031,254063.5,0.0181757492730517
1150298,"Fusicatenibacter saccharivorans",254053,0.0181749841484961,259533.3,0.0185670599683661
742742,"Collinsella tanakaei",216642,0.015498596418458,216641.3,0.0154985605092333
39486,"Dorea formicigenerans",211138,0.0151048395537355,205551.5,0.0147051945391944
2881264,"Blautia fusiformis",210383,0.0150508267570667,215649.6,0.0154276123134043
347253,"Streptococcus salivarius",206205,0.014751932102123,206003.3,0.0147375141541057
239935,"Akkermansia muciniphila",201544,0.0144184835653368,201544,0.0144184959259745
411485,"Faecalibacterium prausnitzii",198694,0.0142145942004278,197727.4,0.0141454575779853
823,"Parabacteroides distasonis",185430,0.0132656859421288,185422.8,0.0132651842309589
36656,"Penicillium crustosum",158962,0.0113721618332129,158967,0.0113725298550101
437897,"Megamonas funiformis",150699,0.010781025755233,150699,0.0107810350052479
39491,"Agathobacter rectalis",126556,0.00905383244400608,127553.3,0.00912518903645832
476272,"Blautia hydrogenotrophica",112129,0.00802172301679855,112034.9,0.00801499660715941
1108849,"Penicillium rubens",101406,0.00725459822384463,101394.4,0.00725377353666778
1186058,"Trichosporon asahii",100528,0.00719178599142706,100528,0.00719179216539445
1720300,"Mediterraneibacter massiliensis",90237,0.00645556653378565,90547.4,0.00647778167917533
585394,"Roseburia hominis",85982,0.00615116328898298,85904.5,0.00614562135890257
5068,"Aspergillus tubingensis",79575,0.00569280568864205,79438.7,0.00568305705181486
626937,"Christensenella minuta",78396,0.00560845987768498,78617.1,0.00562428126482015
330879,"Aspergillus fumigatus",75585,0.00540736057776952,75585.7,0.00540741518792002
1309,"Streptococcus mutans",74819,0.00535256083969224,74818.5,0.00535253026997261
1507512,"Romboutsia hominis",69742,0.00498935160964215,69739.7,0.00498918793383203
2981728,"Huintestinicola butyrica",53676,0.00383998791257997,54267.7,0.00388232333345223
5480,"Candida parapsilosis",51954,0.00371679581209814,51954,0.00371679900289292
871665,"Blautia faecis",49643,0.00355146657620179,63641.7,0.00455293844668677
2981779,"Anaerostipes amylophilus",44899,0.00321208020878843,45380.6,0.00324653519520587
622,"Shigella dysenteriae",36928,0.00264183384819571,34141.6,0.00244249414796934
187327,"Acidaminococcus intestini",32587,0.00233127815238176,32617,0.00233342512308556
2885361,"Brotaphodocola catenula",30852,0.00220715603023543,29243.3,0.00209207008230723
84112,"Eggerthella lenta",30292,0.00216709355853403,30292.9,0.00216715969209073
411470,"Mediterraneibacter gnavus",29704,0.00212502796324755,29809.4,0.00213257235647236
28118,"Odoribacter splanchnicus",26838,0.00191999395628998,26784.9,0.00191619840787373
3133156,"Faecalibacterium tardum",25435,0.00181962315665235,22632.8,0.00161915798871867
742727,"Bacteroides oleiciplenus",23179,0.0016582286277981,23159.7,0.00165684723633288
563192,"Bilophila wadsworthia",22944,0.00164141669770912,22944,0.00164141810680557
2003188,"Parolsenella catena",22737,0.00162660789120521,22737.8,0.001626665079736
198214,"Shigella flexneri",22152,0.00158475691630284,26583.6,0.0019017956036506
39488,"Anaerobutyricum hallii",22048,0.00157731674298687,21955.8,0.00157072334107253
180164,"Blautia schinkii",18858,0.00134910373454492,17728.1,0.00126827071388013
2585119,"Alistipes dispar",17345,0.00124086352082308,17110.9,0.00122412043069299
1712515,"Butyricicoccus faecihominis",16690,0.00119400473695804,16720.7,0.00119619933730398
1499973,"Escherichia marmotae",16547,0.00118377449864857,16259.3,0.00116319147653393
1323,"Faecalicoccus pleomorphus",15193,0.00108690916528481,15203.1,0.00108763281990787
2981792,"Oscillibacter acetigenes",14895,0.00106559020712942,14901.3,0.00106604031433868
564,"Escherichia fergusonii",14215,0.00101694292006342,13372.4,0.000956664851276655
2086583,"Pseudoruminococcus massiliensis",12805,0.000916071339529519,11158.6,0.00079829151958166
342942,"Mediterraneibacter glycyrrhizinilyticus",12782,0.00091442591658464,12891,0.000922222454356864
3133155,"Faecalibacterium intestinale",12743,0.000911635851591149,14838,0.00106151186557669
1343,"Streptococcus vestibularis",12637,0.000904052598019097,12358.2,0.000884110226061328
261299,"Intestinibacter bartlettii",12212,0.00087364804360285,12026.7,0.000860392988251075
NA,"unknown genome; accession ID isNZ_CP012480.1",11851,0.000847822057381049,11806.8,0.000844658839095407
3133152,"Blautia intestinihominis",11590,0.000829150083963071,9787.9,0.000700225676896876
213810,"Ruminococcus champanellensis",10905,0.000780145096256885,10905.4,0.000780174886583962
508771,"Toxoplasma gondii",10690,0.000764763968728665,10673.2,0.00076355919510678
624,"Shigella sonnei",10104,0.000722841453698263,10318.3,0.000738174717896426
470146,"Coprococcus comes",8463,0.00060544410358753,7476.9,0.000534895872227924
1134687,"Klebsiella michiganensis",7847,0.000561375384715981,7715,0.00055192924457407
28116,"Bacteroides ovatus",7725,0.000552647489095317,7608,0.000544276613597492
2762229,"Escherichia whittamii",7417,0.000530613129659543,7311,0.000523028897617739
1496,"Clostridioides difficile",7369,0.000527179203513708,7366.1,0.000526975464945452
1579,"Lactobacillus acidophilus",6898,0.000493483803207702,6897.8,0.000493467792409918
3053355,"Streptococcus raffinosi",6820,0.00048790367322072,7192.2,0.000514528626628377
997894,"Enterocloster bolteae",6790,0.000485757469379573,6652.2,0.000475899535130867
621,"Shigella boydii",6682,0.000478031135551445,7098.7,0.000507844654360318
2763023,"Bacteroides hominis",6394,0.000457427578676435,6400,0.000457855085021531
2763027,"Blautia difficilis",6378,0.000456282936627823,6353.7,0.000454548141515046
2764325,"[Eubacterium] hominis",6117,0.000437610963209845,5852.5,0.000418691060693055
3133153,"Blautia aquisgranensis",5979,0.00042773842554057,6363.2,0.000455225412838905
2981789,"Dorea amylophila",5440,0.000389178296527964,5392.8,0.000385800875150255
1121115,"Blautia wexlerae",5421,0.000387819034095238,6226.8,0.000445465149773484
592978,"Mediterraneibacter faecis",5328,0.000381165802187683,5204.9,0.000372362683618362
2763028,"Blautia intestinalis",5171,0.000369934002085681,5003.8,0.000357971787283988
571,"Klebsiella oxytoca",4834,0.000345824978936798,4966.9,0.000355335131033174
2608867,"Escherichia ruysiae",4800,0.000343392614583498,5496.9,0.000393251954132378
27288,"Naumovozyma castellii",4780,0.000341961812022733,4779.9,0.000341958127211435
3133172,"Alistipes intestinihominis",4755,0.000340173308821778,3978,0.000284586073433999
99287,"Salmonella enterica",4745,0.000339457907541395,4738.3,0.000338976280297297
2763025,"Bacteroides parvus",4733,0.000338599426004937,4856.2,0.00034741435204267
47715,"Lacticaseibacillus rhamnosus",4625,0.000330873092176808,4625,0.000330873138063169
2763672,"Simiaoa sunii",4554,0.000325793743086094,4646.5,0.000332414472925656
1360,"Lactococcus lactis",4319,0.00030898181299711,4319.4,0.000309012750897543
2981783,"Blautia acetigignens",4280,0.000306191748003619,4153.9,0.000297168375025139
2885348,"Hominifimenecus microfluidus",3899,0.000278934959221054,3585.1,0.0002564771176626
1308,"Streptococcus thermophilus",3885,0.000277933397428519,3930.9,0.000281220468534924
85831,"Bacteroides acidifaciens",3726,0.00026655851707044,3779.8,0.000270405289049556
580166,"Oceanibaculum pacificum",3671,0.000262623810028338,3277.8,0.000234491995911043
2981770,"Gallintestinimicrobium propionicum",3669,0.000262480729772261,3932,0.000281299140502053
39483,"Faecalitalea cylindroides",3608,0.000258116781961929,3681.5,0.000263376724495247
1448317,"Aspergillus costaricensis",3429,0.000245311099043086,3183.5,0.000227748550928937
2935520,"Faecalibacterium hattorii",3404,0.000243522595842131,3301.8,0.000236209790773465
622312,"Roseburia inulinivorans",3370,0.000241090231488831,3230.9,0.000231137097059512
3133157,"Faecalibacterium faecis",3249,0.000232433875996205,3196.9,0.000228708906291308
1650661,"Clostridium phoceensis",3189,0.000228141468313912,3202.7,0.000229121435653559
1982628,"Faecalibacillus faecis",3185,0.000227855307801759,2848,0.00020374644436569
435590,"Phocaeicola vulgatus",3158,0.000225923724344726,3169.7,0.000226764261548756
671267,"Phocaeicola sartorii",3098,0.000221631316662433,3185.3,0.000227874107890854
103621,"Actinomyces urogenitalis",3031,0.000216838128083871,3031,0.000216838244851235
3133167,"Faecousia intestinalis",2987,0.000213690362450189,3265.4,0.000233606499534253
3133166,"Laedolimicola intestinihominis",2940,0.000210327976432393,3234.3,0.00023138092005134
246787,"Bacteroides cellulosilyticus",2882,0.000206178649006175,2886,0.000206465029457743
39496,"Eubacterium ventriosum",2849,0.000203817824780914,2978.2,0.000213063125246747
2885351,"Hominisplanchenecus faecis",2671,0.000191083681990109,3410.8,0.000244012434133155
208962,"Escherichia albertii",2507,0.000179351100991839,2375.8,0.000169968693026065
2763017,"Anaerosacchariphilus hominis",2505,0.000179208020735763,2793.8,0.000199872025216893
214856,"Alistipes finegoldii",2466,0.000176417955742272,3070.7,0.000219680595006983
1297617,"Intestinimonas butyriciproducens",2429,0.000173770971004858,2432,0.000173984982241131
1628085,"Agathobaculum butyriciproducens",2367,0.000169335483066487,2408.2,0.000172283321753441
154288,"Turicibacter sanguinis",2295,0.000164184593847735,2295,0.000164184733803433
2714353,"Vescimonas fastidiosa",2287,0.000163612272823429,2455.4,0.000175658275834473
550,"Enterobacter cloacae",2224,0.000159105244757021,2166.8,0.000155012433684077
1870993,"Coprococcus phoceensis",2193,0.000156887500787836,2290.1,0.000163832223826628
2763030,"Blautia segnis",2191,0.000156744420531759,2483,0.000177635159912696
2738446,"Anaerostipes faecalis",2189,0.000156601340275683,2207.1,0.000157895465427047
1125630,"Klebsiella pneumoniae",2169,0.000155170537714918,2451.6,0.000175390468223921
2927224,"Akkermansia massiliensis",2135,0.000152738173361618,2131.8,0.000152511775403531
666,"Vibrio cholerae",2085,0.000149161166959707,2083.3,0.000149036366826738
2763040,"Dorea hominis",2057,0.000147158043374637,2793.2,0.000199827092850855
2044573,"Anaerolactibacter massiliensis",2054,0.000146943422990522,2056.4,0.000147118731099468
1211819,"Holdemania massiliensis",1981,0.000141720993643731,1969.4,0.000140894095757302
3030638,"Faecalibacterium taiwanense",1931,0.00013814398724182,2094.6,0.000149850121652426
2763664,"Jutongia hominis",1883,0.000134710061095985,2106.9,0.000150730421503897
1871016,"Collinsella phocaeensis",1882,0.000134638520967947,1810.1,0.00012949624679928
2899544,"Intestinirhabdus alba",1847,0.000132134616486609,1847.2,0.000132148091073147
2316025,"Mediterraneibacter butyricigenes",1841,0.000131705375718379,1967.7,0.000140769732552979
697329,"Ruminococcus albus",1821,0.000130274573157615,1821,0.000130276767287107
1280689,"Clostridium paraputrificum",1808,0.000129344551493118,1809.4,0.000129443124777086
2929491,"Faecalibacterium wellingii",1782,0.000127484508164124,2039.7,0.000145918109173674
1851428,"Faecalibacterium longum",1735,0.000124122122146327,1847.8,0.000132189110964994
1776384,"Emergencia timonensis",1702,0.000121761297921065,1756.8,0.000125683352645885
655863,"Leptographium clavigerum",1624,0.000116181167934084,1623.8,0.00011616932539879
565042,"Bifidobacterium longum",1617,0.000115680387037816,1616,0.000115606048622929
3064195,"Brotocaccenecus cirricatena",1581,0.00011310494242844,1488.8,0.000106509554018865
717959,"Alistipes shahii",1574,0.000112604161532172,1592,0.000113889806157963
411483,"Faecalibacterium duncaniae",1561,0.000111674139867675,1691.7,0.000121021646661204
150056,"Mammaliicoccus fleurettii",1558,0.00011145951948356,1951.2,0.000139591654744762
471875,"[Ruminococcus] lactaris",1545,0.000110529497819063,1543.2,0.000110402277562998
626940,"Phascolarctobacterium succinatutens",1483,0.000106094009880693,1479.4,0.000105835806881447
547043,"Bifidobacterium pseudocatenulatum",1471,0.000105235528344234,1359.7,9.72732746088311e-05
1169293,"Enterococcus faecalis",1446,0.000103447025143279,1446,0.000103447113950716
1448310,"Aspergillus neoniger",1443,0.000103232404759164,1729.8,0.000123751927860036
89014,"Blautia luti",1438,0.000102874704118973,1508.7,0.00010792974599272
2981769,"Waltera acetigignens",1390,9.9440777973138e-05,1852,0.000132495635926577
3036443,"Streptococcus sp. ST2",1371,9.80815155404116e-05,1147.2,8.20744255508266e-05
301302,"Roseburia faecis",1332,9.52914505469207e-05,1501.6,0.000107422588464325
2924040,"Parabacteroides faecalis",1324,9.47191295226149e-05,1321.6,9.45457175721906e-05
1796615,"Blautia caecimuris",1309,9.36460276020414e-05,1358.1,9.71589994370037e-05
1907654,"Collinsella bouchesdurhonensis",1295,9.26444658095062e-05,1264.2,9.04443650746297e-05
871664,"Blautia stercoris",1273,9.10705829926652e-05,1376.4,9.8467072452811e-05
2981725,"Brotonthovivens ammoniilytica",1259,9.006902120013e-05,1469,0.000105090370269759
1121321,"Asaccharospora irregularis",1216,8.69927956944862e-05,1174.9,8.40556387415377e-05
105843,"Anaerobutyricum soehngenii",1203,8.60627740299892e-05,1225.8,8.76935321403452e-05
2093857,"Dysosmobacter welbionis",1193,8.53473727496069e-05,1212.4,8.67351368658931e-05
116085,"Coprococcus catus",1152,8.24142275000395e-05,1311.1,9.37968758619733e-05
760570,"Streptococcus parasanguinis",1133,8.10549650673132e-05,1006.2,7.19873017150764e-05
2763670,"Wujia chipingensis",1100,7.86941408420516e-05,1284.6,9.18993888845175e-05
2685834,"Parabacteroides chongii",1100,7.86941408420516e-05,1127.2,8.06384023597733e-05
2891570,"Pseudocitrobacter corydidari",1065,7.61902363607136e-05,1071.1,7.66289175603662e-05
39490,"Eubacterium ramulus",1062,7.59756159765989e-05,1158.7,8.28906008934293e-05
2885352,"Hominiventricola filiformis",1049,7.5045594312102e-05,1139.1,8.14921260289953e-05
2981790,"Faecalicatena acetigenes",1021,7.30424707270316e-05,1024.8,7.33135907561015e-05
169435,"Anaerotruncus colihominis",993,7.10393471419612e-05,989.2,7.07654922323133e-05
3078042,"Pilosibacter fragilis",972,6.95370044531584e-05,986.1,7.05465131924032e-05
818,"Bacteroides thetaiotaomicron",943,6.74623407400497e-05,956.7,6.84401874510355e-05
2763064,"Roseburia zhanii",925,6.61746184353616e-05,1035.2,7.40562443828063e-05
2763065,"Ruminococcus hominis",921,6.58884579232087e-05,996,7.12558885136651e-05
3133499,"Maccoyibacter intestinihominis",908,6.49584362587117e-05,982,7.02550719449964e-05
2012495,"Lactobacillus panisapium",907,6.48868961306735e-05,907,6.48861699921469e-05
1559,"Clostridium tertium",900,6.43861152344059e-05,900,6.43860149106531e-05
2494701,"Enterobacter chengduensis",892,6.38137942101001e-05,902.4,6.4555089039314e-05
2509240,"Blautia faecicola",885,6.33130133138325e-05,1211.2,8.66530529504008e-05
1177179,"Alcanivorax hongdengensis",866,6.19537508811061e-05,760.2,5.43816930558066e-05
566552,"Bifidobacterium catenulatum",843,6.03083279362268e-05,955.1,6.83270462592765e-05
154046,"Hungatella hathewayi",815,5.83052043511564e-05,852.4,6.09811007498186e-05
2981768,"Anthropogastromicrobium aceti",807,5.77328833268506e-05,859.8,6.1510160074023e-05
1812935,"Enterobacter roggenkampii",787,5.6302080766086e-05,808.7,5.78530342100839e-05
1448311,"Aspergillus vadensis",786,5.62305406380478e-05,826.8,5.9146496178515e-05
1851427,"Faecalibacterium butyricigenerans",776,5.55151393576655e-05,1016,7.26824094101867e-05
2763671,"Jingyaoa shaoxingensis",767,5.48712782053215e-05,885.3,6.33340773942878e-05
1624,"Ligilactobacillus salivarius",763,5.45851176931685e-05,763.4,5.46149539417977e-05
2763045,"Eubacterium segne",759,5.42989571810156e-05,931,6.66015016065096e-05
73098,"Kluyvera georgiana",758,5.42274170529774e-05,758,5.4228237839269e-05
536231,"Roseburia intestinalis",754,5.39412565408245e-05,765.8,5.47874286832946e-05
33043,"Coprococcus eutactus",728,5.20812132118305e-05,754.2,5.39561845067985e-05
2590867,"Enorma burkinafasonensis",725,5.18665928277158e-05,621.1,4.44301154061435e-05
1547,"Thomasclavelia ramosa",716,5.12227316753718e-05,716.3,5.12472518856259e-05
88456,"Cyclospora cayetanensis",710,5.07934909071424e-05,710,5.07935399983152e-05
3111861,"Streptococcus gingivalis",699,5.00065494987219e-05,998.5,7.14363001976045e-05
2107999,"Lactobacillus paragasseri",697,4.98634692426454e-05,697,4.98670223238126e-05
40519,"Ruminococcus callidus",686,4.90765278342249e-05,685.8,4.90592672880809e-05
2981786,"Coprococcus aceti",683,4.88619074501102e-05,686.4,4.91084763987535e-05
2981794,"Roseburia amylophila",677,4.84326666818809e-05,720.9,5.15709921196638e-05
188913,"Cetobacterium somerae",674,4.82180462977662e-05,674,4.82178662303932e-05
1314,"Streptococcus pyogenes",671,4.80034259136515e-05,724.6,5.18409502991315e-05
2589788,"Streptococcus xiaochunlingii",650,4.65010832248487e-05,608.6,4.35365498920829e-05
2650157,"Bacteroides zhangwenhongii",645,4.61433825846575e-05,694.1,4.9657178371642e-05
33039,"[Ruminococcus] torques",640,4.57856819444664e-05,642.6,4.59727863598465e-05
2764323,"Catenibacterium faecis",635,4.54279813042753e-05,636.5,4.55381924534318e-05
5076,"Penicillium chrysogenum",635,4.54279813042753e-05,640.3,4.58058184303275e-05
2488306,"Pseudocitrobacter vendiensis",635,4.54279813042753e-05,621,4.44288152230065e-05
2838470,"Candidatus Bacteroides intestinigallinarum",634,4.5356441176237e-05,626.4,4.48128892121709e-05
1111760,"Streptococcus troglodytae",628,4.49272004080077e-05,625.2,4.47238580650904e-05
2478464,"Enterobacter oligotrophicus",612,4.3782558359396e-05,499.3,3.57196285919453e-05
2981771,"Laedolimicola ammoniilytica",572,4.09209532378668e-05,569.9,4.07717748978583e-05
2681861,"Sporofaciens musculi",567,4.05632525976757e-05,586.5,4.19554026952e-05
694437,"Flammeovirga aprica",564,4.0348632213561e-05,549.5,3.9309124601565e-05
371601,"Bacteroides xylanisolvens",564,4.0348632213561e-05,531.3,3.80110149333451e-05
1118062,"Peptoniphilus obesi",544,3.89178296527964e-05,541,3.87008038970505e-05
548,"Klebsiella aerogenes",543,3.88462895247582e-05,529.1,3.7852365951397e-05
2994035,"Sellimonas catena",539,3.85601290126053e-05,607.9,4.34884015564092e-05
45851,"Eshraghiella crossota",535,3.82739685004524e-05,529.3,3.78659510540592e-05
763034,"Bacteroides fluxus",525,3.75585672200701e-05,509,3.64161501560487e-05
2690837,"Eggerthella guodeyinii",515,3.68431659396878e-05,515.2,3.68573456923841e-05
1305,"Streptococcus sanguinis",504,3.60562245312673e-05,502.9,3.59762989733134e-05
2498453,"Geminicoccus harenae",502,3.59131442751908e-05,547.1,3.9141777805911e-05
1122155,"Lactonifactor longoviformis",498,3.56269837630379e-05,641.7,4.59099294109671e-05
1287640,"Anaerococcus obesiensis",494,3.5340823250885e-05,491.4,3.51545855980432e-05
2941338,"Streptococcus caecimuris",477,3.41246410742351e-05,491.4,3.51544957155712e-05
2981774,"Suilimivivens aceti",474,3.39100206901204e-05,651.6,4.66123643196524e-05
2763042,"Dysosmobacter segnis",468,3.34807799218911e-05,555.1,3.97131463931609e-05
197614,"Streptococcus pasteurianus",465,3.32661595377764e-05,492.9,3.52612106867724e-05
555970,"Bifidobacterium animalis",462,3.30515391536617e-05,462,3.30483283962002e-05
2665155,"Streptomyces flavalbus",462,3.30515391536617e-05,461.6,3.302290431559e-05
2841509,"Butyricicoccus intestinisimiae",460,3.29084588975852e-05,526,3.76287210977682e-05
2044587,"Schaedlerella arabinosiphila",459,3.2836918769547e-05,370.9,2.65326305675127e-05
3435293,"Faecalibacterium langellae",450,3.21930576172029e-05,463.9,3.31901751691462e-05
484018,"Phocaeicola plebeius",445,3.18353569770118e-05,454.2,3.2492906508232e-05
2850323,"Diplocloster agilis",445,3.18353569770118e-05,509.7,3.64640999417756e-05
565655,"Enterococcus casseliflavus",444,3.17638168489736e-05,443.9,3.17558574745484e-05
2981788,"Dorea ammoniilytica",443,3.16922767209353e-05,475.4,3.40126384131926e-05
1926283,"Lachnoclostridium edouardi",441,3.15491964648589e-05,379,2.71143532326229e-05
3133180,"Enterobacter intestinihominis",440,3.14776563368207e-05,458.5,3.28026502901401e-05
1796613,"Bacteroides caecimuris",433,3.09768754405531e-05,438.5,3.13693210000737e-05
419007,"Tatumella terrea",430,3.07622550564384e-05,441.2,3.15606376399134e-05
3133162,"Ruminococcoides intestinale",422,3.01899340321325e-05,422.6,3.02319932059581e-05
684066,"Streptococcus lactarius",419,2.99753136480178e-05,456.9,3.26877680623904e-05
1982626,"Faecalibacillus intestinalis",418,2.99037735199796e-05,600.3,4.29471936784914e-05
1005665,"Kosakonia oryzendophytica",418,2.99037735199796e-05,413.7,2.95953039672085e-05
1448313,"Aspergillus piperis",409,2.92599123676356e-05,409.4,2.9291251493924e-05
2562449,"Citrobacter tructae",408,2.91883722395973e-05,428.8,3.06734156456525e-05
3133154,"Coprococcus intestinihominis",405,2.89737518554826e-05,405.2,2.89871028170899e-05
2652276,"Holdemanella porci",403,2.88306715994062e-05,402.7,2.88059779788726e-05
2981772,"Muricoprocola aceti",398,2.8472970959215e-05,427.7,3.05949762619642e-05
2763675,"Jilunia laotingensis",397,2.84014308311768e-05,377.1,2.69767151619483e-05
2981787,"Dorea acetigenes",397,2.84014308311768e-05,408.6,2.92287664734319e-05
2126740,"Clostridium fessum",387,2.76860295507945e-05,380.2,2.71961657975751e-05
310298,"Phocaeicola coprocola",377,2.69706282704122e-05,334.4,2.39259346302891e-05
1121098,"Phocaeicola massiliensis",376,2.6899088142374e-05,417.3,2.98516936750873e-05
568814,"Streptococcus suis",371,2.65413875021829e-05,340.5,2.43595941473522e-05
2025493,"Blautia hominis",366,2.61836868619917e-05,330.3,2.36306627352522e-05
2303987,"Motilimonas pumila",362,2.58975263498388e-05,407.9,2.91780177488871e-05
1341,"Streptococcus ratti",361,2.58259862218006e-05,361.7,2.58752935125813e-05
5851,"Plasmodium knowlesi",359,2.56829059657241e-05,360.5,2.57874648780543e-05
879566,"Acetatifactor muris",351,2.51105849414183e-05,364.2,2.60525848684873e-05
2653932,"Citrobacter telavivensis",350,2.50390448133801e-05,319.7,2.2872314119323e-05
2605778,"Clostridium porci",349,2.49675046853418e-05,429.3,3.07147697136824e-05
1095768,"Phytobacter massiliensis",344,2.46098040451507e-05,322.6,2.30782781536074e-05
2764326,"Fusobacterium hominis",339,2.42521034049595e-05,338.6,2.4224714399154e-05
3163327,"Photorhabdus viridis",337,2.41090231488831e-05,330.5,2.36455277899072e-05
2040291,"Dorea phocaeensis",337,2.41090231488831e-05,337.2,2.41265865627241e-05
2941333,"Mediterraneibacter agrestimuris",334,2.38944027647684e-05,369.7,2.64487401616605e-05
328812,"Parabacteroides goldsteinii",333,2.38228626367302e-05,331.1,2.36886805548171e-05
3098076,"Streptococcus lingualis",333,2.38228626367302e-05,306.6,2.19310135692435e-05
2316720,"Corallococcus interemptor",329,2.35367021245773e-05,263.7,1.88642726574959e-05
291644,"Bacteroides salyersiae",323,2.31074613563479e-05,351.5,2.51431432545084e-05
2763062,"Roseburia rectibacter",322,2.30359212283097e-05,395.1,2.82674971179633e-05
2896850,"Phocaeicola oris",317,2.26782205881185e-05,323.2,2.31224898047584e-05
271096,"Shewanella canadensis",314,2.24636002040038e-05,297.8,2.13064317202019e-05
1531,"Enterocloster clostridioformis",313,2.23920600759656e-05,419,2.99750475494164e-05
60171,"Penicillium verrucosum",310,2.21774396918509e-05,307.2,2.19762587742639e-05
3133158,"Lachnospira intestinalis",305,2.18197390516598e-05,307.9,2.20264386369727e-05
29374,"Filifactor villosus",305,2.18197390516598e-05,243,1.7380840659762e-05
1639133,"Citrobacter portucalensis",304,2.17481989236215e-05,303,2.1679400836527e-05
1410646,"Bifidobacterium merycicum",302,2.16051186675451e-05,300.1,2.14701707785443e-05
147206,"Collinsella stercoris",299,2.13904982834304e-05,371.2,2.65537584168019e-05
324831,"Lactobacillus gasseri",296,2.11758778993157e-05,295.5,2.11373671738494e-05
3093657,"Acutalibacter caecimuris",296,2.11758778993157e-05,296.5,2.1210652046788e-05
1448314,"Aspergillus eucalypticola",294,2.10327976432393e-05,337.7,2.41557219636037e-05
1703332,"Butyribacter intestini",291,2.08181772591246e-05,291.2,2.08360188701824e-05
2774015,"Pectobacterium quasiaquaticum",280,2.00312358507041e-05,276.3,1.97660642994624e-05
764299,"Streptococcus ictaluri",277,1.98166154665894e-05,249.8,1.78710509444509e-05
515620,"Lachnospira eligens",274,1.96019950824747e-05,358.2,2.56279739524902e-05
1218085,"Citrobacter rodentium",274,1.96019950824747e-05,279.9,2.00257688681651e-05
1440762,"Dyella japonica",265,1.89581339301306e-05,265,1.89568739009934e-05
67827,"Citrobacter werkmanii",263,1.88150536740542e-05,352.7,2.52290700013723e-05
1069201,"Aspergillus luchuensis",262,1.87435135460159e-05,273.7,1.95804979754299e-05
2943492,"Corynebacterium intestinale",254,1.81711925217101e-05,254,1.81712080801833e-05
2499078,"Vibrio ouci",253,1.80996523936719e-05,242.5,1.73519248571341e-05
3133170,"Ventrimonas faecis",251,1.79565721375954e-05,276.7,1.97985295804967e-05
762982,"Paraprevotella xylaniphila",248,1.77419517534807e-05,338,2.4182491097856e-05
3098075,"Streptococcus dentalis",247,1.76704116254425e-05,253,1.81011110858343e-05
67829,"Citrobacter murliniae",242,1.73127109852514e-05,225.5,1.61295597659469e-05
502577,"Actinoallomurus acaciae",241,1.72411708572131e-05,239.1,1.71031520778812e-05
1720294,"Eisenbergiella massiliensis",239,1.70980906011367e-05,215.2,1.53952444598459e-05
1234680,"Streptococcus rubneri",239,1.70980906011367e-05,245.1,1.75322876164853e-05
693979,"Bacteroides helcogenes",236,1.6883470217022e-05,235.8,1.68667848764442e-05
2606628,"Suipraeoptans intestinalis",236,1.6883470217022e-05,236.4,1.69143745182906e-05
2764329,"Paeniclostridium hominis",235,1.68119300889838e-05,235,1.68086558627159e-05
NA,"unknown genome; accession ID isNZ_LT671675.1",228,1.63111491927162e-05,228.5,1.63489532483012e-05
2715212,"Bacteroides faecium",227,1.62396090646779e-05,228.9,1.6372545358009e-05
2292441,"Paratractidigestivibacter faecalis",226,1.61680689366397e-05,262.3,1.87669945464092e-05
391612,"Crocosphaera chwakensis",225,1.60965288086015e-05,214.6,1.53523817643269e-05
2949662,"Coprococcus sp. B2-R-112",225,1.60965288086015e-05,258,1.84540443740247e-05
460384,"Enterocloster lavalensis",220,1.57388281684103e-05,223.6,1.59982771215823e-05
2763038,"Clostridium segne",216,1.54526676562574e-05,255.8,1.82996879154304e-05
1118059,"Kallipyga massiliensis",212,1.51665071441045e-05,211.9,1.51596908681307e-05
2726742,"Flammeovirga agarivorans",210,1.5023426888028e-05,224,1.60274302569555e-05
2954240,"Streptococcus bouchesdurhonensis",210,1.5023426888028e-05,221,1.58112885831687e-05
102684,"Streptococcus infantarius",209,1.49518867599898e-05,209.1,1.49624269488646e-05
1472417,"Butyricimonas paravirosa",207,1.48088065039134e-05,211.2,1.51073316779949e-05
113107,"Streptococcus australis",207,1.48088065039134e-05,233.8,1.67258246927712e-05
2881276,"Fusicatenibacter faecihominis",203,1.45226459917604e-05,219,1.56698069047147e-05
1123311,"Streptococcus orisratti",200,1.43080256076458e-05,178.6,1.27760635475122e-05
1034346,"Dielma fastidiosa",197,1.40934052235311e-05,239.7,1.71454776025205e-05
2978477,"Eubacterium album",197,1.40934052235311e-05,219.9,1.57303562255486e-05
2981720,"Bovifimicola ammoniilytica",197,1.40934052235311e-05,200.8,1.43671501975889e-05
888746,"Streptococcus peroris",194,1.38787848394164e-05,196.1,1.40267524670413e-05
88431,"Dorea longicatena",192,1.37357045833399e-05,205.6,1.47065244819129e-05
1290,"Staphylococcus hominis",189,1.35210841992252e-05,189,1.35210850566128e-05
2726362,"Faecalicatena faecalis",187,1.33780039431488e-05,203.1,1.45275224920013e-05
2714358,"Pusillibacter faecalis",187,1.33780039431488e-05,211.4,1.51248587894139e-05
45133,"Lasiodiplodia theobromae",186,1.33064638151105e-05,242.7,1.73612174530324e-05
1035377,"Yersinia pestis",185,1.32349236870723e-05,185.1,1.32395299387e-05
348802,"Exophiala xenobiotica",185,1.32349236870723e-05,147.1,1.05250965683099e-05
2606629,"Floccifex porci",184,1.31633835590341e-05,190,1.35943047198692e-05
1393034,"Atopobium deltae",181,1.29487631749194e-05,174.9,1.25143603937644e-05
2763050,"Hungatella hominis",179,1.28056829188429e-05,179.1,1.28132868850714e-05
3142537,"Enterobacter adelaidei",177,1.26626026627665e-05,176.7,1.26403166757504e-05
53345,"Enterococcus durans",171,1.22333618945371e-05,172.6,1.23443959462302e-05
2364791,"Enterococcus mediterraneensis",169,1.20902816384607e-05,171.5,1.22726843735834e-05
291645,"Bacteroides nordii",168,1.20187415104224e-05,152.8,1.093095860079e-05
596329,"Peptostreptococcus anaerobius",167,1.19472013823842e-05,171.4,1.2263788616752e-05
3133164,"Hominiventricola aquisgranensis",166,1.1875661254346e-05,177.3,1.26810508004847e-05
2838426,"Candidatus Agathobaculum pullicola",166,1.1875661254346e-05,171,1.22353087858804e-05
2382163,"Streptococcus koreensis",164,1.17325809982695e-05,190.9,1.36561444726386e-05
2763061,"Roseburia lenta",164,1.17325809982695e-05,164.7,1.17859552669977e-05
2652274,"Eisenbergiella porci",162,1.15895007421931e-05,152.5,1.09131127555129e-05
2763047,"Flintibacter faecis",157,1.12318001020019e-05,160.9,1.15132131044417e-05
2764327,"Holdemanella hominis",154,1.10171797178872e-05,200.1,1.43185519013834e-05
2015901,"Massilicoli timonensis",154,1.10171797178872e-05,165.6,1.18458107466247e-05
2650158,"Bacteroides luhongzhouii",151,1.08025593337725e-05,197.5,1.41256534215652e-05
67774,"Neorhizobium huautlense",148,1.05879389496579e-05,148,1.05879480435433e-05
2509433,"Senegalimassilia faecalis",146,1.04448586935814e-05,153.7,1.09957969131244e-05
2763021,"Bacteroides difficilis",146,1.04448586935814e-05,147.3,1.05358538383954e-05
2316736,"Corallococcus exercitus",145,1.03733185655432e-05,142.6,1.0199928015766e-05
2946555,"Akkermansia biwaensis",145,1.03733185655432e-05,148.2,1.05998729573599e-05
2713419,"Collinsella acetigenes",144,1.03017784375049e-05,175.6,1.25649513100365e-05
2981785,"Coprococcus ammoniilyticus",143,1.02302383094667e-05,143.4,1.02592600014456e-05
218493,"Salmonella bongori",142,1.01586981814285e-05,136.9,9.7946126972048e-06
2071710,"Enterobacter sichuanensis",142,1.01586981814285e-05,136,9.72741613882447e-06
358742,"Enterocloster aldenensis",142,1.01586981814285e-05,140.8,1.00735206008569e-05
253257,"Lacrimispora amygdalina",141,1.00871580533903e-05,144.1,1.03094588981618e-05
2597270,"Alkalicoccobacillus porphyridii",140,1.0015617925352e-05,143.9,1.02972793244423e-05
2047724,"Franconibacter daqui",140,1.0015617925352e-05,140.1,1.00240538897019e-05
871325,"Bacteroides faecichinchillae",137,9.80099754123734e-06,175.6,1.25632836810075e-05
1352,"Enterococcus faecium",136,9.72945741319911e-06,122,8.72921542688375e-06
2763048,"Flintibacter hominis",136,9.72945741319911e-06,136,9.73050414505917e-06
2585118,"Alistipes communis",134,9.58637715712265e-06,134.3,9.60759743937036e-06
365590,"Shewanella hafniensis",134,9.58637715712265e-06,133.6,9.55810307471868e-06
3037989,"Bacteroides vicugnae",133,9.51483702908442e-06,149,1.06597239868113e-05
46503,"Parabacteroides merdae",133,9.51483702908442e-06,131.6,9.41545098246988e-06
1206725,"Nocardia brevicatena",132,9.4432969010462e-06,164.4,1.17607643031396e-05
1735,"Holdemanella biformis",130,9.30021664496974e-06,141,1.00892758656553e-05
2316726,"Corallococcus sicarius",128,9.15713638889328e-06,122.2,8.73869129331297e-06
889204,"Streptococcus infantis",126,9.01405613281682e-06,120.5,8.61714921126243e-06
1579424,"Streptococcus azizii",126,9.01405613281682e-06,126.3,9.03338256624239e-06
2652286,"Sharpea porci",124,8.87097587674036e-06,125.2,8.95751974664512e-06
1871013,"Parabacteroides timonensis",123,8.79943574870214e-06,124.5,8.90859211137971e-06
2981784,"[Clostridium] ammoniilyticum",122,8.72789562066391e-06,320.9,2.29595888257906e-05
1550024,"Ruthenibacterium lactatiformans",121,8.65635549262568e-06,120.4,8.61243362573051e-06
2547410,"Enterocloster alcoholdehydrogenati",121,8.65635549262568e-06,127.7,9.13545290267788e-06
2219695,"Luxibacter massiliensis",121,8.65635549262568e-06,185.2,1.32507914772853e-05
2652282,"Peptostreptococcus porci",119,8.51327523654922e-06,118.7,8.49139354574203e-06
2981724,"Alitiscatomonas aceti",119,8.51327523654922e-06,126.1,9.02214965972785e-06
2885357,"Hominenteromicrobium mulieris",118,8.44173510851099e-06,120.3,8.60810858723226e-06
39482,"Faecalicatena contorta",118,8.44173510851099e-06,126.6,9.05766726494652e-06
1522,"[Clostridium] innocuum",117,8.37019498047276e-06,123.7,8.84758252997587e-06
1796635,"Longicatena caecimuris",115,8.22711472439631e-06,105.9,7.5736020350147e-06
1505757,"Siccibacter colletis",115,8.22711472439631e-06,108.1,7.73196189865593e-06
2161814,"Lactimicrobium massiliense",115,8.22711472439631e-06,114.7,8.20578770346382e-06
100884,"Coprobacillus cateniformis",114,8.15557459635808e-06,129.6,9.27466651314003e-06
195,"Campylobacter coli",114,8.15557459635808e-06,114,8.1552230476568e-06
2763063,"Roseburia yibonii",114,8.15557459635808e-06,118.6,8.48457217302007e-06
1720204,"Collinsella ihumii",113,8.08403446831985e-06,116,8.29948535291304e-06
60172,"Penicillium solitum",112,8.01249434028162e-06,109.6,7.8418666359017e-06
1615494,"Mixta intestinalis",109,7.79787395616693e-06,135.8,9.71368681463665e-06
2743469,"Rhabdonatronobacter sediminivivens",109,7.79787395616693e-06,93.6,6.69638703084323e-06
1334,"Streptococcus dysgalactiae",109,7.79787395616693e-06,124.1,8.87775512854899e-06
1076124,"Phytohabitans flavus",107,7.65479370009048e-06,108.4,7.75409494792859e-06
411467,"Pseudoflavonifractor capillosus",106,7.58325357205225e-06,110.1,7.87616941552038e-06
2172043,"Bifidobacterium tibiigranuli",106,7.58325357205225e-06,118.5,8.47839409613674e-06
2763054,"Mediterraneibacter hominis",106,7.58325357205225e-06,105,7.51122069477225e-06
83332,"Mycobacterium tuberculosis",105,7.51171344401402e-06,105,7.51171989268686e-06
1702221,"Faecalibaculum rodentium",105,7.51171344401402e-06,105.8,7.56673170788213e-06
2763014,"Agathobaculum hominis",105,7.51171344401402e-06,119.3,8.53334346699255e-06
215243,"Exophiala oligosperma",104,7.44017331597579e-06,109.3,7.81925853118558e-06
1236512,"Bacteroides rodentium",102,7.29709305989933e-06,103.3,7.39182387889502e-06
658666,"Bacillus bombysepticus",102,7.29709305989933e-06,101.7,7.27916970282114e-06
650003,"Vibrio paracholerae",102,7.29709305989933e-06,102.7,7.34376507562246e-06
2583452,"Amedibacterium intestinale",101,7.2255529318611e-06,104.2,7.45430428578712e-06
1816676,"Alistipes provencensis",99,7.08247267578465e-06,93.6,6.69441055580483e-06
764290,"Streptococcus downei",98,7.01093254774642e-06,99.8,7.14202402172607e-06
1034345,"Senegalimassilia anaerobia",97,6.93939241970819e-06,142.6,1.02037778817332e-05
742726,"Barnesiella intestinihominis",97,6.93939241970819e-06,95.2,6.80975984129676e-06
293939,"Aspergillus lentulus",97,6.93939241970819e-06,92.2,6.59676042114097e-06
1069534,"Ligilactobacillus ruminis",96,6.86785229166996e-06,96,6.87092966911111e-06
1259973,"Klebsiella electrica",96,6.86785229166996e-06,87.8,6.28132687325516e-06
2919919,"Atopomonas sediminilitoris",96,6.86785229166996e-06,78.2,5.5971202430631e-06
2949669,"Curtanaerobium respiraculi",96,6.86785229166996e-06,96.1,6.87318075088497e-06
1796636,"Frisingicoccus caecimuris",95,6.79631216363173e-06,95.4,6.82522936227635e-06
1720315,"Hugonella massiliensis",94,6.7247720355935e-06,94.8,6.78341884670386e-06
2107694,"Aphanothece hegewaldii",93,6.65323190755527e-06,92.9,6.64520756856463e-06
3095082,"Streptococcus fermentans",93,6.65323190755527e-06,83.5,5.97160039285454e-06
2507160,"Aminipila luticellarii",92,6.58169177951705e-06,92,6.58169742978278e-06
880526,"Rikenella microfusus",91,6.51015165147882e-06,90.8,6.49546611619975e-06
979627,"Lachnoanaerobaculum orale",90,6.43861152344059e-06,98,7.00907650730188e-06
3097367,"Actinomadura monticuli",90,6.43861152344059e-06,90,6.43861705087446e-06
559292,"Saccharomyces cerevisiae",89,6.36707139540236e-06,86,6.15376546077467e-06
1300307,"Mesorhizobium waimense",89,6.36707139540236e-06,88.9,6.36269101985786e-06
2606633,"Oliverpabstia intestinalis",89,6.36707139540236e-06,97,6.94186207934866e-06
3140788,"Streptococcus nidrosiense",89,6.36707139540236e-06,91.3,6.53277326291765e-06
1470345,"Bacteroides timonensis",86,6.15245101128767e-06,73.3,5.24106061376183e-06
180344,"Vagococcus elongatus",86,6.15245101128767e-06,85,6.0813446067105e-06
2763676,"Qingrenia yutianensis",86,6.15245101128767e-06,85.2,6.097045071553e-06
3079010,"Diplocloster hominis",86,6.15245101128767e-06,85,6.08286593690519e-06
1968889,"Streptococcus downii",85,6.08091088324944e-06,95.6,6.84161940071952e-06
742818,"Slackia piriformis",84,6.00937075521122e-06,84.7,6.0602404724638e-06
518635,"Bifidobacterium angulatum",84,6.00937075521122e-06,86.2,6.16464748298704e-06
2014742,"Vibrio tarriae",83,5.93783062717299e-06,82.7,5.91462455976384e-06
3133177,"Bifidobacterium hominis",83,5.93783062717299e-06,84.7,6.06005084102866e-06
1871008,"Eggerthella timonensis",83,5.93783062717299e-06,81.4,5.82306074885145e-06
764298,"Streptococcus macacae",83,5.93783062717299e-06,83,5.93795936998743e-06
212818,"Exophiala mesophila",82,5.86629049913476e-06,98.6,7.05223175549205e-06
37727,"Talaromyces marneffei",81,5.79475037109653e-06,71.3,5.10013291691266e-06
1776392,"Massilimicrobiota timonensis",81,5.79475037109653e-06,80.2,5.73699455955371e-06
1121333,"Thomasclavelia saccharogumia",79,5.65167011502007e-06,81.2,5.80801946146658e-06
2604158,"Nitratidesulfovibrio liaohensis",79,5.65167011502007e-06,79,5.65167496687869e-06
881260,"Enterobacter bugandensis",79,5.65167011502007e-06,84.6,6.05557897975567e-06
1912855,"Faecalimonas umbilicata",78,5.58012998698184e-06,79.1,5.66188681482526e-06
1870997,"Alterileibacterium massiliense",77,5.50858985894361e-06,78.8,5.63446754060376e-06
44742,"Desulfovibrio fairfieldensis",76,5.43704973090539e-06,76,5.43705442920481e-06
67824,"Citrobacter farmeri",76,5.43704973090539e-06,111.5,7.97706588715078e-06
158836,"Enterobacter hormaechei",75,5.36550960286716e-06,59,4.22373150872058e-06
537973,"Lacticaseibacillus paracasei",74,5.29396947482893e-06,74,5.2927384315812e-06
433664,"Nocardioides agariphilus",74,5.29396947482893e-06,77.8,5.56923263188663e-06
69359,"Thiohalocapsa halophila",74,5.29396947482893e-06,74.4,5.32197930231154e-06
331117,"Aspergillus fischeri",73,5.2224293467907e-06,74.6,5.34008661628653e-06
1655439,"Micromonospora craterilacus",73,5.2224293467907e-06,73.1,5.22687323141656e-06
2582917,"Klebsiella indica",73,5.2224293467907e-06,75.5,5.40162479228537e-06
2764712,"Lentihominibacter faecis",72,5.15088921875247e-06,77.5,5.54722095193125e-06
537006,"Parabacteroides johnsonii",72,5.15088921875247e-06,75.2,5.3799680810552e-06
745368,"Gemmiger formicilis",72,5.15088921875247e-06,73.4,5.25442492668381e-06
2486576,"Absicoccus porci",71,5.07934909071424e-06,68.9,4.92907219072642e-06
2888525,"Thermomonas alba",71,5.07934909071424e-06,74.2,5.3116524540254e-06
3034352,"Enterococcus entomosocium",71,5.07934909071424e-06,65.4,4.68175067194183e-06
1590,"Lactiplantibacillus plantarum",70,5.00780896267601e-06,70,5.0067517795577e-06
283354,"Alternaria metachromatica",70,5.00780896267601e-06,70,5.00921300665364e-06
126998,"Penicillium bovifimosum",70,5.00780896267601e-06,70,5.00566865107053e-06
1871006,"Bacteroides congonensis",70,5.00780896267601e-06,70.3,5.03129194585214e-06
210,"Helicobacter pylori",69,4.93626883463778e-06,68.9,4.9267942878735e-06
2172545,"Streptococcus halitosis",68,4.86472870659956e-06,69.8,4.99156244303235e-06
147207,"Collinsella intestinalis",68,4.86472870659956e-06,64,4.5775840898711e-06
2093856,"Butyricimonas faecalis",67,4.79318857856133e-06,68.4,4.89042406401751e-06
537007,"Blautia hansenii",66,4.7216484505231e-06,68.3,4.88565892292421e-06
2597702,"Serratia rhizosphaerae",66,4.7216484505231e-06,69.7,4.98299029255416e-06
2763644,"Zhenpiania hominis",66,4.7216484505231e-06,71.1,5.08634336988581e-06
357441,"Enterococcus lactis",66,4.7216484505231e-06,69.4,4.96225827357687e-06
3133171,"Pseudoflavonifractor intestinihominis",66,4.7216484505231e-06,61.6,4.40658112226538e-06
3095078,"Streptococcus wuxiensis",66,4.7216484505231e-06,67.2,4.81078868464557e-06
1776391,"Romboutsia timonensis",66,4.7216484505231e-06,66,4.7215127425989e-06
59310,"Streptococcus macedonicus",65,4.65010832248487e-06,79.2,5.66402831012625e-06
1776388,"Prevotella phocaeensis",65,4.65010832248487e-06,62.8,4.49294413729444e-06
1410674,"Sharpea azabuensis",64,4.57856819444664e-06,64.9,4.6399804766439e-06
1502,"Clostridium perfringens",64,4.57856819444664e-06,64,4.57857212506628e-06
2748301,"Streptococcus vaginalis",64,4.57856819444664e-06,61.5,4.40022766640513e-06
268346,"Penicillium mononematosum",64,4.57856819444664e-06,63.6,4.55176030135411e-06
471870,"Bacteroides intestinalis",63,4.50702806640841e-06,72.9,5.216383208658e-06
1494462,"Lactococcus hircilactis",63,4.50702806640841e-06,62.5,4.47083652420303e-06
1917868,"Blautia marasmi",63,4.50702806640841e-06,103.3,7.39292342197964e-06
44008,"Enterococcus cecorum",63,4.50702806640841e-06,47.8,3.42101067210065e-06
2877527,"Blautia parvula",62,4.43548793837018e-06,62.3,4.45457327417732e-06
1123299,"Streptococcus castoreus",61,4.36394781033195e-06,58.1,4.15786471961256e-06
2026339,"Oceanibium sediminis",60,4.29240768229373e-06,75.1,5.36917868760954e-06
2588991,"Streptococcus symci",60,4.29240768229373e-06,91.2,6.52505276697072e-06
358743,"Enterocloster citroniae",60,4.29240768229373e-06,60.5,4.32872155897133e-06
2583810,"Alteribacter natronophilus",59,4.2208675542555e-06,59.8,4.27688414353261e-06
2763066,"Ruminococcus intestinalis",59,4.2208675542555e-06,60.2,4.30360347457781e-06
1121114,"Blautia producta",58,4.14932742621727e-06,58.4,4.1783174309015e-06
214851,"Subdoligranulum variabile",58,4.14932742621727e-06,55.6,3.97814319351079e-06
2606708,"Mogibacterium kristiansenii",58,4.14932742621727e-06,57,4.08006799404986e-06
270249,"Bartonella phoceensis",57,4.07778729817904e-06,62.1,4.44389969260673e-06
2941233,"Acetatifactor aquisgranensis",57,4.07778729817904e-06,58.4,4.1771406280719e-06
2080838,"Lelliottia aquatilis",56,4.00624717014081e-06,56.4,4.03231595172387e-06
1918949,"Solemya elarraichensis gill symbiont",55,3.93470704210258e-06,55,3.93816139130415e-06
2606634,"Velocimicrobium porci",55,3.93470704210258e-06,57.4,4.10511654461309e-06
2058152,"Klebsiella grimontii",55,3.93470704210258e-06,50.7,3.6254253608034e-06
29391,"Gemella morbillorum",55,3.93470704210258e-06,55,3.93441043160741e-06
1912897,"Blautia argi",54,3.86316691406435e-06,56.5,4.04161798839805e-06
2897391,"Limnobaculum eriocheiris",54,3.86316691406435e-06,60.3,4.31212349448178e-06
3073100,"Candidatus Cetobacterium colombiensis",54,3.86316691406435e-06,54,3.86390963945765e-06
1655491,"Leeuwenhoekiella nanhaiensis",53,3.79162678602612e-06,75.3,5.38768348989104e-06
1796628,"Longibaculum muris",53,3.79162678602612e-06,53.6,3.83113236647399e-06
1331689,"Ursidibacter maritimus",53,3.79162678602612e-06,53,3.7925953690117e-06
1841864,"Marseilla massiliensis",53,3.79162678602612e-06,53,3.79334991187604e-06
3032872,"Petralouisia muris",52,3.7200866579879e-06,49.8,3.56374501148945e-06
33037,"Anaerococcus vaginalis",51,3.64854652994967e-06,56.9,4.06764695087287e-06
2786956,"Phocaeicola faecalis",51,3.64854652994967e-06,52.5,3.75519539773733e-06
544645,"Butyricimonas virosa",51,3.64854652994967e-06,52.5,3.75311884112513e-06
2951809,"Pseudomonas mercuritolerans",51,3.64854652994967e-06,42.9,3.06756734117139e-06
667015,"Phocaeicola salanitronis",50,3.57700640191144e-06,52.5,3.75247797214664e-06
570012,"Shimwellia pseudoproteus",50,3.57700640191144e-06,50.1,3.58237617591839e-06
2714355,"Vescimonas coprocola",50,3.57700640191144e-06,47.7,3.41498502496029e-06
2881258,"Ruminococcus turbiniformis",50,3.57700640191144e-06,52.6,3.76494887576916e-06
2173853,"Streptococcus chenjunshii",49,3.50546627387321e-06,66.8,4.7775300783702e-06
1681,"Bifidobacterium bifidum",49,3.50546627387321e-06,49.5,3.53825519693814e-06
2726955,"Pantoea nemavictus",49,3.50546627387321e-06,57.3,4.10270857765577e-06
2070686,"Enteroscipio rubneri",49,3.50546627387321e-06,49.9,3.57142236236059e-06
1384589,"Entomohabitans teleogrylli",48,3.43392614583498e-06,50.2,3.59064158499694e-06
2748010,"Thiomicrorhabdus heinhorstiae",48,3.43392614583498e-06,47.9,3.42809046977683e-06
2764597,"Romboutsia faecis",48,3.43392614583498e-06,43.7,3.1282460600731e-06
40041,"Streptococcus equi",47,3.36238601779675e-06,46.9,3.35577543424597e-06
2763673,"Yanshouia hominis",46,3.29084588975852e-06,48.9,3.49482937843482e-06
537011,"Segatella copri",46,3.29084588975852e-06,46.9,3.35315363820703e-06
40994,"Penicillium hordei",46,3.29084588975852e-06,46.6,3.3359306805086e-06
1936995,"Parabacteroides bouchesdurhonensis",46,3.29084588975852e-06,42.1,3.00881508402224e-06
2020949,"Romboutsia weinsteinii",45,3.21930576172029e-06,42,3.00266812547462e-06
1737,"Paraclostridium tenue",45,3.21930576172029e-06,42.9,3.07120742833999e-06
3133161,"Ruminococcoides intestinihominis",45,3.21930576172029e-06,46.3,3.31353057905367e-06
2094020,"Trichococcus shcherbakoviae",45,3.21930576172029e-06,45,3.21930809499308e-06
483215,"Bacteroides finegoldii",44,3.14776563368207e-06,46.5,3.32538961230714e-06
2070368,"Nonomuraea aridisoli",44,3.14776563368207e-06,44,3.14777237949685e-06
2447885,"Bacteroides faecalis",44,3.14776563368207e-06,47.4,3.39456611673498e-06
2587528,"Klebsiella spallanzanii",44,3.14776563368207e-06,43.7,3.1238716233124e-06
2763668,"Jutongia huaianensis",43,3.07622550564384e-06,44.2,3.16119394259898e-06
254785,"Streptococcus halichoeri",43,3.07622550564384e-06,44.5,3.183266275441e-06
2972466,"Tractidigestivibacter montrealensis",43,3.07622550564384e-06,43,3.07722596520397e-06
29845,"Penicillium vulpinum",43,3.07622550564384e-06,39.8,2.84408019657004e-06
2686067,"Fusobacterium watanabei",43,3.07622550564384e-06,42.1,3.01520127951409e-06
1292134,"Stenotrophomonas africana",42,3.00468537760561e-06,41.6,2.97321669192004e-06
76860,"Streptococcus constellatus",42,3.00468537760561e-06,41.4,2.96276873627904e-06
3117552,"Bacteroides maternus",42,3.00468537760561e-06,55.2,3.94595562939531e-06
1945581,"Chryseobacterium mucoviscidosis",41,2.93314524956738e-06,41,2.93314915899357e-06
2763056,"Oscillibacter hominis",41,2.93314524956738e-06,39.9,2.85318668386521e-06
1882272,"Penicillium samsonianum",41,2.93314524956738e-06,42.6,3.04834049446878e-06
149016,"Streptococcus urinalis",41,2.93314524956738e-06,40.8,2.91570586830632e-06
679200,"Johnsonella ignava",40,2.86160512152915e-06,42.8,3.06486367474089e-06
1218112,"Kluyvera cryocrescens",40,2.86160512152915e-06,38.2,2.73366300168231e-06
133448,"Citrobacter youngae",40,2.86160512152915e-06,36.9,2.64231049140483e-06
483206,"Mesorhizobium caraganae",39,2.79006499349092e-06,39,2.79025052632341e-06
2838522,"Candidatus Collinsella stercoripullorum",39,2.79006499349092e-06,35.8,2.56232611809324e-06
3074433,"Vallitalea maricola",39,2.79006499349092e-06,37.7,2.6940535528132e-06
999422,"Segatella maculosa",38,2.71852486545269e-06,34,2.4319774551779e-06
1398493,"Pseudocitrobacter faecalis",38,2.71852486545269e-06,39.8,2.84820101509158e-06
636,"Edwardsiella tarda",38,2.71852486545269e-06,40.7,2.91192159331676e-06
518634,"Bifidobacterium breve",37,2.64698473741446e-06,35.7,2.55707129086743e-06
2926467,"Leclercia tamurae",37,2.64698473741446e-06,39.1,2.80069648235308e-06
2981721,"Brotomerdimonas butyrica",37,2.64698473741446e-06,35.5,2.53628530299432e-06
2941327,"Flintibacter muris",37,2.64698473741446e-06,42.3,3.02620611714615e-06
676599,"Stenotrophomonas panacihumi",36,2.57544460937624e-06,36,2.57406012772526e-06
2927804,"Marinobacterium sedimentorum",36,2.57544460937624e-06,34.5,2.46774611437074e-06
3133163,"Ruthenibacterium intestinale",36,2.57544460937624e-06,37.3,2.67078933202766e-06
1033731,"Alistipes timonensis",36,2.57544460937624e-06,41.3,2.95707388667075e-06
1338,"Streptococcus intermedius",36,2.57544460937624e-06,37.2,2.66011735976552e-06
887325,"Lachnoanaerobaculum saburreum",35,2.50390448133801e-06,34.8,2.4899798453319e-06
230658,"Paraeggerthella hongkongensis",35,2.50390448133801e-06,36.1,2.58040652588064e-06
2137581,"Ellagibacter isourolithinifaciens",35,2.50390448133801e-06,38.3,2.73712851009648e-06
2763067,"Streptococcus hominis",35,2.50390448133801e-06,31.5,2.25705767127409e-06
2763043,"Eggerthella hominis",35,2.50390448133801e-06,35.7,2.55198364579327e-06
2763059,"Pseudoflavonifractor hominis",35,2.50390448133801e-06,34.1,2.43852402503655e-06
2763659,"Fumia xinanensis",35,2.50390448133801e-06,40.4,2.88846819333665e-06
3032125,"Neopoerus faecalis",35,2.50390448133801e-06,36.7,2.62572057439379e-06
1481663,"Vibrio metoecus",35,2.50390448133801e-06,35.2,2.51694840631881e-06
679192,"Bulleidia extructa",34,2.43236435329978e-06,34.2,2.4483711764826e-06
2609961,"Pseudomonas akapageensis",34,2.43236435329978e-06,32.5,2.32238421866825e-06
36651,"Penicillium digitatum",34,2.43236435329978e-06,35.9,2.56830849552086e-06
2497436,"Enterobacter quasiroggenkampii",34,2.43236435329978e-06,36.9,2.63819021903927e-06
1689270,"Intestinimonas timonensis",34,2.43236435329978e-06,32,2.28683301202359e-06
1121129,"Butyricimonas synergistica",33,2.36082422526155e-06,33.1,2.36833619884071e-06
466109,"Biostraticola tofi",33,2.36082422526155e-06,36.4,2.60065736161595e-06
820,"Bacteroides uniformis",33,2.36082422526155e-06,33.6,2.40547565810348e-06
290338,"Citrobacter koseri",32,2.28928409722332e-06,32.4,2.31513560285165e-06
2552766,"Meridianimarinicoccus aquatilis",32,2.28928409722332e-06,31.8,2.27291773562328e-06
2747601,"Ruegeria haliotis",32,2.28928409722332e-06,26,1.86267457720619e-06
3068307,"Lacticaseibacillus zeae",32,2.28928409722332e-06,27.3,1.95196439887094e-06
3133175,"Blautia caccae",32,2.28928409722332e-06,33.2,2.37685781327421e-06
2741,"Peptococcus niger",32,2.28928409722332e-06,32.2,2.30109527210564e-06
441959,"Talaromyces stipitatus",31,2.21774396918509e-06,40.5,2.89389168642681e-06
1156431,"Streptococcus ilei",31,2.21774396918509e-06,33.5,2.39426050711271e-06
1301100,"Faecalimicrobium dakarense",31,2.21774396918509e-06,33.3,2.37991218282871e-06
2605790,"Roseburia porci",31,2.21774396918509e-06,32.2,2.30557510911363e-06
3041623,"Streptococcus taonis",31,2.21774396918509e-06,35.9,2.56533410572819e-06
1750560,"Parabacteroides massiliensis",31,2.21774396918509e-06,30.9,2.21415851255561e-06
889201,"Streptococcus cristatus",31,2.21774396918509e-06,35.1,2.5142180905858e-06
1505,"Paraclostridium sordellii",30,2.14620384114686e-06,31.8,2.27330844128907e-06
1720298,"Peptoniphilus phoceensis",30,2.14620384114686e-06,30.5,2.18123671801462e-06
1945634,"Butyricicoccus porcorum",30,2.14620384114686e-06,29.4,2.10676358968745e-06
2320879,"Parablautia muri",30,2.14620384114686e-06,29,2.07551523219938e-06
1775168,"Flagellimonas marina",30,2.14620384114686e-06,30,2.14620568362482e-06
2662455,"Paraclostridium dentum",30,2.14620384114686e-06,30,2.14967806483973e-06
1871033,"Olsenella urininfantis",30,2.14620384114686e-06,39.7,2.84294186233003e-06
1852371,"Raoultibacter massiliensis",30,2.14620384114686e-06,27.4,1.95712121133001e-06
370354,"Entamoeba dispar",29,2.07466371310863e-06,29.8,2.13343759409861e-06
2320100,"Parablautia intestinalis",29,2.07466371310863e-06,29.2,2.08963629439378e-06
315405,"Streptococcus gallolyticus",29,2.07466371310863e-06,28.3,2.02233983115761e-06
2885356,"Hominilimicola fabiformis",29,2.07466371310863e-06,25.7,1.83891690918311e-06
1544,"Faecalicatena orotica",29,2.07466371310863e-06,29.1,2.07983441880652e-06
445970,"Alistipes putredinis",28,2.00312358507041e-06,28.8,2.0617433264126e-06
1408437,"Agathobaculum desmolans",28,2.00312358507041e-06,28.2,2.01519024871167e-06
2026240,"Klebsiella quasivariicola",28,2.00312358507041e-06,29.9,2.14175365981894e-06
399969,"Tatumella punctata",28,2.00312358507041e-06,18.3,1.30678331648223e-06
3342383,"Flintibacter porci",28,2.00312358507041e-06,28.9,2.07037484098526e-06
1310,"Streptococcus sobrinus",27,1.93158345703218e-06,27.9,1.99945445658546e-06
2763658,"Ligaoa zhengdingensis",27,1.93158345703218e-06,31.8,2.27479149062176e-06
674529,"Bacteroides faecis",27,1.93158345703218e-06,27.5,1.96886093308946e-06
3035606,"Catenibacterium mitsuokai",27,1.93158345703218e-06,28,2.00420909161206e-06
2100822,"Kushneria phyllosphaerae",27,1.93158345703218e-06,27.8,1.98558213519456e-06
29372,"Clostridium thermobutyricum",26,1.86004332899395e-06,29,2.07319456260413e-06
27334,"Penicillium expansum",26,1.86004332899395e-06,26.6,1.90191779482307e-06
1260,"Finegoldia magna",26,1.86004332899395e-06,25.7,1.84058482188562e-06
1796622,"Extibacter muris",26,1.86004332899395e-06,25.6,1.83136302012627e-06
1928661,"Bradyrhizobium cajani",26,1.86004332899395e-06,25.7,1.84159948773971e-06
361500,"Anaerococcus degeneri",26,1.86004332899395e-06,27.3,1.95062110787093e-06
1871018,"Angelakisella massiliensis",26,1.86004332899395e-06,29.5,2.11379167757044e-06
1122981,"Prevotella corporis",25,1.78850320095572e-06,28.2,2.01398289635172e-06
1109412,"Brenneria goodwinii",25,1.78850320095572e-06,27,1.93230228534755e-06
1291764,"Lactococcus fujiensis",25,1.78850320095572e-06,22.7,1.62436651081281e-06
94643,"Besnoitia besnoiti",25,1.78850320095572e-06,26.1,1.8689966158752e-06
2839759,"Enterococcus innesii",25,1.78850320095572e-06,30.7,2.19278188587897e-06
3075529,"Streptomyces gibsoniae",25,1.78850320095572e-06,25,1.79078675979721e-06
NA,"unknown genome; accession ID isNZ_CP012742.1",24,1.71696307291749e-06,24.3,1.7380335723354e-06
1570016,"Thioflexithrix psekupsensis",24,1.71696307291749e-06,24.1,1.72615235128139e-06
1211813,"Alistipes ihumii",24,1.71696307291749e-06,24.4,1.74495773769351e-06
518636,"Enterocloster asparagiformis",24,1.71696307291749e-06,24.5,1.74917038797507e-06
2939450,"Brenneria izbisi",24,1.71696307291749e-06,22,1.57633059093499e-06
3044208,"Fusibacillus kribbianus",24,1.71696307291749e-06,19.6,1.39908202229535e-06
1871019,"Enorma phocaeensis",24,1.71696307291749e-06,26.4,1.88533829131817e-06
655813,"Streptococcus oralis",24,1.71696307291749e-06,20.2,1.44405581405908e-06
1972431,"Phytobacter ursingii",23,1.64542294487926e-06,45,3.21638132352679e-06
2587529,"Klebsiella pasteurii",23,1.64542294487926e-06,23.1,1.65258670937427e-06
2949333,"Ohessyouella blattaphilus",23,1.64542294487926e-06,23,1.64542438884069e-06
2981773,"Muriventricola aceti",23,1.64542294487926e-06,23.1,1.65090478624416e-06
5083,"Penicillium canescens",23,1.64542294487926e-06,23.5,1.68207986068291e-06
371674,"Moryella indoligenes",23,1.64542294487926e-06,23.7,1.69639822922569e-06
1243002,"Vibrio olivae",23,1.64542294487926e-06,22.9,1.63980399804916e-06
1118060,"Enorma massiliensis",22,1.57388281684103e-06,26.2,1.87751643684468e-06
33945,"Enterococcus avium",22,1.57388281684103e-06,23,1.64329249132756e-06
2945989,"Lutimaribacter degradans",22,1.57388281684103e-06,21.5,1.53976789935882e-06
915173,"Faecalicoccus acidiformans",22,1.57388281684103e-06,22,1.57391381583168e-06
1852386,"Thermophilibacter provencensis",22,1.57388281684103e-06,22.1,1.58095104582895e-06
1841865,"Mediterranea massiliensis",22,1.57388281684103e-06,21.3,1.52137656145423e-06
3014267,"Agathobaculum massiliense",22,1.57388281684103e-06,23.7,1.69827888515645e-06
1123301,"Streptococcus didelphis",21,1.5023426888028e-06,22,1.57647560947105e-06
2020948,"Romboutsia maritimum",21,1.5023426888028e-06,21,1.50234406220624e-06
1341132,"Aspergillus welwitschiae",21,1.5023426888028e-06,21.2,1.51531868178629e-06
83891,"Trypanosoma conorhini",21,1.5023426888028e-06,20.6,1.47574183591475e-06
105841,"Anaerostipes caccae",21,1.5023426888028e-06,20.8,1.48563484111551e-06
478749,"Marvinbryantia formatexigens",21,1.5023426888028e-06,22.6,1.61647659066476e-06
40837,"Mycoplana ramosa",21,1.5023426888028e-06,33.4,2.39103197141543e-06
610130,"Lacrimispora saccharolytica",20,1.43080256076458e-06,21.5,1.53853289040842e-06
2174932,"Nesterenkonia natronophila",20,1.43080256076458e-06,21.3,1.52041242886471e-06
1977868,"Vagococcus bubulae",20,1.43080256076458e-06,24.3,1.73749392665049e-06
1494461,"Pseudolactococcus laudensis",20,1.43080256076458e-06,21.3,1.52173435076795e-06
2773426,"Nocardioides malaquae",20,1.43080256076458e-06,20,1.4308037904371e-06
69789,"Penicillium soppii",20,1.43080256076458e-06,18.5,1.32144400148902e-06
2894201,"Citrobacter meridianamericanus",20,1.43080256076458e-06,23,1.64832928535309e-06
1981510,"Monoglobus pectinilyticus",19,1.35926243272635e-06,19.9,1.42546429276856e-06
2766578,"Komagataeibacter melomenusus",19,1.35926243272635e-06,19,1.35926359962905e-06
2799577,"Lacticaseibacillus suilingensis",19,1.35926243272635e-06,19.4,1.38526932341845e-06
2994648,"Enterobacter nematophilus",19,1.35926243272635e-06,19,1.36273275644961e-06
1115758,"Romboutsia ilealis",19,1.35926243272635e-06,19.2,1.37535921223831e-06
1653435,"Merdimonas faecis",18,1.28772230468812e-06,18.4,1.31981387771455e-06
2763032,"Butyricimonas hominis",18,1.28772230468812e-06,24.7,1.76478901581926e-06
1550,"Clostridium subterminale",18,1.28772230468812e-06,18.5,1.32109856900579e-06
1233099,"Clostridium tunisiense",17,1.21618217664989e-06,15.3,1.09582774416382e-06
78343,"Bifidobacterium boum",17,1.21618217664989e-06,17.8,1.27009611269529e-06
2304063,"Sphingobium terrigena",17,1.21618217664989e-06,17.5,1.2505226803134e-06
2490855,"Lachnoanaerobaculum gingivalis",17,1.21618217664989e-06,24.7,1.76867686196452e-06
33962,"Lentilactobacillus kefiri",17,1.21618217664989e-06,18.4,1.31800824407857e-06
2995136,"Dellaglioa carnosa",17,1.21618217664989e-06,19.8,1.41780171376976e-06
3028070,"Claveliimonas bilis",17,1.21618217664989e-06,17.5,1.25383337342266e-06
2497875,"Enterobacter chuandaensis",17,1.21618217664989e-06,16.5,1.18301905782624e-06
1871030,"Merdibacter massiliensis",17,1.21618217664989e-06,16.5,1.17692100523043e-06
1329,"Streptococcus canis",17,1.21618217664989e-06,17.8,1.27068657157197e-06
525309,"Limosilactobacillus antri",16,1.14464204861166e-06,15.1,1.07943493030325e-06
1796618,"Cuneatibacter caecimuris",16,1.14464204861166e-06,18.1,1.2938806889639e-06
2692629,"Copranaerobaculum intestinale",16,1.14464204861166e-06,24.4,1.74576761790987e-06
2841504,"Dysosmobacter acutus",16,1.14464204861166e-06,21.2,1.5164312503982e-06
1463165,"Klebsiella quasipneumoniae",16,1.14464204861166e-06,17.6,1.26221349552316e-06
1841857,"Culturomica massiliensis",16,1.14464204861166e-06,15.6,1.11807823763745e-06
1117379,"Neobacillus bataviensis",15,1.07310192057343e-06,15,1.07333600451586e-06
45286,"Eremothecium sinecaudum",15,1.07310192057343e-06,14.6,1.0463001300537e-06
2792979,"Gardnerella swidsinskii",15,1.07310192057343e-06,15.7,1.12000984518871e-06
1433513,"Streptococcus gwangjuensis",15,1.07310192057343e-06,13.5,9.6649530879822e-07
105984,"Apiotrichum porosum",15,1.07310192057343e-06,14.6,1.0452792222142e-06
990412,"Limosilactobacillus alvi",15,1.07310192057343e-06,15,1.07344040650059e-06
2816249,"Rahnella rivi",15,1.07310192057343e-06,15.2,1.08396025759335e-06
1263550,"Edwardsiella piscicida",15,1.07310192057343e-06,15,1.06991800305546e-06
322095,"Porphyromonas somerae",15,1.07310192057343e-06,14.9,1.06681388864774e-06
1812259,"Streptomyces ginkgonis",15,1.07310192057343e-06,13.7,9.81950813162668e-07
3030016,"Caproicibacterium argilliputei",15,1.07310192057343e-06,15.1,1.07926968084781e-06
3117701,"Niabella digestorum",15,1.07310192057343e-06,15,1.07040983062191e-06
59298,"Streptomyces thermocarboxydovorans",15,1.07310192057343e-06,15.3,1.09492278980696e-06
1670621,"Saccharothrix lopnurensis",15,1.07310192057343e-06,23.4,1.67705537045023e-06
2153354,"Klebsiella huaxiensis",14,1.0015617925352e-06,12.9,9.19646472957006e-07
665913,"Mixta calida",14,1.0015617925352e-06,10.4,7.45461310234266e-07
67296,"Streptomyces finlayi",14,1.0015617925352e-06,13.1,9.4039486640791e-07
2799638,"Tenebrionibacter intestinalis",14,1.0015617925352e-06,14,1.00157896581714e-06
2816080,"Alicyclobacillus suci",14,1.0015617925352e-06,14,1.00158084195432e-06
2489010,"Klebsiella africana",14,1.0015617925352e-06,17.8,1.27001284953178e-06
2758443,"Mixta mediterraneensis",14,1.0015617925352e-06,15.4,1.10454270401511e-06
3030999,"Enterobacter rongchengensis",14,1.0015617925352e-06,13.1,9.33605275887743e-07
3133165,"Solibaculum intestinale",14,1.0015617925352e-06,15,1.07211059829915e-06
1841868,"Provencibacterium massiliense",14,1.0015617925352e-06,15,1.07524415161424e-06
2056311,"Algoriphagus lacus",13,9.30021664496974e-07,13.2,9.42564761940007e-07
526944,"Tetragenococcus osmophilus",13,9.30021664496974e-07,10.6,7.55471534034232e-07
1229621,"Anaerostipes rhamnosivorans",13,9.30021664496974e-07,12.9,9.23659292325494e-07
2605638,"Bradyrhizobium hipponense",13,9.30021664496974e-07,14.2,1.0186068026155e-06
61648,"Kluyvera intermedia",13,9.30021664496974e-07,13.9,9.96955632849801e-07
2763026,"Blautia celeris",13,9.30021664496974e-07,14.7,1.05478275055869e-06
2850322,"Diplocloster modestus",13,9.30021664496974e-07,13.2,9.43111384602275e-07
1302,"Streptococcus gordonii",13,9.30021664496974e-07,12.8,9.16003439461404e-07
2853160,"Streptococcus vulneris",13,9.30021664496974e-07,13.2,9.41483790165055e-07
2909341,"Octadecabacter dasysiphoniae",13,9.30021664496974e-07,13,9.33359396840763e-07
2819619,"Streptococcus toyakuensis",13,9.30021664496974e-07,15.5,1.10551038636344e-06
28111,"Bacteroides eggerthii",13,9.30021664496974e-07,13.2,9.46955721919411e-07
89139,"Rasamsonia byssochlamydoides",13,9.30021664496974e-07,13,9.30022462911681e-07
NA,"unknown genome; accession ID isNZ_DAWEQI010000213.1",13,9.30021664496974e-07,13,9.30025594193791e-07
1903263,"Traorella massiliensis",13,9.30021664496974e-07,13.2,9.4256150727238e-07
1123315,"Streptococcus porci",12,8.58481536458745e-07,15.8,1.12726259073584e-06
41047,"Aspergillus thermomutatus",12,8.58481536458745e-07,11.1,7.93888753348666e-07
411468,"[Clostridium] scindens",12,8.58481536458745e-07,13,9.33366513908945e-07
292800,"Flavonifractor plautii",12,8.58481536458745e-07,15.6,1.11366018489554e-06
393006,"Tamlana crocina",12,8.58481536458745e-07,12.2,8.69386325214297e-07
1349415,"Streptococcus loxodontisalivarius",12,8.58481536458745e-07,12.7,9.0990004872804e-07
1151742,"Lactococcus taiwanensis",12,8.58481536458745e-07,11.9,8.51503281847804e-07
1437816,"Methylopila turkensis",12,8.58481536458745e-07,11.8,8.43780603443833e-07
1368474,"Romboutsia sedimentorum",12,8.58481536458745e-07,12.8,9.15269076730969e-07
3093659,"Acutalibacter intestini",12,8.58481536458745e-07,12,8.60052702384783e-07
1526,"[Clostridium] aminophilum",12,8.58481536458745e-07,11.4,8.17534358420743e-07
674,"Vibrio mimicus",12,8.58481536458745e-07,12.9,9.1996684758212e-07
546269,"Filifactor alocis",11,7.86941408420516e-07,10.2,7.28212802392154e-07
1367422,"Fonsecaea erecta",11,7.86941408420516e-07,24.6,1.75662743841331e-06
767769,"Aspergillus brasiliensis",11,7.86941408420516e-07,11,7.89434090747156e-07
1642702,"Paludifilum halophilum",11,7.86941408420516e-07,11.1,7.91199209052137e-07
2024554,"Virgibacillus indicus",11,7.86941408420516e-07,11,7.86943288266997e-07
2607659,"Nocardioides antri",11,7.86941408420516e-07,11.2,8.01014623104062e-07
2499076,"Marinifilum caeruleilacunae",11,7.86941408420516e-07,19.6,1.40094802790676e-06
2736294,"Xylanibacter caecicola",11,7.86941408420516e-07,11.5,8.2597186581078e-07
658225,"Sphingomonas glacialis",11,7.86941408420516e-07,11.1,7.92053264895295e-07
2949651,"Parabacteroides sp. TA-V-105",11,7.86941408420516e-07,11.6,8.29443969074083e-07
396014,"Brachybacterium phenoliresistens",11,7.86941408420516e-07,11,7.86942083995767e-07
2781224,"Neodothiora populina",11,7.86941408420516e-07,11.2,8.01616692572051e-07
1745713,"Bariatricus massiliensis",11,7.86941408420516e-07,11.4,8.16677706990446e-07
1852387,"Streptococcus timonensis",11,7.86941408420516e-07,11.4,8.1362515232042e-07
33031,"Peptoniphilus lacrimalis",11,7.86941408420516e-07,13.3,9.51655328477442e-07
1326,"Streptococcus acidominimus",11,7.86941408420516e-07,11.7,8.34448745865429e-07
2941517,"Hominisplanchenecus murintestinalis",11,7.86941408420516e-07,11.2,8.01305935689428e-07
53442,"Eubacterium callanderi",10,7.15401280382288e-07,11.5,8.25668627805703e-07
242230,"Eggerthella sinensis",10,7.15401280382288e-07,11.1,7.93462719962735e-07
2763053,"Lawsonibacter hominis",10,7.15401280382288e-07,13.3,9.53907156157923e-07
2763645,"Lentihominibacter hominis",10,7.15401280382288e-07,10,7.15969505925014e-07
68193,"Streptomyces djakartensis",10,7.15401280382288e-07,9.9,7.05008100377076e-07
2841925,"Vibrio ostreae",10,7.15401280382288e-07,9.8,7.01869590070281e-07
574930,"Parabacteroides gordonii",10,7.15401280382288e-07,27.6,1.97561766836797e-06
2919913,"Shinella sedimenti",10,7.15401280382288e-07,10.3,7.3914061192921e-07
1187928,"Alternaria incomplexa",10,7.15401280382288e-07,10.8,7.72301168437513e-07
2944914,"Allocoprobacillus halotolerans",10,7.15401280382288e-07,10.9,7.77156403237072e-07
2735723,"Turicibacter bilis",10,7.15401280382288e-07,9.4,6.7528070437722e-07
3068306,"Lacticaseibacillus styriensis",10,7.15401280382288e-07,9.9,7.10778137377108e-07
165758,"Streptococcus gallinaceus",10,7.15401280382288e-07,10.2,7.27149813296216e-07
2058292,"Aedoeadaptatus coli",10,7.15401280382288e-07,14.3,1.02543846877224e-06
2993455,"Lactobacillus isalae",10,7.15401280382288e-07,10.6,7.57032266889546e-07
1139219,"Enterococcus dispar",9,6.43861152344059e-07,8.8,6.302247618724e-07
138074,"Serratia symbiotica",9,6.43861152344059e-07,9.4,6.72696745196448e-07
1673719,"Anaerococcus jeddahensis",9,6.43861152344059e-07,10.1,7.24083156602949e-07
61171,"Holdemania filiformis",9,6.43861152344059e-07,9.3,6.62735858538742e-07
2211183,"Evtepia gabavorous",9,6.43861152344059e-07,9.9,7.07064386125289e-07
2722702,"Salinimicrobium oceani",9,6.43861152344059e-07,10.1,7.21101150454173e-07
237576,"Oribacterium sinus",9,6.43861152344059e-07,7.3,5.22862450002034e-07
1159752,"Enterococcus lemanii",9,6.43861152344059e-07,10,7.14607099838824e-07
3112843,"Pseudocitrobacter cyperus",9,6.43861152344059e-07,9.2,6.60455309105362e-07
3136601,"Owariibacterium komagatae",9,6.43861152344059e-07,16.1,1.15305078854219e-06
2079531,"Prevotella merdae",9,6.43861152344059e-07,11.3,8.0504736833808e-07
1288121,"Alistipes senegalensis",9,6.43861152344059e-07,9.2,6.57683998130924e-07
535290,"Legionella nagasakiensis",9,6.43861152344059e-07,9.2,6.5856337509354e-07
295089,"Pontixanthobacter luteolus",9,6.43861152344059e-07,9.4,6.69066051423874e-07
428127,"Amedibacillus dolichus",8,5.7232102430583e-07,9,6.41033536785808e-07
887899,"Mobiluncus holmesii",8,5.7232102430583e-07,8,5.72380807209328e-07
110365,"Gregarina niphandrodes",8,5.7232102430583e-07,8,5.7232820312676e-07
1122217,"Megamonas rupellensis",8,5.7232102430583e-07,8,5.7232677388389e-07
880074,"Barnesiella viscericola",8,5.7232102430583e-07,8,5.72805459927076e-07
2041044,"Eubacterium maltosivorans",8,5.7232102430583e-07,8.2,5.89873077765829e-07
2606709,"Baileyella intestinalis",8,5.7232102430583e-07,8.7,6.1917204790704e-07
2916441,"Adlercreutzia rubneri",8,5.7232102430583e-07,8,5.72341952712277e-07
394095,"Pyxidicoccus fallax",8,5.7232102430583e-07,8.3,5.95256605146927e-07
572010,"Slackia isoflavoniconvertens",8,5.7232102430583e-07,8.1,5.80180762407149e-07
2763666,"Zhenhengia yiwuensis",8,5.7232102430583e-07,8,5.73704109711108e-07
997873,"Bacteroides caccae",8,5.7232102430583e-07,8.1,5.76421175067789e-07
1517512,"Aspergillus pseudoviridinutans",8,5.7232102430583e-07,8,5.7242279730368e-07
2834112,"Bacteroides propionicigenes",8,5.7232102430583e-07,8,5.71930299873001e-07
75553,"Aspergillus viridinutans",8,5.7232102430583e-07,8.9,6.37860565929784e-07
2815733,"Tenebrionicola larvae",8,5.7232102430583e-07,8.2,5.89105187195339e-07
2926519,"Scandinavium hiltneri",8,5.7232102430583e-07,14.2,1.0168087063628e-06
1792511,"Penicillium robsamsonii",8,5.7232102430583e-07,7.5,5.39569788743827e-07
3029274,"Amygdalobacter nucleatus",8,5.7232102430583e-07,10.3,7.35772386918152e-07
1613,"Limosilactobacillus fermentum",8,5.7232102430583e-07,8.4,6.01332500481146e-07
638574,"Nonomuraea rosea",8,5.7232102430583e-07,8,5.7253647306069e-07
1805714,"Christensenella massiliensis",8,5.7232102430583e-07,8.5,6.07620203995083e-07
646534,"Grimontia marina",8,5.7232102430583e-07,6.8,4.87320538381098e-07
871324,"Bacteroides stercorirosoris",8,5.7232102430583e-07,8.4,6.02241023410033e-07
762968,"Paraprevotella clara",7,5.00780896267601e-07,7.9,5.64195897285648e-07
1295826,"Lactococcus cremoris",7,5.00780896267601e-07,7.1,5.0925559251064e-07
796334,"Erwinia oleae",7,5.00780896267601e-07,7.2,5.17246070028306e-07
569365,"Cladophialophora immunda",7,5.00780896267601e-07,7.4,5.30156007450877e-07
5857,"Plasmodium fragile",7,5.00780896267601e-07,7,5.00889670757588e-07
5866,"Babesia bigemina",7,5.00780896267601e-07,6.6,4.68919720934238e-07
1629550,"Paraclostridium benzoelyticum",7,5.00780896267601e-07,7.8,5.59568223131074e-07
91492,"Aspergillus udagawae",7,5.00780896267601e-07,7,5.01060615412242e-07
109790,"Lactobacillus jensenii",7,5.00780896267601e-07,7,5.00782644281787e-07
53336,"Tatumella citrea",7,5.00780896267601e-07,7.1,5.06152744490896e-07
2020506,"Tetzosporium hominis",7,5.00780896267601e-07,7.3,5.20549368640624e-07
2487118,"Intestinibaculum porci",7,5.00780896267601e-07,7.4,5.30963668461211e-07
1512,"[Clostridium] symbiosum",7,5.00780896267601e-07,7.1,5.09027794914918e-07
357276,"Phocaeicola dorei",7,5.00780896267601e-07,7.1,5.07544129356309e-07
2763662,"Yeguia hominis",7,5.00780896267601e-07,7.3,5.20660589433405e-07
2817476,"Bacillus sanguinis",7,5.00780896267601e-07,5.3,3.77669112145902e-07
1465809,"Clostridium senegalense",7,5.00780896267601e-07,6.7,4.77100247982003e-07
3047475,"Gordonibacter faecis",7,5.00780896267601e-07,7.6,5.45977865149569e-07
54291,"Raoultella ornithinolytica",7,5.00780896267601e-07,8,5.69710440985522e-07
1855371,"Phytobacter palmae",7,5.00780896267601e-07,7.5,5.39062436657196e-07
3095079,"Streptococcus jiangnanensis",7,5.00780896267601e-07,9.9,7.0559018345812e-07
1653434,"Sellimonas intestinalis",7,5.00780896267601e-07,7,5.04025438025333e-07
1121306,"Clostridium collagenovorans",7,5.00780896267601e-07,8.4,5.99992145045713e-07
1841855,"Bacteroides bouchesdurhonensis",7,5.00780896267601e-07,7.7,5.50800670595294e-07
NA,"unknown genome; accession ID isNZ_LT821227.1",7,5.00780896267601e-07,7.1,5.05259510760195e-07
226230,"Saccharomyces kudriavzevii",7,5.00780896267601e-07,7.1,5.10573005937506e-07
367928,"Bifidobacterium adolescentis",6,4.29240768229373e-07,6.4,4.57681377934904e-07
873447,"Streptococcus parauberis",6,4.29240768229373e-07,7.9,5.6712417528053e-07
695562,"Lactobacillus amylovorus",6,4.29240768229373e-07,6.1,4.38233601634785e-07
1118057,"Peptoniphilus grossensis",6,4.29240768229373e-07,6.5,4.62923098614896e-07
1835702,"Penicillium arizonense",6,4.29240768229373e-07,7,5.0378292982364e-07
2486015,"Lacticaseibacillus yichunensis",6,4.29240768229373e-07,5,3.60533629231582e-07
2528966,"Brachyspira catarrhinii",6,4.29240768229373e-07,6.5,4.65762657317892e-07
209559,"Aspergillus alliaceus",6,4.29240768229373e-07,6,4.29241138918135e-07
1506151,"Aspergillus pseudonomiae",6,4.29240768229373e-07,6,4.32536854350461e-07
2716335,"Falsiroseomonas selenitidurans",6,4.29240768229373e-07,6,4.29293817516057e-07
2716538,"Clostridium muellerianum",6,4.29240768229373e-07,7.6,5.46552206186343e-07
2764330,"Veillonella hominis",6,4.29240768229373e-07,9.2,6.5753224766167e-07
2763678,"Youxingia wuxianensis",6,4.29240768229373e-07,6.4,4.54401287096235e-07
2779354,"Gemmiger gallinarum",6,4.29240768229373e-07,6.3,4.47247006283523e-07
539813,"Enterobacter mori",6,4.29240768229373e-07,6.3,4.51006757186251e-07
208224,"Enterobacter kobei",6,4.29240768229373e-07,11.1,7.91638898623087e-07
2981778,"Agathobaculum ammoniilyticum",6,4.29240768229373e-07,6.5,4.68372389680343e-07
3002863,"Methanocorpusculum petauri",6,4.29240768229373e-07,6.1,4.37928908803381e-07
5074,"Penicillium brevicompactum",6,4.29240768229373e-07,7.2,5.15314452021326e-07
3058402,"Terrisporobacter vanillatitrophus",6,4.29240768229373e-07,6.2,4.40676474810288e-07
2897707,"Merdimmobilis hominis",6,4.29240768229373e-07,6,4.29263728529627e-07
1987501,"Massiliimalia timonensis",6,4.29240768229373e-07,6.2,4.41340213594297e-07
2024197,"Bacteroides cutis",6,4.29240768229373e-07,6.1,4.39856881950325e-07
2941515,"Otoolea muris",6,4.29240768229373e-07,6.1,4.3685617307774e-07
1775926,"Lodderomyces beijingensis",6,4.29240768229373e-07,5.6,4.0170001601442e-07
5855,"Plasmodium vivax",5,3.57700640191144e-07,5.4,3.85555884175667e-07
449673,"Bacteroides stercoris",5,3.57700640191144e-07,4.6,3.26718455759475e-07
445971,"Anaerofustis stercorihominis",5,3.57700640191144e-07,5,3.55335561659586e-07
1123304,"Streptococcus henryi",5,3.57700640191144e-07,5.7,4.0850027002656e-07
78346,"Bifidobacterium ruminantium",5,3.57700640191144e-07,5.3,3.78761498530605e-07
1423739,"Lentilactobacillus diolivorans",5,3.57700640191144e-07,4.9,3.51812109302602e-07
290052,"Acetivibrio ethanolgignens",5,3.57700640191144e-07,6.6,4.68778565015163e-07
357240,"Franconibacter helveticus",5,3.57700640191144e-07,5.1,3.65206555527695e-07
2494702,"Enterobacter huaxiensis",5,3.57700640191144e-07,4.7,3.37131934937424e-07
2316731,"Corallococcus llansteffanensis",5,3.57700640191144e-07,5,3.5770095707641e-07
191770,"Marinilactibacillus psychrotolerans",5,3.57700640191144e-07,5,3.57700947270803e-07
2605433,"Sphingobacterium phlebotomi",5,3.57700640191144e-07,5.1,3.6683016675727e-07
2608684,"Paenibacillus tengchongensis",5,3.57700640191144e-07,5,3.57771116914672e-07
5059,"Aspergillus flavus",5,3.57700640191144e-07,4.1,2.94239027434219e-07
2606635,"Waltera intestinalis",5,3.57700640191144e-07,5,3.61239771887359e-07
2579922,"Pseudomonas yangonensis",5,3.57700640191144e-07,6.8,4.84515205781008e-07
121627,"Talaromyces rugulosus",5,3.57700640191144e-07,5.1,3.67254655682154e-07
2763033,"Christensenella tenuis",5,3.57700640191144e-07,5.2,3.70839725850251e-07
2766479,"Taishania pollutisoli",5,3.57700640191144e-07,5,3.57700947270803e-07
2762212,"Phocaeicola intestinalis",5,3.57700640191144e-07,4.4,3.16601748159011e-07
2784388,"Clostridium vitabionis",5,3.57700640191144e-07,5.4,3.84103720929331e-07
339861,"Clostridium aciditolerans",5,3.57700640191144e-07,4.8,3.40588480166688e-07
2785629,"Leclercia barmai",5,3.57700640191144e-07,5.9,4.2155801455121e-07
2841034,"Lactobacillus laiwuensis",5,3.57700640191144e-07,4.9,3.53622698313226e-07
2590157,"Klebsiella variicola",5,3.57700640191144e-07,6.7,4.76031937481662e-07
1907662,"Raoultibacter timonensis",5,3.57700640191144e-07,7,5.01455162185818e-07
2077090,"Vibrio gangliei",5,3.57700640191144e-07,5.3,3.79460010454134e-07
2742601,"Limosilactobacillus portuensis",5,3.57700640191144e-07,5.5,3.94297942636453e-07
2871169,"Stenotrophomonas forensis",5,3.57700640191144e-07,5.5,3.91328940315382e-07
379893,"Trabulsiella odontotermitis",5,3.57700640191144e-07,6,4.26442497767202e-07
2026188,"Bacillus tropicus",5,3.57700640191144e-07,4.5,3.22262438197156e-07
333963,"Leucobacter iarius",5,3.57700640191144e-07,7.1,5.10918852277435e-07
3085167,"Segatella sinensis",5,3.57700640191144e-07,5,3.59734443054026e-07
3133091,"unknown genome; accession ID isNZ_JBBMER010000008.1",5,3.57700640191144e-07,5,3.57715776189758e-07
3376993,"Vescimonas sanitatis",5,3.57700640191144e-07,5,3.58597185882621e-07
1755099,"Pseudenterobacter timonensis",5,3.57700640191144e-07,6,4.31883030133224e-07
1121950,"Hespellia stercorisuis",5,3.57700640191144e-07,6.3,4.49039627166955e-07
699246,"Mageeibacillus indolicus",4,2.86160512152915e-07,4.2,2.98618825723043e-07
527031,"Bacillus thuringiensis",4,2.86160512152915e-07,3.9,2.79195563894347e-07
1242864,"Cystobacter fuscus",4,2.86160512152915e-07,3.6,2.57673607018957e-07
1123318,"Streptococcus thoraltensis",4,2.86160512152915e-07,4,2.89456744942482e-07
1123493,"Vibrio litoralis",4,2.86160512152915e-07,4.2,3.00734968674651e-07
176090,"Streptococcus sinensis",4,2.86160512152915e-07,4.3,3.06356325997867e-07
2558042,"Pectobacterium fontis",4,2.86160512152915e-07,4,2.86172786879261e-07
1408163,"Rasamsonia emersonii",4,2.86160512152915e-07,4,2.86187180245768e-07
1114964,"Sphingobium baderi",4,2.86160512152915e-07,4,2.86160757816642e-07
1674920,"Pseudomonas fildesensis",4,2.86160512152915e-07,4.6,3.26765983356918e-07
1905142,"Amycolatopsis vastitatis",4,2.86160512152915e-07,4,2.8616860718458e-07
114527,"Mogibacterium diversum",4,2.86160512152915e-07,4,2.86393089443808e-07
2490633,"Streptococcus periodonticum",4,2.86160512152915e-07,4.9,3.47687770330873e-07
1644114,"Brevibacillus migulae",4,2.86160512152915e-07,4,2.86164865374531e-07
1796610,"Adlercreutzia muris",4,2.86160512152915e-07,4,2.86259530133815e-07
2606615,"Enorma shizhengliae",4,2.86160512152915e-07,4.5,3.22060989613533e-07
2763669,"Qiania dongpingensis",4,2.86160512152915e-07,4.3,3.05474938509167e-07
67324,"Streptomyces massasporeus",4,2.86160512152915e-07,4,2.88328929349377e-07
2751153,"Coprobacter secundus",4,2.86160512152915e-07,4,2.87873519313632e-07
1540,"Metaclostridioides mangenotii",4,2.86160512152915e-07,4,2.86160758213461e-07
508451,"Lactobacillus taiwanensis",4,2.86160512152915e-07,4,2.8775373633829e-07
2708345,"Planococcus sp. MSAK28401",4,2.86160512152915e-07,4.2,3.00089986201576e-07
2864872,"Shewanella nanhaiensis",4,2.86160512152915e-07,3.3,2.38223884609658e-07
1166683,"Rhizobium cauense",4,2.86160512152915e-07,4,2.86160759090222e-07
69218,"Enterobacter cancerogenus",4,2.86160512152915e-07,4.1,2.94436171622766e-07
29369,"Clostridium sardiniense",4,2.86160512152915e-07,4,2.86166406180094e-07
2742685,"Motilimonas cestriensis",4,2.86160512152915e-07,5,3.55633331261766e-07
2949650,"Parabacteroides sp. W1-Q-101",4,2.86160512152915e-07,4.7,3.34480392699086e-07
293559,"Penicillium concentricum",4,2.86160512152915e-07,7.6,5.42446855943743e-07
3068305,"Lacticaseibacillus parahuelsenbergensis",4,2.86160512152915e-07,5.4,3.8976802477318e-07
2965078,"Pseudidiomarina fusca",4,2.86160512152915e-07,3.6,2.5819049549605e-07
3133178,"Flavonifractor hominis",4,2.86160512152915e-07,4,2.86511778358149e-07
3145239,"Finegoldia dalianensis",4,2.86160512152915e-07,5,3.54717979669246e-07
226900,"Bacillus cereus",4,2.86160512152915e-07,4.3,3.10604347969289e-07
NA,"unknown genome; accession ID isNZ_DAWEQI010000062.1",4,2.86160512152915e-07,4,2.86175749340518e-07
1130080,"Alkalibacterium gilvum",4,2.86160512152915e-07,4.3,3.07245445280696e-07
1333,"Streptococcus criceti",4,2.86160512152915e-07,4,2.87360231952417e-07
28172,"Vibrio metschnikovii",4,2.86160512152915e-07,4,2.86160757816642e-07
2811778,"Fenollaria sporofastidiosus",4,2.86160512152915e-07,6.4,4.61296682086787e-07
382638,"Helicobacter acinonychis",3,2.14620384114686e-07,3.1,2.23037534732602e-07
246409,"Rhizopus delemar",3,2.14620384114686e-07,3.1,2.22607525556684e-07
796942,"Stomatobaculum longum",3,2.14620384114686e-07,4.1,2.95452945968333e-07
1121096,"Bacteroides gallinarum",3,2.14620384114686e-07,3.8,2.7067203724874e-07
1123312,"Streptococcus ovis",3,2.14620384114686e-07,3,2.14620570048636e-07
1182542,"Capronia epimyces",3,2.14620384114686e-07,3,2.14620568404699e-07
1437610,"Bifidobacterium reuteri",3,2.14620384114686e-07,2.8,1.97788468919031e-07
91928,"Exophiala spinifera",3,2.14620384114686e-07,3,2.14620568718614e-07
76859,"Fusobacterium animalis",3,2.14620384114686e-07,3.8,2.70788470073609e-07
1423801,"Liquorilactobacillus satsumensis",3,2.14620384114686e-07,3,2.14620568362482e-07
676,"Vibrio fluvialis",3,2.14620384114686e-07,2.7,1.90325724065421e-07
501571,"Butyricicoccus pullicaecorum",3,2.14620384114686e-07,3,2.14799354765284e-07
2025808,"Vibrio qinghaiensis",3,2.14620384114686e-07,3,2.1509950298955e-07
1122154,"Pseudolactococcus chungangensis",3,2.14620384114686e-07,2.6,1.84750543164554e-07
35760,"Bifidobacterium choerinum",3,2.14620384114686e-07,3,2.14640274278706e-07
2052836,"Cuspidothrix issatschenkoi",3,2.14620384114686e-07,3.4,2.40860805958207e-07
28113,"Bacteroides heparinolyticus",3,2.14620384114686e-07,2.9,2.08763472810911e-07
1448321,"Aspergillus heteromorphus",3,2.14620384114686e-07,3.3,2.3953395794311e-07
2666298,"Spongiactinospora gelatinilytica",3,2.14620384114686e-07,3,2.14737610077901e-07
2764322,"Hydrogeniiclostridium mannosilyticum",3,2.14620384114686e-07,3,2.16898585130032e-07
2249428,"Aliidiomarina celeris",3,2.14620384114686e-07,4.1,2.93909286652039e-07
2306998,"Flagellimonas pelagia",3,2.14620384114686e-07,3.2,2.30960755234125e-07
2316722,"Corallococcus aberystwythensis",3,2.14620384114686e-07,2.5,1.81209219226246e-07
2493111,"Lacticaseibacillus hulanensis",3,2.14620384114686e-07,3.6,2.55856499288319e-07
2485123,"Photobacterium chitinilyticum",3,2.14620384114686e-07,3,2.17141715002049e-07
2548455,"Clostridium cuniculi",3,2.14620384114686e-07,2.6,1.82945436551207e-07
2055836,"Natronococcus pandeyae",3,2.14620384114686e-07,3,2.16626233202561e-07
1857217,"Candidatus Enterococcus huntleyi",3,2.14620384114686e-07,3.5,2.52284154063145e-07
108981,"Acinetobacter schindleri",3,2.14620384114686e-07,2.3,1.66479837374686e-07
577,"Raoultella terrigena",3,2.14620384114686e-07,3.4,2.41059465248315e-07
1485586,"Streptomyces calidiresistens",3,2.14620384114686e-07,3,2.14632840163138e-07
67318,"Streptomyces litmocidini",3,2.14620384114686e-07,3,2.14633885578512e-07
2779357,"Thermophilibacter gallinarum",3,2.14620384114686e-07,3.2,2.31037503020145e-07
2779352,"Pseudoflavonifractor gallinarum",3,2.14620384114686e-07,3.1,2.19555580142822e-07
2779518,"Blautia liquoris",3,2.14620384114686e-07,3,2.16145662187628e-07
544580,"Actinomyces oris",3,2.14620384114686e-07,3,2.15105586208849e-07
382777,"Thiocapsa imhoffii",3,2.14620384114686e-07,3,2.14620568362219e-07
2799574,"Lacticaseibacillus mingshuiensis",3,2.14620384114686e-07,3.2,2.25874806026205e-07
1871024,"Mordavella massiliensis",3,2.14620384114686e-07,3.3,2.38608399262206e-07
2697499,"Dietzia massiliensis",3,2.14620384114686e-07,3,2.14640685876089e-07
434464,"Leuconostoc holzapfelii",3,2.14620384114686e-07,3.5,2.5148245559374e-07
35703,"Citrobacter amalonaticus",3,2.14620384114686e-07,3,2.14866096145262e-07
3044279,"Massilia hydrophila",3,2.14620384114686e-07,3,2.14620568362482e-07
2867964,"Croceicoccus hydrothermalis",3,2.14620384114686e-07,4.7,3.39757373080795e-07
2703885,"Rahnella aceris",3,2.14620384114686e-07,10.6,7.58569251314305e-07
255519,"Atlantibacter subterraneus",3,2.14620384114686e-07,3.1,2.1939639655381e-07
2963283,"Stenotrophomonas muris",3,2.14620384114686e-07,3,2.14631325125161e-07
332186,"Shewanella xiamenensis",3,2.14620384114686e-07,3.1,2.23403349029012e-07
1601,"Ligilactobacillus agilis",3,2.14620384114686e-07,4,2.87190618815109e-07
2981793,"Phocaeicola fibrisolvens",3,2.14620384114686e-07,3,2.15960915758129e-07
558541,"Shewanella chilikensis",3,2.14620384114686e-07,2.5,1.77809884890054e-07
78448,"Bifidobacterium pullorum",3,2.14620384114686e-07,3,2.14620646455693e-07
568818,"Nonomuraea monospora",3,2.14620384114686e-07,3.1,2.24916081907386e-07
47880,"Pseudomonas fulva",3,2.14620384114686e-07,3.2,2.29276432599339e-07
1134781,"Methylopila musalis",3,2.14620384114686e-07,3.4,2.45177484008622e-07
1871002,"Acidaminococcus timonensis",3,2.14620384114686e-07,1.4,1.02301369483188e-07
84698,"Clostridium frigidicarnis",3,2.14620384114686e-07,3.5,2.50114616623147e-07
NA,"unknown genome; accession ID isNZ_LT635772.1",3,2.14620384114686e-07,2.9,2.09454191340351e-07
5061,"Aspergillus niger",2,1.43080256076458e-07,2.4,1.73917473710559e-07
192222,"Campylobacter jejuni",2,1.43080256076458e-07,2,1.43438929025833e-07
510516,"Aspergillus oryzae",2,1.43080256076458e-07,2.8,2.01588563644164e-07
1033744,"Peptoniphilus senegalensis",2,1.43080256076458e-07,3.2,2.25469056042228e-07
280463,"Emiliania huxleyi",2,1.43080256076458e-07,1.8,1.25853226179848e-07
1177154,"Alcanivorax nanhaiticus",2,1.43080256076458e-07,2.4,1.68662920069693e-07
29495,"Vibrio navarrensis",2,1.43080256076458e-07,2,1.43430986187768e-07
1437608,"Bifidobacterium biavatii",2,1.43080256076458e-07,2,1.43146392712838e-07
1423732,"Lacticaseibacillus casei",2,1.43080256076458e-07,3.7,2.63326402325978e-07
579748,"Vibrio galatheae",2,1.43080256076458e-07,2.4,1.70141551068438e-07
1194083,"Nostocoides japonicum",2,1.43080256076458e-07,2,1.43171906420596e-07
1640685,"Enterococcus massiliensis",2,1.43080256076458e-07,1.8,1.28733892180829e-07
1074000,"Cronobacter universalis",2,1.43080256076458e-07,1.4,1.03439431887162e-07
28037,"Streptococcus mitis",2,1.43080256076458e-07,2.2,1.60331105992833e-07
312540,"Acidiplasma cupricumulans",2,1.43080256076458e-07,2,1.4308038246903e-07
1299998,"Tractidigestivibacter scatoligenes",2,1.43080256076458e-07,2,1.43116620082191e-07
5078,"Penicillium griseofulvum",2,1.43080256076458e-07,2.1,1.53531925529618e-07
2049356,"Monocercomonoides exilis",2,1.43080256076458e-07,2,1.43080378908321e-07
1871336,"Criibacterium bergeronii",2,1.43080256076458e-07,2.2,1.54385137962842e-07
69781,"Penicillium oxalicum",2,1.43080256076458e-07,2.1,1.534706053621e-07
1432052,"Eisenbergiella tayi",2,1.43080256076458e-07,2.1,1.52412760093211e-07
2026194,"Bacillus paramycoides",2,1.43080256076458e-07,2.2,1.55093732956355e-07
1712031,"Streptobacillus notomytis",2,1.43080256076458e-07,2,1.43080525772515e-07
2093828,"Neorhizobium tomejilense",2,1.43080256076458e-07,2,1.43080379326754e-07
1450537,"Aspergillus homomorphus",2,1.43080256076458e-07,2,1.43080382225218e-07
471189,"Gordonibacter pamelaeae",2,1.43080256076458e-07,2,1.43086579124752e-07
2213010,"Simplicispira lacusdiani",2,1.43080256076458e-07,3.4,2.43690029365182e-07
2707003,"Streptococcus chosunensis",2,1.43080256076458e-07,2,1.4354207566336e-07
2259638,"Dickeya lacustris",2,1.43080256076458e-07,2,1.4308240924832e-07
83683,"Lactobacillus amylolyticus",2,1.43080256076458e-07,2,1.43089419114826e-07
2486853,"Actinoplanes solisilvae",2,1.43080256076458e-07,2.2,1.57149485033533e-07
2547833,"Palleronia sediminis",2,1.43080256076458e-07,2.4,1.68569979134797e-07
2518605,"Segatella hominis",2,1.43080256076458e-07,2.6,1.85943492279843e-07
2528639,"Mariprofundus erugo",2,1.43080256076458e-07,2.1,1.50063270841661e-07
180434,"Morganella morganii",2,1.43080256076458e-07,2,1.43373110993028e-07
2590453,"Myxococcus llanfairpwllgwyngyllgogerychwyrndrobwllllantysiliogogogochensis",2,1.43080256076458e-07,2,1.43082736181644e-07
2797506,"Enterobacter dykesii",2,1.43080256076458e-07,1.6,1.16529975384005e-07
88233,"Lacticaseibacillus manihotivorans",2,1.43080256076458e-07,2.1,1.53630924229382e-07
2661628,"Bifidobacterium platyrrhinorum",2,1.43080256076458e-07,2,1.43080479843017e-07
2736291,"Palleniella intestinalis",2,1.43080256076458e-07,2,1.44359015992652e-07
943830,"Tardiphaga robiniae",2,1.43080256076458e-07,2.1,1.51911034784495e-07
2739389,"Phocaeicola faecicola",2,1.43080256076458e-07,2.1,1.51892796857934e-07
2763036,"Clostridium hominis",2,1.43080256076458e-07,2.1,1.49324259448028e-07
2763667,"Wansuia hejianensis",2,1.43080256076458e-07,2,1.43790488115826e-07
2763677,"Zongyangia hominis",2,1.43080256076458e-07,2,1.44138438202873e-07
67333,"Streptomyces narbonensis",2,1.43080256076458e-07,2.8,2.00004443624965e-07
1932,"Streptomyces tendae",2,1.43080256076458e-07,1.7,1.21847680931041e-07
1256514,"Novosphingobium arvoryzae",2,1.43080256076458e-07,2,1.45559711019071e-07
273372,"Candida metapsilosis",2,1.43080256076458e-07,2.8,2.02021795650063e-07
1581472,"Streptococcus panodentis",2,1.43080256076458e-07,2,1.43124886410909e-07
2819233,"Microvirga antarctica",2,1.43080256076458e-07,2,1.43080417045782e-07
172043,"Brevundimonas nasdae",2,1.43080256076458e-07,2,1.43061514746651e-07
1490,"Paraclostridium bifermentans",2,1.43080256076458e-07,2.1,1.47351316351316e-07
1529,"Clostridium cadaveris",2,1.43080256076458e-07,2.7,1.90019253679684e-07
65700,"Erwinia tracheiphila",2,1.43080256076458e-07,2,1.45534894910522e-07
1411144,"Bacteroides caecigallinarum",2,1.43080256076458e-07,3.1,2.23272289396105e-07
698441,"Drepanopeziza brunnea",2,1.43080256076458e-07,2.1,1.49059438651161e-07
NA,"unknown genome; accession ID isNZ_JAMOKX010000003.1",2,1.43080256076458e-07,2,1.45249084723782e-07
504936,"Periweissella beninensis",2,1.43080256076458e-07,2,1.43599143499292e-07
181014,"Alternaria ethzedia",2,1.43080256076458e-07,2,1.43262708376914e-07
1187925,"Alternaria hordeiaustralica",2,1.43080256076458e-07,2,1.43080378908321e-07
2026186,"Bacillus paranthracis",2,1.43080256076458e-07,4,2.88518927689663e-07
2839954,"Streptomyces hilarionis",2,1.43080256076458e-07,2,1.43081857277845e-07
1581411,"Luteolibacter arcticus",2,1.43080256076458e-07,2,1.43080378908321e-07
416450,"Penicillium antarcticum",2,1.43080256076458e-07,2.1,1.51089353760782e-07
2993714,"Vibrio misgurnus",2,1.43080256076458e-07,2,1.46591576490468e-07
3035291,"Lacticaseibacillus huelsenbergensis",2,1.43080256076458e-07,3.2,2.2692830439299e-07
44750,"Corynebacterium auris",2,1.43080256076458e-07,2,1.43080378908321e-07
3075518,"Streptomyces gottesmaniae",2,1.43080256076458e-07,2,1.43090624314679e-07
2529381,"Enterobacter wuhouensis",2,1.43080256076458e-07,2,1.44598966101726e-07
271881,"Lactiplantibacillus argentoratensis",2,1.43080256076458e-07,2,1.4414186114187e-07
414052,"Caenispirillum bisanense",2,1.43080256076458e-07,2,1.43091996453474e-07
66882,"Streptomyces cuspidosporus",2,1.43080256076458e-07,2,1.43080401970299e-07
111803,"Actinocorallia longicatena",2,1.43080256076458e-07,2,1.43139076918953e-07
427369,"Streptomonospora halophila",2,1.43080256076458e-07,2,1.43342098535289e-07
2725494,"Kluyvera sichuanensis",2,1.43080256076458e-07,2.3,1.66108677858028e-07
2559918,"Lactiplantibacillus daowaiensis",2,1.43080256076458e-07,1.8,1.27103581558351e-07
1587,"Lactobacillus helveticus",2,1.43080256076458e-07,2.2,1.59251227599804e-07
310300,"Bacteroides pyogenes",2,1.43080256076458e-07,2.2,1.56987408869149e-07
1870991,"Massilioclostridium coli",2,1.43080256076458e-07,2.2,1.54444704180411e-07
1776387,"Peptoniphilus raoultii",2,1.43080256076458e-07,2.2,1.57621898515487e-07
482827,"Thermus arciformis",2,1.43080256076458e-07,2,1.43080378908321e-07
131110,"Schaalia radingae",2,1.43080256076458e-07,2,1.43080542817245e-07
1122142,"Lachnobacterium bovis",2,1.43080256076458e-07,2,1.43097643333198e-07
1852384,"Massiliimalia massiliensis",2,1.43080256076458e-07,2,1.43447211125512e-07
1349,"Streptococcus uberis",2,1.43080256076458e-07,2,1.43097870419689e-07
150055,"Streptococcus lutetiensis",2,1.43080256076458e-07,2,1.43641160872025e-07
1328,"Streptococcus anginosus",2,1.43080256076458e-07,4.5,3.19875517970338e-07
2890315,"Yersinia artesiana",2,1.43080256076458e-07,2.2,1.54582458113092e-07
2941507,"Senimuribacter intestinalis",2,1.43080256076458e-07,2,1.44618077953913e-07
908285,"Necropsobacter rosorum",2,1.43080256076458e-07,2.1,1.53607455929492e-07
665079,"Sclerotinia sclerotiorum",1,7.15401280382288e-08,1,7.05052052734789e-08
556484,"Phaeodactylum tricornutum",1,7.15401280382288e-08,0.5,3.57700947270803e-08
12968,"Blastocystis hominis",1,7.15401280382288e-08,0.5,3.57700947270803e-08
592026,"Catonella morbi",1,7.15401280382288e-08,1,7.34877367880726e-08
515849,"Podospora anserina",1,7.15401280382288e-08,1,7.15401894541606e-08
630626,"Shimwellia blattae",1,7.15401280382288e-08,0.6,4.46705136298703e-08
883077,"Schaalia turicensis",1,7.15401280382288e-08,1,7.15424633828145e-08
1423758,"Lactobacillus hominis",1,7.15401280382288e-08,1.1,7.92619647560575e-08
1033733,"Anaerococcus senegalensis",1,7.15401280382288e-08,1.1,8.05268169385423e-08
1121094,"Phocaeicola barnesiae",1,7.15401280382288e-08,1.2,8.62245270281119e-08
1121109,"Bifidobacterium minimum",1,7.15401280382288e-08,1.4,1.03300698138806e-07
1123314,"Streptococcus plurextorum",1,7.15401280382288e-08,1.1,8.00844709037526e-08
1263415,"Endocarpon pusillum",1,7.15401280382288e-08,1.1,7.59733033849948e-08
1266845,"Carnobacterium inhibens",1,7.15401280382288e-08,1.2,8.28362065981563e-08
1872678,"Pseudoalteromonas fuliginea",1,7.15401280382288e-08,1,7.15401894541606e-08
1501230,"Paenibacillus tyrfis",1,7.15401280382288e-08,1.2,8.89005775566652e-08
1005994,"Trabulsiella guamensis",1,7.15401280382288e-08,1,7.1572422980097e-08
1388752,"Campylobacter subantarcticus",1,7.15401280382288e-08,1,7.15401894541606e-08
633415,"Aeromonas sanarellii",1,7.15401280382288e-08,1,7.1560572966895e-08
1499683,"Clostridium culturomicium",1,7.15401280382288e-08,1,7.15401894541606e-08
1442370,"Cladophialophora bantiana",1,7.15401280382288e-08,1.1,7.5686848310939e-08
1670446,"Lactiplantibacillus herbarum",1,7.15401280382288e-08,1,7.15413594887413e-08
1150461,"Bifidobacterium scardovii",1,7.15401280382288e-08,1,7.154110885049e-08
1499688,"Neobacillus massiliamazoniensis",1,7.15401280382288e-08,1,7.15488145256736e-08
1509407,"Aspergillus nomiae",1,7.15401280382288e-08,1.2,8.9322926723903e-08
1159613,"Cronobacter muytjensii",1,7.15401280382288e-08,1.3,8.95380580676928e-08
1073999,"Cronobacter condimenti",1,7.15401280382288e-08,1.2,8.75703031919902e-08
1276888,"Vibrio bivalvicida",1,7.15401280382288e-08,1,7.15401894541606e-08
1137284,"Marinomonas fungiae",1,7.15401280382288e-08,0.9,6.14647558760798e-08
1423749,"Limosilactobacillus gastricus",1,7.15401280382288e-08,1.2,8.90470066809467e-08
76857,"Fusobacterium polymorphum",1,7.15401280382288e-08,1.1,7.64314300711266e-08
1313,"Streptococcus pneumoniae",1,7.15401280382288e-08,1,7.25768608262422e-08
83655,"Leclercia adecarboxylata",1,7.15401280382288e-08,1,7.15403196521783e-08
87541,"Aerococcus christensenii",1,7.15401280382288e-08,2.2,1.5421232295576e-07
1348632,"Pseudolactococcus plantarum",1,7.15401280382288e-08,1.4,1.03235421280194e-07
1354253,"Buttiauxella gaviniae",1,7.15401280382288e-08,1.4,1.03529994067535e-07
1354251,"Buttiauxella brennerae",1,7.15401280382288e-08,1.9,1.37129004734365e-07
759273,"Colletotrichum higginsianum",1,7.15401280382288e-08,0.2,1.78850473635402e-08
252393,"Candidatus Erwinia dacicola",1,7.15401280382288e-08,1,7.15401894541606e-08
150033,"Enterococcus ratti",1,7.15401280382288e-08,1,7.15401894541606e-08
28898,"Campylobacter helveticus",1,7.15401280382288e-08,1,7.15401894541606e-08
1265311,"Mycobacterium arosiense",1,7.15401280382288e-08,1,7.15401894541606e-08
641665,"Colwellia chukchiensis",1,7.15401280382288e-08,1.7,1.1999308496231e-07
1082703,"Lonsdalea iberica",1,7.15401280382288e-08,1,7.15401894541606e-08
1834191,"Candidatus Enterococcus testudinis",1,7.15401280382288e-08,1.5,1.10786117437834e-07
522484,"Campylobacter avium",1,7.15401280382288e-08,1,7.15401894541606e-08
1630166,"Bifidobacterium myosotis",1,7.15401280382288e-08,1.4,9.69005594001034e-08
2042057,"Pectobacterium polaris",1,7.15401280382288e-08,1,7.15408819600038e-08
158822,"Cedecea neteri",1,7.15401280382288e-08,3.4,2.42877589223659e-07
2052656,"Bifidobacterium scaligerum",1,7.15401280382288e-08,1,7.21581554518528e-08
33905,"Bifidobacterium thermophilum",1,7.15401280382288e-08,1,7.15401894541606e-08
189622,"Babesia ovata",1,7.15401280382288e-08,0.1,7.94890993935118e-09
1607738,"Staphylococcus argensis",1,7.15401280382288e-08,0.8,5.93888457149412e-08
1266046,"Aurantibacter aestuarii",1,7.15401280382288e-08,1.3,9.15287937500138e-08
2059725,"Zobellella maritima",1,7.15401280382288e-08,1,7.15446887546003e-08
1547597,"Sanguibacteroides justesenii",1,7.15401280382288e-08,1.1,8.00406290912898e-08
2219045,"Confluentibacter sediminis",1,7.15401280382288e-08,1,7.08641517185022e-08
372463,"Oceanobacillus profundus",1,7.15401280382288e-08,1.4,1.00487153362157e-07
2479546,"Vibrio zhugei",1,7.15401280382288e-08,1.3,9.64174362896648e-08
82993,"Buttiauxella warmboldiae",1,7.15401280382288e-08,1,7.15402363840171e-08
2486013,"Lacticaseibacillus baoqingensis",1,7.15401280382288e-08,1.2,8.24257082371444e-08
2486024,"Levilactobacillus fujinensis",1,7.15401280382288e-08,1.4,1.03292759610663e-07
2485998,"Lapidilactobacillus bayanensis",1,7.15401280382288e-08,1,7.15424578756858e-08
380685,"Thermosipho globiformans",1,7.15401280382288e-08,1,7.17137850877706e-08
97331,"Arthrobotrys flagrans",1,7.15401280382288e-08,1,7.2552938148213e-08
2487351,"Anaerosphaera multitolerans",1,7.15401280382288e-08,1.1,7.53880756130171e-08
2546350,"Citrobacter arsenatis",1,7.15401280382288e-08,1.1,8.06637321852013e-08
33898,"Streptomyces galbus",1,7.15401280382288e-08,1,7.15401894541606e-08
2382123,"Streptomyces tibetensis",1,7.15401280382288e-08,1,7.15401894541606e-08
2304625,"Colwellia ponticola",1,7.15401280382288e-08,1,7.15401894541606e-08
2562439,"Mixta tenebrionis",1,7.15401280382288e-08,1,7.15402397752537e-08
2749962,"Pseudolactococcus paracarnosus",1,7.15401280382288e-08,1.1,7.84499766894511e-08
2607660,"Nocardioides humilatus",1,7.15401280382288e-08,1.1,7.79649130535749e-08
2608008,"Candidatus Pantoea gossypiicola",1,7.15401280382288e-08,1,7.15401894541606e-08
2594882,"Mediterraneibacter catenae",1,7.15401280382288e-08,1.1,7.60111810543241e-08
2590031,"Affinibrenneria salicis",1,7.15401280382288e-08,1,7.31997362303289e-08
2026654,"Flavobacterium luteum",1,7.15401280382288e-08,1,7.16362295390106e-08
2585199,"Nocardia aurantia",1,7.15401280382288e-08,1,7.15412778896678e-08
57706,"Citrobacter braakii",1,7.15401280382288e-08,1,7.47432288930905e-08
2605781,"Cutibacterium porci",1,7.15401280382288e-08,1,7.15412252735989e-08
2652291,"Inconstantimicrobium porci",1,7.15401280382288e-08,1,7.37194375770598e-08
2681984,"Erwinia sorbitola",1,7.15401280382288e-08,1,7.15471101584057e-08
47770,"Lactobacillus crispatus",1,7.15401280382288e-08,1.4,9.96116884338158e-08
949,"Anaplasma platys",1,7.15401280382288e-08,1,7.15401894541606e-08
2675325,"Bifidobacterium erythrocebi",1,7.15401280382288e-08,1,7.26930008878606e-08
2722820,"Actinomyces faecalis",1,7.15401280382288e-08,1,7.15488868813298e-08
67828,"Citrobacter gillenii",1,7.15401280382288e-08,1,7.15440332843005e-08
2742993,"Anaerococcus faecalis",1,7.15401280382288e-08,1.1,7.98918087101302e-08
104628,"Helicobacter suis",1,7.15401280382288e-08,1,7.18895451598322e-08
472694,"Pantoea brenneri",1,7.15401280382288e-08,1.6,1.1638808269786e-07
2748684,"Ruoffia halotolerans",1,7.15401280382288e-08,1.8,1.28274995413527e-07
33959,"Lactobacillus johnsonii",1,7.15401280382288e-08,0.9,6.47624927358609e-08
2763013,"Agathobaculum faecis",1,7.15401280382288e-08,1.1,7.54563463009765e-08
2763035,"Clostridium facile",1,7.15401280382288e-08,1,7.23212673450087e-08
2763656,"Guopingia tenuis",1,7.15401280382288e-08,1,7.27683283158021e-08
2763661,"Bianquea renquensis",1,7.15401280382288e-08,1.1,7.51450159365509e-08
1323742,"Marivita lacus",1,7.15401280382288e-08,0.1,7.94890993935118e-09
1735103,"Nitratireductor aestuarii",1,7.15401280382288e-08,0.1,7.94890993935118e-09
2027858,"Aureimonas endophytica",1,7.15401280382288e-08,0.1,7.94890993935118e-09
1867774,"Aliidongia dinghuensis",1,7.15401280382288e-08,0.1,7.94890993935118e-09
1751298,"Mangrovihabitans endophyticus",1,7.15401280382288e-08,1,7.22526518419519e-08
66370,"Streptomyces flaveus",1,7.15401280382288e-08,0.4,2.95283057494063e-08
28893,"Streptomyces pilosus",1,7.15401280382288e-08,1,7.22281731765585e-08
67314,"Streptomyces lavendofoliae",1,7.15401280382288e-08,1,7.15517102193077e-08
2762213,"Phocaeicola faecium",1,7.15401280382288e-08,1,7.15502466363687e-08
40518,"Ruminococcus bromii",1,7.15401280382288e-08,1,7.1542215554047e-08
61016,"Virgibacillus salexigens",1,7.15401280382288e-08,1,7.15456668323859e-08
2779351,"Claveliimonas monacensis",1,7.15401280382288e-08,1,7.23991686892863e-08
2773304,"Dyadobacter subterraneus",1,7.15401280382288e-08,1,7.30331215733391e-08
5082,"Penicillium roqueforti",1,7.15401280382288e-08,1.2,8.36300713386086e-08
626929,"Bacteroides clarus",1,7.15401280382288e-08,1,7.1993087099958e-08
1054,"Ectothiorhodospira shaposhnikovii",1,7.15401280382288e-08,1,7.15401894541606e-08
2799636,"Catonella massiliensis",1,7.15401280382288e-08,2.2,1.5529585064977e-07
2799568,"Levilactobacillus lanxiensis",1,7.15401280382288e-08,1,7.3307946248217e-08
1220207,"Aspergillus puulaauensis",1,7.15401280382288e-08,1,7.12853854804307e-08
387090,"Phocaeicola coprophilus",1,7.15401280382288e-08,1.4,9.70633030315263e-08
37930,"Glutamicibacter protophormiae",1,7.15401280382288e-08,1,7.08756904806792e-08
2020965,"Bifidobacterium imperatoris",1,7.15401280382288e-08,1,7.21774509186099e-08
2800387,"Prevotella illustrans",1,7.15401280382288e-08,3,2.14979418943818e-07
202956,"Acinetobacter towneri",1,7.15401280382288e-08,1.5,1.04674375692383e-07
1054297,"Clostridium punense",1,7.15401280382288e-08,1,7.4584596549692e-08
1580590,"Leishmania martiniquensis",1,7.15401280382288e-08,1.2,8.87673421826337e-08
28114,"Porphyromonas levii",1,7.15401280382288e-08,1,7.29416463641096e-08
58169,"Rahnella inusitata",1,7.15401280382288e-08,1,7.04154406572032e-08
2834113,"Alistipes montrealensis",1,7.15401280382288e-08,1,7.2257755151341e-08
1544695,"Rosenbergiella collisarenosi",1,7.15401280382288e-08,1,7.29806118577145e-08
2838947,"Enterobacter quasimori",1,7.15401280382288e-08,1.1,8.0436913634932e-08
2841596,"Hallella faecis",1,7.15401280382288e-08,1.1,7.696046832184e-08
2068655,"Novisyntrophococcus fermenticellae",1,7.15401280382288e-08,1.1,7.68081021174676e-08
1563222,"Citrobacter pasteurii",1,7.15401280382288e-08,1,7.26463941293482e-08
2834432,"Bifidobacterium pongonis",1,7.15401280382288e-08,1,7.15455614970892e-08
1122150,"Liquorilactobacillus nagelii",1,7.15401280382288e-08,1.3,9.17591703137216e-08
2841061,"Streptococcus humanilactis",1,7.15401280382288e-08,1.3,9.07786780880006e-08
1987584,"Shewanella carassii",1,7.15401280382288e-08,0.6,3.98067706242969e-08
1353,"Enterococcus gallinarum",1,7.15401280382288e-08,1.5,1.06047377115026e-07
2486360,"Exophiala viscosa",1,7.15401280382288e-08,1.1,8.00780169592696e-08
2951805,"Parabacteroides absconsus",1,7.15401280382288e-08,1,7.35211491234982e-08
181017,"Alternaria conjuncta",1,7.15401280382288e-08,1,7.15401894541606e-08
232088,"Alternaria arbusti",1,7.15401280382288e-08,1,7.15401894541606e-08
1337051,"Murimonas intestini",1,7.15401280382288e-08,1,7.17616561634631e-08
2920380,"Vagococcus luciliae",1,7.15401280382288e-08,1,7.15401894714758e-08
1234842,"Mucilaginibacter phenanthrenivorans",1,7.15401280382288e-08,1.3,9.03918066542763e-08
2981780,"Bacteroides cellulolyticus",1,7.15401280382288e-08,1,7.20059732520532e-08
2981722,"Porcipelethomonas ammoniilytica",1,7.15401280382288e-08,1,7.16000688020176e-08
1002107,"Penicillium psychrosexuale",1,7.15401280382288e-08,1.5,1.04286907953852e-07
3027932,"Vibrio chanodichtyis",1,7.15401280382288e-08,1,7.49606500705193e-08
3035284,"Prevotella sp. B2-R-102",1,7.15401280382288e-08,1,7.29253027451836e-08
688661,"Lichtheimia ornata",1,7.15401280382288e-08,1,7.15401894541606e-08
1971610,"Methylophilus aquaticus",1,7.15401280382288e-08,0.1,7.94890993935118e-09
507751,"Peptoniphilus koenoeneniae",1,7.15401280382288e-08,1,7.40725302728108e-08
3053926,"Azospirillum isscasi",1,7.15401280382288e-08,0.1,7.94890993935118e-09
1209934,"Colletotrichum tamarilloi",1,7.15401280382288e-08,0.2,1.78850473635402e-08
2559925,"Enterococcus dongliensis",1,7.15401280382288e-08,1,7.18643326071229e-08
94610,"Neurospora tetraspora",1,7.15401280382288e-08,0.2,1.78850473635402e-08
5147,"Sordaria macrospora",1,7.15401280382288e-08,0.2,1.78850473635402e-08
2053367,"Citroniella saccharovorans",1,7.15401280382288e-08,1,7.38863011944918e-08
1690606,"Exophiala bonariae",1,7.15401280382288e-08,2.3,1.66737207866855e-07
3082862,"Lactobacillus juensis",1,7.15401280382288e-08,0.8,5.65957961524426e-08
3108533,"Anaerofustis butyriciformans",1,7.15401280382288e-08,2.3,1.68104132520398e-07
102148,"Solobacterium moorei",1,7.15401280382288e-08,1,7.46067040140821e-08
3040939,"Raoultella lignicola",1,7.15401280382288e-08,1,7.158426282118e-08
2993430,"Streptococcus parapneumoniae",1,7.15401280382288e-08,1.7,1.2074443226443e-07
84031,"Clostridium sartagoforme",1,7.15401280382288e-08,1,7.20040796660345e-08
931097,"Bartonella pachyuromydis",1,7.15401280382288e-08,1,7.15401894541606e-08
3133091,"unknown genome; accession ID isNZ_JBBMER010000002.1",1,7.15401280382288e-08,1.5,1.06667385957278e-07
3118588,"Ewingella docleensis",1,7.15401280382288e-08,1.6,1.14992258733523e-07
181172,"Vanrija albida",1,7.15401280382288e-08,0.9,6.65490755317636e-08
1737459,"Pseudoalteromonas fenneropenaei",1,7.15401280382288e-08,1,7.15401894541606e-08
1715645,"Paracoccus mangrovi",1,7.15401280382288e-08,1,7.15401911673409e-08
1640501,"Streptococcus caprae",1,7.15401280382288e-08,1,7.15573976193392e-08
1994,"Actinomadura rugatobispora",1,7.15401280382288e-08,1.4,9.91347861811605e-08
1890295,"Pseudoduganella danionis",1,7.15401280382288e-08,0.6,4.56960970124025e-08
1431848,"Saccharopolyspora griseoalba",1,7.15401280382288e-08,0.1,7.94890993935118e-09
1897628,"Rhodoplanes azumiensis",1,7.15401280382288e-08,0.1,7.94890993935118e-09
1335613,"Gordonibacter urolithinfaciens",1,7.15401280382288e-08,1.1,7.71114115956125e-08
2592333,"Sellimonas caecigallum",1,7.15401280382288e-08,1,7.22550014699054e-08
1423778,"Paucilactobacillus oligofermentans",1,7.15401280382288e-08,1,7.15402094196283e-08
1776379,"Leyella lascolaii",1,7.15401280382288e-08,1.4,1.01503196840598e-07
1816678,"Christensenella timonensis",1,7.15401280382288e-08,1.1,7.5290609069818e-08
1005667,"Kosakonia oryziphila",1,7.15401280382288e-08,1,7.1823275094818e-08
1642646,"Petrimonas mucosa",1,7.15401280382288e-08,1,7.15401894541606e-08
861298,"Vibrio xiamenensis",1,7.15401280382288e-08,1,7.15402059890987e-08
69824,"Thomasclavelia cocleata",1,7.15401280382288e-08,1,7.41224213874758e-08
1121325,"Romboutsia lituseburensis",1,7.15401280382288e-08,1.1,7.97997719311581e-08
1903262,"Bacteroides ndongoniae",1,7.15401280382288e-08,1.1,7.59263340296635e-08
1909670,"Gemella massiliensis",1,7.15401280382288e-08,1,7.18716659757142e-08
1723382,"Urinicoccus massiliensis",1,7.15401280382288e-08,1.6,1.15123513513623e-07
1745712,"Anaerococcus urinomassiliensis",1,7.15401280382288e-08,1,7.1592187762952e-08
1841856,"Bacteroides mediterraneensis",1,7.15401280382288e-08,1,7.37100681374821e-08
1871035,"Negativibacillus massiliensis",1,7.15401280382288e-08,1.4,9.74558789994145e-08
NA,"unknown genome; accession ID isNZ_LT706985.1",1,7.15401280382288e-08,1,7.15402290585387e-08
1986155,"Staphylococcus cornubiensis",1,7.15401280382288e-08,1,7.15401895785285e-08
1836972,"Frankia canadensis",1,7.15401280382288e-08,1.9,1.34097544123512e-07
1937461,"Collinsella provencensis",1,7.15401280382288e-08,1,7.50059885698705e-08
1123011,"Pseudobutyrivibrio ruminis",1,7.15401280382288e-08,1,7.15401895409207e-08
1944636,"Parabacteroides provencensis",1,7.15401280382288e-08,1.1,8.03754044363672e-08
675,"Vibrio cincinnatiensis",1,7.15401280382288e-08,1,7.18888914552634e-08
1345,"Streptococcus ferus",1,7.15401280382288e-08,1,7.15784885488403e-08
NA,"unknown genome; accession ID isNZ_CABKVQ010000002.1",1,7.15401280382288e-08,1.1,7.60995053783805e-08
NA,"unknown genome; accession ID isNZ_CABKVQ010000003.1",1,7.15401280382288e-08,1,7.18729958218863e-08
2606893,"Magnusiomyces paraingens",1,7.15401280382288e-08,1,7.15401894541606e-08
2736608,"Streptococcus thalassemiae",1,7.15401280382288e-08,1,7.31206528980115e-08
