"TaxonomyID","Genome","read_count","Proportion","readsEM","EMProportion"
2714353,"Vescimonas fastidiosa",5356590,0.364031678413029,5356177.8,0.364004011651898
411468,"[Clostridium] scindens",1018787,0.0692363502816857,1018620.2,0.0692250814085283
411485,"Faecalibacterium prausnitzii",760275,0.0516679798725431,758133,0.0515224601111439
2981728,"Huintestinicola butyrica",738105,0.0501613156868547,739384.1,0.0502482901740256
536633,"Blautia glucerasea",566719,0.0385139928123216,565735.6,0.0384471965046144
36656,"Penicillium crustosum",444255,0.0301913891661263,444255,0.0301914148536574
2981792,"Oscillibacter acetigenes",411589,0.0279714210881065,411312.6,0.0279526635754988
1150298,"Fusicatenibacter saccharivorans",373872,0.0254081891038209,375223.9,0.0255000884771888
28129,"Prevotella denticola",343774,0.0233627412616535,343725.8,0.0233594860814542
2763023,"Bacteroides hominis",322285,0.0219023575590708,340184.8,0.0231188394940236
1196081,"Talaromyces amestolkiae",302535,0.0205601555894115,302535,0.0205601740710436
3136601,"Owariibacterium komagatae",301946,0.0205201273888986,302161,0.0205347566046384
2981779,"Anaerostipes amylophilus",287237,0.0195205097295711,287257.4,0.0195219134764568
272559,"Bacteroides fragilis",264053,0.0179449345161746,246079.2,0.0167234579534542
2763038,"Clostridium segne",242561,0.0164843469348117,240615.9,0.0163521756250553
566552,"Bifidobacterium catenulatum",177881,0.0120887204336692,177818.7,0.0120844977573295
1507512,"Romboutsia hominis",166728,0.0113307670884737,166728,0.0113307778626783
823,"Parabacteroides distasonis",160903,0.010934902456916,160896.6,0.0109344796509983
5480,"Candida parapsilosis",147673,0.0100357970362278,147673,0.0100358065831788
626937,"Christensenella minuta",145109,0.00986154863874896,145171.1,0.00986577953259023
2981726,"Hominimerdicola aceti",137158,0.00932120191162181,137273.7,0.00932907031929458
626940,"Phascolarctobacterium succinatutens",131371,0.00892791974461329,131314.2,0.00892406753085894
2585117,"Alistipes onderdonkii",118583,0.00805885246420806,118578.8,0.00805857510358038
742726,"Barnesiella intestinihominis",105137,0.00714506777134533,105179.2,0.00714794106365688
742742,"Collinsella tanakaei",103297,0.00702002211948846,103208.4,0.00701400831014976
347253,"Streptococcus salivarius",87890,0.0059729686639674,87393.1,0.00593920257085931
585394,"Roseburia hominis",77121,0.00524111180263773,75886.5,0.00515721984472719
3133156,"Faecalibacterium tardum",74929,0.0050921443739039,70545,0.00479421740999054
39486,"Dorea formicigenerans",69242,0.00470565816623542,68982.6,0.00468803530019489
411470,"Mediterraneibacter gnavus",65169,0.0044288587423153,65115.9,0.00442525740110098
89153,"[Clostridium] hylemonae",56795,0.00385976510717975,57021.4,0.00387515403055042
239935,"Akkermansia muciniphila",54343,0.0036931281841618,54342.6,0.00369310264188871
99287,"Salmonella enterica",52533,0.00357012132010695,52469.9,0.00356583470310213
563192,"Bilophila wadsworthia",50921,0.00346057045554539,50921,0.00346057352116705
330879,"Aspergillus fumigatus",48671,0.00330766137039433,48671,0.00330766693202466
61420,"Aspergillus caelatus",46910,0.0031879845264161,45530.1,0.00309420835412024
39491,"Agathobacter rectalis",46072,0.0031310343871465,45978.8,0.00312470275061077
871665,"Blautia faecis",37016,0.00251559230931184,37033.1,0.00251675948723088
1796635,"Longicatena caecimuris",36496,0.00248025332074359,36539,0.0024831800395746
3133155,"Faecalibacterium intestinale",34013,0.00231150965033022,36817.7,0.00250211846480717
386585,"Escherichia coli",33812,0.00229784977205673,33777.6,0.00229551424128723
2126740,"Clostridium fessum",31200,0.0021203393140947,32611.4,0.00221626127912997
3030638,"Faecalibacterium taiwanense",26507,0.00180140494226629,25446.4,0.00172932874378579
1590,"Lactiplantibacillus plantarum",25519,0.00173426086398662,25518.8,0.00173425109264976
28118,"Odoribacter splanchnicus",22826,0.00155124567895915,22851.5,0.00155297920075972
28116,"Bacteroides ovatus",18582,0.00126282516456755,18338,0.00124624300935388
358743,"Enterocloster citroniae",17865,0.00121409813609942,17931,0.00121858236178362
246787,"Bacteroides cellulosilyticus",17809,0.00121029239886899,17739.9,0.00120559971918021
411483,"Faecalibacterium duncaniae",16236,0.00110339195845005,16108.8,0.00109474757600181
5068,"Aspergillus tubingensis",15594,0.00105976189948695,15591.2,0.0010595721023552
1343,"Streptococcus vestibularis",14272,0.000969919317011523,14524.6,0.000987088252671076
2003188,"Parolsenella catena",12540,0.000852213301241907,12516.8,0.000850639014910936
1121115,"Blautia wexlerae",12342,0.000838757301748614,11599.7,0.000788314235825546
2764325,"[Eubacterium] hominis",12053,0.000819116979255878,11296.9,0.000767732331962891
1712515,"Butyricicoccus faecihominis",11976,0.000813884090564041,11984.7,0.000814474400743708
2941338,"Streptococcus caecimuris",10634,0.000722682316220609,9414.5,0.000639803290115437
2981782,"Blautia ammoniilytica",10434,0.000709090397540515,10596.2,0.000720113553934122
3133157,"Faecalibacterium faecis",9969,0.000677489186609296,9292.7,0.000631525695202095
858893,"Exophiala dermatitidis",9671,0.000657237227775956,9671,0.000657236423582455
132259,"Aspergillus pseudotamarii",9662,0.000656625591435351,11038.7,0.000750185484482073
2935520,"Faecalibacterium hattorii",9360,0.000636101794228409,9527.4,0.000647478053312063
282402,"Prevotella multiformis",9277,0.00063046114797617,9269.2,0.000629934963460042
1234680,"Streptococcus rubneri",9232,0.000627402966273149,9146.1,0.000621566254258159
1169293,"Enterococcus faecalis",9172,0.000623325390669121,9171.6,0.00062329936334267
2839743,"Hominibacterium faecale",9010,0.000612315936538244,8309.9,0.000564736508261512
2946555,"Akkermansia biwaensis",8154,0.000554142524587441,8143,0.000553395278123333
508771,"Toxoplasma gondii",8137,0.000552987211499633,8086.6,0.00054956441633384
3053355,"Streptococcus raffinosi",8026,0.000545443696632181,8102.6,0.000550649469364998
367928,"Bifidobacterium adolescentis",7972,0.000541773878588555,7921.1,0.000538316720280659
2763017,"Anaerosacchariphilus hominis",7862,0.000534298323314504,8363.8,0.000568398454572661
1851428,"Faecalibacterium longum",7530,0.000511735738305547,8779,0.000596621228298013
1496,"Clostridioides difficile",7142,0.000485367416066164,7142,0.000485367595723454
2763025,"Bacteroides parvus",6774,0.000460358285694791,6045.2,0.000410829100299761
1150423,"Bifidobacterium dentium",6078,0.000413058408688063,6092.7,0.000414056612236909
47715,"Lacticaseibacillus rhamnosus",5983,0.000406602247315018,5982.6,0.000406574669416689
3435293,"Faecalibacterium langellae",5982,0.000406534287721618,7018.8,0.000476992643074681
536231,"Roseburia intestinalis",5779,0.000392738490261322,4849.8,0.000329593157933118
1870993,"Coprococcus phoceensis",5720,0.000388728874250695,6497.2,0.00044154452931923
2751153,"Coprobacter secundus",5229,0.000355360713891063,5131.6,0.000348741042158113
2981770,"Gallintestinimicrobium propionicum",5105,0.000346933724309405,5588.8,0.000379809752497131
547043,"Bifidobacterium pseudocatenulatum",4929,0.000334972835870922,4998.2,0.000339673108888308
53346,"Enterococcus mundtii",4408,0.000299565887709276,4374.7,0.000297300436196474
2881258,"Ruminococcus turbiniformis",4271,0.000290255423413412,3897.6,0.000264880690420823
2929491,"Faecalibacterium wellingii",4266,0.00028991562544641,4191.1,0.000284827406826376
84112,"Eggerthella lenta",4176,0.000283799262040367,4180.2,0.000284087544584144
1796613,"Bacteroides caecimuris",4004,0.000272110211975486,4076.3,0.000277025010514191
1851427,"Faecalibacterium butyricigenerans",3760,0.000255528071185771,4131.9,0.000280804201175213
3133177,"Bifidobacterium hominis",3672,0.00024954762696653,3548.8,0.000241177835777014
358742,"Enterocloster aldenensis",3458,0.000235004273978829,3697.1,0.000251250318559606
1121098,"Phocaeicola massiliensis",3447,0.000234256718451424,3520.1,0.000239227686913383
3111861,"Streptococcus gingivalis",3277,0.000222703587573344,3404.8,0.000231391243894218
2093856,"Butyricimonas faecalis",3275,0.000222567668386543,3142.6,0.00021356674483511
291644,"Bacteroides salyersiae",3238,0.000220053163430725,3143.8,0.000213649359646847
1962263,"Clostridium tepidum",3181,0.000216179466606898,3180.6,0.000216155501461113
2981721,"Brotomerdimonas butyrica",3172,0.000215567830266294,3173.1,0.000215642570487346
717959,"Alistipes shahii",3170,0.000215431911079493,3128.3,0.000212594913240426
1653434,"Sellimonas intestinalis",3125,0.000212373729376472,3361,0.000228411367487126
116085,"Coprococcus catus",3090,0.000209995143607456,3123.2,0.000212254236121163
1308,"Streptococcus thermophilus",3063,0.000208160234585643,3121.3,0.000212120088797509
2885361,"Brotaphodocola catenula",3041,0.000206665123530833,3053.3,0.000207500729258049
2763672,"Simiaoa sunii",2957,0.000200956517685193,3565.4,0.000242304665079081
1236517,"Prevotella fusca",2888,0.00019626730574056,2717.7,0.000184694143074321
997894,"Enterocloster bolteae",2687,0.000182607427467066,2844,0.000193278629048628
1236518,"Prevotella scopos",2617,0.000177850255929033,2403.4,0.000163336231742989
28137,"Prevotella veroralis",2536,0.000172345528863595,2469.7,0.00016783770139352
820,"Bacteroides uniformis",2510,0.000170578579435182,2894.4,0.000196699449172235
3133152,"Blautia intestinihominis",2502,0.000170034902687979,2259.5,0.000153553791178252
1547,"Thomasclavelia ramosa",2499,0.000169831023907777,2315.1,0.00015733082744346
565042,"Bifidobacterium longum",2485,0.000168879589600171,2475.3,0.000168219034046574
1470345,"Bacteroides timonensis",2167,0.000147268438898821,2190.9,0.000148892048080527
3098076,"Streptococcus lingualis",2029,0.000137890015009556,2259.1,0.000153528172476988
2764323,"Catenibacterium faecis",2017,0.00013707449988875,1870.5,0.00012711806083764
2606635,"Waltera intestinalis",2008,0.000136462863548146,2077,0.000141151217297738
2763669,"Qiania dongpingensis",1957,0.000132996924284722,1999.9,0.000135913334640311
1720294,"Eisenbergiella massiliensis",1905,0.000129463025427897,1915.7,0.000130188963516598
622,"Shigella dysenteriae",1861,0.000126472803318277,1944.5,0.000132145604320269
301302,"Roseburia faecis",1713,0.000116414783495007,2004.6,0.000136229453219809
1360,"Lactococcus lactis",1684,0.000114443955286393,1684,0.000114441073172688
1650663,"Allofournierella massiliensis",1661,0.000112880884638182,1640.5,0.000111490434720601
2605778,"Clostridium porci",1655,0.00011247312707778,1888.3,0.000128330123239408
3032872,"Petralouisia muris",1623,0.000110298420088965,1575.5,0.000107070348368195
476272,"Blautia hydrogenotrophica",1590,0.000108055753506749,1585.1,0.00010772432893304
621,"Shigella boydii",1535,0.000104317975869723,1351.9,9.187403364608e-05
2838470,"Candidatus Bacteroides intestinigallinarum",1519,0.000103230622375316,1437.9,9.77171365266812e-05
2107999,"Lactobacillus paragasseri",1513,0.000102822864814913,1507.6,0.000102457344304126
3036443,"Streptococcus sp. ST2",1488,0.000101123874979901,1826,0.000124094032845235
592978,"Mediterraneibacter faecis",1487,0.0001010559153865,1491.1,0.000101337486944392
871664,"Blautia stercoris",1480,0.000100580198232697,2048.6,0.000139220886764861
103621,"Actinomyces urogenitalis",1373,9.33085217388468e-05,1373,9.33086004162695e-05
3034501,"Enterococcus spodopteracolus",1373,9.33085217388468e-05,1412.9,9.60191256338392e-05
2763065,"Ruminococcus hominis",1346,9.14736127170341e-05,1452.1,9.86809343124603e-05
60133,"Prevotella pallens",1339,9.09978955632308e-05,1356.1,9.21567835152945e-05
2927224,"Akkermansia massiliensis",1335,9.07260571896289e-05,1346.5,9.15061236511088e-05
2726362,"Faecalicatena faecalis",1311,8.90950269480176e-05,1549.7,0.000105319819393643
1628085,"Agathobaculum butyriciproducens",1304,8.86193097942143e-05,1309.2,8.89703078313453e-05
1395125,"Segatella salivae",1254,8.52213301241907e-05,1445.9,9.8262159116035e-05
2763675,"Jilunia laotingensis",1242,8.44058150033851e-05,1163.8,7.90919183049621e-05
169435,"Anaerotruncus colihominis",1233,8.37941786627808e-05,1240.1,8.4275968406746e-05
518634,"Bifidobacterium breve",1226,8.33184615089775e-05,1199.6,8.15267285109444e-05
745368,"Gemmiger formicilis",1203,8.17553908607667e-05,1189.3,8.08262574989747e-05
1561,"Clostridium baratii",1191,8.0939875739961e-05,1190.9,8.09300224077018e-05
2981720,"Bovifimicola ammoniilytica",1171,7.95806838719516e-05,1202.4,8.17120185894007e-05
1936995,"Parabacteroides bouchesdurhonensis",1116,7.58429062349257e-05,1139.3,7.74237716826003e-05
1495444,"Rhodotorula pacifica",1094,7.43477951801154e-05,1093.9,7.43384103606158e-05
208962,"Escherichia albertii",1073,7.29206437187055e-05,1013.4,6.8868019832593e-05
2608867,"Escherichia ruysiae",1070,7.2716764938504e-05,1093.7,7.43248046681919e-05
564,"Escherichia fergusonii",1038,7.0542057949689e-05,1036.3,7.04289953523818e-05
760570,"Streptococcus parasanguinis",1022,6.94547044552814e-05,1448.1,9.8411694150326e-05
113107,"Streptococcus australis",1011,6.87071489278762e-05,1121.2,7.61996567239787e-05
371601,"Bacteroides xylanisolvens",1004,6.82314317740729e-05,1099.7,7.47350518475402e-05
2547410,"Enterocloster alcoholdehydrogenati",1001,6.80275529938715e-05,1036.6,7.0450040661994e-05
2981789,"Dorea amylophila",978,6.64644823456607e-05,1132.3,7.69476274333799e-05
1121096,"Bacteroides gallinarum",962,6.53771288512532e-05,1034.8,7.03266274931067e-05
150056,"Mammaliicoccus fleurettii",957,6.50373308842508e-05,841.7,5.72036390450759e-05
2885348,"Hominifimenecus microfluidus",951,6.4629573323848e-05,1270.9,8.63674049215009e-05
2881264,"Blautia fusiformis",947,6.43577349502461e-05,959.5,6.52086978532203e-05
61648,"Kluyvera intermedia",940,6.38820177964428e-05,941.6,6.3992417527069e-05
1871016,"Collinsella phocaeensis",938,6.37460986096419e-05,998.5,6.78587226184478e-05
2981774,"Suilimivivens aceti",934,6.347426023604e-05,1038.8,7.05939520953185e-05
2763042,"Dysosmobacter segnis",933,6.34063006426395e-05,947.4,6.43822967993452e-05
2763040,"Dorea hominis",916,6.22509875548315e-05,1009,6.85712219349572e-05
371674,"Moryella indoligenes",896,6.08917956868221e-05,927.6,6.30401658291334e-05
1745713,"Bariatricus massiliensis",895,6.08238360934216e-05,758.4,5.15390170154722e-05
1912855,"Faecalimonas umbilicata",892,6.06199573132202e-05,900.3,6.11851952894161e-05
2981771,"Laedolimicola ammoniilytica",854,5.80374927640023e-05,906.9,6.16337564562024e-05
213810,"Ruminococcus champanellensis",830,5.6406462522391e-05,830,5.64066944821075e-05
1177574,"Prevotella jejuni",829,5.63385029289905e-05,798.7,5.4276696821622e-05
291645,"Bacteroides nordii",829,5.63385029289905e-05,825.6,5.6107479599747e-05
1410646,"Bifidobacterium merycicum",827,5.62025837421896e-05,989.1,6.72174741500897e-05
471870,"Bacteroides intestinalis",811,5.5115230247782e-05,819.8,5.57157813237354e-05
2093857,"Dysosmobacter welbionis",810,5.50472706543816e-05,811.8,5.51702477578054e-05
2763064,"Roseburia zhanii",796,5.4095836346775e-05,857.6,5.82788699531536e-05
2447885,"Bacteroides faecalis",793,5.38919575665736e-05,760.9,5.17105223354189e-05
3133172,"Alistipes intestinihominis",783,5.32123616325688e-05,791,5.375714060072e-05
1297617,"Intestinimonas butyriciproducens",781,5.30764424457679e-05,787.7,5.35296457324475e-05
1703332,"Butyribacter intestini",779,5.2940523258967e-05,819.9,5.57232440158374e-05
78346,"Bifidobacterium ruminantium",773,5.25327656985641e-05,775.8,5.27240232858244e-05
3064195,"Brotocaccenecus cirricatena",744,5.05619374899505e-05,747.8,5.08189358246825e-05
871325,"Bacteroides faecichinchillae",734,4.98823415559458e-05,734.1,4.9891232400689e-05
478749,"Marvinbryantia formatexigens",714,4.85231496879363e-05,779.3,5.29610120613536e-05
1653435,"Merdimonas faecis",705,4.79115133473321e-05,756.7,5.14266033419276e-05
3078042,"Pilosibacter fragilis",704,4.78435537539316e-05,789.2,5.36351573406099e-05
445970,"Alistipes putredinis",699,4.75037557869293e-05,848.3,5.76498172161102e-05
214856,"Alistipes finegoldii",695,4.72319174133274e-05,718,4.87954462513457e-05
1499973,"Escherichia marmotae",691,4.69600790397255e-05,798.3,5.42554956042239e-05
580166,"Oceanibaculum pacificum",683,4.64164022925217e-05,798.3,5.42502001727037e-05
1750560,"Parabacteroides massiliensis",673,4.5736806358517e-05,686,4.66221162792469e-05
3098075,"Streptococcus dentalis",665,4.51931296113133e-05,766.9,5.21191397437461e-05
180164,"Blautia schinkii",660,4.48533316443109e-05,900.1,6.11676023840583e-05
553174,"Prevotella melaninogenica",658,4.471741245751e-05,719.5,4.88945599384374e-05
1177179,"Alcanivorax hongdengensis",651,4.42416953037067e-05,599.3,4.07269953092735e-05
1796636,"Frisingicoccus caecimuris",629,4.27465842488963e-05,628.7,4.27261940618381e-05
1211819,"Holdemania massiliensis",619,4.20669883148916e-05,618.5,4.20324957551316e-05
624,"Shigella sonnei",598,4.06398368534817e-05,772.7,5.25131401124679e-05
2589788,"Streptococcus xiaochunlingii",598,4.06398368534817e-05,650,4.4174421298908e-05
2981783,"Blautia acetigignens",583,3.96204429524746e-05,637.7,4.33369746674868e-05
28133,"Prevotella nigrescens",579,3.93486045788727e-05,561.8,3.81799477519496e-05
2713419,"Collinsella acetigenes",559,3.79894127108633e-05,553.7,3.76286979917828e-05
187327,"Acidaminococcus intestini",543,3.69020592164558e-05,547.5,3.72092999455269e-05
2086583,"Pseudoruminococcus massiliensis",542,3.68340996230553e-05,536.1,3.64338423943548e-05
3133499,"Maccoyibacter intestinihominis",540,3.66981804362544e-05,552.3,3.75313646241226e-05
271881,"Lactiplantibacillus argentoratensis",533,3.62224632824511e-05,549,3.73070435058173e-05
1134687,"Klebsiella michiganensis",529,3.59506249088492e-05,526.7,3.57910287714899e-05
550,"Enterobacter cloacae",522,3.54749077550459e-05,376.2,2.55672690442411e-05
1156431,"Streptococcus ilei",516,3.50671501946431e-05,454,3.08522170365244e-05
2981794,"Roseburia amylophila",516,3.50671501946431e-05,553,3.75805694434935e-05
328812,"Parabacteroides goldsteinii",515,3.49991906012426e-05,607.8,4.13089787746172e-05
1776384,"Emergencia timonensis",513,3.48632714144417e-05,536.5,3.64590504404063e-05
2949662,"Coprococcus sp. B2-R-112",505,3.43195946672379e-05,514.3,3.49501354163614e-05
197614,"Streptococcus pasteurianus",499,3.39118371068351e-05,498.7,3.38924581605661e-05
470565,"Prevotella histicola",495,3.36399987332332e-05,541.3,3.67850943615402e-05
85831,"Bacteroides acidifaciens",495,3.36399987332332e-05,457.6,3.11006752480341e-05
2981772,"Muricoprocola aceti",486,3.30283623926289e-05,488.7,3.32143357999964e-05
2763045,"Eubacterium segne",485,3.29604027992285e-05,597.9,4.06328454141912e-05
2382163,"Streptococcus koreensis",478,3.24846856454252e-05,516.8,3.51216091503752e-05
1796615,"Blautia caecimuris",475,3.22808068652238e-05,480.2,3.26324496550667e-05
3028070,"Claveliimonas bilis",470,3.19410088982214e-05,456.8,3.10448327645013e-05
1440762,"Dyella japonica",467,3.173713011802e-05,467,3.17374067138753e-05
2834112,"Bacteroides propionicigenes",465,3.1601210931219e-05,546.2,3.71218699555497e-05
555970,"Bifidobacterium animalis",463,3.14652917444181e-05,467.5,3.17709943844466e-05
2981768,"Anthropogastromicrobium aceti",462,3.13973321510176e-05,475.1,3.22898323495297e-05
2763670,"Wujia chipingensis",461,3.13293725576172e-05,522.6,3.55182556499424e-05
2763659,"Fumia xinanensis",461,3.13293725576172e-05,494.7,3.36201235353398e-05
76123,"Hoylesella enoeca",457,3.10575341840153e-05,567.1,3.85398324041787e-05
413999,"Clostridium botulinum",455,3.09216149972143e-05,443,3.01050617482239e-05
1448317,"Aspergillus costaricensis",451,3.06497766236124e-05,376.4,2.55803782072696e-05
763406,"Pichia membranifaciens",442,3.00381402830082e-05,441.8,3.00258482997834e-05
2498453,"Geminicoccus harenae",429,2.91546655688021e-05,500.1,3.39853511973743e-05
684066,"Streptococcus lactarius",421,2.86109888215983e-05,456.5,3.10223315368801e-05
3037989,"Bacteroides vicugnae",420,2.85430292281978e-05,539,3.66333213772628e-05
73098,"Kluyvera georgiana",419,2.84750696347974e-05,419.4,2.85020115643741e-05
537006,"Parabacteroides johnsonii",419,2.84750696347974e-05,399.4,2.71436001829898e-05
2838426,"Candidatus Agathobaculum pullicola",419,2.84750696347974e-05,496.6,3.37486565963352e-05
1639133,"Citrobacter portucalensis",402,2.73197565469894e-05,373.3,2.53718581270124e-05
2653932,"Citrobacter telavivensis",401,2.72517969535889e-05,418.8,2.8460467266694e-05
2681861,"Sporofaciens musculi",399,2.7115877766788e-05,445,3.0240384564183e-05
1218085,"Citrobacter rodentium",393,2.67081202063851e-05,404.6,2.74968394822968e-05
292800,"Flavonifractor plautii",385,2.61644434591814e-05,443.9,3.01692403508064e-05
44742,"Desulfovibrio fairfieldensis",381,2.58926050855795e-05,381,2.58928565853174e-05
3117552,"Bacteroides maternus",381,2.58926050855795e-05,431.1,2.92969416073937e-05
2509240,"Blautia faecicola",373,2.53489283383757e-05,405,2.75206786903722e-05
158836,"Enterobacter hormaechei",369,2.50770899647738e-05,322.9,2.19422462085067e-05
2949650,"Parabacteroides sp. W1-Q-101",369,2.50770899647738e-05,407.6,2.76992407267345e-05
2763021,"Bacteroides difficilis",368,2.50091303713734e-05,424.6,2.885438884025e-05
2715212,"Bacteroides faecium",365,2.48052515911719e-05,353.6,2.40306087668046e-05
310298,"Phocaeicola coprocola",365,2.48052515911719e-05,370.1,2.51542255644039e-05
871327,"Parabacteroides chinchillae",355,2.41256556571672e-05,347.9,2.36423346367875e-05
763034,"Bacteroides fluxus",354,2.40576960637668e-05,316,2.14782064167123e-05
622312,"Roseburia inulinivorans",349,2.37178980967644e-05,360.3,2.4487246879321e-05
1121114,"Blautia producta",343,2.33101405363616e-05,345.3,2.34646057127087e-05
1122992,"Hoylesella timonensis",342,2.32421809429611e-05,308.3,2.0950438860308e-05
225992,"Comamonas kerstersii",342,2.32421809429611e-05,341,2.31723681175187e-05
3093658,"Neglectibacter caecimuris",339,2.30383021627597e-05,345.9,2.35100494062149e-05
1323,"Faecalicoccus pleomorphus",335,2.27664637891578e-05,309.5,2.10305494380374e-05
2981788,"Dorea ammoniilytica",334,2.26985041957573e-05,463.4,3.14898371448245e-05
1841855,"Bacteroides bouchesdurhonensis",332,2.25625850089564e-05,258.4,1.75639456814445e-05
203120,"Leuconostoc mesenteroides",330,2.24266658221555e-05,329.8,2.24131196500797e-05
2292441,"Paratractidigestivibacter faecalis",329,2.2358706228755e-05,310.9,2.11266361326661e-05
1502,"Clostridium perfringens",328,2.22907466353545e-05,328.5,2.23271369980589e-05
5059,"Aspergillus flavus",326,2.21548274485536e-05,302.8,2.05786211259557e-05
1506151,"Aspergillus pseudonomiae",324,2.20189082617526e-05,317.5,2.15799407039732e-05
2592333,"Sellimonas caecigallum",322,2.18829890749517e-05,340.1,2.31116461704479e-05
880074,"Barnesiella viscericola",318,2.16111507013498e-05,344.8,2.3430395149339e-05
666,"Vibrio cholerae",316,2.14752315145489e-05,312.7,2.12531140267051e-05
1069201,"Aspergillus luchuensis",313,2.12713527343474e-05,285.4,1.9393843607057e-05
537007,"Blautia hansenii",310,2.1067473954146e-05,326.1,2.2162099538276e-05
1122980,"Segatella baroniae",309,2.09995143607456e-05,274.9,1.86832349585097e-05
2015901,"Massilicoli timonensis",307,2.08635951739446e-05,319.5,2.17143826278385e-05
218493,"Salmonella bongori",305,2.07276759871437e-05,276.8,1.88098660000286e-05
2763658,"Ligaoa zhengdingensis",301,2.04558376135418e-05,405.4,2.7547863219713e-05
60172,"Penicillium solitum",298,2.02519588333404e-05,291.9,1.98364544370347e-05
5851,"Plasmodium knowlesi",297,2.01839992399399e-05,295.1,2.00521108327633e-05
223926,"Vibrio parahaemolyticus",295,2.0048080053139e-05,294.9,2.00384718681375e-05
88431,"Dorea longicatena",290,1.97082820861366e-05,243.6,1.65543078493138e-05
2219695,"Luxibacter massiliensis",290,1.97082820861366e-05,323.9,2.20119061583866e-05
45133,"Lasiodiplodia theobromae",283,1.92325649323333e-05,290.3,1.97256213621073e-05
1796622,"Extibacter muris",282,1.91646053389328e-05,283.5,1.92651900498812e-05
39490,"Eubacterium ramulus",275,1.86888881851295e-05,311.1,2.11389198939069e-05
818,"Bacteroides thetaiotaomicron",267,1.81452114379258e-05,274.3,1.86435889142854e-05
3079010,"Diplocloster hominis",264,1.79413326577244e-05,304.5,2.06906501157331e-05
3133167,"Faecousia intestinalis",263,1.78733730643239e-05,291.8,1.98323916882295e-05
2981769,"Waltera acetigignens",259,1.7601534690722e-05,293.3,1.99326253188856e-05
154288,"Turicibacter sanguinis",255,1.73296963171201e-05,255,1.73297128052035e-05
2494234,"Sutterella megalosphaeroides",252,1.71258175369187e-05,246.8,1.67738518922201e-05
1448310,"Aspergillus neoniger",246,1.67180599765159e-05,312.7,2.12488841828956e-05
1681,"Bifidobacterium bifidum",245,1.66501003831154e-05,253.2,1.72095151902129e-05
1512,"[Clostridium] symbiosum",242,1.6446221602914e-05,244.1,1.65907621860392e-05
1670446,"Lactiplantibacillus herbarum",241,1.63782620095135e-05,234.6,1.59436403860369e-05
449673,"Bacteroides stercoris",239,1.62423428227126e-05,244.8,1.66387530331893e-05
198214,"Shigella flexneri",237,1.61064236359116e-05,272.4,1.85148265753339e-05
435590,"Phocaeicola vulgatus",233,1.58345852623098e-05,209.6,1.42418836826742e-05
100884,"Coprobacillus cateniformis",233,1.58345852623098e-05,253.7,1.7244076737767e-05
3133166,"Laedolimicola intestinihominis",230,1.56307064821083e-05,258.1,1.75392316250357e-05
1531,"Enterocloster clostridioformis",229,1.55627468887079e-05,246.2,1.6731739850603e-05
2086575,"Parabacteroides pacaensis",225,1.5290908515106e-05,225.1,1.52964093384973e-05
2941515,"Otoolea muris",223,1.5154989328305e-05,223,1.51539066462779e-05
742727,"Bacteroides oleiciplenus",220,1.49511105481036e-05,250.3,1.70084244698242e-05
518635,"Bifidobacterium angulatum",220,1.49511105481036e-05,234.2,1.5912810187105e-05
109264,"Aspergillus bombycis",220,1.49511105481036e-05,198.6,1.34953151779258e-05
2650158,"Bacteroides luhongzhouii",220,1.49511105481036e-05,217.7,1.47929325266593e-05
2939491,"Parabacteroides leei",220,1.49511105481036e-05,227.7,1.54724215969055e-05
45851,"Eshraghiella crossota",219,1.48831509547032e-05,211.4,1.43640612413775e-05
2972474,"Gabonibacter chumensis",218,1.48151913613027e-05,218.7,1.48627820021621e-05
60520,"Lactiplantibacillus paraplantarum",218,1.48151913613027e-05,197.6,1.34312396483511e-05
65700,"Erwinia tracheiphila",217,1.47472317679022e-05,169.6,1.15283583177529e-05
2303987,"Motilimonas pumila",216,1.46792721745018e-05,229.4,1.55916246528933e-05
3030999,"Enterobacter rongchengensis",216,1.46792721745018e-05,228.5,1.55282847966402e-05
2594882,"Mediterraneibacter catenae",214,1.45433529877008e-05,204.2,1.38761387880411e-05
1125630,"Klebsiella pneumoniae",211,1.43394742074994e-05,199.3,1.35437356873393e-05
1352,"Enterococcus faecium",211,1.43394742074994e-05,211.1,1.43448533058441e-05
28135,"Segatella oris",211,1.43394742074994e-05,234.8,1.59602884105092e-05
2981725,"Brotonthovivens ammoniilytica",210,1.42715146140989e-05,199.6,1.35664928525424e-05
1448311,"Aspergillus vadensis",209,1.42035550206985e-05,230.5,1.56619089147272e-05
997873,"Bacteroides caccae",209,1.42035550206985e-05,229.4,1.55885657199383e-05
411459,"Blautia obeum",207,1.40676358338975e-05,220.1,1.49596504837942e-05
873513,"Segatella buccae",204,1.38637570536961e-05,209.6,1.42422746456965e-05
559292,"Saccharomyces cerevisiae",203,1.37957974602956e-05,197.7,1.34356216786214e-05
391612,"Crocosphaera chwakensis",203,1.37957974602956e-05,204.5,1.39009784678813e-05
2763673,"Yanshouia hominis",202,1.37278378668952e-05,261.5,1.77736247919872e-05
2739389,"Phocaeicola faecicola",198,1.34559994932933e-05,203.1,1.38013155360586e-05
1122988,"Hoylesella nanceiensis",195,1.32521207130919e-05,176,1.19627279807445e-05
2994035,"Sellimonas catena",191,1.298028233949e-05,215.5,1.46470834434434e-05
1033731,"Alistipes timonensis",189,1.2844363152689e-05,189.3,1.28614008429807e-05
147206,"Collinsella stercoris",187,1.27084439658881e-05,200,1.35914432932e-05
3014267,"Agathobaculum massiliense",185,1.25725247790871e-05,231.7,1.57461828813244e-05
102684,"Streptococcus infantarius",183,1.24366055922862e-05,184.1,1.25143926374545e-05
46503,"Parabacteroides merdae",183,1.24366055922862e-05,185.9,1.26368429785264e-05
2763030,"Blautia segnis",182,1.23686459988857e-05,176.7,1.20084064578458e-05
647221,"Plasmodium gaboni",178,1.20968076252839e-05,169.8,1.15416865988819e-05
1393034,"Atopobium deltae",174,1.1824969251682e-05,201.2,1.36746921920842e-05
29466,"Veillonella parvula",170,1.15531308780801e-05,169.5,1.15190529860678e-05
645466,"Anaerostipes butyraticus",168,1.14172116912791e-05,190.7,1.29565917598546e-05
2763050,"Hungatella hominis",167,1.13492520978787e-05,158.2,1.07482486230868e-05
1917878,"Prevotella ihumii",167,1.13492520978787e-05,204.2,1.38740070168395e-05
1912897,"Blautia argi",158,1.07376157572744e-05,160.4,1.08977285032533e-05
1871006,"Bacteroides congonensis",158,1.07376157572744e-05,158,1.07405556688878e-05
53442,"Eubacterium callanderi",157,1.0669656163874e-05,181.3,1.23221972914054e-05
1206725,"Nocardia brevicatena",157,1.0669656163874e-05,157.4,1.06983927371871e-05
999422,"Segatella maculosa",153,1.03978177902721e-05,167.2,1.13615721911085e-05
2652274,"Eisenbergiella porci",152,1.03298581968716e-05,163.6,1.11198448280087e-05
2044573,"Anaerolactibacter massiliensis",151,1.02618986034711e-05,151.5,1.02944115704184e-05
2834113,"Alistipes montrealensis",150,1.01939390100707e-05,152.5,1.03616025341278e-05
2881276,"Fusicatenibacter faecihominis",150,1.01939390100707e-05,153.1,1.04015197598871e-05
1336250,"Hallella seregens",149,1.01259794166702e-05,165.5,1.1248363665052e-05
697329,"Ruminococcus albus",147,9.99006022986925e-06,147.3,1.00072911971838e-05
2763662,"Yeguia hominis",147,9.99006022986925e-06,137.9,9.37234336858368e-06
1589,"Lactiplantibacillus pentosus",146,9.92210063646878e-06,139.8,9.50249152125426e-06
2608404,"Prevotella vespertina",146,9.92210063646878e-06,151.6,1.03055005161826e-05
2499076,"Marinifilum caeruleilacunae",145,9.8541410430683e-06,140.1,9.52319361848384e-06
2885351,"Hominisplanchenecus faecis",145,9.8541410430683e-06,148.8,1.010926214569e-05
1852387,"Streptococcus timonensis",145,9.8541410430683e-06,130.9,8.89361647115275e-06
67337,"Streptomyces noboritoensis",144,9.78618144966783e-06,130.6,8.87877427182966e-06
89014,"Blautia luti",143,9.71822185626736e-06,155.1,1.05420947346826e-05
3133164,"Hominiventricola aquisgranensis",142,9.65026226286689e-06,145.9,9.91813881253867e-06
2800387,"Prevotella illustrans",140,9.51434307606595e-06,149,1.01270489407221e-05
2070686,"Enteroscipio rubneri",139,9.44638348266548e-06,139.1,9.44979561867684e-06
2981786,"Coprococcus aceti",136,9.24250470246407e-06,132.6,9.00926077946515e-06
871324,"Bacteroides stercorirosoris",136,9.24250470246407e-06,135.9,9.23755835145794e-06
1076124,"Phytohabitans flavus",135,9.17454510906359e-06,129.1,8.77283707838421e-06
77635,"Bifidobacterium subtile",134,9.10658551566312e-06,130.1,8.843883638145e-06
1907654,"Collinsella bouchesdurhonensis",134,9.10658551566312e-06,131.6,8.94037586697658e-06
2763027,"Blautia difficilis",133,9.03862592226265e-06,161.2,1.09527892103337e-05
2885352,"Hominiventricola filiformis",132,8.97066632886218e-06,132,8.97004895620514e-06
1127699,"Hoylesella saccharolytica",131,8.90270673546171e-06,134.5,9.14174282890942e-06
1579424,"Streptococcus azizii",131,8.90270673546171e-06,118.9,8.08277098789748e-06
NA,"unknown genome; accession ID isNZ_LT671675.1",131,8.90270673546171e-06,131.5,8.93601563216698e-06
39496,"Eubacterium ventriosum",130,8.83474714206124e-06,128.4,8.72312966799111e-06
2606633,"Oliverpabstia intestinalis",130,8.83474714206124e-06,139,9.44313908800683e-06
29391,"Gemella morbillorum",129,8.76678754866077e-06,129,8.7667958896912e-06
1197728,"Prevotella conceptionensis",128,8.6988279552603e-06,125.5,8.52710898899456e-06
1122984,"Prevotella intermedia",128,8.6988279552603e-06,143.5,9.74990812029098e-06
3032125,"Neopoerus faecalis",126,8.56290876845935e-06,128.3,8.71650783504499e-06
2736289,"Xylanibacter rodentium",125,8.49494917505888e-06,161.4,1.09715962218294e-05
28113,"Bacteroides heparinolyticus",124,8.42698958165841e-06,124.4,8.45094314461411e-06
1940789,"Lactococcus petauri",123,8.35902998825794e-06,122.2,8.30455487283653e-06
2041044,"Eubacterium maltosivorans",121,8.223110801457e-06,144.4,9.81668051763113e-06
470146,"Coprococcus comes",120,8.15515120805653e-06,131.4,8.93119202366505e-06
357276,"Phocaeicola dorei",119,8.08719161465606e-06,164.2,1.11577655739105e-05
483215,"Bacteroides finegoldii",118,8.01923202125559e-06,154,1.04643400043815e-05
510516,"Aspergillus oryzae",116,7.88331283445464e-06,145.4,9.88334432300623e-06
2981787,"Dorea acetigenes",116,7.88331283445464e-06,144.5,9.81906568255032e-06
1689270,"Intestinimonas timonensis",116,7.88331283445464e-06,123.5,8.39613844183723e-06
880526,"Rikenella microfusus",114,7.7473936476537e-06,129,8.76464677583685e-06
189622,"Babesia ovata",114,7.7473936476537e-06,90,6.1138612838558e-06
889204,"Streptococcus infantis",111,7.54351486745229e-06,126.8,8.62026255254169e-06
1122981,"Prevotella corporis",111,7.54351486745229e-06,140.1,9.52264569380457e-06
1236512,"Bacteroides rodentium",111,7.54351486745229e-06,123.4,8.38515208920007e-06
2316720,"Corallococcus interemptor",111,7.54351486745229e-06,110.5,7.50818698381997e-06
2590867,"Enorma burkinafasonensis",110,7.47555527405182e-06,108.7,7.38709026190112e-06
1816676,"Alistipes provencensis",109,7.40759568065135e-06,118.7,8.06775287563519e-06
679200,"Johnsonella ignava",107,7.2716764938504e-06,100.1,6.80122660398108e-06
1353,"Enterococcus gallinarum",107,7.2716764938504e-06,105.4,7.16054004592314e-06
29845,"Penicillium vulpinum",107,7.2716764938504e-06,106.1,7.21046712955083e-06
2499078,"Vibrio ouci",106,7.20371690044993e-06,108.5,7.3741829760003e-06
2763047,"Flintibacter faecis",106,7.20371690044993e-06,116.8,7.93867865935748e-06
1796616,"Blautia pseudococcoides",104,7.06779771364899e-06,106.6,7.2419198965293e-06
NA,"unknown genome; accession ID isNZ_DAWEQI010000196.1",103,6.99983812024852e-06,103,7.00070763090047e-06
2172043,"Bifidobacterium tibiigranuli",101,6.86391893344758e-06,102.1,6.93921645955161e-06
2763671,"Jingyaoa shaoxingensis",101,6.86391893344758e-06,106.1,7.21176692712508e-06
365590,"Shewanella hafniensis",101,6.86391893344758e-06,100.2,6.81242068768922e-06
150055,"Streptococcus lutetiensis",101,6.86391893344758e-06,98.4,6.68410219394293e-06
411467,"Pseudoflavonifractor capillosus",100,6.79595934004711e-06,99.3,6.75094075259402e-06
2779351,"Claveliimonas monacensis",100,6.79595934004711e-06,114.2,7.76084355040167e-06
570012,"Shimwellia pseudoproteus",100,6.79595934004711e-06,114.6,7.7889149830914e-06
2941333,"Mediterraneibacter agrestimuris",100,6.79595934004711e-06,118.1,8.02301248930903e-06
208964,"Pseudomonas aeruginosa",97,6.59208055984569e-06,97,6.5920868317833e-06
1122978,"Segatella albensis",97,6.59208055984569e-06,97,6.59322613654484e-06
2071710,"Enterobacter sichuanensis",96,6.52412096644522e-06,99.7,6.77516767525535e-06
3133180,"Enterobacter intestinihominis",95,6.45616137304475e-06,144.1,9.7928330162572e-06
2748301,"Streptococcus vaginalis",94,6.38820177964428e-06,94.1,6.39542337372253e-06
626522,"Alloprevotella tannerae",93,6.32024218624381e-06,93.6,6.36107351513425e-06
471875,"[Ruminococcus] lactaris",92,6.25228259284334e-06,96.6,6.56793591761055e-06
28130,"Prevotella disiens",92,6.25228259284334e-06,123.1,8.3674853610709e-06
2954240,"Streptococcus bouchesdurhonensis",92,6.25228259284334e-06,87.5,5.94634565488167e-06
2316726,"Corallococcus sicarius",91,6.18432299944287e-06,87.9,5.97452357033878e-06
2877527,"Blautia parvula",91,6.18432299944287e-06,102.5,6.96297343846475e-06
395087,"Paenimyroides ceti",91,6.18432299944287e-06,103.2,7.01496524604127e-06
2316025,"Mediterraneibacter butyricigenes",90,6.1163634060424e-06,98.8,6.71568761933899e-06
2894201,"Citrobacter meridianamericanus",90,6.1163634060424e-06,117.7,8.00173830802799e-06
1775168,"Flagellimonas marina",89,6.04840381264193e-06,89,6.04840956730633e-06
324831,"Lactobacillus gasseri",88,5.98044421924145e-06,93.4,6.34420542780838e-06
2896850,"Phocaeicola oris",86,5.84452503244051e-06,87.3,5.9307543464994e-06
3140788,"Streptococcus nidrosiense",86,5.84452503244051e-06,91.9,6.24650495085355e-06
2819619,"Streptococcus toyakuensis",85,5.77656543904004e-06,82.3,5.59251287287498e-06
1218112,"Kluyvera cryocrescens",84,5.70860584563957e-06,95.6,6.49605739043631e-06
2743469,"Rhabdonatronobacter sediminivivens",84,5.70860584563957e-06,82.1,5.57710211818892e-06
942150,"Lactiplantibacillus xiangfangensis",84,5.70860584563957e-06,76,5.16653866925825e-06
2880704,"Duncaniella muricolitica",83,5.6406462522391e-06,98.3,6.67903884982732e-06
1133319,"Bacteroides reticulotermitis",82,5.57268665883863e-06,107.5,7.30615104605661e-06
2763014,"Agathobaculum hominis",82,5.57268665883863e-06,95.9,6.51536929057782e-06
1333651,"Bifidobacterium moukalabense",80,5.43676747203769e-06,80,5.43680234537485e-06
192222,"Campylobacter jejuni",79,5.36880787863721e-06,78.8,5.35298920188934e-06
2650157,"Bacteroides zhangwenhongii",79,5.36880787863721e-06,84,5.7088374047133e-06
2943492,"Corynebacterium intestinale",79,5.36880787863721e-06,79,5.36881298671011e-06
67824,"Citrobacter farmeri",78,5.30084828523674e-06,78.5,5.33754697246939e-06
433664,"Nocardioides agariphilus",77,5.23288869183627e-06,75.8,5.15430597676118e-06
568814,"Streptococcus suis",76,5.1649290984358e-06,83.3,5.66423018903458e-06
154046,"Hungatella hathewayi",76,5.1649290984358e-06,77.6,5.27414916351182e-06
1720204,"Collinsella ihumii",76,5.1649290984358e-06,74.3,5.04902386113352e-06
2219999,"Prevotella rectalis",76,5.1649290984358e-06,71.5,4.85596882509211e-06
1841868,"Provencibacterium massiliense",75,5.09696950503533e-06,87.3,5.93111307047285e-06
2981791,"Megasphaera butyrica",74,5.02900991163486e-06,80.2,5.45041247235545e-06
27334,"Penicillium expansum",73,4.96105031823439e-06,74.1,5.03530920843181e-06
69359,"Thiohalocapsa halophila",73,4.96105031823439e-06,70.1,4.76411182835193e-06
2107694,"Aphanothece hegewaldii",72,4.89309072483392e-06,68.6,4.65891204655351e-06
331117,"Aspergillus fischeri",71,4.82513113143345e-06,66.7,4.53522094309757e-06
28111,"Bacteroides eggerthii",71,4.82513113143345e-06,78.4,5.32839077118802e-06
1314,"Streptococcus pyogenes",71,4.82513113143345e-06,70.4,4.78148379522194e-06
2509433,"Senegalimassilia faecalis",70,4.75717153803297e-06,75.2,5.11379541040428e-06
2763062,"Roseburia rectibacter",70,4.75717153803297e-06,70.7,4.80739224409657e-06
2919919,"Atopomonas sediminilitoris",70,4.75717153803297e-06,51.1,3.47205437156473e-06
33039,"[Ruminococcus] torques",70,4.75717153803297e-06,71.1,4.83120683809616e-06
1944635,"Sutterella seckii",69,4.6892119446325e-06,68.5,4.65373964339776e-06
3133175,"Blautia caccae",69,4.6892119446325e-06,67,4.55425827564737e-06
2944915,"Coprobacter tertius",68,4.62125235123203e-06,68.2,4.63637453037761e-06
1903262,"Bacteroides ndongoniae",68,4.62125235123203e-06,68.2,4.6359205135018e-06
195,"Campylobacter coli",67,4.55329275783156e-06,67.2,4.56912087481543e-06
2981724,"Alitiscatomonas aceti",67,4.55329275783156e-06,63.6,4.32211597484802e-06
1871018,"Angelakisella massiliensis",67,4.55329275783156e-06,75,5.09707014842386e-06
361101,"Streptococcus pseudoporcinus",66,4.48533316443109e-06,60.7,4.12284648184436e-06
537973,"Lacticaseibacillus paracasei",65,4.41737357103062e-06,60.3,4.09662688381511e-06
2763057,"Parabacteroides hominis",65,4.41737357103062e-06,66.3,4.50625801194714e-06
40994,"Penicillium hordei",65,4.41737357103062e-06,64.5,4.38381557652092e-06
39481,"Clostridium combesii",64,4.34941397763015e-06,76,5.16550533433032e-06
2230878,"Candidatus Enterococcus mangumiae",64,4.34941397763015e-06,64.1,4.35456716129008e-06
39488,"Anaerobutyricum hallii",64,4.34941397763015e-06,72.9,4.95685401880806e-06
3133171,"Pseudoflavonifractor intestinihominis",64,4.34941397763015e-06,67.2,4.57005114620783e-06
2781224,"Neodothiora populina",64,4.34941397763015e-06,59.1,4.01776145417475e-06
2736608,"Streptococcus thalassemiae",64,4.34941397763015e-06,69,4.69038386667728e-06
1509407,"Aspergillus nomiae",63,4.28145438422968e-06,87.4,5.93966843716202e-06
2763067,"Streptococcus hominis",63,4.28145438422968e-06,55.5,3.77422350873977e-06
2763048,"Flintibacter hominis",63,4.28145438422968e-06,64.1,4.35951546253685e-06
2883104,"Neorhizobium xiangyangii",63,4.28145438422968e-06,64.1,4.35298488705177e-06
283354,"Alternaria metachromatica",63,4.28145438422968e-06,63,4.27975349193721e-06
1871033,"Olsenella urininfantis",63,4.28145438422968e-06,68.1,4.63099778489118e-06
688246,"Hallella multisaccharivorax",62,4.21349479082921e-06,61.5,4.18281196999671e-06
1550024,"Ruthenibacterium lactatiformans",62,4.21349479082921e-06,67.9,4.61702395281997e-06
671218,"Alloprevotella rava",61,4.14553519742874e-06,54.8,3.72511523681413e-06
1982626,"Faecalibacillus intestinalis",61,4.14553519742874e-06,55.9,3.79670525535665e-06
3133161,"Ruminococcoides intestinihominis",61,4.14553519742874e-06,72.7,4.94186373753324e-06
2747601,"Ruegeria haliotis",60,4.07757560402826e-06,59,4.00633490066093e-06
671267,"Phocaeicola sartorii",59,4.00961601062779e-06,92.8,6.30338895536137e-06
35703,"Citrobacter amalonaticus",59,4.00961601062779e-06,59.9,4.06821653873082e-06
3093657,"Acutalibacter caecimuris",59,4.00961601062779e-06,61.2,4.15728776337583e-06
634,"Yersinia bercovieri",59,4.00961601062779e-06,59,4.00635590893709e-06
3095082,"Streptococcus fermentans",59,4.00961601062779e-06,49.9,3.39278114788435e-06
1640685,"Enterococcus massiliensis",58,3.94165641722732e-06,47.9,3.25278832223441e-06
2585119,"Alistipes dispar",58,3.94165641722732e-06,58.5,3.97379387720275e-06
1309,"Streptococcus mutans",58,3.94165641722732e-06,57.6,3.91209071949833e-06
1229621,"Anaerostipes rhamnosivorans",57,3.87369682382685e-06,56.2,3.8167604724615e-06
1720315,"Hugonella massiliensis",56,3.80573723042638e-06,57.5,3.90779493239798e-06
40519,"Ruminococcus callidus",56,3.80573723042638e-06,56.7,3.85324718790922e-06
1776388,"Prevotella phocaeensis",56,3.80573723042638e-06,60,4.07674672218967e-06
2685834,"Parabacteroides chongii",55,3.73777763702591e-06,62.6,4.25225699222852e-06
610130,"Lacrimispora saccharolytica",54,3.66981804362544e-06,55.7,3.78462259570931e-06
2714358,"Pusillibacter faecalis",54,3.66981804362544e-06,53.1,3.61070273162146e-06
649756,"Anaerostipes hadrus",54,3.66981804362544e-06,55.2,3.74943198781592e-06
2488306,"Pseudocitrobacter vendiensis",54,3.66981804362544e-06,55.2,3.75146585804816e-06
372463,"Oceanobacillus profundus",53,3.60185845022497e-06,55.8,3.79504989234429e-06
2899544,"Intestinirhabdus alba",53,3.60185845022497e-06,52.9,3.59792620621586e-06
NA,"unknown genome; accession ID isNZ_DAWEQI010000213.1",53,3.60185845022497e-06,53,3.60188031803849e-06
1413187,"Lactiplantibacillus fabifermentans",52,3.5338988568245e-06,62.2,4.2260179739202e-06
437897,"Megamonas funiformis",52,3.5338988568245e-06,51.8,3.52112586705057e-06
59310,"Streptococcus macedonicus",52,3.5338988568245e-06,51.2,3.47656542243163e-06
2764329,"Paeniclostridium hominis",51,3.46593926342402e-06,50.7,3.44352006904952e-06
NA,"unknown genome; accession ID isNZ_DAWEHO010000023.1",51,3.46593926342402e-06,51.1,3.46995100456906e-06
1673723,"Murdochiella massiliensis",51,3.46593926342402e-06,59.8,4.0617467352406e-06
484018,"Phocaeicola plebeius",50,3.39797967002355e-06,54.6,3.71325170993049e-06
67780,"Edwardsiella ictaluri",50,3.39797967002355e-06,50.1,3.40778175204053e-06
1735,"Holdemanella biformis",50,3.39797967002355e-06,46.5,3.16309342733914e-06
488447,"Burkholderia contaminans",50,3.39797967002355e-06,49.8,3.38672877432498e-06
1448314,"Aspergillus eucalypticola",49,3.33002007662308e-06,61.8,4.20211750928745e-06
2763061,"Roseburia lenta",49,3.33002007662308e-06,48.5,3.29890786429466e-06
2799577,"Lacticaseibacillus suilingensis",49,3.33002007662308e-06,49.8,3.38235486125185e-06
2993430,"Streptococcus parapneumoniae",49,3.33002007662308e-06,47.3,3.21591919463125e-06
1122983,"Prevotella falsenii",48,3.26206048322261e-06,58.2,3.95378638909076e-06
2025493,"Blautia hominis",47,3.19410088982214e-06,47,3.19472030637921e-06
1703337,"Hallella colorans",47,3.19410088982214e-06,52,3.5358878041674e-06
2552766,"Meridianimarinicoccus aquatilis",47,3.19410088982214e-06,47.4,3.22354468220239e-06
2585118,"Alistipes communis",47,3.19410088982214e-06,51.4,3.49476162713077e-06
3041623,"Streptococcus taonis",47,3.19410088982214e-06,47.5,3.23082804247996e-06
3133158,"Lachnospira intestinalis",47,3.19410088982214e-06,48.2,3.27684263934662e-06
3133162,"Ruminococcoides intestinale",47,3.19410088982214e-06,47.5,3.2264649035279e-06
133448,"Citrobacter youngae",46,3.12614129642167e-06,46.8,3.17935493125715e-06
1871019,"Enorma phocaeensis",46,3.12614129642167e-06,59.7,4.05764995110454e-06
1122985,"Hoylesella loescheii",45,3.0581817030212e-06,53.4,3.62924723604826e-06
578459,"Rhodotorula graminis",45,3.0581817030212e-06,38.8,2.63938664952084e-06
574930,"Parabacteroides gordonii",45,3.0581817030212e-06,44.2,3.0019307483376e-06
39482,"Faecalicatena contorta",45,3.0581817030212e-06,47,3.19218262130328e-06
1310,"Streptococcus sobrinus",44,2.99022210962073e-06,40.2,2.73286916784418e-06
2763043,"Eggerthella hominis",44,2.99022210962073e-06,29,1.97071835220512e-06
1944636,"Parabacteroides provencensis",44,2.99022210962073e-06,44.5,3.02166087971103e-06
702438,"Segatella oulorum",43,2.92226251622026e-06,46,3.12384455849489e-06
1433513,"Streptococcus gwangjuensis",43,2.92226251622026e-06,41.5,2.82351774269146e-06
3342829,"Providencia zhejiangensis",43,2.92226251622026e-06,40.4,2.74642344811171e-06
69224,"Erwinia psidii",42,2.85430292281978e-06,67.1,4.56264467742396e-06
226230,"Saccharomyces kudriavzevii",42,2.85430292281978e-06,38.1,2.58816039461977e-06
2981785,"Coprococcus ammoniilyticus",41,2.78634332941931e-06,41.1,2.79487728102279e-06
270249,"Bartonella phoceensis",41,2.78634332941931e-06,42,2.85162838182872e-06
1702221,"Faecalibaculum rodentium",40,2.71838373601884e-06,40,2.71891365992726e-06
1968889,"Streptococcus downii",40,2.71838373601884e-06,40.7,2.76888805750526e-06
2766578,"Komagataeibacter melomenusus",40,2.71838373601884e-06,40,2.71838680429922e-06
2755051,"Variimorphobacter saccharofermentans",40,2.71838373601884e-06,45.1,3.06574682501186e-06
60171,"Penicillium verrucosum",40,2.71838373601884e-06,42.9,2.91297753929549e-06
2583810,"Alteribacter natronophilus",39,2.65042414261837e-06,40,2.71623518637052e-06
2583452,"Amedibacterium intestinale",39,2.65042414261837e-06,43.6,2.96236273299445e-06
2763066,"Ruminococcus intestinalis",39,2.65042414261837e-06,39.9,2.70985420623687e-06
2888525,"Thermomonas alba",39,2.65042414261837e-06,42.4,2.87840239985086e-06
2949669,"Curtanaerobium respiraculi",39,2.65042414261837e-06,39.7,2.69494405284782e-06
3095078,"Streptococcus wuxiensis",39,2.65042414261837e-06,43,2.92127428273474e-06
2941233,"Acetatifactor aquisgranensis",39,2.65042414261837e-06,40.1,2.72592630482324e-06
1792511,"Penicillium robsamsonii",38,2.5824645492179e-06,36.9,2.50637983069911e-06
3035606,"Catenibacterium mitsuokai",38,2.5824645492179e-06,60.8,4.12990847757162e-06
2497875,"Enterobacter chuandaensis",38,2.5824645492179e-06,40,2.71527331965731e-06
3133153,"Blautia aquisgranensis",38,2.5824645492179e-06,38.7,2.6276364310398e-06
742818,"Slackia piriformis",37,2.51450495581743e-06,37.6,2.5540192683686e-06
1437610,"Bifidobacterium reuteri",37,2.51450495581743e-06,47.2,3.21061808823844e-06
253257,"Lacrimispora amygdalina",37,2.51450495581743e-06,40.9,2.78137773208243e-06
180434,"Morganella morganii",37,2.51450495581743e-06,37,2.514507348206e-06
3133163,"Ruthenibacterium intestinale",37,2.51450495581743e-06,40.4,2.74358640155445e-06
331636,"Chlamydia psittaci",36,2.44654536241696e-06,36,2.44654769014638e-06
1720300,"Mediterraneibacter massiliensis",36,2.44654536241696e-06,38.9,2.64531912326869e-06
2605790,"Roseburia porci",36,2.44654536241696e-06,35.9,2.44206732405121e-06
2736290,"Xylanibacter muris",36,2.44654536241696e-06,37.2,2.52667904377723e-06
1305,"Streptococcus sanguinis",36,2.44654536241696e-06,36.1,2.45290237212241e-06
862515,"Hoylesella marshii",35,2.37858576901649e-06,46.6,3.17004688518887e-06
1676614,"Xylanibacter rarus",35,2.37858576901649e-06,32.6,2.2172589393875e-06
126998,"Penicillium bovifimosum",35,2.37858576901649e-06,36.7,2.49484263073964e-06
1509,"Clostridium sporogenes",34,2.31062617561602e-06,34.5,2.3418150374361e-06
1423786,"Lentilactobacillus parafarraginis",34,2.31062617561602e-06,37.2,2.52577303615539e-06
375175,"Loigolactobacillus backii",34,2.31062617561602e-06,33.6,2.28152811093453e-06
1064535,"Megasphaera elsdenii",34,2.31062617561602e-06,34,2.31062837402714e-06
2153354,"Klebsiella huaxiensis",34,2.31062617561602e-06,35.2,2.39533623038163e-06
1457217,"Lactiplantibacillus plajomi",34,2.31062617561602e-06,33.1,2.25215165497951e-06
5481,"Diutina rugosa",34,2.31062617561602e-06,36.7,2.49422721616437e-06
2963284,"Terrisporobacter muris",34,2.31062617561602e-06,31,2.10336220801655e-06
3095028,"Scandinavium lactucae",34,2.31062617561602e-06,33.2,2.25952955021434e-06
2941327,"Flintibacter muris",34,2.31062617561602e-06,22.7,1.54375803174503e-06
1503,"Gottschalkia purinilytica",33,2.24266658221555e-06,30,2.03683057517245e-06
1918949,"Solemya elarraichensis gill symbiont",33,2.24266658221555e-06,34.6,2.34900137299185e-06
209559,"Aspergillus alliaceus",33,2.24266658221555e-06,33.7,2.29325911954812e-06
2981784,"[Clostridium] ammoniilyticum",33,2.24266658221555e-06,35.1,2.38560974322533e-06
2850323,"Diplocloster agilis",33,2.24266658221555e-06,37.7,2.56095226456846e-06
370354,"Entamoeba dispar",32,2.17470698881507e-06,33.6,2.28619819746673e-06
2764712,"Lentihominibacter faecis",32,2.17470698881507e-06,32.5,2.20693248105016e-06
2949651,"Parabacteroides sp. TA-V-105",32,2.17470698881507e-06,35,2.3772471634451e-06
3133154,"Coprococcus intestinihominis",32,2.17470698881507e-06,35.2,2.39448038513978e-06
1288121,"Alistipes senegalensis",32,2.17470698881507e-06,33.3,2.25969918331729e-06
1034345,"Senegalimassilia anaerobia",31,2.1067473954146e-06,32.8,2.23047135368142e-06
1423732,"Lacticaseibacillus casei",31,2.1067473954146e-06,34.5,2.34623692423913e-06
290052,"Acetivibrio ethanolgignens",31,2.1067473954146e-06,34.6,2.35055590853005e-06
694437,"Flammeovirga aprica",31,2.1067473954146e-06,29.9,2.03194642259789e-06
1852384,"Massiliimalia massiliensis",31,2.1067473954146e-06,31,2.10652503209087e-06
883158,"Prevotella micans",30,2.03878780201413e-06,29.8,2.02217103745649e-06
762967,"Sutterella parvirubra",30,2.03878780201413e-06,35,2.37623033385613e-06
1121129,"Butyricimonas synergistica",30,2.03878780201413e-06,29.9,2.03507078392811e-06
2652292,"Hornefia porci",30,2.03878780201413e-06,36.9,2.50486023094033e-06
1448313,"Aspergillus piperis",30,2.03878780201413e-06,33.4,2.27200899579454e-06
1282,"Staphylococcus epidermidis",30,2.03878780201413e-06,30,2.03878974178865e-06
2762229,"Escherichia whittamii",30,2.03878780201413e-06,32,2.17188284971746e-06
596085,"Prevotella aurantiaca",30,2.03878780201413e-06,37.1,2.51833962850399e-06
1002367,"Leyella stercorea",29,1.97082820861366e-06,29.3,1.99008903832306e-06
2763028,"Blautia intestinalis",29,1.97082820861366e-06,30.6,2.08194913778123e-06
2815733,"Tenebrionicola larvae",29,1.97082820861366e-06,28.3,1.92649529174451e-06
2834432,"Bifidobacterium pongonis",29,1.97082820861366e-06,29,1.97127977891719e-06
29389,"Streptococcus alactolyticus",29,1.97082820861366e-06,31.6,2.14982755426396e-06
500635,"Mitsuokella multacida",28,1.90286861521319e-06,28,1.90287042566941e-06
2841509,"Butyricicoccus intestinisimiae",28,1.90286861521319e-06,28.2,1.91494274411077e-06
2786956,"Phocaeicola faecalis",28,1.90286861521319e-06,27.8,1.89141897375081e-06
1310421,"Reinekea marina",28,1.90286861521319e-06,30.4,2.06782064130042e-06
1118059,"Kallipyga massiliensis",27,1.83490902181272e-06,27,1.83491076760979e-06
676599,"Stenotrophomonas panacihumi",27,1.83490902181272e-06,27.2,1.84679364786832e-06
572010,"Slackia isoflavoniconvertens",27,1.83490902181272e-06,25.4,1.72678091100952e-06
3074433,"Vallitalea maricola",27,1.83490902181272e-06,26,1.76550882194351e-06
86838,"Rhodotorula paludigena",27,1.83490902181272e-06,32.2,2.18641441312804e-06
2479840,"Prevotella marseillensis",27,1.83490902181272e-06,66,4.48393609891547e-06
679191,"Prevotella amnii",26,1.76694942841225e-06,28,1.90225436743938e-06
1117379,"Neobacillus bataviensis",26,1.76694942841225e-06,27.1,1.84073197002071e-06
1255705,"Bavariicoccus seileri",26,1.76694942841225e-06,29,1.97422566321439e-06
2986526,"Lawsonibacter celer",26,1.76694942841225e-06,28.3,1.92039140304084e-06
3035284,"Prevotella sp. B2-R-102",26,1.76694942841225e-06,25.3,1.71720609756575e-06
147207,"Collinsella intestinalis",26,1.76694942841225e-06,26.1,1.77580559890856e-06
1121111,"Bifidobacterium thermacidophilum",25,1.69898983501178e-06,24,1.63275527255714e-06
2763063,"Roseburia yibonii",25,1.69898983501178e-06,24.6,1.6751654042568e-06
2763664,"Jutongia hominis",25,1.69898983501178e-06,25.5,1.73614006413418e-06
102862,"Proteus penneri",25,1.69898983501178e-06,22.2,1.50792704243527e-06
556267,"Helicobacter winghamensis",25,1.69898983501178e-06,25,1.69899145149054e-06
2100822,"Kushneria phyllosphaerae",25,1.69898983501178e-06,25.2,1.71378734583398e-06
888746,"Streptococcus peroris",24,1.63103024161131e-06,27.5,1.86784600166368e-06
293939,"Aspergillus lentulus",24,1.63103024161131e-06,29.3,1.9920233463586e-06
284811,"Eremothecium gossypii",23,1.56307064821083e-06,21.6,1.46812982614975e-06
428127,"Amedibacillus dolichus",23,1.56307064821083e-06,23.9,1.62408690702353e-06
1130832,"Rhodotorula toruloides",23,1.56307064821083e-06,23.1,1.56829558032995e-06
387090,"Phocaeicola coprophilus",23,1.56307064821083e-06,23.9,1.6244615253873e-06
674529,"Bacteroides faecis",23,1.56307064821083e-06,24.4,1.66141863554911e-06
1529,"Clostridium cadaveris",23,1.56307064821083e-06,22.7,1.54605454625428e-06
33043,"Coprococcus eutactus",23,1.56307064821083e-06,23.6,1.60342932605277e-06
40837,"Mycoplana ramosa",23,1.56307064821083e-06,23.5,1.59629232293382e-06
203275,"Tannerella forsythia",22,1.49511105481036e-06,22.8,1.54913774643983e-06
460384,"Enterocloster lavalensis",22,1.49511105481036e-06,17.6,1.19761798253028e-06
4909,"Pichia kudriavzevii",22,1.49511105481036e-06,20,1.35978220475279e-06
2763054,"Mediterraneibacter hominis",22,1.49511105481036e-06,25.4,1.72448098402108e-06
2779518,"Blautia liquoris",22,1.49511105481036e-06,21.8,1.4838317483049e-06
339861,"Clostridium aciditolerans",22,1.49511105481036e-06,17.5,1.19264500419872e-06
76860,"Streptococcus constellatus",22,1.49511105481036e-06,25.2,1.71033553008881e-06
1926283,"Lachnoclostridium edouardi",22,1.49511105481036e-06,20.4,1.38768999060879e-06
908937,"Prevotella dentalis",21,1.42715146140989e-06,25.8,1.75042363343515e-06
78343,"Bifidobacterium boum",21,1.42715146140989e-06,23.4,1.58801436712876e-06
1656093,"Maribacter confluentis",21,1.42715146140989e-06,22.5,1.52826069562591e-06
342942,"Mediterraneibacter glycyrrhizinilyticus",21,1.42715146140989e-06,23.4,1.59318294960382e-06
3378067,"Butyricimonas sp. GBGM4",21,1.42715146140989e-06,22.1,1.49948164234383e-06
1136231,"Candida orthopsilosis",20,1.35919186800942e-06,21.8,1.48273638253375e-06
1423753,"Levilactobacillus hammesii",20,1.35919186800942e-06,20.7,1.40760181380714e-06
94643,"Besnoitia besnoiti",20,1.35919186800942e-06,19.3,1.31013830058344e-06
2307076,"Teichococcus vastitatis",20,1.35919186800942e-06,18,1.22069997131664e-06
2773426,"Nocardioides malaquae",20,1.35919186800942e-06,20,1.35919431078357e-06
2607614,"Tissierella pigra",20,1.35919186800942e-06,20.4,1.38885489230335e-06
2973939,"Streptococcus sciuri",20,1.35919186800942e-06,20,1.35920005324322e-06
2758443,"Mixta mediterraneensis",20,1.35919186800942e-06,20.5,1.39621639273595e-06
59298,"Streptomyces thermocarboxydovorans",20,1.35919186800942e-06,20.2,1.3693963957902e-06
3350403,"Clostridium sp. FAM 1755",20,1.35919186800942e-06,20,1.35803242824298e-06
565655,"Enterococcus casseliflavus",19,1.29123227460895e-06,19.4,1.31699144757886e-06
764299,"Streptococcus ictaluri",19,1.29123227460895e-06,19.8,1.34771369801699e-06
1336241,"Eubacterium xylanophilum",19,1.29123227460895e-06,19,1.29123351360581e-06
1423815,"Companilactobacillus versmoldensis",19,1.29123227460895e-06,26,1.76644473006094e-06
83891,"Trypanosoma conorhini",19,1.29123227460895e-06,20.7,1.40871771693192e-06
2020715,"Thalassotalea litorea",19,1.29123227460895e-06,27.7,1.88286875628619e-06
2588991,"Streptococcus symci",19,1.29123227460895e-06,24.4,1.66124819781621e-06
2652309,"Anaerovibrio slackiae",19,1.29123227460895e-06,19.1,1.29915124539019e-06
1928661,"Bradyrhizobium cajani",19,1.29123227460895e-06,18.4,1.25077757272588e-06
2686210,"Streptococcus ruminicola",19,1.29123227460895e-06,18.5,1.25621507287985e-06
2726742,"Flammeovirga agarivorans",19,1.29123227460895e-06,19.7,1.33619154262293e-06
315405,"Streptococcus gallolyticus",19,1.29123227460895e-06,20,1.36169285674623e-06
255519,"Atlantibacter subterraneus",19,1.29123227460895e-06,19.2,1.30282735383538e-06
1108849,"Penicillium rubens",19,1.29123227460895e-06,20.3,1.3777604291492e-06
3034352,"Enterococcus entomosocium",19,1.29123227460895e-06,19,1.29123484988273e-06
1841865,"Mediterranea massiliensis",19,1.29123227460895e-06,16.6,1.12763468801561e-06
515620,"Lachnospira eligens",18,1.22327268120848e-06,19.7,1.33804663764296e-06
1150461,"Bifidobacterium scardovii",18,1.22327268120848e-06,19,1.28867735179398e-06
91492,"Aspergillus udagawae",18,1.22327268120848e-06,17.6,1.19698452887844e-06
1034346,"Dielma fastidiosa",18,1.22327268120848e-06,20.1,1.36938346343417e-06
1544696,"Rosenbergiella australiborealis",18,1.22327268120848e-06,29.4,1.99954201695524e-06
2972466,"Tractidigestivibacter montrealensis",18,1.22327268120848e-06,18,1.22333213920241e-06
2559925,"Enterococcus dongliensis",18,1.22327268120848e-06,15.6,1.05946762183619e-06
2559923,"Secundilactobacillus hailunensis",17,1.15531308780801e-06,17.2,1.17005346526918e-06
2307010,"Candidatus Galacturonatibacter soehngenii",17,1.15531308780801e-06,16,1.08542685645323e-06
1494461,"Pseudolactococcus laudensis",17,1.15531308780801e-06,21.4,1.45732490251955e-06
2714355,"Vescimonas coprocola",17,1.15531308780801e-06,18,1.2243366816834e-06
1187928,"Alternaria incomplexa",17,1.15531308780801e-06,16.2,1.10396265238438e-06
2981773,"Muriventricola aceti",17,1.15531308780801e-06,21.9,1.49077077951014e-06
3237104,"Erwinia plantamica",17,1.15531308780801e-06,26.3,1.78524748015283e-06
1544,"Faecalicatena orotica",17,1.15531308780801e-06,17.5,1.18806306236781e-06
2490633,"Streptococcus periodonticum",16,1.08735349440754e-06,22,1.49203089082448e-06
2579922,"Pseudomonas yangonensis",16,1.08735349440754e-06,16.3,1.10666234834836e-06
2675325,"Bifidobacterium erythrocebi",16,1.08735349440754e-06,16,1.0897401046908e-06
2763056,"Oscillibacter hominis",16,1.08735349440754e-06,15.5,1.05418898529128e-06
2850322,"Diplocloster modestus",16,1.08735349440754e-06,16.1,1.09456418342822e-06
1408437,"Agathobaculum desmolans",15,1.01939390100707e-06,16,1.08920061122114e-06
1926881,"Izhakiella australiensis",15,1.01939390100707e-06,14.5,9.87840270740538e-07
913848,"Loigolactobacillus coryniformis",15,1.01939390100707e-06,14.8,1.00402539552426e-06
2304063,"Sphingobium terrigena",15,1.01939390100707e-06,15.1,1.0264746914377e-06
1494462,"Lactococcus hircilactis",15,1.01939390100707e-06,16.2,1.10145674177621e-06
2763015,"Alistipes hominis",15,1.01939390100707e-06,13.7,9.3310014991517e-07
2891570,"Pseudocitrobacter corydidari",15,1.01939390100707e-06,15,1.02029340520973e-06
1070780,"Aspergillus affinis",15,1.01939390100707e-06,15,1.01951004903131e-06
261299,"Intestinibacter bartlettii",15,1.01939390100707e-06,15.1,1.02441061299779e-06
1776392,"Massilimicrobiota timonensis",15,1.01939390100707e-06,15.1,1.022964774789e-06
3367746,"Aeromonas sp. A-5",15,1.01939390100707e-06,18.1,1.22937289013707e-06
1776379,"Leyella lascolaii",15,1.01939390100707e-06,14.2,9.66447367427439e-07
69824,"Thomasclavelia cocleata",15,1.01939390100707e-06,15.4,1.04659819982207e-06
2024197,"Bacteroides cutis",15,1.01939390100707e-06,15.8,1.07187970763793e-06
1852381,"Duodenibacillus massiliensis",15,1.01939390100707e-06,14.6,9.89322558171709e-07
873533,"Hoylesella oralis",14,9.51434307606595e-07,15.3,1.03998554099284e-06
712710,"Tannerella serpentiformis",14,9.51434307606595e-07,13.9,9.4565720591652e-07
1570016,"Thioflexithrix psekupsensis",14,9.51434307606595e-07,17.5,1.18960926367537e-06
53345,"Enterococcus durans",14,9.51434307606595e-07,13.4,9.138170309689e-07
1291764,"Lactococcus fujiensis",14,9.51434307606595e-07,12.5,8.49050812451291e-07
2766479,"Taishania pollutisoli",14,9.51434307606595e-07,14,9.51435212834704e-07
544645,"Butyricimonas virosa",14,9.51434307606595e-07,13.8,9.37975047390647e-07
2838522,"Candidatus Collinsella stercoripullorum",14,9.51434307606595e-07,14.8,1.00424276925994e-06
626523,"Shuttleworthella satelles",13,8.83474714206124e-07,16.1,1.09567712900056e-06
525309,"Limosilactobacillus antri",13,8.83474714206124e-07,11.4,7.74066212198322e-07
1235834,"Kosakonia sacchari",13,8.83474714206124e-07,12.6,8.56148744991741e-07
1121094,"Phocaeicola barnesiae",13,8.83474714206124e-07,13.3,9.0565431598916e-07
1220586,"Amphibacillus sediminis",13,8.83474714206124e-07,13.2,8.97259051096345e-07
2494702,"Enterobacter huaxiensis",13,8.83474714206124e-07,13,8.85013127792018e-07
2174932,"Nesterenkonia natronophila",13,8.83474714206124e-07,14.9,1.01214195712042e-06
230658,"Paraeggerthella hongkongensis",13,8.83474714206124e-07,14.3,9.72888400003254e-07
2590453,"Myxococcus llanfairpwllgwyngyllgogerychwyrndrobwllllantysiliogogogochensis",13,8.83474714206124e-07,13,8.83476462899346e-07
2652291,"Inconstantimicrobium porci",13,8.83474714206124e-07,13.6,9.2293415775122e-07
105843,"Anaerobutyricum soehngenii",13,8.83474714206124e-07,14.7,1.00121751762959e-06
508451,"Lactobacillus taiwanensis",13,8.83474714206124e-07,12.7,8.64059015061137e-07
2927804,"Marinobacterium sedimentorum",13,8.83474714206124e-07,15.2,1.03140614749967e-06
558541,"Shewanella chilikensis",13,8.83474714206124e-07,13.9,9.41461017973505e-07
3133170,"Ventrimonas faecis",13,8.83474714206124e-07,12.8,8.66591331991741e-07
441959,"Talaromyces stipitatus",12,8.15515120805653e-07,10.9,7.42500108742337e-07
1423758,"Lactobacillus hominis",12,8.15515120805653e-07,11.5,7.82704824287773e-07
1263415,"Endocarpon pusillum",12,8.15515120805653e-07,11.1,7.56238969601803e-07
1121333,"Thomasclavelia saccharogumia",12,8.15515120805653e-07,13.7,9.31986395470907e-07
1650661,"Clostridium phoceensis",12,8.15515120805653e-07,17.4,1.18061178367146e-06
1511761,"Leuconostoc suionicum",12,8.15515120805653e-07,12.1,8.25175758143678e-07
2494701,"Enterobacter chengduensis",12,8.15515120805653e-07,12.1,8.25466759128871e-07
1642702,"Paludifilum halophilum",12,8.15515120805653e-07,12.3,8.36819310328727e-07
270498,"Christensenella hongkongensis",12,8.15515120805653e-07,11.3,7.682603297357e-07
2656746,"Stenotrophomonas nematodicola",12,8.15515120805653e-07,12.1,8.23769049918425e-07
2978477,"Eubacterium album",12,8.15515120805653e-07,12.5,8.47343204611627e-07
1882272,"Penicillium samsonianum",12,8.15515120805653e-07,11.8,8.01208578841451e-07
650003,"Vibrio paracholerae",12,8.15515120805653e-07,12.3,8.33977008173724e-07
1870991,"Massilioclostridium coli",12,8.15515120805653e-07,11.2,7.62544518084484e-07
2040291,"Dorea phocaeensis",12,8.15515120805653e-07,12.1,8.22068119091089e-07
767769,"Aspergillus brasiliensis",11,7.47555527405182e-07,11.1,7.51347871618995e-07
51515,"Dehalobacterium formicoaceticum",11,7.47555527405182e-07,11.4,7.74806038862748e-07
1392255,"Aspergillus novofumigatus",11,7.47555527405182e-07,12.1,8.21860529667948e-07
1982628,"Faecalibacillus faecis",11,7.47555527405182e-07,11.2,7.63679833147203e-07
2606634,"Velocimicrobium porci",11,7.47555527405182e-07,11.4,7.71647349928053e-07
2763656,"Guopingia tenuis",11,7.47555527405182e-07,11.4,7.76636142099751e-07
2763668,"Jutongia huaianensis",11,7.47555527405182e-07,11.9,8.08775612104126e-07
81947,"Vagococcus lutrae",11,7.47555527405182e-07,10.6,7.21410243029376e-07
246144,"Enterococcus italicus",11,7.47555527405182e-07,11.6,7.90074343426443e-07
121291,"Arthrobacter methylotrophus",11,7.47555527405182e-07,11.1,7.55578774005464e-07
1243002,"Vibrio olivae",11,7.47555527405182e-07,11.4,7.7176292788531e-07
3376993,"Vescimonas sanitatis",11,7.47555527405182e-07,13.7,9.30505240086023e-07
1852386,"Thermophilibacter provencensis",11,7.47555527405182e-07,12.2,8.30705183300561e-07
546269,"Filifactor alocis",10,6.79595934004711e-07,10,6.77044828977866e-07
762968,"Paraprevotella clara",10,6.79595934004711e-07,10.1,6.84940091026367e-07
1972431,"Phytobacter ursingii",10,6.79595934004711e-07,10,6.81227381543075e-07
1835702,"Penicillium arizonense",10,6.79595934004711e-07,9.4,6.37017514247427e-07
33945,"Enterococcus avium",10,6.79595934004711e-07,10.6,7.19914925204715e-07
1220188,"Aspergillus tanneri",10,6.79595934004711e-07,9.6,6.55128346414921e-07
2763032,"Butyricimonas hominis",10,6.79595934004711e-07,10.2,6.92765455597876e-07
2763661,"Bianquea renquensis",10,6.79595934004711e-07,10.1,6.83952981216715e-07
990412,"Limosilactobacillus alvi",10,6.79595934004711e-07,11,7.45247954201079e-07
1517512,"Aspergillus pseudoviridinutans",10,6.79595934004711e-07,9.7,6.57849443189997e-07
2026240,"Klebsiella quasivariicola",10,6.79595934004711e-07,10.3,7.00634764217822e-07
1115758,"Romboutsia ilealis",10,6.79595934004711e-07,10.7,7.26634440456695e-07
1121950,"Hespellia stercorisuis",10,6.79595934004711e-07,10.3,7.02960646326222e-07
1328,"Streptococcus anginosus",10,6.79595934004711e-07,15.3,1.03903350738689e-06
2993455,"Lactobacillus isalae",10,6.79595934004711e-07,10.7,7.25887736335783e-07
1123311,"Streptococcus orisratti",9,6.1163634060424e-07,9.3,6.3096767911437e-07
1123314,"Streptococcus plurextorum",9,6.1163634060424e-07,10.4,7.04497678864904e-07
1812935,"Enterobacter roggenkampii",9,6.1163634060424e-07,8.7,5.94240977347337e-07
2172545,"Streptococcus halitosis",9,6.1163634060424e-07,9.3,6.30664212829841e-07
2014742,"Vibrio tarriae",9,6.1163634060424e-07,11.9,8.05490108274207e-07
1796628,"Longibaculum muris",9,6.1163634060424e-07,20.4,1.38710936044366e-06
2607659,"Nocardioides antri",9,6.1163634060424e-07,9.2,6.25574262302608e-07
2606615,"Enorma shizhengliae",9,6.1163634060424e-07,8.4,5.73595355552264e-07
411903,"Collinsella aerofaciens",9,6.1163634060424e-07,11.8,8.04632369858901e-07
NA,"unknown genome; accession ID isNZ_AP022829.1",9,6.1163634060424e-07,10.9,7.38939914145224e-07
393006,"Tamlana crocina",9,6.1163634060424e-07,8.8,5.95493027736684e-07
2722702,"Salinimicrobium oceani",9,6.1163634060424e-07,9.2,6.26274397266359e-07
2763644,"Zhenpiania hominis",9,6.1163634060424e-07,9.1,6.21332193243172e-07
1363,"Lactococcus garvieae",9,6.1163634060424e-07,9.6,6.54314145421359e-07
357441,"Enterococcus lactis",9,6.1163634060424e-07,9.4,6.40394356955252e-07
636,"Edwardsiella tarda",9,6.1163634060424e-07,8.8,6.01143357607645e-07
2944914,"Allocoprobacillus halotolerans",9,6.1163634060424e-07,9.3,6.29334555429261e-07
1812259,"Streptomyces ginkgonis",9,6.1163634060424e-07,8.9,6.06816425580737e-07
3037798,"Providencia huashanensis",9,6.1163634060424e-07,8.1,5.4716629023677e-07
1472416,"Butyricimonas faecihominis",9,6.1163634060424e-07,9.1,6.19241442165875e-07
3133422,"Flavonifractor porci",9,6.1163634060424e-07,8.4,5.69516272943596e-07
396014,"Brachybacterium phenoliresistens",9,6.1163634060424e-07,9,6.11636922536595e-07
89139,"Rasamsonia byssochlamydoides",9,6.1163634060424e-07,9,6.11636922536595e-07
1871030,"Merdibacter massiliensis",9,6.1163634060424e-07,9.3,6.33835563000815e-07
1423749,"Limosilactobacillus gastricus",8,5.43676747203769e-07,8.1,5.4749930880854e-07
2249428,"Aliidiomarina celeris",8,5.43676747203769e-07,7.9,5.33769487407186e-07
2490854,"Prevotella koreensis",8,5.43676747203769e-07,8.3,5.64983511651867e-07
1796618,"Cuneatibacter caecimuris",8,5.43676747203769e-07,13.9,9.47974024206394e-07
1522,"[Clostridium] innocuum",8,5.43676747203769e-07,8.3,5.65365432556558e-07
112416,"Letharia columbiana",8,5.43676747203769e-07,8.6,5.85137979970554e-07
68193,"Streptomyces djakartensis",8,5.43676747203769e-07,7.7,5.25393244890767e-07
160404,"Anaerotignum lactatifermentans",8,5.43676747203769e-07,7.8,5.32224568003139e-07
273372,"Candida metapsilosis",8,5.43676747203769e-07,7.5,5.06954903390886e-07
75553,"Aspergillus viridinutans",8,5.43676747203769e-07,8.7,5.89530876613792e-07
689904,"Tissierella carlieri",8,5.43676747203769e-07,8.4,5.72516953411436e-07
1302,"Streptococcus gordonii",8,5.43676747203769e-07,7.9,5.37451054393657e-07
2885357,"Hominenteromicrobium mulieris",8,5.43676747203769e-07,8.8,5.96345710116961e-07
2907145,"Rhodobacter flavimaris",8,5.43676747203769e-07,6.9,4.68568416163783e-07
2909341,"Octadecabacter dasysiphoniae",8,5.43676747203769e-07,8,5.43677455180505e-07
208224,"Enterobacter kobei",8,5.43676747203769e-07,7.8,5.31360319321131e-07
214851,"Subdoligranulum variabile",8,5.43676747203769e-07,8.2,5.54486963391208e-07
2981793,"Phocaeicola fibrisolvens",8,5.43676747203769e-07,8.7,5.92496639989234e-07
2742601,"Limosilactobacillus portuensis",8,5.43676747203769e-07,8.1,5.52193438387173e-07
1472417,"Butyricimonas paravirosa",8,5.43676747203769e-07,8.5,5.78980323979789e-07
1670621,"Saccharothrix lopnurensis",8,5.43676747203769e-07,8.4,5.7110254718612e-07
1431848,"Saccharopolyspora griseoalba",8,5.43676747203769e-07,8.6,5.82829870595746e-07
NA,"unknown genome; accession ID isNZ_DAWEQI010000062.1",8,5.43676747203769e-07,8,5.44020302847223e-07
1871035,"Negativibacillus massiliensis",8,5.43676747203769e-07,8.4,5.71549655794285e-07
2079531,"Prevotella merdae",8,5.43676747203769e-07,8,5.45522602785573e-07
2364791,"Enterococcus mediterraneensis",8,5.43676747203769e-07,8.5,5.77040333650994e-07
295089,"Pontixanthobacter luteolus",8,5.43676747203769e-07,10.8,7.30744008217039e-07
1095768,"Phytobacter massiliensis",7,4.75717153803297e-07,6.7,4.52655308983026e-07
1123301,"Streptococcus didelphis",7,4.75717153803297e-07,7.4,5.06077741908956e-07
319653,"Pediococcus ethanolidurans",7,4.75717153803297e-07,7.6,5.15412624605629e-07
1313,"Streptococcus pneumoniae",7,4.75717153803297e-07,7.1,4.83513901963079e-07
150033,"Enterococcus ratti",7,4.75717153803297e-07,7,4.79065816059991e-07
77519,"Plasmodium gonderi",7,4.75717153803297e-07,7.3,4.94347066807959e-07
76258,"Vibrio rumoiensis",7,4.75717153803297e-07,7.1,4.79297978427037e-07
41047,"Aspergillus thermomutatus",7,4.75717153803297e-07,7.3,4.93280330741891e-07
2024554,"Virgibacillus indicus",7,4.75717153803297e-07,7,4.7578169395197e-07
2764322,"Hydrogeniiclostridium mannosilyticum",7,4.75717153803297e-07,7.2,4.91273198059264e-07
2213010,"Simplicispira lacusdiani",7,4.75717153803297e-07,11.3,7.67380270457222e-07
2490855,"Lachnoanaerobaculum gingivalis",7,4.75717153803297e-07,7.1,4.84342513081059e-07
2486002,"Lapidilactobacillus gannanensis",7,4.75717153803297e-07,9.7,6.58903349463471e-07
2507160,"Aminipila luticellarii",7,4.75717153803297e-07,7,4.75717705871458e-07
283686,"Kosakonia radicincitans",7,4.75717153803297e-07,4.8,3.27712149532884e-07
2797506,"Enterobacter dykesii",7,4.75717153803297e-07,7.1,4.81985297091139e-07
1615494,"Mixta intestinalis",7,4.75717153803297e-07,8.2,5.5481265424934e-07
1857217,"Candidatus Enterococcus huntleyi",7,4.75717153803297e-07,8.2,5.58937714437636e-07
626774,"Proteus terrae",7,4.75717153803297e-07,10,6.76904077585933e-07
394095,"Pyxidicoccus fallax",7,4.75717153803297e-07,7.7,5.20991263662865e-07
2763667,"Wansuia hejianensis",7,4.75717153803297e-07,6.4,4.34562694109329e-07
626929,"Bacteroides clarus",7,4.75717153803297e-07,7.1,4.81043656833093e-07
1151742,"Lactococcus taiwanensis",7,4.75717153803297e-07,7,4.78321790203046e-07
2816080,"Alicyclobacillus suci",7,4.75717153803297e-07,7,4.72895066996048e-07
2839759,"Enterococcus innesii",7,4.75717153803297e-07,7,4.75717606417352e-07
2981722,"Porcipelethomonas ammoniilytica",7,4.75717153803297e-07,6.8,4.59787148221334e-07
1437816,"Methylopila turkensis",7,4.75717153803297e-07,6,4.09089967841418e-07
3058044,"Nocardioides cremeus",7,4.75717153803297e-07,7,4.75717606701325e-07
3075529,"Streptomyces gibsoniae",7,4.75717153803297e-07,7.1,4.81385485880611e-07
2725494,"Kluyvera sichuanensis",7,4.75717153803297e-07,8.5,5.74459392695914e-07
1987501,"Massiliimalia timonensis",7,4.75717153803297e-07,9.1,6.16527123053723e-07
44008,"Enterococcus cecorum",7,4.75717153803297e-07,7.2,4.89418501471252e-07
2587528,"Klebsiella spallanzanii",7,4.75717153803297e-07,7.1,4.79201942860232e-07
54062,"Pediococcus parvulus",7,4.75717153803297e-07,12.2,8.2658613580654e-07
150340,"Vibrio antiquarius",6,4.07757560402826e-07,6.1,4.14067813189372e-07
246409,"Rhizopus delemar",6,4.07757560402826e-07,5.9,4.04333516814899e-07
693979,"Bacteroides helcogenes",6,4.07757560402826e-07,6,4.07782953090475e-07
905079,"Guillardia theta",6,4.07757560402826e-07,7.9,5.34890045865948e-07
1123305,"Streptococcus hyovaginalis",6,4.07757560402826e-07,8.7,5.9116669860312e-07
1577792,"Terrisporobacter othiniensis",6,4.07757560402826e-07,8.3,5.64243761424684e-07
1325933,"Clostridium polynesiense",6,4.07757560402826e-07,6.1,4.17052105682609e-07
5857,"Plasmodium fragile",6,4.07757560402826e-07,6.2,4.20771847258396e-07
39480,"Andreesenia angusta",6,4.07757560402826e-07,6.8,4.63253965619212e-07
1987383,"Candidatus Enterococcus wittei",6,4.07757560402826e-07,6.2,4.19113931716266e-07
1437594,"Bifidobacterium asteroides",6,4.07757560402826e-07,5.9,4.04129891923315e-07
3072179,"Sporanaerobium hydrogeniformans",6,4.07757560402826e-07,12.5,8.48915103287089e-07
1121340,"Clostridium thermopalmarium",6,4.07757560402826e-07,5.8,3.96233662140296e-07
2056311,"Algoriphagus lacus",6,4.07757560402826e-07,5.9,3.98808118698706e-07
2530390,"Muribaculum gordoncarteri",6,4.07757560402826e-07,6.4,4.36061543304401e-07
2026654,"Flavobacterium luteum",6,4.07757560402826e-07,6,4.07837764704639e-07
2137581,"Ellagibacter isourolithinifaciens",6,4.07757560402826e-07,6.8,4.63581248647296e-07
67828,"Citrobacter gillenii",6,4.07757560402826e-07,6.2,4.1825849149947e-07
2763059,"Pseudoflavonifractor hominis",6,4.07757560402826e-07,5.9,4.02170144773569e-07
93378,"Edwardsiella hoshinae",6,4.07757560402826e-07,6.1,4.15572122719084e-07
762210,"Bifidobacterium saguini",6,4.07757560402826e-07,4.9,3.34956031193284e-07
2892331,"Pseudomonas parakoreensis",6,4.07757560402826e-07,7.4,5.03990593615335e-07
2924040,"Parabacteroides faecalis",6,4.07757560402826e-07,6.3,4.24822323549553e-07
2951805,"Parabacteroides absconsus",6,4.07757560402826e-07,6.4,4.3773831156466e-07
151781,"Lactobacillus intestinalis",6,4.07757560402826e-07,6,4.07758703431993e-07
2981780,"Bacteroides cellulolyticus",6,4.07757560402826e-07,6.9,4.68372707986714e-07
2981778,"Agathobaculum ammoniilyticum",6,4.07757560402826e-07,6.5,4.40778268648247e-07
47880,"Pseudomonas fulva",6,4.07757560402826e-07,6.7,4.52813580045703e-07
3149227,"Flavobacterium aestuarii",6,4.07757560402826e-07,5.2,3.56722283457929e-07
3095079,"Streptococcus jiangnanensis",6,4.07757560402826e-07,6.1,4.15096495382378e-07
3097367,"Actinomadura monticuli",6,4.07757560402826e-07,6,4.0775794835773e-07
3342383,"Flintibacter porci",6,4.07757560402826e-07,6.1,4.15437488622384e-07
1937461,"Collinsella provencensis",6,4.07757560402826e-07,6.9,4.71683673129163e-07
1917868,"Blautia marasmi",6,4.07757560402826e-07,6,4.10207341871696e-07
294747,"Candida tropicalis",5,3.39797967002355e-07,5,3.4199532454986e-07
762051,"Leuconostoc kimchii",5,3.39797967002355e-07,4.8,3.25156699340548e-07
887899,"Mobiluncus holmesii",5,3.39797967002355e-07,5,3.39828596478921e-07
667120,"Edwardsiella anguillarum",5,3.39797967002355e-07,6,4.06274423194818e-07
1121874,"Erysipelothrix tonsillarum",5,3.39797967002355e-07,5,3.39798290298108e-07
1435463,"Bifidobacterium porcinum",5,3.39797967002355e-07,5.5,3.73044259189342e-07
45286,"Eremothecium sinecaudum",5,3.39797967002355e-07,6.7,4.54509966619907e-07
1432052,"Eisenbergiella tayi",5,3.39797967002355e-07,5.3,3.58340584185776e-07
2650924,"Aestuariivirga litoralis",5,3.39797967002355e-07,5,3.39798290298108e-07
1160095,"Vagococcus entomophilus",5,3.39797967002355e-07,5,3.39798290298108e-07
2559927,"Enterococcus songbeiensis",5,3.39797967002355e-07,5.3,3.58443400420236e-07
1457219,"Lactiplantibacillus modestisalitolerans",5,3.39797967002355e-07,5.2,3.51382979912369e-07
2055836,"Natronococcus pandeyae",5,3.39797967002355e-07,6.6,4.4815041137774e-07
2605638,"Bradyrhizobium hipponense",5,3.39797967002355e-07,5.7,3.88132466560481e-07
88233,"Lacticaseibacillus manihotivorans",5,3.39797967002355e-07,4.7,3.21481140905808e-07
2585198,"Nocardia macrotermitis",5,3.39797967002355e-07,5,3.39798290298108e-07
2690837,"Eggerthella guodeyinii",5,3.39797967002355e-07,18.7,1.27134997466376e-06
2764327,"Holdemanella hominis",5,3.39797967002355e-07,6.3,4.31241728517617e-07
2764330,"Veillonella hominis",5,3.39797967002355e-07,8,5.45000350435602e-07
67324,"Streptomyces massasporeus",5,3.39797967002355e-07,5,3.42998361468657e-07
1334,"Streptococcus dysgalactiae",5,3.39797967002355e-07,4.9,3.31195711261512e-07
1816689,"Sutterella massiliensis",5,3.39797967002355e-07,5,3.37945237531237e-07
67826,"Citrobacter sedlakii",5,3.39797967002355e-07,6.3,4.30316311447995e-07
2815723,"Nocardia alni",5,3.39797967002355e-07,5,3.39799420570094e-07
2785629,"Leclercia barmai",5,3.39797967002355e-07,7.2,4.87897951842217e-07
2899785,"Huaxiibacter chinensis",5,3.39797967002355e-07,4.7,3.20713313035662e-07
2919913,"Shinella sedimenti",5,3.39797967002355e-07,17.6,1.19454470422822e-06
1337051,"Murimonas intestini",5,3.39797967002355e-07,5,3.39839428160847e-07
2926519,"Scandinavium hiltneri",5,3.39797967002355e-07,5,3.40835242095384e-07
293559,"Penicillium concentricum",5,3.39797967002355e-07,5.4,3.6914754425809e-07
416450,"Penicillium antarcticum",5,3.39797967002355e-07,4.6,3.13848839476021e-07
2050967,"Proteus faecis",5,3.39797967002355e-07,5,3.39798291213164e-07
3068306,"Lacticaseibacillus styriensis",5,3.39797967002355e-07,5.4,3.66101390749452e-07
3068307,"Lacticaseibacillus zeae",5,3.39797967002355e-07,4.7,3.22290488841011e-07
3117701,"Niabella digestorum",5,3.39797967002355e-07,5.1,3.44685695742098e-07
1737,"Paraclostridium tenue",5,3.39797967002355e-07,5.1,3.46999359117088e-07
3133091,"unknown genome; accession ID isNZ_JBBMER010000008.1",5,3.39797967002355e-07,5,3.39991071230309e-07
2479838,"Clostridium transplantifaecale",5,3.39797967002355e-07,5.1,3.43804616333408e-07
2993456,"Lactiplantibacillus carotarum",5,3.39797967002355e-07,5.1,3.49186789954375e-07
5855,"Plasmodium vivax",4,2.71838373601884e-07,3.8,2.60138970712155e-07
585502,"Hallella bergensis",4,2.71838373601884e-07,4,2.73223023136196e-07
868129,"Prevotella bivia",4,2.71838373601884e-07,4.1,2.778908838356e-07
1295826,"Lactococcus cremoris",4,2.71838373601884e-07,4.3,2.89219862634671e-07
1301100,"Faecalimicrobium dakarense",4,2.71838373601884e-07,4,2.71838644841082e-07
215243,"Exophiala oligosperma",4,2.71838373601884e-07,4,2.73048343627221e-07
1408163,"Rasamsonia emersonii",4,2.71838373601884e-07,4,2.71838632241296e-07
1150468,"Scardovia inopinata",4,2.71838373601884e-07,4,2.71838632238487e-07
1194083,"Nostocoides japonicum",4,2.71838373601884e-07,4,2.72554952018605e-07
1347366,"Clostridium massiliamazoniense",4,2.71838373601884e-07,4.6,3.13592256987344e-07
81857,"Lactobacillus selangorensis",4,2.71838373601884e-07,3.5,2.37601723583314e-07
764842,"Derxia lacustris",4,2.71838373601884e-07,4.1,2.76768509351332e-07
1905142,"Amycolatopsis vastitatis",4,2.71838373601884e-07,3.8,2.60017805993875e-07
2042057,"Pectobacterium polaris",4,2.71838373601884e-07,3.8,2.6038502298395e-07
665914,"Mixta gaviniae",4,2.71838373601884e-07,5.8,3.91283984874194e-07
28119,"Bacteroides zoogleoformans",4,2.71838373601884e-07,4,2.74471306390284e-07
215200,"Peptostreptococcus russellii",4,2.71838373601884e-07,4.1,2.81632764977814e-07
2184082,"Marinifilum breve",4,2.71838373601884e-07,3.6,2.43538325378426e-07
2290935,"Parabacteroides acidifaciens",4,2.71838373601884e-07,4.2,2.83391937002707e-07
2316722,"Corallococcus aberystwythensis",4,2.71838373601884e-07,4,2.73578754943768e-07
2486000,"Lapidilactobacillus achengensis",4,2.71838373601884e-07,4.2,2.8434613984334e-07
2559915,"Lactiplantibacillus pingfangensis",4,2.71838373601884e-07,4,2.72799582274191e-07
2601703,"Heminiphilus faecis",4,2.71838373601884e-07,5.1,3.47513901115645e-07
37727,"Talaromyces marneffei",4,2.71838373601884e-07,5.1,3.45191067445253e-07
1805431,"Enterococcus saigonensis",4,2.71838373601884e-07,5.3,3.57134317115448e-07
2675324,"Bifidobacterium olomucense",4,2.71838373601884e-07,4.5,3.06663769051777e-07
1292134,"Stenotrophomonas africana",4,2.71838373601884e-07,3.9,2.63745595829293e-07
2763677,"Zongyangia hominis",4,2.71838373601884e-07,6.9,4.66697699132139e-07
2779352,"Pseudoflavonifractor gallinarum",4,2.71838373601884e-07,4.4,2.97229187161614e-07
1646340,"Kosakonia pseudosacchari",4,2.71838373601884e-07,4.1,2.7560143080627e-07
2020965,"Bifidobacterium imperatoris",4,2.71838373601884e-07,4.6,3.10031437244789e-07
2587529,"Klebsiella pasteurii",4,2.71838373601884e-07,4.5,3.0324263224173e-07
2841504,"Dysosmobacter acutus",4,2.71838373601884e-07,6,4.08948946483337e-07
3044279,"Massilia hydrophila",4,2.71838373601884e-07,4,2.71838632238487e-07
2903556,"Faecalibacterium gallinarum",4,2.71838373601884e-07,4.1,2.80613940589341e-07
3053982,"Providencia zhijiangensis",4,2.71838373601884e-07,4,2.73212894033341e-07
1392775,"Flavobacterium paronense",4,2.71838373601884e-07,6.4,4.32795137199399e-07
1306933,"Algibacter miyuki",4,2.71838373601884e-07,4.1,2.77424293343749e-07
333963,"Leucobacter iarius",4,2.71838373601884e-07,5.4,3.6487859086199e-07
310300,"Bacteroides pyogenes",4,2.71838373601884e-07,4,2.72190909359275e-07
1642646,"Petrimonas mucosa",4,2.71838373601884e-07,4.2,2.88027691097959e-07
1903263,"Traorella massiliensis",4,2.71838373601884e-07,4,2.74045146176469e-07
1494,"Clostridium cochlearium",4,2.71838373601884e-07,4,2.7183977182674e-07
1267,"Sarcina ventriculi",4,2.71838373601884e-07,4.1,2.79879565140351e-07
1054460,"Streptococcus pseudopneumoniae",3,2.03878780201413e-07,3.4,2.3211399137629e-07
1234382,"Thauera phenylacetica",3,2.03878780201413e-07,3,2.04543706287969e-07
1122217,"Megamonas rupellensis",3,2.03878780201413e-07,3.2,2.16655326228621e-07
1121865,"Enterococcus columbae",3,2.03878780201413e-07,3.6,2.4306146795662e-07
1401079,"Mogibacterium timidum",3,2.03878780201413e-07,3.4,2.3138696559341e-07
1236509,"Prevotella dentasini",3,2.03878780201413e-07,3.2,2.16566608969662e-07
1177154,"Alcanivorax nanhaiticus",3,2.03878780201413e-07,3,2.05058265357998e-07
58627,"Debaryomyces fabryi",3,2.03878780201413e-07,3,2.05119363703066e-07
1384589,"Entomohabitans teleogrylli",3,2.03878780201413e-07,3.7,2.51961005224962e-07
1871336,"Criibacterium bergeronii",3,2.03878780201413e-07,2.9,1.9753750148284e-07
501571,"Butyricicoccus pullicaecorum",3,2.03878780201413e-07,3,2.06488014049683e-07
317010,"Enterococcus canintestini",3,2.03878780201413e-07,3.2,2.163050024803e-07
1547597,"Sanguibacteroides justesenii",3,2.03878780201413e-07,3,2.04908358269357e-07
61171,"Holdemania filiformis",3,2.03878780201413e-07,3.1,2.13515636869789e-07
2320100,"Parablautia intestinalis",3,2.03878780201413e-07,3,2.03888832837708e-07
2496871,"Piscinibacter terrae",3,2.03878780201413e-07,3.3,2.21023493645949e-07
2306423,"Lactiplantibacillus garii",3,2.03878780201413e-07,3.5,2.39859633912857e-07
1977868,"Vagococcus bubulae",3,2.03878780201413e-07,3.2,2.1513828696687e-07
2529382,"Enterobacter quasihormaechei",3,2.03878780201413e-07,3,2.04987767021919e-07
2547833,"Palleronia sediminis",3,2.03878780201413e-07,4.9,3.3093301442723e-07
3032871,"Muricaecibacterium torontonense",3,2.03878780201413e-07,3.4,2.28852091323229e-07
33898,"Streptomyces galbus",3,2.03878780201413e-07,3,2.03878974178865e-07
2584944,"Sutterella faecalis",3,2.03878780201413e-07,3.2,2.17275673181542e-07
2597270,"Alkalicoccobacillus porphyridii",3,2.03878780201413e-07,3,2.04481091282371e-07
665913,"Mixta calida",3,2.03878780201413e-07,3.2,2.17635108688961e-07
162,"Treponema phagedenis",3,2.03878780201413e-07,3,2.05605866342876e-07
1296540,"Paucilactobacillus nenjiangensis",3,2.03878780201413e-07,3.5,2.35046599181915e-07
2608629,"Arenibacter lacus",3,2.03878780201413e-07,4,2.68767891611187e-07
2681984,"Erwinia sorbitola",3,2.03878780201413e-07,3,2.03878974178865e-07
1857215,"Candidatus Enterococcus willemsii",3,2.03878780201413e-07,3,2.04543965671772e-07
5478,"Nakaseomyces glabratus",3,2.03878780201413e-07,3.4,2.3106792318034e-07
2552946,"Cedecea colo",3,2.03878780201413e-07,3,2.0401938761099e-07
2722820,"Actinomyces faecalis",3,2.03878780201413e-07,3,2.03888456368248e-07
2735136,"Corynebacterium wankanglinii",3,2.03878780201413e-07,3.1,2.10582184384788e-07
2763026,"Blautia celeris",3,2.03878780201413e-07,3.7,2.50759523617032e-07
2047724,"Franconibacter daqui",3,2.03878780201413e-07,3,2.03888916364182e-07
67333,"Streptomyces narbonensis",3,2.03878780201413e-07,3.8,2.59017396994585e-07
658225,"Sphingomonas glacialis",3,2.03878780201413e-07,3,2.06613284700053e-07
40041,"Streptococcus equi",3,2.03878780201413e-07,3,2.04403582255292e-07
40545,"Sutterella wadsworthensis",3,2.03878780201413e-07,4,2.72369043061654e-07
2100821,"Lacticaseibacillus chiayiensis",3,2.03878780201413e-07,3,2.04154625801718e-07
2697499,"Dietzia massiliensis",3,2.03878780201413e-07,3.1,2.10353032736468e-07
29369,"Clostridium sardiniense",3,2.03878780201413e-07,3,2.03881631989981e-07
1463165,"Klebsiella quasipneumoniae",3,2.03878780201413e-07,3.1,2.09578088687427e-07
2897391,"Limnobaculum eriocheiris",3,2.03878780201413e-07,3.4,2.33661794704906e-07
2892329,"Pseudomonas parasichuanensis",3,2.03878780201413e-07,2.1,1.43867124832836e-07
865757,"Photobacterium atrarenae",3,2.03878780201413e-07,3.2,2.15332583433401e-07
2920380,"Vagococcus luciliae",3,2.03878780201413e-07,3,2.0662602361443e-07
438033,"Ruminococcus gauvreauii",3,2.03878780201413e-07,3.5,2.3565741629136e-07
416955,"Parapedobacter soli",3,2.03878780201413e-07,3,2.05862445903989e-07
3002863,"Methanocorpusculum petauri",3,2.03878780201413e-07,3.5,2.34516538210393e-07
1131564,"Penicillium cosmopolitanum",3,2.03878780201413e-07,3.4,2.333812272915e-07
176176,"Penicillium paradoxum",3,2.03878780201413e-07,3,2.06163045234771e-07
3031993,"Enterococcus montenegrensis",3,2.03878780201413e-07,2.5,1.66934017766032e-07
3044208,"Fusibacillus kribbianus",3,2.03878780201413e-07,3.6,2.46527871272406e-07
44750,"Corynebacterium auris",3,2.03878780201413e-07,3,2.03878974178865e-07
1451356,"Streptococcus moroccensis",3,2.03878780201413e-07,2.2,1.48039207055485e-07
638574,"Nonomuraea rosea",3,2.03878780201413e-07,3,2.04060440400398e-07
3133165,"Solibaculum intestinale",3,2.03878780201413e-07,3.1,2.07615570889521e-07
701526,"Streptococcus porcorum",3,2.03878780201413e-07,3.1,2.12641378745383e-07
3237239,"Streptococcus huangxiaojuni",3,2.03878780201413e-07,3,2.03878974178865e-07
741673,"Phaeospirillum tilakii",3,2.03878780201413e-07,3.1,2.14000580908131e-07
84698,"Clostridium frigidicarnis",3,2.03878780201413e-07,3,2.03878974214848e-07
1871008,"Eggerthella timonensis",3,2.03878780201413e-07,3.9,2.61987655350284e-07
1852371,"Raoultibacter massiliensis",3,2.03878780201413e-07,3.1,2.11114391904181e-07
764290,"Streptococcus downei",3,2.03878780201413e-07,3,2.03879454142399e-07
1580,"Levilactobacillus brevis",3,2.03878780201413e-07,3,2.03878977615512e-07
655813,"Streptococcus oralis",3,2.03878780201413e-07,3.5,2.36434296250213e-07
1035377,"Yersinia pestis",2,1.35919186800942e-07,2,1.36367098090213e-07
929439,"Leishmania mexicana",2,1.35919186800942e-07,2.2,1.51975789424664e-07
742817,"Odoribacter laneus",2,1.35919186800942e-07,2.1,1.4149663546881e-07
1118060,"Enorma massiliensis",2,1.35919186800942e-07,3.6,2.43805967394949e-07
999415,"Eggerthia catenaformis",2,1.35919186800942e-07,2,1.38922111087177e-07
280463,"Emiliania huxleyi",2,1.35919186800942e-07,2,1.38785678690118e-07
1123279,"Spongiibacter tropicus",2,1.35919186800942e-07,2,1.36175017136385e-07
1385512,"Pontibacillus litoralis",2,1.35919186800942e-07,2.2,1.46314916195239e-07
1291742,"Paucilactobacillus hokkaidonensis",2,1.35919186800942e-07,2.3,1.54741662934497e-07
1073999,"Cronobacter condimenti",2,1.35919186800942e-07,2,1.35942788566052e-07
312540,"Acidiplasma cupricumulans",2,1.35919186800942e-07,2,1.35919374691428e-07
1329411,"Bifidobacterium aesculapii",2,1.35919186800942e-07,2.4,1.65009737809305e-07
1003335,"Kluyveromyces marxianus",2,1.35919186800942e-07,2.2,1.47638277617641e-07
1423739,"Lentilactobacillus diolivorans",2,1.35919186800942e-07,2,1.36073850124766e-07
1299998,"Tractidigestivibacter scatoligenes",2,1.35919186800942e-07,2,1.35924388501315e-07
5078,"Penicillium griseofulvum",2,1.35919186800942e-07,2,1.37787380876451e-07
1144522,"Tritrichomonas foetus",2,1.35919186800942e-07,2.1,1.41344493141335e-07
332950,"Enterococcus termitis",2,1.35919186800942e-07,2,1.35919340300306e-07
29349,"Alkalithermobacter paradoxus",2,1.35919186800942e-07,2.4,1.61743794420384e-07
1945634,"Butyricicoccus porcorum",2,1.35919186800942e-07,1.9,1.2725077528849e-07
1354,"Enterococcus hirae",2,1.35919186800942e-07,2,1.35938757726966e-07
1392250,"Aspergillus steynii",2,1.35919186800942e-07,2.2,1.49086426567898e-07
1450537,"Aspergillus homomorphus",2,1.35919186800942e-07,2,1.35948864743437e-07
2201324,"Mucilaginibacter hurinus",2,1.35919186800942e-07,2,1.35919404033221e-07
1341132,"Aspergillus welwitschiae",2,1.35919186800942e-07,2,1.3607365829675e-07
2036206,"Suicoccus acidiformans",2,1.35919186800942e-07,2.1,1.44415888118458e-07
2364647,"Pantoea piersonii",2,1.35919186800942e-07,2.1,1.43852902884727e-07
633807,"Vagococcus penaei",2,1.35919186800942e-07,2.5,1.69176952589082e-07
380685,"Thermosipho globiformans",2,1.35919186800942e-07,2,1.39202251430195e-07
2485123,"Photobacterium chitinilyticum",2,1.35919186800942e-07,2,1.35922248763795e-07
1296538,"Lactiplantibacillus mudanjiangensis",2,1.35919186800942e-07,1.5,1.02374864023254e-07
2528639,"Mariprofundus erugo",2,1.35919186800942e-07,2,1.38052052402012e-07
1981069,"Leuconostoc litchii",2,1.35919186800942e-07,2,1.35924026492722e-07
2605433,"Sphingobacterium phlebotomi",2,1.35919186800942e-07,2,1.37235760528097e-07
67827,"Citrobacter werkmanii",2,1.35919186800942e-07,2.3,1.59646768825378e-07
1798158,"Bifidobacterium ramosum",2,1.35919186800942e-07,2.1,1.40947962053025e-07
57706,"Citrobacter braakii",2,1.35919186800942e-07,2,1.36262985141206e-07
2606637,"Hallella mizrahii",2,1.35919186800942e-07,2,1.36391481117047e-07
2605781,"Cutibacterium porci",2,1.35919186800942e-07,2.1,1.41116133445685e-07
1038857,"Kocuria sediminis",2,1.35919186800942e-07,3.2,2.19322798791194e-07
2692629,"Copranaerobaculum intestinale",2,1.35919186800942e-07,2.6,1.77724797631056e-07
577,"Raoultella terrigena",2,1.35919186800942e-07,2.4,1.60375724411505e-07
2716335,"Falsiroseomonas selenitidurans",2,1.35919186800942e-07,2,1.35951728289393e-07
560253,"Letharia lupina",2,1.35919186800942e-07,2.3,1.58131046886828e-07
2292255,"Levilactobacillus suantsaii",2,1.35919186800942e-07,2.2,1.46983095543628e-07
2763052,"Lawsonibacter faecis",2,1.35919186800942e-07,2,1.36512398864925e-07
1398493,"Pseudocitrobacter faecalis",2,1.35919186800942e-07,2,1.37842871225122e-07
2762213,"Phocaeicola faecium",2,1.35919186800942e-07,2,1.37793660666281e-07
1278232,"Keratinibaculum paraultunense",2,1.35919186800942e-07,2,1.35919316119243e-07
876,"Desulfovibrio desulfuricans",2,1.35919186800942e-07,2.3,1.58543528820584e-07
1159213,"Peptostreptococcus canis",2,1.35919186800942e-07,2.1,1.41517193130005e-07
1580590,"Leishmania martiniquensis",2,1.35919186800942e-07,2,1.35919316119243e-07
225991,"Comamonas aquatica",2,1.35919186800942e-07,2,1.35925948422354e-07
2838947,"Enterobacter quasimori",2,1.35919186800942e-07,2,1.36033287313576e-07
2738446,"Anaerostipes faecalis",2,1.35919186800942e-07,2,1.38924800174258e-07
2796366,"Comamonas fluminis",2,1.35919186800942e-07,2,1.35924870103773e-07
2853160,"Streptococcus vulneris",2,1.35919186800942e-07,2,1.3802459601454e-07
2834437,"Bifidobacterium miconisargentati",2,1.35919186800942e-07,1.5,1.05184461017855e-07
2864872,"Shewanella nanhaiensis",2,1.35919186800942e-07,2.1,1.44100410836426e-07
472693,"Pantoea eucrina",2,1.35919186800942e-07,2,1.35962872126125e-07
105841,"Anaerostipes caccae",2,1.35919186800942e-07,2,1.38145781074274e-07
2885356,"Hominilimicola fabiformis",2,1.35919186800942e-07,2.7,1.86657771614847e-07
537011,"Segatella copri",2,1.35919186800942e-07,2.9,1.94623347048825e-07
2867964,"Croceicoccus hydrothermalis",2,1.35919186800942e-07,2.5,1.6957781824441e-07
322095,"Porphyromonas somerae",2,1.35919186800942e-07,2.2,1.51849808936347e-07
232088,"Alternaria arbusti",2,1.35919186800942e-07,2,1.35919316119243e-07
45303,"Alternaria infectoria",2,1.35919186800942e-07,2,1.35928076513878e-07
28039,"Lactobacillus leichmannii",2,1.35919186800942e-07,2,1.35919316119243e-07
518636,"Enterocloster asparagiformis",2,1.35919186800942e-07,2.3,1.56920854989828e-07
1131581,"Penicillium argentinense",2,1.35919186800942e-07,2.2,1.46930754912451e-07
94218,"Penicillium lagena",2,1.35919186800942e-07,2,1.37358762568297e-07
268346,"Penicillium mononematosum",2,1.35919186800942e-07,2.2,1.51166394174403e-07
3027932,"Vibrio chanodichtyis",2,1.35919186800942e-07,2,1.36137822894339e-07
3029272,"Amygdalobacter indicium",2,1.35919186800942e-07,2,1.36014537008494e-07
1613,"Limosilactobacillus fermentum",2,1.35919186800942e-07,2.3,1.5605602285995e-07
669,"Vibrio harveyi",2,1.35919186800942e-07,2,1.39236710881182e-07
3050112,"Paenibacillus polygoni",2,1.35919186800942e-07,2,1.36658857532427e-07
1481663,"Vibrio metoecus",2,1.35919186800942e-07,2.1,1.45191780308968e-07
3063998,"Helicobacter cappadocius",2,1.35919186800942e-07,2,1.35919316119243e-07
3081441,"Lacticaseibacillus salsurivasis",2,1.35919186800942e-07,2.4,1.65198332524071e-07
1232428,"Megasphaera massiliensis",2,1.35919186800942e-07,2,1.36732865586303e-07
102148,"Solobacterium moorei",2,1.35919186800942e-07,2,1.38140535819656e-07
3040937,"Raoultella scottii",2,1.35919186800942e-07,2,1.35920753333872e-07
1914243,"Citrobacter europaeus",2,1.35919186800942e-07,2,1.35953960596174e-07
1281486,"Lactococcus formosensis",2,1.35919186800942e-07,2.2,1.5140043322011e-07
66855,"Saccharothrix mutabilis",2,1.35919186800942e-07,2,1.35985305668272e-07
414052,"Caenispirillum bisanense",2,1.35919186800942e-07,2,1.36047427748164e-07
3133178,"Flavonifractor hominis",2,1.35919186800942e-07,2,1.36323227621279e-07
2282420,"Streptococcus hillyeri",2,1.35919186800942e-07,1.7,1.15894200836784e-07
5088,"Thermoascus crustaceus",2,1.35919186800942e-07,2,1.36690790957099e-07
1715645,"Paracoccus mangrovi",2,1.35919186800942e-07,2,1.38741885345717e-07
405946,"Oceanobacillus caeni",2,1.35919186800942e-07,2.1,1.40913019480453e-07
1587,"Lactobacillus helveticus",2,1.35919186800942e-07,2.1,1.43241952877918e-07
1816678,"Christensenella timonensis",2,1.35919186800942e-07,2.1,1.40441070992036e-07
37658,"Anaeromicropila populeti",2,1.35919186800942e-07,1.8,1.23933036781327e-07
1841856,"Bacteroides mediterraneensis",2,1.35919186800942e-07,2.3,1.58671226119295e-07
1917883,"Bacteroides togonis",2,1.35919186800942e-07,2.1,1.43538003909235e-07
100174,"Clostridium peptidivorans",2,1.35919186800942e-07,2,1.35979276415747e-07
1970790,"[Lactobacillus] timonensis",2,1.35919186800942e-07,2,1.38070801390458e-07
889201,"Streptococcus cristatus",2,1.35919186800942e-07,2.7,1.84049962291226e-07
762982,"Paraprevotella xylaniphila",2,1.35919186800942e-07,2.1,1.42202974797048e-07
1380675,"Haloimpatiens lingqiaonensis",2,1.35919186800942e-07,2.4,1.65721290698403e-07
477666,"Bacteroides graminisolvens",2,1.35919186800942e-07,2,1.35921508070761e-07
5061,"Aspergillus niger",1,6.79595934004711e-08,1,6.85639834704168e-08
315750,"Bacillus pumilus",1,6.79595934004711e-08,0.1,9.70852257994596e-09
977880,"Cupriavidus taiwanensis",1,6.79595934004711e-08,0.1,8.49495725745271e-09
596315,"Peptostreptococcus stomatis",1,6.79595934004711e-08,1,6.86266101504063e-08
445971,"Anaerofustis stercorihominis",1,6.79595934004711e-08,1,6.79596934680159e-08
556268,"Oxalobacter paraformigenes",1,6.79595934004711e-08,1.6,1.08121940332726e-07
525245,"Gleimia coleocanis",1,6.79595934004711e-08,1,6.79596581431707e-08
706434,"Megasphaera micronuciformis",1,6.79595934004711e-08,1,6.79597364841349e-08
596329,"Peptostreptococcus anaerobius",1,6.79595934004711e-08,1.9,1.27106387671081e-07
655844,"Metarhizium robertsii",1,6.79595934004711e-08,1,6.79766530964324e-08
667015,"Phocaeicola salanitronis",1,6.79595934004711e-08,2.6,1.77549570370644e-07
322104,"Scheffersomyces stipitis",1,6.79595934004711e-08,1,7.02417864890746e-08
1042878,"Cupriavidus necator",1,6.79595934004711e-08,0.1,8.49495725745271e-09
885040,"Enterobacter soli",1,6.79595934004711e-08,1,6.79598845151448e-08
1045004,"Oenococcus kitaharae",1,6.79595934004711e-08,1,6.80276349057934e-08
796942,"Stomatobaculum longum",1,6.79595934004711e-08,1,6.96689124997595e-08
883077,"Schaalia turicensis",1,6.79595934004711e-08,1,6.79596580596217e-08
1229756,"Leuconostoc gelidum",1,6.79595934004711e-08,1,6.79596580596217e-08
1034347,"Robertmurraya massiliosenegalensis",1,6.79595934004711e-08,1,6.94534824068435e-08
1123318,"Streptococcus thoraltensis",1,6.79595934004711e-08,1.4,9.54695559764935e-08
1123315,"Streptococcus porci",1,6.79595934004711e-08,1.1,7.58108892625864e-08
1354300,"Peptoniphilus mikwangii",1,6.79595934004711e-08,1.8,1.25416090968257e-07
1384484,"Adlercreutzia equolifaciens",1,6.79595934004711e-08,1.1,7.6721447304253e-08
51315,"Eimeria necatrix",1,6.79595934004711e-08,1.7,1.17107006491839e-07
1347393,"Bacteroides neonati",1,6.79595934004711e-08,1.1,7.62848420151734e-08
367190,"Yersinia similis",1,6.79595934004711e-08,1,6.84099262027174e-08
1211817,"Clostridium ihumii",1,6.79595934004711e-08,1.2,8.46386447611983e-08
1501230,"Paenibacillus tyrfis",1,6.79595934004711e-08,1.2,8.28078991328435e-08
29495,"Vibrio navarrensis",1,6.79595934004711e-08,1,6.82923100342782e-08
176090,"Streptococcus sinensis",1,6.79595934004711e-08,1,7.11787627388121e-08
796334,"Erwinia oleae",1,6.79595934004711e-08,1,6.79661940213967e-08
1221996,"Bacillus thermotolerans",1,6.79595934004711e-08,1.1,7.15130536663003e-08
212818,"Exophiala mesophila",1,6.79595934004711e-08,1,6.81528007592883e-08
441162,"Burkholderia oklahomensis",1,6.79595934004711e-08,0.1,8.49495725745271e-09
579748,"Vibrio galatheae",1,6.79595934004711e-08,1,6.79596580596217e-08
1408281,"Endomicrobium proavitum",1,6.79595934004711e-08,1,6.89514093542085e-08
1479,"Bacillus smithii",1,6.79595934004711e-08,0.1,9.70852257994596e-09
1673717,"Anaeromassilibacillus senegalensis",1,6.79595934004711e-08,1,6.79596580596217e-08
1159491,"Cronobacter malonaticus",1,6.79595934004711e-08,1.1,7.75103010714253e-08
28037,"Streptococcus mitis",1,6.79595934004711e-08,1,6.88688941825081e-08
1423722,"Amylolactobacillus amylotrophicus",1,6.79595934004711e-08,1.1,7.76505095738549e-08
1423813,"Paucilactobacillus vaccinostercus",1,6.79595934004711e-08,1,6.82013941728261e-08
93218,"Pandoraea apista",1,6.79595934004711e-08,0.1,8.49495725745271e-09
1162717,"Pseudostreptobacillus hongkongensis",1,6.79595934004711e-08,1,6.79601009245876e-08
1796606,"Cupriavidus nantongensis",1,6.79595934004711e-08,0.1,8.49495725745271e-09
5854,"Plasmodium reichenowi",1,6.79595934004711e-08,1,7.03588727298021e-08
2049356,"Monocercomonoides exilis",1,6.79595934004711e-08,0.5,3.39798290298108e-08
1367422,"Fonsecaea erecta",1,6.79595934004711e-08,1,6.92535948229604e-08
984487,"Suhomyces tanzawaensis",1,6.79595934004711e-08,1,6.97818766478122e-08
190721,"Ralstonia insidiosa",1,6.79595934004711e-08,1,6.79596580596217e-08
1480615,"Hoeflea olei",1,6.79595934004711e-08,1,6.79600610923107e-08
1178537,"Bacillus xiamenensis",1,6.79595934004711e-08,0.1,9.70852257994596e-09
29341,"Clostridium argentinense",1,6.79595934004711e-08,1,6.79618572814984e-08
1455,"Pseudobacillus badius",1,6.79595934004711e-08,1,6.88379748400992e-08
2020948,"Romboutsia maritimum",1,6.79595934004711e-08,1,7.06184614972111e-08
1960969,"Bifidobacterium criceti",1,6.79595934004711e-08,1,6.79733856344272e-08
2024555,"Virgibacillus profundi",1,6.79595934004711e-08,1,6.79598403953527e-08
1111760,"Streptococcus troglodytae",1,6.79595934004711e-08,1,7.01593180169413e-08
1793966,"Pseudomonas fluvialis",1,6.79595934004711e-08,1,6.79717176880943e-08
2060068,"Chimaeribacter coloradensis",1,6.79595934004711e-08,1.1,7.21311167417713e-08
1981510,"Monoglobus pectinilyticus",1,6.79595934004711e-08,1.4,9.18925816721186e-08
61647,"Pluralibacter gergoviae",1,6.79595934004711e-08,1.5,1.01371275691626e-07
1448315,"Aspergillus uvarum",1,6.79595934004711e-08,1,6.79596590690246e-08
1448316,"Aspergillus ibericus",1,6.79595934004711e-08,1,6.83413555377965e-08
2670374,"Jiangella anatolica",1,6.79595934004711e-08,1,6.79596609647521e-08
2026339,"Oceanibium sediminis",1,6.79595934004711e-08,2.6,1.7939647384325e-07
242230,"Eggerthella sinensis",1,6.79595934004711e-08,1,6.9295438584715e-08
2144175,"Megasphaera stantonii",1,6.79595934004711e-08,1.2,8.02876759292019e-08
55601,"Vibrio anguillarum",1,6.79595934004711e-08,1,6.79596580596217e-08
2259674,"Azohydromonas sediminis",1,6.79595934004711e-08,1,6.79596582319846e-08
2316736,"Corallococcus exercitus",1,6.79595934004711e-08,1,6.79598534050364e-08
2486013,"Lacticaseibacillus baoqingensis",1,6.79595934004711e-08,1,6.8519221489957e-08
1776032,"Hymenobacter gummosus",1,6.79595934004711e-08,1.1,7.1502902020587e-08
248316,"Veillonella caviae",1,6.79595934004711e-08,1,6.79737698403487e-08
83683,"Lactobacillus amylolyticus",1,6.79595934004711e-08,1,6.84381628296922e-08
2496273,"Xylanivirga thermophila",1,6.79595934004711e-08,1.7,1.12445208316552e-07
1796634,"Muricomes intestini",1,6.79595934004711e-08,1.2,8.16703328695605e-08
2546350,"Citrobacter arsenatis",1,6.79595934004711e-08,1.5,9.9857126023866e-08
65468,"Trichoderma ghanense",1,6.79595934004711e-08,1,6.91159214374039e-08
2518605,"Segatella hominis",1,6.79595934004711e-08,1,6.80925765625683e-08
2562449,"Citrobacter tructae",1,6.79595934004711e-08,1,6.99143592330123e-08
470934,"Pantoea vagans",1,6.79595934004711e-08,1,6.79596580596217e-08
2518971,"Duncaniella dubosii",1,6.79595934004711e-08,1,6.79977116726066e-08
2559919,"Lactiplantibacillus dongliensis",1,6.79595934004711e-08,1.5,1.02022878142823e-07
938155,"Companilactobacillus futsaii",1,6.79595934004711e-08,1,6.87177298678503e-08
1259973,"Klebsiella electrica",1,6.79595934004711e-08,1,6.88149594318798e-08
2749962,"Pseudolactococcus paracarnosus",1,6.79595934004711e-08,1,6.91990084339188e-08
167481,"Companilactobacillus mindensis",1,6.79595934004711e-08,0.9,6.45102440855104e-08
561879,"Bacillus safensis",1,6.79595934004711e-08,0.1,9.70852257994596e-09
2607660,"Nocardioides humilatus",1,6.79595934004711e-08,1.1,7.53764773015574e-08
304207,"Schleiferilactobacillus harbinensis",1,6.79595934004711e-08,1,6.79596580596217e-08
2608684,"Paenibacillus tengchongensis",1,6.79595934004711e-08,1,6.79598458596241e-08
2610880,"Bifidobacterium canis",1,6.79595934004711e-08,1,6.79659827948296e-08
47770,"Lactobacillus crispatus",1,6.79595934004711e-08,1.7,1.14787080934938e-07
45668,"Halobacillus litoralis",1,6.79595934004711e-08,1.2,8.39308735701877e-08
180957,"Pectobacterium brasiliense",1,6.79595934004711e-08,1,6.45688591138815e-08
450365,"Aquabacterium fontiphilum",1,6.79595934004711e-08,1,6.79596580596217e-08
1857218,"Candidatus Enterococcus leclercqii",1,6.79595934004711e-08,1,6.79596580596217e-08
470096,"Pseudovirgaria hyperparasitica",1,6.79595934004711e-08,1,6.79596580596217e-08
2661628,"Bifidobacterium platyrrhinorum",1,6.79595934004711e-08,1,6.8291662521824e-08
1366,"Pseudolactococcus raffinolactis",1,6.79595934004711e-08,1.1,7.27689950218935e-08
708087,"Cyclobacterium jeungdonense",1,6.79595934004711e-08,1,6.79682579672204e-08
2108399,"Pectobacterium punjabense",1,6.79595934004711e-08,1,6.79596580596217e-08
2675323,"Bifidobacterium moraviense",1,6.79595934004711e-08,1.5,1.00177101569416e-07
2736294,"Xylanibacter caecicola",1,6.79595934004711e-08,1,6.82893994958482e-08
349967,"Yersinia mollaretii",1,6.79595934004711e-08,1,7.03255245261428e-08
2743470,"Comamonas antarctica",1,6.79595934004711e-08,1,6.79602216819561e-08
2699427,"Capillibacterium thermochitinicola",1,6.79595934004711e-08,1,6.93694382810822e-08
1925021,"Bacillus haynesii",1,6.79595934004711e-08,0.1,9.70852257994596e-09
1485586,"Streptomyces calidiresistens",1,6.79595934004711e-08,1,6.79863546699209e-08
1538103,"Pseudochelatococcus contaminans",1,6.79595934004711e-08,1,6.80532795766235e-08
237576,"Oribacterium sinus",1,6.79595934004711e-08,1.1,7.30705186413912e-08
2763013,"Agathobaculum faecis",1,6.79595934004711e-08,1.1,7.38565947542788e-08
2763678,"Youxingia wuxianensis",1,6.79595934004711e-08,1.1,7.42192125479098e-08
2763679,"Paratissierella segnis",1,6.79595934004711e-08,1,6.79596580596217e-08
1571185,"Marinithermofilum abyssi",1,6.79595934004711e-08,1,6.81224613613558e-08
1795310,"Paracoccus acridae",1,6.79595934004711e-08,1,6.79596580596217e-08
1932,"Streptomyces tendae",1,6.79595934004711e-08,1,6.79745725370674e-08
2762212,"Phocaeicola intestinalis",1,6.79595934004711e-08,1,6.89247911736203e-08
1765219,"Bifidobacterium eulemuris",1,6.79595934004711e-08,1.1,7.18258529475683e-08
2779357,"Thermophilibacter gallinarum",1,6.79595934004711e-08,1.1,7.21868163625619e-08
2780922,"Solibaculum mannosilyticum",1,6.79595934004711e-08,1,7.09796462533792e-08
36651,"Penicillium digitatum",1,6.79595934004711e-08,1,6.91234311183703e-08
2799574,"Lacticaseibacillus mingshuiensis",1,6.79595934004711e-08,1,6.99798101885339e-08
1871024,"Mordavella massiliensis",1,6.79595934004711e-08,1,6.85881659878868e-08
2815329,"Candidatus Enterococcus courvalinii",1,6.79595934004711e-08,1.4,9.75212468758939e-08
2819233,"Microvirga antarctica",1,6.79595934004711e-08,1,6.79741602461114e-08
2817476,"Bacillus sanguinis",1,6.79595934004711e-08,1,6.84062318347142e-08
2713174,"Fructobacillus parabroussonetiae",1,6.79595934004711e-08,1,6.79603112459442e-08
2841512,"Clostridium mobile",1,6.79595934004711e-08,1,6.7960491271819e-08
2831523,"Lentilactobacillus dabitei",1,6.79595934004711e-08,1,6.85496028722265e-08
2709410,"Chordicoccus furentiruminis",1,6.79595934004711e-08,1.1,7.56696568119294e-08
501487,"Leuconostoc palmae",1,6.79595934004711e-08,1,6.79602808299431e-08
2841034,"Lactobacillus laiwuensis",1,6.79595934004711e-08,1.1,7.60526944688153e-08
2590157,"Klebsiella variicola",1,6.79595934004711e-08,1,6.89335399918036e-08
164328,"Phytophthora ramorum",1,6.79595934004711e-08,1,6.99636587510974e-08
363952,"Comamonas thiooxydans",1,6.79595934004711e-08,1.3,8.89549214734401e-08
401106,"Amycolatopsis tucumanensis",1,6.79595934004711e-08,1,6.79596580596217e-08
2908007,"Vibrio floridensis",1,6.79595934004711e-08,1,6.79656334924936e-08
77095,"Segatella bryantii",1,6.79595934004711e-08,1.8,1.22703903654244e-07
1907662,"Raoultibacter timonensis",1,6.79595934004711e-08,1,6.8583061976086e-08
1841864,"Marseilla massiliensis",1,6.79595934004711e-08,1,6.79596611942966e-08
497107,"Candida oxycetoniae",1,6.79595934004711e-08,1,7.1110394270453e-08
29358,"Paraclostridium ghonii",1,6.79595934004711e-08,1,6.79596582030063e-08
181014,"Alternaria ethzedia",1,6.79595934004711e-08,1,6.80735203095917e-08
2839954,"Streptomyces hilarionis",1,6.79595934004711e-08,1,6.79596867612639e-08
2963283,"Stenotrophomonas muris",1,6.79595934004711e-08,1,6.79596580596217e-08
2508289,"Pandoraea commovens",1,6.79595934004711e-08,0.1,8.49495725745271e-09
2953879,"Weissella fangxianensis",1,6.79595934004711e-08,1,6.84411061908448e-08
626947,"Parasutterella secunda",1,6.79595934004711e-08,1,6.80119199868751e-08
1211813,"Alistipes ihumii",1,6.79595934004711e-08,1,6.79703258506696e-08
428126,"Thomasclavelia spiroformis",1,6.79595934004711e-08,1.1,7.20699426346665e-08
2981781,"Barnesiella propionica",1,6.79595934004711e-08,1,6.7985306951243e-08
2951809,"Pseudomonas mercuritolerans",1,6.79595934004711e-08,0.9,5.89544373514469e-08
1505757,"Siccibacter colletis",1,6.79595934004711e-08,1,6.79597032198696e-08
2077090,"Vibrio gangliei",1,6.79595934004711e-08,1.4,9.53257803519956e-08
1604902,"Clostridium omnivorum",1,6.79595934004711e-08,1.1,7.3262925924929e-08
3002864,"Methanocorpusculum vombati",1,6.79595934004711e-08,1,7.13262585272729e-08
208348,"Puccinia triticina",1,6.79595934004711e-08,0.5,3.39798290298108e-08
1005665,"Kosakonia oryzendophytica",1,6.79595934004711e-08,1.1,7.7190042515063e-08
1506179,"Penicillium alfredii",1,6.79595934004711e-08,1,6.97209665212572e-08
5076,"Penicillium chrysogenum",1,6.79595934004711e-08,6.4,4.31637575288307e-07
1132637,"Penicillium atrosanguineum",1,6.79595934004711e-08,1,6.80264341293114e-08
5074,"Penicillium brevicompactum",1,6.79595934004711e-08,1.1,7.8063001508117e-08
69789,"Penicillium soppii",1,6.79595934004711e-08,0.6,4.3242836038604e-08
2977629,"Arthrobacter vasquezii",1,6.79595934004711e-08,1,6.79596580596217e-08
688661,"Lichtheimia ornata",1,6.79595934004711e-08,1.1,7.34639975029869e-08
3036494,"Streptomyces pakalii",1,6.79595934004711e-08,1,6.79596580596217e-08
1368474,"Romboutsia sedimentorum",1,6.79595934004711e-08,1,6.79621933131567e-08
NA,"unknown genome; accession ID isNZ_AP028032.1",1,6.79595934004711e-08,1,6.80027358764128e-08
2979868,"Neopusillimonas aromaticivorans",1,6.79595934004711e-08,1.6,1.08751602777126e-07
505341,"Gallibacterium salpingitidis",1,6.79595934004711e-08,1.2,8.02797100560385e-08
114528,"Mogibacterium neglectum",1,6.79595934004711e-08,1,6.93381310347158e-08
445930,"Trueperella abortisuis",1,6.79595934004711e-08,1,6.79596580596217e-08
3030997,"Enterobacter chinensis",1,6.79595934004711e-08,0.8,5.65574585615973e-08
264739,"Marinomonas pontica",1,6.79595934004711e-08,1,6.79596580596217e-08
2703794,"Serratia nevei",1,6.79595934004711e-08,1,6.89640927825586e-08
1870988,"Pseudoflavonifractor phocaeensis",1,6.79595934004711e-08,1,6.80129413983257e-08
78448,"Bifidobacterium pullorum",1,6.79595934004711e-08,1,6.80102807363998e-08
419007,"Tatumella terrea",1,6.79595934004711e-08,1,6.79596580596217e-08
66882,"Streptomyces cuspidosporus",1,6.79595934004711e-08,1,6.79597305714372e-08
427369,"Streptomonospora halophila",1,6.79595934004711e-08,1.1,7.31865839890314e-08
3133091,"unknown genome; accession ID isNZ_JBBMER010000001.1",1,6.79595934004711e-08,1,6.8016645454232e-08
3133091,"unknown genome; accession ID isNZ_JBBMER010000007.1",1,6.79595934004711e-08,1,6.79596580596217e-08
3228789,"Oryzisolibacter sp. LB2S",1,6.79595934004711e-08,1,6.88261155260407e-08
86667,"Jeotgalibacillus marinus",1,6.79595934004711e-08,1,6.80247848353983e-08
46190,"Streptosporangium vulgare",1,6.79595934004711e-08,1,6.79596684146261e-08
1522057,"Micromonospora zhanjiangensis",1,6.79595934004711e-08,1,6.79596580596217e-08
1585982,"Citrobacter bitternis",1,6.79595934004711e-08,1,6.98520080913013e-08
2665155,"Streptomyces flavalbus",1,6.79595934004711e-08,1,6.79596786822582e-08
1134781,"Methylopila musalis",1,6.79595934004711e-08,1.2,8.01763533464624e-08
381829,"Pediococcus siamensis",1,6.79595934004711e-08,1.1,7.18460466715983e-08
176160,"Aspergillus ambiguus",1,6.79595934004711e-08,1,6.65482415896455e-08
33936,"Aeribacillus pallidus",1,6.79595934004711e-08,0.1,9.70852257994596e-09
NA,"unknown genome; accession ID isNZ_DAWEQI010000079.1",1,6.79595934004711e-08,1,6.81111036529134e-08
5849,"Plasmodium gallinaceum",1,6.79595934004711e-08,1,6.81347463887976e-08
1720200,"Anaerotruncus rubiinfantis",1,6.79595934004711e-08,1.1,7.50197586170162e-08
1841857,"Culturomica massiliensis",1,6.79595934004711e-08,1,6.84790527145852e-08
1619234,"Anaerobium acetethylicum",1,6.79595934004711e-08,1,6.87228111268369e-08
174587,"Carnobacterium viridans",1,6.79595934004711e-08,1,6.79970560916182e-08
28052,"Lachnospira pectinoschiza",1,6.79595934004711e-08,1,6.79596889774704e-08
131110,"Schaalia radingae",1,6.79595934004711e-08,1,6.79597306894657e-08
1907658,"Bacteroides ilei",1,6.79595934004711e-08,1.1,7.26556171612941e-08
1121025,"Atopostipes suicloacalis",1,6.79595934004711e-08,1.3,8.84423776709664e-08
NA,"unknown genome; accession ID isNZ_LT706985.1",1,6.79595934004711e-08,1.2,8.25071214388427e-08
1870987,"Collinsella vaginalis",1,6.79595934004711e-08,1,6.79855992703697e-08
1836972,"Frankia canadensis",1,6.79595934004711e-08,1.2,8.28468807783715e-08
1208188,"Mesorhizobium carmichaelinearum",1,6.79595934004711e-08,1,6.7959658148002e-08
1938870,"Candidatus Pantoea floridensis",1,6.79595934004711e-08,1,6.79596581337885e-08
881260,"Enterobacter bugandensis",1,6.79595934004711e-08,1,7.0333638926917e-08
313439,"Streptococcus massiliensis",1,6.79595934004711e-08,1,7.01854347367259e-08
1338,"Streptococcus intermedius",1,6.79595934004711e-08,1.1,7.50136913537277e-08
NA,"unknown genome; accession ID isNZ_LR027382.1",1,6.79595934004711e-08,1,6.80385069157173e-08
1329,"Streptococcus canis",1,6.79595934004711e-08,1.5,1.02082720161508e-07
33033,"Parvimonas micra",1,6.79595934004711e-08,1,6.80825098863559e-08
535290,"Legionella nagasakiensis",1,6.79595934004711e-08,2,1.34587296635555e-07
NA,"unknown genome; accession ID isNZ_CABKTQ010000015.1",1,6.79595934004711e-08,0.1,9.70852257994596e-09
546,"Citrobacter freundii",1,6.79595934004711e-08,1,6.85969448124947e-08
221992,"Cupriavidus numazuensis",1,6.79595934004711e-08,0.1,8.49495725745271e-09
NA,"unknown genome; accession ID isNZ_CAJYCN010000015.1",1,6.79595934004711e-08,1,6.82100890633722e-08
195930,"Cupriavidus respiraculi",1,6.79595934004711e-08,0.1,8.49495725745271e-09
2941517,"Hominisplanchenecus murintestinalis",1,6.79595934004711e-08,1,6.79597592609917e-08
2941326,"Alistipes muris",1,6.79595934004711e-08,1.1,7.1861133496914e-08
1704076,"Levilactobacillus cerevisiae",1,6.79595934004711e-08,1.2,8.35489660001349e-08
