"TaxonomyID","Genome","read_count","Proportion","readsEM","EMProportion"
291644,"Bacteroides salyersiae",2243444,0.156024055914409,2243409,0.15602190155222
411470,"Mediterraneibacter gnavus",2056177,0.143000259965446,2054615.5,0.142891923792164
214851,"Subdoligranulum variabile",1716286,0.119361973300478,1717082.1,0.11941755857796
330879,"Aspergillus fumigatus",1243671,0.0864931746204178,1243670.4,0.0864932906438891
3133156,"Faecalibacterium tardum",952622,0.0662516863328417,912838.3,0.0634849749469993
40519,"Ruminococcus callidus",444068,0.0308834499375958,444076.8,0.030884120478594
411459,"Blautia obeum",432245,0.0300611996772478,432299.6,0.0300650526172553
5068,"Aspergillus tubingensis",399486,0.0277829203675347,399434.7,0.0277794015885874
2981779,"Anaerostipes amylophilus",354488,0.0246534593834243,354041.8,0.0246224735005329
1125630,"Klebsiella pneumoniae",316494,0.0220111032647014,312734.1,0.0217496510742461
1108849,"Penicillium rubens",263520,0.0183269380535306,263429.3,0.0183206667155282
46503,"Parabacteroides merdae",246770,0.0171620313580364,247604.1,0.0172200703375898
626937,"Christensenella minuta",217360,0.0151166638407537,216995.8,0.0150913645615852
435590,"Phocaeicola vulgatus",217074,0.0150967734935948,215122.3,0.0149610676701515
1150298,"Fusicatenibacter saccharivorans",200244,0.0139263030646296,199817.6,0.0138966733672185
621,"Shigella boydii",160941,0.0111929103569872,156097.1,0.0108560498683118
411485,"Faecalibacterium prausnitzii",158529,0.0110251637928361,197139.2,0.0137103963623314
1169293,"Enterococcus faecalis",146539,0.0101912992388674,146539,0.0101913174736748
99287,"Salmonella enterica",127163,0.00884376299218699,127143.7,0.00884243880093443
1033731,"Alistipes timonensis",113147,0.00786899688806478,113145.6,0.0078689170519047
347253,"Streptococcus salivarius",109949,0.00764658664256086,109935.8,0.00764568447031323
239935,"Akkermansia muciniphila",104775,0.00728675218032283,104775,0.00728676516351285
3028070,"Claveliimonas bilis",95137,0.00661646139040203,95487.4,0.00664083940953878
1196081,"Talaromyces amestolkiae",82287,0.00572278670161989,82286.4,0.00572275579171581
585394,"Roseburia hominis",80736,0.00561491981895055,78237.6,0.00544117386189707
371601,"Bacteroides xylanisolvens",76071,0.00529048461092186,73721.2,0.00512707645190402
36656,"Penicillium crustosum",67508,0.00469495648951786,67598.5,0.0047012610727856
3133155,"Faecalibacterium intestinale",67480,0.004693009182803,69576.7,0.00483883589196584
88431,"Dorea longicatena",66639,0.00463452043468893,65989.1,0.00458932919406332
3133180,"Enterobacter intestinihominis",61402,0.00427030453234247,60059,0.00417691382126988
39483,"Faecalitalea cylindroides",61362,0.00426752266560696,61111.7,0.00425012525007677
28118,"Odoribacter splanchnicus",60785,0.00422739423794725,61664.9,0.00428859862689639
823,"Parabacteroides distasonis",54768,0.00380893193425837,55391.7,0.00385231248811363
858893,"Exophiala dermatitidis",54403,0.00378354740029685,54403,0.00378355419759383
1496,"Clostridioides difficile",51373,0.00357282099508208,51364.7,0.00357224900900364
1121129,"Butyricimonas synergistica",50167,0.00348894771300649,50123.4,0.00348591852591334
187327,"Acidaminococcus intestini",48958,0.00340486579092575,48785.9,0.00339290355537499
555970,"Bifidobacterium animalis",44858,0.00311972445053611,44858.3,0.00311974809869329
89153,"[Clostridium] hylemonae",44841,0.00311854215717352,44776.9,0.00311408748501275
39491,"Agathobacter rectalis",38542,0.00268046769299931,37675.6,0.00262021960646242
1121115,"Blautia wexlerae",37188,0.00258630150400234,32301.6,0.00224646983534616
2026240,"Klebsiella quasivariicola",29783,0.00207130842459131,34667.3,0.00241100242059922
5478,"Nakaseomyces glabratus",28616,0.00199014746258285,28616,0.00199015106010022
1712515,"Butyricicoccus faecihominis",28064,0.00195175770163283,28131.1,0.00195642713234055
592978,"Mediterraneibacter faecis",26835,0.00186628484618433,26847.7,0.00186717136588182
2763065,"Ruminococcus hominis",26683,0.0018557137525894,22850.1,0.00158915082993286
1280689,"Clostridium paraputrificum",26032,0.00181043887146899,26040.1,0.00181100270023973
411483,"Faecalibacterium duncaniae",23190,0.00161278723991111,21978.5,0.00152853601139831
2981783,"Blautia acetigignens",17917,0.00124606765750269,14958.9,0.00104034067204174
536633,"Blautia glucerasea",17701,0.00123104557713094,16758.9,0.00116553071298532
386585,"Escherichia coli",17637,0.00122659459035413,16864.6,0.00117287603775615
1448317,"Aspergillus costaricensis",16522,0.00114905005510183,14086.2,0.000979649160653531
116085,"Coprococcus catus",15677,0.00109028312031421,18721.8,0.00130204177326307
3030638,"Faecalibacterium taiwanense",15402,0.00107115778650758,13238.1,0.00092066437055818
742726,"Barnesiella intestinihominis",15391,0.00107039277315532,15166.8,0.00105479926401704
357276,"Phocaeicola dorei",15105,0.00105050242599643,15167.6,0.00105485639052454
1750560,"Parabacteroides massiliensis",15069,0.00104799874593448,15133,0.00105245101761119
649756,"Anaerostipes hadrus",14073,0.000978730264220312,14207.5,0.00098808748527882
622,"Shigella dysenteriae",13365,0.000929491223001809,17366.6,0.00120779391306136
2941333,"Mediterraneibacter agrestimuris",12931,0.000899307968921541,12948.7,0.000900542943192448
1134687,"Klebsiella michiganensis",12724,0.000884911808565284,12536.3,0.000871860370260933
2447885,"Bacteroides faecalis",12484,0.000868220608152233,12233.8,0.000850819684942704
290338,"Citrobacter koseri",12220,0.000849860287697876,12253.6,0.000852201383457225
1851428,"Faecalibacterium longum",12094,0.000841097407481024,12095.7,0.00084121828513321
2763028,"Blautia intestinalis",11277,0.000784277779408261,11520,0.000801176508854795
1870993,"Coprococcus phoceensis",11133,0.00077426305916043,11130.4,0.000774086279654412
2763025,"Bacteroides parvus",10500,0.000730240018071006,9960,0.000692687642621777
3133152,"Blautia intestinihominis",10123,0.000704020924088838,11995.1,0.000834219759592013
508771,"Toxoplasma gondii",10109,0.00070304727073141,10096.7,0.000702191903436482
2763017,"Anaerosacchariphilus hominis",9772,0.00067961004348475,10018.9,0.000696780981908628
550,"Enterobacter cloacae",9462,0.000658050576284558,9434.6,0.000656149499705497
2834112,"Bacteroides propionicigenes",9239,0.000642541669234098,9337.9,0.000649418929221527
3133153,"Blautia aquisgranensis",8665,0.00060262188157955,10203.2,0.000709599884091058
2764325,"[Eubacterium] hominis",8582,0.000596849508103369,8985.4,0.000624906296317871
2585117,"Alistipes onderdonkii",7783,0.000541281720061585,7784.6,0.000541396114607012
1851427,"Faecalibacterium butyricigenerans",7681,0.000534187959886038,7898.1,0.000549285831984385
2929491,"Faecalibacterium wellingii",7358,0.000511724385996806,8069.4,0.000561203224360866
2994035,"Sellimonas catena",6981,0.000485505292014638,7405.6,0.000515036496782096
1522,"[Clostridium] innocuum",6671,0.000463945824814446,7334.1,0.000510066045523664
471875,"[Ruminococcus] lactaris",6283,0.000436961717480013,6794.2,0.000472511410987451
818,"Bacteroides thetaiotaomicron",6182,0.000429937503972853,5883.7,0.00040919148047573
2881264,"Blautia fusiformis",5919,0.000411646730186884,6559.6,0.000456196533416206
2949333,"Ohessyouella blattaphilus",5893,0.000409838516808804,5893.1,0.000409847942986618
3435293,"Faecalibacterium langellae",5677,0.000394816436437057,6246.2,0.000434406634892965
537006,"Parabacteroides johnsonii",5639,0.000392173663038324,5790.5,0.00040270754354514
1343,"Streptococcus vestibularis",5637,0.000392034569701549,5659.1,0.000393572672437015
2935520,"Faecalibacterium hattorii",5634,0.000391825929696386,6625.4,0.000460775084691841
1463165,"Klebsiella quasipneumoniae",5618,0.000390713183002182,5984.8,0.000416221902583424
871664,"Blautia stercoris",5614,0.000390434996328631,5747.8,0.00039973911873099
1972431,"Phytobacter ursingii",5465,0.000380072542738862,4730.6,0.000328998644901595
2981789,"Dorea amylophila",5281,0.000367275955755522,5788.4,0.000402567677817698
1502,"Clostridium perfringens",5200,0.000361642675616117,5199.7,0.000361624132727829
1448310,"Aspergillus neoniger",5151,0.000358234888865119,5373.8,0.000373727447798446
2093856,"Butyricimonas faecalis",5096,0.000354409822103795,5080.3,0.000353317072353855
2949662,"Coprococcus sp. B2-R-112",4998,0.000347594248601799,5100.2,0.000354700083765456
2981792,"Oscillibacter acetigenes",4982,0.000346481501907596,5020.4,0.000349154980997348
39490,"Eubacterium ramulus",4930,0.000342865075151434,5621,0.00039092289500326
671267,"Phocaeicola sartorii",4896,0.000340500488426252,4959.3,0.000344901560671117
2981772,"Muricoprocola aceti",4876,0.000339109555058498,4873.7,0.000338953427070881
575,"Raoultella planticola",4785,0.000332780808235216,4932,0.000343003804889441
198214,"Shigella flexneri",4743,0.000329859848162932,5202.9,0.000361844368329369
2899544,"Intestinirhabdus alba",4528,0.000314907314459573,4437.7,0.000308627719744598
997873,"Bacteroides caccae",4499,0.000312890461076329,4733.1,0.000329171349086808
2666183,"Pseudomonas juntendi",4484,0.000311847261050514,4480.1,0.000311576701389247
5480,"Candida parapsilosis",4325,0.000300789340776867,4325,0.000300789884669161
3053355,"Streptococcus raffinosi",4066,0.000282776753664449,4057.6,0.00028219101839885
2041044,"Eubacterium maltosivorans",3971,0.000276169820167616,3834.9,0.000266707076722614
1448311,"Aspergillus vadensis",3837,0.000266850566603662,4767.8,0.000331582200569686
154288,"Turicibacter sanguinis",3750,0.000260800006453931,3750,0.000260800477288487
3034501,"Enterococcus spodopteracolus",3592,0.000249811632848672,3528.8,0.000245414004263646
3133154,"Coprococcus intestinihominis",3582,0.000249116166164795,4187.6,0.000291234486916558
1871013,"Parabacteroides timonensis",3563,0.000247794779465428,3571.8,0.000248409339529881
1448314,"Aspergillus eucalypticola",3524,0.000245082459398307,4041.1,0.000281046332491786
1720300,"Mediterraneibacter massiliensis",3456,0.000240353285947943,3492.3,0.000242881142078974
1653435,"Merdimonas faecis",3441,0.000239310085922127,3212.6,0.000223424775602151
2763673,"Yanshouia hominis",3413,0.000237362779207271,3370.4,0.000234400500489844
3133157,"Faecalibacterium faecis",3400,0.000236458672518231,4753.4,0.00033058443040586
1628085,"Agathobaculum butyriciproducens",3387,0.00023555456582919,3425.8,0.000238251704121778
2763064,"Roseburia zhanii",3348,0.000232842245762069,3627.5,0.000252284321402825
471870,"Bacteroides intestinalis",3346,0.000232703152425294,3226.7,0.000224403799328856
2764597,"Romboutsia faecis",3294,0.000229086725669133,3294,0.000229088749607697
580166,"Oceanibaculum pacificum",3252,0.000226165765596849,3181.5,0.000221265315412302
2885348,"Hominifimenecus microfluidus",3187,0.000221645232151647,3580.8,0.000249031020589782
3133164,"Hominiventricola aquisgranensis",3108,0.000216151045349018,3175.2,0.000220826381021381
997894,"Enterocloster bolteae",3083,0.000214412378639325,3019.9,0.000210021881778601
2494701,"Enterobacter chengduensis",2988,0.000207805445142492,3077,0.000213998036222498
2763057,"Parabacteroides hominis",2978,0.000207109978458615,3053.8,0.000212379252448972
3133162,"Ruminococcoides intestinale",2970,0.000206553605111513,2949.4,0.000205123930094825
564,"Escherichia fergusonii",2959,0.000205788591759248,3143.3,0.000218603993048087
1589,"Lactiplantibacillus pentosus",2939,0.000204397658391494,2939,0.000204397979120557
2590157,"Klebsiella variicola",2834,0.000197095258210784,2984.6,0.000207565990222326
2739389,"Phocaeicola faecicola",2794,0.000194313391475275,2920.4,0.000203101154950782
536231,"Roseburia intestinalis",2794,0.000194313391475275,3377.5,0.000234895500473903
1681,"Bifidobacterium bifidum",2780,0.000193339738117847,2779.8,0.000193329265449244
47715,"Lacticaseibacillus rhamnosus",2778,0.000193200644781072,2778,0.000193200982221306
563192,"Bilophila wadsworthia",2726,0.000189584218024911,2725.6,0.000189553294111573
272559,"Bacteroides fragilis",2650,0.000184298671227444,2582,0.000179571488836136
2949650,"Parabacteroides sp. W1-Q-101",2606,0.000181238617818385,2601.3,0.000180914743411423
483215,"Bacteroides finegoldii",2563,0.000178248111077713,2892.6,0.000201173503950837
1069201,"Aspergillus luchuensis",2559,0.000177969924404162,3366.2,0.000234107209238471
357441,"Enterococcus lactis",2551,0.000177413551057061,2530.2,0.00017596407350037
44742,"Desulfovibrio fairfieldensis",2397,0.000166703364125353,2397.3,0.000166725567982327
472694,"Pantoea brenneri",2297,0.000159748697286581,2241,0.000155854866650505
624,"Shigella sonnei",2261,0.000157245017224623,2272.7,0.000158059400613581
2981785,"Coprococcus ammoniilyticus",2111,0.000146813016966466,2147.1,0.000149326039479644
1639133,"Citrobacter portucalensis",2050,0.000142570670194816,1921.3,0.000133623619019379
2763027,"Blautia difficilis",2015,0.000140136536801246,2445.6,0.000170083575255557
84112,"Eggerthella lenta",1971,0.000137076483392186,1983.6,0.000137956481128467
331117,"Aspergillus fischeri",1949,0.000135546456687656,1674.3,0.000116443786016124
3140788,"Streptococcus nidrosiense",1929,0.000134155523319902,1830.5,0.000127305565186164
2885351,"Hominisplanchenecus faecis",1885,0.000131095469910843,2018.5,0.000140379060160598
745368,"Gemmiger formicilis",1865,0.000129704536543088,1695.9,0.000117943005725786
3078042,"Pilosibacter fragilis",1804,0.000125462189771438,1751.7,0.000121828254980221
760570,"Streptococcus parasanguinis",1765,0.000122749869704317,1635.2,0.000113724109996485
565,"Atlantibacter hermannii",1747,0.000121498029673338,2022.6,0.000140662328770844
2763675,"Jilunia laotingensis",1693,0.000117742509580401,2639.5,0.000183567425270612
310298,"Phocaeicola coprocola",1675,0.000116490669549422,1674.8,0.000116476912175764
2981781,"Barnesiella propionica",1666,0.000115864749533933,1666,0.00011586489561584
246787,"Bacteroides cellulosilyticus",1664,0.000115725656197158,1800.9,0.00012524663130335
225992,"Comamonas kerstersii",1660,0.000115447469523607,1659.9,0.000115438245041603
565655,"Enterococcus casseliflavus",1644,0.000114334722829403,1643.5,0.000114303430830141
2939491,"Parabacteroides leei",1640,0.000114056536155852,1626.5,0.000113120314117767
2605778,"Clostridium porci",1619,0.00011259605611971,1624.2,0.000112959709206599
3133158,"Lachnospira intestinalis",1617,0.000112456962782935,1883.9,0.000131022488174402
3133163,"Ruthenibacterium intestinale",1606,0.00011169194943067,1631.3,0.000113454456992576
192222,"Campylobacter jejuni",1569,0.000109118722700325,1569,0.000109118559215599
2943490,"Corynebacterium stercoris",1528,0.000106267309296428,1528,0.000106267501450746
428126,"Thomasclavelia spiroformis",1525,0.000106058669291265,1523.7,0.000105970080660827
1499973,"Escherichia marmotae",1466,0.00010195541585639,1433.3,9.96817360751278e-05
2881276,"Fusicatenibacter faecihominis",1432,9.95908291312077e-05,1674.9,0.000116482090110133
1624,"Ligilactobacillus salivarius",1423,9.89649091157183e-05,1424.5,9.90667979443479e-05
53346,"Enterococcus mundtii",1385,9.63221357169851e-05,1410,9.80595733687306e-05
3014267,"Agathobaculum massiliense",1371,9.53484823595571e-05,1929.9,0.000134217443291921
3030999,"Enterobacter rongchengensis",1362,9.47225623440677e-05,1326.2,9.22312267088379e-05
2003188,"Parolsenella catena",1312,9.12452289246819e-05,1311.9,9.12418270873361e-05
1121098,"Phocaeicola massiliensis",1308,9.09670422511311e-05,1365.2,9.49439186059679e-05
437897,"Megamonas funiformis",1307,9.08974955827434e-05,1304.8,9.07455367126498e-05
449673,"Bacteroides stercoris",1290,8.97152022201522e-05,1225.4,8.52239949670756e-05
1121114,"Blautia producta",1282,8.91588288730505e-05,1272.9,8.8526720905747e-05
33945,"Enterococcus avium",1235,8.58901354588279e-05,1288.5,8.96129977723656e-05
3036443,"Streptococcus sp. ST2",1181,8.21346153658913e-05,1269,8.82514103242799e-05
470146,"Coprococcus comes",1166,8.10914153400756e-05,1349.6,9.38604689946511e-05
1912897,"Blautia argi",1155,8.03264019878107e-05,1222.3,8.50061340122291e-05
2946555,"Akkermansia biwaensis",1150,7.99786686458721e-05,1146.3,7.97217188871599e-05
208962,"Escherichia albertii",1143,7.94918419671581e-05,1163.1,8.08887272575456e-05
2740516,"Pseudomonas ceruminis",1140,7.9283201961995e-05,1033.6,7.18851401546658e-05
2927224,"Akkermansia massiliensis",1134,7.88659219516687e-05,1137.4,7.91053858602235e-05
1650663,"Allofournierella massiliensis",1133,7.8796375283281e-05,1149.2,7.99231740699736e-05
2763672,"Simiaoa sunii",1125,7.82400019361793e-05,1217.7,8.46869615950919e-05
2497875,"Enterobacter chuandaensis",1103,7.67099752316495e-05,1132.8,7.87835963981956e-05
1796635,"Longicatena caecimuris",1088,7.56667752058338e-05,1045.5,7.27125857060889e-05
1217282,"Parabacteroides faecis",1077,7.49017618535689e-05,1157.4,8.04922429005981e-05
2763023,"Bacteroides hominis",1041,7.23980817916112e-05,1059.4,7.36779371435408e-05
89014,"Blautia luti",1030,7.16330684393463e-05,1052.1,7.31669007240429e-05
328812,"Parabacteroides goldsteinii",987,6.86425616986746e-05,1031,7.17034041593176e-05
742742,"Collinsella tanakaei",981,6.82252816883483e-05,980.2,6.81707192815896e-05
2981769,"Waltera acetigignens",973,6.76689083412466e-05,1021.8,7.10615305893508e-05
2650157,"Bacteroides zhangwenhongii",962,6.69038949889817e-05,1034,7.19103110451376e-05
2838470,"Candidatus Bacteroides intestinigallinarum",961,6.6834348320594e-05,1013.4,7.04755431132404e-05
2903556,"Faecalibacterium gallinarum",959,6.66952549838186e-05,1068.4,7.43057034504183e-05
293939,"Aspergillus lentulus",958,6.66257083154309e-05,1229.4,8.55019270840863e-05
76759,"Pseudomonas monteilii",937,6.51652282792889e-05,995.4,6.92298910436444e-05
158836,"Enterobacter hormaechei",923,6.41915749218608e-05,1005.2,6.9910804168516e-05
2981786,"Coprococcus aceti",904,6.28701882224943e-05,1042.1,7.24730710280641e-05
1234680,"Streptococcus rubneri",885,6.15488015231277e-05,914.2,6.35776334105541e-05
28116,"Bacteroides ovatus",884,6.147925485474e-05,871,6.05760392596116e-05
102862,"Proteus penneri",882,6.13401615179645e-05,663.4,4.61405051016662e-05
2714353,"Vescimonas fastidiosa",880,6.12010681811891e-05,931.6,6.47902184667767e-05
570012,"Shimwellia pseudoproteus",872,6.06446948340874e-05,1246.1,8.66622808663335e-05
2685834,"Parabacteroides chongii",872,6.06446948340874e-05,886,6.16215824188058e-05
1839807,"Rappaport israeli",849,5.90451214611699e-05,849,5.90457472342148e-05
1211819,"Holdemania massiliensis",848,5.89755747927822e-05,843.6,5.86722074803867e-05
342942,"Mediterraneibacter glycyrrhizinilyticus",840,5.84192014456805e-05,768.6,5.3452432165776e-05
1448313,"Aspergillus piperis",838,5.82801081089051e-05,850,5.91139523814967e-05
39486,"Dorea formicigenerans",832,5.78628280985788e-05,939.9,6.53700748523951e-05
1177179,"Alcanivorax hongdengensis",815,5.66805347359876e-05,733.6,5.1017962937302e-05
2364647,"Pantoea piersonii",802,5.57764280469473e-05,801.3,5.57296218194974e-05
2981780,"Bacteroides cellulolyticus",778,5.41073080056422e-05,825.2,5.73887509449113e-05
39488,"Anaerobutyricum hallii",766,5.32727479849896e-05,818,5.6888641216669e-05
2058152,"Klebsiella grimontii",760,5.28554679746633e-05,766.8,5.33310884397578e-05
1308,"Streptococcus thermophilus",751,5.22295479591739e-05,752.1,5.23080562768736e-05
2606633,"Oliverpabstia intestinalis",749,5.20904546223984e-05,745,5.18150091886634e-05
568814,"Streptococcus suis",748,5.20209079540107e-05,692.6,4.81655193313251e-05
2509240,"Blautia faecicola",746,5.18818146172353e-05,786.9,5.47236917861156e-05
1297617,"Intestinimonas butyriciproducens",741,5.15340812752967e-05,719.9,5.0067382085001e-05
28039,"Lactobacillus leichmannii",731,5.08386145914196e-05,729,5.0697583398152e-05
208224,"Enterobacter kobei",729,5.06995212546442e-05,735.3,5.11360796436634e-05
742817,"Odoribacter laneus",727,5.05604279178687e-05,780.3,5.42701470752899e-05
301302,"Roseburia faecis",724,5.03517879127056e-05,812.7,5.65196073837505e-05
1936995,"Parabacteroides bouchesdurhonensis",719,5.0004054570767e-05,807.4,5.61500622058464e-05
2819619,"Streptococcus toyakuensis",716,4.97954145656039e-05,594,4.13129658062275e-05
1703332,"Butyribacter intestini",709,4.93085878868899e-05,711.4,4.94741084113259e-05
1095768,"Phytobacter massiliensis",708,4.92390412185021e-05,714.4,4.96811682547108e-05
674529,"Bacteroides faecis",701,4.87522145397881e-05,746.6,5.1924654634048e-05
1360,"Lactococcus lactis",696,4.84044811978496e-05,696,4.8401235225609e-05
180164,"Blautia schinkii",694,4.82653878610741e-05,756.6,5.2615746308424e-05
65700,"Erwinia tracheiphila",688,4.78481078507478e-05,627,4.36065398741349e-05
100884,"Coprobacillus cateniformis",684,4.7569921177197e-05,748.5,5.20589077004359e-05
1796615,"Blautia caecimuris",675,4.69440011617075e-05,690.8,4.8040085387148e-05
1640685,"Enterococcus massiliensis",673,4.68049078249321e-05,676.9,4.70743860875106e-05
2763040,"Dorea hominis",672,4.67353611565444e-05,765.3,5.3227391707371e-05
2949651,"Parabacteroides sp. TA-V-105",672,4.67353611565444e-05,699,4.86104702252164e-05
1940789,"Lactococcus petauri",670,4.6596267819769e-05,669.9,4.65881164765252e-05
2944914,"Allocoprobacillus halotolerans",665,4.62485344778304e-05,661.7,4.60162664249036e-05
29466,"Veillonella parvula",661,4.59703478042795e-05,661,4.59704230272335e-05
1529,"Clostridium cadaveris",613,4.26321077216692e-05,591.9,4.11630993604375e-05
518635,"Bifidobacterium angulatum",608,4.22843743797307e-05,605.6,4.21168784860531e-05
61648,"Kluyvera intermedia",603,4.19366410377921e-05,617,4.29110573229029e-05
82993,"Buttiauxella warmboldiae",596,4.14498143590781e-05,659.2,4.58472655020803e-05
1816676,"Alistipes provencensis",593,4.12411743539149e-05,617.8,4.29640731446426e-05
476272,"Blautia hydrogenotrophica",591,4.11020810171395e-05,586.8,4.08122607295495e-05
871327,"Parabacteroides chinchillae",590,4.10325343487518e-05,636.5,4.42651060234611e-05
548,"Klebsiella aerogenes",585,4.06848010068132e-05,583.3,4.05657690671349e-05
1660341,"Peptoniphilus catoniae",578,4.01979743280992e-05,514.9,3.58103187912454e-05
67826,"Citrobacter sedlakii",570,3.96416009809975e-05,655.4,4.55779651107305e-05
1440762,"Dyella japonica",556,3.86679476235695e-05,556,3.86681401431591e-05
3117552,"Bacteroides maternus",554,3.85288542867941e-05,543.9,3.78274647692699e-05
2024197,"Bacteroides cutis",553,3.84593076184063e-05,663.3,4.61275276580938e-05
626929,"Bacteroides clarus",545,3.79029342713046e-05,566.9,3.94239251107679e-05
5076,"Penicillium chrysogenum",539,3.74856542609783e-05,539,3.74873873436631e-05
3064195,"Brotocaccenecus cirricatena",534,3.71379209190398e-05,836.2,5.81524548906221e-05
2653932,"Citrobacter telavivensis",533,3.7068374250652e-05,533.7,3.71158698604562e-05
546275,"Fusobacterium periodonticum",530,3.68597342454889e-05,510.7,3.55172098747047e-05
301,"Ectopseudomonas oleovorans",524,3.64424542351626e-05,628,4.36767952945154e-05
871665,"Blautia faecis",520,3.61642675616117e-05,564.4,3.92549742749465e-05
879566,"Acetatifactor muris",519,3.6094720893224e-05,487.3,3.38896944427423e-05
113107,"Streptococcus australis",514,3.57469875512855e-05,489.7,3.40586968393295e-05
93061,"Staphylococcus aureus",507,3.52601608725714e-05,507,3.52597388189249e-05
2498453,"Geminicoccus harenae",507,3.52601608725714e-05,580.3,4.03590746725476e-05
626940,"Phascolarctobacterium succinatutens",506,3.51906142041837e-05,507.5,3.52971432176924e-05
645466,"Anaerostipes butyraticus",500,3.47733341938574e-05,489.3,3.40283652911465e-05
3133172,"Alistipes intestinihominis",500,3.47733341938574e-05,495.4,3.44529976063741e-05
3136601,"Owariibacterium komagatae",484,3.3660587499654e-05,634.6,4.41340954826559e-05
2981770,"Gallintestinimicrobium propionicum",482,3.35214941628786e-05,488.3,3.39602704856148e-05
29391,"Gemella morbillorum",479,3.33128541577154e-05,479.9,3.33735577685359e-05
1352,"Enterococcus faecium",472,3.28260274790014e-05,490,3.40767797510987e-05
1121096,"Bacteroides gallinarum",462,3.21305607951243e-05,476,3.31057052368917e-05
693979,"Bacteroides helcogenes",461,3.20610141267366e-05,452.4,3.14640646737628e-05
2981782,"Blautia ammoniilytica",458,3.18523741215734e-05,467.4,3.25066078065809e-05
2489010,"Klebsiella africana",454,3.15741874480226e-05,469.3,3.2638052682887e-05
2981788,"Dorea ammoniilytica",454,3.15741874480226e-05,451.7,3.14176933060713e-05
684066,"Streptococcus lactarius",443,3.08091740957577e-05,465.3,3.23599873671509e-05
379893,"Trabulsiella odontotermitis",443,3.08091740957577e-05,858.2,5.96833443522372e-05
2364791,"Enterococcus mediterraneensis",433,3.01137074118805e-05,433.8,3.01683248305152e-05
150056,"Mammaliicoccus fleurettii",431,2.99746140751051e-05,501.5,3.48747193808743e-05
546367,"Hafnia paralvei",427,2.96964274015543e-05,471.6,3.27964459366351e-05
2715212,"Bacteroides faecium",424,2.94877873963911e-05,414.3,2.88103755322977e-05
1870991,"Massilioclostridium coli",420,2.92096007228403e-05,429.7,2.9885743128158e-05
271096,"Shewanella canadensis",418,2.90705073860648e-05,453.3,3.15253890481635e-05
2762213,"Phocaeicola faecium",413,2.87227740441262e-05,487.4,3.38967393052193e-05
213810,"Ruminococcus champanellensis",409,2.84445873705754e-05,409,2.84459849999556e-05
2589788,"Streptococcus xiaochunlingii",406,2.82359473654122e-05,464.7,3.23192597683116e-05
1871006,"Bacteroides congonensis",403,2.80273073602491e-05,446.2,3.10323936357825e-05
1120978,"Allofustis seminis",402,2.79577606918614e-05,397.7,2.76588939281006e-05
450799,"Catenulispora yoronensis",397,2.76100273499228e-05,399.5,2.77859622999972e-05
717959,"Alistipes shahii",396,2.75404806815351e-05,393.4,2.73617805696693e-05
1121275,"Chitinilyticum aquatile",395,2.74709340131474e-05,438,3.0461218678173e-05
2714358,"Pusillibacter faecalis",391,2.71927473395965e-05,361.2,2.51212163806053e-05
1841855,"Bacteroides bouchesdurhonensis",390,2.71232006712088e-05,470.5,3.2724961315435e-05
76859,"Fusobacterium animalis",387,2.69145606660457e-05,409,2.84440720200512e-05
2941327,"Flintibacter muris",385,2.67754673292702e-05,402.8,2.80114108323479e-05
622312,"Roseburia inulinivorans",373,2.59409073086177e-05,411,2.85820235397557e-05
2608867,"Escherichia ruysiae",368,2.55931739666791e-05,373.2,2.59525747965859e-05
5851,"Plasmodium knowlesi",366,2.54540806299037e-05,367.6,2.55620481982785e-05
2885352,"Hominiventricola filiformis",366,2.54540806299037e-05,380.2,2.64402010346884e-05
1776384,"Emergencia timonensis",362,2.51758939563528e-05,389.8,2.71082879723872e-05
189426,"Paenibacillus odorifer",354,2.46195206092511e-05,354,2.4619546194257e-05
2894201,"Citrobacter meridianamericanus",354,2.46195206092511e-05,463.9,3.22639409873229e-05
2126740,"Clostridium fessum",353,2.45499739408634e-05,379.7,2.64066181028344e-05
565042,"Bifidobacterium longum",352,2.44804272724756e-05,352.1,2.44841306907248e-05
889204,"Streptococcus infantis",347,2.41326939305371e-05,379.4,2.63837389127864e-05
505317,"Chelonobacter oris",347,2.41326939305371e-05,343.8,2.3908532785585e-05
2786956,"Phocaeicola faecalis",342,2.37849605885985e-05,397.8,2.76651348650501e-05
2093857,"Dysosmobacter welbionis",334,2.32285872414968e-05,348.7,2.42492088938778e-05
188913,"Cetobacterium somerae",333,2.31590405731091e-05,333,2.31590538494679e-05
2316025,"Mediterraneibacter butyricigenes",328,2.28113072311705e-05,329.5,2.2915696910866e-05
2763045,"Eubacterium segne",326,2.26722138943951e-05,323,2.24667512478143e-05
290055,"Faecalicatena fissicatena",325,2.26026672260073e-05,390.4,2.71488831087927e-05
169435,"Anaerotruncus colihominis",322,2.23940272208442e-05,327.6,2.27854138268016e-05
908627,"Caballeronia mineralivorans",320,2.22549338840688e-05,320.4,2.22817969104533e-05
387090,"Phocaeicola coprophilus",319,2.21853872156811e-05,329.3,2.29039620302541e-05
45133,"Lasiodiplodia theobromae",318,2.21158405472933e-05,307.7,2.14013626369801e-05
1841865,"Mediterranea massiliensis",312,2.1698560536967e-05,323.5,2.24964483150754e-05
1735,"Holdemanella biformis",306,2.12812805266408e-05,296.2,2.05972815224842e-05
2981787,"Dorea acetigenes",303,2.10726405214776e-05,314.9,2.1896945850819e-05
2763062,"Roseburia rectibacter",302,2.10030938530899e-05,386.6,2.68839462936142e-05
2763061,"Roseburia lenta",301,2.09335471847022e-05,312.4,2.17239157509337e-05
1841868,"Provencibacterium massiliense",295,2.05162671743759e-05,382.3,2.65884879735629e-05
1353,"Enterococcus gallinarum",291,2.0238080500825e-05,292.9,2.0372954085707e-05
742727,"Bacteroides oleiciplenus",290,2.01685338324373e-05,308.2,2.14338385632669e-05
2899785,"Huaxiibacter chinensis",290,2.01685338324373e-05,326,2.26731455015341e-05
2981724,"Alitiscatomonas aceti",287,1.99598938272742e-05,318.5,2.21507419037573e-05
502577,"Actinoallomurus acaciae",281,1.95426138169479e-05,282.4,1.96396987707238e-05
2763063,"Roseburia yibonii",280,1.94730671485602e-05,282.8,1.96705055611976e-05
1259973,"Klebsiella electrica",276,1.91948804750093e-05,277.3,1.92838651966321e-05
3044208,"Fusibacillus kribbianus",275,1.91253338066216e-05,271.3,1.88657420979632e-05
2594882,"Mediterraneibacter catenae",274,1.90557871382339e-05,291.7,2.02847885254872e-05
253257,"Lacrimispora amygdalina",272,1.89166938014585e-05,271.8,1.89002439552795e-05
261299,"Intestinibacter bartlettii",271,1.88471471330707e-05,271.5,1.88852519528566e-05
2763014,"Agathobaculum hominis",269,1.87080537962953e-05,250.6,1.74259837393803e-05
2738446,"Anaerostipes faecalis",260,1.80821337808059e-05,312.4,2.17231605515508e-05
1236512,"Bacteroides rodentium",257,1.78734937756427e-05,270.3,1.8795308330937e-05
3133166,"Laedolimicola intestinihominis",254,1.76648537704796e-05,256.4,1.78303130522457e-05
2086575,"Parabacteroides pacaensis",254,1.76648537704796e-05,254.1,1.76692773440744e-05
2779351,"Claveliimonas monacensis",252,1.75257604337042e-05,340.2,2.36600284611269e-05
871325,"Bacteroides faecichinchillae",252,1.75257604337042e-05,274.6,1.90975949669351e-05
39482,"Faecalicatena contorta",251,1.74562137653164e-05,250.3,1.740798866086e-05
2763047,"Flintibacter faecis",250,1.73866670969287e-05,285,1.98182819586533e-05
2547410,"Enterocloster alcoholdehydrogenati",248,1.72475737601533e-05,298.3,2.07492496386513e-05
2834113,"Alistipes montrealensis",246,1.71084804233779e-05,263.8,1.83460936324405e-05
1002367,"Leyella stercorea",242,1.6830293749827e-05,245.5,1.70711938635067e-05
2981771,"Laedolimicola ammoniilytica",242,1.6830293749827e-05,235.3,1.63664099723268e-05
2652274,"Eisenbergiella porci",241,1.67607470814393e-05,256.4,1.78338698704329e-05
391612,"Crocosphaera chwakensis",235,1.6343467071113e-05,235.7,1.639561994726e-05
2303987,"Motilimonas pumila",235,1.6343467071113e-05,243.4,1.69244643803139e-05
255519,"Atlantibacter subterraneus",235,1.6343467071113e-05,253.4,1.76246957282615e-05
2981794,"Roseburia amylophila",230,1.59957337291744e-05,229.3,1.59504895935706e-05
85831,"Bacteroides acidifaciens",226,1.57175470556236e-05,267.5,1.86043502285773e-05
2585118,"Alistipes communis",225,1.56480003872359e-05,230,1.59956527711392e-05
2763048,"Flintibacter hominis",220,1.53002670452973e-05,223.6,1.55472759298805e-05
75553,"Aspergillus viridinutans",220,1.53002670452973e-05,218.4,1.5186138386638e-05
3342829,"Providencia zhejiangensis",220,1.53002670452973e-05,197.8,1.37592618095946e-05
888746,"Streptococcus peroris",219,1.52307203769096e-05,244,1.6971297559946e-05
71452,"Enterococcus raffinosus",219,1.52307203769096e-05,201.4,1.40091448540946e-05
157792,"Halopseudomonas xiamenensis",217,1.50916270401341e-05,229.8,1.59803304514212e-05
1218085,"Citrobacter rodentium",217,1.50916270401341e-05,232.5,1.61665453170094e-05
69224,"Erwinia psidii",213,1.48134403665833e-05,267,1.85710417980383e-05
1585982,"Citrobacter bitternis",210,1.46048003614201e-05,244.6,1.70114886500845e-05
45851,"Eshraghiella crossota",208,1.44657070246447e-05,215.2,1.49680894104908e-05
1282,"Staphylococcus epidermidis",206,1.43266136878693e-05,206,1.43266041704938e-05
574930,"Parabacteroides gordonii",205,1.42570670194816e-05,232.3,1.61524730849266e-05
2763030,"Blautia segnis",198,1.37702403407675e-05,246.5,1.71445252868238e-05
2885361,"Brotaphodocola catenula",196,1.36311470039921e-05,242.7,1.68794832012233e-05
1796622,"Extibacter muris",194,1.34920536672167e-05,187.8,1.30610110008567e-05
51288,"Kluyvera ascorbata",193,1.3422506998829e-05,199.1,1.38488437816267e-05
1206725,"Nocardia brevicatena",190,1.32138669936658e-05,188.6,1.3117578829752e-05
880074,"Barnesiella viscericola",190,1.32138669936658e-05,206,1.43292672657862e-05
2604158,"Nitratidesulfovibrio liaohensis",187,1.30052269885027e-05,187,1.30052505047706e-05
53345,"Enterococcus durans",186,1.2935680320115e-05,184.4,1.28228053054648e-05
1121331,"Hathewaya proteolytica",185,1.28661336517273e-05,172.7,1.2007928500338e-05
2941338,"Streptococcus caecimuris",184,1.27965869833395e-05,182.3,1.26788537283909e-05
596315,"Peptostreptococcus stomatis",181,1.25879469781764e-05,230.9,1.60576243424191e-05
1054460,"Streptococcus pseudopneumoniae",181,1.25879469781764e-05,206.7,1.43747788656025e-05
2316720,"Corallococcus interemptor",181,1.25879469781764e-05,187.4,1.30308847577705e-05
2068655,"Novisyntrophococcus fermenticellae",181,1.25879469781764e-05,228.6,1.58979530596691e-05
33039,"[Ruminococcus] torques",178,1.23793069730133e-05,188.6,1.31156855504417e-05
1218092,"Enterococcus pseudoavium",177,1.23097603046255e-05,178.4,1.24099871119629e-05
126998,"Penicillium bovifimosum",177,1.23097603046255e-05,169.9,1.18162813053155e-05
537007,"Blautia hansenii",176,1.22402136362378e-05,182.9,1.27205839731157e-05
1323,"Faecalicoccus pleomorphus",174,1.21011202994624e-05,168.1,1.16917742261427e-05
2736290,"Xylanibacter muris",173,1.20315736310747e-05,175.3,1.21903671241297e-05
1505757,"Siccibacter colletis",173,1.20315736310747e-05,173,1.20341933349103e-05
873513,"Segatella buccae",171,1.18924802942992e-05,171,1.18908820236768e-05
2490855,"Lachnoanaerobaculum gingivalis",171,1.18924802942992e-05,170.2,1.18352020871042e-05
2978477,"Eubacterium album",171,1.18924802942992e-05,171,1.1892992395173e-05
1938870,"Candidatus Pantoea floridensis",171,1.18924802942992e-05,171.7,1.19389717620573e-05
2764323,"Catenibacterium faecis",169,1.17533869575238e-05,160.8,1.11845930806116e-05
1411144,"Bacteroides caecigallinarum",169,1.17533869575238e-05,185.1,1.28742101498473e-05
2787628,"Treponema peruense",166,1.15447469523607e-05,166.1,1.15533874084026e-05
472693,"Pantoea eucrina",166,1.15447469523607e-05,184.1,1.28049889349835e-05
1841857,"Culturomica massiliensis",162,1.12665602788098e-05,166.1,1.15526738878137e-05
1121333,"Thomasclavelia saccharogumia",160,1.11274669420344e-05,164.5,1.14402752278112e-05
1354,"Enterococcus hirae",160,1.11274669420344e-05,160.8,1.11843425789991e-05
81947,"Vagococcus lutrae",157,1.09188269368712e-05,165.1,1.1478756077729e-05
3133499,"Maccoyibacter intestinihominis",156,1.08492802684835e-05,166.4,1.15707618389721e-05
3034352,"Enterococcus entomosocium",155,1.07797336000958e-05,138.2,9.61482944821562e-06
2981774,"Suilimivivens aceti",154,1.07101869317081e-05,147.2,1.02338521264011e-05
367928,"Bifidobacterium adolescentis",152,1.05710935949327e-05,151.9,1.05615972804393e-05
2981720,"Bovifimicola ammoniilytica",151,1.05015469265449e-05,153.9,1.07065048841371e-05
2763038,"Clostridium segne",150,1.04320002581572e-05,276.9,1.92567155688303e-05
89139,"Rasamsonia byssochlamydoides",148,1.02929069213818e-05,148,1.02929255331986e-05
2763671,"Jingyaoa shaoxingensis",147,1.02233602529941e-05,176.8,1.22976185265101e-05
28111,"Bacteroides eggerthii",146,1.01538135846064e-05,137.7,9.57758249083275e-06
1287640,"Anaerococcus obesiensis",145,1.00842669162187e-05,127,8.83024885562661e-06
596329,"Peptostreptococcus anaerobius",143,9.94517357944323e-06,175.6,1.22128663919995e-05
2866724,"Chitinilyticum piscinae",140,9.73653357428008e-06,140.6,9.77756942314817e-06
291645,"Bacteroides nordii",140,9.73653357428008e-06,158.8,1.10472088980666e-05
29389,"Streptococcus alactolyticus",140,9.73653357428008e-06,137.3,9.55068513975073e-06
1796618,"Cuneatibacter caecimuris",136,9.45834690072923e-06,153.1,1.06444248007132e-05
2499078,"Vibrio ouci",136,9.45834690072923e-06,142.7,9.92551556029539e-06
2382163,"Streptococcus koreensis",134,9.31925356395379e-06,129.1,8.98188078579777e-06
67780,"Edwardsiella ictaluri",132,9.18016022717836e-06,132.6,9.22244416570823e-06
83332,"Mycobacterium tuberculosis",131,9.11061355879065e-06,131,9.11012805680358e-06
2954240,"Streptococcus bouchesdurhonensis",131,9.11061355879065e-06,151.3,1.05198022549749e-05
3133171,"Pseudoflavonifractor intestinihominis",130,9.04106689040294e-06,125.7,8.74372709643127e-06
875454,"Peptoniphilus rhinitidis",129,8.97152022201522e-06,136.5,9.49171540336254e-06
762982,"Paraprevotella xylaniphila",129,8.97152022201522e-06,120.1,8.35604222076112e-06
3142537,"Enterobacter adelaidei",126,8.76288021685208e-06,151.3,1.0523015059407e-05
1871003,"Tidjanibacter massiliensis",124,8.62378688007665e-06,120,8.34657295025548e-06
86667,"Jeotgalibacillus marinus",122,8.48469354330122e-06,122,8.48470888561222e-06
1076124,"Phytohabitans flavus",120,8.34560020652579e-06,118.3,8.22392449796214e-06
2478464,"Enterobacter oligotrophicus",118,8.20650686975036e-06,118.1,8.21383556901168e-06
1689270,"Intestinimonas timonensis",117,8.13696020136264e-06,112.3,7.80892153396449e-06
2172043,"Bifidobacterium tibiigranuli",114,7.9283201961995e-06,116,8.06634324350138e-06
2230878,"Candidatus Enterococcus mangumiae",114,7.9283201961995e-06,120.1,8.3529518216653e-06
2838426,"Candidatus Agathobaculum pullicola",114,7.9283201961995e-06,137.2,9.54082163328178e-06
102684,"Streptococcus infantarius",113,7.85877352781178e-06,111.6,7.75980095064036e-06
NA,"unknown genome; accession ID isNZ_LR027382.1",113,7.85877352781178e-06,113,7.86009301351327e-06
2763664,"Jutongia hominis",112,7.78922685942407e-06,113.5,7.8946883849229e-06
365590,"Shewanella hafniensis",112,7.78922685942407e-06,112.6,7.830924417585e-06
2588991,"Streptococcus symci",111,7.71968019103635e-06,128.9,8.96204175169146e-06
2763059,"Pseudoflavonifractor hominis",111,7.71968019103635e-06,111.9,7.77918428998184e-06
203120,"Leuconostoc mesenteroides",110,7.65013352264864e-06,109.5,7.61673304103993e-06
2579922,"Pseudomonas yangonensis",110,7.65013352264864e-06,113.7,7.90431919278262e-06
2763645,"Lentihominibacter hominis",109,7.58058685426092e-06,110.2,7.66202520875358e-06
33031,"Peptoniphilus lacrimalis",109,7.58058685426092e-06,132.3,9.20451466339381e-06
2763669,"Qiania dongpingensis",108,7.51104018587321e-06,107.4,7.47167278890654e-06
2919919,"Atopomonas sediminilitoris",107,7.44149351748549e-06,107.3,7.46342200061324e-06
2972474,"Gabonibacter chumensis",107,7.44149351748549e-06,107.1,7.45154539132509e-06
2763042,"Dysosmobacter segnis",105,7.30240018071006e-06,115.8,8.05329941065667e-06
3032125,"Neopoerus faecalis",105,7.30240018071006e-06,96.8,6.73383376994508e-06
1653434,"Sellimonas intestinalis",105,7.30240018071006e-06,102.7,7.14318799086179e-06
NA,"unknown genome; accession ID isNZ_DAWEQI010000079.1",105,7.30240018071006e-06,105.1,7.31051736264997e-06
1550024,"Ruthenibacterium lactatiformans",104,7.23285351232235e-06,117,8.13951948760106e-06
1776391,"Romboutsia timonensis",104,7.23285351232235e-06,97.8,6.80340533461484e-06
1871030,"Merdibacter massiliensis",104,7.23285351232235e-06,101.3,7.04620978380233e-06
67827,"Citrobacter werkmanii",102,7.09376017554692e-06,107.3,7.46228453947181e-06
2743469,"Rhabdonatronobacter sediminivivens",102,7.09376017554692e-06,89.3,6.20758097542311e-06
1517512,"Aspergillus pseudoviridinutans",102,7.09376017554692e-06,103.7,7.21496586144427e-06
880526,"Rikenella microfusus",101,7.0242135071592e-06,102.1,7.1038396037809e-06
2600598,"Pseudomonas saxonica",101,7.0242135071592e-06,93.3,6.49191120113173e-06
2779518,"Blautia liquoris",101,7.0242135071592e-06,101,7.02755286738778e-06
2924040,"Parabacteroides faecalis",101,7.0242135071592e-06,98.4,6.84655964184122e-06
763034,"Bacteroides fluxus",100,6.95466683877149e-06,120.7,8.39113819382777e-06
883111,"Facklamia hominis",100,6.95466683877149e-06,112.5,7.82159932399731e-06
3032872,"Petralouisia muris",100,6.95466683877149e-06,107,7.44449061209573e-06
2763032,"Butyricimonas hominis",100,6.95466683877149e-06,104.6,7.27307946064178e-06
1217420,"Lactobacillus delbrueckii",98,6.81557350199606e-06,99.4,6.91099643589861e-06
2815733,"Tenebrionicola larvae",98,6.81557350199606e-06,97.4,6.77695059620527e-06
33043,"Coprococcus eutactus",98,6.81557350199606e-06,101.2,7.03581527884222e-06
411467,"Pseudoflavonifractor capillosus",95,6.60693349683291e-06,96.8,6.7304011533933e-06
1341132,"Aspergillus welwitschiae",94,6.5373868284452e-06,92.8,6.4554163904601e-06
1796613,"Bacteroides caecimuris",93,6.46784016005748e-06,99.8,6.93858814160816e-06
36847,"Anaerotignum neopropionicum",92,6.39829349166977e-06,92.4,6.42569906895356e-06
2763668,"Jutongia huaianensis",92,6.39829349166977e-06,104.1,7.24257996736842e-06
NA,"unknown genome; accession ID isNZ_DAWEQI010000196.1",90,6.25920015489434e-06,90,6.25925980958573e-06
1121321,"Asaccharospora irregularis",90,6.25920015489434e-06,91.2,6.34266965798618e-06
2763026,"Blautia celeris",89,6.18965348650663e-06,108.6,7.55441784806038e-06
767769,"Aspergillus brasiliensis",88,6.12010681811891e-06,90.5,6.29150146957504e-06
2944915,"Coprobacter tertius",88,6.12010681811891e-06,90,6.26109438351707e-06
NA,"unknown genome; accession ID isNZ_DAWEQI010000062.1",88,6.12010681811891e-06,88,6.12080356408659e-06
2040291,"Dorea phocaeensis",88,6.12010681811891e-06,91.7,6.3758125629054e-06
41047,"Aspergillus thermomutatus",87,6.0505601497312e-06,86.6,6.02485854562614e-06
445970,"Alistipes putredinis",86,5.98101348134348e-06,86.1,5.98874146970794e-06
1401079,"Mogibacterium timidum",86,5.98101348134348e-06,87.6,6.09091894522479e-06
254785,"Streptococcus halichoeri",86,5.98101348134348e-06,79.4,5.5195924990637e-06
1288826,"Marinobacter santoriniensis",84,5.84192014456805e-06,90.6,6.29889882741214e-06
2486576,"Absicoccus porci",84,5.84192014456805e-06,88.6,6.15928656761465e-06
2764329,"Paeniclostridium hominis",84,5.84192014456805e-06,82.9,5.76798264067339e-06
3079010,"Diplocloster hominis",83,5.77237347618034e-06,104.8,7.28529317407901e-06
2316085,"Pseudomonas bubulae",83,5.77237347618034e-06,85.9,5.97432749132182e-06
3133170,"Ventrimonas faecis",83,5.77237347618034e-06,89.7,6.24013367432807e-06
2681861,"Sporofaciens musculi",82,5.70282680779262e-06,92.3,6.41926116982263e-06
3378099,"Providencia lanzhouensis",82,5.70282680779262e-06,83.9,5.8360258172883e-06
91492,"Aspergillus udagawae",81,5.63328013940491e-06,82.2,5.71979721864434e-06
2494702,"Enterobacter huaxiensis",81,5.63328013940491e-06,81.7,5.68110595516595e-06
2763670,"Wujia chipingensis",81,5.63328013940491e-06,88.3,6.14072782738698e-06
2107694,"Aphanothece hegewaldii",80,5.56373347101719e-06,83.4,5.7997293431666e-06
1544696,"Rosenbergiella australiborealis",80,5.56373347101719e-06,85,5.91450718602948e-06
1673723,"Murdochiella massiliensis",80,5.56373347101719e-06,80.7,5.61398474296957e-06
55207,"Pectobacterium betavasculorum",79,5.49418680262948e-06,78.9,5.4904279497237e-06
1229621,"Anaerostipes rhamnosivorans",78,5.42464013424176e-06,89.9,6.24897025012832e-06
3111861,"Streptococcus gingivalis",78,5.42464013424176e-06,101.2,7.0367730865666e-06
3133161,"Ruminococcoides intestinihominis",78,5.42464013424176e-06,73.9,5.13956295836931e-06
2763050,"Hungatella hominis",77,5.35509346585405e-06,83.5,5.80614852497775e-06
1982626,"Faecalibacillus intestinalis",77,5.35509346585405e-06,96.3,6.69553200084054e-06
155615,"Fusobacterium vincentii",77,5.35509346585405e-06,48.7,3.38833808841133e-06
511811,"Streptomyces plumbiresistens",77,5.35509346585405e-06,75.8,5.27301529631354e-06
358742,"Enterocloster aldenensis",76,5.28554679746633e-06,80.5,5.60166749576543e-06
2316726,"Corallococcus sicarius",75,5.21600012907862e-06,74.1,5.15424081696038e-06
2951805,"Parabacteroides absconsus",75,5.21600012907862e-06,89.1,6.19881113269013e-06
820,"Bacteroides uniformis",75,5.21600012907862e-06,74.7,5.19327001033397e-06
3037798,"Providencia huashanensis",74,5.1464534606909e-06,72.9,5.07034524341352e-06
1392255,"Aspergillus novofumigatus",73,5.07690679230319e-06,71.7,4.98995307244307e-06
2748301,"Streptococcus vaginalis",73,5.07690679230319e-06,87.7,6.10271690622489e-06
2719233,"Lacrimispora defluvii",72,5.00736012391547e-06,107.8,7.49396478342612e-06
2086583,"Pseudoruminococcus massiliensis",72,5.00736012391547e-06,72.4,5.0371821748479e-06
1288121,"Alistipes senegalensis",72,5.00736012391547e-06,78.3,5.44630127137638e-06
69359,"Thiohalocapsa halophila",71,4.93781345552776e-06,70.4,4.89422191196958e-06
1156431,"Streptococcus ilei",70,4.86826678714004e-06,65.7,4.56580766153202e-06
2579935,"Jejubacter calystegiae",70,4.86826678714004e-06,69.9,4.86461420490439e-06
1940636,"Pseudomonas shirazica",69,4.79872011875233e-06,75.9,5.28177550723858e-06
268346,"Penicillium mononematosum",69,4.79872011875233e-06,68.7,4.77815841749661e-06
1775168,"Flagellimonas marina",69,4.79872011875233e-06,69,4.79872879587794e-06
697329,"Ruminococcus albus",68,4.72917345036461e-06,68,4.72918203928482e-06
1852387,"Streptococcus timonensis",68,4.72917345036461e-06,51.7,3.59742216096629e-06
2606636,"Bilifractor porci",67,4.6596267819769e-06,72,5.01068130039592e-06
2762229,"Escherichia whittamii",67,4.6596267819769e-06,83.3,5.79468896773835e-06
3237104,"Erwinia plantamica",67,4.6596267819769e-06,67.3,4.68388804955375e-06
1122155,"Lactonifactor longoviformis",67,4.6596267819769e-06,72.8,5.06625191198459e-06
258052,"Kitasatospora arboriphila",66,4.59008011358918e-06,65.8,4.57717077235077e-06
209559,"Aspergillus alliaceus",65,4.52053344520147e-06,64.9,4.51606615428137e-06
2665155,"Streptomyces flavalbus",65,4.52053344520147e-06,66.2,4.60672359290618e-06
433664,"Nocardioides agariphilus",64,4.45098677681375e-06,59.6,4.14345251034228e-06
2841509,"Butyricicoccus intestinisimiae",64,4.45098677681375e-06,68.8,4.78168617090623e-06
2888525,"Thermomonas alba",64,4.45098677681375e-06,64,4.44777426589049e-06
2981721,"Brotomerdimonas butyrica",64,4.45098677681375e-06,64.9,4.51654922974549e-06
3133165,"Solibaculum intestinale",64,4.45098677681375e-06,63.2,4.39547580076173e-06
618,"Serratia odorifera",64,4.45098677681375e-06,68.3,4.75280091655021e-06
88456,"Cyclospora cayetanensis",63,4.38144010842604e-06,63,4.38144804914789e-06
2925396,"Dryocola clanedunensis",63,4.38144010842604e-06,62.9,4.37748741223951e-06
1122217,"Megamonas rupellensis",62,4.31189344003832e-06,64.2,4.46402446933449e-06
195,"Campylobacter coli",62,4.31189344003832e-06,62,4.30998779626542e-06
2763659,"Fumia xinanensis",62,4.31189344003832e-06,67.9,4.72560312956486e-06
1337051,"Murimonas intestini",62,4.31189344003832e-06,63.1,4.38648590311665e-06
1776392,"Massilimicrobiota timonensis",62,4.31189344003832e-06,62.7,4.35836690763767e-06
105841,"Anaerostipes caccae",61,4.24234677165061e-06,61.1,4.25224056769309e-06
283354,"Alternaria metachromatica",60,4.17280010326289e-06,60,4.17370173877843e-06
1745713,"Bariatricus massiliensis",60,4.17280010326289e-06,59,4.10527613729335e-06
1907658,"Bacteroides ilei",60,4.17280010326289e-06,58.9,4.09971699868065e-06
1033744,"Peptoniphilus senegalensis",58,4.03370676648746e-06,80.4,5.59050728619683e-06
1064535,"Megasphaera elsdenii",58,4.03370676648746e-06,57.9,4.02666257177982e-06
2726362,"Faecalicatena faecalis",58,4.03370676648746e-06,71.8,4.99480742195208e-06
2981726,"Hominimerdicola aceti",58,4.03370676648746e-06,59.3,4.12087606179394e-06
361101,"Streptococcus pseudoporcinus",57,3.96416009809975e-06,64,4.45258573598585e-06
270249,"Bartonella phoceensis",57,3.96416009809975e-06,57.2,3.97512386829252e-06
2747601,"Ruegeria haliotis",56,3.89461342971203e-06,53.8,3.73988313606624e-06
451513,"Mangrovibacter plantisponsor",55,3.82506676132432e-06,54.6,3.79446892658577e-06
2763066,"Ruminococcus intestinalis",55,3.82506676132432e-06,57.9,4.02544540161719e-06
76860,"Streptococcus constellatus",55,3.82506676132432e-06,68.7,4.78071659656271e-06
796944,"Oribacterium asaccharolyticum",54,3.7555200929366e-06,50,3.47538959235347e-06
160453,"Enterococcus gilvus",54,3.7555200929366e-06,56.9,3.9570906877422e-06
246144,"Enterococcus italicus",54,3.7555200929366e-06,63,4.38239327982101e-06
29845,"Penicillium vulpinum",54,3.7555200929366e-06,50.5,3.51083208192845e-06
2219695,"Luxibacter massiliensis",52,3.61642675616117e-06,53.8,3.73938495680702e-06
1121094,"Phocaeicola barnesiae",51,3.54688008777346e-06,53.8,3.74394696944713e-06
2764327,"Holdemanella hominis",51,3.54688008777346e-06,62.6,4.35542635584728e-06
93378,"Edwardsiella hoshinae",51,3.54688008777346e-06,51.7,3.59337691692012e-06
2070686,"Enteroscipio rubneri",51,3.54688008777346e-06,54.3,3.77595400884274e-06
2583810,"Alteribacter natronophilus",50,3.47733341938574e-06,47.1,3.27363779065651e-06
2690837,"Eggerthella guodeyinii",50,3.47733341938574e-06,50.1,3.48186427383558e-06
694437,"Flammeovirga aprica",50,3.47733341938574e-06,49.7,3.45753002631143e-06
1258,"Peptoniphilus asaccharolyticus",50,3.47733341938574e-06,49.6,3.44860595985978e-06
915173,"Faecalicoccus acidiformans",50,3.47733341938574e-06,57.1,3.96858693732141e-06
1472417,"Butyricimonas paravirosa",50,3.47733341938574e-06,49.8,3.46291145349411e-06
2763667,"Wansuia hejianensis",49,3.40778675099803e-06,49.3,3.42731955360218e-06
556267,"Helicobacter winghamensis",49,3.40778675099803e-06,49,3.40779291301477e-06
370354,"Entamoeba dispar",48,3.33824008261031e-06,48.5,3.37632485122167e-06
2981768,"Anthropogastromicrobium aceti",48,3.33824008261031e-06,48.3,3.35804291194205e-06
3117701,"Niabella digestorum",48,3.33824008261031e-06,49.9,3.46858313455955e-06
510516,"Aspergillus oryzae",47,3.2686934142226e-06,46.9,3.26078325674174e-06
2562449,"Citrobacter tructae",47,3.2686934142226e-06,49.6,3.45176879163542e-06
2736289,"Xylanibacter rodentium",47,3.2686934142226e-06,51.2,3.56185485980535e-06
NA,"unknown genome; accession ID isNZ_AP028032.1",47,3.2686934142226e-06,47.1,3.27746085799331e-06
5082,"Penicillium roqueforti",46,3.19914674583488e-06,46.2,3.21465006919953e-06
2587529,"Klebsiella pasteurii",46,3.19914674583488e-06,48.8,3.39058711521439e-06
2839759,"Enterococcus innesii",46,3.19914674583488e-06,63.1,4.38834358138495e-06
60172,"Penicillium solitum",46,3.19914674583488e-06,48.6,3.37656984397549e-06
515620,"Lachnospira eligens",45,3.12960007744717e-06,41.3,2.87568227015036e-06
626523,"Shuttleworthella satelles",45,3.12960007744717e-06,51.6,3.59134242984715e-06
2585119,"Alistipes dispar",45,3.12960007744717e-06,49,3.40692735781986e-06
2606635,"Waltera intestinalis",45,3.12960007744717e-06,45.3,3.1503034719618e-06
133448,"Citrobacter youngae",45,3.12960007744717e-06,55.6,3.86902061329257e-06
2592333,"Sellimonas caecigallum",45,3.12960007744717e-06,42.5,2.95265279536545e-06
NA,"unknown genome; accession ID isNZ_DAWEQI010000213.1",45,3.12960007744717e-06,45,3.12960574537652e-06
3145239,"Finegoldia dalianensis",44,3.06005340905945e-06,40.4,2.8120004027232e-06
2173106,"Brenneria corticis",43,2.99050674067174e-06,43,2.99051321350232e-06
2605790,"Roseburia porci",43,2.99050674067174e-06,43.5,3.02536858348847e-06
2981725,"Brotonthovivens ammoniilytica",43,2.99050674067174e-06,40.3,2.80412905410181e-06
214856,"Alistipes finegoldii",43,2.99050674067174e-06,43.1,2.99563398288225e-06
2725494,"Kluyvera sichuanensis",43,2.99050674067174e-06,42.6,2.96613218256527e-06
2290935,"Parabacteroides acidifaciens",42,2.92096007228403e-06,43.8,3.0481502275212e-06
2703884,"Rouxiella aceris",42,2.92096007228403e-06,40.6,2.82475501056487e-06
2850322,"Diplocloster modestus",42,2.92096007228403e-06,43.5,3.02297271024074e-06
588,"Providencia stuartii",42,2.92096007228403e-06,48.2,3.35299899442113e-06
2779354,"Gemmiger gallinarum",41,2.85141340389631e-06,51,3.54996467738685e-06
2927804,"Marinobacterium sedimentorum",41,2.85141340389631e-06,40.3,2.80170413997748e-06
1994,"Actinomadura rugatobispora",41,2.85141340389631e-06,40.8,2.83551020544449e-06
871324,"Bacteroides stercorirosoris",41,2.85141340389631e-06,53.4,3.71709469197684e-06
2100822,"Kushneria phyllosphaerae",41,2.85141340389631e-06,40.4,2.80635827284729e-06
28037,"Streptococcus mitis",40,2.7818667355086e-06,40.7,2.83288717388599e-06
1450537,"Aspergillus homomorphus",40,2.7818667355086e-06,40,2.78187798578329e-06
105843,"Anaerobutyricum soehngenii",40,2.7818667355086e-06,41.9,2.91723240901444e-06
1841864,"Marseilla massiliensis",40,2.7818667355086e-06,39.6,2.75271899759599e-06
762968,"Paraprevotella clara",39,2.71232006712088e-06,50.5,3.51283200348175e-06
2490854,"Prevotella koreensis",39,2.71232006712088e-06,39.1,2.72084771864771e-06
1926283,"Lachnoclostridium edouardi",39,2.71232006712088e-06,39.6,2.7564831280766e-06
2169401,"Flagellimonas amoyensis",38,2.64277339873317e-06,42,2.92112725942882e-06
3098076,"Streptococcus lingualis",37,2.57322673034545e-06,37.2,2.58388003687117e-06
1121325,"Romboutsia lituseburensis",37,2.57322673034545e-06,37.5,2.6069686870811e-06
252393,"Candidatus Erwinia dacicola",36,2.50368006195774e-06,34.7,2.41632523354282e-06
1433513,"Streptococcus gwangjuensis",36,2.50368006195774e-06,37.5,2.60806373465113e-06
182096,"Aspergillus chevalieri",36,2.50368006195774e-06,33.6,2.33701200183749e-06
3133091,"unknown genome; accession ID isNZ_JBBMER010000003.1",36,2.50368006195774e-06,36,2.50368458915371e-06
610130,"Lacrimispora saccharolytica",35,2.43413339357002e-06,40.2,2.79395484019598e-06
1034346,"Dielma fastidiosa",35,2.43413339357002e-06,38.4,2.66947524865886e-06
1155073,"Enterococcus diestrammenae",35,2.43413339357002e-06,31.7,2.20743163474712e-06
154046,"Hungatella hathewayi",35,2.43413339357002e-06,44,3.05922100145761e-06
2979868,"Neopusillimonas aromaticivorans",35,2.43413339357002e-06,34.7,2.41211741186718e-06
2153354,"Klebsiella huaxiensis",34,2.36458672518231e-06,35.7,2.48135517840932e-06
1796628,"Longibaculum muris",34,2.36458672518231e-06,35.3,2.45570025250302e-06
2763036,"Clostridium hominis",34,2.36458672518231e-06,36.1,2.51296954479913e-06
2929513,"Stutzerimonas marianensis",34,2.36458672518231e-06,33.6,2.33486905598756e-06
2488306,"Pseudocitrobacter vendiensis",34,2.36458672518231e-06,36.1,2.51320045089258e-06
500635,"Mitsuokella multacida",33,2.29504005679459e-06,37.3,2.59590049155128e-06
317010,"Enterococcus canintestini",33,2.29504005679459e-06,31.1,2.16490441141074e-06
1912855,"Faecalimonas umbilicata",33,2.29504005679459e-06,33.1,2.29953487445495e-06
1870997,"Alterileibacterium massiliense",33,2.29504005679459e-06,33.1,2.30265188787781e-06
219574,"Pseudomonas proteolytica",33,2.29504005679459e-06,32.4,2.25517982802982e-06
546,"Citrobacter freundii",33,2.29504005679459e-06,29.7,2.06582128163274e-06
525368,"Mycobacterium parascrofulaceum",32,2.22549338840688e-06,40.1,2.78747376990779e-06
1347393,"Bacteroides neonati",32,2.22549338840688e-06,39.9,2.77597308797291e-06
676599,"Stenotrophomonas panacihumi",32,2.22549338840688e-06,32.2,2.2418741714744e-06
564710,"Vagococcus acidifermentans",32,2.22549338840688e-06,33,2.29639799581967e-06
3040937,"Raoultella scottii",32,2.22549338840688e-06,32.4,2.25413456350289e-06
40837,"Mycoplana ramosa",32,2.22549338840688e-06,41.2,2.86706476548745e-06
1918949,"Solemya elarraichensis gill symbiont",31,2.15594672001916e-06,31,2.1589607552389e-06
94643,"Besnoitia besnoiti",31,2.15594672001916e-06,32.3,2.24464903182363e-06
2692177,"Duganella fentianensis",31,2.15594672001916e-06,41.3,2.86902413746541e-06
1004159,"Photorhabdus tasmaniensis",31,2.15594672001916e-06,30.3,2.10815177141472e-06
1531,"Enterocloster clostridioformis",31,2.15594672001916e-06,35.6,2.47651915833595e-06
2779356,"Gallibacter intestinalis",31,2.15594672001916e-06,30.5,2.1193770735748e-06
2758695,"Pseudomonas chaetocerotis",31,2.15594672001916e-06,32.3,2.247684755226e-06
33037,"Anaerococcus vaginalis",31,2.15594672001916e-06,41.7,2.8968006433512e-06
796943,"Oribacterium parvum",30,2.08640005163145e-06,36.1,2.5082627957025e-06
318464,"Clostridium sulfidigenes",30,2.08640005163145e-06,35.2,2.44624384343173e-06
1329800,"Arenicella chitinivorans",30,2.08640005163145e-06,34,2.36267192442014e-06
35703,"Citrobacter amalonaticus",30,2.08640005163145e-06,30.7,2.13708330509274e-06
2981778,"Agathobaculum ammoniilyticum",30,2.08640005163145e-06,30.9,2.15246629859931e-06
1301100,"Faecalimicrobium dakarense",29,2.01685338324373e-06,29.6,2.06003796322054e-06
3093657,"Acutalibacter caecimuris",29,2.01685338324373e-06,29.2,2.03010647714599e-06
46124,"Granulicatella adiacens",28,1.94730671485602e-06,28,1.9474299313647e-06
2881258,"Ruminococcus turbiniformis",28,1.94730671485602e-06,32.7,2.2760897032228e-06
1792511,"Penicillium robsamsonii",28,1.94730671485602e-06,29.6,2.05791358668073e-06
1243002,"Vibrio olivae",28,1.94730671485602e-06,28.4,1.97450374020749e-06
1158606,"Enterococcus asini",27,1.8777600464683e-06,28.1,1.95215217905386e-06
1570016,"Thioflexithrix psekupsensis",27,1.8777600464683e-06,29,2.01840292105199e-06
2174932,"Nesterenkonia natronophila",27,1.8777600464683e-06,25.4,1.76530283504054e-06
5083,"Penicillium canescens",27,1.8777600464683e-06,21,1.4590484178858e-06
3041623,"Streptococcus taonis",27,1.8777600464683e-06,30.6,2.12989373866345e-06
3095028,"Scandinavium lactucae",27,1.8777600464683e-06,27,1.87785032165725e-06
1281486,"Lactococcus formosensis",27,1.8777600464683e-06,25.8,1.79585060448611e-06
1121950,"Hespellia stercorisuis",27,1.8777600464683e-06,33.2,2.31213801302434e-06
5061,"Aspergillus niger",26,1.80821337808059e-06,25.7,1.78712628860022e-06
546269,"Filifactor alocis",26,1.80821337808059e-06,26,1.80789370368829e-06
1229662,"Pestalotiopsis fici",25,1.73866670969287e-06,22.5,1.56270924031714e-06
2815723,"Nocardia alni",25,1.73866670969287e-06,25,1.73866988482363e-06
2963284,"Terrisporobacter muris",25,1.73866670969287e-06,24.1,1.67531650083297e-06
69789,"Penicillium soppii",25,1.73866670969287e-06,24.1,1.67321536061327e-06
3098075,"Streptococcus dentalis",25,1.73866670969287e-06,29.3,2.03485464717881e-06
3133178,"Flavonifractor hominis",25,1.73866670969287e-06,29.2,2.03001490044537e-06
5088,"Thermoascus crustaceus",25,1.73866670969287e-06,25,1.73867003168618e-06
2763021,"Bacteroides difficilis",25,1.73866670969287e-06,25.3,1.75954473246529e-06
5855,"Plasmodium vivax",24,1.66912004130516e-06,20.1,1.39569484679392e-06
762966,"Parasutterella excrementihominis",24,1.66912004130516e-06,26,1.80757431856549e-06
218493,"Salmonella bongori",24,1.66912004130516e-06,24,1.67162921418074e-06
1336236,"Ruminococcus flavefaciens",24,1.66912004130516e-06,24,1.66912343038316e-06
1408437,"Agathobaculum desmolans",24,1.66912004130516e-06,23.7,1.64991040787652e-06
796334,"Erwinia oleae",24,1.66912004130516e-06,25.2,1.75288264892054e-06
348802,"Exophiala xenobiotica",24,1.66912004130516e-06,25.6,1.77872281420003e-06
215243,"Exophiala oligosperma",24,1.66912004130516e-06,19.9,1.38621793381538e-06
1655491,"Leeuwenhoekiella nanhaiensis",24,1.66912004130516e-06,25.4,1.763877558087e-06
2086571,"Solimonas fluminis",24,1.66912004130516e-06,25.6,1.78062268573127e-06
2304063,"Sphingobium terrigena",24,1.66912004130516e-06,24.2,1.68324710406833e-06
1504,"Clostridium septicum",24,1.66912004130516e-06,22.9,1.59183458424962e-06
626774,"Proteus terrae",24,1.66912004130516e-06,21.2,1.47685258239531e-06
2763056,"Oscillibacter hominis",24,1.66912004130516e-06,27.2,1.89063156479473e-06
2763658,"Ligaoa zhengdingensis",24,1.66912004130516e-06,24.5,1.7049083458605e-06
218936,"Aeromonas simiae",24,1.66912004130516e-06,24.4,1.69457883841535e-06
636,"Edwardsiella tarda",24,1.66912004130516e-06,24.1,1.6793108711656e-06
2981728,"Huintestinicola butyrica",24,1.66912004130516e-06,24.1,1.67607622079378e-06
3068307,"Lacticaseibacillus zeae",24,1.66912004130516e-06,20.4,1.41554231126549e-06
371674,"Moryella indoligenes",24,1.66912004130516e-06,24.8,1.72315232883697e-06
3074433,"Vallitalea maricola",24,1.66912004130516e-06,23.1,1.60560697287458e-06
1408163,"Rasamsonia emersonii",23,1.59957337291744e-06,23,1.59957626716863e-06
1987383,"Candidatus Enterococcus wittei",23,1.59957337291744e-06,23.2,1.61111550971863e-06
1720294,"Eisenbergiella massiliensis",23,1.59957337291744e-06,23,1.60086518485738e-06
2546350,"Citrobacter arsenatis",23,1.59957337291744e-06,24.1,1.67606268354594e-06
2842355,"Pseudomonas fakonensis",23,1.59957337291744e-06,22.9,1.59178751853048e-06
2885356,"Hominilimicola fabiformis",23,1.59957337291744e-06,28.5,1.98463295119417e-06
1841856,"Bacteroides mediterraneensis",23,1.59957337291744e-06,24.1,1.67693475510167e-06
290052,"Acetivibrio ethanolgignens",22,1.53002670452973e-06,22.3,1.55187911117037e-06
61645,"Enterobacter asburiae",22,1.53002670452973e-06,23.2,1.61236831521395e-06
2763033,"Christensenella tenuis",22,1.53002670452973e-06,22.1,1.53573912157051e-06
2763644,"Zhenpiania hominis",22,1.53002670452973e-06,26.5,1.8438042397271e-06
296,"Pseudomonas fragi",22,1.53002670452973e-06,25.8,1.7977145065734e-06
3075529,"Streptomyces gibsoniae",22,1.53002670452973e-06,22,1.53281492132168e-06
NA,"unknown genome; accession ID isNZ_LT671675.1",22,1.53002670452973e-06,21.9,1.52056649685798e-06
2015901,"Massilicoli timonensis",22,1.53002670452973e-06,27,1.87815127212064e-06
2686067,"Fusobacterium watanabei",22,1.53002670452973e-06,24.2,1.68585107233718e-06
1720298,"Peptoniphilus phoceensis",21,1.46048003614201e-06,24.2,1.68270595500448e-06
5059,"Aspergillus flavus",21,1.46048003614201e-06,23.2,1.61462498900362e-06
887456,"Streptomyces pratens",21,1.46048003614201e-06,21.4,1.48508988082697e-06
3069269,"Lactiplantibacillus brownii",21,1.46048003614201e-06,19.3,1.34523146575897e-06
1960125,"Parendozoicomonas haliclonae",21,1.46048003614201e-06,21,1.46048268054448e-06
61420,"Aspergillus caelatus",20,1.3909333677543e-06,20,1.39093588288897e-06
1133319,"Bacteroides reticulotermitis",20,1.3909333677543e-06,20.5,1.42741918778427e-06
2093743,"Pseudomonas sp. Kh7",20,1.3909333677543e-06,19,1.32250718738566e-06
102148,"Solobacterium moorei",20,1.3909333677543e-06,22,1.52903257122578e-06
1115758,"Romboutsia ilealis",20,1.3909333677543e-06,20.6,1.43496459206066e-06
1917868,"Blautia marasmi",20,1.3909333677543e-06,22,1.5328545440907e-06
2079531,"Prevotella merdae",20,1.3909333677543e-06,22,1.52812973957732e-06
2478468,"Pigmentiphaga humi",20,1.3909333677543e-06,20,1.39047441242303e-06
280463,"Emiliania huxleyi",19,1.32138669936658e-06,18.4,1.27881795637238e-06
83891,"Trypanosoma conorhini",19,1.32138669936658e-06,19.8,1.37823127928488e-06
1928661,"Bradyrhizobium cajani",19,1.32138669936658e-06,19.5,1.35538137774743e-06
2705293,"Listeria valentina",19,1.32138669936658e-06,18.9,1.31465212975287e-06
2816080,"Alicyclobacillus suci",19,1.32138669936658e-06,19,1.31851369130296e-06
2838947,"Enterobacter quasimori",19,1.32138669936658e-06,18.2,1.26284378564396e-06
3075546,"Blastococcus goldschmidtiae",19,1.32138669936658e-06,19,1.32138908972079e-06
3133175,"Blautia caccae",19,1.32138669936658e-06,18.2,1.26692928057723e-06
1691903,"Mangrovibacter phragmitis",19,1.32138669936658e-06,24.1,1.67703451781668e-06
358743,"Enterocloster citroniae",19,1.32138669936658e-06,19.6,1.36545010594243e-06
1903263,"Traorella massiliensis",19,1.32138669936658e-06,19.6,1.36157145653676e-06
1158604,"Enterococcus villorum",18,1.25184003097887e-06,19.9,1.38118779994099e-06
1470345,"Bacteroides timonensis",18,1.25184003097887e-06,19.7,1.37354416799171e-06
51049,"Actinobacillus indolicus",18,1.25184003097887e-06,18,1.25274294259968e-06
1512,"[Clostridium] symbiosum",18,1.25184003097887e-06,18.1,1.26094349183839e-06
2606634,"Velocimicrobium porci",18,1.25184003097887e-06,18.3,1.26931072095242e-06
2726742,"Flammeovirga agarivorans",18,1.25184003097887e-06,18.8,1.30565784043882e-06
67828,"Citrobacter gillenii",18,1.25184003097887e-06,18.8,1.30920321606955e-06
237576,"Oribacterium sinus",18,1.25184003097887e-06,17.7,1.23052471981287e-06
549,"Pantoea agglomerans",18,1.25184003097887e-06,17.4,1.21023618555507e-06
1462571,"Bacteroides gallinaceum",18,1.25184003097887e-06,18.5,1.28487771851596e-06
59298,"Streptomyces thermocarboxydovorans",18,1.25184003097887e-06,18.4,1.28098216215448e-06
106654,"Acinetobacter nosocomialis",18,1.25184003097887e-06,17.8,1.24034883501182e-06
1118057,"Peptoniphilus grossensis",17,1.18229336259115e-06,16.6,1.15785462417987e-06
1768210,"Vagococcus martis",17,1.18229336259115e-06,20.7,1.43780948628926e-06
2025493,"Blautia hominis",17,1.18229336259115e-06,17.6,1.22068266181267e-06
2652293,"Hornefia butyriciproducens",17,1.18229336259115e-06,17.3,1.20603081271895e-06
1125702,"Treponema vincentii",16,1.11274669420344e-06,14.1,9.78845691943906e-07
1395125,"Segatella salivae",16,1.11274669420344e-06,15.1,1.05222597132866e-06
518634,"Bifidobacterium breve",16,1.11274669420344e-06,15.7,1.09219952143404e-06
2020949,"Romboutsia weinsteinii",16,1.11274669420344e-06,15.9,1.10848530709725e-06
2692629,"Copranaerobaculum intestinale",16,1.11274669420344e-06,17.9,1.24559903704346e-06
1547,"Thomasclavelia ramosa",16,1.11274669420344e-06,17,1.18028176349039e-06
3037989,"Bacteroides vicugnae",16,1.11274669420344e-06,16,1.11314615287733e-06
2890318,"Yersinia vastinensis",16,1.11274669420344e-06,16.4,1.14303724311145e-06
519441,"Streptobacillus moniliformis",15,1.04320002581572e-06,16.7,1.162992564102e-06
1159491,"Cronobacter malonaticus",15,1.04320002581572e-06,15.2,1.05613663616345e-06
1300307,"Mesorhizobium waimense",15,1.04320002581572e-06,15,1.04554569168415e-06
283686,"Kosakonia radicincitans",15,1.04320002581572e-06,14.1,9.81478794367559e-07
2607659,"Nocardioides antri",15,1.04320002581572e-06,14.7,1.02283105756014e-06
1857217,"Candidatus Enterococcus huntleyi",15,1.04320002581572e-06,20.6,1.4300993793434e-06
2763656,"Guopingia tenuis",15,1.04320002581572e-06,15.3,1.06131881201783e-06
2784388,"Clostridium vitabionis",15,1.04320002581572e-06,24.9,1.72874992163022e-06
2785629,"Leclercia barmai",15,1.04320002581572e-06,15,1.04399820346686e-06
2906062,"Pseudomonas wenzhouensis",15,1.04320002581572e-06,15.8,1.10007630053162e-06
1187928,"Alternaria incomplexa",15,1.04320002581572e-06,15.1,1.05243996859347e-06
3073100,"Candidatus Cetobacterium colombiensis",15,1.04320002581572e-06,15,1.04532785209594e-06
3133422,"Flavonifractor porci",15,1.04320002581572e-06,15.1,1.04837069290799e-06
75292,"Streptomyces thermogriseus",15,1.04320002581572e-06,15.4,1.07376042326342e-06
1005667,"Kosakonia oryziphila",15,1.04320002581572e-06,15,1.04390644004318e-06
745277,"Rahnella aquatilis",14,9.73653357428008e-07,14,9.77117575708478e-07
190304,"Fusobacterium nucleatum",14,9.73653357428008e-07,13.6,9.46153897691588e-07
1982628,"Faecalibacillus faecis",14,9.73653357428008e-07,15,1.04636659401578e-06
1615494,"Mixta intestinalis",14,9.73653357428008e-07,12.8,8.87405375584486e-07
658225,"Sphingomonas glacialis",14,9.73653357428008e-07,14.1,9.81690636757415e-07
1812259,"Streptomyces ginkgonis",14,9.73653357428008e-07,15.1,1.05116277181839e-06
3133167,"Faecousia intestinalis",14,9.73653357428008e-07,14.9,1.03383376654505e-06
2136147,"Bacteroides sedimenti",14,9.73653357428008e-07,12.9,8.96575565644114e-07
1723382,"Urinicoccus massiliensis",14,9.73653357428008e-07,18.3,1.270888350238e-06
525309,"Limosilactobacillus antri",13,9.04106689040294e-07,12,8.32952179262841e-07
1069534,"Ligilactobacillus ruminis",13,9.04106689040294e-07,13,9.06453390681296e-07
679200,"Johnsonella ignava",13,9.04106689040294e-07,16.4,1.13757046547149e-06
78346,"Bifidobacterium ruminantium",13,9.04106689040294e-07,13.7,9.51043214078291e-07
27334,"Penicillium expansum",13,9.04106689040294e-07,15.6,1.08764522548298e-06
1642702,"Paludifilum halophilum",13,9.04106689040294e-07,13.2,9.21494918204633e-07
2589786,"Streptococcus shenyangsis",13,9.04106689040294e-07,13.8,9.56354497174337e-07
2590453,"Myxococcus llanfairpwllgwyngyllgogerychwyrndrobwllllantysiliogogogochensis",13,9.04106689040294e-07,13,9.04127319621157e-07
2797506,"Enterobacter dykesii",13,9.04106689040294e-07,12.7,8.80063171927197e-07
2763067,"Streptococcus hominis",13,9.04106689040294e-07,13.1,9.10767990607201e-07
2923283,"Providencia manganoxydans",13,9.04106689040294e-07,14.9,1.03898277816511e-06
138851,"Treponema parvum",13,9.04106689040294e-07,14.2,9.90380593351641e-07
2919500,"Simplicispira sedimenti",13,9.04106689040294e-07,13.1,9.13012395815967e-07
416450,"Penicillium antarcticum",13,9.04106689040294e-07,17.6,1.22676106241305e-06
280238,"Nocardiopsis rhodophaea",13,9.04106689040294e-07,13.4,9.2975124807482e-07
1670621,"Saccharothrix lopnurensis",13,9.04106689040294e-07,16.7,1.16386335935114e-06
1507512,"Romboutsia hominis",13,9.04106689040294e-07,13.6,9.44823059002491e-07
1745712,"Anaerococcus urinomassiliensis",13,9.04106689040294e-07,14,9.75248029046146e-07
999415,"Eggerthia catenaformis",12,8.34560020652579e-07,9,6.23157717244492e-07
1796616,"Blautia pseudococcoides",12,8.34560020652579e-07,12.3,8.57196853268508e-07
197614,"Streptococcus pasteurianus",12,8.34560020652579e-07,14,9.74335160241593e-07
1868794,"Jeotgalibaca arthritidis",12,8.34560020652579e-07,11.8,8.20590359479117e-07
1166482,"Pseudomaricurvus alcaniphilus",12,8.34560020652579e-07,14.3,9.97735666515426e-07
2751153,"Coprobacter secundus",12,8.34560020652579e-07,12.2,8.47243374886289e-07
489632,"Ectopseudomonas chengduensis",12,8.34560020652579e-07,13.2,9.18601035896164e-07
225991,"Comamonas aquatica",12,8.34560020652579e-07,12,8.3645453072502e-07
2714355,"Vescimonas coprocola",12,8.34560020652579e-07,15.9,1.10649915042151e-06
2885357,"Hominenteromicrobium mulieris",12,8.34560020652579e-07,18,1.24849098083875e-06
2909341,"Octadecabacter dasysiphoniae",12,8.34560020652579e-07,12,8.34561971108316e-07
2981793,"Phocaeicola fibrisolvens",12,8.34560020652579e-07,15.1,1.04774391900153e-06
3002863,"Methanocorpusculum petauri",12,8.34560020652579e-07,12.2,8.474130663144e-07
1850975,"Penicillium nucicola",12,8.34560020652579e-07,17.5,1.21720103320398e-06
1776379,"Leyella lascolaii",12,8.34560020652579e-07,13,9.04992907319272e-07
1987501,"Massiliimalia timonensis",12,8.34560020652579e-07,13.3,9.24752310671385e-07
1314,"Streptococcus pyogenes",12,8.34560020652579e-07,11.4,7.9290778256467e-07
333962,"Providencia heimbachae",12,8.34560020652579e-07,13,9.01036852447456e-07
1117379,"Neobacillus bataviensis",11,7.65013352264864e-07,10.2,7.12094034081059e-07
5857,"Plasmodium fragile",11,7.65013352264864e-07,10.8,7.4979453527127e-07
1676614,"Xylanibacter rarus",11,7.65013352264864e-07,11.4,7.92107800191168e-07
1384589,"Entomohabitans teleogrylli",11,7.65013352264864e-07,11,7.68338438345545e-07
1266046,"Aurantibacter aestuarii",11,7.65013352264864e-07,4.5,3.10783550257947e-07
2305467,"Henriciella mobilis",11,7.65013352264864e-07,4.5,3.10783550257947e-07
2306998,"Flagellimonas pelagia",11,7.65013352264864e-07,4.5,3.10783550257947e-07
2490857,"Lautropia dentalis",11,7.65013352264864e-07,8.8,6.13486394094345e-07
1037680,"Robertmurraya kyonggiensis",11,7.65013352264864e-07,11.1,7.68577330008243e-07
394095,"Pyxidicoccus fallax",11,7.65013352264864e-07,10.9,7.59126697329833e-07
2763676,"Qingrenia yutianensis",11,7.65013352264864e-07,11.4,7.93223187419233e-07
1256514,"Novosphingobium arvoryzae",11,7.65013352264864e-07,11,7.64512524070429e-07
2762247,"Clostridium cibarium",11,7.65013352264864e-07,10.3,7.18492787782914e-07
2877527,"Blautia parvula",11,7.65013352264864e-07,12,8.3366874654458e-07
438033,"Ruminococcus gauvreauii",11,7.65013352264864e-07,12.6,8.76995253626665e-07
70096,"Penicillium cinerascens",11,7.65013352264864e-07,11,7.65030007524256e-07
3376993,"Vescimonas sanitatis",11,7.65013352264864e-07,11.7,8.11238891834718e-07
1544,"Faecalicatena orotica",11,7.65013352264864e-07,11,7.66643529780798e-07
873447,"Streptococcus parauberis",10,6.95466683877149e-07,11.1,7.73380306586346e-07
1035377,"Yersinia pestis",10,6.95466683877149e-07,10,6.98533526589697e-07
1720195,"Gabonibacter massiliensis",10,6.95466683877149e-07,10.3,7.18457395782164e-07
1218112,"Kluyvera cryocrescens",10,6.95466683877149e-07,10.8,7.50461314688647e-07
1260,"Finegoldia magna",10,6.95466683877149e-07,14.4,1.00301066749046e-06
2056311,"Algoriphagus lacus",10,6.95466683877149e-07,9.3,6.45472624211362e-07
2316722,"Corallococcus aberystwythensis",10,6.95466683877149e-07,8.1,5.63451236218411e-07
411468,"[Clostridium] scindens",10,6.95466683877149e-07,10.3,7.19019503026852e-07
1366,"Pseudolactococcus raffinolactis",10,6.95466683877149e-07,6.5,4.54296448493242e-07
108981,"Acinetobacter schindleri",10,6.95466683877149e-07,14.4,1.00144164601462e-06
2726741,"Vibrio agarilyticus",10,6.95466683877149e-07,10.8,7.51127453548873e-07
1871024,"Mordavella massiliensis",10,6.95466683877149e-07,11.8,8.22658486716442e-07
1378263,"Ogataea philodendri",10,6.95466683877149e-07,10,6.95470672489851e-07
2891570,"Pseudocitrobacter corydidari",10,6.95466683877149e-07,9.5,6.5966167301349e-07
29358,"Paraclostridium ghonii",10,6.95466683877149e-07,8.9,6.19909710102308e-07
1855371,"Phytobacter palmae",10,6.95466683877149e-07,9.4,6.53528646710276e-07
1774958,"Rheinheimera marina",10,6.95466683877149e-07,10,6.97946541141366e-07
NA,"unknown genome; accession ID isNZ_DAWEHO010000023.1",10,6.95466683877149e-07,10,6.95467941431585e-07
559292,"Saccharomyces cerevisiae",9,6.25920015489434e-07,8.4,5.86698852631454e-07
86332,"Mogibacterium pumilum",9,6.25920015489434e-07,9,6.29252481053522e-07
2093828,"Neorhizobium tomejilense",9,6.25920015489434e-07,9,6.25921149953963e-07
2109913,"Melaminivora suipulveris",9,6.25920015489434e-07,7.7,5.37132252899086e-07
1448321,"Aspergillus heteromorphus",9,6.25920015489434e-07,9.1,6.33952141773283e-07
2499076,"Marinifilum caeruleilacunae",9,6.25920015489434e-07,9.5,6.60102441943061e-07
544645,"Butyricimonas virosa",9,6.25920015489434e-07,9,6.2719339867731e-07
2961893,"Pseudomonas triclosanedens",9,6.25920015489434e-07,13.8,9.61205017400538e-07
60171,"Penicillium verrucosum",9,6.25920015489434e-07,9,6.24290867758826e-07
1613,"Limosilactobacillus fermentum",9,6.25920015489434e-07,9.1,6.33228556650816e-07
1194168,"Comamonas jiangduensis",9,6.25920015489434e-07,13.5,9.37052025512788e-07
1914243,"Citrobacter europaeus",9,6.25920015489434e-07,9,6.26446278305299e-07
3095078,"Streptococcus wuxiensis",9,6.25920015489434e-07,9.1,6.3435050247231e-07
3095082,"Streptococcus fermentans",9,6.25920015489434e-07,9.5,6.62038841291818e-07
1120918,"Acetitomaculum ruminis",9,6.25920015489434e-07,9,6.26660902200449e-07
1871016,"Collinsella phocaeensis",9,6.25920015489434e-07,8.2,5.7245543420711e-07
1871008,"Eggerthella timonensis",9,6.25920015489434e-07,8.8,6.10049208873352e-07
53442,"Eubacterium callanderi",8,5.56373347101719e-07,8.4,5.86596611496211e-07
1139219,"Enterococcus dispar",8,5.56373347101719e-07,8.4,5.86511247833233e-07
1442599,"Luteimonas huabeiensis",8,5.56373347101719e-07,7.8,5.41174710583966e-07
212818,"Exophiala mesophila",8,5.56373347101719e-07,10.5,7.28205760810778e-07
1423749,"Limosilactobacillus gastricus",8,5.56373347101719e-07,7.7,5.36441116081449e-07
76857,"Fusobacterium polymorphum",8,5.56373347101719e-07,10.4,7.26564508486886e-07
230658,"Paraeggerthella hongkongensis",8,5.56373347101719e-07,7.8,5.45526473546507e-07
2597270,"Alkalicoccobacillus porphyridii",8,5.56373347101719e-07,8.8,6.09575631717059e-07
2722702,"Salinimicrobium oceani",8,5.56373347101719e-07,8.2,5.73167205070884e-07
2230876,"Candidatus Vagococcus giribetii",8,5.56373347101719e-07,9.9,6.9175164337486e-07
2815362,"Pseudomonas palmensis",8,5.56373347101719e-07,8.1,5.66676218546247e-07
2841504,"Dysosmobacter acutus",8,5.56373347101719e-07,10,6.96419277741626e-07
2834432,"Bifidobacterium pongonis",8,5.56373347101719e-07,7.9,5.50305116475804e-07
1074311,"Vibrio alfacsensis",8,5.56373347101719e-07,8.9,6.1993841642354e-07
2919913,"Shinella sedimenti",8,5.56373347101719e-07,7.9,5.51687848094429e-07
2981784,"[Clostridium] ammoniilyticum",8,5.56373347101719e-07,8.1,5.66709412983766e-07
482827,"Thermus arciformis",8,5.56373347101719e-07,8,5.56374353145268e-07
174587,"Carnobacterium viridans",8,5.56373347101719e-07,8,5.57699574385434e-07
556534,"Pseudomonas saponiphila",8,5.56373347101719e-07,9.2,6.37772559189235e-07
1211579,"Pseudomonas putida",7,4.86826678714004e-07,7,4.87103388539747e-07
1414720,"Clostridium saudiense",7,4.86826678714004e-07,8.7,6.03366969386807e-07
1215114,"Pseudomonas parafulva",7,4.86826678714004e-07,6.9,4.76528140918924e-07
1194083,"Nostocoides japonicum",7,4.86826678714004e-07,7,4.87111192359436e-07
5078,"Penicillium griseofulvum",7,4.86826678714004e-07,7,4.8682969318841e-07
150033,"Enterococcus ratti",7,4.86826678714004e-07,7.1,4.9106494634441e-07
460384,"Enterocloster lavalensis",7,4.86826678714004e-07,7,4.89099848302524e-07
2026339,"Oceanibium sediminis",7,4.86826678714004e-07,8.8,6.15415692290994e-07
2605433,"Sphingobacterium phlebotomi",7,4.86826678714004e-07,7.6,5.28557155906742e-07
1857215,"Candidatus Enterococcus willemsii",7,4.86826678714004e-07,7,4.88176077401358e-07
2713419,"Collinsella acetigenes",7,4.86826678714004e-07,7.2,5.03657876770897e-07
1494461,"Pseudolactococcus laudensis",7,4.86826678714004e-07,9.3,6.46042989635873e-07
2791986,"Limnobaculum allomyrinae",7,4.86826678714004e-07,7,4.8792534618331e-07
2815329,"Candidatus Enterococcus courvalinii",7,4.86826678714004e-07,16.5,1.1461465806142e-06
2981773,"Muriventricola aceti",7,4.86826678714004e-07,8.2,5.73424152892056e-07
2078786,"Pseudomonas inefficax",7,4.86826678714004e-07,7.1,4.93461922146819e-07
1121315,"Terrisporobacter glycolicus",7,4.86826678714004e-07,6.9,4.77440400970914e-07
396014,"Brachybacterium phenoliresistens",7,4.86826678714004e-07,7,4.86827559002109e-07
1134781,"Methylopila musalis",7,4.86826678714004e-07,7.3,5.04904625543767e-07
3378067,"Butyricimonas sp. GBGM4",7,4.86826678714004e-07,7.2,4.97908446160389e-07
1871018,"Angelakisella massiliensis",7,4.86826678714004e-07,7.6,5.28395641643059e-07
1871035,"Negativibacillus massiliensis",7,4.86826678714004e-07,7.3,5.10507197794246e-07
1836972,"Frankia canadensis",7,4.86826678714004e-07,9.9,6.85243888609582e-07
477666,"Bacteroides graminisolvens",7,4.86826678714004e-07,7,4.87132253420534e-07
537973,"Lacticaseibacillus paracasei",6,4.17280010326289e-07,5.6,3.92461898794733e-07
667015,"Phocaeicola salanitronis",6,4.17280010326289e-07,5.6,3.92560009132238e-07
985002,"Staphylococcus argenteus",6,4.17280010326289e-07,5.7,3.9619273029621e-07
796942,"Stomatobaculum longum",6,4.17280010326289e-07,6.1,4.24638589160856e-07
1158608,"Enterococcus haemoperoxidus",6,4.17280010326289e-07,4.7,3.25865697758655e-07
1736,"Eubacterium limosum",6,4.17280010326289e-07,6,4.17284209949907e-07
73098,"Kluyvera georgiana",6,4.17280010326289e-07,6.9,4.80030954827966e-07
1834191,"Candidatus Enterococcus testudinis",6,4.17280010326289e-07,5.5,3.8248743796952e-07
2020948,"Romboutsia maritimum",6,4.17280010326289e-07,6,4.20010632048161e-07
158822,"Cedecea neteri",6,4.17280010326289e-07,5.4,3.75645884426053e-07
4909,"Pichia kudriavzevii",6,4.17280010326289e-07,6,4.17280764858951e-07
1796636,"Frisingicoccus caecimuris",6,4.17280010326289e-07,7.5,5.21587210881017e-07
2650158,"Bacteroides luhongzhouii",6,4.17280010326289e-07,6,4.18260526394688e-07
393006,"Tamlana crocina",6,4.17280010326289e-07,5.9,4.08681985423462e-07
2716335,"Falsiroseomonas selenitidurans",6,4.17280010326289e-07,6,4.18706166313385e-07
2732163,"Limnobacter profundi",6,4.17280010326289e-07,6,4.17626408573505e-07
2736294,"Xylanibacter caecicola",6,4.17280010326289e-07,6.1,4.25955469629034e-07
554,"Pectobacterium carotovorum",6,4.17280010326289e-07,5.6,3.8845992749764e-07
2764712,"Lentihominibacter faecis",6,4.17280010326289e-07,6.2,4.30306022014876e-07
68183,"Streptomyces capoamus",6,4.17280010326289e-07,5.3,3.68599659013559e-07
2762212,"Phocaeicola intestinalis",6,4.17280010326289e-07,7.2,5.00599987216476e-07
2773426,"Nocardioides malaquae",6,4.17280010326289e-07,6,4.17280830776319e-07
990412,"Limosilactobacillus alvi",6,4.17280010326289e-07,6.1,4.20793997801706e-07
28133,"Prevotella nigrescens",6,4.17280010326289e-07,6.5,4.55025488480169e-07
221027,"Treponema putidum",6,4.17280010326289e-07,6.7,4.66469585351709e-07
518636,"Enterocloster asparagiformis",6,4.17280010326289e-07,6.1,4.25723615084e-07
80878,"Acidovorax temperans",6,4.17280010326289e-07,5.9,4.08654416402431e-07
3035284,"Prevotella sp. B2-R-102",6,4.17280010326289e-07,5.8,4.05986846997864e-07
271881,"Lactiplantibacillus argentoratensis",6,4.17280010326289e-07,5.9,4.07830428062756e-07
3133091,"unknown genome; accession ID isNZ_JBBMER010000008.1",6,4.17280010326289e-07,6,4.17292378355554e-07
2781224,"Neodothiora populina",6,4.17280010326289e-07,6,4.19054832909692e-07
3136602,"Desulfovibrio falkowii",6,4.17280010326289e-07,6.1,4.25738896893549e-07
1903262,"Bacteroides ndongoniae",6,4.17280010326289e-07,6.2,4.303685297566e-07
1410646,"Bifidobacterium merycicum",6,4.17280010326289e-07,7,4.89876242203016e-07
929439,"Leishmania mexicana",5,3.47733341938574e-07,5.3,3.67140862066185e-07
29372,"Clostridium thermobutyricum",5,3.47733341938574e-07,5,3.49743408683859e-07
1295826,"Lactococcus cremoris",5,3.47733341938574e-07,4.7,3.28283424014516e-07
1413187,"Lactiplantibacillus fabifermentans",5,3.47733341938574e-07,5,3.47735028304484e-07
1505,"Paraclostridium sordellii",5,3.47733341938574e-07,5.7,3.94191556695441e-07
1162717,"Pseudostreptobacillus hongkongensis",5,3.47733341938574e-07,5,3.47734999038599e-07
39480,"Andreesenia angusta",5,3.47733341938574e-07,5.7,3.95765368718656e-07
1834181,"Candidatus Enterococcus mansonii",5,3.47733341938574e-07,3.4,2.33735238707271e-07
501571,"Butyricicoccus pullicaecorum",5,3.47733341938574e-07,5,3.47903751537217e-07
2670374,"Jiangella anatolica",5,3.47733341938574e-07,5,3.47973518385289e-07
61171,"Holdemania filiformis",5,3.47733341938574e-07,5,3.48044859463682e-07
633807,"Vagococcus penaei",5,3.47733341938574e-07,4.7,3.24504213813983e-07
2589817,"Maribrevibacterium harenarium",5,3.47733341938574e-07,6.3,4.40635260262836e-07
2597517,"Flagellimonas hadalis",5,3.47733341938574e-07,5,3.47733970715792e-07
292800,"Flavonifractor plautii",5,3.47733341938574e-07,6.4,4.47403910873572e-07
2552946,"Cedecea colo",5,3.47733341938574e-07,5,3.47735364084705e-07
2766578,"Komagataeibacter melomenusus",5,3.47733341938574e-07,5,3.4773397191097e-07
2748010,"Thiomicrorhabdus heinhorstiae",5,3.47733341938574e-07,5,3.47746487490378e-07
1363,"Lactococcus garvieae",5,3.47733341938574e-07,6.3,4.38138033520173e-07
285729,"Fusobacterium canifelinum",5,3.47733341938574e-07,5.5,3.83204068919479e-07
1220207,"Aspergillus puulaauensis",5,3.47733341938574e-07,7.2,5.02087666040204e-07
411567,"Peptoniphilus gorbachii",5,3.47733341938574e-07,4.4,3.06846815203208e-07
2815358,"Leclercia pneumoniae",5,3.47733341938574e-07,4.7,3.29481433287233e-07
361500,"Anaerococcus degeneri",5,3.47733341938574e-07,5.7,3.93066172988074e-07
2907145,"Rhodobacter flavimaris",5,3.47733341938574e-07,7.1,4.97023233833159e-07
NA,"unknown genome; accession ID isNZ_JAMOKX010000003.1",5,3.47733341938574e-07,5,3.48591002436164e-07
2735723,"Turicibacter bilis",5,3.47733341938574e-07,4.4,3.03524227167751e-07
1437816,"Methylopila turkensis",5,3.47733341938574e-07,4.6,3.17928201797296e-07
40994,"Penicillium hordei",5,3.47733341938574e-07,6.1,4.23350968691494e-07
2606708,"Mogibacterium kristiansenii",5,3.47733341938574e-07,5.5,3.79385081439211e-07
3046670,"Comamonas resistens",5,3.47733341938574e-07,6,4.14939029205074e-07
1368474,"Romboutsia sedimentorum",5,3.47733341938574e-07,4.4,3.06012093994897e-07
3064348,"Pseudomonas boreofloridensis",5,3.47733341938574e-07,5,3.47734055510595e-07
3068306,"Lacticaseibacillus styriensis",5,3.47733341938574e-07,8.6,5.9579688554888e-07
3139408,"Kosakonia calanthes",5,3.47733341938574e-07,5.1,3.55533437476209e-07
3118588,"Ewingella docleensis",5,3.47733341938574e-07,5.4,3.7235966485183e-07
3238987,"Levilactobacillus muriae",5,3.47733341938574e-07,5.5,3.85251901789085e-07
2692112,"Pseudomonas bharatica",5,3.47733341938574e-07,5,3.47733970715792e-07
1121925,"Globicatella sulfidifaciens",5,3.47733341938574e-07,6.1,4.26692737943853e-07
295089,"Pontixanthobacter luteolus",5,3.47733341938574e-07,5.5,3.8067127124682e-07
441959,"Talaromyces stipitatus",4,2.7818667355086e-07,2.9,2.01483526904372e-07
592026,"Catonella morbi",4,2.7818667355086e-07,4,2.79315087046333e-07
484018,"Phocaeicola plebeius",4,2.7818667355086e-07,4.2,2.94561282499329e-07
1123279,"Spongiibacter tropicus",4,2.7818667355086e-07,4.2,2.91658542361546e-07
1123359,"Tetragenococcus muriaticus",4,2.7818667355086e-07,3.7,2.58508083724957e-07
1291743,"Secundilactobacillus oryzae",4,2.7818667355086e-07,5.8,4.01525709200329e-07
47917,"Serratia fonticola",4,2.7818667355086e-07,4,2.78225616720066e-07
1503,"Gottschalkia purinilytica",4,2.7818667355086e-07,3.6,2.49566275709014e-07
1509407,"Aspergillus nomiae",4,2.7818667355086e-07,4,2.79240580912266e-07
312540,"Acidiplasma cupricumulans",4,2.7818667355086e-07,4,2.78187176572634e-07
1423722,"Amylolactobacillus amylotrophicus",4,2.7818667355086e-07,5.6,3.87016200836268e-07
485602,"Actinophytocola xinjiangensis",4,2.7818667355086e-07,4.2,2.89920146299335e-07
472705,"Pantoea conspicua",4,2.7818667355086e-07,4.3,2.97487532328166e-07
1796620,"Acutalibacter muris",4,2.7818667355086e-07,4.1,2.82641527671881e-07
2024554,"Virgibacillus indicus",4,2.7818667355086e-07,4,2.78196919194747e-07
2022662,"Superficieibacter electus",4,2.7818667355086e-07,2.5,1.71310320896387e-07
2764322,"Hydrogeniiclostridium mannosilyticum",4,2.7818667355086e-07,4,2.78706482586226e-07
2339259,"Yersinia hibernica",4,2.7818667355086e-07,4.1,2.84943844720704e-07
1968889,"Streptococcus downii",4,2.7818667355086e-07,4.6,3.1645186859605e-07
2652291,"Inconstantimicrobium porci",4,2.7818667355086e-07,4.5,3.14046877408038e-07
2583452,"Amedibacterium intestinale",4,2.7818667355086e-07,4,2.7888231980225e-07
2703882,"Rahnella contaminans",4,2.7818667355086e-07,4.5,3.10127622505599e-07
577,"Raoultella terrigena",4,2.7818667355086e-07,3.4,2.35390235910236e-07
2675325,"Bifidobacterium erythrocebi",4,2.7818667355086e-07,4.6,3.16947547126132e-07
1292134,"Stenotrophomonas africana",4,2.7818667355086e-07,3.6,2.50367187900366e-07
2697024,"Pusillimonas minor",4,2.7818667355086e-07,3.7,2.58304068293205e-07
2797258,"Lactobacillus nasalidis",4,2.7818667355086e-07,4.4,3.04675475000011e-07
36651,"Penicillium digitatum",4,2.7818667355086e-07,4.6,3.21550322796462e-07
2799577,"Lacticaseibacillus suilingensis",4,2.7818667355086e-07,4,2.78187502372541e-07
1159213,"Peptostreptococcus canis",4,2.7818667355086e-07,4.2,2.92951013788479e-07
2859781,"Clostridium weizhouense",4,2.7818667355086e-07,4,2.76756694796259e-07
3074822,"Pantoea alfalfae",4,2.7818667355086e-07,4,2.78187617792589e-07
2839743,"Hominibacterium faecale",4,2.7818667355086e-07,4.5,3.13621594832349e-07
2778550,"Pectobacterium parvum",4,2.7818667355086e-07,3.3,2.27222028118421e-07
2926519,"Scandinavium hiltneri",4,2.7818667355086e-07,4,2.78593443427804e-07
71451,"Enterococcus malodoratus",4,2.7818667355086e-07,4.1,2.86116541247561e-07
293559,"Penicillium concentricum",4,2.7818667355086e-07,4.7,3.25229728965042e-07
3041622,"Thiopseudomonas acetoxidans",4,2.7818667355086e-07,3.6,2.53195213670556e-07
319970,"Enterococcus devriesei",4,2.7818667355086e-07,4.3,2.97973421264301e-07
3040939,"Raoultella lignicola",4,2.7818667355086e-07,4,2.78305492746224e-07
414052,"Caenispirillum bisanense",4,2.7818667355086e-07,4,2.78737950912842e-07
333963,"Leucobacter iarius",4,2.7818667355086e-07,4.9,3.38932702032831e-07
47880,"Pseudomonas fulva",4,2.7818667355086e-07,6.3,4.39742325350491e-07
69220,"Lelliottia nimipressuralis",4,2.7818667355086e-07,5.2,3.62816346362189e-07
1715645,"Paracoccus mangrovi",4,2.7818667355086e-07,4,2.81642886846885e-07
1495444,"Rhodotorula pacifica",4,2.7818667355086e-07,4,2.78187176572634e-07
3058402,"Terrisporobacter vanillatitrophus",4,2.7818667355086e-07,3.9,2.6816237242668e-07
1816678,"Christensenella timonensis",4,2.7818667355086e-07,4,2.7904692856782e-07
1871031,"Thermophilibacter mediterraneus",4,2.7818667355086e-07,4,2.78500668118015e-07
1917883,"Bacteroides togonis",4,2.7818667355086e-07,3.9,2.72994314117432e-07
NA,"unknown genome; accession ID isNZ_LT821227.1",4,2.7818667355086e-07,4.4,3.04298133076155e-07
881260,"Enterobacter bugandensis",4,2.7818667355086e-07,4.4,3.08395555758055e-07
1329,"Streptococcus canis",4,2.7818667355086e-07,4,2.78852122916076e-07
1287737,"Achromobacter anxifer",4,2.7818667355086e-07,4.7,3.29553935215031e-07
2880704,"Duncaniella muricolitica",4,2.7818667355086e-07,4.1,2.8549356256846e-07
187979,"Mitsuokella jalaludinii",4,2.7818667355086e-07,4.3,3.02268703268948e-07
2941326,"Alistipes muris",4,2.7818667355086e-07,4,2.78187415668782e-07
1034345,"Senegalimassilia anaerobia",3,2.08640005163145e-07,2.1,1.48974742079399e-07
1234382,"Thauera phenylacetica",3,2.08640005163145e-07,3.1,2.14930176077254e-07
1292030,"Pseudomonas taiwanensis",3,2.08640005163145e-07,3,2.10140060085691e-07
1385512,"Pontibacillus litoralis",3,2.08640005163145e-07,3,2.09907542238915e-07
1245769,"Lachancea lanzarotensis",3,2.08640005163145e-07,2.5,1.7507838722968e-07
1549748,"Kiloniella litopenaei",3,2.08640005163145e-07,4.4,3.04406485953826e-07
1629550,"Paraclostridium benzoelyticum",3,2.08640005163145e-07,3.2,2.22903288575014e-07
566552,"Bifidobacterium catenulatum",3,2.08640005163145e-07,3,2.09261311775351e-07
547043,"Bifidobacterium pseudocatenulatum",3,2.08640005163145e-07,3.6,2.49022342712141e-07
1293597,"Lactobacillus equicursoris",3,2.08640005163145e-07,3,2.08675627707236e-07
1307443,"Fusobacterium hwasookii",3,2.08640005163145e-07,4.1,2.8185477249005e-07
69781,"Penicillium oxalicum",3,2.08640005163145e-07,3.4,2.34975460142636e-07
328396,"Enterococcus aquimarinus",3,2.08640005163145e-07,3,2.09185024896794e-07
1511761,"Leuconostoc suionicum",3,2.08640005163145e-07,3,2.09342117956509e-07
2663009,"Fusobacterium pseudoperiodonticum",3,2.08640005163145e-07,4.3,2.95994381098428e-07
1981510,"Monoglobus pectinilyticus",3,2.08640005163145e-07,3.1,2.12259223278316e-07
1611836,"Staphylococcus pragensis",3,2.08640005163145e-07,2.7,1.85471858722952e-07
3038133,"Dubosiella muris",3,2.08640005163145e-07,3,2.08975716733975e-07
2559927,"Enterococcus songbeiensis",3,2.08640005163145e-07,2.9,2.04875508072236e-07
37727,"Talaromyces marneffei",3,2.08640005163145e-07,4.3,2.98112276670449e-07
1494462,"Lactococcus hircilactis",3,2.08640005163145e-07,2.8,1.94403788029273e-07
2916441,"Adlercreutzia rubneri",3,2.08640005163145e-07,3,2.11901202421199e-07
756892,"Acinetobacter indicus",3,2.08640005163145e-07,3.8,2.63122343322997e-07
2759752,"Limosilactobacillus albertensis",3,2.08640005163145e-07,2.8,1.93318045311989e-07
2763037,"Clostridium lentum",3,2.08640005163145e-07,3,2.1125508158832e-07
67324,"Streptomyces massasporeus",3,2.08640005163145e-07,2.9,2.00583103153994e-07
1398493,"Pseudocitrobacter faecalis",3,2.08640005163145e-07,3.6,2.50659182162721e-07
2697499,"Dietzia massiliensis",3,2.08640005163145e-07,3.5,2.41883745625928e-07
2834431,"Bifidobacterium phasiani",3,2.08640005163145e-07,3,2.09600900345991e-07
69218,"Enterobacter cancerogenus",3,2.08640005163145e-07,3.6,2.46905418220872e-07
29369,"Clostridium sardiniense",3,2.08640005163145e-07,3.5,2.43945169073396e-07
3044279,"Massilia hydrophila",3,2.08640005163145e-07,3,2.08640382429475e-07
29438,"Pseudomonas savastanoi",3,2.08640005163145e-07,3,2.08640382429475e-07
1501662,"Streptococcus parasuis",3,2.08640005163145e-07,3.4,2.36762489718374e-07
2929800,"Chryseobacterium suipulveris",3,2.08640005163145e-07,3.3,2.29303418593515e-07
391953,"Aquincola tertiaricarbonis",3,2.08640005163145e-07,2.9,2.01083830156649e-07
2950371,"Lapidilactobacillus luobeiensis",3,2.08640005163145e-07,3.9,2.74034548359003e-07
2981723,"Aedoeadaptatus acetigenes",3,2.08640005163145e-07,5.1,3.55202622392411e-07
2850323,"Diplocloster agilis",3,2.08640005163145e-07,3,2.09332310615478e-07
2999072,"Clostridium brassicae",3,2.08640005163145e-07,3.6,2.47797228943505e-07
2742601,"Limosilactobacillus portuensis",3,2.08640005163145e-07,4.3,3.0138823918774e-07
69791,"Penicillium waksmanii",3,2.08640005163145e-07,3.1,2.14044763971085e-07
59310,"Streptococcus macedonicus",3,2.08640005163145e-07,4,2.75228037855462e-07
3031993,"Enterococcus montenegrensis",3,2.08640005163145e-07,3,2.07152045488087e-07
3053982,"Providencia zhijiangensis",3,2.08640005163145e-07,3.5,2.40940095874919e-07
3110229,"Pseudomonas machongensis",3,2.08640005163145e-07,3,2.08640529430519e-07
2703794,"Serratia nevei",3,2.08640005163145e-07,3,2.09224923266563e-07
1805714,"Christensenella massiliensis",3,2.08640005163145e-07,3.2,2.20805842329641e-07
3097367,"Actinomadura monticuli",3,2.08640005163145e-07,3,2.08640382429475e-07
55213,"Brenneria rubrifaciens",3,2.08640005163145e-07,3.4,2.33102765723243e-07
2172015,"Pseudonocardia lutea",3,2.08640005163145e-07,3.2,2.24364068279058e-07
3349163,"Streptococcus hepaticus",3,2.08640005163145e-07,3,2.08692037164035e-07
285070,"Petrimonas sulfuriphila",3,2.08640005163145e-07,3,2.08640825737012e-07
1805470,"Clostridium nigeriense",3,2.08640005163145e-07,2.8,1.94935382841464e-07
69824,"Thomasclavelia cocleata",3,2.08640005163145e-07,3.1,2.16143130152812e-07
258723,"Marinilactibacillus piezotolerans",3,2.08640005163145e-07,3.3,2.29239889516263e-07
1907654,"Collinsella bouchesdurhonensis",3,2.08640005163145e-07,3.7,2.59266683277238e-07
42322,"Eubacterium ruminantium",3,2.08640005163145e-07,3,2.08640501689836e-07
33030,"Peptoniphilus indolicus",3,2.08640005163145e-07,2.8,1.92847304412957e-07
1654388,"Staphylococcus schweitzeri",3,2.08640005163145e-07,3,2.08687758362451e-07
535290,"Legionella nagasakiensis",3,2.08640005163145e-07,3.4,2.38446151347972e-07
2587528,"Klebsiella spallanzanii",3,2.08640005163145e-07,3.1,2.13143700008301e-07
2941233,"Acetatifactor aquisgranensis",3,2.08640005163145e-07,3,2.08867487841869e-07
266265,"Paraburkholderia xenovorans",2,1.3909333677543e-07,2.1,1.44481622614843e-07
428127,"Amedibacillus dolichus",2,1.3909333677543e-07,2.3,1.60873713891616e-07
764299,"Streptococcus ictaluri",2,1.3909333677543e-07,3,2.10509644105182e-07
640081,"Azospira oryzae",2,1.3909333677543e-07,2.6,1.79092345836982e-07
1122988,"Hoylesella nanceiensis",2,1.3909333677543e-07,2,1.41348942978426e-07
1123298,"Streptococcus caballi",2,1.3909333677543e-07,2.5,1.73029031511258e-07
1235794,"Adlercreutzia caecimuris",2,1.3909333677543e-07,2,1.39093588286317e-07
1495066,"Pseudomonas capeferrum",2,1.3909333677543e-07,2,1.39855534806032e-07
1437610,"Bifidobacterium reuteri",2,1.3909333677543e-07,2,1.41449457960134e-07
1577792,"Terrisporobacter othiniensis",2,1.3909333677543e-07,2.4,1.64530079614021e-07
1388753,"Campylobacter peloridis",2,1.3909333677543e-07,2,1.39093588286317e-07
1306852,"Paenibacillus etheri",2,1.3909333677543e-07,2,1.39103896040099e-07
1423739,"Lentilactobacillus diolivorans",2,1.3909333677543e-07,2.2,1.5130738686842e-07
1423810,"Lacticaseibacillus thailandensis",2,1.3909333677543e-07,1.5,1.04604677142858e-07
1423730,"Lacticaseibacillus camelliae",2,1.3909333677543e-07,2,1.39093656263732e-07
375175,"Loigolactobacillus backii",2,1.3909333677543e-07,2,1.39958722809642e-07
1876757,"Pseudomonas defluvii",2,1.3909333677543e-07,2.2,1.521555249431e-07
1331258,"Bordetella pseudohinzii",2,1.3909333677543e-07,1,6.95467941431585e-08
249189,"Enterococcus hermanniensis",2,1.3909333677543e-07,2.8,1.98043571106398e-07
2652292,"Hornefia porci",2,1.3909333677543e-07,2.1,1.48720905986796e-07
4999,"Kockovaella imperatae",2,1.3909333677543e-07,2,1.41905644179666e-07
1905142,"Amycolatopsis vastitatis",2,1.3909333677543e-07,2.1,1.47426367563252e-07
28113,"Bacteroides heparinolyticus",2,1.3909333677543e-07,2.4,1.68314966450416e-07
1310,"Streptococcus sobrinus",2,1.3909333677543e-07,2.3,1.59777667619134e-07
1448315,"Aspergillus uvarum",2,1.3909333677543e-07,2,1.39094271659603e-07
1448316,"Aspergillus ibericus",2,1.3909333677543e-07,2,1.39093774343127e-07
2259170,"Pedobacter miscanthi",2,1.3909333677543e-07,2,1.39164390839475e-07
2249428,"Aliidiomarina celeris",2,1.3909333677543e-07,3.1,2.17568659903092e-07
2292441,"Paratractidigestivibacter faecalis",2,1.3909333677543e-07,2,1.4194768875025e-07
2316736,"Corallococcus exercitus",2,1.3909333677543e-07,2,1.39094608919672e-07
2320868,"Clostridium manihotivorum",2,1.3909333677543e-07,2,1.41348622652567e-07
2485123,"Photobacterium chitinilyticum",2,1.3909333677543e-07,2,1.391055534133e-07
296842,"Solidesulfovibrio carbinolicus",2,1.3909333677543e-07,2.1,1.45995765862085e-07
397457,"Gulbenkiania mobilis",2,1.3909333677543e-07,2.3,1.59690378958469e-07
2697027,"Sodalis ligni",2,1.3909333677543e-07,2.7,1.88715309360421e-07
2562439,"Mixta tenebrionis",2,1.3909333677543e-07,3.7,2.57110375251744e-07
2605638,"Bradyrhizobium hipponense",2,1.3909333677543e-07,2.3,1.63165506930759e-07
162,"Treponema phagedenis",2,1.3909333677543e-07,2.1,1.43373446728608e-07
1031542,"Campylobacter volucris",2,1.3909333677543e-07,2,1.39093757675984e-07
2071710,"Enterobacter sichuanensis",2,1.3909333677543e-07,1.6,1.08086083249906e-07
2606638,"Bullifex porci",2,1.3909333677543e-07,2.2,1.52090755513837e-07
84135,"Gemella sanguinis",2,1.3909333677543e-07,2,1.40703951103967e-07
2681984,"Erwinia sorbitola",2,1.3909333677543e-07,2.1,1.47205013313999e-07
1590,"Lactiplantibacillus plantarum",2,1.3909333677543e-07,2,1.40552985764142e-07
2661627,"Bifidobacterium saimiriisciurei",2,1.3909333677543e-07,2,1.39093951371057e-07
449520,"Campylobacter canadensis",2,1.3909333677543e-07,2,1.39093751767168e-07
2758441,"Vibrio marinisediminis",2,1.3909333677543e-07,3,2.05793823565646e-07
1492,"Clostridium butyricum",2,1.3909333677543e-07,2,1.39093588286317e-07
1485586,"Streptomyces calidiresistens",2,1.3909333677543e-07,2,1.39097663864905e-07
700500,"Catenisphaera adipataccumulans",2,1.3909333677543e-07,1.8,1.2363237276818e-07
2745495,"Pseudomonas vanderleydeniana",2,1.3909333677543e-07,2,1.39596749458507e-07
2745492,"Pseudomonas farsensis",2,1.3909333677543e-07,2,1.39093772845699e-07
2763677,"Zongyangia hominis",2,1.3909333677543e-07,2.2,1.56236985720876e-07
2774015,"Pectobacterium quasiaquaticum",2,1.3909333677543e-07,2.2,1.53595184965549e-07
1201031,"Pectobacterium aroidearum",2,1.3909333677543e-07,2.3,1.57618978937949e-07
1151742,"Lactococcus taiwanensis",2,1.3909333677543e-07,2.2,1.54797873128462e-07
2020965,"Bifidobacterium imperatoris",2,1.3909333677543e-07,2,1.39262519652549e-07
1917880,"Nissabacter archeti",2,1.3909333677543e-07,2.4,1.69649305055944e-07
2267891,"Campylobacter novaezeelandiae",2,1.3909333677543e-07,2,1.41367491042962e-07
2853160,"Streptococcus vulneris",2,1.3909333677543e-07,1.7,1.19476883076777e-07
932217,"Anaerosalibacter bizertensis",2,1.3909333677543e-07,2,1.39093588286317e-07
363952,"Comamonas thiooxydans",2,1.3909333677543e-07,2.7,1.87950335639586e-07
351091,"Oscillibacter valericigenes",2,1.3909333677543e-07,2,1.39194733922014e-07
2867964,"Croceicoccus hydrothermalis",2,1.3909333677543e-07,3,2.09813599557097e-07
147206,"Collinsella stercoris",2,1.3909333677543e-07,2.9,2.04982297023801e-07
2994648,"Enterobacter nematophilus",2,1.3909333677543e-07,2,1.40510913858241e-07
3016083,"Phocaeicola acetigenes",2,1.3909333677543e-07,2.1,1.44987462451657e-07
1005665,"Kosakonia oryzendophytica",2,1.3909333677543e-07,2,1.39970978574276e-07
1131581,"Penicillium argentinense",2,1.3909333677543e-07,2.1,1.44676407707091e-07
36646,"Penicillium coprophilum",2,1.3909333677543e-07,2,1.3920392055662e-07
1506179,"Penicillium alfredii",2,1.3909333677543e-07,2.1,1.43132994985949e-07
63820,"Penicillium chermesinum",2,1.3909333677543e-07,2,1.3909358974379e-07
485880,"Pseudomonas kurunegalensis",2,1.3909333677543e-07,2,1.39103024507031e-07
2480810,"Pseudoxanthomonas winnipegensis",2,1.3909333677543e-07,2.1,1.44292162934517e-07
54291,"Raoultella ornithinolytica",2,1.3909333677543e-07,3.1,2.12144262518059e-07
3068305,"Lacticaseibacillus parahuelsenbergensis",2,1.3909333677543e-07,2.6,1.80415209102984e-07
1460447,"Terrisporobacter petrolearius",2,1.3909333677543e-07,3.1,2.17380172567717e-07
3065809,"Lachnoanaerobaculum sanguinis",2,1.3909333677543e-07,2.4,1.6954034110258e-07
68334,"Erwinia aphidicola",2,1.3909333677543e-07,2.1,1.44087690120238e-07
229486,"Streptomyces hebeiensis",2,1.3909333677543e-07,2.4,1.64665073432147e-07
66882,"Streptomyces cuspidosporus",2,1.3909333677543e-07,2,1.39095133188406e-07
173856,"Streptomyces luteosporeus",2,1.3909333677543e-07,2.2,1.53704093827063e-07
638574,"Nonomuraea rosea",2,1.3909333677543e-07,2.1,1.42602392012622e-07
3133159,"Megasphaera intestinihominis",2,1.3909333677543e-07,2.1,1.46145076809694e-07
3133091,"unknown genome; accession ID isNZ_JBBMER010000014.1",2,1.3909333677543e-07,2,1.39218307593399e-07
457454,"Deinococcus xinjiangensis",2,1.3909333677543e-07,2.1,1.47059887061832e-07
3342383,"Flintibacter porci",2,1.3909333677543e-07,2.2,1.49986943338086e-07
469547,"Aquamicrobium segne",2,1.3909333677543e-07,3,2.07149432020973e-07
453959,"Enterococcus camelliae",2,1.3909333677543e-07,2,1.39364269515802e-07
555791,"Staphylococcus massiliensis",2,1.3909333677543e-07,2,1.39093588286317e-07
273131,"Nakaseomyces bracarensis",2,1.3909333677543e-07,2,1.39093597275577e-07
176160,"Aspergillus ambiguus",2,1.3909333677543e-07,2,1.39093588288482e-07
2662455,"Paraclostridium dentum",2,1.3909333677543e-07,2.3,1.60313682734835e-07
1755099,"Pseudenterobacter timonensis",2,1.3909333677543e-07,1.7,1.18795653041131e-07
1776388,"Prevotella phocaeensis",2,1.3909333677543e-07,2,1.39117380290677e-07
604330,"Parafannyhessea umbonata",2,1.3909333677543e-07,2.5,1.74400508361261e-07
1720063,"Halopseudomonas yangmingensis",2,1.3909333677543e-07,2,1.40275629823994e-07
1533,"Clostridium fallax",2,1.3909333677543e-07,2,1.39093595393159e-07
95485,"Burkholderia stabilis",2,1.3909333677543e-07,1,6.95467941431585e-08
571,"Klebsiella oxytoca",2,1.3909333677543e-07,2.1,1.4651594452265e-07
137545,"Serratia quinivorans",2,1.3909333677543e-07,2,1.39093611268533e-07
2899519,"Anaerococcus ihuae",2,1.3909333677543e-07,2,1.39168759601666e-07
2941517,"Hominisplanchenecus murintestinalis",2,1.3909333677543e-07,2,1.40931687824308e-07
435258,"Leishmania infantum",1,6.95466683877149e-08,1,6.99380414531296e-08
343509,"Sodalis glossinidius",1,6.95466683877149e-08,1,6.9549002293264e-08
591001,"Acidaminococcus fermentans",1,6.95466683877149e-08,1,6.95467990097391e-08
445971,"Anaerofustis stercorihominis",1,6.95466683877149e-08,1,6.9546794144022e-08
626522,"Alloprevotella tannerae",1,6.95466683877149e-08,1,6.99569238124698e-08
679192,"Bulleidia extructa",1,6.95466683877149e-08,1.4,1.00055206494662e-07
44056,"Aureococcus anophagefferens",1,6.95466683877149e-08,1,6.95467941431585e-08
930944,"Yersinia enterocolitica",1,6.95466683877149e-08,1,6.97253766240815e-08
1048245,"Mycobacterium canetti",1,6.95466683877149e-08,1,7.00487700933267e-08
630626,"Shimwellia blattae",1,6.95466683877149e-08,1.3,8.9854299144448e-08
1163407,"Rhodanobacter spathiphylli",1,6.95466683877149e-08,1,6.95467941431585e-08
742818,"Slackia piriformis",1,6.95466683877149e-08,1.1,7.35552829254371e-08
930169,"Alloalcanivorax dieselolei",1,6.95466683877149e-08,1.2,8.10690812694953e-08
1033733,"Anaerococcus senegalensis",1,6.95466683877149e-08,1,6.96222482536375e-08
931276,"Clostridium saccharoperbutylacetonicum",1,6.95466683877149e-08,1,7.17553177047416e-08
1123250,"Selenomonas bovis",1,6.95466683877149e-08,1,6.96423177953605e-08
1255705,"Bavariicoccus seileri",1,6.95466683877149e-08,1.1,7.52957958360415e-08
1121109,"Bifidobacterium minimum",1,6.95466683877149e-08,1.2,8.64270284631997e-08
1121111,"Bifidobacterium thermacidophilum",1,6.95466683877149e-08,1,6.95467945521103e-08
1122980,"Segatella baroniae",1,6.95466683877149e-08,1,7.03764275823986e-08
1122981,"Prevotella corporis",1,6.95466683877149e-08,1,7.15931388790365e-08
1211844,"Candidatus Stoquefichus massiliensis",1,6.95466683877149e-08,1,6.95489942782292e-08
5802,"Eimeria tenella",1,6.95466683877149e-08,1,7.13879387191732e-08
1336250,"Hallella seregens",1,6.95466683877149e-08,1,6.95467941431585e-08
1336241,"Eubacterium xylanophilum",1,6.95466683877149e-08,1.1,7.66499470318951e-08
1441930,"Chania multitudinisentens",1,6.95466683877149e-08,1,7.07805231579031e-08
NA,"unknown genome; accession ID isNZ_JHXY01000050.1",1,6.95466683877149e-08,1,6.95467941431585e-08
1501230,"Paenibacillus tyrfis",1,6.95466683877149e-08,1.1,7.41894488715886e-08
189425,"Paenibacillus graminis",1,6.95466683877149e-08,0.5,3.4408513332618e-08
633415,"Aeromonas sanarellii",1,6.95466683877149e-08,1,6.96002797914735e-08
1499683,"Clostridium culturomicium",1,6.95466683877149e-08,1,6.95470262946684e-08
1650661,"Clostridium phoceensis",1,6.95466683877149e-08,1,6.97834062326719e-08
1347366,"Clostridium massiliamazoniense",1,6.95466683877149e-08,1,7.09232625880555e-08
1423777,"Liquorilactobacillus oeni",1,6.95466683877149e-08,1.5,1.0404414963546e-07
1641875,"Roseovarius atlanticus",1,6.95466683877149e-08,1,6.96602803410964e-08
76123,"Hoylesella enoeca",1,6.95466683877149e-08,1,6.99596880990616e-08
1348632,"Pseudolactococcus plantarum",1,6.95466683877149e-08,1.3,9.09180311083913e-08
1452487,"Crenobacter luteus",1,6.95466683877149e-08,1.1,7.85232784629954e-08
2049356,"Monocercomonoides exilis",1,6.95466683877149e-08,1,6.99447261208306e-08
1462993,"Paraburkholderia ginsengiterrae",1,6.95466683877149e-08,1,6.95468013379635e-08
1367422,"Fonsecaea erecta",1,6.95466683877149e-08,0.9,6.48856859420052e-08
1851568,"Photorhabdus namnaonensis",1,6.95466683877149e-08,1,6.92050709961205e-08
187452,"Pediococcus claussenii",1,6.95466683877149e-08,0.7,5.00732802600483e-08
1480615,"Hoeflea olei",1,6.95466683877149e-08,1.1,7.3027533032414e-08
1432052,"Eisenbergiella tayi",1,6.95466683877149e-08,1.1,7.40868412168167e-08
1036612,"Aspergillus sydowii",1,6.95466683877149e-08,1,6.99136758356761e-08
1720557,"Streptobacillus ratti",1,6.95466683877149e-08,0.6,4.18043479610551e-08
1441469,"Talaromyces atroroseus",1,6.95466683877149e-08,1,6.95469166866027e-08
1121267,"Campylobacter cuniculorum",1,6.95466683877149e-08,1,6.95467941431585e-08
1834167,"Candidatus Enterococcus lemimoniae",1,6.95466683877149e-08,2.3,1.58600088589861e-07
1945634,"Butyricicoccus porcorum",1,6.95466683877149e-08,0.8,5.4730221459832e-08
2005703,"Enterococcus wangshanyuanii",1,6.95466683877149e-08,1.7,1.20351752606601e-07
2024555,"Virgibacillus profundi",1,6.95466683877149e-08,1,6.95468062574006e-08
1291764,"Lactococcus fujiensis",1,6.95466683877149e-08,1,7.01563703491589e-08
1955013,"Staphylococcus edaphicus",1,6.95466683877149e-08,1,6.95467941431585e-08
66228,"Gleimia europaea",1,6.95466683877149e-08,1,6.95420518453065e-08
1458355,"Mixta theicola",1,6.95466683877149e-08,1,6.95589868571481e-08
665914,"Mixta gaviniae",1,6.95466683877149e-08,1.1,7.78204081992987e-08
52704,"Clostridium vincentii",1,6.95466683877149e-08,1.3,9.06295211432435e-08
28119,"Bacteroides zoogleoformans",1,6.95466683877149e-08,1,6.95778008483824e-08
61647,"Pluralibacter gergoviae",1,6.95466683877149e-08,2.3,1.63142843580141e-07
1448322,"Aspergillus aculeatinus",1,6.95466683877149e-08,1,6.95468010861442e-08
2184082,"Marinifilum breve",1,6.95466683877149e-08,1.1,7.38636831020918e-08
242230,"Eggerthella sinensis",1,6.95466683877149e-08,1.1,7.54117619800309e-08
2259592,"Jannaschia formosa",1,6.95466683877149e-08,2.1,1.49233740602653e-07
70775,"Pseudomonas plecoglossicida",1,6.95466683877149e-08,1,6.95472756777549e-08
2259674,"Azohydromonas sediminis",1,6.95466683877149e-08,1,6.95468018178134e-08
2320100,"Parablautia intestinalis",1,6.95466683877149e-08,1,6.95510699602365e-08
2707003,"Streptococcus chosunensis",1,6.95466683877149e-08,1.3,8.98946209860228e-08
2894079,"Pseudomonas oryziphila",1,6.95466683877149e-08,1,7.02447870652474e-08
2486011,"Lacticaseibacillus suibinensis",1,6.95466683877149e-08,1,6.97041684182883e-08
2486003,"Companilactobacillus keshanensis",1,6.95466683877149e-08,1.1,7.66502807773523e-08
2306975,"Bifidobacterium goeldii",1,6.95466683877149e-08,1.1,7.40828466732328e-08
33970,"Melissococcus plutonius",1,6.95466683877149e-08,1,6.95581792445842e-08
1160095,"Vagococcus entomophilus",1,6.95466683877149e-08,1.1,7.96426229190714e-08
83683,"Lactobacillus amylolyticus",1,6.95466683877149e-08,1,7.09561548953761e-08
97331,"Arthrobotrys flagrans",1,6.95466683877149e-08,0.7,5.07920581664421e-08
2493111,"Lacticaseibacillus hulanensis",1,6.95466683877149e-08,1,6.95467941431585e-08
1293592,"Latilactobacillus curvatus",1,6.95466683877149e-08,1.4,9.47104584961686e-08
453575,"Allopusillimonas ginsengisoli",1,6.95466683877149e-08,1,7.30199382637812e-08
1578925,"Pyricularia pennisetigena",1,6.95466683877149e-08,1,6.97424224546257e-08
2548455,"Clostridium cuniculi",1,6.95466683877149e-08,1.9,1.29483426177041e-07
2547833,"Palleronia sediminis",1,6.95466683877149e-08,1.2,8.38703591219495e-08
2518605,"Segatella hominis",1,6.95466683877149e-08,1.2,8.33583931320248e-08
2530390,"Muribaculum gordoncarteri",1,6.95466683877149e-08,1,6.96691366348174e-08
1296537,"Enterococcus xiangfangensis",1,6.95466683877149e-08,2,1.4245742672209e-07
1333651,"Bifidobacterium moukalabense",1,6.95466683877149e-08,1,6.96300382504849e-08
2582917,"Klebsiella indica",1,6.95466683877149e-08,1,6.96291402730678e-08
1283,"Staphylococcus haemolyticus",1,6.95466683877149e-08,1.3,9.15246184336213e-08
665913,"Mixta calida",1,6.95466683877149e-08,1.1,7.47636621900828e-08
109328,"Leptotrichia trevisanii",1,6.95466683877149e-08,1,6.98755007156991e-08
449659,"Ligilactobacillus pobuzihii",1,6.95466683877149e-08,1,6.95467941431585e-08
1981069,"Leuconostoc litchii",1,6.95466683877149e-08,1,6.95582073997337e-08
2137581,"Ellagibacter isourolithinifaciens",1,6.95466683877149e-08,1.9,1.35325125955747e-07
2608684,"Paenibacillus tengchongensis",1,6.95466683877149e-08,1,6.95469794263858e-08
88233,"Lacticaseibacillus manihotivorans",1,6.95466683877149e-08,1.1,7.75099664911056e-08
2152889,"Paraburkholderia hayleyella",1,6.95466683877149e-08,1,6.95467941431585e-08
1599,"Latilactobacillus sakei",1,6.95466683877149e-08,1.1,7.69857201359333e-08
2012477,"Lactobacillus porci",1,6.95466683877149e-08,1,7.02031874916396e-08
2652276,"Holdemanella porci",1,6.95466683877149e-08,1,7.08786755237968e-08
2605782,"Desulfovibrio porci",1,6.95466683877149e-08,1,7.04529636093649e-08
1331689,"Ursidibacter maritimus",1,6.95466683877149e-08,1.2,8.29253467308389e-08
2597702,"Serratia rhizosphaerae",1,6.95466683877149e-08,1,6.98237189078699e-08
2320879,"Parablautia muri",1,6.95466683877149e-08,1,7.00921112694334e-08
673940,"Lindgomyces ingoldianus",1,6.95466683877149e-08,1,6.95467941431585e-08
682956,"Paenibacillus jilunlii",1,6.95466683877149e-08,0.5,3.4408513332618e-08
708087,"Cyclobacterium jeungdonense",1,6.95466683877149e-08,1,6.95538335158027e-08
2108399,"Pectobacterium punjabense",1,6.95466683877149e-08,1.8,1.2509193047815e-07
2682456,"Veillonella nakazawae",1,6.95466683877149e-08,1.3,8.75178447429077e-08
42677,"Fusarium subglutinans",1,6.95466683877149e-08,1.2,8.35406308405691e-08
380911,"Parapusillimonas granuli",1,6.95466683877149e-08,1.1,7.30555559727583e-08
2724178,"Pseudomonas cremoris",1,6.95466683877149e-08,1,6.95467941431585e-08
2763043,"Eggerthella hominis",1,6.95466683877149e-08,1.2,8.53005702666073e-08
2763054,"Mediterraneibacter hominis",1,6.95466683877149e-08,1,6.95467957175518e-08
2763053,"Lawsonibacter hominis",1,6.95466683877149e-08,1.1,7.37263807070699e-08
2763015,"Alistipes hominis",1,6.95466683877149e-08,1,6.9560814777457e-08
2763678,"Youxingia wuxianensis",1,6.95466683877149e-08,1.3,8.97932438899774e-08
1571185,"Marinithermofilum abyssi",1,6.95466683877149e-08,1,6.98234600812707e-08
103732,"Lentzea flava",1,6.95466683877149e-08,1,7.0054268246388e-08
66870,"Streptomyces aurantiogriseus",1,6.95466683877149e-08,1,6.95467941431585e-08
67314,"Streptomyces lavendofoliae",1,6.95466683877149e-08,1,6.95637680783011e-08
1565040,"Limoniibacter endophyticus",1,6.95466683877149e-08,1.2,8.64522544634567e-08
2762223,"Clostridium faecium",1,6.95466683877149e-08,1.8,1.24855723571854e-07
40518,"Ruminococcus bromii",1,6.95466683877149e-08,1,6.95492941749881e-08
87229,"Botrytis porri",1,6.95466683877149e-08,0.4,3.08184530228975e-08
480036,"Nocardia blacklockiae",1,6.95466683877149e-08,1,6.97598158691751e-08
1334,"Streptococcus dysgalactiae",1,6.95466683877149e-08,1.1,7.51928855932436e-08
339861,"Clostridium aciditolerans",1,6.95466683877149e-08,1,7.07398869761041e-08
382777,"Thiocapsa imhoffii",1,6.95466683877149e-08,1,6.95467959266028e-08
2800325,"Clostridium yunnanense",1,6.95466683877149e-08,1.1,7.41255036366584e-08
2080838,"Lelliottia aquatilis",1,6.95466683877149e-08,1,6.95641901412218e-08
483206,"Mesorhizobium caraganae",1,6.95466683877149e-08,1,6.95467948329018e-08
1008308,"Fusibacter tunisiensis",1,6.95466683877149e-08,1,6.95881150578773e-08
1465635,"Pantoea coffeiphila",1,6.95466683877149e-08,1,6.95487066373815e-08
2815324,"Candidatus Enterococcus ferrettii",1,6.95466683877149e-08,1,6.95518991436025e-08
2800387,"Prevotella illustrans",1,6.95466683877149e-08,1,7.16894156983571e-08
2819233,"Microvirga antarctica",1,6.95466683877149e-08,1.3,8.85372956417984e-08
2713174,"Fructobacillus parabroussonetiae",1,6.95466683877149e-08,1,6.9546824282748e-08
2841506,"Clostridium simiarum",1,6.95466683877149e-08,1.1,7.70589791844767e-08
2995658,"Pseudomonas lijiangensis",1,6.95466683877149e-08,1,6.95467941431585e-08
1481665,"Advenella alkanexedens",1,6.95466683877149e-08,1.2,8.06923417654658e-08
2842356,"Pseudomonas xanthosomatis",1,6.95466683877149e-08,1,6.99792605981379e-08
2796366,"Comamonas fluminis",1,6.95466683877149e-08,1,6.95574322312148e-08
2834437,"Bifidobacterium miconisargentati",1,6.95466683877149e-08,1,6.95510984329941e-08
1490,"Paraclostridium bifermentans",1,6.95466683877149e-08,1.3,9.06448598919399e-08
2813371,"Terrisporobacter hibernicus",1,6.95466683877149e-08,1.9,1.33959183096867e-07
36834,"Clostridium celatum",1,6.95466683877149e-08,1.1,7.8574253412356e-08
2920385,"Halomonas flagellata",1,6.95466683877149e-08,1,7.04459409054238e-08
470932,"Pantoea deleyi",1,6.95466683877149e-08,1,6.95668379395003e-08
2872648,"Mixta hanseatica",1,6.95466683877149e-08,1.1,7.36662684417165e-08
1187925,"Alternaria hordeiaustralica",1,6.95466683877149e-08,1,6.95467941431585e-08
2926617,"Microbulbifer okhotskensis",1,6.95466683877149e-08,1,6.95467941431585e-08
45303,"Alternaria infectoria",1,6.95466683877149e-08,1,6.95467941431585e-08
497109,"Candida pseudojiufengensis",1,6.95466683877149e-08,1,6.95467958850555e-08
2963283,"Stenotrophomonas muris",1,6.95466683877149e-08,1.4,9.7106730183906e-08
2972466,"Tractidigestivibacter montrealensis",1,6.95466683877149e-08,1,6.95467941431585e-08
478749,"Marvinbryantia formatexigens",1,6.95466683877149e-08,1,6.95962996000569e-08
2977320,"Comamonas squillarum",1,6.95466683877149e-08,0.4,3.08184530228975e-08
1601,"Ligilactobacillus agilis",1,6.95466683877149e-08,1,7.01184657593084e-08
208223,"Kosakonia cowanii",1,6.95466683877149e-08,1.1,7.69461628651783e-08
855,"Fusobacterium simiae",1,6.95466683877149e-08,1,7.15223577059718e-08
2994643,"Alcaligenes nematophilus",1,6.95466683877149e-08,1,7.02771653679255e-08
2871169,"Stenotrophomonas forensis",1,6.95466683877149e-08,1.8,1.21895512883493e-07
1080232,"Penicillium hispanicum",1,6.95466683877149e-08,1,7.28665128837971e-08
1882272,"Penicillium samsonianum",1,6.95466683877149e-08,1,7.18144703119517e-08
3029272,"Amygdalobacter indicium",1,6.95466683877149e-08,1,6.9641631774843e-08
3029274,"Amygdalobacter nucleatus",1,6.95466683877149e-08,2,1.42372157090888e-07
3034157,"Pollutibacter soli",1,6.95466683877149e-08,1.4,9.79667960187256e-08
3031406,"Isoptericola croceus",1,6.95466683877149e-08,1,6.95467941431585e-08
3035606,"Catenibacterium mitsuokai",1,6.95466683877149e-08,1,6.99162315226776e-08
1230953,"Hydrogenophaga electricum",1,6.95466683877149e-08,1,6.95495226267826e-08
2758443,"Mixta mediterraneensis",1,6.95466683877149e-08,1,7.24134353107651e-08
2971264,"Citrobacter enshiensis",1,6.95466683877149e-08,1,6.95478473861311e-08
2559925,"Enterococcus dongliensis",1,6.95466683877149e-08,1.3,8.81764554149236e-08
2652269,"Anaerococcus porci",1,6.95466683877149e-08,1,6.95567109260405e-08
2219225,"Pseudomonas asiatica",1,6.95466683877149e-08,1,6.95760393089778e-08
3115853,"Pseudomonas auratipiscis",1,6.95466683877149e-08,1,6.95467941431585e-08
3090668,"Halalkalibacter flavus",1,6.95466683877149e-08,1,6.95467941431585e-08
3123317,"Kineothrix sedimenti",1,6.95466683877149e-08,1,6.95805029147244e-08
1737,"Paraclostridium tenue",1,6.95466683877149e-08,1,6.99517464995369e-08
454156,"Actinomadura chokoriensis",1,6.95466683877149e-08,1,6.95467948307053e-08
111803,"Actinocorallia longicatena",1,6.95466683877149e-08,1,7.01267906138625e-08
427369,"Streptomonospora halophila",1,6.95466683877149e-08,1,6.97809717795061e-08
3085167,"Segatella sinensis",1,6.95466683877149e-08,1,6.9944860058048e-08
3133174,"Peptoniphilus hominis (ex Hitch et al. 2025)",1,6.95466683877149e-08,1.1,7.57024835244759e-08
3161189,"Streptococcus jiangjianxini",1,6.95466683877149e-08,1,6.95666313672647e-08
321661,"Pseudomonas vranovensis",1,6.95466683877149e-08,1,6.95472046238566e-08
74703,"Staphylococcus capitis",1,6.95466683877149e-08,1.3,9.2727511079575e-08
3231715,"Streptomyces sp. HUAS ZL42",1,6.95466683877149e-08,1.3,8.91149526455435e-08
2797505,"Enterobacter vonholyi",1,6.95466683877149e-08,2.2,1.49866142652051e-07
510515,"Comamonas guangdongensis",1,6.95466683877149e-08,1,6.95467941431585e-08
1651218,"Delftia deserti",1,6.95466683877149e-08,1.1,7.42194037943816e-08
629724,"Paenibacillus residui",1,6.95466683877149e-08,1,6.95507068686096e-08
645616,"Eoetvoesiella caeni",1,6.95466683877149e-08,1,6.95468215414836e-08
2941330,"Lactococcus muris",1,6.95466683877149e-08,1,6.95927845757413e-08
1335613,"Gordonibacter urolithinfaciens",1,6.95466683877149e-08,1,7.06063497248878e-08
3367746,"Aeromonas sp. A-5",1,6.95466683877149e-08,1.1,7.47482586738258e-08
3367691,"Paenibacillus nitricinens",1,6.95466683877149e-08,1,6.95526087829223e-08
1423778,"Paucilactobacillus oligofermentans",1,6.95466683877149e-08,1,6.95468267641379e-08
1679721,"Herbinix luporum",1,6.95466683877149e-08,1.4,9.70697339043901e-08
288768,"Bordetella ansorpii",1,6.95466683877149e-08,1,6.95467941431585e-08
1816680,"Vaginella massiliensis",1,6.95466683877149e-08,1.2,8.65270004534541e-08
1776387,"Peptoniphilus raoultii",1,6.95466683877149e-08,1,7.21982054175672e-08
1871002,"Acidaminococcus timonensis",1,6.95466683877149e-08,1,7.15325825479269e-08
1852370,"Prevotellamassilia timonensis",1,6.95466683877149e-08,1.5,1.056377627301e-07
81409,"Eubacterium aggregans",1,6.95466683877149e-08,1.9,1.30825558809682e-07
254161,"Halopseudomonas pachastrellae",1,6.95466683877149e-08,1,6.95502417664955e-08
1909670,"Gemella massiliensis",1,6.95466683877149e-08,1,6.9688607267162e-08
NA,"unknown genome; accession ID isNZ_LT635480.1",1,6.95466683877149e-08,1,6.74212718394216e-08
1297750,"Bacteroides luti",1,6.95466683877149e-08,2.1,1.48212688420088e-07
1121025,"Atopostipes suicloacalis",1,6.95466683877149e-08,2,1.39852846795646e-07
1871017,"Aedoeadaptatus urinae",1,6.95466683877149e-08,1,6.97319684523469e-08
2026604,"Listeria costaricensis",1,6.95466683877149e-08,1.2,8.53928291996041e-08
44008,"Enterococcus cecorum",1,6.95466683877149e-08,1,6.99739022725916e-08
164,"Treponema pectinovorum",1,6.95466683877149e-08,1,6.95467941431585e-08
2479840,"Prevotella marseillensis",1,6.95466683877149e-08,1,7.25602749248936e-08
33033,"Parvimonas micra",1,6.95466683877149e-08,1,7.03230263603654e-08
2590867,"Enorma burkinafasonensis",1,6.95466683877149e-08,0.7,5.20959984337414e-08
44467,"Mycobacterium tilburgii",1,6.95466683877149e-08,1,6.95467941431585e-08
2736608,"Streptococcus thalassemiae",1,6.95466683877149e-08,1.3,8.84392704359158e-08
2897682,"Paenibacillus pseudetheri",1,6.95466683877149e-08,1,6.95496041706923e-08
2811778,"Fenollaria sporofastidiosus",1,6.95466683877149e-08,1.2,8.13163794908493e-08
2941515,"Otoolea muris",1,6.95466683877149e-08,1,6.95467941733796e-08
28151,"Serratia proteamaculans",1,6.95466683877149e-08,1.1,7.77365342137397e-08
2094020,"Trichococcus shcherbakoviae",1,6.95466683877149e-08,0.6,4.25230986398227e-08
