"TaxonomyID","Genome","read_count","Proportion","readsEM","EMProportion"
28116,"Bacteroides ovatus",2579180,0.180203998488879,2328324.1,0.162677019408598
1653434,"Sellimonas intestinalis",2027005,0.141624239470278,2026968.1,0.141621658989222
1108849,"Penicillium rubens",1255101,0.0876922970507646,1255086.5,0.0876912868300284
2763066,"Ruminococcus intestinalis",1041280,0.0727528980321266,1041106.1,0.0727407450307424
820,"Bacteroides uniformis",902415,0.0630505785933289,895909.9,0.0625960778373328
330879,"Aspergillus fumigatus",741795,0.0518282652079569,741800.1,0.0518286211956293
2838470,"Candidatus Bacteroides intestinigallinarum",715900,0.0500190147714346,958733.5,0.0669854797591198
3030638,"Faecalibacterium taiwanense",573378,0.0400611854331829,568953.6,0.0397520587299105
1150298,"Fusicatenibacter saccharivorans",417494,0.0291697702933166,417174,0.0291474097237213
239935,"Akkermansia muciniphila",363790,0.0254175406952091,363790,0.025417540546128
1229621,"Anaerostipes rhamnosivorans",330965,0.0231241000472522,331097.2,0.0231333385942376
742725,"Alistipes indistinctus",214168,0.0149636434635684,214168,0.0149636434519567
371601,"Bacteroides xylanisolvens",162766,0.0113722516528668,158988.6,0.0111083323492034
99287,"Salmonella enterica",152693,0.0106684640627108,152673.8,0.0106671242133117
187327,"Acidaminococcus intestini",148819,0.0103977926515856,148806.9,0.0103969485142321
585394,"Roseburia hominis",134470,0.00939524642591816,134299.5,0.00938333073803986
626937,"Christensenella minuta",121169,0.00846592261606364,121157.7,0.00846512997053275
88431,"Dorea longicatena",111151,0.0077659778053635,110696.2,0.00773420045452038
89153,"[Clostridium] hylemonae",106179,0.00741859054255644,106171.4,0.00741805656749447
2763025,"Bacteroides parvus",97007,0.00677775466675871,100406.3,0.00701525713203062
1796635,"Longicatena caecimuris",91664,0.00640444610980414,91640.4,0.00640279599952975
1735,"Holdemanella biformis",91311,0.00637978245256945,91237.3,0.00637463221290662
3037989,"Bacteroides vicugnae",91163,0.00636944188239739,95789.4,0.00669268515225331
347253,"Streptococcus salivarius",84426,0.00589873633341687,84336.1,0.00589245780717069
997873,"Bacteroides caccae",82583,0.00576996828728787,83566.3,0.00583867280409665
823,"Parabacteroides distasonis",81154,0.00567012589015366,81038.9,0.00566208167699973
39491,"Agathobacter rectalis",79235,0.00553604782150387,78801.9,0.00550578760899277
1121129,"Butyricimonas synergistica",71132,0.004969901604584,71118,0.00496892050093896
1196081,"Talaromyces amestolkiae",64528,0.00450848859501485,64527.9,0.00450848302677925
44742,"Desulfovibrio fairfieldensis",61607,0.00430440207155158,61605.5,0.00430429942407071
3133157,"Faecalibacterium faecis",48688,0.00340176811173573,51140.7,0.00357313587886151
1712515,"Butyricicoccus faecihominis",46314,0.00323589977667862,46193.9,0.00322751105572207
28118,"Odoribacter splanchnicus",37742,0.00263698513130812,37980.5,0.00265364887073266
411470,"Mediterraneibacter gnavus",37416,0.00261420792944266,37095.2,0.00259179099724145
1236512,"Bacteroides rodentium",35992,0.00251471487589534,39309.1,0.00274647483866839
2763021,"Bacteroides difficilis",34432,0.00240571967678452,33280.8,0.00232528530118276
67826,"Citrobacter sedlakii",32295,0.00225641022774617,29801.7,0.00208220338138028
563192,"Bilophila wadsworthia",30940,0.00216173811569798,30941.5,0.0021618406082328
2751153,"Coprobacter secundus",30524,0.00213267272926843,30436,0.00212652305370209
2650158,"Bacteroides luhongzhouii",27750,0.00193885690725983,28730.5,0.00200736277749785
1871006,"Bacteroides congonensis",27275,0.00190566926650493,26338.2,0.00184021415288344
483215,"Bacteroides finegoldii",26192,0.00183000144558376,25709.9,0.00179631874582312
85831,"Bacteroides acidifaciens",25097,0.00175349520005405,26588.3,0.00185769151532161
411485,"Faecalibacterium prausnitzii",24180,0.00168942558621775,21780.9,0.00152180238562453
5068,"Aspergillus tubingensis",22765,0.00159056135112685,22739.8,0.00158880206152498
2981726,"Hominimerdicola aceti",20881,0.00145892868758531,20857.4,0.00145727936026842
36656,"Penicillium crustosum",19458,0.00135950550275538,19430.4,0.00135757707790833
3078042,"Pilosibacter fragilis",19092,0.00133393355219476,15453.3,0.00107970409676256
2929491,"Faecalibacterium wellingii",17956,0.00125456268925252,20502.9,0.00143251479901864
742742,"Collinsella tanakaei",17454,0.0012194885931284,17454,0.00121948559728761
1169293,"Enterococcus faecalis",17415,0.00121676371315063,17415,0.0012167636230131
84112,"Eggerthella lenta",17228,0.0012036982630008,16357.5,0.00114287423527545
471870,"Bacteroides intestinalis",16260,0.00113606534457819,13831.9,0.000966415099456312
2885351,"Hominisplanchenecus faecis",15511,0.00108373367526152,13585.3,0.000949189382885763
328812,"Parabacteroides goldsteinii",15334,0.00107136691228548,15427.7,0.00107791515897475
2763064,"Roseburia zhanii",14564,0.00101756799990386,12582.6,0.000879129430509881
1280689,"Clostridium paraputrificum",14105,0.000985498258627022,14100.4,0.000985175146780041
2003188,"Parolsenella catena",13732,0.000959437227044755,13731.3,0.000959386541146323
1414720,"Clostridium saudiense",12697,0.000887123104557767,12353,0.000863090627912797
2764325,"[Eubacterium] hominis",12654,0.000884118749710482,12820.1,0.000895721510626763
2650157,"Bacteroides zhangwenhongii",12510,0.000874057654407944,13219.8,0.000923650787674381
624,"Shigella sonnei",12117,0.000846599248478102,11547.1,0.000806779891704226
1502,"Clostridium perfringens",11778,0.000822913753286712,11778,0.000822914081916027
1121115,"Blautia wexlerae",10572,0.00073865208012796,11707.2,0.000817963588896693
272559,"Bacteroides fragilis",10161,0.000709936037285301,11397.4,0.000796324927794691
246787,"Bacteroides cellulosilyticus",10019,0.000700014679417521,10286.2,0.00071868365791097
1121098,"Phocaeicola massiliensis",9759,0.000681848812899051,9885.8,0.000690710794769145
508771,"Toxoplasma gondii",9607,0.000671228767857483,9599.6,0.000670711448522639
1796613,"Bacteroides caecimuris",9595,0.000670390343248939,10096.6,0.000705439817504287
2981770,"Gallintestinimicrobium propionicum",8987,0.000627910163082669,9291.8,0.000649207541875927
1496,"Clostridioides difficile",8678,0.000606320729412641,8678.5,0.000606353850225366
2981789,"Dorea amylophila",8410,0.000587595913155141,8820.7,0.000616291527708343
2715212,"Bacteroides faecium",8340,0.000582705102938629,8536.4,0.000596427837826268
5480,"Candida parapsilosis",7864,0.000549447593466353,7864,0.00054944759346635
1125630,"Klebsiella pneumoniae",7797,0.000544766389401978,10025.3,0.000700451542769035
5076,"Penicillium chrysogenum",7752,0.000541622297119935,7707.2,0.000538494161900677
208224,"Enterobacter kobei",7675,0.000536242405881772,7502.1,0.000524159758917889
547043,"Bifidobacterium pseudocatenulatum",7413,0.000517936801928544,6974.1,0.000487269758279197
180434,"Morganella morganii",7202,0.000503194502561632,6525.2,0.000455909936965078
742727,"Bacteroides oleiciplenus",7010,0.000489779708824915,8981.6,0.000627531178251526
1851428,"Faecalibacterium longum",6998,0.00048894128421637,5974.5,0.000417433895556244
3133166,"Laedolimicola intestinihominis",6422,0.00044869690300622,5331.3,0.000372489965816401
435590,"Phocaeicola vulgatus",6333,0.000442478587159513,6018.5,0.000420503234980283
997894,"Enterocloster bolteae",6080,0.000424801801662694,7170.5,0.000500994862667639
1628085,"Agathobaculum butyriciproducens",5977,0.000417605323772684,6008.7,0.000419822475988478
1870993,"Coprococcus phoceensis",5825,0.000406985278731117,8371.7,0.000584920945042681
3133156,"Faecalibacterium tardum",5771,0.000403212367992665,5866.9,0.000409913961974705
3342829,"Providencia zhejiangensis",5752,0.00040188486236247,4972.8,0.000347443005249649
536633,"Blautia glucerasea",5689,0.000397483133167609,5604.2,0.000391557665037998
67827,"Citrobacter werkmanii",5524,0.000385954794800118,5639.2,0.000394005484694131
1343,"Streptococcus vestibularis",5469,0.000382112015344288,5406.8,0.000377769242689007
1064535,"Megasphaera elsdenii",5293,0.000369815121085631,5291.9,0.000369737034737525
357276,"Phocaeicola dorei",5147,0.000359614288348336,4782.4,0.000334141572461552
2763672,"Simiaoa sunii",5141,0.000359195076044064,4912.2,0.000343211331008125
3133162,"Ruminococcoides intestinale",5055,0.000353186366349493,4846,0.000338581854742037
2764327,"Holdemanella hominis",4978,0.000347806475111331,4250,0.000296942763682935
742726,"Barnesiella intestinihominis",4783,0.000334182075222478,4261.3,0.000297728610297711
2881264,"Blautia fusiformis",4648,0.000324749798376349,4744.7,0.000331502721050846
2518605,"Segatella hominis",4638,0.000324051111202561,4567.3,0.000319110185435027
40518,"Ruminococcus bromii",4628,0.000323352424028774,4944.6,0.000345476279449211
291644,"Bacteroides salyersiae",4622,0.000322933211724502,4049,0.000282895173392943
39482,"Faecalicatena contorta",4438,0.000310077367726815,4443.2,0.000310442331740733
33043,"Coprococcus eutactus",4315,0.000301483515489231,4100.4,0.000286489538794527
2024197,"Bacteroides cutis",4311,0.000301204040619716,4169.4,0.000291311295849239
674529,"Bacteroides faecis",4111,0.000287230297143969,4282,0.000299175114054216
671267,"Phocaeicola sartorii",3868,0.000270252198820937,4597.1,0.0003211909735077
580166,"Oceanibaculum pacificum",3790,0.000264802438865396,3598.4,0.000251414408001794
2763038,"Clostridium segne",3560,0.000248732633868288,3797.2,0.000265303279263781
60171,"Penicillium verrucosum",3529,0.000246566703629547,3549.5,0.000247996497380569
3053355,"Streptococcus raffinosi",3385,0.00023650560832701,3511.3,0.000245332108081576
3142537,"Enterobacter adelaidei",3312,0.000231405191958362,4659.8,0.000325576286048079
871325,"Bacteroides faecichinchillae",3267,0.000228261099676319,3880.6,0.000271133463289376
2107999,"Lactobacillus paragasseri",3260,0.000227772018654668,3259,0.000227705537272674
622312,"Roseburia inulinivorans",3242,0.000226514381741851,3562.8,0.000248927725260156
3133152,"Blautia intestinihominis",3214,0.000224558057655246,3146.5,0.000219843847878893
626940,"Phascolarctobacterium succinatutens",3193,0.000223090814590293,3199,0.000223510109262416
2935520,"Faecalibacterium hattorii",3034,0.000211981688527075,3569.1,0.000249369851110721
2093857,"Dysosmobacter welbionis",2998,0.00020946641470144,2997.9,0.000209460873464466
3133155,"Faecalibacterium intestinale",2986,0.000208627990092895,3933.4,0.000274820829390955
566552,"Bifidobacterium catenulatum",2943,0.00020562363524561,3352.3,0.000234221143990752
2981791,"Megasphaera butyrica",2872,0.00020066295631172,2868.5,0.000200418867369273
622,"Shigella dysenteriae",2792,0.000195073458921421,2393,0.000167198240245514
2939491,"Parabacteroides leei",2789,0.000194863852769285,2820.9,0.000197095970114265
3133175,"Blautia caccae",2760,0.000192837659965302,2757.8,0.000192684653930282
2763023,"Bacteroides hominis",2617,0.000182846433380143,2986.1,0.00020863602194812
3435293,"Faecalibacterium langellae",2516,0.000175789692924891,3119.2,0.00021793566424005
39490,"Eubacterium ramulus",2513,0.000175580086772755,2913.5,0.00020356465930714
2834112,"Bacteroides propionicigenes",2508,0.000175230743185861,2768.2,0.000193408334967907
2548455,"Clostridium cuniculi",2498,0.000174532056012074,2798.1,0.000195497251142665
3133153,"Blautia aquisgranensis",2429,0.000169711114512941,2434.9,0.000170120006244688
2927224,"Akkermansia massiliensis",2424,0.000169361770926048,2424,0.000169361779082791
1470345,"Bacteroides timonensis",2423,0.000169291902208669,2875.3,0.000200896094045375
2951805,"Parabacteroides absconsus",2418,0.000168942558621775,2517.9,0.000175924470643317
818,"Bacteroides thetaiotaomicron",2374,0.000165868335057111,2477.6,0.000173108906574167
1841855,"Bacteroides bouchesdurhonensis",2368,0.000165449122752839,2617.7,0.000182893021887359
858893,"Exophiala dermatitidis",2277,0.000159091069471374,2277,0.000159091069402989
103621,"Actinomyces urogenitalis",2264,0.00015818277614545,2264,0.000158182773597025
2763045,"Eubacterium segne",2239,0.000156436058210982,3046.7,0.000212870923399213
1972431,"Phytobacter ursingii",2217,0.00015489894642865,1864.4,0.000130261867492669
2763037,"Clostridium lentum",2188,0.000152872753624667,2236.5,0.000156260260970655
1297617,"Intestinimonas butyriciproducens",2166,0.000151335641842335,2152.4,0.000150387543388935
2652276,"Holdemanella porci",2166,0.000151335641842335,2947.4,0.000205934196025705
2763017,"Anaerosacchariphilus hominis",2166,0.000151335641842335,2249,0.00015713444335581
1134687,"Klebsiella michiganensis",2163,0.000151126035690198,2176.6,0.000152077251557368
536231,"Roseburia intestinalis",2127,0.000148610761864564,2459.4,0.000171832653619443
1796634,"Muricomes intestini",2120,0.000148121680842913,2137.9,0.00014937204474309
2763030,"Blautia segnis",1909,0.000133379381476,1917,0.000133940951577571
150056,"Mammaliicoccus fleurettii",1814,0.000126741853325021,2005.6,0.000140129884188622
1122155,"Lactonifactor longoviformis",1804,0.000126043166151234,1750.2,0.00012228601011404
449673,"Bacteroides stercoris",1749,0.000122200386695403,2321.9,0.00016222713614524
2564099,"Ruminococcus bovis",1712,0.00011961524415239,1711.7,0.00011959414223543
1870991,"Massilioclostridium coli",1700,0.000118776819543845,1573,0.000109902247120128
1507512,"Romboutsia hominis",1678,0.000117239707761513,1677.9,0.000117235553204492
2885348,"Hominifimenecus microfluidus",1658,0.000115842333413939,2315.7,0.000161795390773586
2763042,"Dysosmobacter segnis",1620,0.000113187322153547,1501.5,0.000104906941846718
3133180,"Enterobacter intestinihominis",1591,0.000111161129349563,1614,0.000112767593342935
411483,"Faecalibacterium duncaniae",1575,0.000110043229871504,1730.6,0.000120915227325184
198214,"Shigella flexneri",1556,0.000108715724241308,1806.4,0.000126209175130804
2763032,"Butyricimonas hominis",1526,0.000106619662719946,1537.1,0.000107393525808461
1776379,"Leyella lascolaii",1484,0.000103685176590039,1449.6,0.000101281755195372
28035,"Staphylococcus lugdunensis",1470,0.000102707014546737,1470,0.00010270701436124
2949650,"Parabacteroides sp. W1-Q-101",1462,0.000102148064807707,1474,0.000102985896956678
484018,"Phocaeicola plebeius",1430,9.99122658515875e-05,1636.7,0.000114353524372251
2592333,"Sellimonas caecigallum",1419,9.91437099604215e-05,1461,0.000102079905232527
2979868,"Neopusillimonas aromaticivorans",1418,9.90738412430427e-05,1312.3,9.16890955384251e-05
113569,"Cryptosporangium minutisporangium",1396,9.75367294607106e-05,1355.7,9.47223316845327e-05
879566,"Acetatifactor muris",1355,9.46721120481826e-05,1507,0.000105290077338515
180164,"Blautia schinkii",1342,9.37638187222591e-05,1398.8,9.77351124535054e-05
871664,"Blautia stercoris",1341,9.36939500048803e-05,1670.1,0.000116691076266901
210,"Helicobacter pylori",1338,9.34843438527441e-05,1338,9.3480974789253e-05
1750560,"Parabacteroides massiliensis",1322,9.23664443746844e-05,1406.2,9.82514849200064e-05
2447885,"Bacteroides faecalis",1291,9.02005141359437e-05,1759.9,0.000122962419793277
358743,"Enterocloster citroniae",1280,8.94319582447776e-05,1511.4,0.000105597761086013
760570,"Streptococcus parasanguinis",1241,8.67070782670071e-05,1215.1,8.48971740645243e-05
68193,"Streptomyces djakartensis",1216,8.49603603325388e-05,1208.7,8.44469140901764e-05
208962,"Escherichia albertii",1197,8.36328547023429e-05,1315.5,9.19144430865925e-05
638849,"Pyramidobacter piscolens",1187,8.29341675285555e-05,1187,8.29341675285551e-05
3046670,"Comamonas resistens",1187,8.29341675285555e-05,1093.8,7.64230470486286e-05
1547,"Thomasclavelia ramosa",1183,8.26546926590406e-05,1184.2,8.2736671931686e-05
169435,"Anaerotruncus colihominis",1180,8.24450865069044e-05,1164.6,8.13672774511683e-05
1121096,"Bacteroides gallinarum",1165,8.13970557462234e-05,1230.4,8.59653176798085e-05
470146,"Coprococcus comes",1148,8.02092875507849e-05,1258.3,8.79148178875585e-05
1851427,"Faecalibacterium butyricigenerans",1145,7.99996813986488e-05,1147.1,8.01443707790887e-05
331117,"Aspergillus fischeri",1116,7.79734885946655e-05,935.8,6.53803761935796e-05
357441,"Enterococcus lactis",1077,7.52486086168949e-05,1051.3,7.34499674302251e-05
515620,"Lachnospira eligens",1041,7.27333347912606e-05,970.4,6.77994090864518e-05
2763047,"Flintibacter faecis",1041,7.27333347912606e-05,1003.2,7.00927545782863e-05
2763065,"Ruminococcus hominis",1018,7.11263542915497e-05,1040.6,7.2706831290192e-05
386585,"Escherichia coli",1016,7.09866168567923e-05,1393.5,9.73635682010422e-05
2981783,"Blautia acetigignens",993,6.93796363570814e-05,1221.3,8.5331061328343e-05
28111,"Bacteroides eggerthii",989,6.91001614875665e-05,1299.8,9.081610477153e-05
2316025,"Mediterraneibacter butyricigenes",986,6.88905553354303e-05,1249,8.72648711734834e-05
225992,"Comamonas kerstersii",979,6.84014743137792e-05,1010.4,7.05923863788341e-05
1448317,"Aspergillus costaricensis",964,6.73534435530982e-05,857.3,5.99007938081442e-05
2763069,"Ruminococcus difficilis",962,6.72137061183407e-05,963.4,6.73146303084215e-05
1912897,"Blautia argi",954,6.66547563793108e-05,1274.3,8.90338320269076e-05
2941333,"Mediterraneibacter agrestimuris",940,6.56765943360086e-05,963.6,6.73233682050102e-05
478749,"Marvinbryantia formatexigens",925,6.46285635753276e-05,979.6,6.84423197233196e-05
1211819,"Holdemania massiliensis",904,6.31613205103742e-05,911.6,6.36915482367154e-05
544645,"Butyricimonas virosa",896,6.26023707713444e-05,898.5,6.27736250798304e-05
2086583,"Pseudoruminococcus massiliensis",885,6.18338148801783e-05,1037,7.24528233549925e-05
2981769,"Waltera acetigignens",877,6.12748651411484e-05,1160.4,8.10776485696271e-05
2498453,"Geminicoccus harenae",875,6.1135127706391e-05,666.3,4.65546406335219e-05
100884,"Coprobacillus cateniformis",844,5.89691974676503e-05,848.2,5.92599613854916e-05
626774,"Proteus terrae",842,5.88294600328928e-05,944.7,6.60070085717087e-05
367928,"Bifidobacterium adolescentis",825,5.76416918374543e-05,831,5.80636889022403e-05
762982,"Paraprevotella xylaniphila",822,5.74320856853181e-05,959.8,6.70593524752384e-05
2764323,"Catenibacterium faecis",778,5.43578621206539e-05,817.2,5.70992604976779e-05
116085,"Coprococcus catus",777,5.42879934032752e-05,822.6,5.74726241650757e-05
342942,"Mediterraneibacter glycyrrhizinilyticus",777,5.42879934032752e-05,850.5,5.94211621041126e-05
717959,"Alistipes shahii",770,5.37989123816241e-05,759.8,5.30879995186205e-05
45851,"Eshraghiella crossota",770,5.37989123816241e-05,745.2,5.2067238078996e-05
268346,"Penicillium mononematosum",760,5.31002252078367e-05,773.7,5.40569650125277e-05
3117552,"Bacteroides maternus",737,5.14932447081259e-05,831,5.80585883033704e-05
2714355,"Vescimonas coprocola",705,4.92574457520064e-05,805.7,5.62922254205913e-05
1308,"Streptococcus thermophilus",696,4.86286272955978e-05,706.7,4.93765160989744e-05
1314,"Streptococcus pyogenes",694,4.84888898608404e-05,691.1,4.82836812446209e-05
1936995,"Parabacteroides bouchesdurhonensis",683,4.77203339696743e-05,609.8,4.26031602944541e-05
1926283,"Lachnoclostridium edouardi",683,4.77203339696743e-05,663.6,4.63669165608294e-05
2981794,"Roseburia amylophila",681,4.75805965349169e-05,709.9,4.95963232365772e-05
218936,"Aeromonas simiae",677,4.73011216654019e-05,902.9,6.30861713042709e-05
1353,"Enterococcus gallinarum",675,4.71613842306445e-05,667.2,4.66151184142579e-05
2497875,"Enterobacter chuandaensis",675,4.71613842306445e-05,790.8,5.52553315052629e-05
29466,"Veillonella parvula",670,4.68120406437508e-05,670,4.68100846822102e-05
2652274,"Eisenbergiella porci",660,4.61133534699635e-05,720,5.03082864081552e-05
2763673,"Yanshouia hominis",658,4.5973616035206e-05,720.5,5.0339514525774e-05
2608867,"Escherichia ruysiae",655,4.57640098830698e-05,697.4,4.87256181288567e-05
2885352,"Hominiventricola filiformis",653,4.56242724483123e-05,622.6,4.35016938191271e-05
2605778,"Clostridium porci",650,4.54146662961761e-05,691.7,4.83274283330902e-05
3085167,"Segatella sinensis",644,4.49954539919038e-05,610.9,4.26825194047005e-05
126998,"Penicillium bovifimosum",600,4.19212304272395e-05,574.7,4.01546717285974e-05
667015,"Phocaeicola salanitronis",597,4.17116242751033e-05,595.3,4.15959098048119e-05
2949651,"Parabacteroides sp. TA-V-105",580,4.05238560796649e-05,626.1,4.37477480217478e-05
1841865,"Mediterranea massiliensis",557,3.8916875579954e-05,570.5,3.98630414282204e-05
2763014,"Agathobaculum hominis",549,3.83579258409242e-05,584.1,4.08109632695126e-05
3036443,"Streptococcus sp. ST2",548,3.82880571235454e-05,511,3.57040519150945e-05
266265,"Paraburkholderia xenovorans",545,3.80784509714092e-05,516.6,3.60931528427462e-05
763034,"Bacteroides fluxus",542,3.7868844819273e-05,576.6,4.02854656708085e-05
105841,"Anaerostipes caccae",541,3.77989761018943e-05,540.9,3.77899468555985e-05
2949662,"Coprococcus sp. B2-R-112",526,3.67509453412133e-05,530.2,3.70456044355653e-05
2763028,"Blautia intestinalis",520,3.63317330369409e-05,574.4,4.01313804477465e-05
1748967,"Citrobacter cronae",520,3.63317330369409e-05,519.5,3.62983867349578e-05
1639133,"Citrobacter portucalensis",514,3.59125207326685e-05,670.5,4.68458702291799e-05
60172,"Penicillium solitum",501,3.5004227406745e-05,528.1,3.68988410718865e-05
293939,"Aspergillus lentulus",500,3.49343586893663e-05,678,4.73692496865415e-05
2153354,"Klebsiella huaxiensis",476,3.32575094722767e-05,554.7,3.87545838459574e-05
1871013,"Parabacteroides timonensis",468,3.26985597332468e-05,480.1,3.35469635685606e-05
154288,"Turicibacter sanguinis",461,3.22094787115957e-05,461,3.22093964235904e-05
1472416,"Butyricimonas faecihominis",458,3.19998725594595e-05,470.7,3.28854732299945e-05
871665,"Blautia faecis",451,3.15107915378084e-05,355,2.48032490088758e-05
1448310,"Aspergillus neoniger",447,3.12313166682934e-05,553.6,3.86826379668781e-05
2763040,"Dorea hominis",446,3.11614479509147e-05,540.9,3.77891408285442e-05
1291050,"Ruminiclostridium josui",441,3.0812104364021e-05,441,3.08125317021284e-05
1218085,"Citrobacter rodentium",434,3.03230233423699e-05,395.1,2.7607383105318e-05
3133177,"Bifidobacterium hominis",434,3.03230233423699e-05,458.7,3.20489491173923e-05
537007,"Blautia hansenii",433,3.02531546249912e-05,529.4,3.69907970337926e-05
2994035,"Sellimonas catena",431,3.01134171902337e-05,607.4,4.24361658124204e-05
2290935,"Parabacteroides acidifaciens",430,3.0043548472855e-05,454,3.17182559400602e-05
36651,"Penicillium digitatum",427,2.98339423207188e-05,427.6,2.98732768651006e-05
2736294,"Xylanibacter caecicola",418,2.92051238643102e-05,446,3.11585992474172e-05
188913,"Cetobacterium somerae",402,2.80872243862505e-05,402,2.8084056319573e-05
1177179,"Alcanivorax hongdengensis",399,2.78776182341143e-05,501.1,3.50122917863164e-05
40994,"Penicillium hordei",393,2.74584059298419e-05,403.6,2.82003776899155e-05
3133163,"Ruthenibacterium intestinale",392,2.73885372124632e-05,404.8,2.82852720970922e-05
2736291,"Palleniella intestinalis",386,2.69693249081908e-05,386.4,2.69940047674112e-05
2943492,"Corynebacterium intestinale",385,2.6899456190812e-05,385,2.68994555663466e-05
3028070,"Claveliimonas bilis",378,2.64103751691609e-05,371.1,2.5927833397393e-05
592978,"Mediterraneibacter faecis",376,2.62706377344034e-05,501,3.50047967202945e-05
2894201,"Citrobacter meridianamericanus",373,2.60610315822672e-05,433.7,3.03027944476696e-05
2479840,"Prevotella marseillensis",372,2.59911628648885e-05,392.2,2.74036152883142e-05
2763048,"Flintibacter hominis",370,2.5851425430131e-05,387,2.70363538077142e-05
2494234,"Sutterella megalosphaeroides",365,2.55020818432374e-05,359.9,2.51491376835763e-05
2881276,"Fusicatenibacter faecihominis",365,2.55020818432374e-05,390.2,2.72654130417398e-05
5851,"Plasmodium knowlesi",364,2.54322131258586e-05,366.6,2.56140571127156e-05
1841856,"Bacteroides mediterraneensis",360,2.51527382563437e-05,379.8,2.65384208559592e-05
1882272,"Penicillium samsonianum",359,2.5082869538965e-05,363.9,2.54226780984602e-05
2763026,"Blautia celeris",357,2.49431321042075e-05,374.9,2.61957370011156e-05
1074000,"Cronobacter universalis",354,2.47335259520713e-05,346.5,2.4208213601823e-05
36834,"Clostridium celatum",354,2.47335259520713e-05,358.1,2.50181000319088e-05
3032872,"Petralouisia muris",350,2.44540510825564e-05,347.5,2.42796556640288e-05
1360,"Lactococcus lactis",347,2.42444449304202e-05,347,2.4244250922249e-05
37930,"Glutamicibacter protophormiae",346,2.41745762130415e-05,360.2,2.51664132962995e-05
1354,"Enterococcus hirae",342,2.38951013435265e-05,344.1,2.40428399846925e-05
2736289,"Xylanibacter rodentium",339,2.36854951913903e-05,355,2.48034879117365e-05
NA,"unknown genome; accession ID isNZ_AP022829.1",338,2.36156264740116e-05,338.8,2.36744795301545e-05
3133158,"Lachnospira intestinalis",334,2.33361516044967e-05,394.3,2.75491503264902e-05
2954240,"Streptococcus bouchesdurhonensis",331,2.31265454523605e-05,294.4,2.0570022629132e-05
762968,"Paraprevotella clara",330,2.30566767349817e-05,344.6,2.40757457855081e-05
2609961,"Pseudomonas akapageensis",320,2.23579895611944e-05,362.8,2.53504414911693e-05
2786956,"Phocaeicola faecalis",317,2.21483834090582e-05,298.9,2.08861393757685e-05
1796615,"Blautia caecimuris",315,2.20086459743007e-05,321,2.24260240339699e-05
2763062,"Roseburia rectibacter",310,2.16593023874071e-05,313.1,2.18759900555264e-05
2316720,"Corallococcus interemptor",307,2.14496962352709e-05,265.3,1.85339351057254e-05
2763052,"Lawsonibacter faecis",307,2.14496962352709e-05,310.1,2.16656113958357e-05
253257,"Lacrimispora amygdalina",305,2.13099588005134e-05,305,2.13128457056069e-05
2509240,"Blautia faecicola",304,2.12400900831347e-05,325,2.27050290527415e-05
2981786,"Coprococcus aceti",303,2.1170221365756e-05,322.4,2.25253657386099e-05
5083,"Penicillium canescens",296,2.06811403441048e-05,310.8,2.17117627351257e-05
558541,"Shewanella chilikensis",295,2.06112716267261e-05,272.5,1.90370671136149e-05
2981785,"Coprococcus ammoniilyticus",294,2.05414029093474e-05,300.4,2.09868345273612e-05
2303987,"Motilimonas pumila",291,2.03317967572112e-05,387.1,2.7043952999493e-05
2015901,"Massilicoli timonensis",291,2.03317967572112e-05,302.8,2.11559146735109e-05
3133164,"Hominiventricola aquisgranensis",288,2.0122190605075e-05,327.2,2.28577913274943e-05
3342383,"Flintibacter porci",278,1.94235034312876e-05,293.6,2.05128800169326e-05
565042,"Bifidobacterium longum",277,1.93536347139089e-05,279.6,1.95361771439167e-05
568814,"Streptococcus suis",273,1.9074159844394e-05,257.8,1.80149249680759e-05
2981771,"Laedolimicola ammoniilytica",271,1.89344224096365e-05,281.8,1.96904241204171e-05
197614,"Streptococcus pasteurianus",265,1.85152101053641e-05,275.5,1.9252221878654e-05
39488,"Anaerobutyricum hallii",255,1.78165229315768e-05,270.8,1.89172604116124e-05
564,"Escherichia fergusonii",255,1.78165229315768e-05,263.5,1.84125873264602e-05
2690837,"Eggerthella guodeyinii",252,1.76069167794406e-05,249,1.73957391125076e-05
218493,"Salmonella bongori",250,1.74671793446831e-05,250.9,1.7531434576819e-05
28130,"Prevotella disiens",246,1.71877044751682e-05,238,1.66255117641703e-05
3133499,"Maccoyibacter intestinihominis",244,1.70479670404107e-05,273.1,1.90793781413409e-05
2585118,"Alistipes communis",240,1.67684921708958e-05,240.9,1.6830987998835e-05
310298,"Phocaeicola coprocola",240,1.67684921708958e-05,264.6,1.84901424363887e-05
1336250,"Hallella seregens",237,1.65588860187596e-05,237,1.65598530777647e-05
3029274,"Amygdalobacter nucleatus",236,1.64890173013809e-05,263.5,1.84074861797318e-05
387090,"Phocaeicola coprophilus",235,1.64191485840021e-05,236.5,1.65219907432109e-05
2981772,"Muricoprocola aceti",230,1.60698049971085e-05,274.8,1.92014764115427e-05
3378099,"Providencia lanzhouensis",229,1.59999362797298e-05,279.5,1.95259217948763e-05
2779351,"Claveliimonas monacensis",227,1.58601988449723e-05,215.6,1.50632122826313e-05
391612,"Crocosphaera chwakensis",225,1.57204614102148e-05,204.5,1.42908132119434e-05
537006,"Parabacteroides johnsonii",224,1.56505926928361e-05,224.1,1.56597064718845e-05
745368,"Gemmiger formicilis",220,1.53711178233212e-05,254.9,1.78123302205768e-05
1529,"Clostridium cadaveris",218,1.52313803885637e-05,218.5,1.5263406200673e-05
428127,"Amedibacillus dolichus",217,1.5161511671185e-05,240.4,1.67985178922905e-05
3098076,"Streptococcus lingualis",215,1.50217742364275e-05,214.7,1.50021037969096e-05
358742,"Enterocloster aldenensis",214,1.49519055190488e-05,236.8,1.65427414606646e-05
113107,"Streptococcus australis",213,1.488203680167e-05,208.7,1.45794314892351e-05
3133161,"Ruminococcoides intestinihominis",211,1.47422993669126e-05,221.3,1.54594411945877e-05
1448311,"Aspergillus vadensis",210,1.46724306495338e-05,208.7,1.45839287614288e-05
1499973,"Escherichia marmotae",209,1.46025619321551e-05,211.4,1.47730300712123e-05
371674,"Moryella indoligenes",208,1.45326932147764e-05,230.5,1.61042818419021e-05
2885361,"Brotaphodocola catenula",206,1.43929557800189e-05,208.2,1.45495763009111e-05
871324,"Bacteroides stercorirosoris",203,1.41833496278827e-05,203,1.41837586993725e-05
73098,"Kluyvera georgiana",199,1.39038747583678e-05,200.7,1.40249716526335e-05
157792,"Halopseudomonas xiamenensis",198,1.3834006040989e-05,165.1,1.15357574608505e-05
621,"Shigella boydii",195,1.36243998888528e-05,246,1.71862996206534e-05
2499078,"Vibrio ouci",195,1.36243998888528e-05,202.8,1.41709746312113e-05
2981768,"Anthropogastromicrobium aceti",194,1.35545311714741e-05,199,1.39044359824539e-05
2763675,"Jilunia laotingensis",188,1.31353188672017e-05,197.9,1.38257463890895e-05
876,"Desulfovibrio desulfuricans",186,1.29955814324443e-05,235,1.64209903391589e-05
3064195,"Brotocaccenecus cirricatena",180,1.25763691281719e-05,184.1,1.28595140443268e-05
537011,"Segatella copri",180,1.25763691281719e-05,184.1,1.28637501425329e-05
2981782,"Blautia ammoniilytica",179,1.25065004107931e-05,219.8,1.53568149023662e-05
2763027,"Blautia difficilis",177,1.23667629760357e-05,209.7,1.46537487612745e-05
301302,"Roseburia faecis",173,1.20872881065207e-05,176.3,1.23176362393458e-05
550,"Enterobacter cloacae",170,1.18776819543845e-05,217.9,1.52263663616748e-05
1917883,"Bacteroides togonis",166,1.15982070848696e-05,203.2,1.4199023720828e-05
1531,"Enterocloster clostridioformis",165,1.15283383674909e-05,195,1.36264012179928e-05
2719233,"Lacrimispora defluvii",165,1.15283383674909e-05,183.5,1.28205746222112e-05
69824,"Thomasclavelia cocleata",165,1.15283383674909e-05,160.8,1.12356360304256e-05
764299,"Streptococcus ictaluri",164,1.14584696501121e-05,166.9,1.16633660360315e-05
2736290,"Xylanibacter muris",160,1.11789947805972e-05,162.2,1.13344519014383e-05
2126740,"Clostridium fessum",160,1.11789947805972e-05,163,1.13880703005571e-05
471875,"[Ruminococcus] lactaris",156,1.08995199110823e-05,166.3,1.16181450570421e-05
70346,"Acinetobacter variabilis",155,1.08296511937035e-05,162,1.13216435498359e-05
1703332,"Butyribacter intestini",154,1.07597824763248e-05,153.2,1.07021922233913e-05
2762223,"Clostridium faecium",154,1.07597824763248e-05,151.7,1.05975205739953e-05
2981774,"Suilimivivens aceti",153,1.06899137589461e-05,162.9,1.13844110528087e-05
2058152,"Klebsiella grimontii",153,1.06899137589461e-05,160,1.11758289912756e-05
2488306,"Pseudocitrobacter vendiensis",153,1.06899137589461e-05,155.5,1.08614378183322e-05
2582913,"Luteithermobacter gelatinilyticus",152,1.06200450415673e-05,124.7,8.7112209441909e-06
47880,"Pseudomonas fulva",150,1.04803076068099e-05,145.4,1.01565459740917e-05
2079531,"Prevotella merdae",150,1.04803076068099e-05,180.7,1.26226677535448e-05
47715,"Lacticaseibacillus rhamnosus",149,1.04104388894311e-05,149,1.04102894884177e-05
203120,"Leuconostoc mesenteroides",148,1.03405701720524e-05,147.9,1.03349563051118e-05
2978477,"Eubacterium album",147,1.02707014546737e-05,152,1.06193230157935e-05
518636,"Enterocloster asparagiformis",146,1.02008327372949e-05,171.4,1.19735231358459e-05
89014,"Blautia luti",145,1.01309640199162e-05,171,1.19469044262616e-05
411459,"Blautia obeum",144,1.00610953025375e-05,154.2,1.07720269971768e-05
89139,"Rasamsonia byssochlamydoides",144,1.00610953025375e-05,143.9,1.00542218496604e-05
2681861,"Sporofaciens musculi",142,9.92135786778002e-06,136.6,9.54598318122067e-06
871327,"Parabacteroides chinchillae",142,9.92135786778002e-06,141.2,9.86399874549417e-06
1352,"Enterococcus faecium",141,9.85148915040129e-06,159.4,1.11364071211007e-05
3133170,"Ventrimonas faecis",140,9.78162043302255e-06,151.9,1.06148144352026e-05
365590,"Shewanella hafniensis",137,9.57201428088636e-06,137.6,9.61525386908198e-06
3038145,"Palleniella muris",135,9.43227684612889e-06,143,9.99455463172122e-06
2799636,"Catonella massiliensis",135,9.43227684612889e-06,135,9.43227803330443e-06
2881258,"Ruminococcus turbiniformis",135,9.43227684612889e-06,144.5,1.00967295833911e-05
75553,"Aspergillus viridinutans",134,9.36240812875016e-06,132.7,9.27333131308484e-06
3035284,"Prevotella sp. B2-R-102",132,9.22267069399269e-06,140.5,9.81990171887262e-06
1776384,"Emergencia timonensis",131,9.15280197661396e-06,153.5,1.07242781394847e-05
1841857,"Culturomica massiliensis",131,9.15280197661396e-06,119.8,8.3734392093387e-06
69789,"Penicillium soppii",130,9.08293325923523e-06,130.9,9.14601547068407e-06
1775168,"Flagellimonas marina",130,9.08293325923523e-06,130,9.08293325923519e-06
1121114,"Blautia producta",128,8.94319582447776e-06,131,9.15486558709347e-06
671218,"Alloprevotella rava",128,8.94319582447776e-06,130.9,9.14910437946702e-06
1217282,"Parabacteroides faecis",128,8.94319582447776e-06,134.2,9.37788756996726e-06
1681,"Bifidobacterium bifidum",127,8.87332710709903e-06,127.2,8.88530731716039e-06
1871016,"Collinsella phocaeensis",127,8.87332710709903e-06,123.9,8.65590589317593e-06
768528,"Shewanella indica",126,8.8034583897203e-06,110.9,7.74563659209055e-06
2838426,"Candidatus Agathobaculum pullicola",125,8.73358967234157e-06,114.7,8.01641524849033e-06
1448313,"Aspergillus piperis",124,8.66372095496284e-06,131,9.14938661653057e-06
2320879,"Parablautia muri",124,8.66372095496284e-06,120.7,8.43430599950254e-06
3079010,"Diplocloster hominis",124,8.66372095496284e-06,127.6,8.91475423924872e-06
NA,"unknown genome; accession ID isNZ_LT671675.1",124,8.66372095496284e-06,124.6,8.70362258947067e-06
2172043,"Bifidobacterium tibiigranuli",123,8.5938522375841e-06,143.7,1.00392273791778e-05
190304,"Fusobacterium nucleatum",122,8.52398352020537e-06,122,8.5232780041172e-06
171383,"Vibrio hepatarius",120,8.3842460854479e-06,131.4,9.17820379031986e-06
39483,"Faecalitalea cylindroides",120,8.3842460854479e-06,125.6,8.77314893707654e-06
324831,"Lactobacillus gasseri",119,8.31437736806917e-06,119.8,8.36725310516105e-06
574930,"Parabacteroides gordonii",118,8.24450865069044e-06,117.2,8.18654860948047e-06
2981787,"Dorea acetigenes",118,8.24450865069044e-06,119,8.31640338494193e-06
3133091,"unknown genome; accession ID isNZ_JBBMER010000003.1",117,8.17463993331171e-06,117,8.17464044612277e-06
28113,"Bacteroides heparinolyticus",116,8.10477121593297e-06,115.7,8.08513993062803e-06
2763670,"Wujia chipingensis",116,8.10477121593297e-06,137.8,9.62967709753674e-06
45133,"Lasiodiplodia theobromae",115,8.03490249855424e-06,117.2,8.1912426348828e-06
2763061,"Roseburia lenta",114,7.96503378117551e-06,114.5,8.00162442206702e-06
2763036,"Clostridium hominis",114,7.96503378117551e-06,116.5,8.13685445483752e-06
1632,"Limosilactobacillus oris",114,7.96503378117551e-06,113.1,7.90399397380669e-06
2981792,"Oscillibacter acetigenes",114,7.96503378117551e-06,119.4,8.33901855909631e-06
2653932,"Citrobacter telavivensis",114,7.96503378117551e-06,114.4,7.99495577236402e-06
1118059,"Kallipyga massiliensis",113,7.89516506379678e-06,112.7,7.8732112301521e-06
1202713,"Paenalcaligenes suwonensis",112,7.82529634641804e-06,127.3,8.89214682368715e-06
2107694,"Aphanothece hegewaldii",111,7.75542762903931e-06,130.3,9.104286620057e-06
3030999,"Enterobacter rongchengensis",111,7.75542762903931e-06,110.1,7.69595545327432e-06
570012,"Shimwellia pseudoproteus",110,7.68555891166058e-06,110.9,7.74945049476861e-06
1605,"Ligilactobacillus animalis",109,7.61569019428185e-06,109.4,7.64431652040949e-06
1206725,"Nocardia brevicatena",108,7.54582147690311e-06,127.1,8.88113063456096e-06
1118062,"Peptoniphilus obesi",108,7.54582147690311e-06,108,7.54924511593907e-06
1796622,"Extibacter muris",108,7.54582147690311e-06,108.6,7.58544561488641e-06
1472417,"Butyricimonas paravirosa",108,7.54582147690311e-06,126.8,8.85787591406871e-06
1076124,"Phytohabitans flavus",108,7.54582147690311e-06,111.9,7.81662636059267e-06
2587528,"Klebsiella spallanzanii",106,7.40608404214565e-06,106.7,7.45623179165528e-06
2316726,"Corallococcus sicarius",105,7.33621532476692e-06,100.4,7.01341393096397e-06
1944635,"Sutterella seckii",105,7.33621532476692e-06,107,7.47552353743612e-06
292800,"Flavonifractor plautii",104,7.26634660738818e-06,107.1,7.48376879147758e-06
1517512,"Aspergillus pseudoviridinutans",104,7.26634660738818e-06,98.8,6.8997273303689e-06
649756,"Anaerostipes hadrus",104,7.26634660738818e-06,104.5,7.2979126698189e-06
3111861,"Streptococcus gingivalis",104,7.26634660738818e-06,139.1,9.71770565439397e-06
1903262,"Bacteroides ndongoniae",103,7.19647789000945e-06,112.7,7.87482054419695e-06
1835702,"Penicillium arizonense",102,7.12660917263072e-06,112.4,7.85522494103439e-06
2382163,"Streptococcus koreensis",101,7.05674045525199e-06,109.7,7.66485135765813e-06
2919919,"Atopomonas sediminilitoris",100,6.98687173787325e-06,93.5,6.5299461865948e-06
548,"Klebsiella aerogenes",99,6.91700302049452e-06,98.6,6.8903805705719e-06
533323,"Psychrobacter fulvigenes",99,6.91700302049452e-06,115.2,8.04810968165424e-06
684066,"Streptococcus lactarius",98,6.84713430311579e-06,93.8,6.55322596825421e-06
1907654,"Collinsella bouchesdurhonensis",96,6.70739686835832e-06,95,6.63436957396734e-06
1720294,"Eisenbergiella massiliensis",94,6.56765943360086e-06,90.2,6.30052729498347e-06
2026240,"Klebsiella quasivariicola",91,6.35805328146466e-06,91,6.36038278312127e-06
53442,"Eubacterium callanderi",90,6.28818456408593e-06,106,7.40942848050057e-06
1385512,"Pontibacillus litoralis",90,6.28818456408593e-06,90,6.28891093563341e-06
1448314,"Aspergillus eucalypticola",90,6.28818456408593e-06,98.7,6.89423493869469e-06
2589788,"Streptococcus xiaochunlingii",90,6.28818456408593e-06,99.4,6.94232713278092e-06
2547410,"Enterocloster alcoholdehydrogenati",90,6.28818456408593e-06,103.8,7.25012060561119e-06
28091,"Neisseria weaveri",90,6.28818456408593e-06,86.2,6.01984620064645e-06
1440762,"Dyella japonica",87,6.07857841194973e-06,87,6.07857888772962e-06
57706,"Citrobacter braakii",87,6.07857841194973e-06,87.3,6.09993442529115e-06
102684,"Streptococcus infantarius",87,6.07857841194973e-06,87.1,6.0874063547421e-06
214856,"Alistipes finegoldii",86,6.008709694571e-06,121.1,8.46129076514057e-06
2748301,"Streptococcus vaginalis",84,5.86897225981353e-06,72.8,5.08936917740601e-06
2692629,"Copranaerobaculum intestinale",83,5.7991035424348e-06,86.7,6.0556967929453e-06
626929,"Bacteroides clarus",83,5.7991035424348e-06,83.1,5.80698681194767e-06
343874,"Empedobacter falsenii",82,5.72923482505607e-06,82,5.72923482505604e-06
71452,"Enterococcus raffinosus",82,5.72923482505607e-06,79.1,5.52808523393676e-06
2666183,"Pseudomonas juntendi",82,5.72923482505607e-06,125.5,8.77090446860521e-06
2743469,"Rhabdonatronobacter sediminivivens",80,5.5894973902986e-06,73.3,5.12177066466934e-06
2763063,"Roseburia yibonii",80,5.5894973902986e-06,76,5.30908517922226e-06
3133154,"Coprococcus intestinihominis",80,5.5894973902986e-06,97,6.777472102743e-06
411467,"Pseudoflavonifractor capillosus",79,5.51962867291987e-06,86.4,6.03923804446359e-06
59310,"Streptococcus macedonicus",79,5.51962867291987e-06,79.1,5.52734894185361e-06
2763671,"Jingyaoa shaoxingensis",78,5.44975995554114e-06,80.5,5.6209631463903e-06
888746,"Streptococcus peroris",77,5.37989123816241e-06,67.5,4.71722732441556e-06
29391,"Gemella morbillorum",77,5.37989123816241e-06,77,5.38166737187307e-06
2742601,"Limosilactobacillus portuensis",76,5.31002252078367e-06,71.5,4.99413134401261e-06
2763016,"Anaerofilum hominis",75,5.24015380340494e-06,89.9,6.28432875704311e-06
310300,"Bacteroides pyogenes",75,5.24015380340494e-06,74.9,5.23614617127101e-06
2590867,"Enorma burkinafasonensis",75,5.24015380340494e-06,66.2,4.62655630033336e-06
1812935,"Enterobacter roggenkampii",74,5.17028508602621e-06,75.4,5.26715909779234e-06
2606633,"Oliverpabstia intestinalis",74,5.17028508602621e-06,77.5,5.41718968375652e-06
2763056,"Oscillibacter hominis",74,5.17028508602621e-06,70,4.8903504871008e-06
2880704,"Duncaniella muricolitica",74,5.17028508602621e-06,75.7,5.29030619009643e-06
2839743,"Hominibacterium faecale",73,5.10041636864747e-06,85.9,6.00002701607673e-06
2983392,"Bacillus pretiosus",73,5.10041636864747e-06,71.2,4.97637457415853e-06
2941338,"Streptococcus caecimuris",73,5.10041636864747e-06,77.5,5.41439946307239e-06
1891279,"Thalassospira indica",72,5.03054765126874e-06,71.9,5.0234937419986e-06
2552766,"Meridianimarinicoccus aquatilis",72,5.03054765126874e-06,72,5.03090728307653e-06
667120,"Edwardsiella anguillarum",71,4.96067893389001e-06,87.3,6.09670078900518e-06
2093856,"Butyricimonas faecalis",71,4.96067893389001e-06,97.1,6.78284675171054e-06
3133159,"Megasphaera intestinihominis",71,4.96067893389001e-06,69.9,4.88267134165928e-06
3014267,"Agathobaculum massiliense",71,4.96067893389001e-06,85.9,6.00049250444701e-06
91492,"Aspergillus udagawae",70,4.89081021651128e-06,73.4,5.12542316219542e-06
1094342,"Alloalcanivorax xenomutans",70,4.89081021651128e-06,84,5.87193434266537e-06
1689270,"Intestinimonas timonensis",70,4.89081021651128e-06,77.5,5.41713510392021e-06
86179,"Chromohalobacter beijerinckii",69,4.82094149913255e-06,66.6,4.65005527883153e-06
41047,"Aspergillus thermomutatus",68,4.75107278175381e-06,71.8,5.01348085645141e-06
433664,"Nocardioides agariphilus",67,4.68120406437508e-06,69.8,4.87575362821115e-06
2762213,"Phocaeicola faecium",66,4.61133534699635e-06,66.8,4.66514929850364e-06
1069201,"Aspergillus luchuensis",66,4.61133534699635e-06,74.5,5.20745977559537e-06
3133091,"unknown genome; accession ID isNZ_JBBMER010000008.1",66,4.61133534699635e-06,63.2,4.41433489207013e-06
1069534,"Ligilactobacillus ruminis",65,4.54146662961761e-06,64.9,4.53329938826453e-06
2944915,"Coprobacter tertius",65,4.54146662961761e-06,65.5,4.57540413689715e-06
332186,"Shewanella xiamenensis",65,4.54146662961761e-06,75,5.24160259426403e-06
40324,"Stenotrophomonas maltophilia",65,4.54146662961761e-06,65,4.54127195951271e-06
105843,"Anaerobutyricum soehngenii",64,4.47159791223888e-06,65.7,4.59291189045797e-06
69359,"Thiohalocapsa halophila",64,4.47159791223888e-06,60.3,4.21116761219157e-06
28133,"Prevotella nigrescens",64,4.47159791223888e-06,61.4,4.28761561838189e-06
2981781,"Barnesiella propionica",64,4.47159791223888e-06,64.1,4.48050112048025e-06
3093657,"Acutalibacter caecimuris",64,4.47159791223888e-06,73.2,5.11297124185792e-06
2972474,"Gabonibacter chumensis",63,4.40172919486015e-06,63,4.40172920427999e-06
2086575,"Parabacteroides pacaensis",63,4.40172919486015e-06,63.3,4.41962026197182e-06
875454,"Peptoniphilus rhinitidis",62,4.33186047748142e-06,61.9,4.32754953762553e-06
2747601,"Ruegeria haliotis",62,4.33186047748142e-06,59.9,4.18221783770685e-06
158836,"Enterobacter hormaechei",62,4.33186047748142e-06,62.7,4.3828605242365e-06
39486,"Dorea formicigenerans",62,4.33186047748142e-06,70.5,4.92412314679061e-06
880526,"Rikenella microfusus",61,4.26199176010268e-06,62.4,4.35884788483885e-06
283354,"Alternaria metachromatica",61,4.26199176010268e-06,60.8,4.25120259660358e-06
3136602,"Desulfovibrio falkowii",60,4.19212304272395e-06,60,4.19219965330333e-06
1312182,"Rhizobium calliandrae",58,4.05238560796649e-06,58.8,4.10532354125465e-06
3140788,"Streptococcus nidrosiense",58,4.05238560796649e-06,61,4.26531824480949e-06
1903263,"Traorella massiliensis",58,4.05238560796649e-06,65.6,4.58428431616646e-06
291645,"Bacteroides nordii",57,3.98251689058775e-06,58.8,4.10876229742188e-06
2981780,"Bacteroides cellulolyticus",57,3.98251689058775e-06,57.7,4.02807627302142e-06
1720195,"Gabonibacter massiliensis",56,3.91264817320902e-06,56.8,3.9681401687169e-06
1310,"Streptococcus sobrinus",56,3.91264817320902e-06,55.4,3.86877964226699e-06
2763059,"Pseudoflavonifractor hominis",56,3.91264817320902e-06,61.6,4.30706843242468e-06
1932,"Streptomyces tendae",56,3.91264817320902e-06,58.2,4.06428265502633e-06
2941327,"Flintibacter muris",56,3.91264817320902e-06,57.7,4.03191306345069e-06
NA,"unknown genome; accession ID isNZ_CP012480.1",55,3.84277945583029e-06,52.5,3.66978788138604e-06
2025493,"Blautia hominis",55,3.84277945583029e-06,53.7,3.75442209543496e-06
209559,"Aspergillus alliaceus",55,3.84277945583029e-06,55,3.84352416631147e-06
2950371,"Lapidilactobacillus luobeiensis",55,3.84277945583029e-06,61.6,4.30214636580249e-06
2981724,"Alitiscatomonas aceti",55,3.84277945583029e-06,67,4.68213927877642e-06
460384,"Enterocloster lavalensis",54,3.77291073845156e-06,61.8,4.32061118867371e-06
2841061,"Streptococcus humanilactis",54,3.77291073845156e-06,60,4.19081372365803e-06
2888525,"Thermomonas alba",54,3.77291073845156e-06,55.8,3.90200153530518e-06
3098075,"Streptococcus dentalis",54,3.77291073845156e-06,62.7,4.37960562546753e-06
78346,"Bifidobacterium ruminantium",53,3.70304202107282e-06,53,3.70345208068828e-06
2819619,"Streptococcus toyakuensis",53,3.70304202107282e-06,60.8,4.2464551798829e-06
2763050,"Hungatella hominis",52,3.63317330369409e-06,50.3,3.51119193286635e-06
2981728,"Huintestinicola butyrica",52,3.63317330369409e-06,53.4,3.7294850962362e-06
3032125,"Neopoerus faecalis",52,3.63317330369409e-06,51.7,3.61148328897269e-06
1602169,"Prevotella pectinovora",51,3.56330458631536e-06,56.3,3.93374869910999e-06
270249,"Bartonella phoceensis",51,3.56330458631536e-06,56.5,3.94441766561897e-06
2742600,"Limosilactobacillus urinaemulieris",51,3.56330458631536e-06,51.6,3.60648934834356e-06
471189,"Gordonibacter pamelaeae",50,3.49343586893663e-06,50.1,3.49779011337851e-06
40041,"Streptococcus equi",50,3.49343586893663e-06,50,3.49344354594626e-06
2739389,"Phocaeicola faecicola",49,3.42356715155789e-06,52.1,3.64142031989976e-06
2881052,"Methylophaga pinxianii",49,3.42356715155789e-06,57,3.98210014165406e-06
2726362,"Faecalicatena faecalis",48,3.35369843417916e-06,48.3,3.37337111062299e-06
1121333,"Thomasclavelia saccharogumia",47,3.28382971680043e-06,47,3.28570913033018e-06
2077090,"Vibrio gangliei",47,3.28382971680043e-06,57.5,4.01975211119898e-06
1156431,"Streptococcus ilei",46,3.2139609994217e-06,57.4,4.01028739836029e-06
29845,"Penicillium vulpinum",46,3.2139609994217e-06,44.4,3.10156423942183e-06
361500,"Anaerococcus degeneri",45,3.14409228204296e-06,53.1,3.71004472212794e-06
3035606,"Catenibacterium mitsuokai",45,3.14409228204296e-06,47.4,3.31233535940905e-06
1232428,"Megasphaera massiliensis",45,3.14409228204296e-06,46.2,3.22771161955708e-06
1305,"Streptococcus sanguinis",45,3.14409228204296e-06,44.8,3.13263150616485e-06
33037,"Anaerococcus vaginalis",43,3.0043548472855e-06,45.6,3.18880447390077e-06
762967,"Sutterella parvirubra",42,2.93448612990677e-06,44.6,3.11800099528379e-06
2735723,"Turicibacter bilis",42,2.93448612990677e-06,43.6,3.04737322908581e-06
3034352,"Enterococcus entomosocium",42,2.93448612990677e-06,41.9,2.92704622133272e-06
2583810,"Alteribacter natronophilus",41,2.86461741252803e-06,43.6,3.04778772376201e-06
46503,"Parabacteroides merdae",41,2.86461741252803e-06,41.7,2.91009952864438e-06
504,"Kingella kingae",41,2.86461741252803e-06,41,2.86461741252802e-06
630626,"Shimwellia blattae",40,2.7947486951493e-06,40,2.79468723364678e-06
3133167,"Faecousia intestinalis",40,2.7947486951493e-06,155.4,1.08604866838293e-05
192222,"Campylobacter jejuni",39,2.72487997777057e-06,36.8,2.56822841553672e-06
1384589,"Entomohabitans teleogrylli",39,2.72487997777057e-06,38.7,2.70386067467862e-06
160404,"Anaerotignum lactatifermentans",39,2.72487997777057e-06,40.3,2.81375202812535e-06
2841509,"Butyricicoccus intestinisimiae",39,2.72487997777057e-06,39,2.72689503296585e-06
1347393,"Bacteroides neonati",38,2.65501126039184e-06,37.9,2.64643764576314e-06
1912855,"Faecalimonas umbilicata",38,2.65501126039184e-06,43.2,3.01540513391397e-06
2605790,"Roseburia porci",37,2.5851425430131e-06,38.7,2.70569887042846e-06
2697024,"Pusillimonas minor",37,2.5851425430131e-06,43.4,3.03073602757665e-06
2780922,"Solibaculum mannosilyticum",37,2.5851425430131e-06,36.6,2.5541776648158e-06
1234382,"Thauera phenylacetica",36,2.51527382563437e-06,39.3,2.74290666448736e-06
39480,"Andreesenia angusta",36,2.51527382563437e-06,36.2,2.53108335490283e-06
2763659,"Fumia xinanensis",36,2.51527382563437e-06,38.2,2.66829222060358e-06
54291,"Raoultella ornithinolytica",36,2.51527382563437e-06,40.8,2.84818860986531e-06
2053367,"Citroniella saccharovorans",36,2.51527382563437e-06,37.1,2.58978461189539e-06
3378067,"Butyricimonas sp. GBGM4",36,2.51527382563437e-06,37.4,2.61152445103834e-06
510516,"Aspergillus oryzae",35,2.44540510825564e-06,35.7,2.49199570973491e-06
370354,"Entamoeba dispar",35,2.44540510825564e-06,35.3,2.46573711256253e-06
213810,"Ruminococcus champanellensis",35,2.44540510825564e-06,35,2.44582454842941e-06
1918949,"Solemya elarraichensis gill symbiont",35,2.44540510825564e-06,36.1,2.52495025253234e-06
2494702,"Enterobacter huaxiensis",35,2.44540510825564e-06,35.5,2.47779380349145e-06
1160095,"Vagococcus entomophilus",35,2.44540510825564e-06,35,2.44540510825563e-06
1254,"Pediococcus acidilactici",35,2.44540510825564e-06,35,2.44540510825563e-06
1850975,"Penicillium nucicola",35,2.44540510825564e-06,37.3,2.6089355636617e-06
283942,"Idiomarina loihiensis",34,2.37553639087691e-06,48.5,3.38579466293942e-06
546269,"Filifactor alocis",34,2.37553639087691e-06,33.7,2.35627184132633e-06
2494701,"Enterobacter chengduensis",34,2.37553639087691e-06,35.3,2.46717640057043e-06
94643,"Besnoitia besnoiti",34,2.37553639087691e-06,35.9,2.50647678526449e-06
2044587,"Schaedlerella arabinosiphila",34,2.37553639087691e-06,34.5,2.41215845773399e-06
2885357,"Hominenteromicrobium mulieris",34,2.37553639087691e-06,34.2,2.39117057325993e-06
1411144,"Bacteroides caecigallinarum",34,2.37553639087691e-06,33.9,2.36697263710304e-06
1159017,"Pseudidiomarina indica",34,2.37553639087691e-06,40.6,2.83888739637815e-06
1871008,"Eggerthella timonensis",34,2.37553639087691e-06,36.6,2.55603342573774e-06
1450537,"Aspergillus homomorphus",33,2.30566767349817e-06,33,2.3060296293621e-06
3093658,"Neglectibacter caecimuris",32,2.23579895611944e-06,38.2,2.66812481142958e-06
1650661,"Clostridium phoceensis",31,2.16593023874071e-06,37.3,2.60266116681944e-06
195,"Campylobacter coli",31,2.16593023874071e-06,33.2,2.32258180097453e-06
2924040,"Parabacteroides faecalis",31,2.16593023874071e-06,31.4,2.19154859749353e-06
679190,"Hoylesella buccalis",31,2.16593023874071e-06,31.3,2.18502179388825e-06
2685834,"Parabacteroides chongii",31,2.16593023874071e-06,33.9,2.36924097646438e-06
559292,"Saccharomyces cerevisiae",30,2.09606152136198e-06,29.1,2.03574025643735e-06
1928661,"Bradyrhizobium cajani",30,2.09606152136198e-06,29.4,2.05220344441465e-06
2579922,"Pseudomonas yangonensis",30,2.09606152136198e-06,38.1,2.65917645366972e-06
1982626,"Faecalibacillus intestinalis",30,2.09606152136198e-06,31,2.1653040697569e-06
2489010,"Klebsiella africana",30,2.09606152136198e-06,28.3,1.97466855352063e-06
2871169,"Stenotrophomonas forensis",30,2.09606152136198e-06,30.7,2.14545998680234e-06
53345,"Enterococcus durans",29,2.02619280398324e-06,26.8,1.87284235550573e-06
2588991,"Streptococcus symci",29,2.02619280398324e-06,49.4,3.45149997536358e-06
2763664,"Jutongia hominis",29,2.02619280398324e-06,29.3,2.04371085492899e-06
2763678,"Youxingia wuxianensis",29,2.02619280398324e-06,33.9,2.36802365978962e-06
2819233,"Microvirga antarctica",29,2.02619280398324e-06,29.1,2.03222028491114e-06
2758443,"Mixta mediterraneensis",29,2.02619280398324e-06,25.5,1.78080771618393e-06
679200,"Johnsonella ignava",28,1.95632408660451e-06,29.1,2.03094466752236e-06
1550024,"Ruthenibacterium lactatiformans",28,1.95632408660451e-06,23.9,1.67130604011741e-06
1796636,"Frisingicoccus caecimuris",28,1.95632408660451e-06,27.8,1.94536662627965e-06
1259973,"Klebsiella electrica",28,1.95632408660451e-06,25.1,1.75223250476747e-06
2605782,"Desulfovibrio porci",28,1.95632408660451e-06,28,1.95633608072956e-06
2763658,"Ligaoa zhengdingensis",28,1.95632408660451e-06,30.9,2.15610723821106e-06
147206,"Collinsella stercoris",28,1.95632408660451e-06,30.1,2.10057321594103e-06
518635,"Bifidobacterium angulatum",27,1.88645536922578e-06,28.4,1.98568695739382e-06
39496,"Eubacterium ventriosum",27,1.88645536922578e-06,28.9,2.01682309906379e-06
2606637,"Hallella mizrahii",27,1.88645536922578e-06,27.1,1.8945990324174e-06
48076,"Marinobacterium iners",27,1.88645536922578e-06,38.2,2.66573873078021e-06
2714353,"Vescimonas fastidiosa",27,1.88645536922578e-06,32.9,2.30018917888234e-06
2841504,"Dysosmobacter acutus",27,1.88645536922578e-06,30.8,2.15433401565023e-06
2981720,"Bovifimicola ammoniilytica",27,1.88645536922578e-06,27,1.8894687180545e-06
5074,"Penicillium brevicompactum",27,1.88645536922578e-06,23.3,1.63080260378859e-06
1194168,"Comamonas jiangduensis",27,1.88645536922578e-06,34.3,2.39940095949794e-06
133448,"Citrobacter youngae",27,1.88645536922578e-06,33.8,2.3614147970969e-06
2993430,"Streptococcus parapneumoniae",27,1.88645536922578e-06,28,1.95967803090591e-06
1776391,"Romboutsia timonensis",27,1.88645536922578e-06,27,1.88763917705267e-06
1347366,"Clostridium massiliamazoniense",26,1.81658665184705e-06,26,1.81658748981547e-06
283686,"Kosakonia radicincitans",26,1.81658665184705e-06,25.2,1.75849354452964e-06
2973939,"Streptococcus sciuri",26,1.81658665184705e-06,24.3,1.70124999720802e-06
1121950,"Hespellia stercorisuis",26,1.81658665184705e-06,28.2,1.97049591249064e-06
295089,"Pontixanthobacter luteolus",26,1.81658665184705e-06,21.7,1.51365826082621e-06
1408163,"Rasamsonia emersonii",25,1.74671793446831e-06,25.1,1.7535913881748e-06
46867,"Clostridium chauvoei",25,1.74671793446831e-06,23.7,1.65901867809048e-06
2338368,"Alcanivorax profundi",25,1.74671793446831e-06,26,1.81380508932581e-06
2546350,"Citrobacter arsenatis",25,1.74671793446831e-06,26.9,1.88055212266499e-06
1506151,"Aspergillus pseudonomiae",25,1.74671793446831e-06,25,1.74716544752442e-06
2762229,"Escherichia whittamii",25,1.74671793446831e-06,25.1,1.75292758085107e-06
1334,"Streptococcus dysgalactiae",25,1.74671793446831e-06,25.1,1.75318527626346e-06
2927804,"Marinobacterium sedimentorum",25,1.74671793446831e-06,24.6,1.71620348187067e-06
1157987,"Paenalcaligenes hermetiae",25,1.74671793446831e-06,26.3,1.83776325091125e-06
3367746,"Aeromonas sp. A-5",25,1.74671793446831e-06,28,1.95340114389157e-06
2100822,"Kushneria phyllosphaerae",25,1.74671793446831e-06,25.3,1.7652881712303e-06
1117379,"Neobacillus bataviensis",24,1.67684921708958e-06,24,1.67533117631123e-06
33945,"Enterococcus avium",24,1.67684921708958e-06,27.9,1.95162428407983e-06
1917441,"Streptococcus ruminantium",24,1.67684921708958e-06,24.8,1.73504252727989e-06
2320100,"Parablautia intestinalis",24,1.67684921708958e-06,26.3,1.83541964338422e-06
2652293,"Hornefia butyriciproducens",24,1.67684921708958e-06,24.6,1.71603024532848e-06
5082,"Penicillium roqueforti",24,1.67684921708958e-06,28.1,1.96007862925442e-06
1463165,"Klebsiella quasipneumoniae",24,1.67684921708958e-06,25.9,1.81274030521242e-06
2896850,"Phocaeicola oris",24,1.67684921708958e-06,24,1.67685162987291e-06
2981773,"Muriventricola aceti",24,1.67684921708958e-06,24,1.68013591247749e-06
999415,"Eggerthia catenaformis",23,1.60698049971085e-06,20.4,1.42278414082703e-06
1393034,"Atopobium deltae",23,1.60698049971085e-06,24.5,1.71210905686659e-06
28119,"Bacteroides zoogleoformans",23,1.60698049971085e-06,23.1,1.61083633415671e-06
676599,"Stenotrophomonas panacihumi",23,1.60698049971085e-06,23.5,1.64419206672079e-06
2791986,"Limnobaculum allomyrinae",23,1.60698049971085e-06,23,1.60698049971084e-06
1302,"Streptococcus gordonii",23,1.60698049971085e-06,23.5,1.63863020176303e-06
2590157,"Klebsiella variicola",23,1.60698049971085e-06,25.9,1.80765996769243e-06
476272,"Blautia hydrogenotrophica",23,1.60698049971085e-06,26.2,1.83214891639842e-06
3133171,"Pseudoflavonifractor intestinihominis",23,1.60698049971085e-06,22.8,1.58956860425015e-06
1410646,"Bifidobacterium merycicum",23,1.60698049971085e-06,22.5,1.57296631067501e-06
2993455,"Lactobacillus isalae",23,1.60698049971085e-06,23,1.60593702963511e-06
536227,"Clostridium carboxidivorans",22,1.53711178233212e-06,22,1.53450897796509e-06
51665,"Aerococcus urinaeequi",22,1.53711178233212e-06,19.1,1.33274119178045e-06
2036206,"Suicoccus acidiformans",22,1.53711178233212e-06,27.7,1.93587775495559e-06
2763676,"Qingrenia yutianensis",22,1.53711178233212e-06,22.1,1.5459761940522e-06
3074433,"Vallitalea maricola",22,1.53711178233212e-06,21.2,1.48128820139343e-06
1876757,"Pseudomonas defluvii",21,1.46724306495338e-06,22.2,1.55357372306947e-06
1570016,"Thioflexithrix psekupsensis",21,1.46724306495338e-06,28.2,1.96952684128018e-06
1522,"[Clostridium] innocuum",21,1.46724306495338e-06,19.9,1.39195863913325e-06
45495,"Methylophaga marina",21,1.46724306495338e-06,26.3,1.83515133397761e-06
3097367,"Actinomadura monticuli",21,1.46724306495338e-06,21.1,1.47106850709947e-06
3145239,"Finegoldia dalianensis",21,1.46724306495338e-06,21,1.46672588070016e-06
1852381,"Duodenibacillus massiliensis",21,1.46724306495338e-06,21.1,1.47152151417956e-06
1653435,"Merdimonas faecis",20,1.39737434757465e-06,20.2,1.41135705362134e-06
2766578,"Komagataeibacter melomenusus",20,1.39737434757465e-06,20,1.39737437248675e-06
2763662,"Yeguia hominis",20,1.39737434757465e-06,20.6,1.4374285989003e-06
67296,"Streptomyces finlayi",20,1.39737434757465e-06,18.7,1.30488716561812e-06
102862,"Proteus penneri",20,1.39737434757465e-06,23.1,1.61674309860833e-06
1055104,"Cobetia amphilecti",20,1.39737434757465e-06,21.7,1.51616058171576e-06
1852370,"Prevotellamassilia timonensis",20,1.39737434757465e-06,19.9,1.39337248107557e-06
1384484,"Adlercreutzia equolifaciens",19,1.32750563019592e-06,18.2,1.27310962220347e-06
518634,"Bifidobacterium breve",19,1.32750563019592e-06,19.5,1.36382685387999e-06
1034346,"Dielma fastidiosa",19,1.32750563019592e-06,19,1.32786166871714e-06
2530391,"Duncaniella freteri",19,1.32750563019592e-06,19,1.32776938255375e-06
1159752,"Enterococcus lemanii",19,1.32750563019592e-06,22.9,1.59833932864784e-06
379893,"Trabulsiella odontotermitis",19,1.32750563019592e-06,18.7,1.30627392436449e-06
59298,"Streptomyces thermocarboxydovorans",19,1.32750563019592e-06,19.3,1.35051845581713e-06
40837,"Mycoplana ramosa",19,1.32750563019592e-06,23.3,1.63028606437728e-06
1917868,"Blautia marasmi",19,1.32750563019592e-06,19.3,1.34768622731321e-06
1123304,"Streptococcus henryi",18,1.25763691281719e-06,18.2,1.27285947277486e-06
1778540,"Dickeya fangzhongdai",18,1.25763691281719e-06,17.3,1.20907519972786e-06
242230,"Eggerthella sinensis",18,1.25763691281719e-06,18.4,1.28885783847413e-06
2304063,"Sphingobium terrigena",18,1.25763691281719e-06,18.4,1.28454513746333e-06
83891,"Trypanosoma conorhini",18,1.25763691281719e-06,18.6,1.3013372851633e-06
1559,"Clostridium tertium",18,1.25763691281719e-06,15.8,1.10666376243988e-06
69220,"Lelliottia nimipressuralis",18,1.25763691281719e-06,18.1,1.26302524762526e-06
33039,"[Ruminococcus] torques",18,1.25763691281719e-06,26,1.81728877859087e-06
2364791,"Enterococcus mediterraneensis",18,1.25763691281719e-06,17.2,1.19878734656918e-06
290338,"Citrobacter koseri",17,1.18776819543845e-06,20.4,1.42662854259463e-06
693979,"Bacteroides helcogenes",17,1.18776819543845e-06,17,1.18785640647552e-06
1002367,"Leyella stercorea",17,1.18776819543845e-06,18.1,1.26331670276153e-06
1123311,"Streptococcus orisratti",17,1.18776819543845e-06,17,1.1885211271273e-06
2292441,"Paratractidigestivibacter faecalis",17,1.18776819543845e-06,21.3,1.48688269448124e-06
2816080,"Alicyclobacillus suci",17,1.18776819543845e-06,17,1.1873777461124e-06
293559,"Penicillium concentricum",17,1.18776819543845e-06,17.4,1.21378950346404e-06
3082388,"Corallococcus caeni",17,1.18776819543845e-06,17,1.18776820003458e-06
1870999,"Metaprevotella massiliensis",17,1.18776819543845e-06,18.6,1.30099660294443e-06
1544,"Faecalicatena orotica",17,1.18776819543845e-06,17.5,1.22351239547427e-06
525309,"Limosilactobacillus antri",16,1.11789947805972e-06,20.7,1.443179851805e-06
36847,"Anaerotignum neopropionicum",16,1.11789947805972e-06,16.7,1.16810995076082e-06
1392255,"Aspergillus novofumigatus",16,1.11789947805972e-06,15.2,1.06083891599666e-06
2499076,"Marinifilum caeruleilacunae",16,1.11789947805972e-06,12.8,8.91098225919348e-07
1841864,"Marseilla massiliensis",16,1.11789947805972e-06,16.4,1.14364337758293e-06
416450,"Penicillium antarcticum",16,1.11789947805972e-06,16.7,1.16362614203854e-06
78448,"Bifidobacterium pullorum",16,1.11789947805972e-06,16,1.1179004699541e-06
445970,"Alistipes putredinis",15,1.04803076068099e-06,15,1.05067523295373e-06
67829,"Citrobacter murliniae",15,1.04803076068099e-06,15,1.04483803269793e-06
5059,"Aspergillus flavus",15,1.04803076068099e-06,15.5,1.08507819292172e-06
470,"Acinetobacter baumannii",15,1.04803076068099e-06,15.6,1.08812325070067e-06
1805431,"Enterococcus saigonensis",15,1.04803076068099e-06,15.2,1.0605174065832e-06
2722702,"Salinimicrobium oceani",15,1.04803076068099e-06,15.6,1.08968201530601e-06
93378,"Edwardsiella hoshinae",15,1.04803076068099e-06,15,1.04872695413899e-06
40545,"Sutterella wadsworthensis",15,1.04803076068099e-06,13.7,9.5795162176429e-07
2961893,"Pseudomonas triclosanedens",15,1.04803076068099e-06,15.8,1.10588325439317e-06
3073100,"Candidatus Cetobacterium colombiensis",15,1.04803076068099e-06,15.2,1.06143037606692e-06
1774958,"Rheinheimera marina",15,1.04803076068099e-06,14.9,1.04052467995845e-06
3377720,"Providencia pseudovermicola",15,1.04803076068099e-06,16,1.11908813488125e-06
1323,"Faecalicoccus pleomorphus",15,1.04803076068099e-06,10.6,7.4301124240506e-07
1035377,"Yersinia pestis",14,9.78162043302256e-07,13.6,9.53698474103362e-07
2211183,"Evtepia gabavorous",14,9.78162043302256e-07,14.3,9.978032236604e-07
2606709,"Baileyella intestinalis",14,9.78162043302256e-07,14.2,9.93663557439703e-07
2812000,"Pseudomonas hygromyciniae",14,9.78162043302256e-07,14.5,1.01571318933636e-06
67824,"Citrobacter farmeri",14,9.78162043302256e-07,16.1,1.12281676477047e-06
2981793,"Phocaeicola fibrisolvens",14,9.78162043302256e-07,14,9.75882535971311e-07
2981721,"Brotomerdimonas butyrica",14,9.78162043302256e-07,14.1,9.83136068090208e-07
2981779,"Anaerostipes amylophilus",14,9.78162043302256e-07,14,9.79250339849412e-07
5088,"Thermoascus crustaceus",14,9.78162043302256e-07,14,9.78162043820513e-07
1121025,"Atopostipes suicloacalis",14,9.78162043302256e-07,13.4,9.36775701845676e-07
44008,"Enterococcus cecorum",14,9.78162043302256e-07,14.8,1.03685667957845e-06
2174932,"Nesterenkonia natronophila",13,9.08293325923523e-07,15.3,1.06611205680521e-06
1504,"Clostridium septicum",13,9.08293325923523e-07,15.2,1.06197952321067e-06
2529382,"Enterobacter quasihormaechei",13,9.08293325923523e-07,12.8,8.90848677654685e-07
1457217,"Lactiplantibacillus plajomi",13,9.08293325923523e-07,11,7.70370293414204e-07
2916441,"Adlercreutzia rubneri",13,9.08293325923523e-07,15.2,1.0629978280672e-06
2763043,"Eggerthella hominis",13,9.08293325923523e-07,13.1,9.15401214441592e-07
2763054,"Mediterraneibacter hominis",13,9.08293325923523e-07,13,9.08307407984125e-07
2799638,"Tenebrionibacter intestinalis",13,9.08293325923523e-07,14.1,9.86244757545048e-07
2838947,"Enterobacter quasimori",13,9.08293325923523e-07,13.3,9.26006467519015e-07
2877527,"Blautia parvula",13,9.08293325923523e-07,13.7,9.55550502533668e-07
2919913,"Shinella sedimenti",13,9.08293325923523e-07,14,9.74756881972632e-07
1187928,"Alternaria incomplexa",13,9.08293325923523e-07,13.8,9.62446118592597e-07
2981778,"Agathobaculum ammoniilyticum",13,9.08293325923523e-07,13.8,9.65850006926304e-07
3034501,"Enterococcus spodopteracolus",13,9.08293325923523e-07,11,7.69386107356093e-07
2925781,"Rheinheimera metallidurans",13,9.08293325923523e-07,12.8,8.95518605374704e-07
3133165,"Solibaculum intestinale",13,9.08293325923523e-07,16.6,1.16322223002882e-06
2725494,"Kluyvera sichuanensis",13,9.08293325923523e-07,14.2,9.95356973751124e-07
40519,"Ruminococcus callidus",13,9.08293325923523e-07,13.1,9.15404869019535e-07
1675036,"Megasphaera hexanoica",13,9.08293325923523e-07,13.9,9.68441434120402e-07
1495444,"Rhodotorula pacifica",13,9.08293325923523e-07,13,9.08293325923519e-07
1377,"Aerococcus viridans",12,8.3842460854479e-07,14.6,1.01840381578924e-06
2026190,"Bacillus mobilis",12,8.3842460854479e-07,11.9,8.3082206100783e-07
1341132,"Aspergillus welwitschiae",12,8.3842460854479e-07,11.6,8.11887089725361e-07
2056311,"Algoriphagus lacus",12,8.3842460854479e-07,12.6,8.77101911408919e-07
1234680,"Streptococcus rubneri",12,8.3842460854479e-07,12.8,8.97554261149869e-07
1816689,"Sutterella massiliensis",12,8.3842460854479e-07,13.4,9.36572112600575e-07
2834432,"Bifidobacterium pongonis",12,8.3842460854479e-07,11.9,8.31107337709488e-07
69218,"Enterobacter cancerogenus",12,8.3842460854479e-07,12.3,8.60310628217878e-07
1792511,"Penicillium robsamsonii",12,8.3842460854479e-07,13.6,9.52904470379898e-07
3117701,"Niabella digestorum",12,8.3842460854479e-07,12.6,8.7783926943372e-07
3136601,"Owariibacterium komagatae",12,8.3842460854479e-07,13.4,9.3874483272542e-07
1871002,"Acidaminococcus timonensis",12,8.3842460854479e-07,12.6,8.77101988384561e-07
1944636,"Parabacteroides provencensis",12,8.3842460854479e-07,12,8.4187046921607e-07
2219695,"Luxibacter massiliensis",12,8.3842460854479e-07,14.6,1.02102653433514e-06
2941515,"Otoolea muris",12,8.3842460854479e-07,13.1,9.12330674830027e-07
617133,"Vibrio ordalii",11,7.68555891166058e-07,10,7.02121001805928e-07
1423758,"Lactobacillus hominis",11,7.68555891166058e-07,11.2,7.83135896806366e-07
394958,"Clostridium taeniosporum",11,7.68555891166058e-07,11,7.70892928697512e-07
767769,"Aspergillus brasiliensis",11,7.68555891166058e-07,11.9,8.3436063861698e-07
1768210,"Vagococcus martis",11,7.68555891166058e-07,13.5,9.40779369147599e-07
2024554,"Virgibacillus indicus",11,7.68555891166058e-07,11,7.68564593699478e-07
2042057,"Pectobacterium polaris",11,7.68555891166058e-07,11.5,8.0122137698129e-07
2109913,"Melaminivora suipulveris",11,7.68555891166058e-07,13.5,9.44462890070541e-07
2604158,"Nitratidesulfovibrio liaohensis",11,7.68555891166058e-07,11,7.68555891166054e-07
1292134,"Stenotrophomonas africana",11,7.68555891166058e-07,11.1,7.75186136186619e-07
1449798,"Vreelandella salicampi",11,7.68555891166058e-07,12.1,8.470732941524e-07
1563222,"Citrobacter pasteurii",11,7.68555891166058e-07,11.3,7.91627847181794e-07
246144,"Enterococcus italicus",11,7.68555891166058e-07,12.8,8.94131309764604e-07
33918,"Microbacterium maritypicum",11,7.68555891166058e-07,12.7,8.84151194311567e-07
1812259,"Streptomyces ginkgonis",11,7.68555891166058e-07,10,7.01588233366797e-07
392011,"Alicyclobacillus fastidiosus",11,7.68555891166058e-07,11,7.68751741585645e-07
3002863,"Methanocorpusculum petauri",11,7.68555891166058e-07,11.6,8.07195266070771e-07
1914243,"Citrobacter europaeus",11,7.68555891166058e-07,11.1,7.76030079758126e-07
3095082,"Streptococcus fermentans",11,7.68555891166058e-07,16.1,1.12752990904336e-06
1329,"Streptococcus canis",11,7.68555891166058e-07,11.1,7.73150616205771e-07
382638,"Helicobacter acinonychis",10,6.98687173787325e-07,10,7.01852425721251e-07
1034345,"Senegalimassilia anaerobia",10,6.98687173787325e-07,9.4,6.57884340575563e-07
252393,"Candidatus Erwinia dacicola",10,6.98687173787325e-07,10.3,7.18123795564056e-07
135739,"Marinobacter lutaoensis",10,6.98687173787325e-07,10.7,7.49315491696181e-07
2518971,"Duncaniella dubosii",10,6.98687173787325e-07,10.1,7.08080145561881e-07
2528966,"Brachyspira catarrhinii",10,6.98687173787325e-07,10.1,7.09111202937313e-07
2607659,"Nocardioides antri",10,6.98687173787325e-07,10.5,7.30942703986046e-07
393006,"Tamlana crocina",10,6.98687173787325e-07,8.6,6.01544731948266e-07
2763644,"Zhenpiania hominis",10,6.98687173787325e-07,10.9,7.62964110389192e-07
1756020,"Flavobacterium orientale",10,6.98687173787325e-07,10,6.98687174024301e-07
76860,"Streptococcus constellatus",10,6.98687173787325e-07,12.3,8.59200959200129e-07
2714358,"Pusillibacter faecalis",10,6.98687173787325e-07,11.8,8.21663538822351e-07
2909341,"Octadecabacter dasysiphoniae",10,6.98687173787325e-07,10,6.98687237219327e-07
3041623,"Streptococcus taonis",10,6.98687173787325e-07,12.2,8.55583205907487e-07
3079305,"Veillonella absiana",10,6.98687173787325e-07,9.7,6.79918294585799e-07
3095079,"Streptococcus jiangnanensis",10,6.98687173787325e-07,9.7,6.79405156098617e-07
1328,"Streptococcus anginosus",10,6.98687173787325e-07,10.7,7.49550914906622e-07
147207,"Collinsella intestinalis",10,6.98687173787325e-07,9.4,6.57121489726805e-07
610130,"Lacrimispora saccharolytica",9,6.28818456408593e-07,9.2,6.43472566608443e-07
1123279,"Spongiibacter tropicus",9,6.28818456408593e-07,10.9,7.64203790494208e-07
1455061,"Candidatus Magnetobacterium casense",9,6.28818456408593e-07,9,6.2881845640859e-07
1177154,"Alcanivorax nanhaiticus",9,6.28818456408593e-07,10.9,7.6222494396251e-07
1720315,"Hugonella massiliensis",9,6.28818456408593e-07,9.1,6.35964128677793e-07
69781,"Penicillium oxalicum",9,6.28818456408593e-07,8.5,5.96915723733609e-07
355591,"Marinobacter vinifirmus",9,6.28818456408593e-07,9.3,6.49091185765205e-07
2605433,"Sphingobacterium phlebotomi",9,6.28818456408593e-07,9.2,6.42079616548322e-07
61648,"Kluyvera intermedia",9,6.28818456408593e-07,11.2,7.80149141699766e-07
394095,"Pyxidicoccus fallax",9,6.28818456408593e-07,9.4,6.5964252606127e-07
2763033,"Christensenella tenuis",9,6.28818456408593e-07,9.3,6.4835341826146e-07
2763667,"Wansuia hejianensis",9,6.28818456408593e-07,9,6.295218413527e-07
990412,"Limosilactobacillus alvi",9,6.28818456408593e-07,9,6.29138721431756e-07
508451,"Lactobacillus taiwanensis",9,6.28818456408593e-07,9,6.28874979823605e-07
2981788,"Dorea ammoniilytica",9,6.28818456408593e-07,9.7,6.80666195048388e-07
3016083,"Phocaeicola acetigenes",9,6.28818456408593e-07,8.9,6.23585512080575e-07
1585982,"Citrobacter bitternis",9,6.28818456408593e-07,7.5,5.20919683762881e-07
3376993,"Vescimonas sanitatis",9,6.28818456408593e-07,9.3,6.4871263833787e-07
419597,"Halomonas shengliensis",9,6.28818456408593e-07,9.5,6.66953939154038e-07
535290,"Legionella nagasakiensis",9,6.28818456408593e-07,8.2,5.7054775808049e-07
931276,"Clostridium saccharoperbutylacetonicum",8,5.5894973902986e-07,7,4.88399763938169e-07
1720300,"Mediterraneibacter massiliensis",8,5.5894973902986e-07,7.1,4.99087898160119e-07
1432052,"Eisenbergiella tayi",8,5.5894973902986e-07,8.8,6.13947982246374e-07
1891675,"Pantoea alhagi",8,5.5894973902986e-07,7.9,5.5457297752415e-07
1642702,"Paludifilum halophilum",8,5.5894973902986e-07,8.5,5.95114566803664e-07
987063,"Pseudoscardovia suis",8,5.5894973902986e-07,8,5.5894985709712e-07
61647,"Pluralibacter gergoviae",8,5.5894973902986e-07,9.5,6.60388429089753e-07
1982628,"Faecalibacillus faecis",8,5.5894973902986e-07,8.2,5.74907678926391e-07
633807,"Vagococcus penaei",8,5.5894973902986e-07,8,5.58949739029858e-07
411468,"[Clostridium] scindens",8,5.5894973902986e-07,9.1,6.37442685944767e-07
2606629,"Floccifex porci",8,5.5894973902986e-07,8,5.59089067754215e-07
2735259,"Alloalcanivorax profundimaris",8,5.5894973902986e-07,8.5,5.92385613602968e-07
3051154,"Cedecea sulfonylureivorans",8,5.5894973902986e-07,8.4,5.84155159507758e-07
2949669,"Curtanaerobium respiraculi",8,5.5894973902986e-07,8.2,5.74183628087971e-07
2981725,"Brotonthovivens ammoniilytica",8,5.5894973902986e-07,8,5.60575419949155e-07
5077,"Penicillium citrinum",8,5.5894973902986e-07,8,5.5968499255361e-07
3031799,"Providencia hangzhouensis",8,5.5894973902986e-07,9,6.29047115369121e-07
3075529,"Streptomyces gibsoniae",8,5.5894973902986e-07,9.1,6.35444184887316e-07
2582835,"Xenorhabdus littoralis",8,5.5894973902986e-07,8.2,5.75546793386047e-07
3095078,"Streptococcus wuxiensis",8,5.5894973902986e-07,9.2,6.42581405958477e-07
1670621,"Saccharothrix lopnurensis",8,5.5894973902986e-07,8.4,5.88541062388766e-07
3238988,"Enterococcus hailinensis",8,5.5894973902986e-07,9.5,6.60614116423514e-07
1836972,"Frankia canadensis",8,5.5894973902986e-07,10.1,7.0485746239356e-07
565655,"Enterococcus casseliflavus",7,4.89081021651128e-07,7.1,4.93805624833405e-07
1158604,"Enterococcus villorum",7,4.89081021651128e-07,9.5,6.66191261601974e-07
1736,"Eubacterium limosum",7,4.89081021651128e-07,7,4.90151621692932e-07
5857,"Plasmodium fragile",7,4.89081021651128e-07,7,4.87383160545683e-07
1249555,"Aliidiomarina sanyensis",7,4.89081021651128e-07,7.5,5.21692785312352e-07
3032870,"Lepagella muris",7,4.89081021651128e-07,7.3,5.07698166005396e-07
2579935,"Jejubacter calystegiae",7,4.89081021651128e-07,8.1,5.63631233571369e-07
665913,"Mixta calida",7,4.89081021651128e-07,5.9,4.10993382382446e-07
1890302,"Bacillus wiedmannii",7,4.89081021651128e-07,8.3,5.82675566260061e-07
2137581,"Ellagibacter isourolithinifaciens",7,4.89081021651128e-07,8.2,5.71698066224231e-07
88233,"Lacticaseibacillus manihotivorans",7,4.89081021651128e-07,7,4.89081027504447e-07
2606634,"Velocimicrobium porci",7,4.89081021651128e-07,7.5,5.23231119156647e-07
2686210,"Streptococcus ruminicola",7,4.89081021651128e-07,7.7,5.35407248884784e-07
2552946,"Cedecea colo",7,4.89081021651128e-07,6.4,4.49495155879827e-07
2713419,"Collinsella acetigenes",7,4.89081021651128e-07,7.4,5.13557064102548e-07
2763057,"Parabacteroides hominis",7,4.89081021651128e-07,7,4.91262196417983e-07
202956,"Acinetobacter towneri",7,4.89081021651128e-07,9.6,6.6961835702058e-07
2587529,"Klebsiella pasteurii",7,4.89081021651128e-07,7.8,5.45484844532518e-07
1263550,"Edwardsiella piscicida",7,4.89081021651128e-07,9.6,6.70962898433419e-07
2972466,"Tractidigestivibacter montrealensis",7,4.89081021651128e-07,7,4.89081024204115e-07
1316194,"Penicillium subrubescens",7,4.89081021651128e-07,7.1,4.95809977648844e-07
3044208,"Fusibacillus kribbianus",7,4.89081021651128e-07,7.3,5.09923998267413e-07
333963,"Leucobacter iarius",7,4.89081021651128e-07,8.7,6.0512922413197e-07
3142973,"Thermohahella caldifontis",7,4.89081021651128e-07,9.4,6.53625998329943e-07
33053,"Neisseria perflava",7,4.89081021651128e-07,7.8,5.4554211826711e-07
1005995,"Tatumella ptyseos",6,4.19212304272395e-07,5.5,3.85801135756585e-07
1211844,"Candidatus Stoquefichus massiliensis",6,4.19212304272395e-07,6,4.19235941303924e-07
1295826,"Lactococcus cremoris",6,4.19212304272395e-07,6,4.19401206407903e-07
1313,"Streptococcus pneumoniae",6,4.19212304272395e-07,6.1,4.23728586152009e-07
290052,"Acetivibrio ethanolgignens",6,4.19212304272395e-07,6.4,4.44837232610846e-07
5078,"Penicillium griseofulvum",6,4.19212304272395e-07,7.3,5.09620244600887e-07
1511761,"Leuconostoc suionicum",6,4.19212304272395e-07,6.1,4.28294346611791e-07
1561,"Clostridium baratii",6,4.19212304272395e-07,6.3,4.39708511642624e-07
29367,"Clostridium puniceum",6,4.19212304272395e-07,6.5,4.51466441437543e-07
501571,"Butyricicoccus pullicaecorum",6,4.19212304272395e-07,6.1,4.26251156279526e-07
2022662,"Superficieibacter electus",6,4.19212304272395e-07,7.3,5.08514059291956e-07
2109328,"Halomonas litopenaei",6,4.19212304272395e-07,10,7.02121825142131e-07
2026339,"Oceanibium sediminis",6,4.19212304272395e-07,6.4,4.44175153138257e-07
160453,"Enterococcus gilvus",6,4.19212304272395e-07,8,5.5849085502678e-07
1525360,"Hymenobacter wooponensis",6,4.19212304272395e-07,5.9,4.09291242743907e-07
1494462,"Lactococcus hircilactis",6,4.19212304272395e-07,6,4.15851978502887e-07
2899544,"Intestinirhabdus alba",6,4.19212304272395e-07,6,4.20243716860894e-07
1485586,"Streptomyces calidiresistens",6,4.19212304272395e-07,6,4.19415807278643e-07
2763067,"Streptococcus hominis",6,4.19212304272395e-07,5.9,4.15259084164805e-07
2763666,"Zhenhengia yiwuensis",6,4.19212304272395e-07,6,4.19212524323133e-07
198482,"Macrococcus hajekii",6,4.19212304272395e-07,8.6,6.03228512470353e-07
1398493,"Pseudocitrobacter faecalis",6,4.19212304272395e-07,6.3,4.41103616988528e-07
2762212,"Phocaeicola intestinalis",6,4.19212304272395e-07,6.5,4.53558772303667e-07
2850322,"Diplocloster modestus",6,4.19212304272395e-07,7.4,5.14288479722673e-07
636,"Edwardsiella tarda",6,4.19212304272395e-07,6.3,4.40458885344819e-07
2891570,"Pseudocitrobacter corydidari",6,4.19212304272395e-07,5.9,4.15111892490424e-07
1437816,"Methylopila turkensis",6,4.19212304272395e-07,6.8,4.77483002600493e-07
NA,"unknown genome; accession ID isNZ_AP028032.1",6,4.19212304272395e-07,6,4.19212595942823e-07
1720204,"Collinsella ihumii",6,4.19212304272395e-07,6,4.19212507499473e-07
3093659,"Acutalibacter intestini",6,4.19212304272395e-07,6,4.16509060398417e-07
3133422,"Flavonifractor porci",6,4.19212304272395e-07,6.7,4.69333602770408e-07
3133172,"Alistipes intestinihominis",6,4.19212304272395e-07,5.7,3.97339950852712e-07
29374,"Filifactor villosus",6,4.19212304272395e-07,6,4.19293880776817e-07
3036942,"Bacillus shihchuchen",6,4.19212304272395e-07,5.9,4.11899012791761e-07
1005667,"Kosakonia oryziphila",6,4.19212304272395e-07,6.2,4.33417786147304e-07
1121306,"Clostridium collagenovorans",6,4.19212304272395e-07,7.1,4.96094772537665e-07
1871030,"Merdibacter massiliensis",6,4.19212304272395e-07,6.2,4.30952203271988e-07
1841868,"Provencibacterium massiliense",6,4.19212304272395e-07,6,4.18989379909813e-07
2058292,"Aedoeadaptatus coli",6,4.19212304272395e-07,7.1,4.95592764350991e-07
1870985,"Arabiibacter massiliensis",6,4.19212304272395e-07,6.1,4.27325713189101e-07
2941233,"Acetatifactor aquisgranensis",6,4.19212304272395e-07,6,4.21305092758455e-07
537973,"Lacticaseibacillus paracasei",5,3.49343586893663e-07,4.3,3.02789659066014e-07
1120978,"Allofustis seminis",5,3.49343586893663e-07,7.3,5.08083019027177e-07
176090,"Streptococcus sinensis",5,3.49343586893663e-07,5.2,3.60305648601459e-07
1423739,"Lentilactobacillus diolivorans",5,3.49343586893663e-07,5,3.49343586893661e-07
1702221,"Faecalibaculum rodentium",5,3.49343586893663e-07,5,3.49343834494054e-07
150033,"Enterococcus ratti",5,3.49343586893663e-07,5,3.49359805876861e-07
451513,"Mangrovibacter plantisponsor",5,3.49343586893663e-07,4.8,3.35927124563619e-07
1433513,"Streptococcus gwangjuensis",5,3.49343586893663e-07,6.7,4.68893404941286e-07
2490857,"Lautropia dentalis",5,3.49343586893663e-07,4.9,3.43772605520543e-07
2320868,"Clostridium manihotivorum",5,3.49343586893663e-07,5,3.49343586893661e-07
2562449,"Citrobacter tructae",5,3.49343586893663e-07,6.2,4.35852733751348e-07
2797506,"Enterobacter dykesii",5,3.49343586893663e-07,5.5,3.83742677788072e-07
2716335,"Falsiroseomonas selenitidurans",5,3.49343586893663e-07,5,3.49379214232127e-07
2740817,"Paramixta manurensis",5,3.49343586893663e-07,5.7,3.95070540640382e-07
67324,"Streptomyces massasporeus",5,3.49343586893663e-07,5.5,3.85486094467823e-07
658225,"Sphingomonas glacialis",5,3.49343586893663e-07,5,3.50152099777881e-07
2779518,"Blautia liquoris",5,3.49343586893663e-07,5,3.49346806910987e-07
2068655,"Novisyntrophococcus fermenticellae",5,3.49343586893663e-07,5,3.49558145875342e-07
2938947,"Aliidiomarina quisquiliarum",5,3.49343586893663e-07,7.1,4.94084184513225e-07
2926520,"Scandinavium manionii",5,3.49343586893663e-07,5.1,3.59142103468787e-07
154046,"Hungatella hathewayi",5,3.49343586893663e-07,5.9,4.12760945750877e-07
2981784,"[Clostridium] ammoniilyticum",5,3.49343586893663e-07,5.1,3.55689086833131e-07
3035291,"Lacticaseibacillus huelsenbergensis",5,3.49343586893663e-07,5.9,4.13633989352984e-07
3031993,"Enterococcus montenegrensis",5,3.49343586893663e-07,4.8,3.37843544550958e-07
2996112,"Enterobacter pseudoroggenkampii",5,3.49343586893663e-07,4.9,3.39399486894055e-07
3057057,"Brenneria uluponensis",5,3.49343586893663e-07,5.7,4.00246457133216e-07
638574,"Nonomuraea rosea",5,3.49343586893663e-07,5,3.50095176277908e-07
29389,"Streptococcus alactolyticus",5,3.49343586893663e-07,5.7,4.00161604750395e-07
1776392,"Massilimicrobiota timonensis",5,3.49343586893663e-07,5.3,3.69548323235629e-07
1527607,"Oryzisolibacter propanilivorax",5,3.49343586893663e-07,5.7,3.99747498470508e-07
2161814,"Lactimicrobium massiliense",5,3.49343586893663e-07,6.2,4.30046639580029e-07
2219999,"Prevotella rectalis",5,3.49343586893663e-07,5,3.49395763587772e-07
742818,"Slackia piriformis",4,2.7947486951493e-07,4,2.80263131692325e-07
1121111,"Bifidobacterium thermacidophilum",4,2.7947486951493e-07,4,2.79487978716101e-07
27334,"Penicillium expansum",4,2.7947486951493e-07,4,2.82045008596298e-07
215243,"Exophiala oligosperma",4,2.7947486951493e-07,3.3,2.33181820555528e-07
1150423,"Bifidobacterium dentium",4,2.7947486951493e-07,4,2.79496497399663e-07
1223494,"Tetragenococcus solitarius",4,2.7947486951493e-07,3.6,2.53767413978379e-07
1871111,"Acinetobacter defluvii",4,2.7947486951493e-07,5,3.50755150097647e-07
351679,"Xenorhabdus hominickii",4,2.7947486951493e-07,3.6,2.53021248027369e-07
2994495,"Pseudomonas paraeruginosa",4,2.7947486951493e-07,4,2.79474869514929e-07
67780,"Edwardsiella ictaluri",4,2.7947486951493e-07,4.3,2.99602496603824e-07
2249428,"Aliidiomarina celeris",4,2.7947486951493e-07,5.1,3.53481288982577e-07
1851514,"Scandinavium goeteborgense",4,2.7947486951493e-07,4,2.79476230410946e-07
2028345,"Pollutimonas thiosulfatoxidans",4,2.7947486951493e-07,4.8,3.35629514187562e-07
2485123,"Photobacterium chitinilyticum",4,2.7947486951493e-07,3.6,2.53342386417175e-07
2509433,"Senegalimassilia faecalis",4,2.7947486951493e-07,5.6,3.88405072490965e-07
2547833,"Palleronia sediminis",4,2.7947486951493e-07,4.8,3.32745585176268e-07
51049,"Actinobacillus indolicus",4,2.7947486951493e-07,4.5,3.131116087395e-07
2584944,"Sutterella faecalis",4,2.7947486951493e-07,4.5,3.13746748740909e-07
1868794,"Jeotgalibaca arthritidis",4,2.7947486951493e-07,4.5,3.11602755526179e-07
2759747,"Limosilactobacillus balticus",4,2.7947486951493e-07,4,2.79474869514929e-07
572010,"Slackia isoflavoniconvertens",4,2.7947486951493e-07,3.2,2.2347379691922e-07
1133319,"Bacteroides reticulotermitis",4,2.7947486951493e-07,4,2.79521869601922e-07
2763053,"Lawsonibacter hominis",4,2.7947486951493e-07,4.1,2.88192950167376e-07
2764330,"Veillonella hominis",4,2.7947486951493e-07,5.1,3.55045869039279e-07
544580,"Actinomyces oris",4,2.7947486951493e-07,4.4,3.04736082860322e-07
2080838,"Lelliottia aquatilis",4,2.7947486951493e-07,3.8,2.68059064068608e-07
182096,"Aspergillus chevalieri",4,2.7947486951493e-07,4.2,2.95935637926456e-07
28137,"Prevotella veroralis",4,2.7947486951493e-07,4,2.79716511216512e-07
2849492,"Geopseudomonas aromaticivorans",4,2.7947486951493e-07,5.6,3.93343089230854e-07
2899785,"Huaxiibacter chinensis",4,2.7947486951493e-07,4.9,3.3982092822537e-07
2921185,"Rosenbergiella metrosideri",4,2.7947486951493e-07,4,2.79474869514929e-07
255519,"Atlantibacter subterraneus",4,2.7947486951493e-07,4.4,3.10353708354257e-07
3397862,"Anaerorudis cellulosivorans",4,2.7947486951493e-07,4,2.79480469457782e-07
2838522,"Candidatus Collinsella stercoripullorum",4,2.7947486951493e-07,4,2.80241013198977e-07
1131564,"Penicillium cosmopolitanum",4,2.7947486951493e-07,4.3,3.01189083620733e-07
1132637,"Penicillium atrosanguineum",4,2.7947486951493e-07,4,2.7976589179008e-07
63821,"Penicillium daleae",4,2.7947486951493e-07,4.1,2.88145881642555e-07
3068307,"Lacticaseibacillus zeae",4,2.7947486951493e-07,4.3,2.98574278965873e-07
2797505,"Enterobacter vonholyi",4,2.7947486951493e-07,4.1,2.85152289219773e-07
3058913,"Kocuria oxytropis",4,2.7947486951493e-07,4,2.79482311357864e-07
3239803,"Erwinia aeris",4,2.7947486951493e-07,4.1,2.84174305822093e-07
4781,"Plasmopara halstedii",4,2.7947486951493e-07,4,2.7978039191628e-07
1755099,"Pseudenterobacter timonensis",4,2.7947486951493e-07,4,2.82174183279942e-07
1871018,"Angelakisella massiliensis",4,2.7947486951493e-07,4.6,3.19777353773067e-07
1871019,"Enorma phocaeensis",4,2.7947486951493e-07,4.8,3.33044891336817e-07
137838,"Clostridium neonatale",4,2.7947486951493e-07,4,2.81084387292848e-07
571,"Klebsiella oxytoca",4,2.7947486951493e-07,4.6,3.24367157256949e-07
441959,"Talaromyces stipitatus",3,2.09606152136198e-07,3.4,2.35477031767007e-07
452662,"Sphingobium indicum",3,2.09606152136198e-07,2.3,1.6292513414121e-07
701347,"[Enterobacter] lignolyticus",3,2.09606152136198e-07,2.8,1.96918646934218e-07
697329,"Ruminococcus albus",3,2.09606152136198e-07,3,2.09635498038126e-07
889204,"Streptococcus infantis",3,2.09606152136198e-07,3.6,2.48633572613064e-07
742817,"Odoribacter laneus",3,2.09606152136198e-07,3,2.09630729385457e-07
1033744,"Peptoniphilus senegalensis",3,2.09606152136198e-07,3.4,2.39391343846743e-07
575,"Raoultella planticola",3,2.09606152136198e-07,3.1,2.19859534991545e-07
1499683,"Clostridium culturomicium",3,2.09606152136198e-07,3,2.09940783685479e-07
511,"Alcaligenes faecalis",3,2.09606152136198e-07,4.4,3.06764567197365e-07
1194083,"Nostocoides japonicum",3,2.09606152136198e-07,3,2.10026424812981e-07
76859,"Fusobacterium animalis",3,2.09606152136198e-07,2.7,1.86390710631159e-07
1673722,"Actinomyces ihuae",3,2.09606152136198e-07,3,2.09606708247782e-07
1462993,"Paraburkholderia ginsengiterrae",3,2.09606152136198e-07,3,2.09606226599676e-07
1871336,"Criibacterium bergeronii",3,2.09606152136198e-07,3.1,2.1829899433143e-07
1175631,"Pectobacterium wasabiae",3,2.09606152136198e-07,3.5,2.4265272367589e-07
1926881,"Izhakiella australiensis",3,2.09606152136198e-07,3,2.09723775805111e-07
1082851,"Comamonas serinivorans",3,2.09606152136198e-07,2.5,1.76853024012337e-07
2801451,"Companilactobacillus bobalius",3,2.09606152136198e-07,4.4,3.09811242514021e-07
2136183,"Acinetobacter sichuanensis",3,2.09606152136198e-07,4.5,3.16879261694724e-07
2487351,"Anaerosphaera multitolerans",3,2.09606152136198e-07,3.2,2.22307341666874e-07
1796618,"Cuneatibacter caecimuris",3,2.09606152136198e-07,3.1,2.16665232602811e-07
2589786,"Streptococcus shenyangsis",3,2.09606152136198e-07,3.3,2.33495384693631e-07
2605638,"Bradyrhizobium hipponense",3,2.09606152136198e-07,3.3,2.32606930821949e-07
2607660,"Nocardioides humilatus",3,2.09606152136198e-07,3.1,2.16386307997642e-07
1796610,"Adlercreutzia muris",3,2.09606152136198e-07,3,2.10140915335156e-07
2652286,"Sharpea porci",3,2.09606152136198e-07,3,2.09978321545972e-07
2606636,"Bilifractor porci",3,2.09606152136198e-07,3,2.09699092084786e-07
756892,"Acinetobacter indicus",3,2.09606152136198e-07,3.3,2.30419989012348e-07
2722820,"Actinomyces faecalis",3,2.09606152136198e-07,3,2.09607714637979e-07
2763015,"Alistipes hominis",3,2.09606152136198e-07,3.4,2.3848538033402e-07
2763677,"Zongyangia hominis",3,2.09606152136198e-07,3,2.10200823784697e-07
67303,"Streptomyces griseoloalbus",3,2.09606152136198e-07,3,2.09606894427956e-07
68238,"Streptomyces minutiscleroticus",3,2.09606152136198e-07,3,2.09732132422682e-07
68282,"Streptomyces viridiviolaceus",3,2.09606152136198e-07,3,2.09652709461551e-07
2762247,"Clostridium cibarium",3,2.09606152136198e-07,3.8,2.67584002308046e-07
565,"Atlantibacter hermannii",3,2.09606152136198e-07,4,2.81828000797e-07
1287640,"Anaerococcus obesiensis",3,2.09606152136198e-07,3.3,2.33874580789519e-07
1157498,"Micromonospora fiedleri",3,2.09606152136198e-07,3,2.09606152136197e-07
225991,"Comamonas aquatica",3,2.09606152136198e-07,3,2.10403286067412e-07
1544696,"Rosenbergiella australiborealis",3,2.09606152136198e-07,2.6,1.81347807593464e-07
55211,"Erwinia persicina",3,2.09606152136198e-07,3.4,2.37910612825709e-07
3044279,"Massilia hydrophila",3,2.09606152136198e-07,3,2.09606152136197e-07
2885356,"Hominilimicola fabiformis",3,2.09606152136198e-07,3.7,2.59995587375886e-07
51288,"Kluyvera ascorbata",3,2.09606152136198e-07,3.2,2.20186787773497e-07
2872648,"Mixta hanseatica",3,2.09606152136198e-07,3,2.10160030281024e-07
1337051,"Murimonas intestini",3,2.09606152136198e-07,3,2.10406899290413e-07
1234842,"Mucilaginibacter phenanthrenivorans",3,2.09606152136198e-07,4.7,3.2618411114837e-07
2926469,"Silvania hatchlandensis",3,2.09606152136198e-07,3,2.09962470935548e-07
36646,"Penicillium coprophilum",3,2.09606152136198e-07,3.1,2.16317258733337e-07
1002107,"Penicillium psychrosexuale",3,2.09606152136198e-07,3.2,2.22459759673229e-07
180282,"Delftia tsuruhatensis",3,2.09606152136198e-07,2,1.42870738630514e-07
505341,"Gallibacterium salpingitidis",3,2.09606152136198e-07,2.2,1.54355994377825e-07
2559925,"Enterococcus dongliensis",3,2.09606152136198e-07,3.6,2.49723926349715e-07
3030997,"Enterobacter chinensis",3,2.09606152136198e-07,3,2.12238880764603e-07
3090668,"Halalkalibacter flavus",3,2.09606152136198e-07,3,2.09606152136197e-07
3133178,"Flavonifractor hominis",3,2.09606152136198e-07,3.4,2.35931631749848e-07
3133091,"unknown genome; accession ID isNZ_JBBMER010000006.1",3,2.09606152136198e-07,3,2.0966375117656e-07
3161189,"Streptococcus jiangjianxini",3,2.09606152136198e-07,3.2,2.21784735648503e-07
165758,"Streptococcus gallinaceus",3,2.09606152136198e-07,3.6,2.49696477406283e-07
641783,"Zhongshania guokunii",3,2.09606152136198e-07,5.4,3.78537273644912e-07
1134781,"Methylopila musalis",3,2.09606152136198e-07,3,2.12628943023262e-07
78544,"Pseudomonas gessardii",3,2.09606152136198e-07,4.1,2.83883833067664e-07
2897707,"Merdimmobilis hominis",3,2.09606152136198e-07,3.1,2.1932785092759e-07
764290,"Streptococcus downei",3,2.09606152136198e-07,3,2.12339126895821e-07
1340,"Streptococcus porcinus",3,2.09606152136198e-07,3,2.11104940083259e-07
187979,"Mitsuokella jalaludinii",3,2.09606152136198e-07,3,2.10126073521317e-07
2991833,"Limosilactobacillus pulli",3,2.09606152136198e-07,3.1,2.14270520134988e-07
527031,"Bacillus thuringiensis",2,1.39737434757465e-07,1.9,1.30076314769885e-07
596329,"Peptostreptococcus anaerobius",2,1.39737434757465e-07,4,2.77143513287522e-07
1129374,"Alishewanella jeotgali",2,1.39737434757465e-07,2.3,1.60797377482051e-07
1203190,"Corynebacterium timonense",2,1.39737434757465e-07,2,1.39737434757464e-07
1095768,"Phytobacter massiliensis",2,1.39737434757465e-07,2,1.39770116020827e-07
743972,"Actinobacillus suis",2,1.39737434757465e-07,2,1.39737434757464e-07
78343,"Bifidobacterium boum",2,1.39737434757465e-07,2,1.39747161215865e-07
762211,"Bifidobacterium stellenboschense",2,1.39737434757465e-07,2,1.39772895221996e-07
1437610,"Bifidobacterium reuteri",2,1.39737434757465e-07,2,1.39742909109326e-07
633415,"Aeromonas sanarellii",2,1.39737434757465e-07,2,1.4002431349899e-07
1640685,"Enterococcus massiliensis",2,1.39737434757465e-07,2.2,1.54239549934092e-07
1676614,"Xylanibacter rarus",2,1.39737434757465e-07,2,1.43081272895231e-07
1650662,"Desnuesiella massiliensis",2,1.39737434757465e-07,2,1.39765228821139e-07
1423749,"Limosilactobacillus gastricus",2,1.39737434757465e-07,2,1.40003748813358e-07
1218092,"Enterococcus pseudoavium",2,1.39737434757465e-07,3.1,2.16065046425572e-07
2049356,"Monocercomonoides exilis",2,1.39737434757465e-07,2,1.39737434757464e-07
1354337,"Proteus myxofaciens",2,1.39737434757465e-07,2,1.39737434757464e-07
1265311,"Mycobacterium arosiense",2,1.39737434757465e-07,2,1.39737434757464e-07
1987383,"Candidatus Enterococcus wittei",2,1.39737434757465e-07,2,1.41411591930383e-07
1796620,"Acutalibacter muris",2,1.39737434757465e-07,2.1,1.49833368178974e-07
2041044,"Eubacterium maltosivorans",2,1.39737434757465e-07,2.3,1.63176285173025e-07
53346,"Enterococcus mundtii",2,1.39737434757465e-07,2,1.4131957604445e-07
1392250,"Aspergillus steynii",2,1.39737434757465e-07,2.1,1.49906650070501e-07
92488,"Pantoea endophytica",2,1.39737434757465e-07,2.2,1.55956442040534e-07
79967,"Erwinia pyrifoliae",2,1.39737434757465e-07,2,1.39738508282173e-07
46507,"Ezakiella coagulans",2,1.39737434757465e-07,2.8,1.94231318122961e-07
1448316,"Aspergillus ibericus",2,1.39737434757465e-07,2,1.39769977034614e-07
2316722,"Corallococcus aberystwythensis",2,1.39737434757465e-07,2,1.39801251104944e-07
230658,"Paraeggerthella hongkongensis",2,1.39737434757465e-07,2.1,1.49452276358716e-07
2488791,"Gulosibacter macacae",2,1.39737434757465e-07,3.2,2.23232098934557e-07
1776032,"Hymenobacter gummosus",2,1.39737434757465e-07,2,1.42982032525392e-07
2528639,"Mariprofundus erugo",2,1.39737434757465e-07,2.3,1.61831385256591e-07
3088378,"Bacillus dicomae",2,1.39737434757465e-07,2.1,1.48431383420371e-07
2585117,"Alistipes onderdonkii",2,1.39737434757465e-07,2,1.40174393896342e-07
2055836,"Natronococcus pandeyae",2,1.39737434757465e-07,2,1.36705044003299e-07
2071710,"Enterobacter sichuanensis",2,1.39737434757465e-07,2,1.3987945799032e-07
61420,"Aspergillus caelatus",2,1.39737434757465e-07,2,1.39737434758019e-07
2585199,"Nocardia aurantia",2,1.39737434757465e-07,2,1.39737434757464e-07
2608880,"Foetidibacter luteolus",2,1.39737434757465e-07,1.7,1.16586538335847e-07
1857215,"Candidatus Enterococcus willemsii",2,1.39737434757465e-07,2.1,1.45981606902457e-07
2583452,"Amedibacterium intestinale",2,1.39737434757465e-07,2,1.40181911683491e-07
1366,"Pseudolactococcus raffinolactis",2,1.39737434757465e-07,2,1.42077372410232e-07
708087,"Cyclobacterium jeungdonense",2,1.39737434757465e-07,2,1.39768078906043e-07
694437,"Flammeovirga aprica",2,1.39737434757465e-07,2.1,1.4425402955846e-07
2675325,"Bifidobacterium erythrocebi",2,1.39737434757465e-07,2.2,1.51461851279267e-07
1494461,"Pseudolactococcus laudensis",2,1.39737434757465e-07,2.1,1.46664819149017e-07
33959,"Lactobacillus johnsonii",2,1.39737434757465e-07,2,1.39740357253711e-07
237576,"Oribacterium sinus",2,1.39737434757465e-07,2.7,1.90437698523543e-07
2763058,"Parabacteroides segnis",2,1.39737434757465e-07,2.1,1.45072891532022e-07
2763669,"Qiania dongpingensis",2,1.39737434757465e-07,2,1.39944954461422e-07
1769424,"Limosilactobacillus caviae",2,1.39737434757465e-07,2,1.39737434757464e-07
1571185,"Marinithermofilum abyssi",2,1.39737434757465e-07,2,1.40958451443712e-07
1612435,"Streptomyces kronopolitis",2,1.39737434757465e-07,2,1.39751773851397e-07
68272,"Streptomyces sulfonofaciens",2,1.39737434757465e-07,2,1.39742920345682e-07
645466,"Anaerostipes butyraticus",2,1.39737434757465e-07,2,1.40289530249848e-07
285729,"Fusobacterium canifelinum",2,1.39737434757465e-07,2.2,1.51756914911117e-07
1871024,"Mordavella massiliensis",2,1.39737434757465e-07,2.8,1.97843455417453e-07
2815358,"Leclercia pneumoniae",2,1.39737434757465e-07,2,1.41933458361225e-07
2697499,"Dietzia massiliensis",2,1.39737434757465e-07,2,1.39906463235599e-07
2841596,"Hallella faecis",2,1.39737434757465e-07,2,1.40243553913986e-07
2738446,"Anaerostipes faecalis",2,1.39737434757465e-07,2,1.40493137477629e-07
2853160,"Streptococcus vulneris",2,1.39737434757465e-07,2.1,1.47248824176956e-07
2864872,"Shewanella nanhaiensis",2,1.39737434757465e-07,2,1.4200880757921e-07
472693,"Pantoea eucrina",2,1.39737434757465e-07,2.4,1.6814444549102e-07
82989,"Buttiauxella ferragutiae",2,1.39737434757465e-07,2,1.39737435814668e-07
2839759,"Enterococcus innesii",2,1.39737434757465e-07,2,1.42887359983559e-07
1071679,"Caballeronia grimmiae",2,1.39737434757465e-07,2.1,1.45640254987078e-07
2940498,"Sporolactobacillus mangiferae",2,1.39737434757465e-07,2,1.39737434757464e-07
1187925,"Alternaria hordeiaustralica",2,1.39737434757465e-07,2,1.39737434757464e-07
151781,"Lactobacillus intestinalis",2,1.39737434757465e-07,2,1.39737434757464e-07
2944914,"Allocoprobacillus halotolerans",2,1.39737434757465e-07,2,1.39737471232171e-07
214851,"Subdoligranulum variabile",2,1.39737434757465e-07,2,1.41725480479548e-07
2850323,"Diplocloster agilis",2,1.39737434757465e-07,2,1.43199226107468e-07
208223,"Kosakonia cowanii",2,1.39737434757465e-07,2.2,1.55684080987e-07
2994648,"Enterobacter nematophilus",2,1.39737434757465e-07,2,1.39784447296523e-07
63820,"Penicillium chermesinum",2,1.39737434757465e-07,2,1.39737435352425e-07
2606708,"Mogibacterium kristiansenii",2,1.39737434757465e-07,2.2,1.51338125272188e-07
1613,"Limosilactobacillus fermentum",2,1.39737434757465e-07,2,1.41403093853084e-07
2026189,"Bacillus albus",2,1.39737434757465e-07,2.4,1.6973011378216e-07
3075546,"Blastococcus goldschmidtiae",2,1.39737434757465e-07,2,1.3973743778982e-07
2703794,"Serratia nevei",2,1.39737434757465e-07,2.1,1.49807793795341e-07
1855371,"Phytobacter palmae",2,1.39737434757465e-07,2,1.39740125826112e-07
396014,"Brachybacterium phenoliresistens",2,1.39737434757465e-07,2,1.39737434757464e-07
427369,"Streptomonospora halophila",2,1.39737434757465e-07,2,1.39758848391952e-07
2781224,"Neodothiora populina",2,1.39737434757465e-07,2.1,1.43327212668529e-07
502577,"Actinoallomurus acaciae",2,1.39737434757465e-07,2.1,1.49670903072034e-07
1994,"Actinomadura rugatobispora",2,1.39737434757465e-07,2.1,1.43323484543648e-07
1335613,"Gordonibacter urolithinfaciens",2,1.39737434757465e-07,2,1.40213355963075e-07
3350256,"Comamonas trifloxystrobinivorans",2,1.39737434757465e-07,2,1.40642666096643e-07
3242689,"Levilactobacillus lettrarii",2,1.39737434757465e-07,1.8,1.27192271795891e-07
2769485,"Parvimonas parva",2,1.39737434757465e-07,2,1.39902745067428e-07
174587,"Carnobacterium viridans",2,1.39737434757465e-07,2.4,1.68007273108641e-07
1907658,"Bacteroides ilei",2,1.39737434757465e-07,2.4,1.65919170170699e-07
1297750,"Bacteroides luti",2,1.39737434757465e-07,2,1.40096912867765e-07
1121942,"Modicisalibacter ilicicola",2,1.39737434757465e-07,3,2.11265030232381e-07
1871033,"Olsenella urininfantis",2,1.39737434757465e-07,2.1,1.47199433005608e-07
546,"Citrobacter freundii",2,1.39737434757465e-07,2,1.40562426449822e-07
2941517,"Hominisplanchenecus murintestinalis",2,1.39737434757465e-07,2,1.39804664918719e-07
206505,"Kerstersia similis",2,1.39737434757465e-07,2.5,1.72490562881324e-07
5061,"Aspergillus niger",1,6.98687173787325e-08,1,7.26585670018221e-08
525919,"Anaerococcus prevotii",1,6.98687173787325e-08,1,6.98807556696727e-08
762051,"Leuconostoc kimchii",1,6.98687173787325e-08,1.3,8.80633882575316e-08
445971,"Anaerofustis stercorihominis",1,6.98687173787325e-08,1,6.98687173787322e-08
592026,"Catonella morbi",1,6.98687173787325e-08,1,7.04163774056394e-08
585502,"Hallella bergensis",1,6.98687173787325e-08,1,6.98687173789425e-08
887899,"Mobiluncus holmesii",1,6.98687173787325e-08,1,6.98689699981363e-08
688246,"Hallella multisaccharivorax",1,6.98687173787325e-08,1,6.98687173787322e-08
885040,"Enterobacter soli",1,6.98687173787325e-08,1,7.00118790716998e-08
796942,"Stomatobaculum longum",1,6.98687173787325e-08,1,7.12176029062725e-08
1118060,"Enorma massiliensis",1,6.98687173787325e-08,1,7.12567502080087e-08
280463,"Emiliania huxleyi",1,6.98687173787325e-08,1,6.98687173787322e-08
1121094,"Phocaeicola barnesiae",1,6.98687173787325e-08,1.4,9.54184097909181e-08
1235794,"Adlercreutzia caecimuris",1,6.98687173787325e-08,1,7.04606830453165e-08
1121109,"Bifidobacterium minimum",1,6.98687173787325e-08,1,7.26407990769878e-08
1121914,"Gemella cuniculi",1,6.98687173787325e-08,1,6.98687173787322e-08
1122981,"Prevotella corporis",1,6.98687173787325e-08,1.1,7.45572355108794e-08
1345695,"Clostridium saccharobutylicum",1,6.98687173787325e-08,1,7.24728302601112e-08
946483,"Candidatus Symbiobacter mobilis",1,6.98687173787325e-08,1.1,7.44649248772723e-08
880074,"Barnesiella viscericola",1,6.98687173787325e-08,1.1,7.70531577907226e-08
1401079,"Mogibacterium timidum",1,6.98687173787325e-08,1,6.98687173787322e-08
1211817,"Clostridium ihumii",1,6.98687173787325e-08,1,7.07855010167095e-08
1872678,"Pseudoalteromonas fuliginea",1,6.98687173787325e-08,1,6.98687173787322e-08
1410674,"Sharpea azabuensis",1,6.98687173787325e-08,1,6.98781698427283e-08
1501230,"Paenibacillus tyrfis",1,6.98687173787325e-08,1,7.06118285144293e-08
1121112,"Bifidobacterium tsurumiense",1,6.98687173787325e-08,1,6.98687173787322e-08
212818,"Exophiala mesophila",1,6.98687173787325e-08,1.7,1.16161834721963e-07
579748,"Vibrio galatheae",1,6.98687173787325e-08,1,6.98687173787322e-08
1549748,"Kiloniella litopenaei",1,6.98687173787325e-08,1.1,7.55095882127401e-08
1150468,"Scardovia inopinata",1,6.98687173787325e-08,1,6.98687173787322e-08
312540,"Acidiplasma cupricumulans",1,6.98687173787325e-08,1,6.98687188458526e-08
76857,"Fusobacterium polymorphum",1,6.98687173787325e-08,1.2,8.16611100502979e-08
1299998,"Tractidigestivibacter scatoligenes",1,6.98687173787325e-08,1,6.98778708020062e-08
1720298,"Peptoniphilus phoceensis",1,6.98687173787325e-08,1.3,9.06825257273836e-08
1349765,"Enterococcus canis",1,6.98687173787325e-08,1,7.05586793258267e-08
1807766,"Polycladidibacter stylochi",1,6.98687173787325e-08,1,6.98689337800101e-08
1121305,"Clostridium colicanis",1,6.98687173787325e-08,1.3,8.87376719799739e-08
1354253,"Buttiauxella gaviniae",1,6.98687173787325e-08,1,7.01451461723051e-08
1796646,"Muribaculum intestinale",1,6.98687173787325e-08,1,7.11574257709898e-08
1908236,"Hymenobacter glacialis",1,6.98687173787325e-08,1,6.98699464478943e-08
2026192,"Bacillus proteolyticus",1,6.98687173787325e-08,1,7.01560355813583e-08
109790,"Lactobacillus jensenii",1,6.98687173787325e-08,1,6.98783808042924e-08
2652292,"Hornefia porci",1,6.98687173787325e-08,1,7.02334379328261e-08
641665,"Colwellia chukchiensis",1,6.98687173787325e-08,1.5,1.04527101209556e-07
1945581,"Chryseobacterium mucoviscidosis",1,6.98687173787325e-08,1,6.9868718438831e-08
2005703,"Enterococcus wangshanyuanii",1,6.98687173787325e-08,1,6.98694242205719e-08
76258,"Vibrio rumoiensis",1,6.98687173787325e-08,1.1,8.01039824946644e-08
1905142,"Amycolatopsis vastitatis",1,6.98687173787325e-08,1,7.0659940343274e-08
1260,"Finegoldia magna",1,6.98687173787325e-08,1.1,7.4489206944551e-08
2024555,"Virgibacillus profundi",1,6.98687173787325e-08,1,6.98687530728021e-08
417368,"Enterococcus thailandicus",1,6.98687173787325e-08,1,7.03330817367128e-08
120107,"Sphingobium cloacae",1,6.98687173787325e-08,2.1,1.45359388704859e-07
1291764,"Lactococcus fujiensis",1,6.98687173787325e-08,1.1,7.36026163667368e-08
2060068,"Chimaeribacter coloradensis",1,6.98687173787325e-08,1,7.04826687762783e-08
1239396,"Metasolibacillus fluoroglycofenilyticus",1,6.98687173787325e-08,1,6.98688382002467e-08
1096246,"Hungatella effluvii",1,6.98687173787325e-08,1,6.98786633938115e-08
1231134,"Rhodovulum viride",1,6.98687173787325e-08,1,6.98687187604142e-08
2201324,"Mucilaginibacter hurinus",1,6.98687173787325e-08,1,7.00180972214018e-08
2259592,"Jannaschia formosa",1,6.98687173787325e-08,1.2,8.46440786956422e-08
61171,"Holdemania filiformis",1,6.98687173787325e-08,1,7.08401330659441e-08
1578198,"Neobacillus notoginsengisoli",1,6.98687173787325e-08,1.3,9.05614805495743e-08
2259674,"Azohydromonas sediminis",1,6.98687173787325e-08,1,6.9868718426881e-08
2364647,"Pantoea piersonii",1,6.98687173787325e-08,1,7.1117131545473e-08
2707003,"Streptococcus chosunensis",1,6.98687173787325e-08,1,7.08901649353169e-08
2306423,"Lactiplantibacillus garii",1,6.98687173787325e-08,1,7.00679106756476e-08
1054041,"Levilactobacillus yonginensis",1,6.98687173787325e-08,1.4,9.85236129119849e-08
2486023,"Levilactobacillus tongjiangensis",1,6.98687173787325e-08,1,6.98687173787322e-08
2487520,"Phytopseudomonas dryadis",1,6.98687173787325e-08,1,6.9868719823487e-08
2529380,"Kosakonia quasisacchari",1,6.98687173787325e-08,1,6.98688474168267e-08
1968889,"Streptococcus downii",1,6.98687173787325e-08,1.7,1.20574288122936e-07
930854,"Enterococcus viikkiensis",1,6.98687173787325e-08,1,6.98687173787322e-08
2582917,"Klebsiella indica",1,6.98687173787325e-08,1.1,7.79426159553079e-08
2304625,"Colwellia ponticola",1,6.98687173787325e-08,1,6.98707212215128e-08
1283,"Staphylococcus haemolyticus",1,6.98687173787325e-08,1,6.98689028752725e-08
2743610,"Peptacetobacter hominis",1,6.98687173787325e-08,1,6.98839760937225e-08
104955,"Limosilactobacillus frumenti",1,6.98687173787325e-08,1,7.020930568844e-08
2608684,"Paenibacillus tengchongensis",1,6.98687173787325e-08,1,6.98709361381573e-08
2478464,"Enterobacter oligotrophicus",1,6.98687173787325e-08,1,7.29607543685662e-08
551989,"Kosakonia arachidis",1,6.98687173787325e-08,1.2,8.47672086962314e-08
2656746,"Stenotrophomonas nematodicola",1,6.98687173787325e-08,1.9,1.31400502666933e-07
1066,"Rhodocyclus tenuis",1,6.98687173787325e-08,1,6.99022553241626e-08
2606626,"Sodaliphilus pleomorphus",1,6.98687173787325e-08,1,7.03929731355853e-08
2606615,"Enorma shizhengliae",1,6.98687173787325e-08,1,7.008979573453e-08
1038857,"Kocuria sediminis",1,6.98687173787325e-08,1.6,1.10083951589303e-07
180957,"Pectobacterium brasiliense",1,6.98687173787325e-08,1,7.04067330687783e-08
1857217,"Candidatus Enterococcus huntleyi",1,6.98687173787325e-08,1.2,8.18550398399895e-08
108981,"Acinetobacter schindleri",1,6.98687173787325e-08,1.1,7.69033285906432e-08
2703882,"Rahnella contaminans",1,6.98687173787325e-08,1,7.23388640298476e-08
2724944,"Arthrobacter mobilis",1,6.98687173787325e-08,1.2,8.13653009501388e-08
1936207,"Streptococcus ovuberis",1,6.98687173787325e-08,1.1,7.34355033244676e-08
449520,"Campylobacter canadensis",1,6.98687173787325e-08,1,6.98687173787322e-08
1848766,"Campylobacter ornithocola",1,6.98687173787325e-08,1,6.98687173787322e-08
67828,"Citrobacter gillenii",1,6.98687173787325e-08,1,6.98731651829414e-08
2742993,"Anaerococcus faecalis",1,6.98687173787325e-08,1.4,1.00901436602556e-07
2739434,"Chitinibacter bivalviorum",1,6.98687173787325e-08,1.2,8.43937509697006e-08
2213162,"Streptomyces alkaliterrae",1,6.98687173787325e-08,1,6.99332802628196e-08
2748684,"Ruoffia halotolerans",1,6.98687173787325e-08,1,6.98914000807484e-08
1492,"Clostridium butyricum",1,6.98687173787325e-08,1,6.98687283215659e-08
2764329,"Paeniclostridium hominis",1,6.98687173787325e-08,1,6.98695070896801e-08
2763656,"Guopingia tenuis",1,6.98687173787325e-08,1,7.16440733109401e-08
2763645,"Lentihominibacter hominis",1,6.98687173787325e-08,1,7.031522171763e-08
1795310,"Paracoccus acridae",1,6.98687173787325e-08,0.8,5.28524378439437e-08
1751298,"Mangrovihabitans endophyticus",1,6.98687173787325e-08,1,6.98801683092851e-08
103732,"Lentzea flava",1,6.98687173787325e-08,1,7.1156560316845e-08
28044,"Streptomyces longisporoflavus",1,6.98687173787325e-08,1,6.98687703824179e-08
2779352,"Pseudoflavonifractor gallinarum",1,6.98687173787325e-08,1,7.12005816932917e-08
2773426,"Nocardioides malaquae",1,6.98687173787325e-08,1,6.9868722283638e-08
2665504,"Clostridium chrysemydis",1,6.98687173787325e-08,1,6.98738489062949e-08
85075,"Halochromatium glycolicum",1,6.98687173787325e-08,1,6.98687173787322e-08
483206,"Mesorhizobium caraganae",1,6.98687173787325e-08,1,6.98687389035216e-08
2799577,"Lacticaseibacillus suilingensis",1,6.98687173787325e-08,1.2,8.23019344059637e-08
290055,"Faecalicatena fissicatena",1,6.98687173787325e-08,1.2,8.47155486233245e-08
1151742,"Lactococcus taiwanensis",1,6.98687173787325e-08,1,6.98738234142584e-08
2020965,"Bifidobacterium imperatoris",1,6.98687173787325e-08,1,6.97680977162695e-08
489632,"Ectopseudomonas chengduensis",1,6.98687173787325e-08,1.4,9.97454818716437e-08
2201249,"Lactobacillus corticis",1,6.98687173787325e-08,1,6.98687173787322e-08
61646,"Lelliottia amnigena",1,6.98687173787325e-08,1.8,1.25931135479592e-07
2853256,"Erwinia phyllosphaerae",1,6.98687173787325e-08,1,6.98687173816062e-08
2859781,"Clostridium weizhouense",1,6.98687173787325e-08,1,7.17902922947819e-08
335017,"Rhizobium mesosinicum",1,6.98687173787325e-08,1,6.98687174508224e-08
155615,"Fusobacterium vincentii",1,6.98687173787325e-08,1,6.99237944564306e-08
2854755,"Prevotella lacticifex",1,6.98687173787325e-08,1,6.98742483648841e-08
546367,"Hafnia paralvei",1,6.98687173787325e-08,1.5,1.0515265585633e-07
2026187,"Bacillus pacificus",1,6.98687173787325e-08,1.2,8.59189803736599e-08
2897351,"Paraeggerthella hominis",1,6.98687173787325e-08,1,7.01469863917932e-08
401106,"Amycolatopsis tucumanensis",1,6.98687173787325e-08,1,6.99478502207249e-08
539813,"Enterobacter mori",1,6.98687173787325e-08,1,7.00874652186202e-08
158849,"Moellerella wisconsensis",1,6.98687173787325e-08,1,7.07933246291757e-08
1324864,"[Pantoea] beijingensis",1,6.98687173787325e-08,1,6.90035246214557e-08
181014,"Alternaria ethzedia",1,6.98687173787325e-08,1,6.98784592049383e-08
232088,"Alternaria arbusti",1,6.98687173787325e-08,1,6.98687173787322e-08
45303,"Alternaria infectoria",1,6.98687173787325e-08,1,6.98687173787322e-08
2961894,"Ectobacillus ponti",1,6.98687173787325e-08,1.2,8.38767658978368e-08
176102,"Pseudoalteromonas agarivorans",1,6.98687173787325e-08,1,6.98687173787322e-08
2963283,"Stenotrophomonas muris",1,6.98687173787325e-08,1,6.98687173787322e-08
2926519,"Scandinavium hiltneri",1,6.98687173787325e-08,1,6.98696935484029e-08
261299,"Intestinibacter bartlettii",1,6.98687173787325e-08,1,6.98781266211663e-08
1633,"Limosilactobacillus vaginalis",1,6.98687173787325e-08,1,6.99604671122738e-08
2925336,"Hallella absiana",1,6.98687173787325e-08,1,6.99243791466588e-08
2946555,"Akkermansia biwaensis",1,6.98687173787325e-08,1,6.98687178445387e-08
2989714,"Acinetobacter entericus",1,6.98687173787325e-08,1.1,7.75639179690671e-08
1903569,"Penicillium riverlandense",1,6.98687173787325e-08,1,7.15553816176282e-08
70096,"Penicillium cinerascens",1,6.98687173787325e-08,1,6.98703604490421e-08
3031406,"Isoptericola croceus",1,6.98687173787325e-08,1,6.98687173787322e-08
1161099,"Corynebacterium appendicis",1,6.98687173787325e-08,0.8,5.78855121023084e-08
3063998,"Helicobacter cappadocius",1,6.98687173787325e-08,1,6.98687173787322e-08
3068306,"Lacticaseibacillus styriensis",1,6.98687173787325e-08,1.1,7.63088029479346e-08
319970,"Enterococcus devriesei",1,6.98687173787325e-08,1,7.06503473236038e-08
1460447,"Terrisporobacter petrolearius",1,6.98687173787325e-08,1,7.01489776936668e-08
3044578,"Clostridium lamae",1,6.98687173787325e-08,1,7.03598220596094e-08
3036128,"Diaphorobacter limosus",1,6.98687173787325e-08,1.5,1.05644884974245e-07
1173583,"Mucilaginibacter sabulilitoris",1,6.98687173787325e-08,1,6.98687173787322e-08
141389,"Chromohalobacter canadensis",1,6.98687173787325e-08,1.4,9.81662272031535e-08
1505588,"Brenneria populi",1,6.98687173787325e-08,1,6.9868718750715e-08
1249,"Weissella paramesenteroides",1,6.98687173787325e-08,1,6.98687173787322e-08
3040937,"Raoultella scottii",1,6.98687173787325e-08,1,6.98129782969959e-08
1482676,"Brevibacterium metallidurans",1,6.98687173787325e-08,1,6.98693605153007e-08
414052,"Caenispirillum bisanense",1,6.98687173787325e-08,1,6.98991023149527e-08
258052,"Kitasatospora arboriphila",1,6.98687173787325e-08,1,7.12157273654871e-08
295352,"Streptomyces bangladeshensis",1,6.98687173787325e-08,1,7.02476989474825e-08
173856,"Streptomyces luteosporeus",1,6.98687173787325e-08,1.3,9.31599254194073e-08
111803,"Actinocorallia longicatena",1,6.98687173787325e-08,1,7.2510828877036e-08
152332,"Lentilactobacillus parakefiri",1,6.98687173787325e-08,1.1,7.71809120418512e-08
3112843,"Pseudocitrobacter cyperus",1,6.98687173787325e-08,1.1,7.77481198408667e-08
3133091,"unknown genome; accession ID isNZ_JBBMER010000005.1",1,6.98687173787325e-08,1,6.9884660486598e-08
2860290,"Stenotrophomonas sepilia",1,6.98687173787325e-08,1,6.99988245995243e-08
48095,"Alternaria dauci",1,6.98687173787325e-08,1,6.99469637250559e-08
1243002,"Vibrio olivae",1,6.98687173787325e-08,1,7.03568448888232e-08
1715645,"Paracoccus mangrovi",1,6.98687173787325e-08,1,7.07907096521743e-08
3349163,"Streptococcus hepaticus",1,6.98687173787325e-08,1,7.03992562052867e-08
2497436,"Enterobacter quasiroggenkampii",1,6.98687173787325e-08,1,7.06745884706595e-08
3061286,"Dickeya ananatis",1,6.98687173787325e-08,1,7.33500099744486e-08
3137470,"Porphyromonas miyakawae",1,6.98687173787325e-08,1,6.9868822663691e-08
559956,"Celerinatantimonas yamalensis",1,6.98687173787325e-08,1,7.25712060802568e-08
176160,"Aspergillus ambiguus",1,6.98687173787325e-08,1,6.98687173789109e-08
1805470,"Clostridium nigeriense",1,6.98687173787325e-08,1,6.9539693845384e-08
1805472,"Clostridium mediterraneense",1,6.98687173787325e-08,1,6.98698900299396e-08
38302,"Corynebacterium mycetoides",1,6.98687173787325e-08,1,6.98687173787322e-08
1367852,"Izhakiella capsodis",1,6.98687173787325e-08,1,6.98687173787322e-08
1852386,"Thermophilibacter provencensis",1,6.98687173787325e-08,1,7.2211103695709e-08
1533,"Clostridium fallax",1,6.98687173787325e-08,1.1,7.78434154406302e-08
1871035,"Negativibacillus massiliensis",1,6.98687173787325e-08,1,7.09356754097589e-08
261392,"Treponema porcinum",1,6.98687173787325e-08,1,6.99083004421453e-08
1122219,"Megasphaera cerevisiae",1,6.98687173787325e-08,1,6.99824962583714e-08
NA,"unknown genome; accession ID isNZ_LT821227.1",1,6.98687173787325e-08,1,6.98758826461684e-08
1987501,"Massiliimalia timonensis",1,6.98687173787325e-08,1,7.16589120175354e-08
539,"Eikenella corrodens",1,6.98687173787325e-08,1.4,9.66140221238176e-08
248315,"Veillonella rodentium",1,6.98687173787325e-08,1,6.9872159339642e-08
2040291,"Dorea phocaeensis",1,6.98687173787325e-08,1,7.01227251268658e-08
881260,"Enterobacter bugandensis",1,6.98687173787325e-08,1,7.05113759100398e-08
1338,"Streptococcus intermedius",1,6.98687173787325e-08,1,7.00185090623102e-08
NA,"unknown genome; accession ID isNZ_LR027382.1",1,6.98687173787325e-08,1.1,7.35997388078564e-08
158823,"Cedecea lapagei",1,6.98687173787325e-08,1.4,9.7567132910428e-08
149016,"Streptococcus urinalis",1,6.98687173787325e-08,1,7.0365412528377e-08
82803,"Trichococcus flocculiformis",1,6.98687173787325e-08,1,6.98729042895591e-08
2070686,"Enteroscipio rubneri",1,6.98687173787325e-08,1.1,7.68127553233446e-08
908285,"Necropsobacter rosorum",1,6.98687173787325e-08,0.3,1.85874556456796e-08
2686067,"Fusobacterium watanabei",1,6.98687173787325e-08,1,6.99227250689886e-08
