"TaxonomyID","Genome","read_count","Proportion","readsEM","EMProportion"
2981726,"Hominimerdicola aceti",2047205,0.147061073656715,2047198.2,0.147060594332815
649756,"Anaerostipes hadrus",1911493,0.137312195343063,1909265.7,0.137152206554711
1196081,"Talaromyces amestolkiae",1355269,0.097355816458861,1355269,0.0973558233799138
272559,"Bacteroides fragilis",1077525,0.0774040623151819,1077524.9,0.0774040606179894
2012495,"Lactobacillus panisapium",747007,0.0536612852396715,747006.4,0.0536612479723058
5068,"Aspergillus tubingensis",741180,0.0532427024029758,740747.3,0.0532116219181729
2107999,"Lactobacillus paragasseri",415664,0.0298592442478622,418378.1,0.030054211010794
324831,"Lactobacillus gasseri",413896,0.0297322398793573,411125.1,0.0295331910876667
411459,"Blautia obeum",329554,0.0236735280872532,322965.5,0.0232002421587188
411485,"Faecalibacterium prausnitzii",328448,0.0235940785218875,329080.5,0.023639518798681
2981782,"Blautia ammoniilytica",309170,0.0222092424268437,311942.1,0.0224083747473595
871665,"Blautia faecis",267440,0.0192115657878678,256796.6,0.0184469978558387
585394,"Roseburia hominis",250090,0.0179652276693384,247887.6,0.0178070221249308
5480,"Candida parapsilosis",223286,0.016039760987548,223286,0.016039762139739
1150298,"Fusicatenibacter saccharivorans",220005,0.0158040701883034,222773,0.0160029105167188
39491,"Agathobacter rectalis",187951,0.0135014694937015,187451.3,0.0134655755613527
2881264,"Blautia fusiformis",167649,0.012043074307397,169285.8,0.0121606541431843
437897,"Megamonas funiformis",166093,0.0119312989695047,166093,0.0119312998242745
386585,"Escherichia coli",166085,0.0119307242891042,165374.4,0.0118796806552931
2585117,"Alistipes onderdonkii",163706,0.011759828705013,163705.5,0.0117597968210386
626937,"Christensenella minuta",155903,0.0111992998094001,155773.1,0.0111899721986474
239935,"Akkermansia muciniphila",147763,0.0106145625019171,147762.5,0.0106145278474512
39486,"Dorea formicigenerans",133445,0.00958602825516758,135486.6,0.00973268533904378
261299,"Intestinibacter bartlettii",121480,0.00872652188120767,122406.9,0.0087931089920356
89153,"[Clostridium] hylemonae",96807,0.00695413569109377,96791.7,0.00695303997663977
1496,"Clostridioides difficile",80819,0.00580563691074517,80816.5,0.00580546030794724
347253,"Streptococcus salivarius",77641,0.00557734512165661,77620.4,0.00557586620274903
154288,"Turicibacter sanguinis",76811,0.00551772203010736,76811,0.00551772215815182
1720300,"Mediterraneibacter massiliensis",74572,0.00535688335302452,74020.4,0.00531725712370131
2981728,"Huintestinicola butyrica",65002,0.00466942192395671,63729.6,0.00457801600701307
823,"Parabacteroides distasonis",62953,0.00452223190638514,62905.5,0.00451882008487225
742742,"Collinsella tanakaei",49234,0.00353672685462116,49232.8,0.00353663893218207
536633,"Blautia glucerasea",49062,0.00352437122601095,57588.2,0.00413685320986184
2003188,"Parolsenella catena",48495,0.00348364075262731,48491.2,0.00348336797455497
84112,"Eggerthella lenta",43266,0.00310801527586707,43273.5,0.00310855411142015
2981779,"Anaerostipes amylophilus",43011,0.00308969733810194,43768.6,0.00314411784944666
3133156,"Faecalibacterium tardum",42956,0.00308574641034867,40007.8,0.00287396413971
NA,"unknown genome; accession ID isNZ_CP012480.1",42597,0.00305995762737737,42605.7,0.0030605836024624
330879,"Aspergillus fumigatus",40558,0.00291348596030639,40557.9,0.00291348166564375
1108849,"Penicillium rubens",39111,0.00280954064287054,39110.6,0.00280951014873944
27288,"Naumovozyma castellii",38096,0.00273662806706032,38096,0.00273662826358248
28118,"Odoribacter splanchnicus",34906,0.00250747425737105,34937.6,0.00250974210955064
187327,"Acidaminococcus intestini",31710,0.00227788943738142,31755.6,0.00228116466213608
1448317,"Aspergillus costaricensis",30304,0.002176889356998,29624.8,0.0021280960990817
1186058,"Trichosporon asahii",30125,0.00216403088303738,30125,0.00216403103848351
411470,"Mediterraneibacter gnavus",27750,0.00199342263914647,27794.6,0.00199662744679417
3133158,"Lachnospira intestinalis",26452,0.00190018074416945,28249.1,0.00202927858066198
1323,"Faecalicoccus pleomorphus",23112,0.00166025167697128,23099.5,0.00165935729494506
1134687,"Klebsiella michiganensis",22474,0.00161442091503343,22423.3,0.00161077756821016
3133155,"Faecalibacterium intestinale",21289,0.00152929638071312,23898.1,0.00171672158218019
39488,"Anaerobutyricum hallii",20744,0.00149014627843079,20798,0.00149402798978312
1507512,"Romboutsia hominis",16610,0.00119318018148551,16611.4,0.00119328062778635
565042,"Bifidobacterium longum",16083,0.00115532311010424,16079.5,0.00115506955681863
180164,"Blautia schinkii",15273,0.00109713671955618,15053.2,0.00108134723339068
622,"Shigella dysenteriae",13523,0.000971425381952349,13771.5,0.000989279421471097
213810,"Ruminococcus champanellensis",12293,0.00088306827037937,12293.9,0.000883131157669624
563192,"Bilophila wadsworthia",12234,0.00087883000242587,12234,0.000878830065556671
536231,"Roseburia intestinalis",12206,0.000876818621024208,10412.5,0.000747979697925831
508771,"Toxoplasma gondii",11947,0.000858213343058841,11911.4,0.000855655417378046
85831,"Bacteroides acidifaciens",11791,0.000847007075249586,10432.8,0.000749444278423947
342942,"Mediterraneibacter glycyrrhizinilyticus",10014,0.000719356191294152,10059.2,0.000722605787674352
3133152,"Blautia intestinihominis",9815,0.000705061016332345,8074.5,0.000580033222519456
2086583,"Pseudoruminococcus massiliensis",9553,0.0006862402332168,9478.1,0.000680857395261565
1448310,"Aspergillus neoniger",9336,0.000670652027353925,9573.9,0.000687743896796304
1360,"Lactococcus lactis",9266,0.000665623573849772,9266,0.000665621608375239
1448311,"Aspergillus vadensis",8621,0.000619289966561503,8598,0.000617641256374527
525309,"Limosilactobacillus antri",8478,0.000609017554403018,7916.5,0.000568682784860738
2585119,"Alistipes dispar",8282,0.000594937884591389,8226.4,0.000590945599285401
997894,"Enterocloster bolteae",7946,0.000570801307771453,8117.5,0.000583123475473232
2764325,"[Eubacterium] hominis",7779,0.000558804854411545,6941.6,0.000498649162030517
476272,"Blautia hydrogenotrophica",7356,0.000528418628236447,7335.3,0.000526930427384628
2993455,"Lactobacillus isalae",7232,0.00051951108202909,7276.6,0.000522713808277029
537973,"Lacticaseibacillus paracasei",7040,0.000505718752417698,7085.3,0.000508971381088493
3133157,"Faecalibacterium faecis",6862,0.000492932113507137,6377.4,0.000458118991461241
2981789,"Dorea amylophila",6323,0.000454213021525157,5929.6,0.000425951634358172
28116,"Bacteroides ovatus",6309,0.000453207330824327,6185.4,0.000444328604223605
203120,"Leuconostoc mesenteroides",6251,0.000449040897920885,6250.7,0.00044901852387682
2763027,"Blautia difficilis",6099,0.000438121970311867,5583.5,0.000401092932310311
1613,"Limosilactobacillus fermentum",6052,0.000434745722959078,6219.2,0.000446752984888444
742727,"Bacteroides oleiciplenus",5993,0.000430507455005578,7299.1,0.000524331301601283
2763064,"Roseburia zhanii",5896,0.000423539455149822,5320.7,0.000382211193532759
592978,"Mediterraneibacter faecis",5758,0.000413626218241635,6343.8,0.000455708405312725
622312,"Roseburia inulinivorans",5687,0.000408525929687422,4464.3,0.000320693387808994
109790,"Lactobacillus jensenii",5495,0.00039473360007603,5496.3,0.000394827617287719
2763672,"Simiaoa sunii",5070,0.000364203703800814,4713.9,0.000338619977696936
508451,"Lactobacillus taiwanensis",5069,0.000364131868750755,4968.1,0.000356883548792202
1448314,"Aspergillus eucalypticola",5011,0.000359965435847313,4750.3,0.000341235597804474
1280689,"Clostridium paraputrificum",4837,0.00034746613713699,4835.4,0.000347354317207802
1069201,"Aspergillus luchuensis",4786,0.000343802549583964,5118.1,0.000367660735623544
2763030,"Blautia segnis",4678,0.000336044364177556,4485.7,0.000322230145829943
103621,"Actinomyces urogenitalis",4560,0.000327567828270555,4560,0.000327567717829994
3133153,"Blautia aquisgranensis",4467,0.000320887168615037,4644.1,0.000333610713394389
1121115,"Blautia wexlerae",4450,0.000319665972764028,4405.6,0.000316475394012008
580166,"Oceanibaculum pacificum",4393,0.000315571374910646,4392.9,0.000315565320918324
1343,"Streptococcus vestibularis",4287,0.000307956859604357,4287.4,0.00030798584840886
2763023,"Bacteroides hominis",4221,0.000303215746300441,4223.6,0.000303399956341466
858893,"Exophiala dermatitidis",4200,0.000301707210249195,4200,0.000301707231799297
2763675,"Jilunia laotingensis",3925,0.000281952571482879,3620.3,0.000260066837455774
695562,"Lactobacillus amylovorus",3844,0.000276133932428073,3819,0.000274336411861545
3030638,"Faecalibacterium taiwanense",3789,0.00027218300467481,4081.7,0.000293210298674414
2929491,"Faecalibacterium wellingii",3741,0.000268734922271962,4420.2,0.000317523068796678
1650661,"Clostridium phoceensis",3664,0.000263203623417393,3541.9,0.000254434269034003
2763028,"Blautia intestinalis",3456,0.000248261933005052,3914.4,0.000281192466693686
2981770,"Gallintestinimicrobium propionicum",3404,0.000244526510401967,3346.3,0.000240382248850989
2763017,"Anaerosacchariphilus hominis",3389,0.000243448984651077,3307.1,0.00023756759945247
1125630,"Klebsiella pneumoniae",3375,0.000242443293950246,3454.1,0.000248124594231442
2981769,"Waltera acetigignens",3335,0.000239569891947873,4172.9,0.000299761886581659
3053355,"Streptococcus raffinosi",3301,0.000237127500245855,3286.8,0.000236110810432865
99287,"Salmonella enterica",3257,0.000233966758043245,3254.8,0.000233807596797919
116085,"Coprococcus catus",3138,0.000225418387086184,3300,0.000237052777729327
1423758,"Lactobacillus hominis",3019,0.000216870016129124,3030.4,0.000217689053171922
2172545,"Streptococcus halitosis",2937,0.000210979542024259,2977.8,0.000213908410332687
564,"Escherichia fergusonii",2916,0.000209471005973013,2932.4,0.000210652458529663
246787,"Bacteroides cellulosilyticus",2818,0.000202431171067198,2835.6,0.000203692725451452
1423749,"Limosilactobacillus gastricus",2812,0.000202000160766842,2810.2,0.000201869454169401
1309,"Streptococcus mutans",2789,0.000200347954615477,2787.6,0.00020024520691743
3064195,"Brotocaccenecus cirricatena",2765,0.000198623913414053,2688.4,0.000193121882749225
2742601,"Limosilactobacillus portuensis",2706,0.000194385645460553,2997.8,0.000215344373973114
566552,"Bifidobacterium catenulatum",2659,0.000191009398107764,2445.3,0.000175656169408445
1587,"Lactobacillus helveticus",2655,0.000190722057907527,2400.1,0.000172411894636195
2714353,"Vescimonas fastidiosa",2621,0.00018827966620551,2843.5,0.000204260611583066
208962,"Escherichia albertii",2599,0.000186699295104204,2848.3,0.000204606043563212
2044573,"Anaerolactibacter massiliensis",2538,0.000182317357050585,2537.9,0.000182308404293104
2839759,"Enterococcus innesii",2525,0.000181383501399814,2476.2,0.000177875625280917
3133167,"Faecousia intestinalis",2431,0.000174631006694236,2981,0.000214142560337959
1982628,"Faecalibacillus faecis",2318,0.000166513646037532,2320.4,0.000166687562934169
1579,"Lactobacillus acidophilus",2318,0.000166513646037532,2318.9,0.00016657929578981
871664,"Blautia stercoris",2283,0.000163999419285455,2436,0.000174987134533096
2738446,"Anaerostipes faecalis",2239,0.000160838677082845,2301.5,0.000165327440984502
1968889,"Streptococcus downii",2121,0.000152362141175844,1709.7,0.000122816429439305
1851428,"Faecalibacterium longum",2078,0.000149273234023292,2147.2,0.000154246235806996
1851427,"Faecalibacterium butyricigenerans",2076,0.000149129563923174,2399.4,0.000172362669555944
1448313,"Aspergillus piperis",2055,0.000147621027871928,2879.8,0.000206873818957525
2885348,"Hominifimenecus microfluidus",2037,0.00014632799697086,2086.1,0.000149856026644975
1796615,"Blautia caecimuris",2037,0.00014632799697086,2216.3,0.000159206308020934
2885351,"Hominisplanchenecus faecis",2002,0.000143813770218783,2543.6,0.000182723086259126
39490,"Eubacterium ramulus",1992,0.00014309541971819,2037.6,0.000146370103565549
2763664,"Jutongia hominis",1991,0.00014302358466813,1953.3,0.000140317270771526
697329,"Ruminococcus albus",1972,0.000141658718717003,1972.5,0.000141693522474279
626940,"Phascolarctobacterium succinatutens",1929,0.000138569811564452,1950.5,0.000140112574701771
624,"Shigella sonnei",1924,0.000138210636314155,1816.5,0.000130488516202303
435590,"Phocaeicola vulgatus",1916,0.00013763595591368,1968.5,0.00014140854476718
1423739,"Lentilactobacillus diolivorans",1892,0.000135911914712256,1942.8,0.000139561178777226
39496,"Eubacterium ventriosum",1760,0.000126429688104425,1764.1,0.00012672611929966
571,"Klebsiella oxytoca",1725,0.000123915461352348,1725.2,0.00012393270831371
214856,"Alistipes finegoldii",1704,0.000122406925301102,1522.5,0.000109372256476015
1870993,"Coprococcus phoceensis",1676,0.000120395543899441,1638.7,0.000117712909621078
2935520,"Faecalibacterium hattorii",1669,0.000119892698549025,1674,0.000120252505847787
1776384,"Emergencia timonensis",1643,0.000118024987247483,1644,0.000118094430802668
654,"Aeromonas veronii",1642,0.000117953152197423,1638.7,0.000117714964833266
2927224,"Akkermansia massiliensis",1568,0.000112637358493033,1568.5,0.000112672751570654
655863,"Leptographium clavigerum",1550,0.000111344327591965,1550,0.000111344335854287
2509240,"Blautia faecicola",1492,0.000107177894688524,1832.8,0.000131662063322272
3435293,"Faecalibacterium langellae",1456,0.000104591832886388,1442.8,0.000103645578960142
301302,"Roseburia faecis",1441,0.000103514307135498,1742.9,0.0001252036874996
504936,"Periweissella beninensis",1418,0.000101862100984133,1184.2,8.50652853442234e-05
671267,"Phocaeicola sartorii",1365,9.80548433309884e-05,1513.2,0.000108701140517553
1314,"Streptococcus pyogenes",1359,9.76238330306324e-05,1423.4,0.000102250349295255
1121321,"Asaccharospora irregularis",1358,9.75519979805731e-05,1340.6,9.63049248220974e-05
3133166,"Laedolimicola intestinihominis",1350,9.69773175800984e-05,1605,0.000115297936103424
150056,"Mammaliicoccus fleurettii",1327,9.53251114287338e-05,1327.1,9.53311949378282e-05
2763670,"Wujia chipingensis",1308,9.39602454776065e-05,1611.6,0.000115766762504172
3133499,"Maccoyibacter intestinihominis",1295,9.30263898268351e-05,1351.5,9.70831162633238e-05
2981725,"Brotonthovivens ammoniilytica",1266,9.09431733751145e-05,1488.3,0.000106914580987474
89014,"Blautia luti",1252,8.99374826742839e-05,1418.2,0.000101877305554756
2885352,"Hominiventricola filiformis",1245,8.94346373238685e-05,1290.3,9.26867400673014e-05
1169293,"Enterococcus faecalis",1243,8.92909672237499e-05,1243,8.92909736379714e-05
1290,"Staphylococcus hominis",1223,8.78542662225632e-05,1223,8.78523302106562e-05
2608867,"Escherichia ruysiae",1223,8.78542662225632e-05,1268.4,9.11162074990661e-05
105843,"Anaerobutyricum soehngenii",1207,8.67049054216139e-05,1273.9,9.15074606395385e-05
3036443,"Streptococcus sp. ST2",1205,8.65612353214953e-05,1218.3,8.7516416899553e-05
547043,"Bifidobacterium pseudocatenulatum",1202,8.63457301713172e-05,1410.3,0.000101308553440544
411483,"Faecalibacterium duncaniae",1194,8.57710497708426e-05,1351.4,9.70802503040323e-05
1308,"Streptococcus thermophilus",1193,8.56992147207833e-05,1202.4,8.6376838225778e-05
3133172,"Alistipes intestinihominis",1189,8.54118745205459e-05,1406.9,0.000101066062682639
470146,"Coprococcus comes",1185,8.51245343203086e-05,1565.9,0.000112485531079385
1499973,"Escherichia marmotae",1169,8.39751735193593e-05,1195.4,8.58702824076027e-05
197614,"Streptococcus pasteurianus",1137,8.16764519174607e-05,1162.9,8.35345847627999e-05
596329,"Peptostreptococcus anaerobius",1132,8.1317276667164e-05,950.9,6.83068575727416e-05
2763040,"Dorea hominis",1089,7.82283695146127e-05,1385,9.94888482052913e-05
1297617,"Intestinimonas butyriciproducens",1085,7.79410293143754e-05,1087.5,7.81202753182665e-05
47770,"Lactobacillus crispatus",1085,7.79410293143754e-05,1240.2,8.90866021080711e-05
39483,"Faecalitalea cylindroides",1084,7.78691942643161e-05,1115.9,8.01599754167364e-05
3078042,"Pilosibacter fragilis",1070,7.68635035634854e-05,1324.3,9.51312660362264e-05
3133180,"Enterobacter intestinihominis",1034,7.42774417613495e-05,923.2,6.63210573680698e-05
2763065,"Ruminococcus hominis",1033,7.42056067112901e-05,1293.2,9.29001145086652e-05
2498453,"Geminicoccus harenae",1025,7.36309263108155e-05,842.7,6.05353314372001e-05
2981783,"Blautia acetigignens",1020,7.32717510605188e-05,1119.5,8.04204246014706e-05
2981771,"Laedolimicola ammoniilytica",1020,7.32717510605188e-05,1248.3,8.96689881827426e-05
1054041,"Levilactobacillus yonginensis",1010,7.25534005599255e-05,932.9,6.70179223567124e-05
1590,"Lactiplantibacillus plantarum",1008,7.24097304598068e-05,1002.5,7.20119400946659e-05
2981794,"Roseburia amylophila",972,6.98236686576709e-05,1134.5,8.14996980052995e-05
3095079,"Streptococcus jiangnanensis",912,6.55135656541109e-05,1016.3,7.30058830538398e-05
717959,"Alistipes shahii",885,6.3574019302509e-05,949.2,6.81845417034594e-05
2885361,"Brotaphodocola catenula",855,6.1418967800729e-05,990.1,7.11225373510445e-05
40519,"Ruminococcus callidus",843,6.0556947200017e-05,847.7,6.08911452752742e-05
188913,"Cetobacterium somerae",820,5.89047410486524e-05,820,5.8904539982602e-05
2981790,"Faecalicatena acetigenes",820,5.89047410486524e-05,847.4,6.08727378638455e-05
471875,"[Ruminococcus] lactaris",775,5.56721637959824e-05,865.2,6.21522443894174e-05
2981786,"Coprococcus aceti",766,5.50256483454484e-05,778.5,5.5921740086147e-05
33959,"Lactobacillus johnsonii",757,5.43791328949144e-05,845.4,6.07283140092717e-05
198214,"Shigella flexneri",749,5.38044524944398e-05,834.4,5.99404172075689e-05
1054460,"Streptococcus pseudopneumoniae",749,5.38044524944398e-05,631.1,4.53316343523279e-05
879566,"Acetatifactor muris",745,5.35171122942025e-05,728.6,5.2342119917629e-05
621,"Shigella boydii",730,5.24395865433125e-05,827.2,5.94228321094448e-05
2685834,"Parabacteroides chongii",721,5.17930710927785e-05,767.7,5.51481382103497e-05
764299,"Streptococcus ictaluri",707,5.07873803919478e-05,632.4,4.54284150755943e-05
36656,"Penicillium crustosum",704,5.05718752417698e-05,703.2,5.05109115079355e-05
33043,"Coprococcus eutactus",695,4.99253597912359e-05,711.6,5.11146803364241e-05
45851,"Eshraghiella crossota",693,4.97816896911172e-05,717.3,5.15286306063433e-05
2316025,"Mediterraneibacter butyricigenes",678,4.87041639402272e-05,698.4,5.01702662459545e-05
2841509,"Butyricicoccus intestinisimiae",664,4.76984732393966e-05,553.8,3.97787340023283e-05
88456,"Cyclospora cayetanensis",660,4.74111330391592e-05,660,4.74111380522766e-05
2497436,"Enterobacter quasiroggenkampii",650,4.66927825385659e-05,627.6,4.50865005320678e-05
2763671,"Jingyaoa shaoxingensis",636,4.56870918377353e-05,700.7,5.03372641104136e-05
83683,"Lactobacillus amylolyticus",635,4.56152567876759e-05,636.7,4.57365328934384e-05
684066,"Streptococcus lactarius",635,4.56152567876759e-05,587.9,4.22340238495173e-05
2838470,"Candidatus Bacteroides intestinigallinarum",627,4.50405763872013e-05,648.1,4.65543527512817e-05
2690837,"Eggerthella guodeyinii",609,4.37475454861333e-05,609.2,4.37590308027793e-05
1211819,"Holdemania massiliensis",601,4.31728650856586e-05,601.8,4.32271903316556e-05
152332,"Lentilactobacillus parakefiri",593,4.2598184685184e-05,553.3,3.97478434814051e-05
568814,"Streptococcus suis",571,4.10178135838787e-05,668.9,4.8051973437761e-05
2681861,"Sporofaciens musculi",552,3.96529476327514e-05,576.4,4.14067099814337e-05
NA,"unknown genome; accession ID isNZ_LT671675.1",546,3.92219373323954e-05,544,3.90760370468707e-05
267818,"Lactobacillus kefiranofaciens",544,3.90782672322767e-05,624.9,4.48869734670962e-05
1589,"Lactiplantibacillus pentosus",541,3.88627620820987e-05,546,3.92202493772e-05
888746,"Streptococcus peroris",537,3.85754218818614e-05,470.7,3.38128643252624e-05
1505723,"Lactobacillus bombicola",531,3.81444115815054e-05,529.4,3.80294830089643e-05
33039,"[Ruminococcus] torques",527,3.78570713812681e-05,525,3.7714084603242e-05
1559,"Clostridium tertium",521,3.74260610809121e-05,521,3.7428816105069e-05
2981774,"Suilimivivens aceti",510,3.66358755302594e-05,659.7,4.73883676333798e-05
2763045,"Eubacterium segne",501,3.59893600797254e-05,648.4,4.6574325512869e-05
655813,"Streptococcus oralis",500,3.59175250296661e-05,577.3,4.14720273854195e-05
1547,"Thomasclavelia ramosa",496,3.56301848294287e-05,495.8,3.56161987647426e-05
883111,"Facklamia hominis",490,3.51991745290728e-05,477.1,3.42699724582313e-05
1796613,"Bacteroides caecimuris",485,3.48399992787761e-05,515.4,3.70268327114959e-05
361500,"Anaerococcus degeneri",484,3.47681642287168e-05,445.5,3.20060346423885e-05
1390,"Bacillus amyloliquefaciens",479,3.44089889784201e-05,477.8,3.43216930715134e-05
1177179,"Alcanivorax hongdengensis",478,3.43371539283608e-05,677.5,4.86689709371249e-05
565655,"Enterococcus casseliflavus",463,3.32596281774708e-05,485.1,3.48482846499375e-05
1440762,"Dyella japonica",458,3.29004529271741e-05,458,3.29004563512394e-05
2605778,"Clostridium porci",455,3.26849477769961e-05,505.7,3.63284652632083e-05
2981768,"Anthropogastromicrobium aceti",455,3.26849477769961e-05,627.6,4.50863939538861e-05
2850323,"Diplocloster agilis",451,3.23976075767588e-05,501.5,3.60236772074755e-05
3133162,"Ruminococcoides intestinale",448,3.21821024265808e-05,448.7,3.22346382118592e-05
5851,"Plasmodium knowlesi",441,3.16792570761655e-05,443.6,3.18632311301704e-05
1291743,"Secundilactobacillus oryzae",441,3.16792570761655e-05,423.6,3.0426338744489e-05
1150468,"Scardovia inopinata",438,3.14637519259875e-05,636.7,4.57371027774846e-05
2924040,"Parabacteroides faecalis",430,3.08890715255128e-05,431.1,3.09680501808858e-05
1871016,"Collinsella phocaeensis",429,3.08172364754535e-05,410.5,2.9489823668672e-05
2762229,"Escherichia whittamii",424,3.04580612251568e-05,434.3,3.11997722803129e-05
154046,"Hungatella hathewayi",420,3.01707210249195e-05,445.4,3.1996352545577e-05
3133164,"Hominiventricola aquisgranensis",419,3.00988859748602e-05,445.9,3.20346434616898e-05
371601,"Bacteroides xylanisolvens",404,2.90213602239702e-05,389.8,2.80040894903259e-05
1334,"Streptococcus dysgalactiae",393,2.82311746733175e-05,400,2.87309131700448e-05
2981788,"Dorea ammoniilytica",382,2.74409891226649e-05,451.4,3.24267318715754e-05
1639133,"Citrobacter portucalensis",374,2.68663087221902e-05,382.4,2.74728572408509e-05
1410646,"Bifidobacterium merycicum",369,2.65071334718936e-05,368.5,2.64684015660744e-05
550,"Enterobacter cloacae",369,2.65071334718936e-05,372.9,2.67856461647895e-05
2764323,"Catenibacterium faecis",363,2.60761231715376e-05,399.2,2.86761693472863e-05
2981772,"Muricoprocola aceti",356,2.55732778211222e-05,396.5,2.84846317054125e-05
2126740,"Clostridium fessum",356,2.55732778211222e-05,347,2.49268521853815e-05
2763062,"Roseburia rectibacter",352,2.52859376208849e-05,354.3,2.54530160784619e-05
518634,"Bifidobacterium breve",351,2.52141025708256e-05,355.3,2.55258113011528e-05
1982626,"Faecalibacillus intestinalis",347,2.49267623705883e-05,387.4,2.78324871315938e-05
763034,"Bacteroides fluxus",344,2.47112572204103e-05,351.1,2.52228770153355e-05
745368,"Gemmiger formicilis",342,2.45675871202916e-05,337.1,2.42144890517659e-05
658666,"Bacillus bombysepticus",340,2.44239170201729e-05,339.1,2.43581365774918e-05
2954240,"Streptococcus bouchesdurhonensis",340,2.44239170201729e-05,431.8,3.10190727955671e-05
3133154,"Coprococcus intestinihominis",338,2.42802469200543e-05,343.5,2.46731204678902e-05
2652276,"Holdemanella porci",337,2.42084118699949e-05,338.7,2.43281212165164e-05
889204,"Streptococcus infantis",334,2.39929067198169e-05,387.7,2.78530141253083e-05
2093857,"Dysosmobacter welbionis",334,2.39929067198169e-05,326.2,2.34351934129752e-05
1972431,"Phytobacter ursingii",327,2.34900613694016e-05,348.5,2.503135944133e-05
1531,"Enterocloster clostridioformis",322,2.3130886119105e-05,404,2.90239736682993e-05
2763025,"Bacteroides parvus",319,2.2915380968927e-05,326.5,2.34512003392085e-05
2994035,"Sellimonas catena",319,2.2915380968927e-05,360,2.58631055131381e-05
2303987,"Motilimonas pumila",312,2.24125356185116e-05,307.7,2.2104287028259e-05
2763042,"Dysosmobacter segnis",311,2.23407005684523e-05,394.8,2.83611066328889e-05
328812,"Parabacteroides goldsteinii",311,2.23407005684523e-05,315.6,2.26698817641398e-05
760570,"Streptococcus parasanguinis",308,2.21251954182743e-05,339.3,2.43701697626346e-05
348151,"Furfurilactobacillus siliginis",308,2.21251954182743e-05,274.2,1.96958109038837e-05
2316720,"Corallococcus interemptor",307,2.2053360368215e-05,278.7,2.0023739153349e-05
2763676,"Qingrenia yutianensis",301,2.1622350067859e-05,398.6,2.86362079899639e-05
39480,"Andreesenia angusta",300,2.15505150177996e-05,305.9,2.19755814191485e-05
1796635,"Longicatena caecimuris",297,2.13350098676217e-05,283.9,2.03924580093831e-05
1703332,"Butyribacter intestini",294,2.11195047174437e-05,306.2,2.1993855529673e-05
2606629,"Floccifex porci",294,2.11195047174437e-05,295.4,2.12200468639873e-05
2219695,"Luxibacter massiliensis",292,2.0975834617325e-05,290.6,2.08765877541511e-05
151781,"Lactobacillus intestinalis",290,2.08321645172063e-05,293,2.1049309120393e-05
2764330,"Veillonella hominis",287,2.06166593670283e-05,344.6,2.47508464303426e-05
1868793,"Jeotgalibaca porci",285,2.04729892669097e-05,278,1.99670710030104e-05
1907654,"Collinsella bouchesdurhonensis",281,2.01856490666723e-05,289.1,2.07651221500726e-05
2993456,"Lactiplantibacillus carotarum",279,2.00419789665537e-05,261.9,1.88102026587581e-05
2981720,"Bovifimicola ammoniilytica",278,1.99701439164943e-05,309.7,2.22505383850312e-05
391612,"Crocosphaera chwakensis",277,1.9898308866435e-05,262.2,1.88338321794842e-05
2763038,"Clostridium segne",276,1.98264738163757e-05,311.4,2.23681248142836e-05
666,"Vibrio cholerae",271,1.9467298566079e-05,270.8,1.94509906372229e-05
2486023,"Levilactobacillus tongjiangensis",269,1.93236284659604e-05,247.2,1.7759463389569e-05
1352,"Enterococcus faecium",268,1.9251793415901e-05,253,1.81718607458495e-05
291645,"Bacteroides nordii",268,1.9251793415901e-05,277,1.99013641528105e-05
694437,"Flammeovirga aprica",267,1.91799583658417e-05,254.1,1.82500303659027e-05
2486020,"Levilactobacillus angrenensis",266,1.91081233157824e-05,238.7,1.7147460574518e-05
1511761,"Leuconostoc suionicum",265,1.9036288265723e-05,254.8,1.83069624791713e-05
59310,"Streptococcus macedonicus",252,1.81024326149517e-05,251.9,1.80939784966389e-05
2981785,"Coprococcus ammoniilyticus",250,1.7958762514833e-05,250.5,1.79965303407618e-05
515620,"Lachnospira eligens",246,1.76714223145957e-05,247.9,1.78075254415109e-05
2590867,"Enorma burkinafasonensis",237,1.70249068640617e-05,216.4,1.55432013676576e-05
2763050,"Hungatella hominis",236,1.69530718140024e-05,235.6,1.69257425721585e-05
195,"Campylobacter coli",235,1.68812367639431e-05,235,1.68804275321587e-05
2606628,"Suipraeoptans intestinalis",229,1.64502264635871e-05,228.8,1.64348344376997e-05
47715,"Lacticaseibacillus rhamnosus",228,1.63783914135277e-05,227.9,1.63682090966698e-05
5076,"Penicillium chrysogenum",226,1.62347213134091e-05,226,1.62364810641976e-05
375175,"Loigolactobacillus backii",220,1.58037110130531e-05,287.5,2.06545982569872e-05
2881276,"Fusicatenibacter faecihominis",220,1.58037110130531e-05,250.7,1.80068129785541e-05
2040291,"Dorea phocaeensis",220,1.58037110130531e-05,240.2,1.72560264822826e-05
54062,"Pediococcus parvulus",220,1.58037110130531e-05,230.2,1.65351794180941e-05
1121098,"Phocaeicola massiliensis",219,1.57318759629937e-05,211.4,1.51828926847883e-05
1122155,"Lactonifactor longoviformis",218,1.56600409129344e-05,222.3,1.59690118753133e-05
2497875,"Enterobacter chuandaensis",217,1.55882058628751e-05,242.4,1.74099176496409e-05
45133,"Lasiodiplodia theobromae",213,1.53008656626377e-05,215,1.54421662646748e-05
1502,"Clostridium perfringens",212,1.52290306125784e-05,212,1.52290317065567e-05
2978477,"Eubacterium album",212,1.52290306125784e-05,216.1,1.55227949097356e-05
1681,"Bifidobacterium bifidum",211,1.51571955625191e-05,211.1,1.51675858583482e-05
2499078,"Vibrio ouci",208,1.49416904123411e-05,231.3,1.66120586686801e-05
2044587,"Schaedlerella arabinosiphila",207,1.48698553622818e-05,216,1.55133975072872e-05
2763047,"Flintibacter faecis",207,1.48698553622818e-05,222.6,1.59899121751425e-05
2941333,"Mediterraneibacter agrestimuris",203,1.45825151620444e-05,215.9,1.5506079930216e-05
2896850,"Phocaeicola oris",202,1.45106801119851e-05,211.6,1.52001930727496e-05
2949662,"Coprococcus sp. B2-R-112",202,1.45106801119851e-05,200.9,1.44329122144596e-05
3133170,"Ventrimonas faecis",202,1.45106801119851e-05,208.3,1.4962060800354e-05
2486006,"Companilactobacillus jidongensis",201,1.44388450619258e-05,205.1,1.47362559880771e-05
548,"Klebsiella aerogenes",197,1.41515048616884e-05,197.5,1.41864910841506e-05
149016,"Streptococcus urinalis",197,1.41515048616884e-05,191.2,1.3734442043391e-05
3133175,"Blautia caccae",196,1.40796698116291e-05,191.5,1.37594222482918e-05
3111861,"Streptococcus gingivalis",195,1.40078347615698e-05,186.2,1.33770078439983e-05
1712515,"Butyricicoccus faecihominis",192,1.37923296113918e-05,198.4,1.42497492455215e-05
1034346,"Dielma fastidiosa",191,1.37204945613324e-05,200.1,1.43764244204639e-05
223926,"Vibrio parahaemolyticus",186,1.33613193110358e-05,185.5,1.33248415035273e-05
1775168,"Flagellimonas marina",186,1.33613193110358e-05,186,1.33613202708469e-05
169435,"Anaerotruncus colihominis",185,1.32894842609764e-05,186.5,1.33944988282457e-05
626774,"Proteus terrae",182,1.30739791107985e-05,145.3,1.0439789289977e-05
2941338,"Streptococcus caecimuris",182,1.30739791107985e-05,181.9,1.30654996155555e-05
875454,"Peptoniphilus rhinitidis",181,1.30021440607391e-05,237.1,1.70335879814334e-05
2652286,"Sharpea porci",180,1.29303090106798e-05,194.8,1.39905297211365e-05
2153354,"Klebsiella huaxiensis",179,1.28584739606205e-05,192.9,1.38547608578483e-05
2172043,"Bifidobacterium tibiigranuli",178,1.27866389105611e-05,193,1.3863684467418e-05
1628085,"Agathobaculum butyriciproducens",176,1.26429688104425e-05,179.2,1.28747321056417e-05
2015901,"Massilicoli timonensis",174,1.24992987103238e-05,180,1.29291137438712e-05
3034352,"Enterococcus entomosocium",170,1.22119585100865e-05,195.9,1.40697742328363e-05
365590,"Shewanella hafniensis",169,1.21401234600271e-05,168.5,1.21059685001525e-05
2841034,"Lactobacillus laiwuensis",167,1.19964533599085e-05,204.9,1.47170464923628e-05
1472417,"Butyricimonas paravirosa",167,1.19964533599085e-05,168.3,1.20890113450009e-05
1926283,"Lachnoclostridium edouardi",166,1.19246183098491e-05,182.7,1.31223831525791e-05
1624,"Ligilactobacillus salivarius",163,1.17091131596711e-05,165.5,1.18901514738334e-05
2486009,"Companilactobacillus zhongbaensis",161,1.15654430595525e-05,216.4,1.55458812514879e-05
1076124,"Phytohabitans flavus",156,1.12062678092558e-05,152.3,1.09414776700112e-05
2364791,"Enterococcus mediterraneensis",156,1.12062678092558e-05,150.9,1.08406706124644e-05
2486000,"Lapidilactobacillus achengensis",154,1.10625977091372e-05,163.9,1.17732516310654e-05
361101,"Streptococcus pseudoporcinus",153,1.09907626590778e-05,246.3,1.76896441808901e-05
693979,"Bacteroides helcogenes",151,1.08470925589592e-05,151.8,1.09028700122602e-05
2041044,"Eubacterium maltosivorans",150,1.07752575088998e-05,151.9,1.09129956848447e-05
2981787,"Dorea acetigenes",150,1.07752575088998e-05,199.7,1.43472166075975e-05
1341132,"Aspergillus welwitschiae",149,1.07034224588405e-05,149.3,1.07260325609927e-05
113107,"Streptococcus australis",149,1.07034224588405e-05,140.3,1.00787786792605e-05
2976676,"Lactobacillus xylocopicola",146,1.04879173086625e-05,145.2,1.04323130067423e-05
460384,"Enterocloster lavalensis",145,1.04160822586032e-05,144.1,1.03543800256971e-05
2763063,"Roseburia yibonii",145,1.04160822586032e-05,154.7,1.11094961777914e-05
29466,"Veillonella parvula",145,1.04160822586032e-05,145.4,1.04467278289972e-05
1522,"[Clostridium] innocuum",144,1.03442472085438e-05,154.1,1.10694010604535e-05
3041623,"Streptococcus taonis",144,1.03442472085438e-05,142.2,1.02142426320486e-05
2763061,"Roseburia lenta",142,1.02005771084252e-05,143.5,1.03087839731414e-05
2650157,"Bacteroides zhangwenhongii",140,1.00569070083065e-05,185,1.32899479564133e-05
1291742,"Paucilactobacillus hokkaidonensis",138,9.91323690818784e-06,150.5,1.08100828145059e-05
2764327,"Holdemanella hominis",137,9.84140185812851e-06,168.7,1.2121500745992e-05
2714358,"Pusillibacter faecalis",136,9.76956680806917e-06,138,9.9146142949372e-06
39482,"Faecalicatena contorta",136,9.76956680806917e-06,144,1.03425056509544e-05
88431,"Dorea longicatena",133,9.55406165789118e-06,143.8,1.03319072780982e-05
3037989,"Bacteroides vicugnae",133,9.55406165789118e-06,128.2,9.20770593513843e-06
471870,"Bacteroides intestinalis",132,9.48222660783185e-06,138.6,9.95359748498857e-06
2899544,"Intestinirhabdus alba",132,9.48222660783185e-06,131.2,9.42732313470261e-06
2885357,"Hominenteromicrobium mulieris",129,9.26672145765385e-06,143.8,1.03291492583557e-05
33945,"Enterococcus avium",128,9.19488640759452e-06,147.9,1.06226647567659e-05
1234680,"Streptococcus rubneri",128,9.19488640759452e-06,129.6,9.3130799441751e-06
1206725,"Nocardia brevicatena",124,8.90754620735719e-06,129.4,9.29260277113767e-06
2715212,"Bacteroides faecium",123,8.83571115729786e-06,124.2,8.92075346083233e-06
1871008,"Eggerthella timonensis",123,8.83571115729786e-06,121.2,8.70681312362605e-06
2650158,"Bacteroides luhongzhouii",121,8.69204105717919e-06,137.8,9.89641633713421e-06
3030999,"Enterobacter rongchengensis",119,8.54837095706053e-06,118.4,8.50263501836522e-06
100884,"Coprobacillus cateniformis",118,8.47653590700119e-06,124.3,8.93089534060407e-06
767769,"Aspergillus brasiliensis",118,8.47653590700119e-06,119.6,8.59155773643916e-06
2161814,"Lactimicrobium massiliense",118,8.47653590700119e-06,118.5,8.51460821511405e-06
1494462,"Lactococcus hircilactis",117,8.40470085694186e-06,115.3,8.27904859123525e-06
942150,"Lactiplantibacillus xiangfangensis",117,8.40470085694186e-06,137.7,9.89048108135048e-06
1702221,"Faecalibaculum rodentium",116,8.33286580688253e-06,116.7,8.381050532845e-06
2877527,"Blautia parvula",116,8.33286580688253e-06,108.2,7.77279112435048e-06
2735723,"Turicibacter bilis",116,8.33286580688253e-06,116,8.33246144292926e-06
2743469,"Rhabdonatronobacter sediminivivens",115,8.2610307568232e-06,110.4,7.92825185627163e-06
60171,"Penicillium verrucosum",115,8.2610307568232e-06,115.8,8.32003736526467e-06
656,"Aeromonas allosaccharophila",114,8.18919570676387e-06,106.1,7.62118293437215e-06
979627,"Lachnoanaerobaculum orale",113,8.11736065670453e-06,143.2,1.02874533103254e-05
2726742,"Flammeovirga agarivorans",110,7.90185550652654e-06,123.8,8.89552888962079e-06
3133177,"Bifidobacterium hominis",110,7.90185550652654e-06,109.7,7.88171544487935e-06
2494701,"Enterobacter chengduensis",109,7.8300204564672e-06,106.2,7.63037195759451e-06
433664,"Nocardioides agariphilus",107,7.68635035634854e-06,101.6,7.29745288989483e-06
3098076,"Streptococcus lingualis",107,7.68635035634854e-06,120.8,8.67648054081778e-06
358742,"Enterocloster aldenensis",107,7.68635035634854e-06,111.8,8.03015551953283e-06
2589788,"Streptococcus xiaochunlingii",105,7.54268025622988e-06,110.9,7.96493551099569e-06
2583452,"Amedibacterium intestinale",105,7.54268025622988e-06,105.8,7.60077145661999e-06
2919919,"Atopomonas sediminilitoris",105,7.54268025622988e-06,107.4,7.71278285990136e-06
2943492,"Corynebacterium intestinale",105,7.54268025622988e-06,105,7.54268079805872e-06
1746200,"Furfurilactobacillus curtus",104,7.47084520617054e-06,108.3,7.77776131963146e-06
158836,"Enterobacter hormaechei",100,7.18350500593322e-06,101.5,7.28785876894623e-06
2726362,"Faecalicatena faecalis",99,7.11166995587388e-06,103,7.40238707083698e-06
40041,"Streptococcus equi",99,7.11166995587388e-06,91.8,6.59792859054475e-06
53345,"Enterococcus durans",98,7.03983490581455e-06,100.2,7.20074628479598e-06
310298,"Phocaeicola coprocola",98,7.03983490581455e-06,90.9,6.52742051142305e-06
69359,"Thiohalocapsa halophila",96,6.89616480569589e-06,96.2,6.90927507932822e-06
2888525,"Thermomonas alba",96,6.89616480569589e-06,98.2,7.05256119793764e-06
1796636,"Frisingicoccus caecimuris",95,6.82432975563656e-06,95.7,6.87745705636381e-06
210,"Helicobacter pylori",95,6.82432975563656e-06,95,6.82111249419677e-06
1282,"Staphylococcus epidermidis",94,6.75249470557722e-06,93.9,6.74435643078671e-06
650,"Aeromonas jandaei",94,6.75249470557722e-06,96.7,6.94374678766709e-06
3032872,"Petralouisia muris",93,6.68065965551789e-06,94.9,6.81705576955015e-06
3133171,"Pseudoflavonifractor intestinihominis",92,6.60882460545856e-06,85.6,6.15197205709314e-06
2653932,"Citrobacter telavivensis",92,6.60882460545856e-06,95.9,6.88897392525253e-06
2507160,"Aminipila luticellarii",91,6.53698955539923e-06,91,6.53699002498423e-06
537007,"Blautia hansenii",90,6.46515450533989e-06,86.4,6.20527063831581e-06
2107694,"Aphanothece hegewaldii",89,6.39331945528056e-06,90.7,6.51657740687041e-06
2799568,"Levilactobacillus lanxiensis",88,6.32148440522123e-06,101,7.25452200432088e-06
2819619,"Streptococcus toyakuensis",88,6.32148440522123e-06,120.1,8.62577065362246e-06
1470345,"Bacteroides timonensis",87,6.2496493551619e-06,78.3,5.62442197920707e-06
871325,"Bacteroides faecichinchillae",87,6.2496493551619e-06,87.4,6.27979550533711e-06
171383,"Vibrio hepatarius",85,6.10597925504323e-06,78.8,5.65892486480984e-06
2585118,"Alistipes communis",85,6.10597925504323e-06,85.9,6.1691021307102e-06
218493,"Salmonella bongori",84,6.0341442049839e-06,78.1,5.60690701368411e-06
1114880,"Aeromonas australiensis",84,6.0341442049839e-06,85.6,6.14756963059483e-06
2894201,"Citrobacter meridianamericanus",84,6.0341442049839e-06,106.1,7.62418348574416e-06
NA,"unknown genome; accession ID isNZ_CP012742.1",83,5.96230915492457e-06,90.4,6.4930825882439e-06
2547410,"Enterocloster alcoholdehydrogenati",83,5.96230915492457e-06,79.9,5.73701449861152e-06
555970,"Bifidobacterium animalis",82,5.89047410486524e-06,86.2,6.19544542399158e-06
2316726,"Corallococcus sicarius",82,5.89047410486524e-06,80.3,5.76866064197813e-06
2811778,"Fenollaria sporofastidiosus",82,5.89047410486524e-06,100.7,7.23055520250347e-06
358743,"Enterocloster citroniae",81,5.81863905480591e-06,79.1,5.68086746369819e-06
762982,"Paraprevotella xylaniphila",81,5.81863905480591e-06,89,6.3925954560045e-06
1423720,"Companilactobacillus alimentarius",80,5.74680400474657e-06,77.9,5.59444415057842e-06
2747601,"Ruegeria haliotis",80,5.74680400474657e-06,81.2,5.830720729478e-06
2763054,"Mediterraneibacter hominis",80,5.74680400474657e-06,80,5.74691489190669e-06
29374,"Filifactor villosus",80,5.74680400474657e-06,191.8,1.37752631393723e-05
1305,"Streptococcus sanguinis",80,5.74680400474657e-06,79,5.67139866877389e-06
1123301,"Streptococcus didelphis",79,5.67496895468724e-06,83,5.96337733468088e-06
1601,"Ligilactobacillus agilis",79,5.67496895468724e-06,77.1,5.54102996249742e-06
2946555,"Akkermansia biwaensis",79,5.67496895468724e-06,79,5.67500517437351e-06
2763067,"Streptococcus hominis",78,5.60313390462791e-06,80.1,5.7525700487045e-06
357441,"Enterococcus lactis",78,5.60313390462791e-06,79.3,5.69602116659162e-06
283354,"Alternaria metachromatica",78,5.60313390462791e-06,77.6,5.57688957617434e-06
2486017,"Loigolactobacillus zhaoyuanensis",77,5.53129885456858e-06,81.3,5.8419130989036e-06
2981784,"[Clostridium] ammoniilyticum",77,5.53129885456858e-06,78.4,5.63505057389394e-06
1423751,"Lactobacillus gigeriorum",76,5.45946380450924e-06,75.8,5.44644609768775e-06
180344,"Vagococcus elongatus",76,5.45946380450924e-06,75.3,5.4057523857626e-06
2764712,"Lentihominibacter faecis",76,5.45946380450924e-06,80.6,5.78911671573969e-06
1121333,"Thomasclavelia saccharogumia",75,5.38762875444991e-06,75.4,5.41747334146243e-06
1218493,"Lactobacillus kullabergensis",75,5.38762875444991e-06,77.3,5.55092832388067e-06
1796628,"Longibaculum muris",75,5.38762875444991e-06,76.4,5.49135881433092e-06
2606633,"Oliverpabstia intestinalis",75,5.38762875444991e-06,78,5.60664092350127e-06
1912855,"Faecalimonas umbilicata",75,5.38762875444991e-06,77,5.53365236718863e-06
2562449,"Citrobacter tructae",74,5.31579370439058e-06,88.3,6.34118547941302e-06
2652282,"Peptostreptococcus porci",74,5.31579370439058e-06,74.2,5.33231989300461e-06
441959,"Talaromyces stipitatus",73,5.24395865433125e-06,65.1,4.67822543345401e-06
537011,"Segatella copri",73,5.24395865433125e-06,73,5.24338495777135e-06
2891570,"Pseudocitrobacter corydidari",73,5.24395865433125e-06,74.9,5.37923244677238e-06
147206,"Collinsella stercoris",73,5.24395865433125e-06,91.8,6.59596028484209e-06
3035291,"Lacticaseibacillus huelsenbergensis",73,5.24395865433125e-06,72,5.17223312744366e-06
3098075,"Streptococcus dentalis",73,5.24395865433125e-06,81.7,5.86922422238399e-06
2841061,"Streptococcus humanilactis",72,5.17212360427192e-06,89.2,6.40495988855837e-06
2489010,"Klebsiella africana",72,5.17212360427192e-06,64.7,4.64757884063387e-06
504,"Kingella kingae",72,5.17212360427192e-06,71.8,5.16103320239259e-06
1118059,"Kallipyga massiliensis",71,5.10028855421258e-06,69.6,4.99737619070961e-06
1462575,"Companilactobacillus furfuricola",71,5.10028855421258e-06,65.5,4.70236164931541e-06
3142537,"Enterobacter adelaidei",71,5.10028855421258e-06,92.9,6.67529901389758e-06
518635,"Bifidobacterium angulatum",70,5.02845350415325e-06,63.3,4.54464776850204e-06
2306423,"Lactiplantibacillus garii",68,4.88478340403459e-06,73.5,5.28313623829638e-06
820,"Bacteroides uniformis",68,4.88478340403459e-06,76.2,5.47031139229992e-06
1410674,"Sharpea azabuensis",67,4.81294835397525e-06,68.4,4.9121248798003e-06
2763644,"Zhenpiania hominis",67,4.81294835397525e-06,63.2,4.54282231720649e-06
1917868,"Blautia marasmi",67,4.81294835397525e-06,64.3,4.61927409253739e-06
1735,"Holdemanella biformis",66,4.74111330391592e-06,68,4.88758316023354e-06
2981724,"Alitiscatomonas aceti",66,4.74111330391592e-06,67.9,4.87787156577371e-06
2486576,"Absicoccus porci",65,4.66927825385659e-06,63.7,4.57375936400936e-06
2763021,"Bacteroides difficilis",65,4.66927825385659e-06,65.2,4.6868839593912e-06
1870997,"Alterileibacterium massiliense",64,4.59744320379726e-06,66.2,4.75561787650442e-06
102684,"Streptococcus infantarius",63,4.52560815373793e-06,68,4.88758546758254e-06
1812935,"Enterobacter roggenkampii",62,4.45377310367859e-06,67.5,4.84960138685355e-06
2509433,"Senegalimassilia faecalis",62,4.45377310367859e-06,64,4.59785246886728e-06
2588991,"Streptococcus symci",62,4.45377310367859e-06,96.3,6.92101197437172e-06
1121114,"Blautia producta",62,4.45377310367859e-06,61.9,4.44552317770648e-06
270249,"Bartonella phoceensis",62,4.45377310367859e-06,62.2,4.46516531178264e-06
2941233,"Acetatifactor aquisgranensis",62,4.45377310367859e-06,61,4.38398238491617e-06
2292441,"Paratractidigestivibacter faecalis",61,4.38193805361926e-06,61.6,4.42829386596184e-06
880526,"Rikenella microfusus",60,4.31010300355993e-06,61.4,4.40747287337745e-06
293939,"Aspergillus lentulus",60,4.31010300355993e-06,58,4.16317833637756e-06
2764329,"Paeniclostridium hominis",60,4.31010300355993e-06,60,4.307631034612e-06
679192,"Bulleidia extructa",59,4.2382679535006e-06,60.5,4.344354346555e-06
33962,"Lentilactobacillus kefiri",58,4.16643290344127e-06,54.1,3.8892055035671e-06
2606708,"Mogibacterium kristiansenii",58,4.16643290344127e-06,58.1,4.17698492821775e-06
73098,"Kluyvera georgiana",57,4.09459785338193e-06,57.6,4.13628154195431e-06
1579424,"Streptococcus azizii",57,4.09459785338193e-06,57.7,4.14335960351281e-06
2485998,"Lapidilactobacillus bayanensis",57,4.09459785338193e-06,68.5,4.92078609941257e-06
2606634,"Velocimicrobium porci",56,4.0227628033226e-06,58.7,4.21565455256739e-06
1871006,"Bacteroides congonensis",56,4.0227628033226e-06,59.9,4.30511239045647e-06
2093856,"Butyricimonas faecalis",55,3.95092775326327e-06,53.9,3.87014908099375e-06
1349415,"Streptococcus loxodontisalivarius",55,3.95092775326327e-06,55.8,4.0114779079016e-06
1218085,"Citrobacter rodentium",55,3.95092775326327e-06,58.6,4.20605959756884e-06
1816676,"Alistipes provencensis",55,3.95092775326327e-06,48.6,3.49263423520086e-06
411467,"Pseudoflavonifractor capillosus",54,3.87909270320394e-06,57.9,4.16044864548244e-06
2885356,"Hominilimicola fabiformis",54,3.87909270320394e-06,74,5.31607980156283e-06
2070686,"Enteroscipio rubneri",54,3.87909270320394e-06,48.4,3.47990619398077e-06
2499076,"Marinifilum caeruleilacunae",53,3.8072576531446e-06,45.3,3.25161792412843e-06
3037798,"Providencia huashanensis",53,3.8072576531446e-06,53.2,3.8182798234194e-06
5061,"Aspergillus niger",52,3.73542260308527e-06,50.3,3.61130458755761e-06
1918949,"Solemya elarraichensis gill symbiont",52,3.73542260308527e-06,52,3.73677113660593e-06
2714036,"Companilactobacillus pabuli",52,3.73542260308527e-06,54.9,3.94520370335855e-06
2488306,"Pseudocitrobacter vendiensis",52,3.73542260308527e-06,52.1,3.74449673107479e-06
483215,"Bacteroides finegoldii",51,3.66358755302594e-06,50.7,3.6445533638659e-06
370354,"Entamoeba dispar",50,3.59175250296661e-06,50.9,3.65540169790615e-06
1945634,"Butyricicoccus porcorum",50,3.59175250296661e-06,50,3.59069721401287e-06
1260,"Finegoldia magna",50,3.59175250296661e-06,50,3.59175276098034e-06
570012,"Shimwellia pseudoproteus",50,3.59175250296661e-06,51.1,3.67085312974099e-06
3079010,"Diplocloster hominis",50,3.59175250296661e-06,51.3,3.68557368596509e-06
3133161,"Ruminococcoides intestinihominis",50,3.59175250296661e-06,52,3.73473028397907e-06
1776392,"Massilimicrobiota timonensis",50,3.59175250296661e-06,47,3.37761354819825e-06
3044208,"Fusibacillus kribbianus",48,3.44808240284794e-06,49.2,3.53681395704271e-06
3073100,"Candidatus Cetobacterium colombiensis",48,3.44808240284794e-06,48.1,3.45445451467026e-06
1543375,"Aeromonas finlandensis",47,3.37624735278861e-06,51.2,3.67885751818832e-06
2652274,"Eisenbergiella porci",47,3.37624735278861e-06,51,3.66443335779389e-06
3093657,"Acutalibacter caecimuris",47,3.37624735278861e-06,47,3.37633397787081e-06
1871013,"Parabacteroides timonensis",47,3.37624735278861e-06,46,3.30277059383791e-06
1236512,"Bacteroides rodentium",46,3.30441230272928e-06,47.7,3.42846035983679e-06
94643,"Besnoitia besnoiti",46,3.30441230272928e-06,50.9,3.65957267028379e-06
1796622,"Extibacter muris",46,3.30441230272928e-06,52.7,3.78287104149077e-06
2605790,"Roseburia porci",46,3.30441230272928e-06,45.1,3.24196618748515e-06
544580,"Actinomyces oris",46,3.30441230272928e-06,46.3,3.3285121941196e-06
764290,"Streptococcus downei",46,3.30441230272928e-06,42.5,3.05138828440015e-06
864564,"Parascardovia denticolens",45,3.23257725266995e-06,44.3,3.18106078370161e-06
2763668,"Jutongia huaianensis",45,3.23257725266995e-06,61.9,4.45014474125281e-06
1581,"Lentilactobacillus buchneri",45,3.23257725266995e-06,37.4,2.68608842574717e-06
2815723,"Nocardia alni",45,3.23257725266995e-06,45,3.232577488063e-06
2981721,"Brotomerdimonas butyrica",45,3.23257725266995e-06,45.4,3.26021069204477e-06
2094020,"Trichococcus shcherbakoviae",45,3.23257725266995e-06,45,3.23256770117099e-06
616990,"Levilactobacillus paucivorans",44,3.16074220261062e-06,33.3,2.39205200459008e-06
1435342,"Secundilactobacillus mixtipabuli",44,3.16074220261062e-06,44,3.15820673077233e-06
2025493,"Blautia hominis",44,3.16074220261062e-06,53.1,3.81130289760814e-06
2604158,"Nitratidesulfovibrio liaohensis",44,3.16074220261062e-06,44,3.1607424296627e-06
126998,"Penicillium bovifimosum",44,3.16074220261062e-06,43.7,3.14204981134077e-06
2741,"Peptococcus niger",44,3.16074220261062e-06,43.4,3.11595654241467e-06
83891,"Trypanosoma conorhini",43,3.08890715255128e-06,42.9,3.08063175082809e-06
3029274,"Amygdalobacter nucleatus",43,3.08890715255128e-06,45.7,3.28196306875305e-06
1393034,"Atopobium deltae",42,3.01707210249195e-06,53.4,3.83401490557831e-06
1720294,"Eisenbergiella massiliensis",42,3.01707210249195e-06,42.6,3.06215539233045e-06
2763066,"Ruminococcus intestinalis",42,3.01707210249195e-06,46.4,3.33645902495531e-06
3074433,"Vallitalea maricola",42,3.01707210249195e-06,38.9,2.7963011640651e-06
1871018,"Angelakisella massiliensis",42,3.01707210249195e-06,54.8,3.93645082780066e-06
1121129,"Butyricimonas synergistica",41,2.94523705243262e-06,41.3,2.96387413310643e-06
2583810,"Alteribacter natronophilus",41,2.94523705243262e-06,42.6,3.05707945291837e-06
315405,"Streptococcus gallolyticus",41,2.94523705243262e-06,48.8,3.50553338141657e-06
371674,"Moryella indoligenes",41,2.94523705243262e-06,44.6,3.20414816227013e-06
419007,"Tatumella terrea",41,2.94523705243262e-06,39.1,2.80673811672201e-06
3140788,"Streptococcus nidrosiense",41,2.94523705243262e-06,38.2,2.74713284401929e-06
2838426,"Candidatus Agathobaculum pullicola",41,2.94523705243262e-06,41.3,2.9643062220713e-06
78346,"Bifidobacterium ruminantium",40,2.87340200237329e-06,46.8,3.36195640031572e-06
1912897,"Blautia argi",40,2.87340200237329e-06,44.9,3.22409762204375e-06
2692629,"Copranaerobaculum intestinale",40,2.87340200237329e-06,49.1,3.52535333551309e-06
1494461,"Pseudolactococcus laudensis",40,2.87340200237329e-06,41.6,2.98978174176292e-06
2714355,"Vescimonas coprocola",40,2.87340200237329e-06,40.8,2.92818967664307e-06
537006,"Parabacteroides johnsonii",40,2.87340200237329e-06,39.8,2.85797515718851e-06
1993540,"Companilactobacillus nuruki",39,2.80156695231395e-06,42.2,3.03134002789969e-06
2026240,"Klebsiella quasivariicola",39,2.80156695231395e-06,39,2.80117025212693e-06
2927804,"Marinobacterium sedimentorum",39,2.80156695231395e-06,38.6,2.77025654424607e-06
2941327,"Flintibacter muris",39,2.80156695231395e-06,36.5,2.61947421600249e-06
1353,"Enterococcus gallinarum",38,2.72973190225462e-06,51.5,3.70187166078665e-06
676599,"Stenotrophomonas panacihumi",37,2.65789685219529e-06,38,2.72908408786932e-06
2382163,"Streptococcus koreensis",37,2.65789685219529e-06,41.2,2.95662661316926e-06
1122150,"Liquorilactobacillus nagelii",37,2.65789685219529e-06,50.8,3.6504508133901e-06
3076224,"Lactiplantibacillus paraxiangfangensis",37,2.65789685219529e-06,36.9,2.65035903965991e-06
2304063,"Sphingobium terrigena",36,2.58606180213596e-06,39.6,2.84679908040709e-06
2949669,"Curtanaerobium respiraculi",36,2.58606180213596e-06,36.8,2.6437191442129e-06
1776388,"Prevotella phocaeensis",36,2.58606180213596e-06,36.2,2.60386065842788e-06
3117552,"Bacteroides maternus",35,2.51422675207663e-06,43.9,3.1556812636739e-06
3155929,"Bacillus ayatagriensis",35,2.51422675207663e-06,34,2.44339448314208e-06
40837,"Mycoplana ramosa",35,2.51422675207663e-06,35.8,2.57518523289734e-06
2100822,"Kushneria phyllosphaerae",35,2.51422675207663e-06,36.5,2.62441038024116e-06
44008,"Enterococcus cecorum",35,2.51422675207663e-06,39.4,2.8312164852026e-06
2486002,"Lapidilactobacillus gannanensis",34,2.44239170201729e-06,37.4,2.6837639553134e-06
1977868,"Vagococcus bubulae",34,2.44239170201729e-06,41,2.94384205012542e-06
2137581,"Ellagibacter isourolithinifaciens",34,2.44239170201729e-06,33.4,2.40062928597796e-06
2763043,"Eggerthella hominis",34,2.44239170201729e-06,36.1,2.59595084351168e-06
2786956,"Phocaeicola faecalis",34,2.44239170201729e-06,34.8,2.50241362811865e-06
331117,"Aspergillus fischeri",33,2.37055665195796e-06,35.5,2.55323833087676e-06
1549748,"Kiloniella litopenaei",33,2.37055665195796e-06,30.1,2.15956855368295e-06
2881258,"Ruminococcus turbiniformis",33,2.37055665195796e-06,33.9,2.4327651283281e-06
2945989,"Lutimaribacter degradans",33,2.37055665195796e-06,30.8,2.21031374826683e-06
2665155,"Streptomyces flavalbus",33,2.37055665195796e-06,33,2.37057356340742e-06
1544,"Faecalicatena orotica",33,2.37055665195796e-06,32.8,2.35733811734628e-06
484018,"Phocaeicola plebeius",32,2.29872160189863e-06,45.2,3.24941768624685e-06
2590213,"Levilactobacillus enshiensis",32,2.29872160189863e-06,31.8,2.28337445537119e-06
37727,"Talaromyces marneffei",32,2.29872160189863e-06,38.9,2.79423292943987e-06
1928661,"Bradyrhizobium cajani",32,2.29872160189863e-06,32.1,2.30518111678166e-06
1151742,"Lactococcus taiwanensis",32,2.29872160189863e-06,31.6,2.27091414815332e-06
3378099,"Providencia lanzhouensis",32,2.29872160189863e-06,27.1,1.947019356879e-06
2799570,"Levilactobacillus andaensis",31,2.2268865518393e-06,29.3,2.10267987679609e-06
1123314,"Streptococcus plurextorum",30,2.15505150177996e-06,35.8,2.5746455072039e-06
1720315,"Hugonella massiliensis",30,2.15505150177996e-06,31.8,2.28478933218374e-06
1578198,"Neobacillus notoginsengisoli",30,2.15505150177996e-06,35.8,2.56836490600195e-06
2584183,"Companilactobacillus halodurans",30,2.15505150177996e-06,43.1,3.09599914357335e-06
46503,"Parabacteroides merdae",30,2.15505150177996e-06,31.1,2.2350263952371e-06
1329,"Streptococcus canis",30,2.15505150177996e-06,29.4,2.11345916877013e-06
1599,"Latilactobacillus sakei",29,2.08321645172063e-06,37.9,2.72156521491575e-06
246144,"Enterococcus italicus",29,2.08321645172063e-06,30.7,2.2018607556325e-06
3028070,"Claveliimonas bilis",29,2.08321645172063e-06,30.2,2.16863260996086e-06
2993430,"Streptococcus parapneumoniae",29,2.08321645172063e-06,35.4,2.54607274164718e-06
2763014,"Agathobaculum hominis",28,2.0113814016613e-06,28.4,2.0398061450095e-06
3163327,"Photorhabdus viridis",28,2.0113814016613e-06,28,2.01188482916179e-06
2587528,"Klebsiella spallanzanii",28,2.0113814016613e-06,29.1,2.08795329339043e-06
1423808,"Lentilactobacillus sunkii",27,1.93954635160197e-06,30.7,2.20400592029571e-06
202956,"Acinetobacter towneri",27,1.93954635160197e-06,30.3,2.17890127509525e-06
268346,"Penicillium mononematosum",27,1.93954635160197e-06,27.1,1.9489269407125e-06
2058152,"Klebsiella grimontii",27,1.93954635160197e-06,26.2,1.87935873574843e-06
873447,"Streptococcus parauberis",26,1.86771130154264e-06,25.7,1.84944764402512e-06
1123299,"Streptococcus castoreus",26,1.86771130154264e-06,26.2,1.88151984840389e-06
2763673,"Yanshouia hominis",26,1.86771130154264e-06,25.8,1.85500178877048e-06
2026186,"Bacillus paranthracis",26,1.86771130154264e-06,23.2,1.66984110951666e-06
3095078,"Streptococcus wuxiensis",26,1.86771130154264e-06,26.8,1.92559306411794e-06
NA,"unknown genome; accession ID isNZ_DAWEQI010000213.1",26,1.86771130154264e-06,26,1.86771206429859e-06
1033731,"Alistipes timonensis",26,1.86771130154264e-06,32.7,2.34630822633823e-06
1117379,"Neobacillus bataviensis",25,1.7958762514833e-06,25,1.79703136488601e-06
591962,"Aeromonas fluvialis",25,1.7958762514833e-06,25.7,1.84795720378603e-06
2766578,"Komagataeibacter melomenusus",25,1.7958762514833e-06,25,1.79587924078458e-06
3035606,"Catenibacterium mitsuokai",25,1.7958762514833e-06,21.8,1.56453707740996e-06
915173,"Faecalicoccus acidiformans",25,1.7958762514833e-06,25,1.79733106874465e-06
3342383,"Flintibacter porci",25,1.7958762514833e-06,26.2,1.88032623905518e-06
84407,"Virgibacillus proomii",25,1.7958762514833e-06,27.6,1.981186103628e-06
1936995,"Parabacteroides bouchesdurhonensis",25,1.7958762514833e-06,26.8,1.92626297445561e-06
1704076,"Levilactobacillus cerevisiae",25,1.7958762514833e-06,33.4,2.39868028326941e-06
762051,"Leuconostoc kimchii",24,1.72404120142397e-06,26,1.87087969363762e-06
679200,"Johnsonella ignava",24,1.72404120142397e-06,24.5,1.76140916676153e-06
1720298,"Peptoniphilus phoceensis",24,1.72404120142397e-06,24.8,1.77996884921877e-06
2316722,"Corallococcus aberystwythensis",24,1.72404120142397e-06,24,1.72404297181831e-06
2071710,"Enterobacter sichuanensis",24,1.72404120142397e-06,26.3,1.88787127608735e-06
2866998,"Streptococcus hohhotensis",24,1.72404120142397e-06,24.7,1.77471377501133e-06
674529,"Bacteroides faecis",24,1.72404120142397e-06,22.2,1.59370144573913e-06
1463165,"Klebsiella quasipneumoniae",24,1.72404120142397e-06,27.5,1.97523198731493e-06
2949650,"Parabacteroides sp. W1-Q-101",24,1.72404120142397e-06,21.6,1.55091015266601e-06
3014267,"Agathobaculum massiliense",24,1.72404120142397e-06,24.3,1.74621562222136e-06
1123318,"Streptococcus thoraltensis",23,1.65220615136464e-06,23.9,1.71569963531707e-06
1570016,"Thioflexithrix psekupsensis",23,1.65220615136464e-06,23.6,1.69290374385821e-06
1111760,"Streptococcus troglodytae",23,1.65220615136464e-06,23.2,1.66707558486729e-06
1259973,"Klebsiella electrica",23,1.65220615136464e-06,22,1.57734037889093e-06
1720204,"Collinsella ihumii",23,1.65220615136464e-06,22.8,1.63832788011578e-06
3068306,"Lacticaseibacillus styriensis",23,1.65220615136464e-06,23.3,1.67734143721706e-06
1156431,"Streptococcus ilei",22,1.58037110130531e-06,24,1.72053087432735e-06
1408437,"Agathobaculum desmolans",22,1.58037110130531e-06,22.3,1.59922648067815e-06
1392250,"Aspergillus steynii",22,1.58037110130531e-06,19,1.36580134207952e-06
2174932,"Nesterenkonia natronophila",22,1.58037110130531e-06,22.3,1.60148973366176e-06
2713419,"Collinsella acetigenes",22,1.58037110130531e-06,22.7,1.62858848651033e-06
67296,"Streptomyces finlayi",22,1.58037110130531e-06,21.6,1.55280916089919e-06
1841856,"Bacteroides mediterraneensis",22,1.58037110130531e-06,22.9,1.64694820677888e-06
147207,"Collinsella intestinalis",22,1.58037110130531e-06,20,1.43595978489107e-06
1035377,"Yersinia pestis",21,1.50853605124598e-06,21,1.50970074516425e-06
1122981,"Prevotella corporis",21,1.50853605124598e-06,22.1,1.58793880562824e-06
1611836,"Staphylococcus pragensis",21,1.50853605124598e-06,21,1.51014844645053e-06
2211183,"Evtepia gabavorous",21,1.50853605124598e-06,22.2,1.59738686092046e-06
2579922,"Pseudomonas yangonensis",21,1.50853605124598e-06,20.2,1.44956123842311e-06
2739389,"Phocaeicola faecicola",21,1.50853605124598e-06,21.6,1.55395620806125e-06
76860,"Streptococcus constellatus",21,1.50853605124598e-06,31.3,2.25129612285868e-06
2748301,"Streptococcus vaginalis",21,1.50853605124598e-06,20.8,1.49584624469795e-06
2020965,"Bifidobacterium imperatoris",21,1.50853605124598e-06,18.8,1.35405876504539e-06
1812259,"Streptomyces ginkgonis",21,1.50853605124598e-06,21.5,1.54730773130613e-06
3075529,"Streptomyces gibsoniae",21,1.50853605124598e-06,21,1.50962219509409e-06
1750560,"Parabacteroides massiliensis",21,1.50853605124598e-06,23.4,1.67816280085603e-06
43771,"Corynebacterium urealyticum",21,1.50853605124598e-06,22.7,1.62784477510609e-06
559292,"Saccharomyces cerevisiae",20,1.43670100118664e-06,24.2,1.73613474682561e-06
1295826,"Lactococcus cremoris",20,1.43670100118664e-06,20.4,1.46741622659663e-06
646,"Aeromonas sobria",20,1.43670100118664e-06,19.8,1.42114305288342e-06
1423733,"Secundilactobacillus collinoides",20,1.43670100118664e-06,25.7,1.84857629387319e-06
480391,"Pediococcus argentinicus",20,1.43670100118664e-06,21.3,1.52956433244817e-06
2774015,"Pectobacterium quasiaquaticum",20,1.43670100118664e-06,19.9,1.43222439560051e-06
67824,"Citrobacter farmeri",20,1.43670100118664e-06,20.7,1.48722198948011e-06
2949333,"Ohessyouella blattaphilus",20,1.43670100118664e-06,20,1.43670123858453e-06
2508708,"Lactobacillus mulieris",20,1.43670100118664e-06,20.2,1.45445338245518e-06
1326,"Streptococcus acidominimus",20,1.43670100118664e-06,22.5,1.61959766562688e-06
1095768,"Phytobacter massiliensis",19,1.36486595112731e-06,19.2,1.37933849145025e-06
1423732,"Lacticaseibacillus casei",19,1.36486595112731e-06,19.5,1.40014464296132e-06
1714682,"Secundilactobacillus pentosiphilus",19,1.36486595112731e-06,19.2,1.3813086582415e-06
2831523,"Lentilactobacillus dabitei",19,1.36486595112731e-06,23.6,1.69401536500895e-06
544645,"Butyricimonas virosa",19,1.36486595112731e-06,19.9,1.43202261531678e-06
3030016,"Caproicibacterium argilliputei",19,1.36486595112731e-06,18.8,1.34735986156136e-06
78448,"Bifidobacterium pullorum",19,1.36486595112731e-06,18.9,1.35780231968554e-06
889201,"Streptococcus cristatus",19,1.36486595112731e-06,20.5,1.4761767209724e-06
1423801,"Liquorilactobacillus satsumensis",18,1.29303090106798e-06,18.8,1.34705618363975e-06
1652495,"Corynebacterium crudilactis",18,1.29303090106798e-06,17.5,1.26058153844857e-06
1981510,"Monoglobus pectinilyticus",18,1.29303090106798e-06,18.6,1.33744795220737e-06
2792979,"Gardnerella swidsinskii",18,1.29303090106798e-06,18,1.29395725196098e-06
2486025,"Levilactobacillus mulengensis",18,1.29303090106798e-06,18.8,1.3536854853511e-06
2559923,"Secundilactobacillus hailunensis",18,1.29303090106798e-06,20.9,1.49973035681458e-06
167481,"Companilactobacillus mindensis",18,1.29303090106798e-06,15.5,1.11643938240788e-06
1981069,"Leuconostoc litchii",18,1.29303090106798e-06,21.6,1.55036611911947e-06
2607659,"Nocardioides antri",18,1.29303090106798e-06,18,1.29563085483919e-06
147802,"Lactobacillus iners",18,1.29303090106798e-06,18,1.29307589577593e-06
2763053,"Lawsonibacter hominis",18,1.29303090106798e-06,20.8,1.49530313254794e-06
2763659,"Fumia xinanensis",18,1.29303090106798e-06,18.6,1.33302929432607e-06
2939491,"Parabacteroides leei",18,1.29303090106798e-06,18.3,1.31188178913829e-06
1187928,"Alternaria incomplexa",18,1.29303090106798e-06,19.2,1.38096626793491e-06
40994,"Penicillium hordei",18,1.29303090106798e-06,18,1.29037695515822e-06
1882272,"Penicillium samsonianum",18,1.29303090106798e-06,16.4,1.18125973445925e-06
502577,"Actinoallomurus acaciae",18,1.29303090106798e-06,17.7,1.27161852091499e-06
558884,"Aeromonas lacus",17,1.22119585100865e-06,17.4,1.24747792839795e-06
1450649,"Limosilactobacillus gorillae",17,1.22119585100865e-06,17.7,1.27329635587234e-06
1653435,"Merdimonas faecis",17,1.22119585100865e-06,17.5,1.26032702375517e-06
2447885,"Bacteroides faecalis",17,1.22119585100865e-06,17.2,1.23680854037259e-06
33964,"Leuconostoc citreum",17,1.22119585100865e-06,16.7,1.19917950735031e-06
2763033,"Christensenella tenuis",17,1.22119585100865e-06,15.6,1.11925595108058e-06
2764597,"Romboutsia faecis",17,1.22119585100865e-06,15.7,1.12545816158664e-06
273372,"Candida metapsilosis",17,1.22119585100865e-06,16.9,1.21101340952071e-06
2953879,"Weissella fangxianensis",17,1.22119585100865e-06,16.1,1.15962644531742e-06
2972466,"Tractidigestivibacter montrealensis",17,1.22119585100865e-06,16.4,1.17853166060459e-06
271881,"Lactiplantibacillus argentoratensis",17,1.22119585100865e-06,17.6,1.26400398083371e-06
59298,"Streptomyces thermocarboxydovorans",17,1.22119585100865e-06,17.3,1.24341549910188e-06
3095082,"Streptococcus fermentans",17,1.22119585100865e-06,20.6,1.4786194194671e-06
1670621,"Saccharothrix lopnurensis",17,1.22119585100865e-06,17.4,1.25160190481139e-06
527031,"Bacillus thuringiensis",16,1.14936080094931e-06,13.3,9.53092398703649e-07
1069534,"Ligilactobacillus ruminis",16,1.14936080094931e-06,16.3,1.16756310599646e-06
742818,"Slackia piriformis",16,1.14936080094931e-06,16.2,1.16122408682248e-06
2169401,"Flagellimonas amoyensis",16,1.14936080094931e-06,15.7,1.12768180181548e-06
287844,"Lapidilactobacillus concavus",16,1.14936080094931e-06,14.3,1.02447251384573e-06
61648,"Kluyvera intermedia",16,1.14936080094931e-06,18.1,1.30075733713967e-06
292800,"Flavonifractor plautii",16,1.14936080094931e-06,10.9,7.82051832300467e-07
178001,"Leuconostoc inhae",16,1.14936080094931e-06,12.9,9.2542921139257e-07
518636,"Enterocloster asparagiformis",16,1.14936080094931e-06,19.3,1.38667398812185e-06
1243002,"Vibrio olivae",16,1.14936080094931e-06,16,1.15203870782013e-06
3415010,"Aeromonas oralensis",16,1.14936080094931e-06,15.7,1.1247372311745e-06
258723,"Marinilactibacillus piezotolerans",16,1.14936080094931e-06,16.1,1.15353258326121e-06
1852371,"Raoultibacter massiliensis",16,1.14936080094931e-06,15.7,1.12458345034751e-06
533323,"Psychrobacter fulvigenes",16,1.14936080094931e-06,14.8,1.06441887627735e-06
1423804,"Secundilactobacillus similis",15,1.07752575088998e-06,25,1.79618068269778e-06
189622,"Babesia ovata",15,1.07752575088998e-06,18.5,1.32992231758588e-06
2493111,"Lacticaseibacillus hulanensis",15,1.07752575088998e-06,14.8,1.06117657131196e-06
2478464,"Enterobacter oligotrophicus",15,1.07752575088998e-06,18.5,1.32852952613006e-06
2047724,"Franconibacter daqui",15,1.07752575088998e-06,15.1,1.08589542213425e-06
1287640,"Anaerococcus obesiensis",15,1.07752575088998e-06,15.5,1.11121320651234e-06
1841864,"Marseilla massiliensis",15,1.07752575088998e-06,15,1.0775258282941e-06
1211813,"Alistipes ihumii",15,1.07752575088998e-06,14.4,1.03188385712101e-06
28111,"Bacteroides eggerthii",15,1.07752575088998e-06,13.4,9.61232773850827e-07
60520,"Lactiplantibacillus paraplantarum",15,1.07752575088998e-06,14,1.0085129624058e-06
3093659,"Acutalibacter intestini",15,1.07752575088998e-06,15.8,1.13448151685614e-06
89139,"Rasamsonia byssochlamydoides",15,1.07752575088998e-06,15,1.0775258282941e-06
1328,"Streptococcus anginosus",15,1.07752575088998e-06,14.5,1.04221015005954e-06
1123315,"Streptococcus porci",14,1.00569070083065e-06,13.5,9.69893611778562e-07
28037,"Streptococcus mitis",14,1.00569070083065e-06,14.9,1.0711531735407e-06
1313,"Streptococcus pneumoniae",14,1.00569070083065e-06,14.4,1.03091879813223e-06
1291764,"Lactococcus fujiensis",14,1.00569070083065e-06,14.7,1.05314460612813e-06
2320100,"Parablautia intestinalis",14,1.00569070083065e-06,17.1,1.22686951320451e-06
67827,"Citrobacter werkmanii",14,1.00569070083065e-06,15.1,1.08655506739175e-06
2916441,"Adlercreutzia rubneri",14,1.00569070083065e-06,14,1.00572429562691e-06
1292134,"Stenotrophomonas africana",14,1.00569070083065e-06,14.7,1.05663397011144e-06
2763032,"Butyricimonas hominis",14,1.00569070083065e-06,14.9,1.0716038465026e-06
2763026,"Blautia celeris",14,1.00569070083065e-06,15.7,1.12943317037546e-06
2713174,"Fructobacillus parabroussonetiae",14,1.00569070083065e-06,15.2,1.09279177878233e-06
71452,"Enterococcus raffinosus",14,1.00569070083065e-06,15.3,1.10141123729628e-06
105841,"Anaerostipes caccae",14,1.00569070083065e-06,13.5,9.68834418681691e-07
2995136,"Dellaglioa carnosa",14,1.00569070083065e-06,16.1,1.15948241912029e-06
3047475,"Gordonibacter faecis",14,1.00569070083065e-06,19.8,1.42523281695884e-06
3133163,"Ruthenibacterium intestinale",14,1.00569070083065e-06,15.8,1.13428809098685e-06
2766470,"Leuconostoc falkenbergense",14,1.00569070083065e-06,18,1.29286585827063e-06
482827,"Thermus arciformis",14,1.00569070083065e-06,14,1.0056907730745e-06
1338,"Streptococcus intermedius",14,1.00569070083065e-06,14,1.00645321393451e-06
246409,"Rhizopus delemar",13,9.33855650771318e-07,14.6,1.05031717949254e-06
908337,"Eremococcus coleocola",13,9.33855650771318e-07,19.9,1.43054648264792e-06
887325,"Lachnoanaerobaculum saburreum",13,9.33855650771318e-07,13,9.37005772227077e-07
1034345,"Senegalimassilia anaerobia",13,9.33855650771318e-07,16.9,1.21568364387171e-06
1150461,"Bifidobacterium scardovii",13,9.33855650771318e-07,12.6,9.06595365578892e-07
1423786,"Lentilactobacillus parafarraginis",13,9.33855650771318e-07,14.8,1.06604466276046e-06
1423782,"Limosilactobacillus panis",13,9.33855650771318e-07,14.8,1.06511391292772e-06
2494234,"Sutterella megalosphaeroides",13,9.33855650771318e-07,12.9,9.27196249331412e-07
230658,"Paraeggerthella hongkongensis",13,9.33855650771318e-07,13.2,9.51046478886627e-07
1796618,"Cuneatibacter caecimuris",13,9.33855650771318e-07,13.9,9.9705211318801e-07
2589786,"Streptococcus shenyangsis",13,9.33855650771318e-07,13.7,9.85853953549622e-07
394095,"Pyxidicoccus fallax",13,9.33855650771318e-07,13,9.34864678739979e-07
2763056,"Oscillibacter hominis",13,9.33855650771318e-07,14.5,1.03808327547307e-06
2816080,"Alicyclobacillus suci",13,9.33855650771318e-07,12.3,8.8472337003831e-07
214851,"Subdoligranulum variabile",13,9.33855650771318e-07,13.9,9.95319146085045e-07
2981792,"Oscillibacter acetigenes",13,9.33855650771318e-07,24.3,1.74260997809023e-06
133448,"Citrobacter youngae",13,9.33855650771318e-07,14.2,1.01661014069994e-06
558541,"Shewanella chilikensis",13,9.33855650771318e-07,18.2,1.30764066435022e-06
1852386,"Thermophilibacter provencensis",13,9.33855650771318e-07,13.4,9.6240358860852e-07
999415,"Eggerthia catenaformis",12,8.62020600711986e-07,10.9,7.84966263355434e-07
1123311,"Streptococcus orisratti",12,8.62020600711986e-07,12.1,8.69329219936538e-07
1301100,"Faecalimicrobium dakarense",12,8.62020600711986e-07,12.8,9.21706252161734e-07
2020949,"Romboutsia weinsteinii",12,8.62020600711986e-07,11.6,8.33927921995873e-07
253257,"Lacrimispora amygdalina",12,8.62020600711986e-07,12.9,9.28418847079664e-07
2707003,"Streptococcus chosunensis",12,8.62020600711986e-07,12.4,8.92988622555843e-07
2597270,"Alkalicoccobacillus porphyridii",12,8.62020600711986e-07,10.9,7.82605079353411e-07
68193,"Streptomyces djakartensis",12,8.62020600711986e-07,10.8,7.72742864296988e-07
658225,"Sphingomonas glacialis",12,8.62020600711986e-07,12.2,8.77931424123098e-07
990412,"Limosilactobacillus alvi",12,8.62020600711986e-07,12,8.62395937543244e-07
3002863,"Methanocorpusculum petauri",12,8.62020600711986e-07,11.7,8.38136924404275e-07
60172,"Penicillium solitum",12,8.62020600711986e-07,12.7,9.14420786403495e-07
291644,"Bacteroides salyersiae",12,8.62020600711986e-07,13.2,9.49104382365153e-07
333963,"Leucobacter iarius",12,8.62020600711986e-07,14.2,1.01777561703655e-06
69824,"Thomasclavelia cocleata",12,8.62020600711986e-07,12.3,8.82087890701838e-07
1903263,"Traorella massiliensis",12,8.62020600711986e-07,13.6,9.77392075989906e-07
445970,"Alistipes putredinis",11,7.90185550652654e-07,11.1,7.96220589047509e-07
1437610,"Bifidobacterium reuteri",11,7.90185550652654e-07,10.9,7.83143046508952e-07
1550024,"Ruthenibacterium lactatiformans",11,7.90185550652654e-07,15.7,1.13110738890066e-06
2494702,"Enterobacter huaxiensis",11,7.90185550652654e-07,11,7.93376158091238e-07
1229621,"Anaerostipes rhamnosivorans",11,7.90185550652654e-07,11,7.92001025225261e-07
2020715,"Thalassotalea litorea",11,7.90185550652654e-07,13,9.3092245424719e-07
36651,"Penicillium digitatum",11,7.90185550652654e-07,11.2,8.0638972796638e-07
1302,"Streptococcus gordonii",11,7.90185550652654e-07,11.5,8.28601355380408e-07
2853160,"Streptococcus vulneris",11,7.90185550652654e-07,11,7.93540786733764e-07
396014,"Brachybacterium phenoliresistens",11,7.90185550652654e-07,11,7.90185607415676e-07
3133165,"Solibaculum intestinale",11,7.90185550652654e-07,11.1,7.98380041094498e-07
226900,"Bacillus cereus",11,7.90185550652654e-07,13.6,9.78513797279139e-07
NA,"unknown genome; accession ID isNZ_LT821227.1",11,7.90185550652654e-07,9.8,7.06656721408199e-07
428127,"Amedibacillus dolichus",10,7.18350500593322e-07,11.4,8.1576445363072e-07
887899,"Mobiluncus holmesii",10,7.18350500593322e-07,10,7.18426677379868e-07
1435463,"Bifidobacterium porcinum",10,7.18350500593322e-07,10.6,7.59759736354313e-07
5857,"Plasmodium fragile",10,7.18350500593322e-07,9.6,6.91744410918941e-07
1640685,"Enterococcus massiliensis",10,7.18350500593322e-07,12.1,8.66933276139691e-07
1074000,"Cronobacter universalis",10,7.18350500593322e-07,7.9,5.68693326681258e-07
290052,"Acetivibrio ethanolgignens",10,7.18350500593322e-07,11.8,8.47555634072699e-07
1384589,"Entomohabitans teleogrylli",10,7.18350500593322e-07,13,9.31047824765961e-07
1642702,"Paludifilum halophilum",10,7.18350500593322e-07,10.1,7.25454126689913e-07
526944,"Tetragenococcus osmophilus",10,7.18350500593322e-07,8.5,6.07564925292205e-07
1889241,"Vagococcus humatus",10,7.18350500593322e-07,11.7,8.3969821291496e-07
2661628,"Bifidobacterium platyrrhinorum",10,7.18350500593322e-07,8.5,6.08902296477646e-07
2763645,"Lentihominibacter hominis",10,7.18350500593322e-07,10.2,7.29629448282364e-07
2763678,"Youxingia wuxianensis",10,7.18350500593322e-07,8.6,6.17059413877498e-07
997873,"Bacteroides caccae",10,7.18350500593322e-07,9.6,6.91670028187477e-07
2834112,"Bacteroides propionicigenes",10,7.18350500593322e-07,10,7.21676299770054e-07
2981773,"Muriventricola aceti",10,7.18350500593322e-07,10,7.20869302600345e-07
2838522,"Candidatus Collinsella stercoripullorum",10,7.18350500593322e-07,10.2,7.30626235255167e-07
1437816,"Methylopila turkensis",10,7.18350500593322e-07,9.9,7.0973989155916e-07
650003,"Vibrio paracholerae",10,7.18350500593322e-07,9.1,6.55746494128556e-07
871324,"Bacteroides stercorirosoris",10,7.18350500593322e-07,10.6,7.64352302286834e-07
881260,"Enterobacter bugandensis",10,7.18350500593322e-07,10.1,7.25677855142735e-07
295089,"Pontixanthobacter luteolus",10,7.18350500593322e-07,10.7,7.68446157972705e-07
367928,"Bifidobacterium adolescentis",9,6.46515450533989e-07,9.3,6.70510847667633e-07
762968,"Paraprevotella clara",9,6.46515450533989e-07,12.7,9.13322294515012e-07
1218112,"Kluyvera cryocrescens",9,6.46515450533989e-07,9.7,6.98364272771126e-07
160453,"Enterococcus gilvus",9,6.46515450533989e-07,7.9,5.67045815885634e-07
2490855,"Lachnoanaerobaculum gingivalis",9,6.46515450533989e-07,10.4,7.44785849146214e-07
2055836,"Natronococcus pandeyae",9,6.46515450533989e-07,8.7,6.23285654772479e-07
2320879,"Parablautia muri",9,6.46515450533989e-07,8.7,6.22791561963919e-07
2722706,"Secundilactobacillus angelensis",9,6.46515450533989e-07,9.2,6.61971815843731e-07
2763662,"Yeguia hominis",9,6.46515450533989e-07,9.1,6.55608151875983e-07
2590157,"Klebsiella variicola",9,6.46515450533989e-07,13.8,9.87808031936134e-07
2888272,"Furfurilactobacillus milii",9,6.46515450533989e-07,10.5,7.54603076545516e-07
478749,"Marvinbryantia formatexigens",9,6.46515450533989e-07,9.3,6.68323404913651e-07
5083,"Penicillium canescens",9,6.46515450533989e-07,9.6,6.88536738019722e-07
106654,"Acinetobacter nosocomialis",9,6.46515450533989e-07,11.8,8.49722807848524e-07
1134781,"Methylopila musalis",9,6.46515450533989e-07,9.1,6.54885056477889e-07
1776391,"Romboutsia timonensis",9,6.46515450533989e-07,8.8,6.31273148441903e-07
1871033,"Olsenella urininfantis",9,6.46515450533989e-07,9.1,6.51655951052594e-07
1987501,"Massiliimalia timonensis",9,6.46515450533989e-07,9.8,7.02497716473369e-07
862515,"Hoylesella marshii",8,5.74680400474657e-07,5.3,3.79866192870211e-07
796942,"Stomatobaculum longum",8,5.74680400474657e-07,7.5,5.36777264584095e-07
1177185,"Bacillus siamensis",8,5.74680400474657e-07,8.6,6.17424167920153e-07
91492,"Aspergillus udagawae",8,5.74680400474657e-07,7.4,5.341314246993e-07
1714681,"Secundilactobacillus silagincola",8,5.74680400474657e-07,7.6,5.43056806189731e-07
2014742,"Vibrio tarriae",8,5.74680400474657e-07,8.9,6.36948623931853e-07
2605433,"Sphingobacterium phlebotomi",8,5.74680400474657e-07,8.8,6.35673995390708e-07
1341,"Streptococcus ratti",8,5.74680400474657e-07,7.8,5.61028947248708e-07
1615494,"Mixta intestinalis",8,5.74680400474657e-07,8.5,6.0990369181829e-07
2722702,"Salinimicrobium oceani",8,5.74680400474657e-07,7.6,5.44769030175667e-07
2779354,"Gemmiger gallinarum",8,5.74680400474657e-07,7.5,5.41900498584755e-07
2841504,"Dysosmobacter acutus",8,5.74680400474657e-07,7.6,5.46818315237676e-07
2909341,"Octadecabacter dasysiphoniae",8,5.74680400474657e-07,8,5.76614617259006e-07
2919913,"Shinella sedimenti",8,5.74680400474657e-07,9.1,6.5342124464823e-07
1633,"Limosilactobacillus vaginalis",8,5.74680400474657e-07,8.2,5.86799949910683e-07
2913504,"Corynebacterium yonathiae",8,5.74680400474657e-07,10.1,7.221855503795e-07
2662455,"Paraclostridium dentum",8,5.74680400474657e-07,7.7,5.52171001902751e-07
1745713,"Bariatricus massiliensis",8,5.74680400474657e-07,8.3,5.97443538854062e-07
1871030,"Merdibacter massiliensis",8,5.74680400474657e-07,8,5.73523796728441e-07
2941515,"Otoolea muris",8,5.74680400474657e-07,8.8,6.32432693870412e-07
1847728,"Companilactobacillus allii",7,5.02845350415325e-07,7.6,5.49091248137166e-07
2022662,"Superficieibacter electus",7,5.02845350415325e-07,7.2,5.18552965212727e-07
67774,"Neorhizobium huautlense",7,5.02845350415325e-07,7,5.02845387305135e-07
1655439,"Micromonospora craterilacus",7,5.02845350415325e-07,7,5.02845392589872e-07
242230,"Eggerthella sinensis",7,5.02845350415325e-07,7.2,5.16969415831277e-07
2582917,"Klebsiella indica",7,5.02845350415325e-07,8.2,5.86742315392659e-07
209559,"Aspergillus alliaceus",7,5.02845350415325e-07,7,5.02845392617986e-07
88233,"Lacticaseibacillus manihotivorans",7,5.02845350415325e-07,8.3,5.9273026813083e-07
1607,"Loigolactobacillus bifermentans",7,5.02845350415325e-07,7.6,5.44303581755797e-07
2736294,"Xylanibacter caecicola",7,5.02845350415325e-07,7.1,5.06708111692983e-07
2748684,"Ruoffia halotolerans",7,5.02845350415325e-07,6.6,4.71094485572446e-07
75553,"Aspergillus viridinutans",7,5.02845350415325e-07,7.1,5.10567325630653e-07
1411144,"Bacteroides caecigallinarum",7,5.02845350415325e-07,7.2,5.20370546403755e-07
2944914,"Allocoprobacillus halotolerans",7,5.02845350415325e-07,8.3,5.94596387771601e-07
688661,"Lichtheimia ornata",7,5.02845350415325e-07,5.4,3.86383924899593e-07
2996112,"Enterobacter pseudoroggenkampii",7,5.02845350415325e-07,7.1,5.1179748161982e-07
1737,"Paraclostridium tenue",7,5.02845350415325e-07,6.7,4.77786292659197e-07
1852387,"Streptococcus timonensis",7,5.02845350415325e-07,7.3,5.23866255024925e-07
1871019,"Enorma phocaeensis",7,5.02845350415325e-07,10,7.16551533524894e-07
2058292,"Aedoeadaptatus coli",7,5.02845350415325e-07,9.6,6.87744106229997e-07
2736608,"Streptococcus thalassemiae",7,5.02845350415325e-07,7.5,5.41253966119255e-07
326423,"Bacillus velezensis",6,4.31010300355993e-07,7.6,5.44434829792015e-07
290338,"Citrobacter koseri",6,4.31010300355993e-07,6.4,4.60194448348709e-07
284811,"Eremothecium gossypii",6,4.31010300355993e-07,6.3,4.49286999898743e-07
53442,"Eubacterium callanderi",6,4.31010300355993e-07,6.2,4.43243405583445e-07
1045004,"Oenococcus kitaharae",6,4.31010300355993e-07,6.4,4.60600512597535e-07
1139219,"Enterococcus dispar",6,4.31010300355993e-07,6.8,4.87725965834928e-07
1255705,"Bavariicoccus seileri",6,4.31010300355993e-07,7.8,5.61158619552084e-07
161899,"Corynebacterium singulare",6,4.31010300355993e-07,6.4,4.57610161098443e-07
1194083,"Nostocoides japonicum",6,4.31010300355993e-07,6,4.31966326751783e-07
1673722,"Actinomyces ihuae",6,4.31010300355993e-07,6,4.3101457195557e-07
1871111,"Acinetobacter defluvii",6,4.31010300355993e-07,5.3,3.77542852566455e-07
1433513,"Streptococcus gwangjuensis",6,4.31010300355993e-07,6.2,4.42913423204721e-07
2528966,"Brachyspira catarrhinii",6,4.31010300355993e-07,6.2,4.47423608902012e-07
2749962,"Pseudolactococcus paracarnosus",6,4.31010300355993e-07,6.4,4.58899682761226e-07
1600,"Lactobacillus acetotolerans",6,4.31010300355993e-07,6.1,4.35687946098914e-07
2606709,"Baileyella intestinalis",6,4.31010300355993e-07,6.7,4.81860898838456e-07
121627,"Talaromyces rugulosus",6,4.31010300355993e-07,6.1,4.37813770689765e-07
2779351,"Claveliimonas monacensis",6,4.31010300355993e-07,6.4,4.62302640338538e-07
2784388,"Clostridium vitabionis",6,4.31010300355993e-07,6.3,4.51328171533739e-07
1871024,"Mordavella massiliensis",6,4.31010300355993e-07,6.2,4.48186626428794e-07
2587529,"Klebsiella pasteurii",6,4.31010300355993e-07,7,5.03849374322223e-07
3044279,"Massilia hydrophila",6,4.31010300355993e-07,6,4.31010331317641e-07
2026187,"Bacillus pacificus",6,4.31010300355993e-07,8.7,6.24667326856714e-07
208224,"Enterobacter kobei",6,4.31010300355993e-07,6,4.34023280501355e-07
1505757,"Siccibacter colletis",6,4.31010300355993e-07,6.1,4.38813168646298e-07
1005665,"Kosakonia oryzendophytica",6,4.31010300355993e-07,6,4.32185732144672e-07
2871169,"Stenotrophomonas forensis",6,4.31010300355993e-07,6.1,4.4066000656393e-07
638574,"Nonomuraea rosea",6,4.31010300355993e-07,6,4.3180557568035e-07
427369,"Streptomonospora halophila",6,4.31010300355993e-07,6,4.32311323501114e-07
3085167,"Segatella sinensis",6,4.31010300355993e-07,6,4.31737511745107e-07
152335,"Paucilactobacillus suebicus",6,4.31010300355993e-07,5.6,4.01322716388008e-07
2797505,"Enterobacter vonholyi",6,4.31010300355993e-07,6.2,4.4535552419956e-07
3342829,"Providencia zhejiangensis",6,4.31010300355993e-07,10,7.16547937626682e-07
1715645,"Paracoccus mangrovi",6,4.31010300355993e-07,6.7,4.80144244344819e-07
3238988,"Enterococcus hailinensis",6,4.31010300355993e-07,5.9,4.25415702044032e-07
3367746,"Aeromonas sp. A-5",6,4.31010300355993e-07,6.5,4.63797376835228e-07
3058402,"Terrisporobacter vanillatitrophus",6,4.31010300355993e-07,5.5,3.92203152711175e-07
1841855,"Bacteroides bouchesdurhonensis",6,4.31010300355993e-07,7.5,5.40026793974332e-07
1349,"Streptococcus uberis",6,4.31010300355993e-07,6,4.31014071155801e-07
535290,"Legionella nagasakiensis",6,4.31010300355993e-07,6.1,4.39620991954551e-07
2941517,"Hominisplanchenecus murintestinalis",6,4.31010300355993e-07,6.4,4.62544312436667e-07
1775926,"Lodderomyces beijingensis",6,4.31010300355993e-07,6.3,4.50580495155613e-07
610130,"Lacrimispora saccharolytica",5,3.59175250296661e-07,5.1,3.6796552407015e-07
633415,"Aeromonas sanarellii",5,3.59175250296661e-07,4.9,3.52223700927936e-07
1423780,"Lentilactobacillus otakiensis",5,3.59175250296661e-07,6.9,4.98820595680646e-07
1423730,"Lacticaseibacillus camelliae",5,3.59175250296661e-07,5,3.59219282013981e-07
240427,"Secundilactobacillus paracollinoides",5,3.59175250296661e-07,5.4,3.88914999272651e-07
41047,"Aspergillus thermomutatus",5,3.59175250296661e-07,5.4,3.86891060656671e-07
2024554,"Virgibacillus indicus",5,3.59175250296661e-07,5,3.59665117041828e-07
1448321,"Aspergillus heteromorphus",5,3.59175250296661e-07,7.4,5.31420876925311e-07
1096246,"Hungatella effluvii",5,3.59175250296661e-07,5.1,3.65573495881835e-07
2249428,"Aliidiomarina celeris",5,3.59175250296661e-07,5.3,3.83953908298172e-07
2056311,"Algoriphagus lacus",5,3.59175250296661e-07,5.1,3.66838044306724e-07
1300307,"Mesorhizobium waimense",5,3.59175250296661e-07,5,3.59176670591576e-07
2316736,"Corallococcus exercitus",5,3.59175250296661e-07,5,3.5997094890979e-07
105984,"Apiotrichum porosum",5,3.59175250296661e-07,5,3.59175283242344e-07
1457217,"Lactiplantibacillus plajomi",5,3.59175250296661e-07,5.4,3.84458123145782e-07
2605638,"Bradyrhizobium hipponense",5,3.59175250296661e-07,6.2,4.43671299920467e-07
1202713,"Paenalcaligenes suwonensis",5,3.59175250296661e-07,5.4,3.87268047244389e-07
2736289,"Xylanibacter rodentium",5,3.59175250296661e-07,5.1,3.63567266836722e-07
237576,"Oribacterium sinus",5,3.59175250296661e-07,5,3.61481372102178e-07
61016,"Virgibacillus salexigens",5,3.59175250296661e-07,5,3.59342802087844e-07
2773426,"Nocardioides malaquae",5,3.59175250296661e-07,5,3.59175285625854e-07
2850322,"Diplocloster modestus",5,3.59175250296661e-07,5,3.6078681710534e-07
2834437,"Bifidobacterium miconisargentati",5,3.59175250296661e-07,5.2,3.70053764841435e-07
1406906,"Leuconostoc rapi",5,3.59175250296661e-07,4.6,3.33447401054118e-07
651,"Aeromonas media",5,3.59175250296661e-07,5.5,3.97184772474917e-07
2981722,"Porcipelethomonas ammoniilytica",5,3.59175250296661e-07,5,3.59995496576772e-07
2994648,"Enterobacter nematophilus",5,3.59175250296661e-07,5,3.62057432715203e-07
69789,"Penicillium soppii",5,3.59175250296661e-07,4.8,3.42571786290374e-07
3032125,"Neopoerus faecalis",5,3.59175250296661e-07,5.2,3.73356368555434e-07
1481663,"Vibrio metoecus",5,3.59175250296661e-07,5,3.56010419319869e-07
3068307,"Lacticaseibacillus zeae",5,3.59175250296661e-07,5.1,3.65841186164434e-07
1653434,"Sellimonas intestinalis",5,3.59175250296661e-07,5,3.59338658311786e-07
948519,"Aeromonas rivipollensis",5,3.59175250296661e-07,5.6,4.03443554569381e-07
745365,"Pisciglobus halotolerans",5,3.59175250296661e-07,4.3,3.10667073993689e-07
2024197,"Bacteroides cutis",5,3.59175250296661e-07,5.5,3.93403496791231e-07
192222,"Campylobacter jejuni",4,2.87340200237329e-07,4,2.881506653273e-07
510516,"Aspergillus oryzae",4,2.87340200237329e-07,4.9,3.49377627480748e-07
435830,"Actinomyces graevenitzii",4,2.87340200237329e-07,3.9,2.8012588048908e-07
1233099,"Clostridium tunisiense",4,2.87340200237329e-07,4,2.87340220878428e-07
29372,"Clostridium thermobutyricum",4,2.87340200237329e-07,4,2.87340220878428e-07
1123312,"Streptococcus ovis",4,2.87340200237329e-07,4,2.87340220979676e-07
1121275,"Chitinilyticum aquatile",4,2.87340200237329e-07,5.4,3.85704856930573e-07
880074,"Barnesiella viscericola",4,2.87340200237329e-07,4,2.88223216682543e-07
1401079,"Mogibacterium timidum",4,2.87340200237329e-07,4,2.89107511848435e-07
27334,"Penicillium expansum",4,2.87340200237329e-07,3.6,2.57520698326323e-07
1437603,"Bifidobacterium mongoliense",4,2.87340200237329e-07,4.2,3.05002440689437e-07
348802,"Exophiala xenobiotica",4,2.87340200237329e-07,3.5,2.51841783050287e-07
1505,"Paraclostridium sordellii",4,2.87340200237329e-07,4.7,3.36040662084808e-07
1670446,"Lactiplantibacillus herbarum",4,2.87340200237329e-07,4.2,3.01224287093618e-07
1835702,"Penicillium arizonense",4,2.87340200237329e-07,4.7,3.35043683443493e-07
485602,"Actinophytocola xinjiangensis",4,2.87340200237329e-07,5.7,4.09570119546405e-07
641665,"Colwellia chukchiensis",4,2.87340200237329e-07,3.8,2.73008535538409e-07
501571,"Butyricicoccus pullicaecorum",4,2.87340200237329e-07,4.1,2.92337344253076e-07
2020948,"Romboutsia maritimum",4,2.87340200237329e-07,4,2.87341561892091e-07
1006623,"Aeromonas cavernicola",4,2.87340200237329e-07,4,2.90523442590652e-07
2093828,"Neorhizobium tomejilense",4,2.87340200237329e-07,4,2.87340221496919e-07
2219045,"Confluentibacter sediminis",4,2.87340200237329e-07,4,2.87340270976876e-07
2026339,"Oceanibium sediminis",4,2.87340200237329e-07,5.6,4.00387349766187e-07
61171,"Holdemania filiformis",4,2.87340200237329e-07,4.1,2.92207895221533e-07
2486003,"Companilactobacillus keshanensis",4,2.87340200237329e-07,5.4,3.90501413115671e-07
2486016,"Loigolactobacillus jiayinensis",4,2.87340200237329e-07,5.7,4.11438436130291e-07
2485997,"Agrilactobacillus yilanensis",4,2.87340200237329e-07,4.3,3.05525483972672e-07
665913,"Mixta calida",4,2.87340200237329e-07,4.5,3.22950252606921e-07
2797506,"Enterobacter dykesii",4,2.87340200237329e-07,4.6,3.27458985386287e-07
2668065,"Lacticaseibacillus zhaodongensis",4,2.87340200237329e-07,4.2,3.01552454336409e-07
2606635,"Waltera intestinalis",4,2.87340200237329e-07,4,2.88148516297205e-07
1331689,"Ursidibacter maritimus",4,2.87340200237329e-07,4,2.87340221491818e-07
1366,"Pseudolactococcus raffinolactis",4,2.87340200237329e-07,4.3,3.05853351510635e-07
2716335,"Falsiroseomonas selenitidurans",4,2.87340200237329e-07,4,2.87432002066189e-07
2292255,"Levilactobacillus suantsaii",4,2.87340200237329e-07,8.9,6.42909829384957e-07
1485586,"Streptomyces calidiresistens",4,2.87340200237329e-07,4,2.87508138297698e-07
2763658,"Ligaoa zhengdingensis",4,2.87340200237329e-07,4.9,3.50475638602184e-07
1398493,"Pseudocitrobacter faecalis",4,2.87340200237329e-07,5.5,3.95213395906126e-07
2080838,"Lelliottia aquatilis",4,2.87340200237329e-07,4,2.87396431005929e-07
1517512,"Aspergillus pseudoviridinutans",4,2.87340200237329e-07,4.1,2.97048744949845e-07
434464,"Leuconostoc holzapfelii",4,2.87340200237329e-07,5.1,3.66732856343586e-07
2892325,"Pseudomonas sputi",4,2.87340200237329e-07,4,2.88900178238757e-07
2926467,"Leclercia tamurae",4,2.87340200237329e-07,3.9,2.77741736678838e-07
2939450,"Brenneria izbisi",4,2.87340200237329e-07,4,2.8746287865154e-07
3035284,"Prevotella sp. B2-R-102",4,2.87340200237329e-07,3.5,2.53060551031783e-07
54291,"Raoultella ornithinolytica",4,2.87340200237329e-07,4.2,3.03561642549014e-07
1550,"Clostridium subterminale",4,2.87340200237329e-07,4.3,3.06687161429904e-07
3133091,"unknown genome; accession ID isNZ_JBBMER010000008.1",4,2.87340200237329e-07,4,2.87350485956339e-07
2725494,"Kluyvera sichuanensis",4,2.87340200237329e-07,4.4,3.14793341874643e-07
NA,"unknown genome; accession ID isNZ_DAWEQI010000062.1",4,2.87340200237329e-07,4,2.87340689259869e-07
2897707,"Merdimmobilis hominis",4,2.87340200237329e-07,4,2.87346984357409e-07
1526,"[Clostridium] aminophilum",4,2.87340200237329e-07,3.6,2.57828053625665e-07
764298,"Streptococcus macacae",4,2.87340200237329e-07,4,2.87340887712612e-07
1288121,"Alistipes senegalensis",4,2.87340200237329e-07,4.1,2.96942407188357e-07
5855,"Plasmodium vivax",3,2.15505150177996e-07,4,2.86919202339574e-07
150340,"Vibrio antiquarius",3,2.15505150177996e-07,2.9,2.08981437217328e-07
445971,"Anaerofustis stercorihominis",3,2.15505150177996e-07,3,2.15505165752128e-07
169963,"Listeria monocytogenes",3,2.15505150177996e-07,3,2.15505165658821e-07
1121096,"Bacteroides gallinarum",3,2.15505150177996e-07,3,2.16892108147071e-07
1123304,"Streptococcus henryi",3,2.15505150177996e-07,4.1,2.95628657671023e-07
1413187,"Lactiplantibacillus fabifermentans",3,2.15505150177996e-07,3.2,2.27106644775502e-07
1501230,"Paenibacillus tyrfis",3,2.15505150177996e-07,3.2,2.33189768160632e-07
78343,"Bifidobacterium boum",3,2.15505150177996e-07,3.1,2.22398938688501e-07
2558042,"Pectobacterium fontis",3,2.15505150177996e-07,3,2.16673989296959e-07
212818,"Exophiala mesophila",3,2.15505150177996e-07,3.5,2.51003726539274e-07
312540,"Acidiplasma cupricumulans",3,2.15505150177996e-07,3,2.15505182950059e-07
652,"Aeromonas schubertii",3,2.15505150177996e-07,3.2,2.28673273975538e-07
28113,"Bacteroides heparinolyticus",3,2.15505150177996e-07,3,2.16993205662388e-07
114527,"Mogibacterium diversum",3,2.15505150177996e-07,3,2.15702990378044e-07
1448315,"Aspergillus uvarum",3,2.15505150177996e-07,3,2.15505193029667e-07
2184082,"Marinifilum breve",3,2.15505150177996e-07,4.1,2.97316530057098e-07
2070368,"Nonomuraea aridisoli",3,2.15505150177996e-07,3,2.15505171044114e-07
2486022,"Levilactobacillus fuyuanensis",3,2.15505150177996e-07,3.8,2.70386853155896e-07
271096,"Shewanella canadensis",3,2.15505150177996e-07,3,2.12169544298288e-07
2485123,"Photobacterium chitinilyticum",3,2.15505150177996e-07,3,2.18756890163093e-07
466109,"Biostraticola tofi",3,2.15505150177996e-07,3.1,2.19671304875423e-07
2518605,"Segatella hominis",3,2.15505150177996e-07,3.7,2.64570633245668e-07
2487722,"Levilactobacillus suantsaiihabitans",3,2.15505150177996e-07,4.2,3.02922939674643e-07
2487723,"Companilactobacillus suantsaicola",3,2.15505150177996e-07,2.3,1.62167740262474e-07
1283,"Staphylococcus haemolyticus",3,2.15505150177996e-07,2.9,2.10593890170015e-07
2590031,"Affinibrenneria salicis",3,2.15505150177996e-07,3,2.15505165658821e-07
2597702,"Serratia rhizosphaerae",3,2.15505150177996e-07,3,2.16716814477033e-07
393006,"Tamlana crocina",3,2.15505150177996e-07,3.6,2.56360582196928e-07
2675325,"Bifidobacterium erythrocebi",3,2.15505150177996e-07,3,2.15505478770046e-07
572010,"Slackia isoflavoniconvertens",3,2.15505150177996e-07,3.4,2.46839658338538e-07
2763048,"Flintibacter hominis",3,2.15505150177996e-07,3.2,2.30693695165407e-07
2763669,"Qiania dongpingensis",3,2.15505150177996e-07,3.4,2.44534527704007e-07
2763667,"Wansuia hejianensis",3,2.15505150177996e-07,3.3,2.36528931012293e-07
67324,"Streptomyces massasporeus",3,2.15505150177996e-07,3.3,2.3532203381196e-07
1932,"Streptomyces tendae",3,2.15505150177996e-07,2.8,2.02890690685762e-07
2751153,"Coprobacter secundus",3,2.15505150177996e-07,3.2,2.30434339666648e-07
483206,"Mesorhizobium caraganae",3,2.15505150177996e-07,3,2.1550884541816e-07
1544696,"Rosenbergiella australiborealis",3,2.15505150177996e-07,2.7,1.93327860237741e-07
2834432,"Bifidobacterium pongonis",3,2.15505150177996e-07,3,2.15505366575409e-07
2864872,"Shewanella nanhaiensis",3,2.15505150177996e-07,2.9,2.08643247151928e-07
574930,"Parabacteroides gordonii",3,2.15505150177996e-07,2.9,2.09153520406827e-07
2897706,"Acidaminococcus hominis",3,2.15505150177996e-07,3,2.15506136408094e-07
181014,"Alternaria ethzedia",3,2.15505150177996e-07,3,2.15923330034858e-07
1234842,"Mucilaginibacter phenanthrenivorans",3,2.15505150177996e-07,3.6,2.56904475177963e-07
2983392,"Bacillus pretiosus",3,2.15505150177996e-07,3,2.17081630730561e-07
105751,"Aeromonas bestiarum",3,2.15505150177996e-07,3.1,2.24887336357386e-07
1368474,"Romboutsia sedimentorum",3,2.15505150177996e-07,2.7,1.94848545099276e-07
1522312,"Kingella negevensis",3,2.15505150177996e-07,3.2,2.26595939077925e-07
2758443,"Mixta mediterraneensis",3,2.15505150177996e-07,4,2.84868727196439e-07
2559925,"Enterococcus dongliensis",3,2.15505150177996e-07,4.4,3.18214748296677e-07
2726955,"Pantoea nemavictus",3,2.15505150177996e-07,4.7,3.34808288364588e-07
70856,"Aeromonas popoffii",3,2.15505150177996e-07,2.8,1.98541309737821e-07
3133091,"unknown genome; accession ID isNZ_JBBMER010000005.1",3,2.15505150177996e-07,3,2.15517707748653e-07
3376993,"Vescimonas sanitatis",3,2.15505150177996e-07,3,2.15761727320767e-07
1115758,"Romboutsia ilealis",3,2.15505150177996e-07,3.8,2.73698678016083e-07
1944636,"Parabacteroides provencensis",3,2.15505150177996e-07,3.2,2.27379414640721e-07
33031,"Peptoniphilus lacrimalis",3,2.15505150177996e-07,3.1,2.25099001061171e-07
1276936,"Staphylococcus petrasii",3,2.15505150177996e-07,2.5,1.8077398138261e-07
NA,"unknown genome; accession ID isNZ_CAJYCN010000015.1",3,2.15505150177996e-07,3,2.16675481190072e-07
435258,"Leishmania infantum",2,1.43670100118664e-07,2,1.43670110439214e-07
382638,"Helicobacter acinonychis",2,1.43670100118664e-07,2,1.46723612540003e-07
796943,"Oribacterium parvum",2,1.43670100118664e-07,2.8,2.01023139703818e-07
1095749,"Pasteurella bettyae",2,1.43670100118664e-07,2,1.46046287317102e-07
868129,"Prevotella bivia",2,1.43670100118664e-07,2.4,1.69863758387609e-07
1163407,"Rhodanobacter spathiphylli",2,1.43670100118664e-07,2,1.43670110439214e-07
742726,"Barnesiella intestinihominis",2,1.43670100118664e-07,2.1,1.5104861848177e-07
1118060,"Enorma massiliensis",2,1.43670100118664e-07,2.7,1.9469389565538e-07
280463,"Emiliania huxleyi",2,1.43670100118664e-07,2,1.43670110439214e-07
1121109,"Bifidobacterium minimum",2,1.43670100118664e-07,2.7,1.93632004834543e-07
1123359,"Tetragenococcus muriaticus",2,1.43670100118664e-07,2.2,1.59922646267837e-07
5802,"Eimeria tenella",2,1.43670100118664e-07,2.3,1.66719984012435e-07
1449338,"Carnobacterium gallinarum",2,1.43670100118664e-07,2.3,1.68454160038637e-07
796334,"Erwinia oleae",2,1.43670100118664e-07,2,1.45184640065836e-07
600645,"Aeromonas piscicola",2,1.43670100118664e-07,2.4,1.71103579342364e-07
1423766,"Lentilactobacillus kisonensis",2,1.43670100118664e-07,3.1,2.19943277762447e-07
1423753,"Levilactobacillus hammesii",2,1.43670100118664e-07,2.1,1.51366234365553e-07
1423767,"Lactobacillus kitasatonis",2,1.43670100118664e-07,2,1.43832088865071e-07
36847,"Anaerotignum neopropionicum",2,1.43670100118664e-07,2,1.46759307706164e-07
1348632,"Pseudolactococcus plantarum",2,1.43670100118664e-07,2.1,1.48917152203116e-07
2049356,"Monocercomonoides exilis",2,1.43670100118664e-07,2,1.43670110439214e-07
1871336,"Criibacterium bergeronii",2,1.43670100118664e-07,2,1.45367695093715e-07
252393,"Candidatus Erwinia dacicola",2,1.43670100118664e-07,2,1.43670110448347e-07
1432052,"Eisenbergiella tayi",2,1.43670100118664e-07,2.4,1.74802193866741e-07
2026190,"Bacillus mobilis",2,1.43670100118664e-07,1.9,1.34822818777243e-07
1631871,"Weissella jogaejeotgali",2,1.43670100118664e-07,2.2,1.5459108581332e-07
392416,"Companilactobacillus crustorum",2,1.43670100118664e-07,2,1.44276991198156e-07
1768210,"Vagococcus martis",2,1.43670100118664e-07,2.3,1.68743567147257e-07
225992,"Comamonas kerstersii",2,1.43670100118664e-07,2.3,1.67878148617198e-07
52242,"Lactobacillus gallinarum",2,1.43670100118664e-07,2.3,1.65890872350328e-07
1905142,"Amycolatopsis vastitatis",2,1.43670100118664e-07,2,1.43687094965399e-07
2024555,"Virgibacillus profundi",2,1.43670100118664e-07,2,1.43670199982412e-07
1122154,"Pseudolactococcus chungangensis",2,1.43670100118664e-07,2.1,1.4857930874563e-07
214473,"Staphylococcus nepalensis",2,1.43670100118664e-07,1.8,1.25872566345837e-07
361854,"Bifidobacterium parmae",2,1.43670100118664e-07,2.6,1.8722316109878e-07
665914,"Mixta gaviniae",2,1.43670100118664e-07,2.2,1.6036498910554e-07
2173853,"Streptococcus chenjunshii",2,1.43670100118664e-07,2.4,1.7321337321396e-07
471189,"Gordonibacter pamelaeae",2,1.43670100118664e-07,2,1.44091285189818e-07
2496871,"Piscinibacter terrae",2,1.43670100118664e-07,2.9,2.07884748871007e-07
2487118,"Intestinibaculum porci",2,1.43670100118664e-07,2.8,2.02966536960526e-07
1267156,"Loigolactobacillus iwatensis",2,1.43670100118664e-07,3.2,2.27344854593291e-07
67829,"Citrobacter murliniae",2,1.43670100118664e-07,2.1,1.52795299366417e-07
33898,"Streptomyces galbus",2,1.43670100118664e-07,2,1.43670110439214e-07
180434,"Morganella morganii",2,1.43670100118664e-07,2,1.43670110439214e-07
1246,"Leuconostoc lactis",2,1.43670100118664e-07,2.6,1.88869833160124e-07
283686,"Kosakonia radicincitans",2,1.43670100118664e-07,2,1.46828699295382e-07
2607660,"Nocardioides humilatus",2,1.43670100118664e-07,2.4,1.74278278328753e-07
1512,"[Clostridium] symbiosum",2,1.43670100118664e-07,2,1.43710460027444e-07
5059,"Aspergillus flavus",2,1.43670100118664e-07,2.1,1.48226155882029e-07
1944635,"Sutterella seckii",2,1.43670100118664e-07,2,1.43670110439214e-07
1868794,"Jeotgalibaca arthritidis",2,1.43670100118664e-07,2.1,1.51896959459174e-07
1070421,"Periweissella fabalis",2,1.43670100118664e-07,2,1.43670361483469e-07
2722820,"Actinomyces faecalis",2,1.43670100118664e-07,2,1.43676796196898e-07
2755051,"Variimorphobacter saccharofermentans",2,1.43670100118664e-07,1.8,1.31218369693246e-07
2763036,"Clostridium hominis",2,1.43670100118664e-07,2.4,1.68956305254746e-07
2763013,"Agathobaculum faecis",2,1.43670100118664e-07,2.4,1.72654040570574e-07
66370,"Streptomyces flaveus",2,1.43670100118664e-07,1.6,1.11418993352176e-07
103732,"Lentzea flava",2,1.43670100118664e-07,2.2,1.55324098454186e-07
2478750,"Botrytis deweyae",2,1.43670100118664e-07,2,1.43670110439214e-07
2779518,"Blautia liquoris",2,1.43670100118664e-07,2,1.44339871872572e-07
2740579,"Streptococcus vicugnae",2,1.43670100118664e-07,2,1.43675396733555e-07
2791986,"Limnobaculum allomyrinae",2,1.43670100118664e-07,2,1.43670110439214e-07
387090,"Phocaeicola coprophilus",2,1.43670100118664e-07,2.3,1.65882956795322e-07
1748967,"Citrobacter cronae",2,1.43670100118664e-07,2,1.44357397721334e-07
762210,"Bifidobacterium saguini",2,1.43670100118664e-07,4.2,2.99392932158889e-07
2068655,"Novisyntrophococcus fermenticellae",2,1.43670100118664e-07,2.1,1.49005100307272e-07
1465809,"Clostridium senegalense",2,1.43670100118664e-07,1.5,1.09128419379089e-07
2750816,"Streptomyces sp. A108",2,1.43670100118664e-07,2.2,1.60263306784766e-07
2834431,"Bifidobacterium phasiani",2,1.43670100118664e-07,2.1,1.50733870099587e-07
1166683,"Rhizobium cauense",2,1.43670100118664e-07,2,1.43670111067522e-07
69218,"Enterobacter cancerogenus",2,1.43670100118664e-07,2.2,1.54799017508689e-07
1378263,"Ogataea philodendri",2,1.43670100118664e-07,1.8,1.26133603507589e-07
1263550,"Edwardsiella piscicida",2,1.43670100118664e-07,2,1.46283345568772e-07
2703885,"Rahnella aceris",2,1.43670100118664e-07,2,1.43670170886321e-07
698441,"Drepanopeziza brunnea",2,1.43670100118664e-07,2,1.43670110439214e-07
2949651,"Parabacteroides sp. TA-V-105",2,1.43670100118664e-07,2.5,1.80759006526038e-07
1187925,"Alternaria hordeiaustralica",2,1.43670100118664e-07,2,1.43670110439214e-07
2963283,"Stenotrophomonas muris",2,1.43670100118664e-07,2,1.43980656526188e-07
2926519,"Scandinavium hiltneri",2,1.43670100118664e-07,2.2,1.60723175382019e-07
3025672,"Lacticaseibacillus pabuli",2,1.43670100118664e-07,2.5,1.8070213774232e-07
293559,"Penicillium concentricum",2,1.43670100118664e-07,2.9,2.10192856514465e-07
2053367,"Citroniella saccharovorans",2,1.43670100118664e-07,2.4,1.71186535538372e-07
3108533,"Anaerofustis butyriciformans",2,1.43670100118664e-07,2.3,1.6838093101943e-07
414052,"Caenispirillum bisanense",2,1.43670100118664e-07,2,1.43704548387684e-07
1805714,"Christensenella massiliensis",2,1.43670100118664e-07,2.2,1.57752199570331e-07
3229854,"Bacillus maqinnsis",2,1.43670100118664e-07,2,1.43670110439214e-07
165758,"Streptococcus gallinaceus",2,1.43670100118664e-07,2,1.43697156331383e-07
74703,"Staphylococcus capitis",2,1.43670100118664e-07,2.5,1.77979792551036e-07
5088,"Thermoascus crustaceus",2,1.43670100118664e-07,2,1.43670110668296e-07
3349163,"Streptococcus hepaticus",2,1.43670100118664e-07,2.1,1.48366592136141e-07
1810928,"Aspergillus undulatus",2,1.43670100118664e-07,2,1.43874671392617e-07
285070,"Petrimonas sulfuriphila",2,1.43670100118664e-07,2,1.43670110439214e-07
1841857,"Culturomica massiliensis",2,1.43670100118664e-07,2,1.46115738050058e-07
1870991,"Massilioclostridium coli",2,1.43670100118664e-07,2.4,1.69172353662307e-07
1776387,"Peptoniphilus raoultii",2,1.43670100118664e-07,2.1,1.54297611106866e-07
1745712,"Anaerococcus urinomassiliensis",2,1.43670100118664e-07,2.5,1.77770989522494e-07
1986155,"Staphylococcus cornubiensis",2,1.43670100118664e-07,2,1.4367011152784e-07
1970790,"[Lactobacillus] timonensis",2,1.43670100118664e-07,2.3,1.62799091556036e-07
674,"Vibrio mimicus",2,1.43670100118664e-07,2.2,1.57407138339895e-07
224308,"Bacillus subtilis",1,7.18350500593322e-08,1,7.28266962872666e-08
380703,"Aeromonas hydrophila",1,7.18350500593322e-08,1.4,1.00872339455948e-07
699246,"Mageeibacillus indolicus",1,7.18350500593322e-08,1.5,1.07886221288471e-07
592026,"Catonella morbi",1,7.18350500593322e-08,1,7.33643988483752e-08
626523,"Shuttleworthella satelles",1,7.18350500593322e-08,1.2,8.55121643810531e-08
5888,"Paramecium tetraurelia",1,7.18350500593322e-08,1,7.18350552196069e-08
706434,"Megasphaera micronuciformis",1,7.18350500593322e-08,1,7.18405881942144e-08
637911,"Actinobacillus minor",1,7.18350500593322e-08,1.2,8.43460539404287e-08
110365,"Gregarina niphandrodes",1,7.18350500593322e-08,1,7.2031057914351e-08
885040,"Enterobacter soli",1,7.18350500593322e-08,1,7.18793530323474e-08
908937,"Prevotella dentalis",1,7.18350500593322e-08,1,7.18350557640436e-08
1229756,"Leuconostoc gelidum",1,7.18350500593322e-08,1.2,8.8003887215129e-08
1120978,"Allofustis seminis",1,7.18350500593322e-08,2.4,1.75568138305178e-07
1122217,"Megamonas rupellensis",1,7.18350500593322e-08,1,7.18372275962735e-08
1305764,"Pseudozyma hubeiensis",1,7.18350500593322e-08,0.6,4.46295652109083e-08
1121866,"Adlercreutzia mucosicola",1,7.18350500593322e-08,1,7.51827197170507e-08
1266845,"Carnobacterium inhibens",1,7.18350500593322e-08,1,7.53802856959172e-08
318464,"Clostridium sulfidigenes",1,7.18350500593322e-08,1.2,8.45812260002394e-08
176090,"Streptococcus sinensis",1,7.18350500593322e-08,1,7.18706124725841e-08
575,"Raoultella planticola",1,7.18350500593322e-08,1.2,8.95015779832374e-08
138074,"Serratia symbiotica",1,7.18350500593322e-08,1,7.43778969234599e-08
91928,"Exophiala spinifera",1,7.18350500593322e-08,1,7.18350552196069e-08
1150423,"Bifidobacterium dentium",1,7.18350500593322e-08,1,7.18366431604497e-08
1423792,"Schleiferilactobacillus perolens",1,7.18350500593322e-08,1,7.386346635904e-08
1423777,"Liquorilactobacillus oeni",1,7.18350500593322e-08,1.1,8.17838538228846e-08
1423725,"Liquorilactobacillus aquaticus",1,7.18350500593322e-08,1,7.18402190499409e-08
1299998,"Tractidigestivibacter scatoligenes",1,7.18350500593322e-08,1,7.18374823222354e-08
1223494,"Tetragenococcus solitarius",1,7.18350500593322e-08,1.4,9.82489737090291e-08
28035,"Staphylococcus lugdunensis",1,7.18350500593322e-08,1.5,1.07408559805782e-07
1813019,"Campylobacter hepaticus",1,7.18350500593322e-08,1,7.18350552196069e-08
1796616,"Blautia pseudococcoides",1,7.18350500593322e-08,1,7.19788504408203e-08
1712031,"Streptobacillus notomytis",1,7.18350500593322e-08,1,7.21641505692673e-08
2652292,"Hornefia porci",1,7.18350500593322e-08,1.6,1.12651609408036e-07
53336,"Tatumella citrea",1,7.18350500593322e-08,1,7.19185527832515e-08
1945581,"Chryseobacterium mucoviscidosis",1,7.18350500593322e-08,1,7.18352029024346e-08
1513592,"Colwellia marinimaniae",1,7.18350500593322e-08,1,7.18658807800849e-08
2020506,"Tetzosporium hominis",1,7.18350500593322e-08,1,7.18360041395991e-08
196024,"Aeromonas dhakensis",1,7.18350500593322e-08,1,7.4700308318834e-08
2042057,"Pectobacterium polaris",1,7.18350500593322e-08,1,7.18350552196069e-08
2109942,"Marinobacter fuscus",1,7.18350500593322e-08,1,7.22297147673159e-08
204038,"Dickeya dadantii",1,7.18350500593322e-08,1,7.39495092122555e-08
914327,"Metalysinibacillus jejuensis",1,7.18350500593322e-08,1.1,8.03655911991078e-08
67780,"Edwardsiella ictaluri",1,7.18350500593322e-08,1,7.18353977914528e-08
2059725,"Zobellella maritima",1,7.18350500593322e-08,1,7.18356664267464e-08
46507,"Ezakiella coagulans",1,7.18350500593322e-08,1.7,1.23006500031263e-07
1310,"Streptococcus sobrinus",1,7.18350500593322e-08,2,1.46931432090536e-07
1450535,"Aspergillus sclerotioniger",1,7.18350500593322e-08,1,7.4878903140251e-08
1448316,"Aspergillus ibericus",1,7.18350500593322e-08,1,7.1835108899489e-08
1450537,"Aspergillus homomorphus",1,7.18350500593322e-08,1,7.30793668823651e-08
1547597,"Sanguibacteroides justesenii",1,7.18350500593322e-08,1,7.3258781895346e-08
357240,"Franconibacter helveticus",1,7.18350500593322e-08,1,7.18361118007387e-08
2764322,"Hydrogeniiclostridium mannosilyticum",1,7.18350500593322e-08,1,7.19317212686763e-08
2290935,"Parabacteroides acidifaciens",1,7.18350500593322e-08,1,7.23561590695021e-08
225345,"Clostridium chromiireducens",1,7.18350500593322e-08,0.6,4.39222134756153e-08
1504,"Clostridium septicum",1,7.18350500593322e-08,1,7.18350552196069e-08
2364647,"Pantoea piersonii",1,7.18350500593322e-08,1,7.26162792094103e-08
2316731,"Corallococcus llansteffanensis",1,7.18350500593322e-08,1,7.18350560178825e-08
1616783,"Photobacterium salinisoli",1,7.18350500593322e-08,1,7.18350552196069e-08
1296539,"Lacticaseibacillus songhuajiangensis",1,7.18350500593322e-08,1.4,1.01744807393215e-07
2486019,"Levilactobacillus huananensis",1,7.18350500593322e-08,1,7.37885102773724e-08
2490633,"Streptococcus periodonticum",1,7.18350500593322e-08,1,7.18405546510709e-08
2487017,"Ancylomarina longa",1,7.18350500593322e-08,1,7.22346928288433e-08
411468,"[Clostridium] scindens",1,7.18350500593322e-08,1,7.46423647947315e-08
76832,"Myroides odoratimimus",1,7.18350500593322e-08,1.1,7.65141878574221e-08
2547833,"Palleronia sediminis",1,7.18350500593322e-08,1.1,7.85698772884206e-08
319942,"Staphylococcus croceilyticus",1,7.18350500593322e-08,1,7.33025557734579e-08
2528639,"Mariprofundus erugo",1,7.18350500593322e-08,1,7.18352385111097e-08
3088378,"Bacillus dicomae",1,7.18350500593322e-08,1,7.44107843341217e-08
2590453,"Myxococcus llanfairpwllgwyngyllgogerychwyrndrobwllllantysiliogogogochensis",1,7.18350500593322e-08,1,7.18352066695001e-08
61645,"Enterobacter asburiae",1,7.18350500593322e-08,1.1,7.92223223134402e-08
2582419,"Dialister hominis",1,7.18350500593322e-08,1,7.18350552196069e-08
1252,"Leuconostoc carnosum",1,7.18350500593322e-08,1.9,1.37549484268273e-07
2045439,"Bifidobacterium rousetti",1,7.18350500593322e-08,1.4,9.76441539605578e-08
1796610,"Adlercreutzia muris",1,7.18350500593322e-08,1.1,7.70969510240978e-08
1506151,"Aspergillus pseudonomiae",1,7.18350500593322e-08,1,7.18350696271161e-08
1857217,"Candidatus Enterococcus huntleyi",1,7.18350500593322e-08,2.4,1.72920887673242e-07
708087,"Cyclobacterium jeungdonense",1,7.18350500593322e-08,1,7.1837227360871e-08
50719,"Vibrio diabolicus",1,7.18350500593322e-08,1.1,7.88381248497601e-08
2527672,"Vibrio chemaguriensis",1,7.18350500593322e-08,1,7.19080206504189e-08
2731255,"Peptoniphilus faecalis",1,7.18350500593322e-08,1.5,1.05789316082777e-07
104628,"Helicobacter suis",1,7.18350500593322e-08,1,7.18350552196069e-08
472694,"Pantoea brenneri",1,7.18350500593322e-08,1,7.21700961865508e-08
818,"Bacteroides thetaiotaomicron",1,7.18350500593322e-08,1.1,8.24111257026331e-08
157792,"Halopseudomonas xiamenensis",1,7.18350500593322e-08,2.5,1.76787430411968e-07
2763677,"Zongyangia hominis",1,7.18350500593322e-08,1.1,8.05350592425544e-08
1751298,"Mangrovihabitans endophyticus",1,7.18350500593322e-08,1,7.19996237172594e-08
1256514,"Novosphingobium arvoryzae",1,7.18350500593322e-08,1,7.18350552196069e-08
1565040,"Limoniibacter endophyticus",1,7.18350500593322e-08,1,7.33701504168016e-08
2762213,"Phocaeicola faecium",1,7.18350500593322e-08,1,7.19567532423982e-08
1603886,"Bifidobacterium lemurum",1,7.18350500593322e-08,1,7.18350598807799e-08
77635,"Bifidobacterium subtile",1,7.18350500593322e-08,1.1,7.70738384966694e-08
2780922,"Solibaculum mannosilyticum",1,7.18350500593322e-08,1,7.30497343725111e-08
2773304,"Dyadobacter subterraneus",1,7.18350500593322e-08,1,7.18351180270236e-08
2781774,"Staphylococcus lloydii",1,7.18350500593322e-08,1.2,8.96327403187514e-08
93378,"Edwardsiella hoshinae",1,7.18350500593322e-08,1,7.22155456208452e-08
33968,"Leuconostoc pseudomesenteroides",1,7.18350500593322e-08,1,7.24263635057432e-08
2741333,"Staphylococcus caledonicus",1,7.18350500593322e-08,1,7.18356018721939e-08
2765363,"Corynebacterium meridianum",1,7.18350500593322e-08,1,7.18350552196069e-08
382777,"Thiocapsa imhoffii",1,7.18350500593322e-08,1,7.18350608321171e-08
2799638,"Tenebrionibacter intestinalis",1,7.18350500593322e-08,1,7.20269918718758e-08
40545,"Sutterella wadsworthensis",1,7.18350500593322e-08,1.1,7.54297755704927e-08
1157498,"Micromonospora fiedleri",1,7.18350500593322e-08,1,7.18350552693377e-08
1816689,"Sutterella massiliensis",1,7.18350500593322e-08,1,7.24823035933503e-08
2230876,"Candidatus Vagococcus giribetii",1,7.18350500593322e-08,1.3,9.17804103382902e-08
1580590,"Leishmania martiniquensis",1,7.18350500593322e-08,1,7.18350552196069e-08
2817476,"Bacillus sanguinis",1,7.18350500593322e-08,1.8,1.32254589858072e-07
2834113,"Alistipes montrealensis",1,7.18350500593322e-08,1,7.18350578131685e-08
2697499,"Dietzia massiliensis",1,7.18350500593322e-08,1,7.45808354101408e-08
443226,"Coccidioides posadasii",1,7.18350500593322e-08,1,7.39345547956905e-08
2838947,"Enterobacter quasimori",1,7.18350500593322e-08,1,7.50901465484361e-08
2816249,"Rahnella rivi",1,7.18350500593322e-08,1,7.18386436342047e-08
2815733,"Tenebrionicola larvae",1,7.18350500593322e-08,1,7.23656934925316e-08
2834433,"Bifidobacterium saguinibicoloris",1,7.18350500593322e-08,1.6,1.12745167017658e-07
335017,"Rhizobium mesosinicum",1,7.18350500593322e-08,1,7.18350552928373e-08
501487,"Leuconostoc palmae",1,7.18350500593322e-08,1,7.19992600510494e-08
2785629,"Leclercia barmai",1,7.18350500593322e-08,1.2,8.37053669987257e-08
1490,"Paraclostridium bifermentans",1,7.18350500593322e-08,1.1,7.71559946939677e-08
29489,"Aeromonas enteropelogenes",1,7.18350500593322e-08,1,7.48960553108163e-08
35703,"Citrobacter amalonaticus",1,7.18350500593322e-08,1,7.29249124083176e-08
65700,"Erwinia tracheiphila",1,7.18350500593322e-08,1.3,9.56970177939446e-08
351091,"Oscillibacter valericigenes",1,7.18350500593322e-08,1,7.52911905958046e-08
401106,"Amycolatopsis tucumanensis",1,7.18350500593322e-08,1,7.18350579762016e-08
515560,"Shewanella electrica",1,7.18350500593322e-08,1,7.49118272775166e-08
1907662,"Raoultibacter timonensis",1,7.18350500593322e-08,1.1,8.17249258711155e-08
2932259,"Halobacillus amylolyticus",1,7.18350500593322e-08,1,7.18350748740565e-08
2715209,"Bacillus rugosus",1,7.18350500593322e-08,1,7.18364264148537e-08
938288,"Fenollaria massiliensis",1,7.18350500593322e-08,1,7.18687544669185e-08
NA,"unknown genome; accession ID isNZ_JAMOKX010000003.1",1,7.18350500593322e-08,1,7.19458929375512e-08
2951805,"Parabacteroides absconsus",1,7.18350500593322e-08,1,7.27717702848713e-08
566460,"Alternaria viburni",1,7.18350500593322e-08,1,7.18350552196069e-08
181017,"Alternaria conjuncta",1,7.18350500593322e-08,1,7.18350552196069e-08
45303,"Alternaria infectoria",1,7.18350500593322e-08,1,7.18357914701405e-08
255519,"Atlantibacter subterraneus",1,7.18350500593322e-08,1.1,7.86396231029668e-08
1337051,"Murimonas intestini",1,7.18350500593322e-08,1,7.32518255009761e-08
2925396,"Dryocola clanedunensis",1,7.18350500593322e-08,1,7.18350559378935e-08
2981780,"Bacteroides cellulolyticus",1,7.18350500593322e-08,1.1,7.85087165585755e-08
2981778,"Agathobaculum ammoniilyticum",1,7.18350500593322e-08,1,7.36482842058637e-08
2980099,"Paenalcaligenes faecalis",1,7.18350500593322e-08,1.8,1.27241470752867e-07
1964383,"Varibaculum timonense",1,7.18350500593322e-08,1.3,9.33798986329207e-08
5074,"Penicillium brevicompactum",1,7.18350500593322e-08,1,7.26078213479762e-08
1561947,"Penicillium longicatenatum",1,7.18350500593322e-08,1.1,7.60154578031355e-08
1002107,"Penicillium psychrosexuale",1,7.18350500593322e-08,1.1,7.61147319574639e-08
3028623,"Jeotgalibaca caeni",1,7.18350500593322e-08,1,7.41969843738735e-08
3027932,"Vibrio chanodichtyis",1,7.18350500593322e-08,1.1,7.79291827176257e-08
2054641,"Bacillus stercoris",1,7.18350500593322e-08,1,7.2804646541454e-08
1416943,"Liquorilactobacillus sicerae",1,7.18350500593322e-08,1.3,9.67530355695809e-08
3031993,"Enterococcus montenegrensis",1,7.18350500593322e-08,1,7.27865628447434e-08
51156,"Cadophora gregata",1,7.18350500593322e-08,1,7.18354191238083e-08
2041036,"Corynebacterium gottingense",1,7.18350500593322e-08,1.3,9.31313900081299e-08
3063998,"Helicobacter cappadocius",1,7.18350500593322e-08,1,7.18350552196069e-08
1795305,"Marimonas arenosa",1,7.18350500593322e-08,1,7.18350552196069e-08
2026188,"Bacillus tropicus",1,7.18350500593322e-08,1.1,7.64340394458049e-08
1460447,"Terrisporobacter petrolearius",1,7.18350500593322e-08,1.6,1.12582536366957e-07
1630542,"Alkalihalophilus lindianensis",1,7.18350500593322e-08,1,7.18350552196069e-08
1472416,"Butyricimonas faecihominis",1,7.18350500593322e-08,1,7.22383449206279e-08
3081441,"Lacticaseibacillus salsurivasis",1,7.18350500593322e-08,1,7.18502140611836e-08
2026193,"Bacillus nitratireducens",1,7.18350500593322e-08,1,7.21614223521838e-08
278026,"Arxiozyma heterogenica",1,7.18350500593322e-08,1,7.18350552196069e-08
3040939,"Raoultella lignicola",1,7.18350500593322e-08,1,7.2152786605941e-08
2963365,"Turicibacter faecis",1,7.18350500593322e-08,1,7.18965685797738e-08
1281486,"Lactococcus formosensis",1,7.18350500593322e-08,1.1,7.60865362472342e-08
2817477,"Bacillus paramobilis",1,7.18350500593322e-08,1.2,8.70651153600751e-08
66882,"Streptomyces cuspidosporus",1,7.18350500593322e-08,1,7.18350706273682e-08
111803,"Actinocorallia longicatena",1,7.18350500593322e-08,1.4,9.8601774452548e-08
3236804,"Leuconostoc aquikimchii",1,7.18350500593322e-08,1.3,9.31011397797605e-08
413502,"Cronobacter turicensis",1,7.18350500593322e-08,1.3,9.50877511167225e-08
3097367,"Actinomadura monticuli",1,7.18350500593322e-08,1,7.18350552196069e-08
283816,"Metabacillus herbersteinensis",1,7.18350500593322e-08,1,7.20407672958426e-08
741673,"Phaeospirillum tilakii",1,7.18350500593322e-08,1.2,8.53467461252951e-08
555791,"Staphylococcus massiliensis",1,7.18350500593322e-08,1.1,8.02376173411522e-08
357278,"Levilactobacillus parabrevis",1,7.18350500593322e-08,1.3,9.05827642230271e-08
2592333,"Sellimonas caecigallum",1,7.18350500593322e-08,1.1,7.95223510291091e-08
3136601,"Owariibacterium komagatae",1,7.18350500593322e-08,1.1,7.78849244880285e-08
3036942,"Bacillus shihchuchen",1,7.18350500593322e-08,1,7.43315008848876e-08
3390723,"Uniformispora flossi",1,7.18350500593322e-08,1,7.18350552196069e-08
433293,"Anaerotaenia torta",1,7.18350500593322e-08,1.2,8.80220522891176e-08
4781,"Plasmopara halstedii",1,7.18350500593322e-08,1,7.33202717740291e-08
1755099,"Pseudenterobacter timonensis",1,7.18350500593322e-08,1,7.38319173960015e-08
1816678,"Christensenella timonensis",1,7.18350500593322e-08,1.1,7.84831682638882e-08
1792290,"Marinomonas spartinae",1,7.18350500593322e-08,1,7.48829344827245e-08
38302,"Corynebacterium mycetoides",1,7.18350500593322e-08,1,7.18350552196069e-08
1122142,"Lachnobacterium bovis",1,7.18350500593322e-08,1,7.18435325088341e-08
1130080,"Alkalibacterium gilvum",1,7.18350500593322e-08,1.9,1.38797201979669e-07
1513892,"Rhodopseudomonas pseudopalustris",1,7.18350500593322e-08,1,7.18350552196069e-08
84698,"Clostridium frigidicarnis",1,7.18350500593322e-08,1.5,1.06376861274795e-07
1909670,"Gemella massiliensis",1,7.18350500593322e-08,1,7.18350552196069e-08
1723382,"Urinicoccus massiliensis",1,7.18350500593322e-08,1.2,8.44095619617826e-08
1841865,"Mediterranea massiliensis",1,7.18350500593322e-08,1.2,8.47446532064951e-08
1121025,"Atopostipes suicloacalis",1,7.18350500593322e-08,1.5,1.05385604028483e-07
1121306,"Clostridium collagenovorans",1,7.18350500593322e-08,1.9,1.35833504212982e-07
1121950,"Hespellia stercorisuis",1,7.18350500593322e-08,1.1,7.72183208339283e-08
42322,"Eubacterium ruminantium",1,7.18350500593322e-08,1,7.18354406578802e-08
1841868,"Provencibacterium massiliense",1,7.18350500593322e-08,1.3,8.99571915681132e-08
1836972,"Frankia canadensis",1,7.18350500593322e-08,1.6,1.15669102396374e-07
100174,"Clostridium peptidivorans",1,7.18350500593322e-08,1,7.1835071712235e-08
1340,"Streptococcus porcinus",1,7.18350500593322e-08,1,7.15682883688465e-08
150055,"Streptococcus lutetiensis",1,7.18350500593322e-08,1,7.23125577526261e-08
120017,"Ustilago hordei",1,7.18350500593322e-08,0.6,4.46295652109083e-08
1689270,"Intestinimonas timonensis",1,7.18350500593322e-08,1,7.48884752678585e-08
1660341,"Peptoniphilus catoniae",1,7.18350500593322e-08,1,7.18350552196069e-08
2831590,"Buttiauxella massiliensis",1,7.18350500593322e-08,1,7.18350552877641e-08
546,"Citrobacter freundii",1,7.18350500593322e-08,1,7.1842737089153e-08
2880704,"Duncaniella muricolitica",1,7.18350500593322e-08,1.2,8.55272516612783e-08
546157,"Periweissella fabaria",1,7.18350500593322e-08,1,7.46321667452188e-08
2941329,"Lactococcus ileimucosae",1,7.18350500593322e-08,1,7.18350552196069e-08
