"TaxonomyID","Genome","read_count","Proportion","readsEM","EMProportion"
762982,"Paraprevotella xylaniphila",1802432,0.128599623197807,1801014.1,0.128498474043094
818,"Bacteroides thetaiotaomicron",1563051,0.111520306807112,1562794.9,0.111502048103091
536633,"Blautia glucerasea",1308957,0.0933912497015877,1297826.2,0.092597101499803
1496,"Clostridioides difficile",844559,0.0602574572401715,844208.3,0.0602324472911972
1912855,"Faecalimonas umbilicata",843310,0.0601683437926883,843275.3,0.0601658780303295
1280689,"Clostridium paraputrificum",712510,0.0508360468104592,712878.6,0.0508623536893171
330879,"Aspergillus fumigatus",563528,0.0402065034694312,563524.6,0.0402062639702279
5068,"Aspergillus tubingensis",472383,0.0337035049339169,472049.4,0.0336797096932329
1108849,"Penicillium rubens",435764,0.031090818518074,435374.8,0.0310630518646711
649756,"Anaerostipes hadrus",392555,0.0280079498613069,392019.6,0.0279697566516042
626940,"Phascolarctobacterium succinatutens",365332,0.0260656477149214,365359.8,0.0260676378015505
99287,"Salmonella enterica",341560,0.0243695669514539,341558,0.024369425377616
88431,"Dorea longicatena",287547,0.0205158562717816,287925.1,0.0205428361724072
89153,"[Clostridium] hylemonae",285417,0.0203638853805572,285427.2,0.0203646127384887
411485,"Faecalibacterium prausnitzii",276030,0.0196941432416262,256650.8,0.0183114847195887
3030638,"Faecalibacterium taiwanense",271950,0.0194030440697034,275223.3,0.019636592021291
1196081,"Talaromyces amestolkiae",265395,0.0189353590030481,265395.5,0.0189354007215565
28116,"Bacteroides ovatus",250143,0.0178471618044781,225029.2,0.0160553456779445
2764323,"Catenibacterium faecis",196601,0.0140270559556821,194907.4,0.0139062238046478
585394,"Roseburia hominis",144782,0.0103298824287545,144375.1,0.0103008502759615
411459,"Blautia obeum",143577,0.0102439082860666,145791.5,0.0104019071812636
823,"Parabacteroides distasonis",122137,0.00871421067674707,121981.5,0.00870312024964882
272559,"Bacteroides fragilis",121254,0.0086512105373334,121671.6,0.00868100806805328
36911,"Clavispora lusitaniae",89632,0.00639504925925963,89632,0.00639505014396883
871665,"Blautia faecis",85684,0.00611336800172262,94280.6,0.00672671879494123
371601,"Bacteroides xylanisolvens",81404,0.00580799926254876,95578,0.00681928553251255
1121129,"Butyricimonas synergistica",73238,0.00522537283168575,73238.3,0.00522539736821362
3133156,"Faecalibacterium tardum",68135,0.00486128482327355,75600.6,0.00539394015257184
39491,"Agathobacter rectalis",68123,0.00486042864923848,68475.4,0.00488557010100687
44742,"Desulfovibrio fairfieldensis",63097,0.00450183442421797,63098.4,0.00450193277075676
2981792,"Oscillibacter acetigenes",56562,0.00403557631428779,56486.4,0.00403018169465353
2838470,"Candidatus Bacteroides intestinigallinarum",54040,0.00385563707125123,63334.3,0.00451876831123152
762968,"Paraprevotella clara",53843,0.00384158154750888,55650.6,0.0039705495104517
626937,"Christensenella minuta",43927,0.00313409640319861,43944.5,0.00313534809316734
1150298,"Fusicatenibacter saccharivorans",36052,0.00257223219268596,36196.3,0.002582530095714
1712515,"Butyricicoccus faecihominis",34851,0.00248654344134302,34563.8,0.00246605606350602
518634,"Bifidobacterium breve",32599,0.00232586811409546,32537.4,0.00232147407680077
116085,"Coprococcus catus",32370,0.00230952945959294,30638,0.00218595544351539
563192,"Bilophila wadsworthia",32198,0.00229725763175698,32196.6,0.00229715900458921
1169293,"Enterococcus faecalis",30955,0.0022085722712913,30955,0.00220857255252423
1841857,"Culturomica massiliensis",30836,0.00220008187877689,29977.4,0.00213882347633914
1507512,"Romboutsia hominis",29449,0.00210112242989041,29449,0.00210112512696592
1796635,"Longicatena caecimuris",29238,0.00208606803644048,29215.8,0.00208448551015137
3065809,"Lachnoanaerobaculum sanguinis",29104,0.00207650742638223,27653,0.0019729843488323
3133155,"Faecalibacterium intestinale",28774,0.00205296264041789,33303,0.00237609717361315
3133157,"Faecalibacterium faecis",26547,0.00189407100907673,28878.6,0.00206042294686348
2981782,"Blautia ammoniilytica",25906,0.00184833704603691,25003.7,0.00178396146262693
858893,"Exophiala dermatitidis",25789,0.001839989349195,25789,0.00183998961127363
674529,"Bacteroides faecis",23066,0.00164570919107108,22986.3,0.00164002037024154
2585117,"Alistipes onderdonkii",22062,0.00157407596347048,22105.3,0.00157716614129886
347253,"Streptococcus salivarius",21459,0.00153105321820837,21329.1,0.00152178795839864
742742,"Collinsella tanakaei",21277,0.00151806791200985,21277,0.00151806775468723
386585,"Escherichia coli",21235,0.00151507130288712,20906.2,0.00149161004998417
85831,"Bacteroides acidifaciens",20918,0.0014924540387941,17965.3,0.0012817823034956
1448317,"Aspergillus costaricensis",19368,0.00138186489259796,17513.5,0.00124955179950018
1354,"Enterococcus hirae",19242,0.00137287506522976,19242,0.00137287373599564
2981789,"Dorea amylophila",19067,0.00136038919388503,20438.7,0.00145825844214901
2949662,"Coprococcus sp. B2-R-112",19019,0.00135696449774477,18222.5,0.00130013683864027
820,"Bacteroides uniformis",18631,0.0013292815372776,17058.5,0.00121708411387689
3035606,"Catenibacterium mitsuokai",18317,0.00130687831669335,18328.8,0.00130771765452401
1870993,"Coprococcus phoceensis",18218,0.00129981488090405,17855.2,0.0012739290690734
5480,"Candida parapsilosis",17950,0.00128069366078756,17950,0.00128069384189634
1681,"Bifidobacterium bifidum",15005,0.00107057428301489,15073.3,0.00107545048708288
411470,"Mediterraneibacter gnavus",14359,0.00102448358079379,14484.7,0.00103345409585283
435590,"Phocaeicola vulgatus",13541,0.000966121050736731,13389.2,0.000955291579054603
154288,"Turicibacter sanguinis",13489,0.000962410963251441,13483.1,0.000961988574135635
36656,"Penicillium crustosum",13091,0.000934014524421722,13090.5,0.000933979912643129
3133152,"Blautia intestinihominis",12327,0.000879504777522464,11946.1,0.000852328453171898
2981779,"Anaerostipes amylophilus",11634,0.000830060726997351,11523.2,0.000822152114540561
76859,"Fusobacterium animalis",11611,0.000828419726763472,11606.4,0.000828091986507394
1796613,"Bacteroides caecimuris",10927,0.00077961780676466,12821.9,0.000914814560710525
2763064,"Roseburia zhanii",10409,0.000742659627584272,10721.7,0.000764972093963448
5076,"Penicillium chrysogenum",10022,0.000715048014953365,10414.6,0.00074305744095003
667015,"Phocaeicola salanitronis",9943,0.000709411535889175,9530.1,0.000679955476163493
508771,"Toxoplasma gondii",9701,0.000692145359515326,9692.9,0.000691569008457728
2929491,"Faecalibacterium wellingii",9612,0.000685795402088579,10374,0.00074016304400125
2764325,"[Eubacterium] hominis",8904,0.000635281134019633,9091,0.000648625855993594
1448310,"Aspergillus neoniger",8736,0.000623294697528696,9399.6,0.000670640855943473
871325,"Bacteroides faecichinchillae",8391,0.000598679694020523,8287.8,0.000591313821022493
2935520,"Faecalibacterium hattorii",8276,0.000590474692851132,7183.2,0.000512508026628535
536231,"Roseburia intestinalis",8150,0.00058148486548293,6779.9,0.000483730516975474
2748301,"Streptococcus vaginalis",8037,0.00057342255998605,7862,0.000560937700080628
2447885,"Bacteroides faecalis",7782,0.000555228861740879,7407.3,0.000528493249502248
2877527,"Blautia parvula",7681,0.000548022730279066,6788,0.00048431199630153
310298,"Phocaeicola coprocola",7540,0.00053796268536703,7695,0.000549019853603417
1561,"Clostridium baratii",6979,0.000497936549227653,6977.3,0.000497818773040969
1851428,"Faecalibacterium longum",6926,0.000494155113906107,7684.6,0.000548281177318606
47715,"Lacticaseibacillus rhamnosus",6641,0.000473820980573268,6639.2,0.00047369345679676
1121115,"Blautia wexlerae",6237,0.000444996454726016,6547,0.000467111836476018
2490855,"Lachnoanaerobaculum gingivalis",5818,0.000415101711334931,7296.8,0.000520608795450848
2981771,"Laedolimicola ammoniilytica",5747,0.000410036014960785,6004.3,0.000428392701828302
2763026,"Blautia celeris",5585,0.000398477665487382,5787,0.000412888779985977
292800,"Flavonifractor plautii",5311,0.000378928358353355,5202.8,0.000371211627203035
2763025,"Bacteroides parvus",4989,0.00035595435507906,7564.6,0.000539721217219652
1628085,"Agathobaculum butyriciproducens",4926,0.000351459441394959,5471.5,0.000390382522197204
57706,"Citrobacter braakii",4751,0.000338973570050233,4749.7,0.000338879671306652
2763030,"Blautia segnis",4631,0.000330411829699564,5441.8,0.000388262238001686
1448311,"Aspergillus vadensis",4541,0.000323990524436563,5274,0.000376285280397064
NA,"unknown genome; accession ID isNZ_AP028032.1",4466,0.000318639436717395,4482.7,0.000319828650801952
2093857,"Dysosmobacter welbionis",4455,0.000317854610518583,4490.7,0.000320400655233774
328812,"Parabacteroides goldsteinii",4389,0.000313145653325715,4382.7,0.000312694292576723
301302,"Roseburia faecis",4224,0.000301373260343546,4285.4,0.000305751638711672
2885352,"Hominiventricola filiformis",4100,0.000292526128647854,4056,0.00028938914083251
2650158,"Bacteroides luhongzhouii",4084,0.000291384563267765,4422.4,0.000315528450381977
84112,"Eggerthella lenta",3782,0.000269837516718582,3784.5,0.000270014434625312
1703332,"Butyribacter intestini",3736,0.000266555516250825,3948.2,0.000281697685470966
1912897,"Blautia argi",3680,0.000262560037420513,5062.6,0.000361202366317541
411483,"Faecalibacterium duncaniae",3656,0.000260847689350379,3925.1,0.000280050747430695
3037989,"Bacteroides vicugnae",3586,0.000255853340812489,3591.2,0.000256226281114093
2041044,"Eubacterium maltosivorans",3498,0.000249574731221999,3544.3,0.000252875027297342
626929,"Bacteroides clarus",3326,0.00023730290338604,4377.4,0.000312318165365227
225992,"Comamonas kerstersii",3315,0.000236518077187229,3314.8,0.000236502477232342
1502,"Clostridium perfringens",3227,0.000230239467596738,3228.4,0.000230338960462319
580166,"Oceanibaculum pacificum",3182,0.000227028814965237,3062.6,0.000218511130605633
1776384,"Emergencia timonensis",3077,0.000219537292158402,3094.9,0.000220816486178297
1069201,"Aspergillus luchuensis",3048,0.00021746820490699,3638.9,0.000259631101741006
1851427,"Faecalibacterium butyricigenerans",3041,0.000216968770053201,3193.2,0.000227828168670198
624,"Shigella sonnei",2794,0.000199345854498074,2732.5,0.000194956011841832
261299,"Intestinibacter bartlettii",2732,0.000194922288650229,2734.2,0.000195076241806331
997873,"Bacteroides caccae",2532,0.000180652721399114,3083.2,0.000219979701438143
2024197,"Bacteroides cutis",2511,0.000179154416837747,2525.1,0.000180157946970941
997894,"Enterocloster bolteae",2507,0.000178869025492725,2416.6,0.000172417375820408
537973,"Lacticaseibacillus paracasei",2451,0.000174873546662412,2456.1,0.000175234141850015
871664,"Blautia stercoris",2441,0.000174160068299857,2411.4,0.000172047084512989
3435293,"Faecalibacterium langellae",2437,0.000173874676954834,2660.4,0.000189814968557652
565042,"Bifidobacterium longum",2319,0.000165455632276677,2322.3,0.000165688932902112
1343,"Streptococcus vestibularis",2309,0.000164742153914121,2423.8,0.000172932560694344
387090,"Phocaeicola coprophilus",2272,0.000162102283972665,2299.7,0.000164077038513341
1841864,"Marseilla massiliensis",2271,0.000162030936136409,1948.2,0.00013900097978504
1871006,"Bacteroides congonensis",2186,0.000155966370054685,2032.3,0.00014500097872364
3078042,"Pilosibacter fragilis",2159,0.000154039978475785,2154.5,0.000153717710135199
1720294,"Eisenbergiella massiliensis",2117,0.000151043369353051,2166.6,0.000154582804098442
2763065,"Ruminococcus hominis",2110,0.000150543934499262,2328,0.000166094231784445
1522,"[Clostridium] innocuum",1916,0.00013670245426568,1816.4,0.000129594207368539
2981772,"Muricoprocola aceti",1905,0.000135917628066869,2030.3,0.000144856862877742
33039,"[Ruminococcus] torques",1872,0.000133563149470435,1958.9,0.000139764606495266
2763023,"Bacteroides hominis",1832,0.000130709236020212,2010.9,0.00014347548555759
169435,"Anaerotruncus colihominis",1819,0.00012978171414889,1811.9,0.000129273308412212
2763668,"Jutongia huaianensis",1812,0.0001292822792951,1907.7,0.000136110677884734
2763673,"Yanshouia hominis",1773,0.000126499713681133,1599.6,0.000114130913932357
2881264,"Blautia fusiformis",1682,0.000120007060581876,1725.7,0.000123122910829203
2763040,"Dorea hominis",1592,0.000113585755318874,1531.3,0.00010925310753349
1002367,"Leyella stercorea",1535,0.000109518928652306,1508.1,0.000107597991722029
1982626,"Faecalibacillus intestinalis",1534,0.000109447580816051,1439.7,0.000102719384486239
3064195,"Brotocaccenecus cirricatena",1497,0.000106807710874595,1825.1,0.000130217229441561
187327,"Acidaminococcus intestini",1443,0.000102954927716794,1430.2,0.000102042292374383
1448314,"Aspergillus eucalypticola",1349,9.62482311087696e-05,1485.7,0.000106001682030267
2834112,"Bacteroides propionicigenes",1332,9.50353178924249e-05,1629.2,0.000116240588316154
1796615,"Blautia caecimuris",1271,9.06830998808348e-05,1229.9,8.77473018870185e-05
2040291,"Dorea phocaeensis",1264,9.01836650270458e-05,1249,8.91099471398043e-05
622,"Shigella dysenteriae",1262,9.00409693545347e-05,1217.4,8.68575233961864e-05
2585119,"Alistipes dispar",1235,8.81145777756342e-05,1238.6,8.83703024443305e-05
103621,"Actinomyces urogenitalis",1234,8.80432299393786e-05,1233.9,8.80375682164058e-05
150056,"Mammaliicoccus fleurettii",1222,8.71870559043117e-05,1341.4,9.57047851011672e-05
2981769,"Waltera acetigignens",1177,8.39764032728109e-05,1274.7,9.09488746610665e-05
979627,"Lachnoanaerobaculum orale",1168,8.33342727465107e-05,1153.9,8.2326862996635e-05
3133153,"Blautia aquisgranensis",1166,8.31915770739995e-05,1234.5,8.80819043913593e-05
1309,"Streptococcus mutans",1125,8.0266315787521e-05,1121.8,8.00379265850254e-05
1448313,"Aspergillus piperis",1123,8.01236201150099e-05,1183.2,8.44195046425104e-05
1903262,"Bacteroides ndongoniae",1122,8.00522722787543e-05,1582.8,0.000112930363986988
622312,"Roseburia inulinivorans",1093,7.79831850273426e-05,1365.5,9.7425164200158e-05
742727,"Bacteroides oleiciplenus",1076,7.67702718109979e-05,1053.8,7.51863921047759e-05
342942,"Mediterraneibacter glycyrrhizinilyticus",1074,7.66275761384867e-05,1115.6,7.95968843843089e-05
39490,"Eubacterium ramulus",1015,7.24180537994078e-05,1126,8.03384919711426e-05
2941333,"Mediterraneibacter agrestimuris",1009,7.19899667818744e-05,1020.5,7.28099564923713e-05
2726362,"Faecalicatena faecalis",993,7.08484014017852e-05,1016,7.24906216688261e-05
559292,"Saccharomyces cerevisiae",978,6.97781838579516e-05,939.1,6.70024423504632e-05
2316025,"Mediterraneibacter butyricigenes",974,6.94927925129293e-05,1244.5,8.87946859809698e-05
2650157,"Bacteroides zhangwenhongii",948,6.76377487702844e-05,946.7,6.75435588858027e-05
2763042,"Dysosmobacter segnis",946,6.74950530977732e-05,1260.3,8.99194405642635e-05
3342829,"Providencia zhejiangensis",942,6.72096617527509e-05,942.6,6.72535796340209e-05
564,"Escherichia fergusonii",937,6.6852922571473e-05,1000.6,7.13906677257996e-05
2494234,"Sutterella megalosphaeroides",929,6.62821398814285e-05,918.5,6.55324505627819e-05
89014,"Blautia luti",903,6.44270961387835e-05,1046.3,7.4649428081762e-05
717959,"Alistipes shahii",891,6.35709221037166e-05,875.1,6.24386001214269e-05
331117,"Aspergillus fischeri",883,6.3000139413672e-05,878.9,6.27043185365879e-05
208962,"Escherichia albertii",879,6.27147480686497e-05,1062.8,7.5830679931177e-05
3053355,"Streptococcus raffinosi",872,6.22153132148607e-05,872.7,6.22624334945947e-05
2763028,"Blautia intestinalis",863,6.15731826885606e-05,931,6.64228520890228e-05
592978,"Mediterraneibacter faecis",859,6.12877913435383e-05,1067,7.61286154510797e-05
547043,"Bifidobacterium pseudocatenulatum",844,6.02175737997046e-05,814.3,5.80972150965384e-05
76860,"Streptococcus constellatus",826,5.89333127471043e-05,804.4,5.73897019212436e-05
2499076,"Marinifilum caeruleilacunae",814,5.80771387120374e-05,769.5,5.49043112487003e-05
2498453,"Geminicoccus harenae",797,5.68642254956927e-05,670.5,4.78376943773917e-05
358742,"Enterocloster aldenensis",790,5.63647906419036e-05,1043.2,7.44327181176068e-05
2981770,"Gallintestinimicrobium propionicum",784,5.59367036243702e-05,756.6,5.39831073675787e-05
1297617,"Intestinimonas butyriciproducens",767,5.47237904080254e-05,779.5,5.56121883727533e-05
2763658,"Ligaoa zhengdingensis",762,5.43670512267476e-05,696.3,4.96775007900752e-05
745368,"Gemmiger formicilis",758,5.40816598817253e-05,800.7,5.71302784842317e-05
2763021,"Bacteroides difficilis",756,5.39389642092141e-05,714.4,5.09678055147967e-05
2763672,"Simiaoa sunii",752,5.36535728641918e-05,875.3,6.24531255369638e-05
46503,"Parabacteroides merdae",745,5.31541380104028e-05,730.4,5.21148021197844e-05
2981785,"Coprococcus ammoniilyticus",740,5.27973988291249e-05,770.4,5.49684262724615e-05
574930,"Parabacteroides gordonii",738,5.26547031566138e-05,594.8,4.24343834276085e-05
2126740,"Clostridium fessum",713,5.08710072502244e-05,700.1,4.99483235185601e-05
2509240,"Blautia faecicola",712,5.07996594139688e-05,775.4,5.53250075412471e-05
324831,"Lactobacillus gasseri",655,4.67328327474011e-05,632.1,4.50974206756182e-05
2738446,"Anaerostipes faecalis",648,4.62333978936121e-05,632.6,4.51353320974095e-05
2763017,"Anaerosacchariphilus hominis",640,4.56626152035675e-05,659.9,4.707979830321e-05
2981788,"Dorea ammoniilytica",636,4.53772238585452e-05,641.4,4.57595385978092e-05
39488,"Anaerobutyricum hallii",624,4.45210498234783e-05,652,4.65172721876661e-05
155615,"Fusobacterium vincentii",604,4.30940930983668e-05,554.6,3.95726722317877e-05
2981783,"Blautia acetigignens",596,4.25233104083222e-05,635.7,4.53573705570124e-05
1308,"Streptococcus thermophilus",591,4.21665712270444e-05,585.9,4.18041089926841e-05
2715212,"Bacteroides faecium",569,4.05969188294217e-05,575.3,4.10444156493815e-05
69824,"Thomasclavelia cocleata",564,4.02401796481439e-05,485.6,3.464391348683e-05
1499973,"Escherichia marmotae",554,3.95267012855881e-05,486.9,3.47423612500265e-05
198214,"Shigella flexneri",552,3.9384005613077e-05,590.8,4.21524626326481e-05
1334,"Streptococcus dysgalactiae",544,3.88132229230324e-05,524.5,3.74237932814264e-05
1236512,"Bacteroides rodentium",541,3.85991794142657e-05,556.6,3.9711879794552e-05
1211819,"Holdemania massiliensis",539,3.84564837417545e-05,606.6,4.32792601147256e-05
2219695,"Luxibacter massiliensis",538,3.83851359054989e-05,651.8,4.65021993447427e-05
596329,"Peptostreptococcus anaerobius",528,3.76716575429432e-05,704.5,5.0263566492818e-05
2736294,"Xylanibacter caecicola",523,3.73149183616653e-05,540.7,3.85742987088638e-05
617123,"Lachnoanaerobaculum umeaense",521,3.71722226891542e-05,535.9,3.8235082608587e-05
470146,"Coprococcus comes",511,3.64587443265984e-05,525.1,3.74631875478308e-05
2981780,"Bacteroides cellulolyticus",511,3.64587443265984e-05,560.8,4.00144270099697e-05
1121098,"Phocaeicola massiliensis",507,3.61733529815761e-05,498.8,3.55880690920926e-05
2764322,"Hydrogeniiclostridium mannosilyticum",507,3.61733529815761e-05,507.3,3.61913157166922e-05
449673,"Bacteroides stercoris",503,3.58879616365538e-05,572.6,4.0854502843143e-05
105843,"Anaerobutyricum soehngenii",494,3.52458311102537e-05,520.9,3.71680325019867e-05
246787,"Bacteroides cellulosilyticus",494,3.52458311102537e-05,547.5,3.90628487218239e-05
367928,"Bifidobacterium adolescentis",485,3.46037005839535e-05,495.1,3.53213680955491e-05
357276,"Phocaeicola dorei",485,3.46037005839535e-05,501.5,3.57822384677356e-05
1329,"Streptococcus canis",480,3.42469614026756e-05,485,3.46002074390249e-05
3036443,"Streptococcus sp. ST2",478,3.41042657301645e-05,452.5,3.22843723428751e-05
180332,"Robinsoniella peoriensis",475,3.38902222213978e-05,548.9,3.91594811718278e-05
1841855,"Bacteroides bouchesdurhonensis",468,3.33907873676087e-05,508,3.62441994129639e-05
483215,"Bacteroides finegoldii",462,3.29627003500753e-05,463.4,3.3059522539472e-05
293939,"Aspergillus lentulus",458,3.2677309005053e-05,461.3,3.29125424094929e-05
33945,"Enterococcus avium",451,3.2177874151264e-05,444.8,3.1737718181864e-05
214856,"Alistipes finegoldii",446,3.18211349699861e-05,449.9,3.21008065216884e-05
39486,"Dorea formicigenerans",439,3.13217001161971e-05,449.5,3.20701199106362e-05
2981774,"Suilimivivens aceti",439,3.13217001161971e-05,493.2,3.51899167739254e-05
2981794,"Roseburia amylophila",439,3.13217001161971e-05,446.8,3.18779842246803e-05
248316,"Veillonella caviae",422,3.01087868998523e-05,422.2,3.0121582230265e-05
2763056,"Oscillibacter hominis",417,2.97520477185745e-05,427.1,3.04721475895254e-05
2885348,"Hominifimenecus microfluidus",410,2.92526128647854e-05,471.7,3.36518393583512e-05
2685834,"Parabacteroides chongii",410,2.92526128647854e-05,410.3,2.92735310385832e-05
180164,"Blautia schinkii",409,2.91812650285299e-05,451.3,3.21967099091531e-05
626522,"Alloprevotella tannerae",404,2.8824525847252e-05,411.7,2.93743751662567e-05
39482,"Faecalicatena contorta",402,2.86818301747408e-05,431.1,3.07591933612993e-05
2608867,"Escherichia ruysiae",398,2.83964388297185e-05,406.7,2.90202292775368e-05
1750560,"Parabacteroides massiliensis",391,2.78970039759295e-05,409.8,2.92347961414684e-05
1437610,"Bifidobacterium reuteri",388,2.76829604671628e-05,387.2,2.76292996754895e-05
504,"Kingella kingae",385,2.74689169583961e-05,385,2.74687960377687e-05
5851,"Plasmodium knowlesi",383,2.73262212858849e-05,375.1,2.67602736809213e-05
2981720,"Bovifimicola ammoniilytica",383,2.73262212858849e-05,315,2.24748740680319e-05
2751153,"Coprobacter secundus",381,2.71835256133738e-05,421.2,3.0052951090599e-05
2606633,"Oliverpabstia intestinalis",379,2.70408299408626e-05,419.9,2.99621544993127e-05
2652274,"Eisenbergiella porci",378,2.69694821046071e-05,423.7,3.02304408030788e-05
2885351,"Hominisplanchenecus faecis",377,2.68981342683515e-05,445.1,3.17534122114605e-05
621,"Shigella boydii",374,2.66840907595848e-05,466.8,3.33021746164478e-05
2763048,"Flintibacter hominis",368,2.62560037420513e-05,366.6,2.61579775782016e-05
671267,"Phocaeicola sartorii",367,2.61846559057957e-05,392.1,2.7977439317078e-05
1796636,"Frisingicoccus caecimuris",365,2.60419602332846e-05,366.5,2.61523710853246e-05
2963284,"Terrisporobacter muris",357,2.547117754324e-05,355.6,2.53701410323517e-05
471870,"Bacteroides intestinalis",356,2.53998297069844e-05,343.2,2.44831463581254e-05
1177179,"Alcanivorax hongdengensis",355,2.53284818707289e-05,387.1,2.76158410099661e-05
223926,"Vibrio parahaemolyticus",349,2.49003948531954e-05,349,2.4897968804259e-05
1121306,"Clostridium collagenovorans",347,2.47576991806843e-05,338,2.41182578973722e-05
2763027,"Blautia difficilis",344,2.45436556719175e-05,362.2,2.58402416602769e-05
2981768,"Anthropogastromicrobium aceti",342,2.44009599994064e-05,380.3,2.71328924721174e-05
285729,"Fusobacterium canifelinum",332,2.36874816368506e-05,306.9,2.18964554036188e-05
2714358,"Pusillibacter faecalis",324,2.3116698946806e-05,357.5,2.550951665192e-05
84109,"Slackia exigua",323,2.30453511105505e-05,323,2.30453543990228e-05
1139219,"Enterococcus dispar",321,2.29026554380393e-05,320.8,2.28861150353099e-05
2885361,"Brotaphodocola catenula",320,2.28313076017838e-05,318.1,2.26962838541438e-05
471875,"[Ruminococcus] lactaris",319,2.27599597655282e-05,321,2.29032120030083e-05
76857,"Fusobacterium polymorphum",317,2.2617264093017e-05,311,2.21919387410512e-05
3133175,"Blautia caccae",314,2.24032205842503e-05,387.8,2.76664578273827e-05
796943,"Oribacterium parvum",305,2.17610900579501e-05,303.5,2.16524426396454e-05
154046,"Hungatella hathewayi",304,2.16897422216946e-05,287.5,2.05152242174862e-05
1871018,"Angelakisella massiliensis",300,2.14043508766723e-05,285,2.03366096316554e-05
3133499,"Maccoyibacter intestinihominis",293,2.09049160228832e-05,342.9,2.44675555506975e-05
2303987,"Motilimonas pumila",290,2.06908725141165e-05,380.7,2.71641833262497e-05
45851,"Eshraghiella crossota",284,2.02627854965831e-05,299.9,2.13969198108769e-05
1547,"Thomasclavelia ramosa",283,2.01914376603275e-05,284,2.02627084808053e-05
1121096,"Bacteroides gallinarum",282,2.01200898240719e-05,297.1,2.11944606490722e-05
29391,"Gemella morbillorum",280,1.99773941515608e-05,279.9,1.99711439965649e-05
3136601,"Owariibacterium komagatae",277,1.97633506427941e-05,293.3,2.09267018876211e-05
2763670,"Wujia chipingensis",274,1.95493071340273e-05,286.5,2.04421430522095e-05
60172,"Penicillium solitum",269,1.91925679527495e-05,260.4,1.85794838632568e-05
190304,"Fusobacterium nucleatum",264,1.88358287714716e-05,294.5,2.1010172933747e-05
2316720,"Corallococcus interemptor",264,1.88358287714716e-05,237.7,1.69585724789443e-05
1882272,"Penicillium samsonianum",263,1.8764480935216e-05,273.4,1.9507531585094e-05
1735,"Holdemanella biformis",261,1.86217852627049e-05,273.8,1.95317959717434e-05
1944635,"Sutterella seckii",259,1.84790895901937e-05,263.4,1.87910453539972e-05
3133164,"Hominiventricola aquisgranensis",255,1.81936982451714e-05,262.5,1.87291116872328e-05
1775168,"Flagellimonas marina",254,1.81223504089159e-05,254,1.81223529948972e-05
5083,"Penicillium canescens",253,1.80510025726603e-05,238.6,1.70246110675553e-05
2079531,"Prevotella merdae",252,1.79796547364047e-05,353.2,2.52005235740959e-05
2686067,"Fusobacterium watanabei",243,1.73375242101045e-05,288.9,2.06141909206477e-05
2903556,"Faecalibacterium gallinarum",236,1.68380893563155e-05,212.8,1.51822905807192e-05
550,"Enterobacter cloacae",236,1.68380893563155e-05,220.4,1.57215646386617e-05
291645,"Bacteroides nordii",235,1.67667415200599e-05,319.6,2.28044343614409e-05
1689270,"Intestinimonas timonensis",235,1.67667415200599e-05,307.6,2.19494591839924e-05
2981787,"Dorea acetigenes",234,1.66953936838044e-05,240.2,1.71384990737325e-05
887325,"Lachnoanaerobaculum saburreum",228,1.62673066662709e-05,234,1.66928170432787e-05
113107,"Streptococcus australis",227,1.61959588300154e-05,207.1,1.47741630649672e-05
2107999,"Lactobacillus paragasseri",226,1.61246109937598e-05,248.9,1.7759466604071e-05
2763014,"Agathobaculum hominis",226,1.61246109937598e-05,268.6,1.91675107623903e-05
1639133,"Citrobacter portucalensis",226,1.61246109937598e-05,212.2,1.51372450978461e-05
361101,"Streptococcus pseudoporcinus",225,1.60532631575042e-05,204.8,1.46127141018921e-05
3133166,"Laedolimicola intestinihominis",224,1.59819153212486e-05,222.2,1.58554201186603e-05
1255705,"Bavariicoccus seileri",220,1.56965239762263e-05,249.8,1.78255874442396e-05
537007,"Blautia hansenii",218,1.55538283037152e-05,242.1,1.72762816977995e-05
2762247,"Clostridium cibarium",215,1.53397847949485e-05,202.2,1.4425687713303e-05
192222,"Campylobacter jejuni",214,1.52684369586929e-05,212.6,1.51718473300263e-05
2652276,"Holdemanella porci",208,1.48403499411594e-05,226.5,1.61604798440199e-05
39483,"Faecalitalea cylindroides",205,1.46263064323927e-05,209.9,1.49794348427859e-05
1435463,"Bifidobacterium porcinum",198,1.41268715786037e-05,194.2,1.3857343981458e-05
226230,"Saccharomyces kudriavzevii",197,1.40555237423481e-05,180.9,1.29069823628966e-05
2762229,"Escherichia whittamii",195,1.3912828069837e-05,205.6,1.46676249528636e-05
1125630,"Klebsiella pneumoniae",194,1.38414802335814e-05,253.5,1.80853267123088e-05
478749,"Marvinbryantia formatexigens",193,1.37701323973258e-05,192.9,1.37601354481215e-05
2290935,"Parabacteroides acidifaciens",184,1.31280018710257e-05,187.6,1.33875008591979e-05
391612,"Crocosphaera chwakensis",183,1.30566540347701e-05,184.4,1.31589401682759e-05
518635,"Bifidobacterium angulatum",182,1.29853061985145e-05,180,1.28424594485464e-05
28118,"Odoribacter splanchnicus",182,1.29853061985145e-05,251.2,1.79243413596877e-05
2763047,"Flintibacter faecis",181,1.29139583622589e-05,196.2,1.39983767081895e-05
39496,"Eubacterium ventriosum",177,1.26285670172366e-05,202.8,1.44680100499296e-05
2172043,"Bifidobacterium tibiigranuli",177,1.26285670172366e-05,169.6,1.20986898905039e-05
2763032,"Butyricimonas hominis",177,1.26285670172366e-05,190.9,1.36180251967443e-05
102148,"Solobacterium moorei",176,1.25572191809811e-05,184.3,1.3151163174585e-05
1206725,"Nocardia brevicatena",175,1.24858713447255e-05,184.1,1.31384500346456e-05
291644,"Bacteroides salyersiae",175,1.24858713447255e-05,185.5,1.32375206496858e-05
655863,"Leptographium clavigerum",173,1.23431756722143e-05,173,1.23431880359487e-05
2763038,"Clostridium segne",173,1.23431756722143e-05,172,1.22712979459193e-05
1871013,"Parabacteroides timonensis",170,1.21291321634476e-05,186.5,1.33091802082006e-05
1871016,"Collinsella phocaeensis",168,1.19864364909365e-05,167.7,1.19660479017516e-05
158836,"Enterobacter hormaechei",167,1.19150886546809e-05,151.3,1.07955685802254e-05
568814,"Streptococcus suis",166,1.18437408184253e-05,162.8,1.1613302034387e-05
1440762,"Dyella japonica",166,1.18437408184253e-05,166,1.18437729403498e-05
88456,"Cyclospora cayetanensis",165,1.17723929821697e-05,165,1.17726003920702e-05
2025493,"Blautia hominis",164,1.17010451459142e-05,163.2,1.1644916621952e-05
1121950,"Hespellia stercorisuis",162,1.1558349473403e-05,172,1.22689193718383e-05
2003188,"Parolsenella catena",160,1.14156538008919e-05,161.5,1.15249106866021e-05
2819619,"Streptococcus toyakuensis",160,1.14156538008919e-05,153.8,1.09761062129201e-05
879819,"Cutaneotrichosporon oleaginosum",156,1.11302624558696e-05,152.3,1.08630103367419e-05
2763664,"Jutongia hominis",154,1.09875667833584e-05,196.1,1.39911058920629e-05
3030999,"Enterobacter rongchengensis",151,1.07735232745917e-05,151.1,1.07831078718806e-05
416450,"Penicillium antarcticum",150,1.07021754383361e-05,148.3,1.05788337815713e-05
1936995,"Parabacteroides bouchesdurhonensis",147,1.04881319295694e-05,184.8,1.31820862707937e-05
1907654,"Collinsella bouchesdurhonensis",146,1.04167840933138e-05,141.9,1.01228435438189e-05
2663009,"Fusobacterium pseudoperiodonticum",145,1.03454362570583e-05,155.4,1.10868572174018e-05
1352,"Enterococcus faecium",144,1.02740884208027e-05,168.4,1.20117450067084e-05
2605778,"Clostridium porci",143,1.02027405845471e-05,137.7,9.82262236964325e-06
566552,"Bifidobacterium catenulatum",142,1.01313927482915e-05,142.4,1.01567739943734e-05
3093657,"Acutalibacter caecimuris",141,1.0060044912036e-05,138.9,9.90854836337418e-06
2880704,"Duncaniella muricolitica",140,9.98869707578039e-06,168.1,1.19963091990976e-05
218493,"Salmonella bongori",138,9.84600140326924e-06,130.7,9.32725673637067e-06
1076124,"Phytohabitans flavus",137,9.77465356701367e-06,140.7,1.00367322428167e-05
1871035,"Negativibacillus massiliensis",135,9.63195789450252e-06,124.5,8.88602699311864e-06
684066,"Streptococcus lactarius",133,9.48926222199137e-06,132.1,9.42846343607944e-06
28111,"Bacteroides eggerthii",132,9.4179143857358e-06,134.5,9.59351917976037e-06
365590,"Shewanella hafniensis",130,9.27521871322465e-06,130.4,9.30620805463424e-06
1470345,"Bacteroides timonensis",129,9.20387087696908e-06,136.1,9.71372597976574e-06
188913,"Cetobacterium somerae",129,9.20387087696908e-06,129,9.20357613413165e-06
2316726,"Corallococcus sicarius",128,9.1325230407135e-06,118.6,8.45878201112733e-06
3098076,"Streptococcus lingualis",127,9.06117520445793e-06,144.1,1.02806113225575e-05
3133161,"Ruminococcoides intestinihominis",127,9.06117520445793e-06,127.3,9.07925488556109e-06
1229621,"Anaerostipes rhamnosivorans",125,8.91847953194678e-06,126.4,9.01615051514792e-06
2763035,"Clostridium facile",125,8.91847953194678e-06,137.2,9.7862071189433e-06
2981786,"Coprococcus aceti",122,8.70443602318006e-06,125.9,8.98139517976553e-06
871324,"Bacteroides stercorirosoris",122,8.70443602318006e-06,138.4,9.87725659688057e-06
763034,"Bacteroides fluxus",121,8.63308818692448e-06,119.1,8.49997900901124e-06
2548455,"Clostridium cuniculi",121,8.63308818692448e-06,121.8,8.69193576833823e-06
2382163,"Streptococcus koreensis",120,8.56174035066891e-06,140.2,9.99972994030902e-06
2666183,"Pseudomonas juntendi",120,8.56174035066891e-06,122.2,8.72069106970835e-06
2518605,"Segatella hominis",119,8.49039251441333e-06,112.2,8.00564863883106e-06
2588991,"Streptococcus symci",119,8.49039251441333e-06,140,9.98938792289444e-06
3133158,"Lachnospira intestinalis",119,8.49039251441333e-06,121.3,8.6564070025732e-06
1841868,"Provencibacterium massiliense",118,8.41904467815776e-06,129.7,9.25179763403089e-06
544580,"Actinomyces oris",116,8.27634900564661e-06,149.9,1.06933619562433e-05
2107694,"Aphanothece hegewaldii",115,8.20500116939104e-06,143.4,1.02282228236206e-05
3032125,"Neopoerus faecalis",115,8.20500116939104e-06,115.6,8.24943801813511e-06
3133172,"Alistipes intestinihominis",114,8.13365333313546e-06,116.7,8.32866667961938e-06
2838426,"Candidatus Agathobaculum pullicola",113,8.06230549687989e-06,132.6,9.46181145102378e-06
1158604,"Enterococcus villorum",111,7.91960982436874e-06,108.1,7.71433600779496e-06
666,"Vibrio cholerae",111,7.91960982436874e-06,110.9,7.90945758599925e-06
1341132,"Aspergillus welwitschiae",110,7.84826198811316e-06,109.6,7.82085974551163e-06
29466,"Veillonella parvula",110,7.84826198811316e-06,109.9,7.84452265653986e-06
290338,"Citrobacter koseri",109,7.77691415185759e-06,127.7,9.1118539031443e-06
2919919,"Atopomonas sediminilitoris",108,7.70556631560202e-06,103.3,7.37229761405849e-06
2499078,"Vibrio ouci",105,7.49152280683529e-06,105.6,7.53523146140152e-06
2763062,"Roseburia rectibacter",105,7.49152280683529e-06,117.6,8.39226709222498e-06
5082,"Penicillium roqueforti",103,7.34882713432415e-06,102.9,7.34465976192398e-06
1218085,"Citrobacter rodentium",102,7.27747929806857e-06,114.7,8.18588630239341e-06
2763677,"Zongyangia hominis",101,7.206131461813e-06,106.9,7.62868941886326e-06
855,"Fusobacterium simiae",101,7.206131461813e-06,103.3,7.36710629901863e-06
2763671,"Jingyaoa shaoxingensis",100,7.13478362555742e-06,104.4,7.45053824879629e-06
3133167,"Faecousia intestinalis",100,7.13478362555742e-06,102.5,7.31166612205859e-06
2881276,"Fusicatenibacter faecihominis",99,7.06343578930185e-06,99.2,7.07847407666023e-06
3133180,"Enterobacter intestinihominis",99,7.06343578930185e-06,132,9.42104712195661e-06
1745712,"Anaerococcus urinomassiliensis",99,7.06343578930185e-06,107.1,7.63892932987726e-06
1307443,"Fusobacterium hwasookii",98,6.99208795304627e-06,111.5,7.95695443025346e-06
1217282,"Parabacteroides faecis",98,6.99208795304627e-06,119.1,8.49500129330276e-06
45133,"Lasiodiplodia theobromae",96,6.84939228053513e-06,98.7,7.04469654577677e-06
1328,"Streptococcus anginosus",96,6.84939228053513e-06,94.4,6.73555044919362e-06
762967,"Sutterella parvirubra",95,6.77804444427955e-06,99.8,7.12319823318902e-06
2954240,"Streptococcus bouchesdurhonensis",92,6.56400093551283e-06,118.3,8.44053353054228e-06
2606635,"Waltera intestinalis",91,6.49265309925725e-06,100.3,7.15853795453288e-06
570012,"Shimwellia pseudoproteus",91,6.49265309925725e-06,98,6.99452866747689e-06
75553,"Aspergillus viridinutans",91,6.49265309925725e-06,90.9,6.48251044854771e-06
693979,"Bacteroides helcogenes",90,6.42130526300168e-06,89.8,6.40475683272297e-06
3074433,"Vallitalea maricola",90,6.42130526300168e-06,89.2,6.36411462638533e-06
1835702,"Penicillium arizonense",89,6.34995742674611e-06,91.1,6.50034602169238e-06
2762213,"Phocaeicola faecium",88,6.27860959049053e-06,114.3,8.15447748026329e-06
2714353,"Vescimonas fastidiosa",88,6.27860959049053e-06,94.1,6.71377269295739e-06
1870997,"Alterileibacterium massiliense",88,6.27860959049053e-06,97.7,6.96875283767643e-06
1423732,"Lacticaseibacillus casei",87,6.20726175423496e-06,80.1,5.71835600917638e-06
268346,"Penicillium mononematosum",87,6.20726175423496e-06,86.3,6.15734598353464e-06
1384589,"Entomohabitans teleogrylli",86,6.13591391797938e-06,87.1,6.2113049756425e-06
411468,"[Clostridium] scindens",86,6.13591391797938e-06,85.1,6.07057415752365e-06
548,"Klebsiella aerogenes",86,6.13591391797938e-06,86.5,6.16941597974002e-06
45286,"Eremothecium sinecaudum",85,6.06456608172381e-06,86.9,6.1988845576187e-06
1096246,"Hungatella effluvii",85,6.06456608172381e-06,86.6,6.18136849379403e-06
948519,"Aeromonas rivipollensis",85,6.06456608172381e-06,80.5,5.74532096323884e-06
1805470,"Clostridium nigeriense",85,6.06456608172381e-06,89.6,6.38981919216953e-06
1720300,"Mediterraneibacter massiliensis",83,5.92187040921266e-06,83.4,5.95239466027827e-06
2653932,"Citrobacter telavivensis",83,5.92187040921266e-06,83,5.92463992532e-06
150055,"Streptococcus lutetiensis",83,5.92187040921266e-06,84.4,6.02379333548443e-06
28119,"Bacteroides zoogleoformans",82,5.85052257295709e-06,82.3,5.87424025601671e-06
2015901,"Massilicoli timonensis",82,5.85052257295709e-06,128.7,9.18142928905556e-06
2763059,"Pseudoflavonifractor hominis",81,5.77917473670151e-06,89,6.35039002701987e-06
2652286,"Sharpea porci",79,5.63647906419036e-06,83.1,5.92649732028153e-06
2981773,"Muriventricola aceti",79,5.63647906419036e-06,81.1,5.78530125189649e-06
1115758,"Romboutsia ilealis",79,5.63647906419036e-06,79,5.6387638344207e-06
1852381,"Duodenibacillus massiliensis",78,5.56513122793479e-06,76.7,5.47055767184184e-06
2841509,"Butyricicoccus intestinisimiae",77,5.49378339167922e-06,93.6,6.68004264966674e-06
2364791,"Enterococcus mediterraneensis",77,5.49378339167922e-06,78.7,5.6115647141852e-06
2736291,"Palleniella intestinalis",76,5.42243555542364e-06,77.8,5.55421165909573e-06
2763036,"Clostridium hominis",75,5.35108771916807e-06,77.1,5.50143074622405e-06
NA,"unknown genome; accession ID isNZ_LT635772.1",75,5.35108771916807e-06,78,5.56294870964437e-06
197614,"Streptococcus pasteurianus",74,5.27973988291249e-06,76.2,5.43820261741404e-06
2743469,"Rhabdonatronobacter sediminivivens",74,5.27973988291249e-06,66.8,4.76375157777573e-06
2763066,"Ruminococcus intestinalis",74,5.27973988291249e-06,74.9,5.34638441146475e-06
255616,"Haloferax sulfurifontis",74,5.27973988291249e-06,86.2,6.15102933347495e-06
1336241,"Eubacterium xylanophilum",73,5.20839204665692e-06,69.2,4.93502510735386e-06
2747601,"Ruegeria haliotis",73,5.20839204665692e-06,68.6,4.89773214089506e-06
1550024,"Ruthenibacterium lactatiformans",72,5.13704421040134e-06,75.4,5.37634126994397e-06
3133177,"Bifidobacterium hominis",71,5.06569637414577e-06,76.9,5.48370010033053e-06
1776379,"Leyella lascolaii",71,5.06569637414577e-06,84.6,6.03831136806123e-06
433664,"Nocardioides agariphilus",70,4.9943485378902e-06,71,5.06263951066184e-06
2786956,"Phocaeicola faecalis",70,4.9943485378902e-06,98.4,7.02250530599996e-06
3046670,"Comamonas resistens",70,4.9943485378902e-06,66.1,4.71909745988171e-06
2590867,"Enorma burkinafasonensis",70,4.9943485378902e-06,57.2,4.08169047119755e-06
2086575,"Parabacteroides pacaensis",69,4.92300070163462e-06,69.5,4.95626103772742e-06
53345,"Enterococcus durans",68,4.85165286537905e-06,67.4,4.80960456032657e-06
767769,"Aspergillus brasiliensis",67,4.78030502912347e-06,67.4,4.81149402634256e-06
271096,"Shewanella canadensis",67,4.78030502912347e-06,62.9,4.48923083494567e-06
69359,"Thiohalocapsa halophila",67,4.78030502912347e-06,65.7,4.68520359737429e-06
126998,"Penicillium bovifimosum",67,4.78030502912347e-06,66.8,4.76450971752497e-06
5074,"Penicillium brevicompactum",67,4.78030502912347e-06,72.8,5.19394239421865e-06
796944,"Oribacterium asaccharolyticum",66,4.7089571928679e-06,72.2,5.1515296831873e-06
283354,"Alternaria metachromatica",66,4.7089571928679e-06,65.8,4.69258072849141e-06
3136602,"Desulfovibrio falkowii",66,4.7089571928679e-06,66,4.71008536654729e-06
2020965,"Bifidobacterium imperatoris",63,4.49491368410118e-06,63.2,4.50766590036226e-06
3068307,"Lacticaseibacillus zeae",63,4.49491368410118e-06,62.5,4.46208973652861e-06
78346,"Bifidobacterium ruminantium",61,4.35221801159003e-06,63.8,4.54904149208927e-06
1531,"Enterocloster clostridioformis",61,4.35221801159003e-06,64.7,4.61372031654267e-06
2763678,"Youxingia wuxianensis",61,4.35221801159003e-06,69.1,4.93237869803703e-06
1533,"Clostridium fallax",61,4.35221801159003e-06,59.6,4.2513527578242e-06
1472417,"Butyricimonas paravirosa",60,4.28087017533445e-06,60.3,4.30478090654751e-06
1796616,"Blautia pseudococcoides",59,4.20952233907888e-06,55.9,3.98909016360101e-06
253257,"Lacrimispora amygdalina",59,4.20952233907888e-06,60.1,4.28911358049531e-06
2615184,"Microbacterium algeriense",59,4.20952233907888e-06,59,4.20950399000728e-06
2763050,"Hungatella hominis",59,4.20952233907888e-06,60.7,4.33060354877242e-06
60171,"Penicillium verrucosum",59,4.20952233907888e-06,54.1,3.86120751336124e-06
3085167,"Segatella sinensis",59,4.20952233907888e-06,62.2,4.43845184549641e-06
3014267,"Agathobaculum massiliense",59,4.20952233907888e-06,67.5,4.8125627849958e-06
2552766,"Meridianimarinicoccus aquatilis",58,4.13817450282331e-06,58.1,4.14608052642302e-06
2763667,"Wansuia hejianensis",58,4.13817450282331e-06,59.8,4.26617743251421e-06
279322,"Cutaneotrichosporon cavernicola",58,4.13817450282331e-06,61.4,4.3834639548e-06
3133154,"Coprococcus intestinihominis",58,4.13817450282331e-06,72.3,5.15637202260604e-06
2978477,"Eubacterium album",57,4.06682666656773e-06,57.8,4.12101979337301e-06
1069534,"Ligilactobacillus ruminis",56,3.99547883031216e-06,56.3,4.01876286766704e-06
1353,"Enterococcus gallinarum",56,3.99547883031216e-06,58.7,4.19034535288819e-06
2888525,"Thermomonas alba",56,3.99547883031216e-06,57.5,4.10502570078667e-06
1650661,"Clostridium phoceensis",54,3.85278315780101e-06,55,3.92087233378233e-06
28114,"Porphyromonas levii",54,3.85278315780101e-06,52.6,3.75484187779587e-06
2850322,"Diplocloster modestus",54,3.85278315780101e-06,58.1,4.14257280902699e-06
411467,"Pseudoflavonifractor capillosus",53,3.78143532154543e-06,55.2,3.93678103239543e-06
3111861,"Streptococcus gingivalis",53,3.78143532154543e-06,54.7,3.90297826460227e-06
515620,"Lachnospira eligens",52,3.71008748528986e-06,60,4.28235866894846e-06
41047,"Aspergillus thermomutatus",52,3.71008748528986e-06,50.7,3.61977847691967e-06
1408437,"Agathobaculum desmolans",50,3.56739181277871e-06,52.1,3.71957510616509e-06
176176,"Penicillium paradoxum",50,3.56739181277871e-06,52.3,3.72989205182556e-06
3133091,"unknown genome; accession ID isNZ_JBBMER010000008.1",50,3.56739181277871e-06,48.2,3.43898730537965e-06
1497,"Clostridium formicaceticum",49,3.49604397652314e-06,49.3,3.51442503635737e-06
195,"Campylobacter coli",49,3.49604397652314e-06,50.4,3.59258359483889e-06
2994035,"Sellimonas catena",49,3.49604397652314e-06,49.8,3.55644550938129e-06
270249,"Bartonella phoceensis",49,3.49604397652314e-06,50.9,3.62920363790925e-06
2941338,"Streptococcus caecimuris",49,3.49604397652314e-06,51.1,3.64680801269025e-06
1736,"Eubacterium limosum",48,3.42469614026756e-06,46,3.2842592748892e-06
105984,"Apiotrichum porosum",48,3.42469614026756e-06,42,2.99599356300058e-06
137838,"Clostridium neonatale",48,3.42469614026756e-06,45,3.20865320007375e-06
149016,"Streptococcus urinalis",47,3.35334830401199e-06,46.9,3.34571347741737e-06
2764329,"Paeniclostridium hominis",46,3.28200046775641e-06,47.9,3.41576212099712e-06
2949650,"Parabacteroides sp. W1-Q-101",46,3.28200046775641e-06,51.2,3.65185538404018e-06
760570,"Streptococcus parasanguinis",45,3.21065263150084e-06,45.3,3.23320365454058e-06
1796622,"Extibacter muris",45,3.21065263150084e-06,45.5,3.24310039323634e-06
2606637,"Hallella mizrahii",45,3.21065263150084e-06,41.8,2.98250108251151e-06
2834113,"Alistipes montrealensis",44,3.13930479524527e-06,43.4,3.09666344163317e-06
69789,"Penicillium soppii",44,3.13930479524527e-06,41.6,2.96864549069503e-06
27334,"Penicillium expansum",43,3.06795695898969e-06,41.5,2.95768007475203e-06
2292441,"Paratractidigestivibacter faecalis",43,3.06795695898969e-06,53.2,3.79829794086118e-06
2606629,"Floccifex porci",43,3.06795695898969e-06,45.6,3.25460944988963e-06
3376993,"Vescimonas sanitatis",43,3.06795695898969e-06,57.8,4.12426119705843e-06
1918949,"Solemya elarraichensis gill symbiont",42,2.99660912273412e-06,42.5,3.03318273004194e-06
361500,"Anaerococcus degeneri",42,2.99660912273412e-06,44.3,3.15887012245116e-06
1653434,"Sellimonas intestinalis",42,2.99660912273412e-06,43.3,3.09103351371398e-06
1917883,"Bacteroides togonis",42,2.99660912273412e-06,44.6,3.18099777259283e-06
1410674,"Sharpea azabuensis",41,2.92526128647854e-06,40.7,2.90721825580501e-06
2735723,"Turicibacter bilis",41,2.92526128647854e-06,47,3.35300469869833e-06
1323,"Faecalicoccus pleomorphus",41,2.92526128647854e-06,46.4,3.30969675823695e-06
1414721,"Faecalispora jeddahensis",40,2.85391345022297e-06,40,2.85373821808755e-06
1987383,"Candidatus Enterococcus wittei",40,2.85391345022297e-06,45.4,3.23907242958754e-06
2779352,"Pseudoflavonifractor gallinarum",40,2.85391345022297e-06,45.7,3.26277366175237e-06
2945989,"Lutimaribacter degradans",40,2.85391345022297e-06,48.3,3.44669528212548e-06
3034501,"Enterococcus spodopteracolus",40,2.85391345022297e-06,31.3,2.23308346014745e-06
3133163,"Ruthenibacterium intestinale",40,2.85391345022297e-06,41.5,2.96317692226572e-06
1121333,"Thomasclavelia saccharogumia",39,2.78256561396739e-06,38.5,2.74567722022677e-06
1982628,"Faecalibacillus faecis",39,2.78256561396739e-06,37.5,2.67314195856735e-06
2486013,"Lacticaseibacillus baoqingensis",39,2.78256561396739e-06,34.8,2.48275507404478e-06
1494461,"Pseudolactococcus laudensis",39,2.78256561396739e-06,38.6,2.75221564703358e-06
3035284,"Prevotella sp. B2-R-102",39,2.78256561396739e-06,40.3,2.8741775776213e-06
1723382,"Urinicoccus massiliensis",39,2.78256561396739e-06,46.4,3.31343750824719e-06
NA,"unknown genome; accession ID isNZ_LT821227.1",39,2.78256561396739e-06,40.6,2.89506499066343e-06
2981724,"Alitiscatomonas aceti",38,2.71121777771182e-06,39.3,2.80561435518573e-06
3133091,"unknown genome; accession ID isNZ_JBBMER010000001.1",38,2.71121777771182e-06,38.1,2.71748210422158e-06
1392255,"Aspergillus novofumigatus",37,2.63986994145625e-06,35.1,2.50764104960336e-06
676599,"Stenotrophomonas panacihumi",37,2.63986994145625e-06,38.4,2.74060533113582e-06
2773426,"Nocardioides malaquae",37,2.63986994145625e-06,37,2.63987491026852e-06
2890318,"Yersinia vastinensis",37,2.63986994145625e-06,34.4,2.45594847803571e-06
1410646,"Bifidobacterium merycicum",37,2.63986994145625e-06,38.2,2.72326503653508e-06
370354,"Entamoeba dispar",36,2.56852210520067e-06,35.5,2.53024541255912e-06
1640685,"Enterococcus massiliensis",36,2.56852210520067e-06,33.3,2.37301108885695e-06
157687,"Leptotrichia wadei",36,2.56852210520067e-06,25,1.78454775876438e-06
2606634,"Velocimicrobium porci",36,2.56852210520067e-06,39.1,2.78934819425753e-06
33043,"Coprococcus eutactus",36,2.56852210520067e-06,35.2,2.51388130303467e-06
3032872,"Petralouisia muris",35,2.4971742689451e-06,34.8,2.48122448595851e-06
2605790,"Roseburia porci",35,2.4971742689451e-06,42.6,3.04155914801066e-06
2547410,"Enterocloster alcoholdehydrogenati",35,2.4971742689451e-06,36.5,2.60209402134671e-06
2739389,"Phocaeicola faecicola",35,2.4971742689451e-06,38.9,2.77892049985616e-06
2763057,"Parabacteroides hominis",35,2.4971742689451e-06,48.1,3.43230571977399e-06
3035291,"Lacticaseibacillus huelsenbergensis",35,2.4971742689451e-06,35.4,2.52739281461496e-06
3079010,"Diplocloster hominis",35,2.4971742689451e-06,38.2,2.72316274430556e-06
1579,"Lactobacillus acidophilus",35,2.4971742689451e-06,35,2.49603408765259e-06
40837,"Mycoplana ramosa",35,2.4971742689451e-06,49.7,3.54853559198398e-06
360107,"Campylobacter hominis",34,2.42582643268952e-06,34,2.42704283753931e-06
91492,"Aspergillus udagawae",34,2.42582643268952e-06,37.1,2.6500589831155e-06
2606626,"Sodaliphilus pleomorphus",34,2.42582643268952e-06,35.6,2.53720688737273e-06
694437,"Flammeovirga aprica",34,2.42582643268952e-06,32.5,2.31556725309045e-06
1517512,"Aspergillus pseudoviridinutans",34,2.42582643268952e-06,34.2,2.43853717861314e-06
2665155,"Streptomyces flavalbus",34,2.42582643268952e-06,34,2.42686746270675e-06
33030,"Peptoniphilus indolicus",34,2.42582643268952e-06,35.1,2.50151131943647e-06
546275,"Fusobacterium periodonticum",33,2.35447859643395e-06,36.1,2.57890318190899e-06
1150461,"Bifidobacterium scardovii",33,2.35447859643395e-06,33.2,2.36980805336767e-06
460384,"Enterocloster lavalensis",33,2.35447859643395e-06,35.5,2.53257439899285e-06
1816689,"Sutterella massiliensis",33,2.35447859643395e-06,33.4,2.37976766406406e-06
2841504,"Dysosmobacter acutus",33,2.35447859643395e-06,36.6,2.60824337445615e-06
147206,"Collinsella stercoris",33,2.35447859643395e-06,34.1,2.43044003555106e-06
33031,"Peptoniphilus lacrimalis",33,2.35447859643395e-06,38,2.70879372823907e-06
679200,"Johnsonella ignava",32,2.28313076017838e-06,34.4,2.45772181957554e-06
2585118,"Alistipes communis",32,2.28313076017838e-06,32.4,2.31288227479692e-06
2606632,"Porcincola intestinalis",32,2.28313076017838e-06,38.8,2.76895151392461e-06
54005,"Peptoniphilus harei",32,2.28313076017838e-06,37.9,2.70469905970992e-06
546269,"Filifactor alocis",31,2.2117829239228e-06,32.1,2.28907844711175e-06
NA,"unknown genome; accession ID isNZ_JHXY01000050.1",31,2.2117829239228e-06,30.1,2.15010293192176e-06
437897,"Megamonas funiformis",31,2.2117829239228e-06,30.5,2.17667915750894e-06
645466,"Anaerostipes butyraticus",31,2.2117829239228e-06,35.5,2.53134963941436e-06
2927804,"Marinobacterium sedimentorum",31,2.2117829239228e-06,30.8,2.19804820191299e-06
3342383,"Flintibacter porci",31,2.2117829239228e-06,34.1,2.43069025263523e-06
53442,"Eubacterium callanderi",30,2.14043508766723e-06,32.3,2.30135678233169e-06
1702221,"Faecalibaculum rodentium",30,2.14043508766723e-06,30,2.14046893763482e-06
2494701,"Enterobacter chengduensis",30,2.14043508766723e-06,30.3,2.15949473367662e-06
1570016,"Thioflexithrix psekupsensis",30,2.14043508766723e-06,31.6,2.25799966969713e-06
182773,"Clostridium isatidis",30,2.14043508766723e-06,34.2,2.44000142005227e-06
2589788,"Streptococcus xiaochunlingii",30,2.14043508766723e-06,30.4,2.16975592555093e-06
143232,"Vanrija pseudolonga",30,2.14043508766723e-06,31.2,2.22889223144936e-06
NA,"unknown genome; accession ID isNZ_DAWEQI010000213.1",30,2.14043508766723e-06,30,2.14043565890584e-06
84135,"Gemella sanguinis",29,2.06908725141165e-06,30.5,2.17947690615605e-06
507751,"Peptoniphilus koenoeneniae",29,2.06908725141165e-06,29.3,2.0906299472017e-06
1232428,"Megasphaera massiliensis",29,2.06908725141165e-06,29,2.06932206561804e-06
1121025,"Atopostipes suicloacalis",29,2.06908725141165e-06,34.7,2.47784534154489e-06
2736290,"Xylanibacter muris",28,1.99773941515608e-06,28,1.99846780582135e-06
2763043,"Eggerthella hominis",28,1.99773941515608e-06,24.2,1.72958304606097e-06
2763045,"Eubacterium segne",28,1.99773941515608e-06,27.3,1.9495070859515e-06
2763063,"Roseburia yibonii",28,1.99773941515608e-06,32.5,2.31609003996408e-06
36646,"Penicillium coprophilum",28,1.99773941515608e-06,29.1,2.07433051044085e-06
1850975,"Penicillium nucicola",28,1.99773941515608e-06,28.3,2.02116867648408e-06
2979868,"Neopusillimonas aromaticivorans",28,1.99773941515608e-06,33,2.35160622709088e-06
1909670,"Gemella massiliensis",28,1.99773941515608e-06,21.4,1.52610106568404e-06
1117379,"Neobacillus bataviensis",27,1.9263915789005e-06,27.2,1.94236335693929e-06
1972431,"Phytobacter ursingii",27,1.9263915789005e-06,28.8,2.05375363000964e-06
94643,"Besnoitia besnoiti",27,1.9263915789005e-06,27.4,1.95190870315474e-06
223919,"Clostridium diolis",27,1.9263915789005e-06,32.7,2.33581056589175e-06
2946555,"Akkermansia biwaensis",27,1.9263915789005e-06,27,1.92639185378828e-06
69791,"Penicillium waksmanii",27,1.9263915789005e-06,25.3,1.8031557698004e-06
33033,"Parvimonas micra",27,1.9263915789005e-06,30.2,2.15559225540004e-06
5061,"Aspergillus niger",26,1.85504374264493e-06,26,1.85705214928538e-06
2304063,"Sphingobium terrigena",26,1.85504374264493e-06,26.7,1.9053729875988e-06
2605782,"Desulfovibrio porci",26,1.85504374264493e-06,26,1.85516725767067e-06
2859781,"Clostridium weizhouense",26,1.85504374264493e-06,24.9,1.77711193683463e-06
2981722,"Porcipelethomonas ammoniilytica",26,1.85504374264493e-06,26,1.85677397348351e-06
3034352,"Enterococcus entomosocium",26,1.85504374264493e-06,26,1.85224733208573e-06
3068306,"Lacticaseibacillus styriensis",26,1.85504374264493e-06,26.9,1.9227727761777e-06
3133171,"Pseudoflavonifractor intestinihominis",26,1.85504374264493e-06,24.8,1.77286111342754e-06
1033731,"Alistipes timonensis",26,1.85504374264493e-06,26.4,1.8868368401413e-06
2086583,"Pseudoruminococcus massiliensis",26,1.85504374264493e-06,25.7,1.83306070674108e-06
1338,"Streptococcus intermedius",26,1.85504374264493e-06,27.1,1.93212159207205e-06
73098,"Kluyvera georgiana",25,1.78369590638936e-06,23.4,1.66599139872264e-06
2320431,"Corynebacterium silvaticum",25,1.78369590638936e-06,24.7,1.76311187077175e-06
36651,"Penicillium digitatum",25,1.78369590638936e-06,24.9,1.77575245700304e-06
2981721,"Brotomerdimonas butyrica",25,1.78369590638936e-06,26.5,1.89090759157866e-06
1670621,"Saccharothrix lopnurensis",25,1.78369590638936e-06,24.9,1.77855171936614e-06
28130,"Prevotella disiens",25,1.78369590638936e-06,24.7,1.76028735692915e-06
2479840,"Prevotella marseillensis",25,1.78369590638936e-06,35.4,2.52429983886268e-06
1150468,"Scardovia inopinata",24,1.71234807013378e-06,23.7,1.69169024988868e-06
1432052,"Eisenbergiella tayi",24,1.71234807013378e-06,22.1,1.57818273959273e-06
2071710,"Enterobacter sichuanensis",24,1.71234807013378e-06,22.5,1.6081256790204e-06
2714355,"Vescimonas coprocola",24,1.71234807013378e-06,27,1.92598510634788e-06
651,"Aeromonas media",24,1.71234807013378e-06,27.6,1.97014877520043e-06
208224,"Enterobacter kobei",24,1.71234807013378e-06,23.5,1.67872535576045e-06
2944915,"Coprobacter tertius",24,1.71234807013378e-06,23.6,1.68298687101547e-06
2981784,"[Clostridium] ammoniilyticum",24,1.71234807013378e-06,25.4,1.81480626458674e-06
89139,"Rasamsonia byssochlamydoides",24,1.71234807013378e-06,24,1.71234831572553e-06
3140788,"Streptococcus nidrosiense",24,1.71234807013378e-06,24.6,1.75415393114871e-06
871327,"Parabacteroides chinchillae",24,1.71234807013378e-06,24.1,1.72032558963628e-06
1120918,"Acetitomaculum ruminis",24,1.71234807013378e-06,21.9,1.56536937057868e-06
1841865,"Mediterranea massiliensis",24,1.71234807013378e-06,21.5,1.53726608600675e-06
2100822,"Kushneria phyllosphaerae",24,1.71234807013378e-06,24,1.71440748778716e-06
2161814,"Lactimicrobium massiliense",24,1.71234807013378e-06,24.2,1.72707195457282e-06
610130,"Lacrimispora saccharolytica",23,1.64100023387821e-06,22,1.56905048665692e-06
1410657,"Kandleria vitulina",23,1.64100023387821e-06,24.4,1.74025171370747e-06
1234680,"Streptococcus rubneri",23,1.64100023387821e-06,25.1,1.7919236872133e-06
1608942,"Teichococcus oryzae",23,1.64100023387821e-06,27.7,1.978837210238e-06
2713419,"Collinsella acetigenes",23,1.64100023387821e-06,21.6,1.54423086171014e-06
2896850,"Phocaeicola oris",23,1.64100023387821e-06,23,1.64100085168216e-06
2939491,"Parabacteroides leei",23,1.64100023387821e-06,26,1.8540794563071e-06
2963283,"Stenotrophomonas muris",23,1.64100023387821e-06,22.2,1.58412024300212e-06
189055,"Penicillium canariense",23,1.64100023387821e-06,22.4,1.5961464198745e-06
1347366,"Clostridium massiliamazoniense",22,1.56965239762263e-06,23.3,1.66402883449779e-06
83891,"Trypanosoma conorhini",22,1.56965239762263e-06,21.5,1.53507133891216e-06
182096,"Aspergillus chevalieri",22,1.56965239762263e-06,19.9,1.41948778676027e-06
225991,"Comamonas aquatica",22,1.56965239762263e-06,22,1.56652076392433e-06
67824,"Citrobacter farmeri",22,1.56965239762263e-06,26.4,1.88410048129465e-06
1792511,"Penicillium robsamsonii",22,1.56965239762263e-06,21.9,1.56320151388914e-06
133448,"Citrobacter youngae",22,1.56965239762263e-06,20.4,1.45476799352285e-06
2894201,"Citrobacter meridianamericanus",22,1.56965239762263e-06,25.4,1.81403025585902e-06
2488306,"Pseudocitrobacter vendiensis",22,1.56965239762263e-06,22.3,1.5886806996145e-06
888746,"Streptococcus peroris",21,1.49830456136706e-06,22,1.56638027510653e-06
1034345,"Senegalimassilia anaerobia",21,1.49830456136706e-06,24.6,1.75438858953598e-06
1347393,"Bacteroides neonati",21,1.49830456136706e-06,21.2,1.51230787557796e-06
1450537,"Aspergillus homomorphus",21,1.49830456136706e-06,21,1.49858547099767e-06
2174932,"Nesterenkonia natronophila",21,1.49830456136706e-06,21.9,1.56599192994615e-06
2594882,"Mediterraneibacter catenae",21,1.49830456136706e-06,22.2,1.58060653999325e-06
2726954,"Candidatus Sarcina troglodytae",21,1.49830456136706e-06,22.9,1.63061140436281e-06
2838947,"Enterobacter quasimori",21,1.49830456136706e-06,21.7,1.54588963599848e-06
2834435,"Bifidobacterium miconis",21,1.49830456136706e-06,21.3,1.51764251944635e-06
1472416,"Butyricimonas faecihominis",21,1.49830456136706e-06,21.9,1.56251317347988e-06
1121094,"Phocaeicola barnesiae",20,1.42695672511148e-06,21.6,1.54227476574887e-06
1211817,"Clostridium ihumii",20,1.42695672511148e-06,20,1.42741562546018e-06
1423792,"Schleiferilactobacillus perolens",20,1.42695672511148e-06,20.2,1.44477885395351e-06
2583810,"Alteribacter natronophilus",20,1.42695672511148e-06,19.8,1.41474828706508e-06
2490545,"Bifidobacterium jacchi",20,1.42695672511148e-06,20.1,1.43431287725661e-06
1928661,"Bradyrhizobium cajani",20,1.42695672511148e-06,21.8,1.55884103169158e-06
2766578,"Komagataeibacter melomenusus",20,1.42695672511148e-06,20,1.42695692886045e-06
2736289,"Xylanibacter rodentium",20,1.42695672511148e-06,19.8,1.41193589451889e-06
762210,"Bifidobacterium saguini",20,1.42695672511148e-06,21.8,1.55342425205367e-06
214851,"Subdoligranulum variabile",20,1.42695672511148e-06,20.5,1.45958094440018e-06
1852365,"Fusobacterium massiliense",20,1.42695672511148e-06,20.4,1.45344593429604e-06
1917868,"Blautia marasmi",20,1.42695672511148e-06,21.5,1.5366489626165e-06
1720195,"Gabonibacter massiliensis",19,1.35560888885591e-06,19.3,1.38055739624287e-06
1393034,"Atopobium deltae",19,1.35560888885591e-06,19.3,1.37525470276902e-06
2259674,"Azohydromonas sediminis",19,1.35560888885591e-06,19,1.35560908229546e-06
2652282,"Peptostreptococcus porci",19,1.35560888885591e-06,16.4,1.16993599678166e-06
2763669,"Qiania dongpingensis",19,1.35560888885591e-06,20.1,1.4354880149677e-06
102684,"Streptococcus infantarius",19,1.35560888885591e-06,19.7,1.40622101201287e-06
2981728,"Huintestinicola butyrica",19,1.35560888885591e-06,19.8,1.41110224104791e-06
1316194,"Penicillium subrubescens",19,1.35560888885591e-06,18.7,1.33660878812652e-06
29845,"Penicillium vulpinum",19,1.35560888885591e-06,22.6,1.61486906288251e-06
3075529,"Streptomyces gibsoniae",19,1.35560888885591e-06,19.5,1.38788609976422e-06
189622,"Babesia ovata",18,1.28426105260034e-06,18,1.28426123585886e-06
52704,"Clostridium vincentii",18,1.28426105260034e-06,18.5,1.31698248972608e-06
1589,"Lactiplantibacillus pentosus",18,1.28426105260034e-06,19.6,1.3953202742752e-06
930854,"Enterococcus viikkiensis",18,1.28426105260034e-06,18,1.28431510250766e-06
1333651,"Bifidobacterium moukalabense",18,1.28426105260034e-06,18,1.28427504353763e-06
2681861,"Sporofaciens musculi",18,1.28426105260034e-06,20.7,1.4771949036489e-06
200,"Campylobacter curvus",18,1.28426105260034e-06,18,1.28430512782662e-06
2766479,"Taishania pollutisoli",18,1.28426105260034e-06,18,1.28426123585886e-06
40545,"Sutterella wadsworthensis",18,1.28426105260034e-06,20,1.4293822101424e-06
1812259,"Streptomyces ginkgonis",18,1.28426105260034e-06,18,1.28766924709476e-06
1914243,"Citrobacter europaeus",18,1.28426105260034e-06,17.7,1.26210474180503e-06
NA,"unknown genome; accession ID isNZ_LT632322.1",18,1.28426105260034e-06,23.6,1.68545263862523e-06
1871008,"Eggerthella timonensis",18,1.28426105260034e-06,20.5,1.46034414329794e-06
1314,"Streptococcus pyogenes",18,1.28426105260034e-06,17.9,1.27739402013991e-06
2496871,"Piscinibacter terrae",17,1.21291321634476e-06,17.6,1.25343610537092e-06
2815329,"Candidatus Enterococcus courvalinii",17,1.21291321634476e-06,19.3,1.3799411714925e-06
2816080,"Alicyclobacillus suci",17,1.21291321634476e-06,16.9,1.20889551843231e-06
2841061,"Streptococcus humanilactis",17,1.21291321634476e-06,18.7,1.33441453913416e-06
3095082,"Streptococcus fermentans",17,1.21291321634476e-06,15.7,1.11797508155486e-06
283686,"Kosakonia radicincitans",16,1.14156538008919e-06,15.9,1.13345684844297e-06
1134687,"Klebsiella michiganensis",16,1.14156538008919e-06,15.4,1.10121552566061e-06
40994,"Penicillium hordei",16,1.14156538008919e-06,17,1.21122967384577e-06
2993430,"Streptococcus parapneumoniae",16,1.14156538008919e-06,20.1,1.43336954600251e-06
59298,"Streptomyces thermocarboxydovorans",16,1.14156538008919e-06,16.3,1.16332221999045e-06
1035377,"Yersinia pestis",15,1.07021754383361e-06,14.6,1.04186029856376e-06
2652292,"Hornefia porci",15,1.07021754383361e-06,18.3,1.30652783675399e-06
2093856,"Butyricimonas faecalis",15,1.07021754383361e-06,15.7,1.12202082350709e-06
61420,"Aspergillus caelatus",15,1.07021754383361e-06,15,1.0702176966649e-06
157792,"Halopseudomonas xiamenensis",15,1.07021754383361e-06,13,9.27654496516915e-07
1187928,"Alternaria incomplexa",15,1.07021754383361e-06,17.6,1.25682195748049e-06
428126,"Thomasclavelia spiroformis",15,1.07021754383361e-06,15.1,1.07527094691964e-06
38289,"Corynebacterium jeikeium",15,1.07021754383361e-06,13.7,9.79607665616105e-07
3031993,"Enterococcus montenegrensis",15,1.07021754383361e-06,15.5,1.10364427487246e-06
379893,"Trabulsiella odontotermitis",15,1.07021754383361e-06,14.6,1.04394298718402e-06
3133170,"Ventrimonas faecis",15,1.07021754383361e-06,15.1,1.08029544723745e-06
181172,"Vanrija albida",15,1.07021754383361e-06,18.9,1.34713676084288e-06
1776392,"Massilimicrobiota timonensis",15,1.07021754383361e-06,15.1,1.07530386650918e-06
NA,"unknown genome; accession ID isNZ_DAWEQI010000062.1",15,1.07021754383361e-06,15,1.07025669670332e-06
147207,"Collinsella intestinalis",15,1.07021754383361e-06,14.6,1.04188682005354e-06
100884,"Coprobacillus cateniformis",14,9.98869707578039e-07,18.2,1.30170478365575e-06
742726,"Barnesiella intestinihominis",14,9.98869707578039e-07,15.9,1.13322669441812e-06
1720315,"Hugonella massiliensis",14,9.98869707578039e-07,13.9,9.91201816222081e-07
471189,"Gordonibacter pamelaeae",14,9.98869707578039e-07,14,1.00213453085433e-06
2486023,"Levilactobacillus tongjiangensis",14,9.98869707578039e-07,14.1,1.00478225974628e-06
2546350,"Citrobacter arsenatis",14,9.98869707578039e-07,14.9,1.064759053548e-06
2607659,"Nocardioides antri",14,9.98869707578039e-07,14.3,1.01678209372635e-06
2764327,"Holdemanella hominis",14,9.98869707578039e-07,16.7,1.18844213261722e-06
2799577,"Lacticaseibacillus suilingensis",14,9.98869707578039e-07,14.9,1.06139534611671e-06
67826,"Citrobacter sedlakii",14,9.98869707578039e-07,13.4,9.53752624808433e-07
689904,"Tissierella carlieri",14,9.98869707578039e-07,14.2,1.01052890159181e-06
2834432,"Bifidobacterium pongonis",14,9.98869707578039e-07,12.7,9.08925875186161e-07
2949669,"Curtanaerobium respiraculi",14,9.98869707578039e-07,14,9.98869850112443e-07
1234842,"Mucilaginibacter phenanthrenivorans",14,9.98869707578039e-07,15.2,1.08479654394873e-06
2981725,"Brotonthovivens ammoniilytica",14,9.98869707578039e-07,14.1,1.0092057185713e-06
2981778,"Agathobaculum ammoniilyticum",14,9.98869707578039e-07,17.1,1.21919202535582e-06
3117552,"Bacteroides maternus",14,9.98869707578039e-07,14,1.00149726013849e-06
NA,"unknown genome; accession ID isNZ_DAWEQI010000001.1",14,9.98869707578039e-07,14,9.98872543456987e-07
2897707,"Merdimmobilis hominis",14,9.98869707578039e-07,14,1.00186830569274e-06
1345695,"Clostridium saccharobutylicum",13,9.27521871322465e-07,12.5,8.94296552634912e-07
53346,"Enterococcus mundtii",13,9.27521871322465e-07,24.1,1.72028733541312e-06
2579922,"Pseudomonas yangonensis",13,9.27521871322465e-07,13.7,9.78240116072884e-07
1121114,"Blautia producta",13,9.27521871322465e-07,12.7,9.07216809590871e-07
1805431,"Enterococcus saigonensis",13,9.27521871322465e-07,13.2,9.43840124621104e-07
2726742,"Flammeovirga agarivorans",13,9.27521871322465e-07,14.5,1.03787309927797e-06
394095,"Pyxidicoccus fallax",13,9.27521871322465e-07,13,9.28467560682897e-07
2699427,"Capillibacterium thermochitinicola",13,9.27521871322465e-07,14.2,1.01305154931568e-06
2909341,"Octadecabacter dasysiphoniae",13,9.27521871322465e-07,13,9.27522145016152e-07
438033,"Ruminococcus gauvreauii",13,9.27521871322465e-07,18.8,1.3379476862402e-06
1002107,"Penicillium psychrosexuale",13,9.27521871322465e-07,15.7,1.11840758701878e-06
1559,"Clostridium tertium",13,9.27521871322465e-07,13,9.28785738101809e-07
1852371,"Raoultibacter massiliensis",13,9.27521871322465e-07,12.6,9.02140129808266e-07
445970,"Alistipes putredinis",12,8.56174035066891e-07,11.6,8.28812349536286e-07
2153354,"Klebsiella huaxiensis",12,8.56174035066891e-07,12.9,9.18467823429682e-07
2494702,"Enterobacter huaxiensis",12,8.56174035066891e-07,13,9.24084178439375e-07
2530390,"Muribaculum gordoncarteri",12,8.56174035066891e-07,10.6,7.53845205649383e-07
67827,"Citrobacter werkmanii",12,8.56174035066891e-07,13.2,9.43241823973217e-07
2307010,"Candidatus Galacturonatibacter soehngenii",12,8.56174035066891e-07,12.1,8.66409019119218e-07
5059,"Aspergillus flavus",12,8.56174035066891e-07,12.3,8.78882337182177e-07
1287640,"Anaerococcus obesiensis",12,8.56174035066891e-07,11.6,8.26062913638309e-07
357441,"Enterococcus lactis",12,8.56174035066891e-07,19.1,1.36203505665664e-06
2881258,"Ruminococcus turbiniformis",12,8.56174035066891e-07,11.2,7.99542885882575e-07
36834,"Clostridium celatum",12,8.56174035066891e-07,12,8.58251236735602e-07
537006,"Parabacteroides johnsonii",12,8.56174035066891e-07,12,8.57366040907739e-07
168475,"Penicillium taxi",12,8.56174035066891e-07,12.4,8.833874768929e-07
1720204,"Collinsella ihumii",12,8.56174035066891e-07,12,8.56174175399167e-07
5088,"Thermoascus crustaceus",12,8.56174035066891e-07,12,8.56174157473353e-07
29374,"Filifactor villosus",12,8.56174035066891e-07,11.6,8.24584805485311e-07
3378067,"Butyricimonas sp. GBGM4",12,8.56174035066891e-07,12.3,8.79787977202347e-07
1121925,"Globicatella sulfidifaciens",12,8.56174035066891e-07,14.7,1.05162324438136e-06
2044573,"Anaerolactibacter massiliensis",12,8.56174035066891e-07,12.3,8.79147446109759e-07
626523,"Shuttleworthella satelles",11,7.84826198811316e-07,11.2,8.01221395982053e-07
1186058,"Trichosporon asahii",11,7.84826198811316e-07,11.7,8.33240282980438e-07
348802,"Exophiala xenobiotica",11,7.84826198811316e-07,10.8,7.67178250851604e-07
1871336,"Criibacterium bergeronii",11,7.84826198811316e-07,12.2,8.73328592646358e-07
150033,"Enterococcus ratti",11,7.84826198811316e-07,11.1,7.91232771542077e-07
304,"Roseateles saccharophilus",11,7.84826198811316e-07,10.3,7.37899109361882e-07
209559,"Aspergillus alliaceus",11,7.84826198811316e-07,11,7.84826314217552e-07
37727,"Talaromyces marneffei",11,7.84826198811316e-07,10.9,7.79092570739459e-07
2762246,"Clostridium gallinarum",11,7.84826198811316e-07,11.5,8.18357767158866e-07
246144,"Enterococcus italicus",11,7.84826198811316e-07,13.2,9.42197547008065e-07
3133091,"unknown genome; accession ID isNZ_JBBMER010000004.1",11,7.84826198811316e-07,11,7.85139641161786e-07
273131,"Nakaseomyces bracarensis",11,7.84826198811316e-07,12.4,8.82679679663425e-07
2941327,"Flintibacter muris",11,7.84826198811316e-07,11.1,7.92201889867002e-07
1834167,"Candidatus Enterococcus lemimoniae",10,7.13478362555742e-07,10,7.13478554575853e-07
1642702,"Paludifilum halophilum",10,7.13478362555742e-07,10.3,7.35056209223775e-07
2109915,"Simplicispira suum",10,7.13478362555742e-07,8.9,6.37045071082301e-07
2056311,"Algoriphagus lacus",10,7.13478362555742e-07,10.1,7.23526242266924e-07
2320879,"Parablautia muri",10,7.13478362555742e-07,9.5,6.79573281657141e-07
2675325,"Bifidobacterium erythrocebi",10,7.13478362555742e-07,11.5,8.21607146184353e-07
2763676,"Qingrenia yutianensis",10,7.13478362555742e-07,11.1,7.89935848295334e-07
35703,"Citrobacter amalonaticus",10,7.13478362555742e-07,10.5,7.48201268221905e-07
3002863,"Methanocorpusculum petauri",10,7.13478362555742e-07,9,6.42823470891291e-07
1132637,"Penicillium atrosanguineum",10,7.13478362555742e-07,10.5,7.52096257480315e-07
3028070,"Claveliimonas bilis",10,7.13478362555742e-07,10.5,7.47455982317501e-07
3133422,"Flavonifractor porci",10,7.13478362555742e-07,10.4,7.40794657689427e-07
1994,"Actinomadura rugatobispora",10,7.13478362555742e-07,10.1,7.20310086132476e-07
1513892,"Rhodopseudomonas pseudopalustris",10,7.13478362555742e-07,10.8,7.70358689405778e-07
1033744,"Peptoniphilus senegalensis",9,6.42130526300168e-07,11.5,8.1707614872931e-07
1401079,"Mogibacterium timidum",9,6.42130526300168e-07,10.1,7.22172228832718e-07
1336234,"Atopobacter phocae",9,6.42130526300168e-07,9.1,6.49151524622304e-07
1385512,"Pontibacillus litoralis",9,6.42130526300168e-07,9,6.42181831547155e-07
1945581,"Chryseobacterium mucoviscidosis",9,6.42130526300168e-07,9,6.42138075079475e-07
2652293,"Hornefia butyriciproducens",9,6.42130526300168e-07,11.4,8.12161408865787e-07
2899544,"Intestinirhabdus alba",9,6.42130526300168e-07,9.1,6.48725524607694e-07
1604897,"Clostridium fungisolvens",9,6.42130526300168e-07,10.8,7.71027474233401e-07
2763061,"Roseburia lenta",9,6.42130526300168e-07,9.1,6.46934240449813e-07
2763659,"Fumia xinanensis",9,6.42130526300168e-07,9,6.42743175324891e-07
658225,"Sphingomonas glacialis",9,6.42130526300168e-07,9.1,6.4659934827796e-07
2784388,"Clostridium vitabionis",9,6.42130526300168e-07,13.7,9.79610918216856e-07
990412,"Limosilactobacillus alvi",9,6.42130526300168e-07,9.1,6.45767011900238e-07
1463165,"Klebsiella quasipneumoniae",9,6.42130526300168e-07,9,6.41727977389667e-07
2891570,"Pseudocitrobacter corydidari",9,6.42130526300168e-07,9.6,6.88028923371748e-07
2924040,"Parabacteroides faecalis",9,6.42130526300168e-07,9.1,6.49194552045135e-07
5077,"Penicillium citrinum",9,6.42130526300168e-07,9.3,6.6477762308729e-07
333963,"Leucobacter iarius",9,6.42130526300168e-07,8.5,6.03430221554063e-07
358743,"Enterocloster citroniae",9,6.42130526300168e-07,9.3,6.62566031374291e-07
502577,"Actinoallomurus acaciae",9,6.42130526300168e-07,9.1,6.49963033691961e-07
482827,"Thermus arciformis",9,6.42130526300168e-07,9,6.42130617929428e-07
1987501,"Massiliimalia timonensis",9,6.42130526300168e-07,9.4,6.73087687905079e-07
2941507,"Senimuribacter intestinalis",9,6.42130526300168e-07,9,6.4241133241849e-07
2993455,"Lactobacillus isalae",9,6.42130526300168e-07,9,6.42282767557288e-07
942150,"Lactiplantibacillus xiangfangensis",9,6.42130526300168e-07,8.6,6.16650377245083e-07
1123279,"Spongiibacter tropicus",8,5.70782690044594e-07,7.6,5.43273808372496e-07
1123314,"Streptococcus plurextorum",8,5.70782690044594e-07,8.2,5.83636510349372e-07
28037,"Streptococcus mitis",8,5.70782690044594e-07,7.9,5.66337013394863e-07
2486000,"Lapidilactobacillus achengensis",8,5.70782690044594e-07,8.8,6.2635990090191e-07
2490633,"Streptococcus periodonticum",8,5.70782690044594e-07,9.1,6.46607994331091e-07
2493111,"Lacticaseibacillus hulanensis",8,5.70782690044594e-07,8.8,6.27491051064358e-07
3038145,"Palleniella muris",8,5.70782690044594e-07,8.3,5.94729459961486e-07
2211183,"Evtepia gabavorous",8,5.70782690044594e-07,8.3,5.90611090074941e-07
2605433,"Sphingobacterium phlebotomi",8,5.70782690044594e-07,8.1,5.81231955308272e-07
2719233,"Lacrimispora defluvii",8,5.70782690044594e-07,8.2,5.84483344494443e-07
237576,"Oribacterium sinus",8,5.70782690044594e-07,9.9,7.08006515900355e-07
2763675,"Jilunia laotingensis",8,5.70782690044594e-07,7.7,5.47202291659664e-07
40041,"Streptococcus equi",8,5.70782690044594e-07,8.2,5.83657496220628e-07
273372,"Candida metapsilosis",8,5.70782690044594e-07,9,6.39817542564039e-07
1159213,"Peptostreptococcus canis",8,5.70782690044594e-07,8.3,5.89783563810982e-07
2919913,"Shinella sedimenti",8,5.70782690044594e-07,8.6,6.1688580438505e-07
51288,"Kluyvera ascorbata",8,5.70782690044594e-07,9.1,6.4970644414718e-07
293559,"Penicillium concentricum",8,5.70782690044594e-07,13.6,9.6684978541731e-07
59310,"Streptococcus macedonicus",8,5.70782690044594e-07,8.2,5.83785024892488e-07
70346,"Acinetobacter variabilis",8,5.70782690044594e-07,10.9,7.75708738032501e-07
3231926,"Lacticaseibacillus jixiensis",8,5.70782690044594e-07,8.4,6.00879053206075e-07
1816676,"Alistipes provencensis",8,5.70782690044594e-07,9.4,6.67882117419942e-07
1852370,"Prevotellamassilia timonensis",8,5.70782690044594e-07,18.2,1.29742628740023e-06
1776391,"Romboutsia timonensis",8,5.70782690044594e-07,8,5.72154120669368e-07
1288121,"Alistipes senegalensis",8,5.70782690044594e-07,8.2,5.83428244401793e-07
2941233,"Acetatifactor aquisgranensis",8,5.70782690044594e-07,8.1,5.79358830206571e-07
484018,"Phocaeicola plebeius",7,4.9943485378902e-07,7.2,5.16544116290212e-07
796942,"Stomatobaculum longum",7,4.9943485378902e-07,7.3,5.20231499999531e-07
1123301,"Streptococcus didelphis",7,4.9943485378902e-07,7,4.99436750404106e-07
1158606,"Enterococcus asini",7,4.9943485378902e-07,7,5.01576670174731e-07
1329909,"Sphingobium quisquiliarum",7,4.9943485378902e-07,6.2,4.4510813758857e-07
1229662,"Pestalotiopsis fici",7,4.9943485378902e-07,7,5.02977266656851e-07
1499683,"Clostridium culturomicium",7,4.9943485378902e-07,7,5.004960358922e-07
1423766,"Lentilactobacillus kisonensis",7,4.9943485378902e-07,6.9,4.91382644996682e-07
1349765,"Enterococcus canis",7,4.9943485378902e-07,7,4.99922557667031e-07
2073160,"Acuticoccus kandeliae",7,4.9943485378902e-07,6.8,4.8394637862789e-07
1796634,"Muricomes intestini",7,4.9943485378902e-07,7,5.01082428529231e-07
2722702,"Salinimicrobium oceani",7,4.9943485378902e-07,7.4,5.29182443104151e-07
81950,"Gemelliphila palaticanis",7,4.9943485378902e-07,7.2,5.12224530967802e-07
508451,"Lactobacillus taiwanensis",7,4.9943485378902e-07,7,4.99847269229741e-07
2819233,"Microvirga antarctica",7,4.9943485378902e-07,7.2,5.1165976189213e-07
29369,"Clostridium sardiniense",7,4.9943485378902e-07,6,4.25214432572917e-07
472693,"Pantoea eucrina",7,4.9943485378902e-07,6.4,4.59443103865955e-07
2926292,"Lacticaseibacillus kribbianus",7,4.9943485378902e-07,6.7,4.75847888484755e-07
2951805,"Parabacteroides absconsus",7,4.9943485378902e-07,7.2,5.15518197223657e-07
2972466,"Tractidigestivibacter montrealensis",7,4.9943485378902e-07,7,4.99434925056221e-07
1964383,"Varibaculum timonense",7,4.9943485378902e-07,8.1,5.80794348467714e-07
63821,"Penicillium daleae",7,4.9943485378902e-07,7.3,5.1778068443764e-07
3098075,"Streptococcus dentalis",7,4.9943485378902e-07,7.8,5.56858573715324e-07
396014,"Brachybacterium phenoliresistens",7,4.9943485378902e-07,7,4.99434925056221e-07
152332,"Lentilactobacillus parakefiri",7,4.9943485378902e-07,5.9,4.22033388687633e-07
2725494,"Kluyvera sichuanensis",7,4.9943485378902e-07,8.3,5.9093071038996e-07
1903263,"Traorella massiliensis",7,4.9943485378902e-07,7.4,5.25370385740606e-07
1852386,"Thermophilibacter provencensis",7,4.9943485378902e-07,7.6,5.39491358761846e-07
2587528,"Klebsiella spallanzanii",7,4.9943485378902e-07,7.9,5.61947102907713e-07
546,"Citrobacter freundii",7,4.9943485378902e-07,7.6,5.40074686820954e-07
1544,"Faecalicatena orotica",7,4.9943485378902e-07,7,4.99567821327544e-07
742818,"Slackia piriformis",6,4.28087017533445e-07,6,4.30166097871886e-07
1414720,"Clostridium saudiense",6,4.28087017533445e-07,6.3,4.47914242390517e-07
1437608,"Bifidobacterium biavatii",6,4.28087017533445e-07,6.7,4.76297659675117e-07
215243,"Exophiala oligosperma",6,4.28087017533445e-07,6.1,4.36336800902822e-07
1408163,"Rasamsonia emersonii",6,4.28087017533445e-07,6,4.28087079583929e-07
1423782,"Limosilactobacillus panis",6,4.28087017533445e-07,6.4,4.54671858441682e-07
328396,"Enterococcus aquimarinus",6,4.28087017533445e-07,6,4.28377214339264e-07
501571,"Butyricicoccus pullicaecorum",6,4.28087017533445e-07,6,4.29050656303911e-07
2024554,"Virgibacillus indicus",6,4.28087017533445e-07,6.1,4.34605620650535e-07
2026339,"Oceanibium sediminis",6,4.28087017533445e-07,5.5,3.9327850471885e-07
2316736,"Corallococcus exercitus",6,4.28087017533445e-07,6,4.28087223768468e-07
2306975,"Bifidobacterium goeldii",6,4.28087017533445e-07,5.8,4.11457144354355e-07
2028345,"Pollutimonas thiosulfatoxidans",6,4.28087017533445e-07,7.1,5.03124501152185e-07
2305227,"Longirhabdus pacifica",6,4.28087017533445e-07,8.6,6.12504363261e-07
1796618,"Cuneatibacter caecimuris",6,4.28087017533445e-07,6.1,4.35626218701614e-07
2562449,"Citrobacter tructae",6,4.28087017533445e-07,6.3,4.47851280278952e-07
2608684,"Paenibacillus tengchongensis",6,4.28087017533445e-07,6,4.28168217242171e-07
2606638,"Bullifex porci",6,4.28087017533445e-07,6.2,4.44495953076273e-07
2763067,"Streptococcus hominis",6,4.28087017533445e-07,4.7,3.36273035472948e-07
2763644,"Zhenpiania hominis",6,4.28087017533445e-07,6.6,4.71975788615915e-07
2800387,"Prevotella illustrans",6,4.28087017533445e-07,6.5,4.62594716836146e-07
45513,"Scheffersomyces spartinae",6,4.28087017533445e-07,5.6,3.96092937413011e-07
3036303,"Peptoniphilus genitalis",6,4.28087017533445e-07,7,5.00371686568341e-07
70096,"Penicillium cinerascens",6,4.28087017533445e-07,6,4.31108938929857e-07
1522312,"Kingella negevensis",6,4.28087017533445e-07,6,4.28203260418556e-07
3108533,"Anaerofustis butyriciformans",6,4.28087017533445e-07,6,4.29850242758709e-07
3133165,"Solibaculum intestinale",6,4.28087017533445e-07,6.4,4.56380116421623e-07
29389,"Streptococcus alactolyticus",6,4.28087017533445e-07,7.7,5.50060044879647e-07
3366579,"Aeromonas sp. A-8",6,4.28087017533445e-07,5.7,4.06254798357804e-07
NA,"unknown genome; accession ID isNZ_LT671675.1",6,4.28087017533445e-07,8.3,5.92035218036236e-07
733,"Canicola haemoglobinophilus",6,4.28087017533445e-07,5.6,4.01483084866939e-07
764290,"Streptococcus downei",6,4.28087017533445e-07,6,4.27527139219127e-07
164,"Treponema pectinovorum",6,4.28087017533445e-07,6.5,4.61764524119422e-07
535290,"Legionella nagasakiensis",6,4.28087017533445e-07,5.9,4.19024713909934e-07
523794,"Leptotrichia buccalis",5,3.56739181277871e-07,6.3,4.48022814224359e-07
510516,"Aspergillus oryzae",5,3.56739181277871e-07,5.3,3.79152477937214e-07
1234382,"Thauera phenylacetica",5,3.56739181277871e-07,5.9,4.20694939385529e-07
1122988,"Hoylesella nanceiensis",5,3.56739181277871e-07,5.1,3.66146273340529e-07
312540,"Acidiplasma cupricumulans",5,3.56739181277871e-07,5,3.56739243601993e-07
5078,"Penicillium griseofulvum",5,3.56739181277871e-07,5.8,4.1119841490763e-07
375175,"Loigolactobacillus backii",5,3.56739181277871e-07,6.3,4.49945835667966e-07
392416,"Companilactobacillus crustorum",5,3.56739181277871e-07,5.2,3.69814501618952e-07
272773,"Salinivibrio costicola",5,3.56739181277871e-07,5,3.56741442786252e-07
1082851,"Comamonas serinivorans",5,3.56739181277871e-07,5,3.56739232183015e-07
1796620,"Acutalibacter muris",5,3.56739181277871e-07,5.1,3.65281600805721e-07
2014742,"Vibrio tarriae",5,3.56739181277871e-07,4.6,3.29441825288346e-07
1977869,"Vagococcus vulneris",5,3.56739181277871e-07,5,3.57681184965928e-07
633807,"Vagococcus penaei",5,3.56739181277871e-07,5,3.56739232183015e-07
2509433,"Senegalimassilia faecalis",5,3.56739181277871e-07,5.7,4.03707781783081e-07
2584944,"Sutterella faecalis",5,3.56739181277871e-07,4.7,3.33717441970129e-07
2055836,"Natronococcus pandeyae",5,3.56739181277871e-07,4.3,3.05275889553289e-07
88233,"Lacticaseibacillus manihotivorans",5,3.56739181277871e-07,4.9,3.52007704575597e-07
2583452,"Amedibacterium intestinale",5,3.56739181277871e-07,5.3,3.80186281525113e-07
2527672,"Vibrio chemaguriensis",5,3.56739181277871e-07,3.6,2.54775434451984e-07
2740817,"Paramixta manurensis",5,3.56739181277871e-07,5,3.57833836221501e-07
596085,"Prevotella aurantiaca",5,3.56739181277871e-07,5,3.56882295110456e-07
2763540,"Actinomyces trachealis",5,3.56739181277871e-07,4.6,3.26064798351361e-07
2809028,"Bifidobacterium santillanense",5,3.56739181277871e-07,4.1,2.91668714302458e-07
2816244,"Rahnella perminowiae",5,3.56739181277871e-07,5,3.56739232183015e-07
2885357,"Hominenteromicrobium mulieris",5,3.56739181277871e-07,5.8,4.1174768414329e-07
65700,"Erwinia tracheiphila",5,3.56739181277871e-07,4.8,3.43038912994341e-07
1411144,"Bacteroides caecigallinarum",5,3.56739181277871e-07,5.2,3.70287567811514e-07
2926519,"Scandinavium hiltneri",5,3.56739181277871e-07,3.4,2.40344519750235e-07
2850323,"Diplocloster agilis",5,3.56739181277871e-07,5.4,3.82081214257891e-07
29375,"Lacrimispora xylanolytica",5,3.56739181277871e-07,4.5,3.20125638979212e-07
1437816,"Methylopila turkensis",5,3.56739181277871e-07,5.1,3.658015968927e-07
3029272,"Amygdalobacter indicium",5,3.56739181277871e-07,5.3,3.77799331385708e-07
265178,"Breznakia pachnodae",5,3.56739181277871e-07,5,3.56895093873429e-07
3073100,"Candidatus Cetobacterium colombiensis",5,3.56739181277871e-07,5.1,3.62944481816721e-07
650003,"Vibrio paracholerae",5,3.56739181277871e-07,5.5,3.94115048311356e-07
638574,"Nonomuraea rosea",5,3.56739181277871e-07,5,3.5674232883855e-07
427369,"Streptomonospora halophila",5,3.56739181277871e-07,5,3.56770788682567e-07
3133162,"Ruminococcoides intestinale",5,3.56739181277871e-07,5.6,3.98042270499586e-07
1691903,"Mangrovibacter phragmitis",5,3.56739181277871e-07,5.2,3.71184789057552e-07
1651218,"Delftia deserti",5,3.56739181277871e-07,4.1,2.93020497382311e-07
1335613,"Gordonibacter urolithinfaciens",5,3.56739181277871e-07,7.4,5.27236350545355e-07
1841856,"Bacteroides mediterraneensis",5,3.56739181277871e-07,7.2,5.16502997036393e-07
1122155,"Lactonifactor longoviformis",5,3.56739181277871e-07,6.1,4.33144105438523e-07
1917878,"Prevotella ihumii",5,3.56739181277871e-07,5.7,4.07240505083918e-07
290054,"Eubacterium coprostanoligenes",5,3.56739181277871e-07,5,3.57255118918842e-07
1836972,"Frankia canadensis",5,3.56739181277871e-07,5.1,3.62699584583425e-07
1340,"Streptococcus porcinus",5,3.56739181277871e-07,5.2,3.73125603097625e-07
596315,"Peptostreptococcus stomatis",4,2.85391345022297e-07,5.3,3.81153102708383e-07
428127,"Amedibacillus dolichus",4,2.85391345022297e-07,4.1,2.90567751776986e-07
887899,"Mobiluncus holmesii",4,2.85391345022297e-07,4,2.85767480588381e-07
889204,"Streptococcus infantis",4,2.85391345022297e-07,3.9,2.81668695136795e-07
742817,"Odoribacter laneus",4,2.85391345022297e-07,4.2,2.97501727308787e-07
1095768,"Phytobacter massiliensis",4,2.85391345022297e-07,3.7,2.62234295946917e-07
1123298,"Streptococcus caballi",4,2.85391345022297e-07,4.1,2.94756868662614e-07
1123305,"Streptococcus hyovaginalis",4,2.85391345022297e-07,4.9,3.51295469021904e-07
1291050,"Ruminiclostridium josui",4,2.85391345022297e-07,4,2.85413721278465e-07
1224164,"Corynebacterium vitaeruminis",4,2.85391345022297e-07,4.5,3.18904550970612e-07
5857,"Plasmodium fragile",4,2.85391345022297e-07,4,2.86706978397681e-07
1194083,"Nostocoides japonicum",4,2.85391345022297e-07,4,2.85899658052062e-07
NA,"unknown genome; accession ID isNZ_CP012480.1",4,2.85391345022297e-07,4.3,3.06508406582958e-07
1291764,"Lactococcus fujiensis",4,2.85391345022297e-07,4,2.85545980393546e-07
2045440,"Bifidobacterium felsineum",4,2.85391345022297e-07,4,2.85697590506231e-07
1981510,"Monoglobus pectinilyticus",4,2.85391345022297e-07,3.6,2.56629715698247e-07
44139,"Thauera aromatica",4,2.85391345022297e-07,3.4,2.44735506333029e-07
515440,"Oceanotoga teriensis",4,2.85391345022297e-07,4,2.85396490469554e-07
1300307,"Mesorhizobium waimense",4,2.85391345022297e-07,4,2.85391451457016e-07
1433513,"Streptococcus gwangjuensis",4,2.85391345022297e-07,5.1,3.62126489110509e-07
158877,"Yokenella regensburgei",4,2.85391345022297e-07,4,2.85413570207223e-07
72026,"Helcococcus ovis",4,2.85391345022297e-07,4.2,3.00221324271383e-07
1457217,"Lactiplantibacillus plajomi",4,2.85391345022297e-07,3.8,2.72691284694478e-07
180434,"Morganella morganii",4,2.85391345022297e-07,4.1,2.89501026633448e-07
2605638,"Bradyrhizobium hipponense",4,2.85391345022297e-07,3.6,2.58052375225036e-07
762209,"Bifidobacterium callitrichos",4,2.85391345022297e-07,4.3,3.03430411393128e-07
2690837,"Eggerthella guodeyinii",4,2.85391345022297e-07,4.9,3.5095844464097e-07
2716335,"Falsiroseomonas selenitidurans",4,2.85391345022297e-07,4,2.87471955456228e-07
1485586,"Streptomyces calidiresistens",4,2.85391345022297e-07,4,2.85547604234355e-07
700500,"Catenisphaera adipataccumulans",4,2.85391345022297e-07,3.9,2.79303916774218e-07
1727145,"Anaerocolumna chitinilytica",4,2.85391345022297e-07,3.9,2.75291943581952e-07
2763033,"Christensenella tenuis",4,2.85391345022297e-07,3.9,2.81693207505907e-07
2763037,"Clostridium lentum",4,2.85391345022297e-07,4.1,2.9053601383637e-07
2763645,"Lentihominibacter hominis",4,2.85391345022297e-07,4.4,3.1091082672723e-07
1398493,"Pseudocitrobacter faecalis",4,2.85391345022297e-07,5.1,3.6603821688441e-07
40518,"Ruminococcus bromii",4,2.85391345022297e-07,4,2.85451125881513e-07
2779358,"Gallalistipes aquisgranensis",4,2.85391345022297e-07,4,2.86181377343009e-07
2780922,"Solibaculum mannosilyticum",4,2.85391345022297e-07,7.6,5.4429547354046e-07
2665504,"Clostridium chrysemydis",4,2.85391345022297e-07,5.8,4.17335978828408e-07
93378,"Edwardsiella hoshinae",4,2.85391345022297e-07,3.1,2.22240768636607e-07
2815722,"Nocardia noduli",4,2.85391345022297e-07,4,2.85559871342538e-07
1563222,"Citrobacter pasteurii",4,2.85391345022297e-07,4,2.82664180291804e-07
2815733,"Tenebrionicola larvae",4,2.85391345022297e-07,4.2,3.02251366642653e-07
704125,"Clostridium gelidum",4,2.85391345022297e-07,3.7,2.65660746102127e-07
2885356,"Hominilimicola fabiformis",4,2.85391345022297e-07,6.1,4.32277214349417e-07
1529,"Clostridium cadaveris",4,2.85391345022297e-07,4.7,3.34346132526433e-07
679190,"Hoylesella buccalis",4,2.85391345022297e-07,4.6,3.27393580287341e-07
2914924,"Gardnerella pickettii",4,2.85391345022297e-07,4,2.8656640325048e-07
3075546,"Blastococcus goldschmidtiae",4,2.85391345022297e-07,4,2.85391387864479e-07
2963365,"Turicibacter faecis",4,2.85391345022297e-07,4,2.86049546861401e-07
1737,"Paraclostridium tenue",4,2.85391345022297e-07,4.1,2.95166456286117e-07
414052,"Caenispirillum bisanense",4,2.85391345022297e-07,4,2.8545018263951e-07
3095078,"Streptococcus wuxiensis",4,2.85391345022297e-07,4.1,2.90499639225848e-07
1602169,"Prevotella pectinovora",4,2.85391345022297e-07,4.2,2.98983910304984e-07
3097367,"Actinomadura monticuli",4,2.85391345022297e-07,4,2.85391385746412e-07
1243002,"Vibrio olivae",4,2.85391345022297e-07,4.1,2.9066227951341e-07
176160,"Aspergillus ambiguus",4,2.85391345022297e-07,4,2.8539138578206e-07
1401087,"Dickeya aquatica",4,2.85391345022297e-07,3.7,2.64299113731548e-07
81409,"Eubacterium aggregans",4,2.85391345022297e-07,4.2,3.01659512055376e-07
29364,"[Clostridium] polysaccharolyticum",4,2.85391345022297e-07,4.7,3.3887842243902e-07
44008,"Enterococcus cecorum",4,2.85391345022297e-07,4.2,2.98684449671241e-07
2941517,"Hominisplanchenecus murintestinalis",4,2.85391345022297e-07,5.2,3.70477712466795e-07
295089,"Pontixanthobacter luteolus",4,2.85391345022297e-07,4,2.88001792271901e-07
28151,"Serratia proteamaculans",4,2.85391345022297e-07,4,2.85474254770371e-07
441959,"Talaromyces stipitatus",3,2.14043508766723e-07,3.3,2.35776643307154e-07
662755,"Corynebacterium resistens",3,2.14043508766723e-07,3.5,2.4790179453437e-07
1118060,"Enorma massiliensis",3,2.14043508766723e-07,3.5,2.51353487457247e-07
1071380,"Henningerozyma blattae",3,2.14043508766723e-07,3,2.14121837212961e-07
1122217,"Megamonas rupellensis",3,2.14043508766723e-07,3.5,2.49147621335565e-07
880526,"Rikenella microfusus",3,2.14043508766723e-07,3.1,2.20546586361519e-07
1501230,"Paenibacillus tyrfis",3,2.14043508766723e-07,3.2,2.27038246523291e-07
78343,"Bifidobacterium boum",3,2.14043508766723e-07,3.3,2.33632362864897e-07
762211,"Bifidobacterium stellenboschense",3,2.14043508766723e-07,3.3,2.37925867261932e-07
290052,"Acetivibrio ethanolgignens",3,2.14043508766723e-07,3.3,2.33203367567527e-07
1720298,"Peptoniphilus phoceensis",3,2.14043508766723e-07,3.1,2.24432499759015e-07
1162717,"Pseudostreptobacillus hongkongensis",3,2.14043508766723e-07,3,2.14129548163916e-07
1218112,"Kluyvera cryocrescens",3,2.14043508766723e-07,4.8,3.39668350422877e-07
109790,"Lactobacillus jensenii",3,2.14043508766723e-07,3,2.14043539309809e-07
1121267,"Campylobacter cuniculorum",3,2.14043508766723e-07,3,2.14043539309809e-07
1905142,"Amycolatopsis vastitatis",3,2.14043508766723e-07,3.6,2.57028882141025e-07
2045441,"Bifidobacterium simiarum",3,2.14043508766723e-07,3,2.1413490158594e-07
61171,"Holdemania filiformis",3,2.14043508766723e-07,3,2.15131479447723e-07
1578198,"Neobacillus notoginsengisoli",3,2.14043508766723e-07,4.2,2.98439403207414e-07
225345,"Clostridium chromiireducens",3,2.14043508766723e-07,3,2.14348848664635e-07
230658,"Paraeggerthella hongkongensis",3,2.14043508766723e-07,3.2,2.29665361126285e-07
2485123,"Photobacterium chitinilyticum",3,2.14043508766723e-07,3,2.15065373969172e-07
1525360,"Hymenobacter wooponensis",3,2.14043508766723e-07,3,2.14043541502897e-07
2528639,"Mariprofundus erugo",3,2.14043508766723e-07,3,2.14043674023685e-07
2597270,"Alkalicoccobacillus porphyridii",3,2.14043508766723e-07,3,2.14044789343528e-07
657276,"Vogesella mureinivorans",3,2.14043508766723e-07,2.7,1.93233399119784e-07
665913,"Mixta calida",3,2.14043508766723e-07,3.6,2.54413766401757e-07
162,"Treponema phagedenis",3,2.14043508766723e-07,3,2.14927518436148e-07
2137581,"Ellagibacter isourolithinifaciens",3,2.14043508766723e-07,3,2.17336649833642e-07
1618,"Liquorilactobacillus mali",3,2.14043508766723e-07,2.9,2.10229011558932e-07
551989,"Kosakonia arachidis",3,2.14043508766723e-07,3.1,2.20799902115146e-07
180957,"Pectobacterium brasiliense",3,2.14043508766723e-07,3.2,2.26097716216119e-07
1857217,"Candidatus Enterococcus huntleyi",3,2.14043508766723e-07,2.3,1.61485645263904e-07
2714950,"Tessaracoccus coleopterorum",3,2.14043508766723e-07,3,2.17469954026196e-07
393006,"Tamlana crocina",3,2.14043508766723e-07,4.3,3.09977671485606e-07
67828,"Citrobacter gillenii",3,2.14043508766723e-07,3,2.17492178827701e-07
2763053,"Lawsonibacter hominis",3,2.14043508766723e-07,3,2.14001959057204e-07
67318,"Streptomyces litmocidini",3,2.14043508766723e-07,3.5,2.46420454068572e-07
160404,"Anaerotignum lactatifermentans",3,2.14043508766723e-07,3.3,2.32192588121398e-07
1258,"Peptoniphilus asaccharolyticus",3,2.14043508766723e-07,3.3,2.35496852386851e-07
483206,"Mesorhizobium caraganae",3,2.14043508766723e-07,3,2.14043584128732e-07
290055,"Faecalicatena fissicatena",3,2.14043508766723e-07,3.1,2.22089439137188e-07
1008308,"Fusibacter tunisiensis",3,2.14043508766723e-07,3,2.14405704566951e-07
2781599,"Streptococcus oriscaviae",3,2.14043508766723e-07,2.8,1.99878673377839e-07
2841596,"Hallella faecis",3,2.14043508766723e-07,3.3,2.32821545371978e-07
2815723,"Nocardia alni",3,2.14043508766723e-07,3,2.14043543401703e-07
2796366,"Comamonas fluminis",3,2.14043508766723e-07,3,2.14043627398228e-07
69218,"Enterobacter cancerogenus",3,2.14043508766723e-07,3.3,2.37163299966112e-07
3044279,"Massilia hydrophila",3,2.14043508766723e-07,3,2.14043539309809e-07
2907145,"Rhodobacter flavimaris",3,2.14043508766723e-07,2.8,1.99189634710724e-07
2920385,"Halomonas flagellata",3,2.14043508766723e-07,2.8,2.0251888148307e-07
2949651,"Parabacteroides sp. TA-V-105",3,2.14043508766723e-07,3,2.14531323573606e-07
255519,"Atlantibacter subterraneus",3,2.14043508766723e-07,3.4,2.44885297377434e-07
1337051,"Murimonas intestini",3,2.14043508766723e-07,3,2.15446311915013e-07
2981793,"Phocaeicola fibrisolvens",3,2.14043508766723e-07,3.2,2.2945087642578e-07
2838522,"Candidatus Collinsella stercoripullorum",3,2.14043508766723e-07,3,2.15922439831032e-07
1506179,"Penicillium alfredii",3,2.14043508766723e-07,3,2.15795689681091e-07
1131564,"Penicillium cosmopolitanum",3,2.14043508766723e-07,7.4,5.27348165802083e-07
2758443,"Mixta mediterraneensis",3,2.14043508766723e-07,3.1,2.19069125632961e-07
66882,"Streptomyces cuspidosporus",3,2.14043508766723e-07,3,2.14045180655381e-07
111803,"Actinocorallia longicatena",3,2.14043508766723e-07,3,2.14143495904486e-07
3112843,"Pseudocitrobacter cyperus",3,2.14043508766723e-07,3,2.15026509541511e-07
3133178,"Flavonifractor hominis",3,2.14043508766723e-07,3,2.14192496012042e-07
558537,"Delftia lacustris",3,2.14043508766723e-07,2.9,2.1015287625124e-07
701526,"Streptococcus porcorum",3,2.14043508766723e-07,3.1,2.19516090548292e-07
69220,"Lelliottia nimipressuralis",3,2.14043508766723e-07,2.2,1.59674602794161e-07
1134781,"Methylopila musalis",3,2.14043508766723e-07,3,2.16431993395639e-07
453959,"Enterococcus camelliae",3,2.14043508766723e-07,3.1,2.19679625651024e-07
440079,"Aeromonas bivalvium",3,2.14043508766723e-07,3.1,2.18134744694228e-07
433293,"Anaerotaenia torta",3,2.14043508766723e-07,3,2.15937323954158e-07
1122142,"Lachnobacterium bovis",3,2.14043508766723e-07,3.7,2.65298280046896e-07
2024205,"Urinicoccus timonensis",3,2.14043508766723e-07,3.2,2.26383009587515e-07
1926283,"Lachnoclostridium edouardi",3,2.14043508766723e-07,4.3,3.05939643787251e-07
2606893,"Magnusiomyces paraingens",3,2.14043508766723e-07,3,2.14043539309809e-07
1650663,"Allofournierella massiliensis",3,2.14043508766723e-07,3.6,2.54338127377734e-07
357809,"Lachnoclostridium phytofermentans",2,1.42695672511148e-07,2,1.46062395897451e-07
701347,"[Enterobacter] lignolyticus",2,1.42695672511148e-07,2,1.43721917287286e-07
1000568,"Megasphaera lornae",2,1.42695672511148e-07,2.5,1.78158515143202e-07
868129,"Prevotella bivia",2,1.42695672511148e-07,2.1,1.50577971679402e-07
1123311,"Streptococcus orisratti",2,1.42695672511148e-07,2.2,1.57584493542461e-07
1121109,"Bifidobacterium minimum",2,1.42695672511148e-07,2,1.44907822266885e-07
1123315,"Streptococcus porci",2,1.42695672511148e-07,1.9,1.35667345221702e-07
5802,"Eimeria tenella",2,1.42695672511148e-07,2,1.44664570269593e-07
28031,"Lysinibacillus fusiformis",2,1.42695672511148e-07,2,1.43668705198431e-07
1005994,"Trabulsiella guamensis",2,1.42695672511148e-07,2.1,1.52723845346656e-07
1177154,"Alcanivorax nanhaiticus",2,1.42695672511148e-07,2.1,1.4845300402126e-07
1081103,"Metarhizium album",2,1.42695672511148e-07,2,1.42695692873206e-07
633415,"Aeromonas sanarellii",2,1.42695672511148e-07,2,1.44267555553215e-07
212818,"Exophiala mesophila",2,1.42695672511148e-07,2.1,1.52094510463106e-07
1505,"Paraclostridium sordellii",2,1.42695672511148e-07,2.1,1.48049685786761e-07
579748,"Vibrio galatheae",2,1.42695672511148e-07,2,1.42695692873206e-07
1610491,"Lampropedia cohaerens",2,1.42695672511148e-07,2,1.42695783450473e-07
1114964,"Sphingobium baderi",2,1.42695672511148e-07,3,2.15081033611281e-07
1329411,"Bifidobacterium aesculapii",2,1.42695672511148e-07,3.5,2.49042860404862e-07
397457,"Gulbenkiania mobilis",2,1.42695672511148e-07,2,1.42695692873206e-07
58627,"Debaryomyces fabryi",2,1.42695672511148e-07,2.2,1.56978122709171e-07
1812935,"Enterobacter roggenkampii",2,1.42695672511148e-07,2.8,1.98866920926334e-07
1712031,"Streptobacillus notomytis",2,1.42695672511148e-07,2.6,1.88145639855958e-07
29367,"Clostridium puniceum",2,1.42695672511148e-07,2.2,1.54387650753318e-07
2019431,"Thauera propionica",2,1.42695672511148e-07,2.1,1.50173959607733e-07
1630166,"Bifidobacterium myosotis",2,1.42695672511148e-07,2.1,1.4645704183935e-07
2020506,"Tetzosporium hominis",2,1.42695672511148e-07,2,1.42695700264631e-07
417368,"Enterococcus thailandicus",2,1.42695672511148e-07,2,1.42835030700013e-07
1111760,"Streptococcus troglodytae",2,1.42695672511148e-07,2,1.42784788249338e-07
1712665,"Agathobacter ruminis",2,1.42695672511148e-07,2,1.45310821635468e-07
641147,"Simonsiella muelleri",2,1.42695672511148e-07,2,1.42704351397757e-07
114527,"Mogibacterium diversum",2,1.42695672511148e-07,2.3,1.61460870230609e-07
1945871,"Hallerella porci",2,1.42695672511148e-07,2,1.43653443466503e-07
2249428,"Aliidiomarina celeris",2,1.42695672511148e-07,3,2.14050513858911e-07
242230,"Eggerthella sinensis",2,1.42695672511148e-07,2,1.45271327866092e-07
2307076,"Teichococcus vastitatis",2,1.42695672511148e-07,2.7,1.93112817432068e-07
2316722,"Corallococcus aberystwythensis",2,1.42695672511148e-07,2,1.42696651619953e-07
143387,"Fusobacterium necrophorum",2,1.42695672511148e-07,1.6,1.16732538202664e-07
2486014,"Lacticaseibacillus daqingensis",2,1.42695672511148e-07,2.2,1.55820064773958e-07
2485999,"Lapidilactobacillus mulanensis",2,1.42695672511148e-07,1.9,1.38529541801465e-07
2486017,"Loigolactobacillus zhaoyuanensis",2,1.42695672511148e-07,2.6,1.87334052266126e-07
2306972,"Bifidobacterium castoris",2,1.42695672511148e-07,2,1.42695699621657e-07
453575,"Allopusillimonas ginsengisoli",2,1.42695672511148e-07,2,1.44754260999719e-07
1242993,"Ehrlichia minasensis",2,1.42695672511148e-07,2.4,1.69278216751652e-07
2529380,"Kosakonia quasisacchari",2,1.42695672511148e-07,2,1.44335688266677e-07
2518971,"Duncaniella dubosii",2,1.42695672511148e-07,2.7,1.96163717903113e-07
2510188,"Campylobacter taeniopygiae",2,1.42695672511148e-07,2.1,1.4895415527525e-07
2020715,"Thalassotalea litorea",2,1.42695672511148e-07,2.5,1.75316470945915e-07
2213161,"Modestobacter excelsi",2,1.42695672511148e-07,2,1.42695693228252e-07
157691,"Leptotrichia shahii",2,1.42695672511148e-07,2.2,1.54330863190773e-07
2797506,"Enterobacter dykesii",2,1.42695672511148e-07,2.3,1.62464602620988e-07
2478464,"Enterobacter oligotrophicus",2,1.42695672511148e-07,2.7,1.89337866330645e-07
2916441,"Adlercreutzia rubneri",2,1.42695672511148e-07,2,1.42696165187015e-07
2607663,"Yersinia canariae",2,1.42695672511148e-07,2.4,1.70489204559583e-07
2661628,"Bifidobacterium platyrrhinorum",2,1.42695672511148e-07,2,1.43055698331991e-07
1798155,"Bifidobacterium aerophilum",2,1.42695672511148e-07,2.5,1.76128429936833e-07
2675323,"Bifidobacterium moraviense",2,1.42695672511148e-07,2.1,1.52316074523977e-07
1292134,"Stenotrophomonas africana",2,1.42695672511148e-07,2,1.42695690198289e-07
2722820,"Actinomyces faecalis",2,1.42695672511148e-07,2,1.4302734915205e-07
943830,"Tardiphaga robiniae",2,1.42695672511148e-07,2.4,1.7276716283296e-07
2743470,"Comamonas antarctica",2,1.42695672511148e-07,2.5,1.7526870003136e-07
1538103,"Pseudochelatococcus contaminans",2,1.42695672511148e-07,2.2,1.54794598115359e-07
2764326,"Fusobacterium hominis",2,1.42695672511148e-07,2.7,1.89601706790277e-07
1795310,"Paracoccus acridae",2,1.42695672511148e-07,2,1.42695692873206e-07
267818,"Lactobacillus kefiranofaciens",2,1.42695672511148e-07,1.2,8.58735423208029e-08
1603886,"Bifidobacterium lemurum",2,1.42695672511148e-07,2,1.42696345881198e-07
2779351,"Claveliimonas monacensis",2,1.42695672511148e-07,2,1.42767520421738e-07
1646340,"Kosakonia pseudosacchari",2,1.42695672511148e-07,2.1,1.51620885021877e-07
1912939,"Suillus fuscotomentosus",2,1.42695672511148e-07,2.4,1.67782410808653e-07
43769,"Corynebacterium propinquum",2,1.42695672511148e-07,1.7,1.23429981379171e-07
1748967,"Citrobacter cronae",2,1.42695672511148e-07,2.3,1.61351197354085e-07
1349416,"Streptococcus saliviloxodontae",2,1.42695672511148e-07,2,1.42696011649194e-07
876,"Desulfovibrio desulfuricans",2,1.42695672511148e-07,2.4,1.70059994206349e-07
2100821,"Lacticaseibacillus chiayiensis",2,1.42695672511148e-07,2.8,1.98973207652113e-07
2068655,"Novisyntrophococcus fermenticellae",2,1.42695672511148e-07,2,1.43499940928426e-07
71452,"Enterococcus raffinosus",2,1.42695672511148e-07,2.4,1.6838662917086e-07
2834437,"Bifidobacterium miconisargentati",2,1.42695672511148e-07,1.9,1.37482063146067e-07
2026240,"Klebsiella quasivariicola",2,1.42695672511148e-07,2.2,1.57205526927959e-07
2489010,"Klebsiella africana",2,1.42695672511148e-07,2.3,1.62625514536773e-07
363952,"Comamonas thiooxydans",2,1.42695672511148e-07,1.7,1.208530433893e-07
168172,"Puccinia striiformis",2,1.42695672511148e-07,1.5,1.10518660210608e-07
2899785,"Huaxiibacter chinensis",2,1.42695672511148e-07,2,1.44297745251096e-07
2917790,"Wielerella bovis",2,1.42695672511148e-07,2,1.42695692873206e-07
2867964,"Croceicoccus hydrothermalis",2,1.42695672511148e-07,2.1,1.53393448525004e-07
322095,"Porphyromonas somerae",2,1.42695672511148e-07,2.4,1.69294248457692e-07
544645,"Butyricimonas virosa",2,1.42695672511148e-07,3,2.13248327746165e-07
518636,"Enterocloster asparagiformis",2,1.42695672511148e-07,2.6,1.84302047413986e-07
2077090,"Vibrio gangliei",2,1.42695672511148e-07,2.1,1.48990548560908e-07
1131581,"Penicillium argentinense",2,1.42695672511148e-07,2,1.43419512272867e-07
1324776,"Penicillium malachiteum",2,1.42695672511148e-07,2.7,1.90618139415625e-07
2977629,"Arthrobacter vasquezii",2,1.42695672511148e-07,2,1.42695692873206e-07
669,"Vibrio harveyi",2,1.42695672511148e-07,3.5,2.46724409982556e-07
1462571,"Bacteroides gallinaceum",2,1.42695672511148e-07,2.3,1.62242473109325e-07
1451356,"Streptococcus moroccensis",2,1.42695672511148e-07,2.4,1.7442640846724e-07
3028084,"Streptococcus iners",2,1.42695672511148e-07,2.9,2.04575757067399e-07
2703794,"Serratia nevei",2,1.42695672511148e-07,2.4,1.71615321063716e-07
558541,"Shewanella chilikensis",2,1.42695672511148e-07,3,2.12317091929501e-07
47880,"Pseudomonas fulva",2,1.42695672511148e-07,3.7,2.6447353583869e-07
2497875,"Enterobacter chuandaensis",2,1.42695672511148e-07,2.5,1.80102068369838e-07
3133091,"unknown genome; accession ID isNZ_JBBMER010000005.1",2,1.42695672511148e-07,2,1.4269569694148e-07
2781224,"Neodothiora populina",2,1.42695672511148e-07,2.1,1.50092101267084e-07
1715645,"Paracoccus mangrovi",2,1.42695672511148e-07,2.1,1.46881937722381e-07
3350256,"Comamonas trifloxystrobinivorans",2,1.42695672511148e-07,2.2,1.56996205541069e-07
3367746,"Aeromonas sp. A-5",2,1.42695672511148e-07,3.4,2.43320342829755e-07
206506,"Kerstersia gyiorum",2,1.42695672511148e-07,2.2,1.57669855082805e-07
1947037,"Candidatus Pantoea rara",2,1.42695672511148e-07,2.3,1.63492948603267e-07
1423778,"Paucilactobacillus oligofermentans",2,1.42695672511148e-07,2,1.40475486819557e-07
1852387,"Streptococcus timonensis",2,1.42695672511148e-07,2.1,1.50221704810772e-07
84698,"Clostridium frigidicarnis",2,1.42695672511148e-07,1.5,1.08150899409113e-07
119641,"Clostridium uliginosum",2,1.42695672511148e-07,2.4,1.686903578953e-07
2026604,"Listeria costaricensis",2,1.42695672511148e-07,2.4,1.71105779195187e-07
648,"Aeromonas caviae",2,1.42695672511148e-07,2,1.44139325182141e-07
1917867,"Bacilliculturomica massiliensis",2,1.42695672511148e-07,2,1.42705906796086e-07
487173,"Dialister succinatiphilus",2,1.42695672511148e-07,2,1.45715396116732e-07
1852361,"Actinomyces bouchesdurhonensis",2,1.42695672511148e-07,2,1.42695692873206e-07
336963,"Uncinocarpus reesii",1,7.13478362555742e-08,1.5,1.06524356057616e-07
653667,"Schizosaccharomyces cryophilus",1,7.13478362555742e-08,0.6,4.20477821969986e-08
342108,"Paramagnetospirillum magneticum",1,7.13478362555742e-08,1,7.17116421418053e-08
332648,"Botrytis cinerea",1,7.13478362555742e-08,1,7.13479271488766e-08
565655,"Enterococcus casseliflavus",1,7.13478362555742e-08,1,7.13536513119578e-08
592026,"Catonella morbi",1,7.13478362555742e-08,1,7.13772890739156e-08
525309,"Limosilactobacillus antri",1,7.13478362555742e-08,1.1,7.70602911720866e-08
679191,"Prevotella amnii",1,7.13478362555742e-08,1.1,7.49690879998039e-08
679192,"Bulleidia extructa",1,7.13478362555742e-08,1,7.48422229030208e-08
887929,"Pseudoramibacter alactolyticus",1,7.13478362555742e-08,1,7.1347850447882e-08
684364,"Batrachochytrium dendrobatidis",1,7.13478362555742e-08,1,7.13478464366031e-08
435830,"Actinomyces graevenitzii",1,7.13478362555742e-08,1.1,7.7708076206956e-08
883077,"Schaalia turicensis",1,7.13478362555742e-08,1,7.14103605030109e-08
1423758,"Lactobacillus hominis",1,7.13478362555742e-08,1,7.13487835933323e-08
930169,"Alloalcanivorax dieselolei",1,7.13478362555742e-08,1,7.13888247453169e-08
999415,"Eggerthia catenaformis",1,7.13478362555742e-08,1.1,7.69245469615665e-08
1123304,"Streptococcus henryi",1,7.13478362555742e-08,1,7.1359323489103e-08
1278306,"Fusobacterium russii",1,7.13478362555742e-08,1,7.14082694627622e-08
1121334,"Faecalispora sporosphaeroides",1,7.13478362555742e-08,1,7.1523485813181e-08
1158607,"Enterococcus pallens",1,7.13478362555742e-08,1,7.14790419681573e-08
1125699,"Treponema maltophilum",1,7.13478362555742e-08,1,7.13478464366031e-08
1277687,"Pseudozyma flocculosa",1,7.13478362555742e-08,1,7.13478464366031e-08
1123299,"Streptococcus castoreus",1,7.13478362555742e-08,1,7.16998355210479e-08
1211844,"Candidatus Stoquefichus massiliensis",1,7.13478362555742e-08,1,7.13478464635217e-08
1156431,"Streptococcus ilei",1,7.13478362555742e-08,1,7.32869322687173e-08
318464,"Clostridium sulfidigenes",1,7.13478362555742e-08,1.1,8.12043796558847e-08
1291743,"Secundilactobacillus oryzae",1,7.13478362555742e-08,1.1,7.66025275667485e-08
1577792,"Terrisporobacter othiniensis",1,7.13478362555742e-08,1,7.13515191730671e-08
646,"Aeromonas sobria",1,7.13478362555742e-08,1,7.13912215915381e-08
633417,"Aeromonas taiwanensis",1,7.13478362555742e-08,1,7.18460135361307e-08
1325933,"Clostridium polynesiense",1,7.13478362555742e-08,1,7.13628595576167e-08
1245769,"Lachancea lanzarotensis",1,7.13478362555742e-08,1,7.48572543055691e-08
105219,"Ralstonia mannitolilytica",1,7.13478362555742e-08,1.3,8.93387637219336e-08
511,"Alcaligenes faecalis",1,7.13478362555742e-08,1.4,9.98210822007389e-08
1509407,"Aspergillus nomiae",1,7.13478362555742e-08,1,7.23083694391329e-08
1676614,"Xylanibacter rarus",1,7.13478362555742e-08,1.1,7.94865276882573e-08
1073999,"Cronobacter condimenti",1,7.13478362555742e-08,1.4,9.82424070668268e-08
1423749,"Limosilactobacillus gastricus",1,7.13478362555742e-08,1,7.34656901605032e-08
319652,"Pediococcus cellicola",1,7.13478362555742e-08,1.3,9.406439485062e-08
1313,"Streptococcus pneumoniae",1,7.13478362555742e-08,1,7.21675333235077e-08
1299998,"Tractidigestivibacter scatoligenes",1,7.13478362555742e-08,1,7.13478464366031e-08
1223527,"Microbacterium hydrocarbonoxydans",1,7.13478362555742e-08,1,7.13667961889079e-08
1423783,"Lacticaseibacillus pantheris",1,7.13478362555742e-08,1,7.13478464366031e-08
984485,"Hyphopichia burtonii",1,7.13478362555742e-08,1,7.13478464366031e-08
240427,"Secundilactobacillus paracollinoides",1,7.13478362555742e-08,1.5,1.07653668866879e-07
1841610,"Planctopirus hydrillae",1,7.13478362555742e-08,1,7.13493063163294e-08
1295533,"Cryptococcus amylolentus",1,7.13478362555742e-08,1,7.13478464366031e-08
394958,"Clostridium taeniosporum",1,7.13478362555742e-08,2.8,1.99705537085327e-07
252393,"Candidatus Erwinia dacicola",1,7.13478362555742e-08,1,7.13495220778641e-08
332949,"Enterococcus silesiacus",1,7.13478362555742e-08,1,7.13489655794625e-08
28898,"Campylobacter helveticus",1,7.13478362555742e-08,1,7.14005343979716e-08
1945634,"Butyricicoccus porcorum",1,7.13478362555742e-08,1,7.42355479394375e-08
1834192,"Candidatus Enterococcus dunnyi",1,7.13478362555742e-08,1.1,7.80434041332081e-08
1984871,"Bifidobacterium vansinderenii",1,7.13478362555742e-08,1,7.13512282662131e-08
2024555,"Virgibacillus profundi",1,7.13478362555742e-08,1,7.1347901875803e-08
1109412,"Brenneria goodwinii",1,7.13478362555742e-08,1,7.13479927153561e-08
1364,"Pseudolactococcus piscium",1,7.13478362555742e-08,1.1,7.50947389754552e-08
1122154,"Pseudolactococcus chungangensis",1,7.13478362555742e-08,1,7.4821183626699e-08
2045438,"Bifidobacterium primatium",1,7.13478362555742e-08,1,7.04133621073685e-08
1392248,"Aspergillus campestris",1,7.13478362555742e-08,1,7.21130796759138e-08
1280002,"Vibrio jasicida",1,7.13478362555742e-08,1,7.1378705508595e-08
2022662,"Superficieibacter electus",1,7.13478362555742e-08,1.2,8.36230386358612e-08
28113,"Bacteroides heparinolyticus",1,7.13478362555742e-08,1,7.14180557408348e-08
2094150,"Duncaniella muris",1,7.13478362555742e-08,1,7.16873442275982e-08
2172545,"Streptococcus halitosis",1,7.13478362555742e-08,1,7.13488781537056e-08
1765684,"Sulfoacidibacillus thermotolerans",1,7.13478362555742e-08,1,7.13478467507691e-08
1310,"Streptococcus sobrinus",1,7.13478362555742e-08,1.9,1.35811537299481e-07
451513,"Mangrovibacter plantisponsor",1,7.13478362555742e-08,1,7.47082895149635e-08
1448316,"Aspergillus ibericus",1,7.13478362555742e-08,1,7.13482138545823e-08
2184082,"Marinifilum breve",1,7.13478362555742e-08,1,7.48607577762078e-08
2670374,"Jiangella anatolica",1,7.13478362555742e-08,1,7.13478498515365e-08
2070368,"Nonomuraea aridisoli",1,7.13478362555742e-08,1,7.13708159990947e-08
2204145,"Pectobacterium aquaticum",1,7.13478362555742e-08,1,7.13478464366031e-08
2792979,"Gardnerella swidsinskii",1,7.13478362555742e-08,1,7.13775319670495e-08
1220188,"Aspergillus tanneri",1,7.13478362555742e-08,1,7.13479268227599e-08
1504,"Clostridium septicum",1,7.13478362555742e-08,1.1,8.18086005815781e-08
1616783,"Photobacterium salinisoli",1,7.13478362555742e-08,1,7.13478464366031e-08
2707003,"Streptococcus chosunensis",1,7.13478362555742e-08,1,7.18352998067214e-08
1296539,"Lacticaseibacillus songhuajiangensis",1,7.13478362555742e-08,1.1,8.03067125983056e-08
2486020,"Levilactobacillus angrenensis",1,7.13478362555742e-08,1,7.34529374058995e-08
2486011,"Lacticaseibacillus suibinensis",1,7.13478362555742e-08,1.3,9.40380004406454e-08
2486010,"Lacticaseibacillus hegangensis",1,7.13478362555742e-08,1,7.19289475906757e-08
1445662,"Idiomarina tyrosinivorans",1,7.13478362555742e-08,1.5,1.06712595340519e-07
1160095,"Vagococcus entomophilus",1,7.13478362555742e-08,1,7.13478467465406e-08
2547833,"Palleronia sediminis",1,7.13478362555742e-08,1.1,7.73435181369079e-08
67829,"Citrobacter murliniae",1,7.13478362555742e-08,1.1,7.81176543486305e-08
2559927,"Enterococcus songbeiensis",1,7.13478362555742e-08,1.2,8.45105007162752e-08
2304625,"Colwellia ponticola",1,7.13478362555742e-08,1,7.13478466659658e-08
2589786,"Streptococcus shenyangsis",1,7.13478362555742e-08,1,7.36573574048958e-08
1204385,"Litorilinea aerophila",1,7.13478362555742e-08,1,7.13541512473396e-08
2590453,"Myxococcus llanfairpwllgwyngyllgogerychwyrndrobwllllantysiliogogogochensis",1,7.13478362555742e-08,1,7.13478686873456e-08
553385,"Cobetia crustatorum",1,7.13478362555742e-08,1,7.13491169799246e-08
1213358,"Microbacterium saccharophilum",1,7.13478362555742e-08,1,7.13478464366031e-08
2607660,"Nocardioides humilatus",1,7.13478362555742e-08,1.4,9.70875113842657e-08
2650774,"Bifidobacterium leontopitheci",1,7.13478362555742e-08,1,7.1706505511832e-08
1798157,"Bifidobacterium avesanii",1,7.13478362555742e-08,1,7.13478649807538e-08
1494462,"Lactococcus hircilactis",1,7.13478362555742e-08,1,7.13873697588159e-08
2585199,"Nocardia aurantia",1,7.13478362555742e-08,1,7.13478464366031e-08
2652291,"Inconstantimicrobium porci",1,7.13478362555742e-08,1.1,7.96157555209794e-08
239935,"Akkermansia muciniphila",1,7.13478362555742e-08,1,7.13478464583851e-08
47770,"Lactobacillus crispatus",1,7.13478362555742e-08,1.9,1.34495552872405e-07
2692629,"Copranaerobaculum intestinale",1,7.13478362555742e-08,1.7,1.21794533365337e-07
1868794,"Jeotgalibaca arthritidis",1,7.13478362555742e-08,1,7.19812862636171e-08
121627,"Talaromyces rugulosus",1,7.13478362555742e-08,1,7.48628086470713e-08
2755051,"Variimorphobacter saccharofermentans",1,7.13478362555742e-08,1,7.15982167257562e-08
2763013,"Agathobaculum faecis",1,7.13478362555742e-08,1.3,8.92297654067665e-08
2764597,"Romboutsia faecis",1,7.13478362555742e-08,1,7.13764438325086e-08
2763656,"Guopingia tenuis",1,7.13478362555742e-08,1,7.32837478293195e-08
1288495,"Diaphorobacter aerolatus",1,7.13478362555742e-08,1,7.34062810739249e-08
1571185,"Marinithermofilum abyssi",1,7.13478362555742e-08,1,7.14603160332774e-08
67324,"Streptomyces massasporeus",1,7.13478362555742e-08,1,7.13595617655827e-08
67333,"Streptomyces narbonensis",1,7.13478362555742e-08,1.3,9.16627337367111e-08
67314,"Streptomyces lavendofoliae",1,7.13478362555742e-08,1,7.21358518432868e-08
1932,"Streptomyces tendae",1,7.13478362555742e-08,1,7.13512627130563e-08
285453,"Streptomyces canarius",1,7.13478362555742e-08,1.4,9.85104792552727e-08
1714359,"Luteimonas padinae",1,7.13478362555742e-08,1.1,7.87543789506448e-08
2036687,"Thalassotalea profundi",1,7.13478362555742e-08,1,7.16072661568667e-08
2762223,"Clostridium faecium",1,7.13478362555742e-08,1,7.13505768196072e-08
2762212,"Phocaeicola intestinalis",1,7.13478362555742e-08,1,7.14630944239091e-08
77635,"Bifidobacterium subtile",1,7.13478362555742e-08,1,7.13480531508993e-08
2779354,"Gemmiger gallinarum",1,7.13478362555742e-08,1,7.13717061879449e-08
2779518,"Blautia liquoris",1,7.13478362555742e-08,1,7.14284504317803e-08
138277,"Aspergillus melleus",1,7.13478362555742e-08,1.1,7.56130449574443e-08
2796928,"Aerococcaceae bacterium zg-252",1,7.13478362555742e-08,1,7.21337900965993e-08
2765363,"Corynebacterium meridianum",1,7.13478362555742e-08,1,7.13478464366031e-08
2080838,"Lelliottia aquatilis",1,7.13478362555742e-08,1,7.13567459202628e-08
1177169,"Alloalcanivorax marinus",1,7.13478362555742e-08,1.1,7.72356082915013e-08
1465635,"Pantoea coffeiphila",1,7.13478362555742e-08,1,7.22121118414543e-08
2804028,"Proteiniclasticum sediminis",1,7.13478362555742e-08,1,7.13580589870155e-08
2587529,"Klebsiella pasteurii",1,7.13478362555742e-08,1.1,8.14798493059835e-08
1348613,"Vallitalea pronyensis",1,7.13478362555742e-08,1,7.13614976810317e-08
1544696,"Rosenbergiella australiborealis",1,7.13478362555742e-08,1.2,8.63235841359199e-08
2841506,"Clostridium simiarum",1,7.13478362555742e-08,1.2,8.49473550169007e-08
2834433,"Bifidobacterium saguinibicoloris",1,7.13478362555742e-08,1,7.14213150974195e-08
2834431,"Bifidobacterium phasiani",1,7.13478362555742e-08,1,7.13499829391856e-08
2709410,"Chordicoccus furentiruminis",1,7.13478362555742e-08,1,7.18806535178501e-08
2864872,"Shewanella nanhaiensis",1,7.13478362555742e-08,1.1,7.66495794533416e-08
2772558,"Pseudomonas paralcaligenes",1,7.13478362555742e-08,0.5,3.56739232183015e-08
2838017,"Flavobacterium coralii",1,7.13478362555742e-08,1.5,1.0670814057389e-07
636,"Edwardsiella tarda",1,7.13478362555742e-08,1.2,8.87878415722388e-08
2866998,"Streptococcus hohhotensis",1,7.13478362555742e-08,1.1,7.52947926759494e-08
1247,"Oenococcus oeni",1,7.13478362555742e-08,1.2,8.30563258056191e-08
1529639,"Mangrovibacter yixingensis",1,7.13478362555742e-08,1,7.23024438941795e-08
753,"Pasteurella canis",1,7.13478362555742e-08,1,7.21125440072614e-08
2897351,"Paraeggerthella hominis",1,7.13478362555742e-08,1.1,7.82361520406557e-08
2897706,"Acidaminococcus hominis",1,7.13478362555742e-08,1,7.31739166101528e-08
2829823,"Pseudomonas californiensis",1,7.13478362555742e-08,1,7.13478464366031e-08
2901869,"Luteimonas fraxinea",1,7.13478362555742e-08,1,7.13478464366031e-08
401106,"Amycolatopsis tucumanensis",1,7.13478362555742e-08,1,7.4145127999452e-08
2904244,"Membranihabitans maritimus",1,7.13478362555742e-08,1,7.13478464366031e-08
102862,"Proteus penneri",1,7.13478362555742e-08,1.6,1.13771362501222e-07
2921185,"Rosenbergiella metrosideri",1,7.13478362555742e-08,1,7.13478464366031e-08
1324864,"[Pantoea] beijingensis",1,7.13478362555742e-08,1.3,9.59002372335928e-08
1071679,"Caballeronia grimmiae",1,7.13478362555742e-08,1.3,8.96906429565535e-08
63214,"Hypoxylon fragiforme",1,7.13478362555742e-08,1,7.13478464366031e-08
663,"Vibrio alginolyticus",1,7.13478362555742e-08,1,7.14765661010655e-08
2914710,"Sphaerotilus microaerophilus",1,7.13478362555742e-08,1.4,9.75436023115155e-08
1187925,"Alternaria hordeiaustralica",1,7.13478362555742e-08,1,7.13478464366031e-08
232088,"Alternaria arbusti",1,7.13478362555742e-08,1,7.13478464366031e-08
45303,"Alternaria infectoria",1,7.13478362555742e-08,1,7.13478464366031e-08
2944914,"Allocoprobacillus halotolerans",1,7.13478362555742e-08,1,7.17533743965123e-08
176102,"Pseudoalteromonas agarivorans",1,7.13478362555742e-08,1,7.13478464366031e-08
626947,"Parasutterella secunda",1,7.13478362555742e-08,1,7.13615924479513e-08
2973939,"Streptococcus sciuri",1,7.13478362555742e-08,1,7.13478488275883e-08
332186,"Shewanella xiamenensis",1,7.13478362555742e-08,1.3,9.26346087489208e-08
208223,"Kosakonia cowanii",1,7.13478362555742e-08,1.2,8.37525329227115e-08
3002864,"Methanocorpusculum vombati",1,7.13478362555742e-08,1.1,7.82783087521973e-08
2545709,"Schizosaccharomyces osmophilus",1,7.13478362555742e-08,0.6,4.20477821969986e-08
2705255,"Streptantibioticus silvisoli",1,7.13478362555742e-08,1.3,9.00824820432502e-08
1642,"Listeria innocua",1,7.13478362555742e-08,1,7.13546904453476e-08
1080232,"Penicillium hispanicum",1,7.13478362555742e-08,1,7.35314300789147e-08
1167516,"Penicillium odoratum",1,7.13478362555742e-08,1.1,7.55422882511101e-08
63820,"Penicillium chermesinum",1,7.13478362555742e-08,1,7.13738947912235e-08
3031298,"Limnobacter olei",1,7.13478362555742e-08,1,7.15398407866436e-08
3030016,"Caproicibacterium argilliputei",1,7.13478362555742e-08,1,7.13478979751696e-08
2606708,"Mogibacterium kristiansenii",1,7.13478362555742e-08,1,7.13486249759913e-08
688661,"Lichtheimia ornata",1,7.13478362555742e-08,1,7.17957508277019e-08
3041623,"Streptococcus taonis",1,7.13478362555742e-08,1.1,7.79085323812835e-08
3044208,"Fusibacillus kribbianus",1,7.13478362555742e-08,1.1,7.71454123498979e-08
1230953,"Hydrogenophaga electricum",1,7.13478362555742e-08,0.5,3.56739232183015e-08
144184,"Corynebacterium afermentans",1,7.13478362555742e-08,0.8,5.92291728110637e-08
3058044,"Nocardioides cremeus",1,7.13478362555742e-08,1,7.13480046259384e-08
1481663,"Vibrio metoecus",1,7.13478362555742e-08,1,7.14228056666222e-08
371674,"Moryella indoligenes",1,7.13478362555742e-08,1.1,8.19407696000228e-08
1536,"Hathewaya limosa",1,7.13478362555742e-08,1,7.13478464366031e-08
517011,"Stenotrophomonas chelatiphaga",1,7.13478362555742e-08,1.1,7.60561396616477e-08
3057057,"Brenneria uluponensis",1,7.13478362555742e-08,1.1,8.1330072168545e-08
3095028,"Scandinavium lactucae",1,7.13478362555742e-08,1,7.13478464483736e-08
2652269,"Anaerococcus porci",1,7.13478362555742e-08,1.1,7.68007660091508e-08
3093659,"Acutalibacter intestini",1,7.13478362555742e-08,1,7.13540393706037e-08
476272,"Blautia hydrogenotrophica",1,7.13478362555742e-08,1,7.15281815443542e-08
36845,"Clostridium intestinale",1,7.13478362555742e-08,1.8,1.26521218469339e-07
3040937,"Raoultella scottii",1,7.13478362555742e-08,1,7.08652674781823e-08
398758,"Alkalibacterium indicireducens",1,7.13478362555742e-08,1,7.13774473824971e-08
399969,"Tatumella punctata",1,7.13478362555742e-08,1.1,7.51167246061901e-08
113569,"Cryptosporangium minutisporangium",1,7.13478362555742e-08,1,7.13548324255411e-08
46165,"Actinomadura verrucosospora",1,7.13478362555742e-08,1,7.13478464366031e-08
506594,"Brevibacterium pityocampae",1,7.13478362555742e-08,1,7.13478464366031e-08
1805714,"Christensenella massiliensis",1,7.13478362555742e-08,1,7.3579975923669e-08
86667,"Jeotgalibacillus marinus",1,7.13478362555742e-08,1,7.13478464366031e-08
3239304,"Leptotrichia alba",1,7.13478362555742e-08,1,7.19776208929964e-08
3239302,"Leptotrichia rugosa",1,7.13478362555742e-08,1.1,7.63786720213147e-08
3144416,"Cedecea sp. S5-13",1,7.13478362555742e-08,1,7.13478539206533e-08
117506,"Comamonas denitrificans",1,7.13478362555742e-08,1,7.13478464366031e-08
1585982,"Citrobacter bitternis",1,7.13478362555742e-08,1.1,7.91410563712237e-08
439611,"Hydrogenophaga bisanensis",1,7.13478362555742e-08,1.2,8.41606354863035e-08
3349163,"Streptococcus hepaticus",1,7.13478362555742e-08,1.3,9.41276836343062e-08
2592333,"Sellimonas caecigallum",1,7.13478362555742e-08,1,7.18767442758592e-08
3238988,"Enterococcus hailinensis",1,7.13478362555742e-08,1.8,1.31381974386594e-07
1746200,"Furfurilactobacillus curtus",1,7.13478362555742e-08,2.3,1.60864067937658e-07
28068,"Rubrivivax gelatinosus",1,7.13478362555742e-08,0.6,4.43574562135497e-08
310300,"Bacteroides pyogenes",1,7.13478362555742e-08,1,7.14343631551864e-08
3058402,"Terrisporobacter vanillatitrophus",1,7.13478362555742e-08,1.5,1.0589264062687e-07
28549,"Priceomyces carsonii",1,7.13478362555742e-08,1,7.15781700830441e-08
1776388,"Prevotella phocaeensis",1,7.13478362555742e-08,1.1,8.19225046015732e-08
288768,"Bordetella ansorpii",1,7.13478362555742e-08,1.1,7.88370169293608e-08
1120976,"Alkaliphilus peptidifermentans",1,7.13478362555742e-08,1,7.13478464366031e-08
174587,"Carnobacterium viridans",1,7.13478362555742e-08,1,7.13667014636249e-08
71657,"Lonsdalea quercina",1,7.13478362555742e-08,1,7.13478464366031e-08
1122156,"Lampropedia hyalina",1,7.13478362555742e-08,1,7.13479070642073e-08
1121321,"Asaccharospora irregularis",1,7.13478362555742e-08,1,7.13531868417648e-08
1937461,"Collinsella provencensis",1,7.13478362555742e-08,1.1,7.88977491536466e-08
1326,"Streptococcus acidominimus",1,7.13478362555742e-08,1,7.13506559387813e-08
313439,"Streptococcus massiliensis",1,7.13478362555742e-08,1.2,8.24140141857418e-08
764298,"Streptococcus macacae",1,7.13478362555742e-08,1,7.13478464366031e-08
1660341,"Peptoniphilus catoniae",1,7.13478362555742e-08,1,7.26339866700466e-08
44467,"Mycobacterium tilburgii",1,7.13478362555742e-08,1,7.13478464366031e-08
2070686,"Enteroscipio rubneri",1,7.13478362555742e-08,1.1,7.63069710598537e-08
54062,"Pediococcus parvulus",1,7.13478362555742e-08,1.1,7.5768984392543e-08
50718,"Vibrio mytili",1,7.13478362555742e-08,0.7,5.29065832333509e-08
