"TaxonomyID","Genome","read_count","Proportion","readsEM","EMProportion"
820,"Bacteroides uniformis",3180486,0.224007229115926,3177280,0.223781552399496
411459,"Blautia obeum",2258346,0.159059285230319,2255106.1,0.158831180110392
411485,"Faecalibacterium prausnitzii",1368892,0.0964134738775642,1357970.9,0.0956443377443141
330879,"Aspergillus fumigatus",782233,0.0550940475301694,782230.3,0.0550938903947815
292800,"Flavonifractor plautii",689972,0.048595942848852,689971.6,0.0485959429827551
2881264,"Blautia fusiformis",491716,0.0346324236836656,493750.7,0.0347757530279399
1108849,"Penicillium rubens",469136,0.0330420745252547,468888.5,0.03302466179354
89153,"[Clostridium] hylemonae",401408,0.0282718722311514,401356.8,0.0282682839737197
386585,"Escherichia coli",278054,0.0195838328119035,276313.1,0.0194612285650151
39486,"Dorea formicigenerans",263252,0.018541301888839,262241.1,0.0184701127322754
823,"Parabacteroides distasonis",253191,0.0178326879436321,252389.2,0.0177762237110486
1196081,"Talaromyces amestolkiae",234126,0.0164899064243626,234126.1,0.0164899262669727
3133156,"Faecalibacterium tardum",167609,0.0118049969925638,158516.5,0.011164604151144
742726,"Barnesiella intestinihominis",163397,0.0115083384161587,163627.1,0.0115245544747258
1496,"Clostridioides difficile",155979,0.0109858756146932,155978.9,0.0109858746082848
2763038,"Clostridium segne",153915,0.0108405044604434,152597.3,0.0107477021501677
187327,"Acidaminococcus intestini",141877,0.00999264692417457,141898.1,0.00999414137069873
2763025,"Bacteroides parvus",134840,0.00949701862356619,135964.1,0.00957619546584401
36656,"Penicillium crustosum",134234,0.00945433697653355,134477.7,0.00947150578320478
105841,"Anaerostipes caccae",109001,0.00767713235677349,109000,0.00767706408439946
585394,"Roseburia hominis",106047,0.00746907693542957,106315,0.0074879586126176
39491,"Agathobacter rectalis",94042,0.00662354364726647,92884.1,0.00654199708492108
3133155,"Faecalibacterium intestinale",89248,0.00628589378608747,104307.1,0.00734653533814941
2946555,"Akkermansia biwaensis",67804,0.00477555510792259,67803.6,0.00477552827542788
39483,"Faecalitalea cylindroides",67080,0.00472456251311792,66830.9,0.00470702354703957
1547,"Thomasclavelia ramosa",65298,0.00459905311540807,65265.6,0.00459677410922535
357441,"Enterococcus lactis",62401,0.00439501230442861,62395.4,0.00439462219714457
1903262,"Bacteroides ndongoniae",60873,0.00428739257395687,59717.2,0.00420598913447248
2763669,"Qiania dongpingensis",56433,0.00397467555609397,56403.6,0.0039726104256715
1472417,"Butyricimonas paravirosa",56010,0.00394488292128406,52135,0.00367196339263181
742727,"Bacteroides oleiciplenus",53711,0.00378296030325099,53620.8,0.00377660737291823
411470,"Mediterraneibacter gnavus",51176,0.00360441578967386,50908.1,0.00358555010901628
310298,"Phocaeicola coprocola",45689,0.00321795671827437,45646.1,0.00321493427805893
2093857,"Dysosmobacter welbionis",41982,0.00295686618106315,41739.1,0.00293976237687567
347253,"Streptococcus salivarius",39477,0.00278043462030942,37553.4,0.00264495042164351
1712515,"Butyricicoccus faecihominis",39398,0.00277487051120781,38617.2,0.00271987734645502
742742,"Collinsella tanakaei",38294,0.00269711384730676,38293.6,0.00269708486534764
2763028,"Blautia intestinalis",36905,0.00259928413158343,28919.9,0.00203688106021267
2981789,"Dorea amylophila",36856,0.00259583297530522,33486.2,0.00235849132793531
1236512,"Bacteroides rodentium",35799,0.00252138660416083,36956.4,0.00260290227703666
99287,"Salmonella enterica",35405,0.00249363649041353,35387.1,0.00249237437237328
1851428,"Faecalibacterium longum",35217,0.00248039531938691,29042,0.00204548319065758
3133153,"Blautia aquisgranensis",33959,0.00239179216432575,29804.1,0.00209915599124092
357276,"Phocaeicola dorei",33285,0.00234432115756007,30865.1,0.00217388355689958
622,"Shigella dysenteriae",31143,0.00219345632596946,30511.4,0.00214897259756491
2585117,"Alistipes onderdonkii",30394,0.00214070293714529,30218.1,0.00212831863998468
1150298,"Fusicatenibacter saccharivorans",27170,0.00191363094039078,28455.5,0.00200416986576717
28116,"Bacteroides ovatus",26936,0.00189714990836828,26856.7,0.00189156781796751
997894,"Enterocloster bolteae",26694,0.00188010542225954,26537.3,0.00186906776800257
592978,"Mediterraneibacter faecis",26343,0.00185538387422578,26239,0.00184806028005075
371674,"Moryella indoligenes",24462,0.00172290173219872,24585.2,0.00173158163055423
5480,"Candida parapsilosis",23647,0.00166549984716308,23647,0.00166550078558559
3030638,"Faecalibacterium taiwanense",23107,0.00162746669634192,25846.7,0.00182042675040608
1507512,"Romboutsia hominis",21383,0.00150604234075731,21383.1,0.00150605013246675
563192,"Bilophila wadsworthia",21044,0.00148216597385291,21044,0.00148216680893586
2935520,"Faecalibacterium hattorii",19907,0.00140208506184613,23873.6,0.00168146210827198
2763030,"Blautia segnis",19792,0.00139398540935644,16902.4,0.00119046374136563
246787,"Bacteroides cellulosilyticus",19684,0.0013863787791922,20265.1,0.00142730552917079
1689270,"Intestinimonas timonensis",19307,0.00135982600537817,19313.6,0.00136029308761786
28118,"Odoribacter splanchnicus",19021,0.00133968252179511,19442.9,0.00136939954397157
2981783,"Blautia acetigignens",18335,0.00129136633390007,24899.3,0.00175370340545977
1218085,"Citrobacter rodentium",18223,0.00128347797669272,18153.1,0.00127855820012049
471870,"Bacteroides intestinalis",16918,0.00119156452887491,21230.9,0.00149532755795032
3435293,"Faecalibacterium langellae",15978,0.00112535867374177,16730.4,0.00117834997184107
2126740,"Clostridium fessum",15467,0.00108936804398323,15694.8,0.00110541408302504
470146,"Coprococcus comes",14983,0.00105527907176574,17127.1,0.00120629396773061
626940,"Phascolarctobacterium succinatutens",13885,0.000977944998429372,13862,0.000976327820213724
1121115,"Blautia wexlerae",13731,0.000967098507269262,13216.7,0.000930872676688574
3133180,"Enterobacter intestinihominis",13621,0.000959351013583469,13611,0.000958647756580574
367928,"Bifidobacterium adolescentis",13363,0.000941179619302247,13328.6,0.000938757682742777
180164,"Blautia schinkii",12300,0.000866310657593178,13971.9,0.000984066707161359
2786956,"Phocaeicola faecalis",12199,0.000859197049754405,13021.2,0.000917104294576513
2951805,"Parabacteroides absconsus",11906,0.000838560543845884,11883.1,0.000836951049667786
624,"Shigella sonnei",10435,0.000734955423738602,9847.2,0.000693555561136205
3133152,"Blautia intestinihominis",10336,0.000727982679421389,11425.2,0.0008046945077533
508771,"Toxoplasma gondii",10232,0.000720657776300276,10220.6,0.000719855145220326
565042,"Bifidobacterium longum",9744,0.000686287077039669,9778.2,0.000688698566795755
203120,"Leuconostoc mesenteroides",9727,0.00068508973710641,9725.5,0.000684983641332207
290338,"Citrobacter koseri",9310,0.000655719692861178,9264.7,0.000652531879883339
85831,"Bacteroides acidifaciens",8853,0.000623532378184748,8883.6,0.00062568834258744
536633,"Blautia glucerasea",8572,0.000603741053405587,11142.3,0.000784771113418634
411483,"Faecalibacterium duncaniae",8254,0.000581343753477568,9561.6,0.000673442263498795
2941519,"Vermiculatibacterium agrestimuris",8182,0.000576272666701413,8396.8,0.000591400957473221
154288,"Turicibacter sanguinis",8158,0.000574582304442695,8158,0.000574582479034735
5068,"Aspergillus tubingensis",7914,0.000557396954812391,7900.6,0.000556450342224406
3133157,"Faecalibacterium faecis",7879,0.000554931843185093,8244.4,0.000580667786730018
2764325,"[Eubacterium] hominis",7829,0.000551410255146097,8324.5,0.000586307241941672
89014,"Blautia luti",7658,0.000539366424052728,9300.1,0.000655026239373888
1841857,"Culturomica massiliensis",7616,0.000536408290099971,8951,0.000630438462871696
671267,"Phocaeicola sartorii",7395,0.000520842870967606,7079.1,0.000498596949841256
1125630,"Klebsiella pneumoniae",7091,0.000499431615690506,7552.2,0.000531916646830876
2763066,"Ruminococcus intestinalis",7009,0.000493656211306551,7053.6,0.00049680028972706
1121098,"Phocaeicola massiliensis",6942,0.000488937283334296,6220.6,0.000438127956213437
1628085,"Agathobaculum butyriciproducens",6925,0.000487739943401037,7256.9,0.0005111141609487
1851427,"Faecalibacterium butyricigenerans",6913,0.000486894762271678,6938.1,0.000488662134658203
621,"Shigella boydii",6783,0.000477738633370287,7493.7,0.000527791451884705
2929491,"Faecalibacterium wellingii",6422,0.000452312767728731,7329.4,0.000516224303974314
2763658,"Ligaoa zhengdingensis",6320,0.000445128728129177,6081.3,0.000428314591328605
2885352,"Hominiventricola filiformis",6317,0.000444917432846838,6635.6,0.000467357299428365
3133166,"Laedolimicola intestinihominis",5881,0.000414209185146787,5144,0.000362298694293142
84112,"Eggerthella lenta",5342,0.000376246466086403,5350.8,0.000376863472957867
3078042,"Pilosibacter fragilis",5279,0.000371809265157267,5159.9,0.000363419834658745
3133499,"Maccoyibacter intestinihominis",5083,0.0003580046400444,4784,0.00033694883983818
3133178,"Flavonifractor hominis",5048,0.000355539528417103,4986.2,0.000351188461159107
1871018,"Angelakisella massiliensis",4752,0.000334691727226242,4327,0.000304760085018118
858893,"Exophiala dermatitidis",4738,0.000333705682575323,4738,0.000333705798296658
2763027,"Blautia difficilis",4489,0.00031616817414112,4463.4,0.000314368649588744
626937,"Christensenella minuta",4349,0.000306307727631929,4418.9,0.000311227841125107
2447885,"Bacteroides faecalis",4327,0.000304758228894771,5163.3,0.000363663999545387
2881276,"Fusicatenibacter faecihominis",4298,0.000302715707832153,4897,0.000344906225265532
476272,"Blautia hydrogenotrophica",4119,0.000290108422652545,4147.2,0.000292094383486716
550,"Enterobacter cloacae",4101,0.000288840650958506,4890,0.000344410725007215
208962,"Escherichia albertii",3969,0.000279543658535555,3992.6,0.000281209418011165
198214,"Shigella flexneri",3835,0.000270105802591044,4671.1,0.000328990751919633
2763671,"Jingyaoa shaoxingensis",3757,0.000264612125250209,4155.1,0.000292650451764725
2763065,"Ruminococcus hominis",3598,0.000253413475286199,3870.7,0.000272623693293094
1776379,"Leyella lascolaii",3513,0.000247426775619905,3394,0.000239043280808283
1650661,"Clostridium phoceensis",3344,0.000235523808048096,3344.9,0.000235586140452787
1440762,"Dyella japonica",3228,0.000227353723797624,3228,0.000227353851901079
564,"Escherichia fergusonii",3198,0.000225240770974226,3225.8,0.000227200487464152
358742,"Enterocloster aldenensis",3121,0.000219817525394171,4122.5,0.000290354656006609
2763059,"Pseudoflavonifractor hominis",3114,0.000219324503068712,3130.8,0.000220506251905831
1917868,"Blautia marasmi",2996,0.00021101355529668,3092.1,0.000217784709345591
5076,"Penicillium chrysogenum",2912,0.000205097287391165,2904.7,0.000204579799009622
1186058,"Trichosporon asahii",2747,0.000193476046862476,2747,0.000193476155877405
871325,"Bacteroides faecichinchillae",2708,0.000190729208192059,2753.8,0.000193957355811104
536231,"Roseburia intestinalis",2636,0.000185658121415904,3488.6,0.00024570563903618
2981778,"Agathobaculum ammoniilyticum",2625,0.000184883372047325,2682.8,0.000188954510846106
67826,"Citrobacter sedlakii",2619,0.000184460781482645,2467.4,0.000173784122175974
1343,"Streptococcus vestibularis",2591,0.000182488692180807,4006.6,0.000282194110703912
1912855,"Faecalimonas umbilicata",2533,0.000178403650055571,2658.5,0.00018724092503946
1750560,"Parabacteroides massiliensis",2420,0.000170444861087438,2488.6,0.000175278400207814
1870993,"Coprococcus phoceensis",2396,0.00016875449882872,2595.1,0.000182774523797521
2763064,"Roseburia zhanii",2347,0.000165303342550503,2659.1,0.000187285546764009
223926,"Vibrio parahaemolyticus",2298,0.000161852186272286,2298,0.000161851455209191
2903556,"Faecalibacterium gallinarum",2293,0.000161500027468387,2464.5,0.000173582448233376
29466,"Veillonella parvula",2257,0.000158964484080309,2106.2,0.000148345683894233
2927224,"Akkermansia massiliensis",2233,0.000157274121821591,2233.8,0.00015733369802779
2763672,"Simiaoa sunii",2221,0.000156428940692232,2887.6,0.000203376677647583
1134687,"Klebsiella michiganensis",2210,0.000155654191323652,2440.5,0.000171889534214256
667015,"Phocaeicola salanitronis",2168,0.000152696057370895,2663.5,0.000187597449169175
818,"Bacteroides thetaiotaomicron",2104,0.000148188424680979,2065.9,0.000145505977476933
290055,"Faecalicatena fissicatena",2063,0.000145300722489002,1910.3,0.00013454463739472
3053355,"Streptococcus raffinosi",2023,0.000142483452057805,2523.9,0.000177764473217121
1463165,"Klebsiella quasipneumoniae",1988,0.000140018340430507,1599.4,0.000112646953922474
3133175,"Blautia caccae",1926,0.000135651571262151,1986.8,0.000139932581878095
2316025,"Mediterraneibacter butyricigenes",1908,0.000134383799568112,1909.8,0.000134510069866993
1169293,"Enterococcus faecalis",1881,0.000132482142027054,1880,0.000132414750175341
717959,"Alistipes shahii",1866,0.000131425665615355,1831.5,0.000128998997210654
880526,"Rikenella microfusus",1861,0.000131073506811456,1816.7,0.000127954675141345
1499973,"Escherichia marmotae",1761,0.000124030330733462,1916.8,0.00013500175251482
1229621,"Anaerostipes rhamnosivorans",1753,0.000123466876647223,1933.4,0.000136175611473043
1211819,"Holdemania massiliensis",1704,0.000120015720369006,1955.7,0.000137741599018759
2665155,"Streptomyces flavalbus",1666,0.000117339313459369,1549.9,0.000109160055130124
763034,"Bacteroides fluxus",1654,0.000116494132330009,1593.5,0.000112232343680106
2652274,"Eisenbergiella porci",1636,0.000115226360635971,2091.8,0.000147331561260896
1871006,"Bacteroides congonensis",1586,0.000111704772596974,1590.4,0.00011201409291183
2885351,"Hominisplanchenecus faecis",1526,0.000107478866950178,1550.3,0.000109190288586236
1590,"Lactiplantibacillus plantarum",1498,0.00010550677764834,1498,0.000105504642931789
1982626,"Faecalibacillus intestinalis",1478,0.000104098142432741,1486.9,0.000104724481369982
116085,"Coprococcus catus",1476,0.000103957278911181,1698.6,0.000119635180184312
471875,"[Ruminococcus] lactaris",1456,0.000102548643695583,1384.9,9.75426424787429e-05
103621,"Actinomyces urogenitalis",1410,9.93087826997057e-05,1410,9.9308743192303e-05
272559,"Bacteroides fragilis",1395,9.82523062880067e-05,1377.5,9.70194013206321e-05
60171,"Penicillium verrucosum",1345,9.47307182490101e-05,1343.5,9.46243890675034e-05
2981787,"Dorea acetigenes",1328,9.35333783157512e-05,1370.1,9.64997615754638e-05
2763040,"Dorea hominis",1311,9.23360383824924e-05,1349.7,9.5059259201822e-05
61648,"Kluyvera intermedia",1276,8.98709267551947e-05,1236.7,8.71002901253597e-05
1354,"Enterococcus hirae",1271,8.9518767951295e-05,1272.7,8.96409109402708e-05
331117,"Aspergillus fischeri",1259,8.86735868219358e-05,1104.5,7.77934748616434e-05
2838470,"Candidatus Bacteroides intestinigallinarum",1243,8.75466786494569e-05,1427.3,0.000100529561666139
1502,"Clostridium perfringens",1238,8.71945198455572e-05,1238,8.71945689756927e-05
3014267,"Agathobaculum massiliense",1231,8.67014975200977e-05,1263.9,8.9019917001993e-05
871664,"Blautia stercoris",1210,8.52224305437191e-05,1482.5,0.000104418186560479
2763017,"Anaerosacchariphilus hominis",1182,8.3250341241881e-05,1609,0.000113327077414406
2509240,"Blautia faecicola",1165,8.20530013086221e-05,1355.8,9.54907124742232e-05
1352,"Enterococcus faecium",1147,8.07852296145833e-05,1143.8,8.05596018186659e-05
2608867,"Escherichia ruysiae",1147,8.07852296145833e-05,1191.6,8.39251113684574e-05
1639133,"Citrobacter portucalensis",1124,7.91652991166449e-05,1141.9,8.04249850945057e-05
1796613,"Bacteroides caecimuris",1061,7.47280981875091e-05,1161.9,8.18348768971624e-05
1035377,"Yersinia pestis",1043,7.34603264934703e-05,1055.4,7.43343271732921e-05
2949662,"Coprococcus sp. B2-R-112",1039,7.31785994503505e-05,1045.5,7.36352216183181e-05
2724944,"Arthrobacter mobilis",1027,7.23334183209913e-05,1045.8,7.36597948649437e-05
39488,"Anaerobutyricum hallii",1002,7.0572624301493e-05,1064.8,7.49935207904201e-05
2885348,"Hominifimenecus microfluidus",969,6.82483761957552e-05,999.6,7.04007373148329e-05
745368,"Gemmiger formicilis",959,6.75440585879559e-05,1036.8,7.30269539864584e-05
2003188,"Parolsenella catena",958,6.74736268271759e-05,956.5,6.73697853311648e-05
2086583,"Pseudoruminococcus massiliensis",948,6.67693092193766e-05,1331.9,9.38061596652404e-05
580166,"Oceanibaculum pacificum",946,6.66284456978168e-05,1008.4,7.10245581302988e-05
53442,"Eubacterium callanderi",941,6.62762868939171e-05,931.7,6.56218825797628e-05
1121096,"Bacteroides gallinarum",941,6.62762868939171e-05,985.3,6.93984314425854e-05
2073160,"Acuticoccus kandeliae",922,6.49380834390984e-05,922,6.49358599978485e-05
1940789,"Lactococcus petauri",910,6.40929023097392e-05,908.9,6.40168175901544e-05
3064195,"Brotocaccenecus cirricatena",878,6.18390859647813e-05,982.1,6.91723343130672e-05
1259973,"Klebsiella electrica",875,6.16277906824415e-05,678,4.77503442179944e-05
2763021,"Bacteroides difficilis",874,6.15573589216616e-05,1336.5,9.41320930760646e-05
871327,"Parabacteroides chinchillae",872,6.14164954001017e-05,894.5,6.29991662521488e-05
1912897,"Blautia argi",871,6.13460636393218e-05,888.3,6.2562461786936e-05
261299,"Intestinibacter bartlettii",848,5.97261331413833e-05,854.2,6.01627302678689e-05
2763062,"Roseburia rectibacter",838,5.9021815533584e-05,968.3,6.81997067792339e-05
2981772,"Muricoprocola aceti",832,5.85992249689044e-05,849,5.97932337931273e-05
1314,"Streptococcus pyogenes",805,5.66975674278462e-05,801,5.64192456017959e-05
2981780,"Bacteroides cellulolyticus",796,5.60636815808268e-05,800.1,5.63493493988957e-05
150056,"Mammaliicoccus fleurettii",783,5.51480686906877e-05,720.6,5.0752024873718e-05
1177179,"Alcanivorax hongdengensis",777,5.47254781260081e-05,541.7,3.81551485241885e-05
61647,"Pluralibacter gergoviae",777,5.47254781260081e-05,769.6,5.42060261652625e-05
301302,"Roseburia faecis",775,5.45846146044482e-05,943.7,6.64677481659211e-05
1703332,"Butyribacter intestini",750,5.28238205849499e-05,749.5,5.27908632822174e-05
29391,"Gemella morbillorum",746,5.25420935418301e-05,746,5.25414916216977e-05
2606636,"Bilifractor porci",743,5.23307982594903e-05,762.9,5.37352848321465e-05
2763664,"Jutongia hominis",739,5.20490712163706e-05,857.8,6.04148249865832e-05
1599,"Latilactobacillus sakei",725,5.10630265654515e-05,725.6,5.11068377530817e-05
53346,"Enterococcus mundtii",715,5.03587089576522e-05,669.6,4.71634244836114e-05
371601,"Bacteroides xylanisolvens",712,5.01474136753124e-05,895.7,6.30846828750741e-05
78346,"Bifidobacterium ruminantium",710,5.00065501537525e-05,706.3,4.97483640509019e-05
2763056,"Oscillibacter hominis",685,4.82457561342542e-05,663.2,4.67125127946161e-05
2153354,"Klebsiella huaxiensis",681,4.79640290911345e-05,672.5,4.73662056992121e-05
33039,"[Ruminococcus] torques",672,4.73301432441151e-05,769.8,5.4220397805679e-05
1796615,"Blautia caecimuris",662,4.66258256363157e-05,671.2,4.72766816227285e-05
2763045,"Eubacterium segne",661,4.65553938755358e-05,669.5,4.71567822959094e-05
392011,"Alicyclobacillus fastidiosus",654,4.60623715500763e-05,653.9,4.60558027292021e-05
239935,"Akkermansia muciniphila",652,4.59215080285164e-05,651.6,4.58915981217382e-05
3133164,"Hominiventricola aquisgranensis",651,4.58510762677365e-05,674.7,4.75205498810209e-05
871665,"Blautia faecis",648,4.56397809853967e-05,680.9,4.79574284781831e-05
2981770,"Gallintestinimicrobium propionicum",640,4.50763268991572e-05,676.5,4.7646289870903e-05
2941333,"Mediterraneibacter agrestimuris",638,4.49354633775973e-05,661.8,4.66147301758976e-05
1917883,"Bacteroides togonis",636,4.47945998560375e-05,583.5,4.10999583334793e-05
214856,"Alistipes finegoldii",631,4.44424410521378e-05,631.2,4.44547361128508e-05
2763673,"Yanshouia hominis",629,4.43015775305779e-05,732.8,5.16122685497378e-05
2764330,"Veillonella hominis",620,4.36676916835586e-05,770.7,5.42792025854755e-05
3133091,"unknown genome; accession ID isNZ_JBBMER010000003.1",615,4.33155328796589e-05,615,4.33155572859863e-05
2714358,"Pusillibacter faecalis",608,4.28225105541994e-05,615.3,4.33340455503065e-05
1308,"Streptococcus thermophilus",607,4.27520787934194e-05,640.7,4.51283812581859e-05
2605778,"Clostridium porci",603,4.24703517502997e-05,598.4,4.21475238090299e-05
2834112,"Bacteroides propionicigenes",588,4.14138753386007e-05,588,4.141288645089e-05
2093856,"Butyricimonas faecalis",565,3.97939448406622e-05,625.6,4.40593183362404e-05
2739389,"Phocaeicola faecicola",549,3.86670366681833e-05,583.1,4.10657342026529e-05
293939,"Aspergillus lentulus",545,3.83853096250636e-05,699.2,4.92471062875158e-05
2488306,"Pseudocitrobacter vendiensis",535,3.76809920172642e-05,551.1,3.88152238723308e-05
1531,"Enterocloster clostridioformis",531,3.73992649741445e-05,524.8,3.69592942132488e-05
3376993,"Vescimonas sanitatis",514,3.62019250408856e-05,495.6,3.49044855496078e-05
3133172,"Alistipes intestinihominis",504,3.54976074330863e-05,509.4,3.58778223833432e-05
515620,"Lachnospira eligens",502,3.53567439115264e-05,516.1,3.63513776949002e-05
537006,"Parabacteroides johnsonii",495,3.48637215860669e-05,528.2,3.72045445605819e-05
2494234,"Sutterella megalosphaeroides",489,3.44411310213873e-05,483.2,3.40340017014308e-05
214851,"Subdoligranulum variabile",488,3.43706992606074e-05,491.8,3.46409925443799e-05
1841856,"Bacteroides mediterraneensis",486,3.42298357390475e-05,548.8,3.86517671197766e-05
188913,"Cetobacterium somerae",484,3.40889722174876e-05,490.4,3.45372054282775e-05
2981785,"Coprococcus ammoniilyticus",468,3.29620640450087e-05,467.9,3.29581836619181e-05
2981769,"Waltera acetigignens",456,3.21168829156495e-05,460.4,3.24296462454827e-05
2498453,"Geminicoccus harenae",455,3.20464511548696e-05,594.1,4.18418256279828e-05
2763042,"Dysosmobacter segnis",434,3.0567384178491e-05,474.4,3.34147742214905e-05
1681,"Bifidobacterium bifidum",427,3.00743618530315e-05,462.3,3.25584805442145e-05
133448,"Citrobacter youngae",414,2.91587489628923e-05,496.7,3.49815102908912e-05
2762212,"Phocaeicola intestinalis",410,2.88770219197726e-05,410,2.88758902317379e-05
54291,"Raoultella ornithinolytica",408,2.87361583982127e-05,384.5,2.70819938999362e-05
547043,"Bifidobacterium pseudocatenulatum",401,2.82431360727532e-05,373.5,2.63048268925486e-05
2763670,"Wujia chipingensis",400,2.81727043119733e-05,403.3,2.84079052818492e-05
39490,"Eubacterium ramulus",381,2.68345008571545e-05,400.2,2.81862763171824e-05
1776384,"Emergencia timonensis",381,2.68345008571545e-05,411.8,2.90036590053988e-05
1511761,"Leuconostoc suionicum",378,2.66232055748147e-05,374.9,2.64032857228766e-05
2981793,"Phocaeicola fibrisolvens",372,2.62006150101351e-05,508.2,3.57964762617694e-05
1987383,"Candidatus Enterococcus wittei",371,2.61301832493552e-05,366.3,2.57974472754772e-05
5851,"Plasmodium knowlesi",362,2.54962974023358e-05,362.2,2.55101940466103e-05
2838426,"Candidatus Agathobaculum pullicola",360,2.53554338807759e-05,367.7,2.58982832635535e-05
2763063,"Roseburia yibonii",358,2.52145703592161e-05,374.8,2.63950912019778e-05
3133163,"Ruthenibacterium intestinale",358,2.52145703592161e-05,628.2,4.42476038905638e-05
435590,"Phocaeicola vulgatus",357,2.51441385984361e-05,375.1,2.64205350159073e-05
2949650,"Parabacteroides sp. W1-Q-101",349,2.45806845121967e-05,353.4,2.48918285836755e-05
1720294,"Eisenbergiella massiliensis",348,2.45102527514167e-05,354.6,2.49736531131961e-05
2981782,"Blautia ammoniilytica",345,2.42989574690769e-05,351.6,2.47628542757271e-05
1448317,"Aspergillus costaricensis",342,2.40876621867371e-05,314.4,2.2142245824881e-05
2304625,"Colwellia ponticola",335,2.35946398612776e-05,335.2,2.36099581700248e-05
324831,"Lactobacillus gasseri",333,2.34537763397177e-05,333,2.34513368266114e-05
2211183,"Evtepia gabavorous",333,2.34537763397177e-05,299.7,2.11071719191957e-05
2546350,"Citrobacter arsenatis",332,2.33833445789378e-05,400.4,2.81998948366543e-05
1121333,"Thomasclavelia saccharogumia",331,2.33129128181579e-05,334.7,2.35710879715677e-05
2981794,"Roseburia amylophila",331,2.33129128181579e-05,334.6,2.35677468105711e-05
2981792,"Oscillibacter acetigenes",330,2.32424810573779e-05,345.9,2.43652140405517e-05
3133165,"Solibaculum intestinale",330,2.32424810573779e-05,344.2,2.42447264012418e-05
35703,"Citrobacter amalonaticus",322,2.26790269711385e-05,332.7,2.34355606245352e-05
1653435,"Merdimonas faecis",318,2.23972999280187e-05,403.5,2.84170102563045e-05
1522,"[Clostridium] innocuum",317,2.23268681672388e-05,370.3,2.60797135010399e-05
1775168,"Flagellimonas marina",314,2.2115572884899e-05,314,2.21155853460158e-05
2726362,"Faecalicatena faecalis",310,2.18338458417793e-05,366.6,2.58217663385054e-05
2981724,"Alitiscatomonas aceti",310,2.18338458417793e-05,311.9,2.19645450892369e-05
3133177,"Bifidobacterium hominis",309,2.17634140809993e-05,304.9,2.1473153279874e-05
2303987,"Motilimonas pumila",308,2.16929823202194e-05,372.9,2.62619906540475e-05
2518605,"Segatella hominis",306,2.15521187986595e-05,315.2,2.22023698368931e-05
1871016,"Collinsella phocaeensis",304,2.14112552770997e-05,304,2.14135380820224e-05
2763048,"Flintibacter hominis",301,2.11999599947599e-05,309.7,2.18098135280247e-05
268346,"Penicillium mononematosum",288,2.02843471046207e-05,288.6,2.03242198211426e-05
1121094,"Phocaeicola barnesiae",287,2.02139153438408e-05,309.3,2.17848398467784e-05
2894201,"Citrobacter meridianamericanus",285,2.00730518222809e-05,311,2.19028355724657e-05
2714353,"Vescimonas fastidiosa",278,1.95800294968214e-05,290,2.04242979899995e-05
1805431,"Enterococcus saigonensis",277,1.95095977360415e-05,258.5,1.82073612284059e-05
45133,"Lasiodiplodia theobromae",277,1.95095977360415e-05,239.7,1.6879419696207e-05
2763014,"Agathobaculum hominis",277,1.95095977360415e-05,280.1,1.97303313819823e-05
1300307,"Mesorhizobium waimense",276,1.94391659752615e-05,277.3,1.95278544384587e-05
2705255,"Streptantibioticus silvisoli",276,1.94391659752615e-05,276,1.94400173131923e-05
1841864,"Marseilla massiliensis",275,1.93687342144816e-05,275.2,1.93855228804115e-05
60172,"Penicillium solitum",275,1.93687342144816e-05,269.9,1.90120017036119e-05
1559,"Clostridium tertium",275,1.93687342144816e-05,275,1.9368564982695e-05
1972431,"Phytobacter ursingii",272,1.91574389321418e-05,305.1,2.14893200297228e-05
622312,"Roseburia inulinivorans",272,1.91574389321418e-05,290.5,2.04620684348385e-05
169435,"Anaerotruncus colihominis",266,1.87348483674622e-05,266.5,1.87720011932409e-05
2497875,"Enterobacter chuandaensis",266,1.87348483674622e-05,258.3,1.81907560293858e-05
73098,"Kluyvera georgiana",263,1.85235530851224e-05,262.8,1.85111802681542e-05
518634,"Bifidobacterium breve",262,1.84531213243425e-05,263.4,1.85535816287495e-05
391612,"Crocosphaera chwakensis",257,1.81009625204428e-05,246,1.73230257250046e-05
1903263,"Traorella massiliensis",255,1.7960098998883e-05,329.5,2.32075683723534e-05
1323,"Faecalicoccus pleomorphus",255,1.7960098998883e-05,244.6,1.7228454711067e-05
2650157,"Bacteroides zhangwenhongii",250,1.76079401949833e-05,305.6,2.15241082290858e-05
1297617,"Intestinimonas butyriciproducens",247,1.73966449126435e-05,276.9,1.95009435177935e-05
1871030,"Merdibacter massiliensis",245,1.72557813910836e-05,270.6,1.90571739793025e-05
158836,"Enterobacter hormaechei",240,1.6903622587184e-05,209.4,1.47465733490104e-05
2479840,"Prevotella marseillensis",240,1.6903622587184e-05,262.7,1.85017409779034e-05
1871013,"Parabacteroides timonensis",238,1.67627590656241e-05,293.5,2.06705675044801e-05
2979868,"Neopusillimonas aromaticivorans",237,1.66923273048442e-05,238,1.67628823332531e-05
2981773,"Muriventricola aceti",236,1.66218955440642e-05,241.9,1.7035775136134e-05
1653434,"Sellimonas intestinalis",232,1.63401685009445e-05,231.9,1.63355618840025e-05
3044208,"Fusibacillus kribbianus",231,1.62697367401646e-05,231.5,1.63057989990292e-05
2763047,"Flintibacter faecis",229,1.61288732186047e-05,226.8,1.59711288474822e-05
1158612,"Enterococcus caccae",226,1.59175779362649e-05,226.1,1.59212422118191e-05
3093657,"Acutalibacter caecimuris",223,1.57062826539251e-05,218.4,1.5381191139463e-05
2981720,"Bovifimicola ammoniilytica",222,1.56358508931452e-05,227.4,1.60158418447462e-05
2978477,"Eubacterium album",221,1.55654191323652e-05,205.7,1.44890648674504e-05
1907654,"Collinsella bouchesdurhonensis",220,1.54949873715853e-05,219,1.54265249003339e-05
189834,"Actinobacillus porcitonsillarum",216,1.52132603284656e-05,215.9,1.52085752725563e-05
2763032,"Butyricimonas hominis",212,1.49315332853458e-05,239.7,1.68828682685142e-05
760570,"Streptococcus parasanguinis",211,1.48611015245659e-05,182.5,1.28572935676496e-05
3034501,"Enterococcus spodopteracolus",204,1.43680791991064e-05,250.2,1.7621559327282e-05
225992,"Comamonas kerstersii",203,1.42976474383264e-05,205.5,1.44749949143231e-05
649756,"Anaerostipes hadrus",203,1.42976474383264e-05,221.9,1.56283564831695e-05
88431,"Dorea longicatena",198,1.39454886344268e-05,201.3,1.41774796209213e-05
764299,"Streptococcus ictaluri",194,1.3663761591307e-05,197.9,1.39412722963293e-05
105843,"Anaerobutyricum soehngenii",193,1.35933298305271e-05,200.7,1.41334236848752e-05
36651,"Penicillium digitatum",193,1.35933298305271e-05,195.2,1.37482046927666e-05
3136601,"Owariibacterium komagatae",192,1.35228980697472e-05,246.7,1.73759867278381e-05
2499078,"Vibrio ouci",189,1.33116027874074e-05,176,1.23947067986122e-05
880074,"Barnesiella viscericola",187,1.31707392658475e-05,216.2,1.52268411407893e-05
2981768,"Anthropogastromicrobium aceti",187,1.31707392658475e-05,190.5,1.34180158776351e-05
358743,"Enterocloster citroniae",186,1.31003075050676e-05,185.8,1.30888456159525e-05
1812935,"Enterobacter roggenkampii",185,1.30298757442876e-05,181.1,1.27567702800286e-05
2981771,"Laedolimicola ammoniilytica",184,1.29594439835077e-05,188.7,1.32923068222757e-05
76857,"Fusobacterium polymorphum",183,1.28890122227278e-05,179.5,1.26437048446209e-05
762968,"Paraprevotella clara",179,1.2607285179608e-05,178.7,1.25862181190778e-05
113107,"Streptococcus australis",179,1.2607285179608e-05,161.9,1.14001864288009e-05
3133171,"Pseudoflavonifractor intestinihominis",178,1.25368534188281e-05,179.3,1.26258301998756e-05
997873,"Bacteroides caccae",176,1.23959898972682e-05,184.7,1.30052481786789e-05
1926283,"Lachnoclostridium edouardi",176,1.23959898972682e-05,174.8,1.2309647771126e-05
40994,"Penicillium hordei",174,1.22551263757084e-05,178.8,1.25916008718443e-05
2025493,"Blautia hominis",173,1.21846946149284e-05,173,1.21848091413712e-05
2941342,"Weizmannia agrestimuris",171,1.20438310933686e-05,167.3,1.17801118048474e-05
154046,"Hungatella hathewayi",167,1.17621040502488e-05,190,1.33822641812599e-05
3079010,"Diplocloster hominis",164,1.1550808767909e-05,183.3,1.29096631527396e-05
544645,"Butyricimonas virosa",162,1.14099452463492e-05,162,1.14111216650966e-05
45851,"Eshraghiella crossota",160,1.12690817247893e-05,161.5,1.13773514338855e-05
310300,"Bacteroides pyogenes",160,1.12690817247893e-05,164.6,1.15911302938251e-05
2316720,"Corallococcus interemptor",159,1.11986499640094e-05,179.4,1.26388026098955e-05
2921185,"Rosenbergiella metrosideri",159,1.11986499640094e-05,159,1.11986562739379e-05
208224,"Enterobacter kobei",159,1.11986499640094e-05,164.7,1.15966359010639e-05
1805714,"Christensenella massiliensis",158,1.11282182032294e-05,210.1,1.47960654964863e-05
1944635,"Sutterella seckii",157,1.10577864424495e-05,161.6,1.13839370934249e-05
2981774,"Suilimivivens aceti",156,1.09873546816696e-05,179.7,1.26569195947232e-05
126998,"Penicillium bovifimosum",155,1.09169229208896e-05,165.4,1.16489595707873e-05
3342829,"Providencia zhejiangensis",155,1.09169229208896e-05,162.1,1.14154328989423e-05
1448310,"Aspergillus neoniger",152,1.07056276385498e-05,181.1,1.27552019319332e-05
75553,"Aspergillus viridinutans",150,1.056476411699e-05,149.3,1.05186486436806e-05
2981786,"Coprococcus aceti",149,1.049433235621e-05,149.9,1.05585498833304e-05
3133158,"Lachnospira intestinalis",148,1.04239005954301e-05,172.5,1.2150615737546e-05
1121950,"Hespellia stercorisuis",148,1.04239005954301e-05,168.4,1.18616127092473e-05
89139,"Rasamsonia byssochlamydoides",147,1.03534688346502e-05,147,1.03533833018891e-05
91353,"Campylobacter hyointestinalis",144,1.01421735523104e-05,144,1.01421792669626e-05
1882272,"Penicillium samsonianum",144,1.01421735523104e-05,147.6,1.03990049136516e-05
255519,"Atlantibacter subterraneus",143,1.00717417915304e-05,143,1.00734716168168e-05
2026240,"Klebsiella quasivariicola",138,9.71958298763077e-06,250.2,1.76245868832581e-05
445970,"Alistipes putredinis",137,9.64915122685084e-06,147,1.0353876011106e-05
2292441,"Paratractidigestivibacter faecalis",134,9.43785594451104e-06,126.6,8.91511231074618e-06
291645,"Bacteroides nordii",134,9.43785594451104e-06,137.4,9.67412656874897e-06
2703793,"Serratia bockelmannii",134,9.43785594451104e-06,136.2,9.59437920642012e-06
2763675,"Jilunia laotingensis",133,9.36742418373111e-06,135,9.50632201994705e-06
2606638,"Bullifex porci",128,9.01526537983144e-06,129.3,9.10904136603728e-06
694437,"Flammeovirga aprica",127,8.94483361905151e-06,128.4,9.04334032086202e-06
65700,"Erwinia tracheiphila",127,8.94483361905151e-06,116.4,8.20088801173124e-06
411467,"Pseudoflavonifractor capillosus",125,8.80397009749164e-06,125.7,8.85462961361968e-06
596329,"Peptostreptococcus anaerobius",125,8.80397009749164e-06,125.8,8.8612136246313e-06
2172043,"Bifidobacterium tibiigranuli",123,8.66310657593178e-06,135.3,9.52713297862924e-06
342942,"Mediterraneibacter glycyrrhizinilyticus",122,8.59267481515184e-06,167.6,1.18017354995498e-05
2590157,"Klebsiella variicola",121,8.52224305437191e-06,262,1.84529031898618e-05
2981788,"Dorea ammoniilytica",120,8.45181129359198e-06,121.1,8.53118138593351e-06
1076124,"Phytohabitans flavus",120,8.45181129359198e-06,124.5,8.76616724194967e-06
2316726,"Corallococcus sicarius",119,8.38137953281205e-06,116.1,8.18005155540798e-06
1841865,"Mediterranea massiliensis",119,8.38137953281205e-06,125.2,8.81713627252769e-06
365590,"Shewanella hafniensis",118,8.31094777203211e-06,119.2,8.39787309153473e-06
1309,"Streptococcus mutans",117,8.24051601125218e-06,117,8.24010854925922e-06
1982628,"Faecalibacillus faecis",116,8.17008425047224e-06,116.2,8.18592423167374e-06
1206725,"Nocardia brevicatena",112,7.88835720735251e-06,148.9,1.0488271543974e-05
626774,"Proteus terrae",112,7.88835720735251e-06,147.9,1.04196384897387e-05
1218112,"Kluyvera cryocrescens",109,7.67706192501271e-06,112.6,7.93098369900553e-06
2070686,"Enteroscipio rubneri",108,7.60663016423278e-06,105.7,7.44472122922104e-06
3111861,"Streptococcus gingivalis",106,7.46576664267291e-06,103.3,7.27650266624389e-06
674529,"Bacteroides faecis",105,7.39533488189298e-06,115.3,8.12216628538547e-06
2763050,"Hungatella hominis",104,7.32490312111305e-06,103.7,7.30322263493868e-06
53345,"Enterococcus durans",102,7.18403959955318e-06,100.8,7.10195510717217e-06
1410646,"Bifidobacterium merycicum",101,7.11360783877325e-06,98.4,6.92963954417934e-06
2779352,"Pseudoflavonifractor gallinarum",100,7.04317607799331e-06,107.9,7.59657377414185e-06
1121114,"Blautia producta",98,6.90231255643345e-06,104.1,7.33212046697388e-06
2763023,"Bacteroides hominis",98,6.90231255643345e-06,102.3,7.20259993031973e-06
5083,"Penicillium canescens",97,6.83188079565352e-06,99,6.97461018051951e-06
472693,"Pantoea eucrina",96,6.76144903487358e-06,90.4,6.36532843768137e-06
3097367,"Actinomadura monticuli",96,6.76144903487358e-06,96.1,6.76775437387418e-06
209559,"Aspergillus alliaceus",94,6.62058551331372e-06,94,6.62275494944021e-06
2763035,"Clostridium facile",94,6.62058551331372e-06,122.4,8.61791022079623e-06
1917867,"Bacilliculturomica massiliensis",94,6.62058551331372e-06,94.6,6.66018095036376e-06
2941233,"Acetatifactor aquisgranensis",94,6.62058551331372e-06,94.6,6.66369464296161e-06
2919919,"Atopomonas sediminilitoris",93,6.55015375253378e-06,89.3,6.29214566304468e-06
2107694,"Aphanothece hegewaldii",91,6.40929023097392e-06,108.4,7.63295488933525e-06
1133319,"Bacteroides reticulotermitis",91,6.40929023097392e-06,83.3,5.86614107665687e-06
3136256,"Xenorhabdus bharatensis",91,6.40929023097392e-06,86,6.05593616977175e-06
537007,"Blautia hansenii",90,6.33885847019398e-06,91.5,6.44368984453737e-06
46256,"Weissella hellenica",90,6.33885847019398e-06,82.8,5.8346999964772e-06
2763053,"Lawsonibacter hominis",90,6.33885847019398e-06,95.6,6.72983706170262e-06
1517512,"Aspergillus pseudoviridinutans",89,6.26842670941405e-06,86.5,6.09477768963003e-06
2747601,"Ruegeria haliotis",87,6.12756318785418e-06,75.9,5.34574965608733e-06
684066,"Streptococcus lactarius",87,6.12756318785418e-06,96.4,6.78746984708111e-06
1243002,"Vibrio olivae",87,6.12756318785418e-06,88.5,6.23041581129741e-06
1544,"Faecalicatena orotica",87,6.12756318785418e-06,88.5,6.23561587575662e-06
2850323,"Diplocloster agilis",86,6.05713142707425e-06,92.4,6.5092797487689e-06
1121129,"Butyricimonas synergistica",82,5.77540438395452e-06,83,5.84846726346669e-06
NA,"unknown genome; accession ID isNZ_DAWEHO010000023.1",82,5.77540438395452e-06,82,5.77570372206845e-06
915173,"Faecalicoccus acidiformans",81,5.70497262317459e-06,90.7,6.38606871939645e-06
1841855,"Bacteroides bouchesdurhonensis",80,5.63454086239465e-06,85.5,6.02127615951211e-06
433664,"Nocardioides agariphilus",79,5.56410910161472e-06,80.3,5.65315261511013e-06
1852384,"Massiliimalia massiliensis",79,5.56410910161472e-06,78.4,5.51961279445016e-06
566552,"Bifidobacterium catenulatum",78,5.49367734083479e-06,110.6,7.79314099421104e-06
47880,"Pseudomonas fulva",78,5.49367734083479e-06,95,6.69329647666537e-06
2743469,"Rhabdonatronobacter sediminivivens",77,5.42324558005485e-06,74.3,5.22960648378021e-06
460384,"Enterocloster lavalensis",76,5.35281381927492e-06,80.1,5.64268012237077e-06
2585118,"Alistipes communis",75,5.28238205849499e-06,76.8,5.41116862133949e-06
2650158,"Bacteroides luhongzhouii",75,5.28238205849499e-06,75.9,5.34704985435952e-06
218936,"Aeromonas simiae",75,5.28238205849499e-06,76.6,5.39509253353861e-06
1384589,"Entomohabitans teleogrylli",74,5.21195029771505e-06,73.3,5.16427056252213e-06
1448311,"Aspergillus vadensis",74,5.21195029771505e-06,72.4,5.09795028784512e-06
2606633,"Oliverpabstia intestinalis",74,5.21195029771505e-06,68.3,4.80986779172656e-06
2779518,"Blautia liquoris",71,5.00065501537525e-06,71.7,5.04808610903825e-06
871324,"Bacteroides stercorirosoris",71,5.00065501537525e-06,71.1,5.00419689189906e-06
2590867,"Enorma burkinafasonensis",71,5.00065501537525e-06,75.4,5.3076426094737e-06
559295,"Lachancea thermotolerans",70,4.93022325459532e-06,63.7,4.48909100829753e-06
1550024,"Ruthenibacterium lactatiformans",70,4.93022325459532e-06,63.7,4.4839329951248e-06
150033,"Enterococcus ratti",70,4.93022325459532e-06,72.4,5.09700693613292e-06
2838947,"Enterobacter quasimori",70,4.93022325459532e-06,87.9,6.19394824397869e-06
762051,"Leuconostoc kimchii",69,4.85979149381539e-06,71.1,5.00653519252219e-06
2585119,"Alistipes dispar",69,4.85979149381539e-06,68.1,4.7929217453063e-06
2763057,"Parabacteroides hominis",69,4.85979149381539e-06,69.9,4.92272864627139e-06
1936995,"Parabacteroides bouchesdurhonensis",69,4.85979149381539e-06,84,5.91582400023614e-06
1664069,"Bacillus glycinifermentans",68,4.78935973303545e-06,68,4.78727781083318e-06
2735723,"Turicibacter bilis",68,4.78935973303545e-06,68,4.78890632335703e-06
39495,"Eubacterium uniforme",68,4.78935973303545e-06,68,4.79012945901091e-06
2941338,"Streptococcus caecimuris",68,4.78935973303545e-06,79.9,5.62561753244663e-06
2763061,"Roseburia lenta",67,4.71892797225552e-06,66.7,4.69689123203558e-06
2764327,"Holdemanella hominis",67,4.71892797225552e-06,71.1,5.01069161764561e-06
1914243,"Citrobacter europaeus",67,4.71892797225552e-06,67.5,4.75267405197994e-06
501571,"Butyricicoccus pullicaecorum",66,4.64849621147559e-06,66.3,4.66928081316332e-06
69359,"Thiohalocapsa halophila",65,4.57806445069565e-06,65.4,4.60638335157404e-06
3073100,"Candidatus Cetobacterium colombiensis",65,4.57806445069565e-06,57.6,4.05784293650778e-06
100884,"Coprobacillus cateniformis",64,4.50763268991572e-06,63,4.43569308419151e-06
91492,"Aspergillus udagawae",64,4.50763268991572e-06,64.2,4.5197135344664e-06
41047,"Aspergillus thermomutatus",64,4.50763268991572e-06,66.7,4.70095365764913e-06
246144,"Enterococcus italicus",64,4.50763268991572e-06,64.8,4.56710944820142e-06
69789,"Penicillium soppii",64,4.50763268991572e-06,62.5,4.40083106581869e-06
158823,"Cedecea lapagei",64,4.50763268991572e-06,64.1,4.51358515444801e-06
3062598,"Erwinia pyri",63,4.43720092913579e-06,72.2,5.08417060426999e-06
1816676,"Alistipes provencensis",63,4.43720092913579e-06,76.2,5.36412541978863e-06
270249,"Bartonella phoceensis",63,4.43720092913579e-06,67.1,4.72289597744286e-06
1158604,"Enterococcus villorum",62,4.36676916835585e-06,61.9,4.35955569113382e-06
1003335,"Kluyveromyces marxianus",62,4.36676916835585e-06,66.2,4.65983569869485e-06
3133091,"unknown genome; accession ID isNZ_JBBMER010000008.1",62,4.36676916835585e-06,59.6,4.19722056263223e-06
2020965,"Bifidobacterium imperatoris",61,4.29633740757592e-06,63.2,4.44939501853187e-06
638849,"Pyramidobacter piscolens",61,4.29633740757592e-06,61,4.29633982836612e-06
2943492,"Corynebacterium intestinale",61,4.29633740757592e-06,61,4.29643451918367e-06
NA,"unknown genome; accession ID isNZ_DAWEQI010000213.1",61,4.29633740757592e-06,61,4.29634032933327e-06
3032125,"Neopoerus faecalis",60,4.22590564679599e-06,64.9,4.56863696531417e-06
291644,"Bacteroides salyersiae",60,4.22590564679599e-06,61.7,4.34849618967451e-06
3118588,"Ewingella docleensis",60,4.22590564679599e-06,68.5,4.8279823680058e-06
3098076,"Streptococcus lingualis",59,4.15547388601606e-06,69.1,4.86568432452614e-06
3072179,"Sporanaerobium hydrogeniformans",58,4.08504212523612e-06,54.6,3.84769365287882e-06
2690837,"Eggerthella guodeyinii",57,4.01461036445619e-06,57.5,4.04725950296186e-06
1850975,"Penicillium nucicola",57,4.01461036445619e-06,46.5,3.27529518999308e-06
1735,"Holdemanella biformis",56,3.94417860367626e-06,65.8,4.63692114479159e-06
283354,"Alternaria metachromatica",56,3.94417860367626e-06,56,3.94494370359007e-06
510516,"Aspergillus oryzae",55,3.87374684289632e-06,53.2,3.74795132040176e-06
2888525,"Thermomonas alba",55,3.87374684289632e-06,53.5,3.76828086486444e-06
1069201,"Aspergillus luchuensis",54,3.80331508211639e-06,57.2,4.03147197503486e-06
2219695,"Luxibacter massiliensis",54,3.80331508211639e-06,56.7,3.99315811166487e-06
147206,"Collinsella stercoris",53,3.73288332133646e-06,51.8,3.64948182662025e-06
2487118,"Intestinibaculum porci",52,3.66245156055652e-06,52,3.66587927342343e-06
3117552,"Bacteroides maternus",52,3.66245156055652e-06,53.2,3.74591184264066e-06
449673,"Bacteroides stercoris",51,3.59201979977659e-06,57.2,4.02543576542182e-06
3034352,"Enterococcus entomosocium",51,3.59201979977659e-06,51,3.59231320314315e-06
3030999,"Enterobacter rongchengensis",51,3.59201979977659e-06,54.1,3.81065654094115e-06
762967,"Sutterella parvirubra",50,3.52158803899666e-06,50.9,3.58303991403813e-06
218493,"Salmonella bongori",50,3.52158803899666e-06,50.7,3.56873598126881e-06
417368,"Enterococcus thailandicus",50,3.52158803899666e-06,53.6,3.77527047304527e-06
673271,"Catenibacillus scindens",50,3.52158803899666e-06,55.3,3.89409148454677e-06
1852381,"Duodenibacillus massiliensis",50,3.52158803899666e-06,50,3.52038788175919e-06
559292,"Saccharomyces cerevisiae",49,3.45115627821672e-06,44.8,3.1534202740584e-06
197614,"Streptococcus pasteurianus",49,3.45115627821672e-06,53.4,3.76074746389511e-06
102862,"Proteus penneri",49,3.45115627821672e-06,73.9,5.20402458799445e-06
3133170,"Ventrimonas faecis",49,3.45115627821672e-06,48.5,3.41741502341368e-06
57706,"Citrobacter braakii",48,3.38072451743679e-06,48.3,3.40382905941163e-06
2885361,"Brotaphodocola catenula",48,3.38072451743679e-06,49.6,3.49257598677943e-06
33043,"Coprococcus eutactus",48,3.38072451743679e-06,49,3.45229379364808e-06
3377720,"Providencia pseudovermicola",48,3.38072451743679e-06,50.4,3.55320795694957e-06
249189,"Enterococcus hermanniensis",47,3.31029275665686e-06,55.2,3.8888381959901e-06
2726742,"Flammeovirga agarivorans",47,3.31029275665686e-06,50.4,3.5523988639846e-06
1353,"Enterococcus gallinarum",47,3.31029275665686e-06,50,3.5201472147018e-06
478749,"Marvinbryantia formatexigens",47,3.31029275665686e-06,50.2,3.53219252370775e-06
2316736,"Corallococcus exercitus",46,3.23986099587692e-06,46.1,3.24843155988537e-06
2763655,"Gehongia tenuis",46,3.23986099587692e-06,46.2,3.25505785896137e-06
3133162,"Ruminococcoides intestinale",46,3.23986099587692e-06,47.1,3.32040044834766e-06
428127,"Amedibacillus dolichus",45,3.16942923509699e-06,46,3.24189567815921e-06
42260,"Zygotorulaspora mrakii",45,3.16942923509699e-06,44.3,3.11695398127746e-06
2981784,"[Clostridium] ammoniilyticum",45,3.16942923509699e-06,45.1,3.17399120646777e-06
29845,"Penicillium vulpinum",45,3.16942923509699e-06,44.4,3.12923803410854e-06
2489010,"Klebsiella africana",44,3.09899747431706e-06,68.4,4.81589778377543e-06
71451,"Enterococcus malodoratus",44,3.09899747431706e-06,37.5,2.6411050090597e-06
2685834,"Parabacteroides chongii",44,3.09899747431706e-06,41.6,2.92901977521473e-06
NA,"unknown genome; accession ID isNZ_CAJYCN010000015.1",44,3.09899747431706e-06,40.6,2.85699744466538e-06
137591,"Weissella cibaria",43,3.02856571353713e-06,43,3.02856741999579e-06
1360,"Lactococcus lactis",43,3.02856571353713e-06,42.9,3.02250973810326e-06
1448314,"Aspergillus eucalypticola",43,3.02856571353713e-06,50.2,3.53827348792902e-06
2762229,"Escherichia whittamii",43,3.02856571353713e-06,43.2,3.04168676784278e-06
37930,"Glutamicibacter protophormiae",43,3.02856571353713e-06,46.5,3.27234583293485e-06
332186,"Shewanella xiamenensis",43,3.02856571353713e-06,44.9,3.1618129895773e-06
3098075,"Streptococcus dentalis",43,3.02856571353713e-06,47.5,3.34585210922543e-06
1585982,"Citrobacter bitternis",43,3.02856571353713e-06,43.7,3.0772420140675e-06
1918949,"Solemya elarraichensis gill symbiont",42,2.95813395275719e-06,42.2,2.97305525872915e-06
40041,"Streptococcus equi",42,2.95813395275719e-06,42,2.95819170528256e-06
2077090,"Vibrio gangliei",42,2.95813395275719e-06,48.5,3.4176638725797e-06
1118062,"Peptoniphilus obesi",41,2.88770219197726e-06,41,2.88696551129783e-06
39480,"Andreesenia angusta",41,2.88770219197726e-06,40.6,2.85934820386266e-06
2927804,"Marinobacterium sedimentorum",39,2.74683867041739e-06,39,2.74828805644936e-06
370354,"Entamoeba dispar",38,2.67640690963746e-06,38.2,2.69366099855631e-06
1385512,"Pontibacillus litoralis",38,2.67640690963746e-06,38.1,2.68451775536475e-06
2763659,"Fumia xinanensis",38,2.67640690963746e-06,44.9,3.16290379730237e-06
2040291,"Dorea phocaeensis",38,2.67640690963746e-06,36.6,2.57887772688247e-06
2079531,"Prevotella merdae",38,2.67640690963746e-06,41.4,2.91804055925419e-06
1835702,"Penicillium arizonense",37,2.60597514885753e-06,39.9,2.80766122412627e-06
676599,"Stenotrophomonas panacihumi",37,2.60597514885753e-06,38.4,2.70684621067965e-06
2758443,"Mixta mediterraneensis",37,2.60597514885753e-06,36.1,2.54324784339016e-06
1288121,"Alistipes senegalensis",37,2.60597514885753e-06,37.9,2.66608914422098e-06
1121111,"Bifidobacterium thermacidophilum",36,2.53554338807759e-06,35.8,2.52189481463426e-06
2583810,"Alteribacter natronophilus",36,2.53554338807759e-06,37,2.60285043540516e-06
1462571,"Bacteroides gallinaceum",36,2.53554338807759e-06,37.3,2.62488271221541e-06
2766470,"Leuconostoc falkenbergense",35,2.46511162729766e-06,35.8,2.51934603299792e-06
2579922,"Pseudomonas yangonensis",34,2.39467986651773e-06,37.8,2.66531103652777e-06
2762223,"Clostridium faecium",34,2.39467986651773e-06,32.7,2.3053530150629e-06
2994035,"Sellimonas catena",34,2.39467986651773e-06,34.9,2.4556675423539e-06
3037989,"Bacteroides vicugnae",34,2.39467986651773e-06,34.2,2.40775000049262e-06
1450537,"Aspergillus homomorphus",33,2.32424810573779e-06,33,2.3247985078835e-06
69224,"Erwinia psidii",33,2.32424810573779e-06,37.3,2.62831095403561e-06
930854,"Enterococcus viikkiensis",33,2.32424810573779e-06,33.1,2.32952874507919e-06
68193,"Streptomyces djakartensis",33,2.32424810573779e-06,32.2,2.27035490142842e-06
679200,"Johnsonella ignava",32,2.25381634495786e-06,30.4,2.13839626572233e-06
94643,"Besnoitia besnoiti",32,2.25381634495786e-06,30.9,2.17285577630643e-06
2304063,"Sphingobium terrigena",32,2.25381634495786e-06,32.9,2.31425639229946e-06
2490633,"Streptococcus periodonticum",32,2.25381634495786e-06,30.1,2.12067459027898e-06
1234680,"Streptococcus rubneri",32,2.25381634495786e-06,33.3,2.34531540331946e-06
2714355,"Vescimonas coprocola",32,2.25381634495786e-06,35.2,2.47568967689919e-06
2666183,"Pseudomonas juntendi",32,2.25381634495786e-06,38.5,2.71205647752166e-06
40837,"Mycoplana ramosa",32,2.25381634495786e-06,43.6,3.07417613902718e-06
2763644,"Zhenpiania hominis",31,2.18338458417793e-06,34.5,2.42835206910907e-06
2606708,"Mogibacterium kristiansenii",31,2.18338458417793e-06,31,2.18152563291829e-06
1408163,"Rasamsonia emersonii",30,2.11295282339799e-06,30,2.11304939272574e-06
3032872,"Petralouisia muris",30,2.11295282339799e-06,32.2,2.26968144113873e-06
1363,"Lactococcus garvieae",30,2.11295282339799e-06,31.4,2.21453733312819e-06
1334,"Streptococcus dysgalactiae",30,2.11295282339799e-06,30,2.11385044629008e-06
1157498,"Micromonospora fiedleri",30,2.11295282339799e-06,30,2.11295403359662e-06
2834113,"Alistipes montrealensis",30,2.11295282339799e-06,32,2.25505792288146e-06
2891570,"Pseudocitrobacter corydidari",30,2.11295282339799e-06,33.2,2.33678633666175e-06
2981722,"Porcipelethomonas ammoniilytica",30,2.11295282339799e-06,30,2.11618487375613e-06
173856,"Streptomyces luteosporeus",30,2.11295282339799e-06,32.6,2.29462000350139e-06
3140788,"Streptococcus nidrosiense",30,2.11295282339799e-06,30.6,2.15685502486104e-06
1650663,"Allofournierella massiliensis",30,2.11295282339799e-06,30.7,2.16047902379748e-06
575,"Raoultella planticola",29,2.04252106261806e-06,31.2,2.19686317251445e-06
2597270,"Alkalicoccobacillus porphyridii",29,2.04252106261806e-06,29.2,2.05318996654263e-06
70346,"Acinetobacter variabilis",29,2.04252106261806e-06,33.3,2.34588154089348e-06
3074433,"Vallitalea maricola",29,2.04252106261806e-06,28.8,2.02878370153055e-06
502577,"Actinoallomurus acaciae",29,2.04252106261806e-06,29.2,2.05323502835299e-06
39778,"Veillonella dispar",29,2.04252106261806e-06,23.7,1.67192338187094e-06
192222,"Campylobacter jejuni",28,1.97208930183813e-06,28,1.97173212145375e-06
546269,"Filifactor alocis",28,1.97208930183813e-06,27.7,1.950546679784e-06
1202713,"Paenalcaligenes suwonensis",28,1.97208930183813e-06,25.8,1.81771848587034e-06
2763052,"Lawsonibacter faecis",28,1.97208930183813e-06,28.1,1.9791722287742e-06
40518,"Ruminococcus bromii",28,1.97208930183813e-06,28.3,1.9962217308288e-06
2751153,"Coprobacter secundus",28,1.97208930183813e-06,29.6,2.08284126852412e-06
202956,"Acinetobacter towneri",28,1.97208930183813e-06,32.3,2.27820271180009e-06
2713174,"Fructobacillus parabroussonetiae",28,1.97208930183813e-06,29,2.03937565922019e-06
3035284,"Prevotella sp. B2-R-102",28,1.97208930183813e-06,31,2.18653059949447e-06
1640685,"Enterococcus massiliensis",27,1.90165754105819e-06,29.5,2.07548380182499e-06
160453,"Enterococcus gilvus",27,1.90165754105819e-06,32.2,2.26995124074469e-06
2763013,"Agathobaculum faecis",27,1.90165754105819e-06,27.2,1.91366186764687e-06
1852364,"Enterococcus timonensis",27,1.90165754105819e-06,35.3,2.48759512174147e-06
1676614,"Xylanibacter rarus",26,1.83122578027826e-06,24.9,1.75249454536364e-06
2382163,"Streptococcus koreensis",26,1.83122578027826e-06,29.1,2.0461195055527e-06
1033731,"Alistipes timonensis",26,1.83122578027826e-06,27.6,1.94619338234351e-06
1121925,"Globicatella sulfidifaciens",26,1.83122578027826e-06,20.5,1.44186971301919e-06
472695,"Pantoea septica",26,1.83122578027826e-06,25.4,1.79024998725807e-06
873447,"Streptococcus parauberis",25,1.76079401949833e-06,25.3,1.78052513488676e-06
1211817,"Clostridium ihumii",25,1.76079401949833e-06,25,1.76174923825165e-06
2494701,"Enterobacter chengduensis",25,1.76079401949833e-06,20.2,1.42473317441193e-06
1392255,"Aspergillus novofumigatus",25,1.76079401949833e-06,28.6,2.01565329946493e-06
2605790,"Roseburia porci",25,1.76079401949833e-06,29,2.04567882720863e-06
1796635,"Longicatena caecimuris",25,1.76079401949833e-06,25,1.75854255669885e-06
39482,"Faecalicatena contorta",25,1.76079401949833e-06,32.2,2.26581421490129e-06
5074,"Penicillium brevicompactum",25,1.76079401949833e-06,23.6,1.66533840473055e-06
3133154,"Coprococcus intestinihominis",25,1.76079401949833e-06,36.8,2.5941438312791e-06
1329,"Streptococcus canis",25,1.76079401949833e-06,22.1,1.55668650447708e-06
2582917,"Klebsiella indica",24,1.6903622587184e-06,24,1.69037897067313e-06
1816689,"Sutterella massiliensis",24,1.6903622587184e-06,21.1,1.48683343221463e-06
2877527,"Blautia parvula",24,1.6903622587184e-06,24.4,1.71915249600904e-06
2824910,"Heyndrickxia faecalis",24,1.6903622587184e-06,27.5,1.93880533274834e-06
27334,"Penicillium expansum",23,1.61993049793846e-06,23.2,1.6348924443771e-06
39496,"Eubacterium ventriosum",23,1.61993049793846e-06,23.8,1.67403909288367e-06
2552766,"Meridianimarinicoccus aquatilis",23,1.61993049793846e-06,24.3,1.71415034757886e-06
2841504,"Dysosmobacter acutus",23,1.61993049793846e-06,24.6,1.73036694189484e-06
328812,"Parabacteroides goldsteinii",23,1.61993049793846e-06,26.3,1.85504629874986e-06
2885357,"Hominenteromicrobium mulieris",23,1.61993049793846e-06,21.5,1.51293833285893e-06
46503,"Parabacteroides merdae",23,1.61993049793846e-06,27.2,1.91870740642608e-06
253257,"Lacrimispora amygdalina",22,1.54949873715853e-06,23.6,1.6620388789909e-06
1796634,"Muricomes intestini",22,1.54949873715853e-06,21.7,1.53106961241486e-06
1798158,"Bifidobacterium ramosum",22,1.54949873715853e-06,22,1.5486208308284e-06
2100822,"Kushneria phyllosphaerae",22,1.54949873715853e-06,22.4,1.58057212803829e-06
483215,"Bacteroides finegoldii",21,1.4790669763786e-06,21.6,1.5236845435502e-06
84135,"Gemella sanguinis",21,1.4790669763786e-06,21,1.47969249054274e-06
5478,"Nakaseomyces glabratus",21,1.4790669763786e-06,19.7,1.38981784951074e-06
1398493,"Pseudocitrobacter faecalis",21,1.4790669763786e-06,21.5,1.51473512660637e-06
2784388,"Clostridium vitabionis",21,1.4790669763786e-06,23.4,1.64507621014787e-06
518636,"Enterocloster asparagiformis",21,1.4790669763786e-06,19,1.33599447140594e-06
59310,"Streptococcus macedonicus",21,1.4790669763786e-06,21.7,1.52666292038089e-06
1720204,"Collinsella ihumii",21,1.4790669763786e-06,21,1.47908793865004e-06
3342383,"Flintibacter porci",21,1.4790669763786e-06,24.6,1.73049050593334e-06
518635,"Bifidobacterium angulatum",20,1.40863521559866e-06,20.8,1.46559325435588e-06
67780,"Edwardsiella ictaluri",20,1.40863521559866e-06,21.1,1.48538392139521e-06
2518971,"Duncaniella dubosii",20,1.40863521559866e-06,20.8,1.46589129177423e-06
2834432,"Bifidobacterium pongonis",20,1.40863521559866e-06,20.6,1.44746285322577e-06
2941327,"Flintibacter muris",20,1.40863521559866e-06,19,1.33741796874239e-06
1423786,"Lentilactobacillus parafarraginis",19,1.33820345481873e-06,19.1,1.348560500781e-06
1570016,"Thioflexithrix psekupsensis",19,1.33820345481873e-06,19.4,1.36742475120871e-06
1928661,"Bradyrhizobium cajani",19,1.33820345481873e-06,19,1.33832741373764e-06
2715212,"Bacteroides faecium",19,1.33820345481873e-06,19.4,1.36755097779497e-06
102684,"Streptococcus infantarius",19,1.33820345481873e-06,19.9,1.40193827924593e-06
208223,"Kosakonia cowanii",19,1.33820345481873e-06,19.1,1.34348636860248e-06
2994648,"Enterobacter nematophilus",19,1.33820345481873e-06,18.8,1.32091934592211e-06
3036443,"Streptococcus sp. ST2",19,1.33820345481873e-06,20.5,1.44558085605984e-06
3133422,"Flavonifractor porci",19,1.33820345481873e-06,19.3,1.35781400161229e-06
40519,"Ruminococcus callidus",19,1.33820345481873e-06,18.9,1.33266974855237e-06
1776392,"Massilimicrobiota timonensis",19,1.33820345481873e-06,19,1.33896256761681e-06
655813,"Streptococcus oralis",19,1.33820345481873e-06,16.1,1.1337486548347e-06
147207,"Collinsella intestinalis",19,1.33820345481873e-06,18,1.2649589878821e-06
2993456,"Lactiplantibacillus carotarum",19,1.33820345481873e-06,19,1.33831284258807e-06
1470345,"Bacteroides timonensis",18,1.2677716940388e-06,19.2,1.34970062130005e-06
1393034,"Atopobium deltae",18,1.2677716940388e-06,19.1,1.34665106511294e-06
2041044,"Eubacterium maltosivorans",18,1.2677716940388e-06,18.2,1.28195322542377e-06
2604158,"Nitratidesulfovibrio liaohensis",18,1.2677716940388e-06,18,1.26777245835578e-06
48254,"Torulaspora globosa",18,1.2677716940388e-06,19.7,1.39057601413842e-06
2764329,"Paeniclostridium hominis",18,1.2677716940388e-06,17.8,1.25305041745499e-06
271881,"Lactiplantibacillus argentoratensis",18,1.2677716940388e-06,17.9,1.26113706613294e-06
1670621,"Saccharothrix lopnurensis",18,1.2677716940388e-06,19,1.33722230905443e-06
54062,"Pediococcus parvulus",18,1.2677716940388e-06,21.9,1.5415311624512e-06
2713419,"Collinsella acetigenes",17,1.19733993325886e-06,18.4,1.29289756094981e-06
2764323,"Catenibacterium faecis",17,1.19733993325886e-06,20.9,1.46975810552849e-06
2607614,"Tissierella pigra",17,1.19733993325886e-06,14.6,1.02983958657418e-06
2899785,"Huaxiibacter chinensis",17,1.19733993325886e-06,24.2,1.70653872121126e-06
3378067,"Butyricimonas sp. GBGM4",17,1.19733993325886e-06,17,1.19735885823302e-06
764290,"Streptococcus downei",17,1.19733993325886e-06,17.8,1.25252424744993e-06
2890315,"Yersinia artesiana",17,1.19733993325886e-06,17.5,1.23446904635795e-06
1034345,"Senegalimassilia anaerobia",16,1.12690817247893e-06,11.9,8.38542053564259e-07
2020506,"Tetzosporium hominis",16,1.12690817247893e-06,14.7,1.03668706826967e-06
2174932,"Nesterenkonia natronophila",16,1.12690817247893e-06,18.4,1.29675346552925e-06
2487350,"Aerococcus agrisoli",16,1.12690817247893e-06,19.4,1.36389052633036e-06
2780922,"Solibaculum mannosilyticum",16,1.12690817247893e-06,15.9,1.12272653361834e-06
67824,"Citrobacter farmeri",16,1.12690817247893e-06,15.4,1.08293419246583e-06
2949669,"Curtanaerobium respiraculi",16,1.12690817247893e-06,15.2,1.06915966256126e-06
2953879,"Weissella fangxianensis",16,1.12690817247893e-06,16.1,1.13291481184951e-06
59298,"Streptomyces thermocarboxydovorans",16,1.12690817247893e-06,16.4,1.15677076552879e-06
5088,"Thermoascus crustaceus",16,1.12690817247893e-06,16,1.12690881017403e-06
3237104,"Erwinia plantamica",16,1.12690817247893e-06,18.1,1.27768170047504e-06
1115758,"Romboutsia ilealis",16,1.12690817247893e-06,15.6,1.09623470011584e-06
1987501,"Massiliimalia timonensis",16,1.12690817247893e-06,16.7,1.17920565494743e-06
742818,"Slackia piriformis",15,1.056476411699e-06,15.1,1.06373845110096e-06
1437610,"Bifidobacterium reuteri",15,1.056476411699e-06,15.6,1.10164219404513e-06
1245769,"Lachancea lanzarotensis",15,1.056476411699e-06,16.7,1.17872794742586e-06
411468,"[Clostridium] scindens",15,1.056476411699e-06,16,1.12984349477021e-06
67829,"Citrobacter murliniae",15,1.056476411699e-06,15.4,1.0855884652017e-06
2681861,"Sporofaciens musculi",15,1.056476411699e-06,18.2,1.28364579339983e-06
NA,"unknown genome; accession ID isNZ_AP022829.1",15,1.056476411699e-06,17.2,1.21484348221864e-06
394095,"Pyxidicoccus fallax",15,1.056476411699e-06,14.7,1.03301098551965e-06
2740817,"Paramixta manurensis",15,1.056476411699e-06,15.1,1.06008096919356e-06
2230878,"Candidatus Enterococcus mangumiae",15,1.056476411699e-06,15,1.0598698393762e-06
2885356,"Hominilimicola fabiformis",15,1.056476411699e-06,14.6,1.02786115172475e-06
2909341,"Octadecabacter dasysiphoniae",15,1.056476411699e-06,15,1.05647702893127e-06
1812259,"Streptomyces ginkgonis",15,1.056476411699e-06,13.6,9.59768458380296e-07
3075529,"Streptomyces gibsoniae",15,1.056476411699e-06,15,1.05647700697528e-06
113569,"Cryptosporangium minutisporangium",15,1.056476411699e-06,15.6,1.0971279225897e-06
1745713,"Bariatricus massiliensis",15,1.056476411699e-06,15.6,1.09981574457634e-06
2015901,"Massilicoli timonensis",15,1.056476411699e-06,15.6,1.10122956613811e-06
546,"Citrobacter freundii",15,1.056476411699e-06,15.2,1.07077578036902e-06
1435463,"Bifidobacterium porcinum",14,9.86044650919064e-07,14.7,1.03427179370129e-06
1307443,"Fusobacterium hwasookii",14,9.86044650919064e-07,15.4,1.08661752656521e-06
83891,"Trypanosoma conorhini",14,9.86044650919064e-07,14.1,9.93744503066322e-07
2529380,"Kosakonia quasisacchari",14,9.86044650919064e-07,13.5,9.48486767412143e-07
5059,"Aspergillus flavus",14,9.86044650919064e-07,15.1,1.06678294478742e-06
157792,"Halopseudomonas xiamenensis",14,9.86044650919064e-07,23.9,1.68071928453835e-06
1932,"Streptomyces tendae",14,9.86044650919064e-07,14.1,9.92068124251009e-07
285729,"Fusobacterium canifelinum",14,9.86044650919064e-07,15.3,1.07602262264992e-06
2981728,"Huintestinicola butyrica",14,9.86044650919064e-07,14.9,1.05028820520936e-06
333963,"Leucobacter iarius",14,9.86044650919064e-07,15.1,1.06032863041285e-06
29364,"[Clostridium] polysaccharolyticum",14,9.86044650919064e-07,14,9.86045206510257e-07
484018,"Phocaeicola plebeius",13,9.15612890139131e-07,15.1,1.06592663348902e-06
1720315,"Hugonella massiliensis",13,9.15612890139131e-07,13,9.16144037544159e-07
767769,"Aspergillus brasiliensis",13,9.15612890139131e-07,13.1,9.23916790721053e-07
658225,"Sphingomonas glacialis",13,9.15612890139131e-07,13,9.18945636765669e-07
2682455,"Veillonella orientalis",13,9.15612890139131e-07,13.9,9.81848323209491e-07
2815733,"Tenebrionicola larvae",13,9.15612890139131e-07,16.6,1.17124801149422e-06
1187928,"Alternaria incomplexa",13,9.15612890139131e-07,13.8,9.71364528915779e-07
1281486,"Lactococcus formosensis",13,9.15612890139131e-07,13.1,9.23852700448063e-07
558541,"Shewanella chilikensis",13,9.15612890139131e-07,21.8,1.53305678139599e-06
2024197,"Bacteroides cutis",13,9.15612890139131e-07,17.4,1.22415562634451e-06
28985,"Kluyveromyces lactis",12,8.45181129359198e-07,13,9.18937698610735e-07
1123304,"Streptococcus henryi",12,8.45181129359198e-07,12,8.45204327077533e-07
1577792,"Terrisporobacter othiniensis",12,8.45181129359198e-07,11.8,8.3000915783817e-07
1670446,"Lactiplantibacillus herbarum",12,8.45181129359198e-07,13.5,9.49930118347975e-07
2059725,"Zobellella maritima",12,8.45181129359198e-07,12,8.45190975699397e-07
1448313,"Aspergillus piperis",12,8.45181129359198e-07,14.1,9.89673693124491e-07
1796622,"Extibacter muris",12,8.45181129359198e-07,12.2,8.61171618469675e-07
33964,"Leuconostoc citreum",12,8.45181129359198e-07,12.6,8.86737491240029e-07
2478464,"Enterobacter oligotrophicus",12,8.45181129359198e-07,12.3,8.64410218707021e-07
2547410,"Enterocloster alcoholdehydrogenati",12,8.45181129359198e-07,14.4,1.01154866737929e-06
76860,"Streptococcus constellatus",12,8.45181129359198e-07,13.3,9.35969532860905e-07
2816080,"Alicyclobacillus suci",12,8.45181129359198e-07,12,8.44465526519697e-07
2897706,"Acidaminococcus hominis",12,8.45181129359198e-07,12,8.45784998014349e-07
3095078,"Streptococcus wuxiensis",12,8.45181129359198e-07,14.2,1.00002992098262e-06
610130,"Lacrimispora saccharolytica",11,7.74749368579265e-07,11.3,7.9570773690062e-07
1408437,"Agathobaculum desmolans",11,7.74749368579265e-07,11,7.75751304504647e-07
1410668,"Proteiniclasticum ruminis",11,7.74749368579265e-07,8.2,5.76902758694417e-07
1122154,"Pseudolactococcus chungangensis",11,7.74749368579265e-07,15.1,1.06612110026812e-06
1298595,"Veillonella rogosae",11,7.74749368579265e-07,12.9,9.07236998579556e-07
2488810,"Ruminiclostridium herbifermentans",11,7.74749368579265e-07,11.8,8.31590080811084e-07
2564099,"Ruminococcus bovis",11,7.74749368579265e-07,11.1,7.8240651150194e-07
37727,"Talaromyces marneffei",11,7.74749368579265e-07,9.1,6.39724154265577e-07
2899544,"Intestinirhabdus alba",11,7.74749368579265e-07,15.7,1.10496381503355e-06
2763645,"Lentihominibacter hominis",11,7.74749368579265e-07,11.6,8.16342224241852e-07
106648,"Acinetobacter bereziniae",11,7.74749368579265e-07,10.3,7.24094816681929e-07
2841509,"Butyricicoccus intestinisimiae",11,7.74749368579265e-07,11.6,8.16545432722346e-07
2981721,"Brotomerdimonas butyrica",11,7.74749368579265e-07,11,7.76790141003523e-07
1792511,"Penicillium robsamsonii",11,7.74749368579265e-07,11.5,8.12025900454418e-07
2529381,"Enterobacter wuhouensis",11,7.74749368579265e-07,11.7,8.24865732264568e-07
2587528,"Klebsiella spallanzanii",11,7.74749368579265e-07,10.9,7.66586690500731e-07
1069534,"Ligilactobacillus ruminis",10,7.04317607799331e-07,10.2,7.19909790171473e-07
1071383,"Huiozyma naganishii",10,7.04317607799331e-07,9.5,6.6608255267421e-07
1156431,"Streptococcus ilei",10,7.04317607799331e-07,9.8,6.91619980365666e-07
1121088,"Heyndrickxia coagulans",10,7.04317607799331e-07,10.2,7.1960195773298e-07
272773,"Salinivibrio costicola",10,7.04317607799331e-07,9.8,6.91094479173417e-07
2530390,"Muribaculum gordoncarteri",10,7.04317607799331e-07,9.8,6.89446487834064e-07
2588991,"Streptococcus symci",10,7.04317607799331e-07,10.7,7.568210131809e-07
2605638,"Bradyrhizobium hipponense",10,7.04317607799331e-07,11.1,7.79858453618937e-07
2607659,"Nocardioides antri",10,7.04317607799331e-07,9.3,6.52016685378797e-07
1506151,"Aspergillus pseudonomiae",10,7.04317607799331e-07,10.6,7.43791160846993e-07
570012,"Shimwellia pseudoproteus",10,7.04317607799331e-07,10.4,7.35909801606628e-07
2763069,"Ruminococcus difficilis",10,7.04317607799331e-07,10,7.02336649116392e-07
158849,"Moellerella wisconsensis",10,7.04317607799331e-07,10.1,7.10363683456288e-07
2872648,"Mixta hanseatica",10,7.04317607799331e-07,10.5,7.37755416316509e-07
396014,"Brachybacterium phenoliresistens",10,7.04317607799331e-07,10,7.04318004650184e-07
3095082,"Streptococcus fermentans",10,7.04317607799331e-07,10.9,7.67457028615379e-07
2086575,"Parabacteroides pacaensis",10,7.04317607799331e-07,10,7.0436989121332e-07
2941515,"Otoolea muris",10,7.04317607799331e-07,10,7.04340164020206e-07
1981510,"Monoglobus pectinilyticus",9,6.33885847019398e-07,11.1,7.83119246622967e-07
189622,"Babesia ovata",9,6.33885847019398e-07,8.7,6.15685679719941e-07
2109913,"Melaminivora suipulveris",9,6.33885847019398e-07,9,6.32078074729962e-07
2026339,"Oceanibium sediminis",9,6.33885847019398e-07,9.7,6.81399102570748e-07
67827,"Citrobacter werkmanii",9,6.33885847019398e-07,9,6.33900461759031e-07
2583452,"Amedibacterium intestinale",9,6.33885847019398e-07,9,6.34747137274619e-07
5082,"Penicillium roqueforti",9,6.33885847019398e-07,10.9,7.66803630971733e-07
990412,"Limosilactobacillus alvi",9,6.33885847019398e-07,9,6.34423422010046e-07
548,"Klebsiella aerogenes",9,6.33885847019398e-07,8.7,6.16019635023571e-07
155615,"Fusobacterium vincentii",9,6.33885847019398e-07,9.1,6.41179818509478e-07
2949651,"Parabacteroides sp. TA-V-105",9,6.33885847019398e-07,9.7,6.83474986058667e-07
2944915,"Coprobacter tertius",9,6.33885847019398e-07,9,6.34073955013432e-07
2993430,"Streptococcus parapneumoniae",9,6.33885847019398e-07,12.4,8.69993158158862e-07
273131,"Nakaseomyces bracarensis",9,6.33885847019398e-07,10.9,7.67275781249107e-07
1776391,"Romboutsia timonensis",9,6.33885847019398e-07,9.4,6.61852355311054e-07
NA,"unknown genome; accession ID isNZ_LT671675.1",9,6.33885847019398e-07,9.1,6.38854051096604e-07
1871033,"Olsenella urininfantis",9,6.33885847019398e-07,9.3,6.56478739464075e-07
1841868,"Provencibacterium massiliense",9,6.33885847019398e-07,9.3,6.55579266098108e-07
5857,"Plasmodium fragile",8,5.63454086239465e-07,7.8,5.50564279379498e-07
290052,"Acetivibrio ethanolgignens",8,5.63454086239465e-07,8,5.65470855664342e-07
2024554,"Virgibacillus indicus",8,5.63454086239465e-07,8,5.64691231909481e-07
1392250,"Aspergillus steynii",8,5.63454086239465e-07,9.2,6.48710850472801e-07
372463,"Oceanobacillus profundus",8,5.63454086239465e-07,8.9,6.23968070578144e-07
2486008,"Companilactobacillus mishanensis",8,5.63454086239465e-07,7.4,5.19978263431976e-07
2584944,"Sutterella faecalis",8,5.63454086239465e-07,8.5,5.98209719555606e-07
393006,"Tamlana crocina",8,5.63454086239465e-07,6.7,4.73900637163271e-07
1292134,"Stenotrophomonas africana",8,5.63454086239465e-07,7.6,5.35254389426417e-07
626929,"Bacteroides clarus",8,5.63454086239465e-07,8.1,5.71635230804262e-07
645466,"Anaerostipes butyraticus",8,5.63454086239465e-07,8.1,5.70329069005373e-07
2796361,"Kingella bonacorsii",8,5.63454086239465e-07,7.7,5.39397417232675e-07
2854755,"Prevotella lacticifex",8,5.63454086239465e-07,8.3,5.86202816623513e-07
3002863,"Methanocorpusculum petauri",8,5.63454086239465e-07,8,5.64463509008795e-07
638574,"Nonomuraea rosea",8,5.63454086239465e-07,8,5.65350601011757e-07
3133161,"Ruminococcoides intestinihominis",8,5.63454086239465e-07,9,6.3284017157175e-07
69824,"Thomasclavelia cocleata",8,5.63454086239465e-07,8,5.64938681335447e-07
889204,"Streptococcus infantis",7,4.93022325459532e-07,8.9,6.25642872227325e-07
104623,"Prodigiosinella confusarubida",7,4.93022325459532e-07,6.2,4.35963285401081e-07
1080349,"Saccharomyces eubayanus",7,4.93022325459532e-07,7.4,5.19155472313022e-07
33945,"Enterococcus avium",7,4.93022325459532e-07,6.6,4.68270554236215e-07
44139,"Thauera aromatica",7,4.93022325459532e-07,9,6.32290571316788e-07
2107999,"Lactobacillus paragasseri",7,4.93022325459532e-07,6.9,4.87600275243371e-07
2605433,"Sphingobacterium phlebotomi",7,4.93022325459532e-07,7,4.95385395330295e-07
2606634,"Velocimicrobium porci",7,4.93022325459532e-07,7.3,5.15676809591996e-07
2681984,"Erwinia sorbitola",7,4.93022325459532e-07,7.2,5.05510506032683e-07
2722702,"Salinimicrobium oceani",7,4.93022325459532e-07,6.7,4.72106505364695e-07
2675325,"Bifidobacterium erythrocebi",7,4.93022325459532e-07,7,4.94026561827366e-07
67828,"Citrobacter gillenii",7,4.93022325459532e-07,7,4.93061619236249e-07
160404,"Anaerotignum lactatifermentans",7,4.93022325459532e-07,7.1,4.96730690100235e-07
1871024,"Mordavella massiliensis",7,4.93022325459532e-07,7.2,5.07307711157885e-07
2748301,"Streptococcus vaginalis",7,4.93022325459532e-07,8.4,5.88879365754165e-07
1544696,"Rosenbergiella australiborealis",7,4.93022325459532e-07,7.9,5.58767235408679e-07
2919913,"Shinella sedimenti",7,4.93022325459532e-07,7.9,5.55067867029766e-07
2963284,"Terrisporobacter muris",7,4.93022325459532e-07,7.7,5.39687206822242e-07
28111,"Bacteroides eggerthii",7,4.93022325459532e-07,7.1,4.97132341285138e-07
1077946,"Streptomyces hundungensis",7,4.93022325459532e-07,7.1,4.97326428337083e-07
29389,"Streptococcus alactolyticus",7,4.93022325459532e-07,6.8,4.77351852495756e-07
3367746,"Aeromonas sp. A-5",7,4.93022325459532e-07,7.2,5.06628937450464e-07
1870991,"Massilioclostridium coli",7,4.93022325459532e-07,7.3,5.15130663964627e-07
1871008,"Eggerthella timonensis",7,4.93022325459532e-07,7.1,4.97399284061572e-07
1944636,"Parabacteroides provencensis",7,4.93022325459532e-07,7,4.94996174434974e-07
27288,"Naumovozyma castellii",6,4.22590564679599e-07,5.2,3.66466507612668e-07
1117379,"Neobacillus bataviensis",6,4.22590564679599e-07,6,4.2261689538885e-07
1413187,"Lactiplantibacillus fabifermentans",6,4.22590564679599e-07,5.4,3.79854013726653e-07
1423812,"Liquorilactobacillus uvarum",6,4.22590564679599e-07,5.7,4.00798259654287e-07
913848,"Loigolactobacillus coryniformis",6,4.22590564679599e-07,5.8,4.08746931783012e-07
1298594,"Veillonella denticariosi",6,4.22590564679599e-07,6.2,4.33778795685026e-07
2056311,"Algoriphagus lacus",6,4.22590564679599e-07,6.5,4.57899109231294e-07
2529382,"Enterobacter quasihormaechei",6,4.22590564679599e-07,6.1,4.31192934677986e-07
2137581,"Ellagibacter isourolithinifaciens",6,4.22590564679599e-07,5.4,3.82585122342532e-07
2719233,"Lacrimispora defluvii",6,4.22590564679599e-07,6.2,4.35342522504136e-07
2736290,"Xylanibacter muris",6,4.22590564679599e-07,6,4.226216451078e-07
2763037,"Clostridium lentum",6,4.22590564679599e-07,6.4,4.52859550514219e-07
2738446,"Anaerostipes faecalis",6,4.22590564679599e-07,6,4.22804720457494e-07
1529639,"Mangrovibacter yixingensis",6,4.22590564679599e-07,5.9,4.18258231160627e-07
51288,"Kluyvera ascorbata",6,4.22590564679599e-07,6.1,4.31643404767349e-07
1234842,"Mucilaginibacter phenanthrenivorans",6,4.22590564679599e-07,8.4,5.94583137824657e-07
416450,"Penicillium antarcticum",6,4.22590564679599e-07,6.3,4.44901834062514e-07
2050967,"Proteus faecis",6,4.22590564679599e-07,6,4.2259080309232e-07
3142537,"Enterobacter adelaidei",6,4.22590564679599e-07,8.1,5.71205543243708e-07
2497436,"Enterobacter quasiroggenkampii",6,4.22590564679599e-07,6.4,4.53608641684154e-07
571,"Klebsiella oxytoca",6,4.22590564679599e-07,8.2,5.79789346700223e-07
535290,"Legionella nagasakiensis",6,4.22590564679599e-07,5.9,4.13644791174457e-07
762982,"Paraprevotella xylaniphila",6,4.22590564679599e-07,7.1,5.01350529250703e-07
441959,"Talaromyces stipitatus",5,3.52158803899666e-07,6.7,4.74414399905024e-07
284811,"Eremothecium gossypii",5,3.52158803899666e-07,5.6,3.97606629930186e-07
667120,"Edwardsiella anguillarum",5,3.52158803899666e-07,6.4,4.53225216166951e-07
1229756,"Leuconostoc gelidum",5,3.52158803899666e-07,4,2.84710537279374e-07
1123318,"Streptococcus thoraltensis",5,3.52158803899666e-07,5.6,3.96335915523437e-07
69222,"Erwinia mallotivora",5,3.52158803899666e-07,5.2,3.62890482527078e-07
1177154,"Alcanivorax nanhaiticus",5,3.52158803899666e-07,4.6,3.24972951673295e-07
1194083,"Nostocoides japonicum",5,3.52158803899666e-07,5,3.52275162051393e-07
1720300,"Mediterraneibacter massiliensis",5,3.52158803899666e-07,4.7,3.32048983325014e-07
69781,"Penicillium oxalicum",5,3.52158803899666e-07,5.4,3.82340854201583e-07
28113,"Bacteroides heparinolyticus",5,3.52158803899666e-07,5.1,3.61225231563106e-07
1096246,"Hungatella effluvii",5,3.52158803899666e-07,7.2,5.0817607528265e-07
2320100,"Parablautia intestinalis",5,3.52158803899666e-07,5,3.52223414016313e-07
3038145,"Palleniella muris",5,3.52158803899666e-07,4.6,3.26699587942318e-07
2589788,"Streptococcus xiaochunlingii",5,3.52158803899666e-07,5.9,4.1876626615411e-07
2600598,"Pseudomonas saxonica",5,3.52158803899666e-07,3.8,2.67623542408995e-07
1981069,"Leuconostoc litchii",5,3.52158803899666e-07,5.4,3.81313607937601e-07
2601703,"Heminiphilus faecis",5,3.52158803899666e-07,7.2,5.08913379173573e-07
50719,"Vibrio diabolicus",5,3.52158803899666e-07,4.9,3.42151144337449e-07
2763015,"Alistipes hominis",5,3.52158803899666e-07,5,3.52778880795603e-07
218144,"Vagococcus carniphilus",5,3.52158803899666e-07,5.4,3.815487052466e-07
1256514,"Novosphingobium arvoryzae",5,3.52158803899666e-07,5,3.52526832596334e-07
33968,"Leuconostoc pseudomesenteroides",5,3.52158803899666e-07,5,3.52728616389904e-07
2812664,"Candidatus Symbiopectobacterium endolongispinus",5,3.52158803899666e-07,4.9,3.47607583113515e-07
2068655,"Novisyntrophococcus fermenticellae",5,3.52158803899666e-07,7.3,5.13413667447148e-07
1563222,"Citrobacter pasteurii",5,3.52158803899666e-07,4.8,3.38896284784568e-07
2834437,"Bifidobacterium miconisargentati",5,3.52158803899666e-07,4.7,3.33250947112648e-07
1437816,"Methylopila turkensis",5,3.52158803899666e-07,5.1,3.61105013940745e-07
34002,"Paracoccus alcaliphilus",5,3.52158803899666e-07,4.8,3.38310337887429e-07
1132637,"Penicillium atrosanguineum",5,3.52158803899666e-07,5,3.55251693161996e-07
1316194,"Penicillium subrubescens",5,3.52158803899666e-07,5,3.52127987735188e-07
60520,"Lactiplantibacillus paraplantarum",5,3.52158803899666e-07,5,3.53391380527614e-07
3041623,"Streptococcus taonis",5,3.52158803899666e-07,6,4.20506670428627e-07
3093659,"Acutalibacter intestini",5,3.52158803899666e-07,5.1,3.61242591269383e-07
414052,"Caenispirillum bisanense",5,3.52158803899666e-07,5.1,3.59838769791998e-07
3236804,"Leuconostoc aquikimchii",5,3.52158803899666e-07,5.3,3.74213076649932e-07
106654,"Acinetobacter nosocomialis",5,3.52158803899666e-07,5.5,3.85237844825741e-07
2653932,"Citrobacter telavivensis",5,3.52158803899666e-07,5.7,3.99732986065471e-07
46190,"Streptosporangium vulgare",5,3.52158803899666e-07,5,3.52173828754973e-07
392561,"Deinococcus lacus",5,3.52158803899666e-07,5,3.54218772411885e-07
1134781,"Methylopila musalis",5,3.52158803899666e-07,5.2,3.64759818199837e-07
81409,"Eubacterium aggregans",5,3.52158803899666e-07,5,3.5319088543753e-07
1120918,"Acetitomaculum ruminis",5,3.52158803899666e-07,5.3,3.74646981194011e-07
1907658,"Bacteroides ilei",5,3.52158803899666e-07,5.1,3.55814617121416e-07
942150,"Lactiplantibacillus xiangfangensis",5,3.52158803899666e-07,5.1,3.57766777181028e-07
445971,"Anaerofustis stercorihominis",4,2.81727043119733e-07,4,2.81727201860073e-07
4950,"Torulaspora delbrueckii",4,2.81727043119733e-07,4.1,2.88568032408072e-07
520762,"Thermotalea metallivorans",4,2.81727043119733e-07,5.1,3.58849401085248e-07
1871336,"Criibacterium bergeronii",4,2.81727043119733e-07,4,2.82509316922056e-07
1926881,"Izhakiella australiensis",4,2.81727043119733e-07,4.9,3.45244673864915e-07
1642702,"Paludifilum halophilum",4,2.81727043119733e-07,4,2.84644503007014e-07
1122955,"Petrotoga olearia",4,2.81727043119733e-07,3.6,2.56996480278106e-07
1911679,"Veillonella infantium",4,2.81727043119733e-07,5.7,4.01765050782402e-07
242230,"Eggerthella sinensis",4,2.81727043119733e-07,4,2.81753637383599e-07
61171,"Holdemania filiformis",4,2.81727043119733e-07,4.1,2.86157999839984e-07
2316722,"Corallococcus aberystwythensis",4,2.81727043119733e-07,4,2.81741929727801e-07
230658,"Paraeggerthella hongkongensis",4,2.81727043119733e-07,5.5,3.84834603045055e-07
82993,"Buttiauxella warmboldiae",4,2.81727043119733e-07,4.1,2.87130920286158e-07
1293592,"Latilactobacillus curvatus",4,2.81727043119733e-07,4,2.82104526377067e-07
1242993,"Ehrlichia minasensis",4,2.81727043119733e-07,4.1,2.90044314117964e-07
51049,"Actinobacillus indolicus",4,2.81727043119733e-07,4.3,3.0072029756735e-07
2609961,"Pseudomonas akapageensis",4,2.81727043119733e-07,4.7,3.34344475679468e-07
2716335,"Falsiroseomonas selenitidurans",4,2.81727043119733e-07,4,2.81843156628462e-07
2986526,"Lawsonibacter celer",4,2.81727043119733e-07,4,2.81977133218422e-07
2763662,"Yeguia hominis",4,2.81727043119733e-07,4.8,3.35625340169677e-07
2763677,"Zongyangia hominis",4,2.81727043119733e-07,4,2.82233028550447e-07
2766479,"Taishania pollutisoli",4,2.81727043119733e-07,4,2.81727201860073e-07
36911,"Clavispora lusitaniae",4,2.81727043119733e-07,2.6,1.80779903473444e-07
1603886,"Bifidobacterium lemurum",4,2.81727043119733e-07,4.2,2.92778352329884e-07
1940636,"Pseudomonas shirazica",4,2.81727043119733e-07,4.7,3.3339292926451e-07
339861,"Clostridium aciditolerans",4,2.81727043119733e-07,6,4.24881824078794e-07
387090,"Phocaeicola coprophilus",4,2.81727043119733e-07,4.1,2.86348196188473e-07
2819233,"Microvirga antarctica",4,2.81727043119733e-07,4,2.81727287680505e-07
2697499,"Dietzia massiliensis",4,2.81727043119733e-07,4,2.82153448311588e-07
434464,"Leuconostoc holzapfelii",4,2.81727043119733e-07,4.4,3.0924821254365e-07
501487,"Leuconostoc palmae",4,2.81727043119733e-07,4,2.81727244827e-07
2881272,"Veillonella fallax",4,2.81727043119733e-07,4.2,2.92453687153e-07
879566,"Acetatifactor muris",4,2.81727043119733e-07,4,2.82786257543249e-07
2972466,"Tractidigestivibacter montrealensis",4,2.81727043119733e-07,4,2.81727201860073e-07
36646,"Penicillium coprophilum",4,2.81727043119733e-07,4,2.83703524292835e-07
293559,"Penicillium concentricum",4,2.81727043119733e-07,4.1,2.90067493220241e-07
NA,"unknown genome; accession ID isNZ_AP028032.1",4,2.81727043119733e-07,4,2.82552719984555e-07
3045167,"Erwinia sp. BC051422",4,2.81727043119733e-07,4.3,3.0292427515447e-07
2925781,"Rheinheimera metallidurans",4,2.81727043119733e-07,4.8,3.38863034061725e-07
3112843,"Pseudocitrobacter cyperus",4,2.81727043119733e-07,4,2.81730856413504e-07
3133167,"Faecousia intestinalis",4,2.81727043119733e-07,4.2,2.9376465046268e-07
1335613,"Gordonibacter urolithinfaciens",4,2.81727043119733e-07,3.7,2.600767059972e-07
3092550,"Ewingella allii",4,2.81727043119733e-07,4.2,2.92573724141957e-07
285070,"Petrimonas sulfuriphila",4,2.81727043119733e-07,4,2.81727203670141e-07
1852386,"Thermophilibacter provencensis",4,2.81727043119733e-07,6.7,4.69850360332061e-07
33033,"Parvimonas micra",4,2.81727043119733e-07,4.6,3.25357687613287e-07
295089,"Pontixanthobacter luteolus",4,2.81727043119733e-07,5.8,4.08910639318691e-07
4956,"Zygosaccharomyces rouxii",3,2.11295282339799e-07,3.1,2.18536453204668e-07
596315,"Peptostreptococcus stomatis",3,2.11295282339799e-07,3,2.14306086636136e-07
1071378,"Naumovozyma dairenensis",3,2.11295282339799e-07,3.9,2.7177032506171e-07
1095768,"Phytobacter massiliensis",3,2.11295282339799e-07,2.9,2.05751456371874e-07
999415,"Eggerthia catenaformis",3,2.11295282339799e-07,3.3,2.35147966691725e-07
1123298,"Streptococcus caballi",3,2.11295282339799e-07,3.1,2.19667583680029e-07
1384484,"Adlercreutzia equolifaciens",3,2.11295282339799e-07,3.2,2.2744472072215e-07
1288,"Staphylococcus xylosus",3,2.11295282339799e-07,3,2.11295401395055e-07
633415,"Aeromonas sanarellii",3,2.11295282339799e-07,3,2.11773221237458e-07
1505,"Paraclostridium sordellii",3,2.11295282339799e-07,3,2.12164423273989e-07
1150461,"Bifidobacterium scardovii",3,2.11295282339799e-07,3,2.12181374283257e-07
76859,"Fusobacterium animalis",3,2.11295282339799e-07,3.2,2.26472234241174e-07
5078,"Penicillium griseofulvum",3,2.11295282339799e-07,3.3,2.35648296378689e-07
2049356,"Monocercomonoides exilis",3,2.11295282339799e-07,2.5,1.79595143741974e-07
1720557,"Streptobacillus ratti",3,2.11295282339799e-07,4.3,3.0422060693852e-07
1561,"Clostridium baratii",3,2.11295282339799e-07,3,2.11295401395055e-07
27291,"Saccharomyces paradoxus",3,2.11295282339799e-07,3.1,2.21475360757325e-07
1660073,"Campylobacter porcelli",3,2.11295282339799e-07,3,2.11295401395055e-07
1796620,"Acutalibacter muris",3,2.11295282339799e-07,3,2.1132688764373e-07
2019431,"Thauera propionica",3,2.11295282339799e-07,3.4,2.36317679114983e-07
2172545,"Streptococcus halitosis",3,2.11295282339799e-07,3.6,2.56155201271932e-07
2494702,"Enterobacter huaxiensis",3,2.11295282339799e-07,3.2,2.24027259254721e-07
2320858,"Paenisporosarcina cavernae",3,2.11295282339799e-07,3,2.11295401395055e-07
2316733,"Corallococcus terminator",3,2.11295282339799e-07,3,2.11341807070284e-07
2364647,"Pantoea piersonii",3,2.11295282339799e-07,3.4,2.4124874738898e-07
2485123,"Photobacterium chitinilyticum",3,2.11295282339799e-07,3.1,2.14822541785314e-07
3038133,"Dubosiella muris",3,2.11295282339799e-07,3,2.11954101104633e-07
2528639,"Mariprofundus erugo",3,2.11295282339799e-07,3,2.11295517365501e-07
665913,"Mixta calida",3,2.11295282339799e-07,3.4,2.36614903902122e-07
1246,"Leuconostoc lactis",3,2.11295282339799e-07,2.9,2.02728632797226e-07
2055836,"Natronococcus pandeyae",3,2.11295282339799e-07,3.3,2.29680908887798e-07
2608008,"Candidatus Pantoea gossypiicola",3,2.11295282339799e-07,3,2.11296826082184e-07
2652276,"Holdemanella porci",3,2.11295282339799e-07,3,2.11317731834466e-07
180957,"Pectobacterium brasiliense",3,2.11295282339799e-07,3.1,2.18728784727745e-07
2320879,"Parablautia muri",3,2.11295282339799e-07,3.3,2.33114430045857e-07
196,"Campylobacter fetus",3,2.11295282339799e-07,3,2.11295401395055e-07
1494461,"Pseudolactococcus laudensis",3,2.11295282339799e-07,3.1,2.19125238489938e-07
2764712,"Lentihominibacter faecis",3,2.11295282339799e-07,3,2.12973434930132e-07
40545,"Sutterella wadsworthensis",3,2.11295282339799e-07,5.2,3.62789659086033e-07
2230877,"Candidatus Enterococcus lowellii",3,2.11295282339799e-07,3.2,2.23472773570405e-07
1476024,"Paenibacillus vini",3,2.11295282339799e-07,3,2.11295401395055e-07
2774531,"Deinococcus aestuarii",3,2.11295282339799e-07,3.2,2.28565492336299e-07
2815722,"Nocardia noduli",3,2.11295282339799e-07,3,2.11388109436142e-07
2850322,"Diplocloster modestus",3,2.11295282339799e-07,3.1,2.16838608190503e-07
2853160,"Streptococcus vulneris",3,2.11295282339799e-07,3.5,2.46692568249439e-07
1406906,"Leuconostoc rapi",3,2.11295282339799e-07,4,2.8021450442407e-07
2839743,"Hominibacterium faecale",3,2.11295282339799e-07,3,2.13666819932846e-07
1187925,"Alternaria hordeiaustralica",3,2.11295282339799e-07,3,2.11295401395055e-07
2838522,"Candidatus Collinsella stercoripullorum",3,2.11295282339799e-07,3,2.11308996347793e-07
3031406,"Isoptericola croceus",3,2.11295282339799e-07,2.9,2.01872670522149e-07
1194168,"Comamonas jiangduensis",3,2.11295282339799e-07,4.1,2.90759279382771e-07
2996112,"Enterobacter pseudoroggenkampii",3,2.11295282339799e-07,2.9,2.04374317195792e-07
1967501,"Shinella sumterensis",3,2.11295282339799e-07,1.5,1.06657148323544e-07
3095028,"Scandinavium lactucae",3,2.11295282339799e-07,3.3,2.32595724459686e-07
1737,"Paraclostridium tenue",3,2.11295282339799e-07,3.3,2.3308713851862e-07
427369,"Streptomonospora halophila",3,2.11295282339799e-07,3.1,2.15711428791815e-07
NA,"unknown genome; accession ID isNZ_DAWEQI010000062.1",3,2.11295282339799e-07,3,2.11297451799998e-07
1852387,"Streptococcus timonensis",3,2.11295282339799e-07,3.3,2.31130825323531e-07
1852370,"Prevotellamassilia timonensis",3,2.11295282339799e-07,3.5,2.46972583482438e-07
1121331,"Hathewaya proteolytica",3,2.11295282339799e-07,2.8,1.94230874735371e-07
1871019,"Enorma phocaeensis",3,2.11295282339799e-07,4.5,3.15126607935619e-07
248315,"Veillonella rodentium",3,2.11295282339799e-07,3,2.1446852663329e-07
1836972,"Frankia canadensis",3,2.11295282339799e-07,3.2,2.22764949486105e-07
1800,"Mycolicibacterium chubuense",3,2.11295282339799e-07,3,2.11295401395055e-07
2364791,"Enterococcus mediterraneensis",3,2.11295282339799e-07,3,2.1438220872264e-07
5855,"Plasmodium vivax",2,1.40863521559866e-07,2.3,1.59344894892404e-07
436907,"Vanderwaltozyma polyspora",2,1.40863521559866e-07,2.4,1.68934840107762e-07
887899,"Mobiluncus holmesii",2,1.40863521559866e-07,2,1.40864268223328e-07
693979,"Bacteroides helcogenes",2,1.40863521559866e-07,2,1.42045039490765e-07
169963,"Listeria monocytogenes",2,1.40863521559866e-07,2,1.40863600930037e-07
280463,"Emiliania huxleyi",2,1.40863521559866e-07,2,1.40863600930037e-07
1121914,"Gemella cuniculi",2,1.40863521559866e-07,2,1.40867270405045e-07
1427503,"Holospora elegans",2,1.40863521559866e-07,2,1.40863600930037e-07
1410674,"Sharpea azabuensis",2,1.40863521559866e-07,2,1.40879208476373e-07
1437608,"Bifidobacterium biavatii",2,1.40863521559866e-07,2,1.4091469853785e-07
1150468,"Scardovia inopinata",2,1.40863521559866e-07,2,1.40863602403993e-07
171383,"Vibrio hepatarius",2,1.40863521559866e-07,4,2.7956835799768e-07
312540,"Acidiplasma cupricumulans",2,1.40863521559866e-07,2,1.40863603840119e-07
1423801,"Liquorilactobacillus satsumensis",2,1.40863521559866e-07,2,1.4086360389164e-07
1313,"Streptococcus pneumoniae",2,1.40863521559866e-07,2,1.42013003590036e-07
1720298,"Peptoniphilus phoceensis",2,1.40863521559866e-07,2,1.40866878166868e-07
45286,"Eremothecium sinecaudum",2,1.40863521559866e-07,2.3,1.59874417162306e-07
984487,"Suhomyces tanzawaensis",2,1.40863521559866e-07,2,1.42680064687688e-07
1655433,"Candidatus Thiodiazotropha endolucinida",2,1.40863521559866e-07,1.7,1.20687188637019e-07
252393,"Candidatus Erwinia dacicola",2,1.40863521559866e-07,2,1.41895308299556e-07
1873484,"Xenorhabdus thuongxuanensis",2,1.40863521559866e-07,2.3,1.60235337072996e-07
1631871,"Weissella jogaejeotgali",2,1.40863521559866e-07,2.9,2.04338731255304e-07
1450648,"Clostridium oryzae",2,1.40863521559866e-07,2.4,1.70157998872451e-07
1905142,"Amycolatopsis vastitatis",2,1.40863521559866e-07,2,1.40892421391921e-07
2024555,"Virgibacillus profundi",2,1.40863521559866e-07,2,1.40863726885217e-07
929813,"Gibbsiella quercinecans",2,1.40863521559866e-07,2.1,1.44451564038254e-07
1111760,"Streptococcus troglodytae",2,1.40863521559866e-07,2,1.41275706077963e-07
946333,"Piscinibacter gummiphilus",2,1.40863521559866e-07,2,1.40863600930037e-07
1458355,"Mixta theicola",2,1.40863521559866e-07,2.1,1.45571095988378e-07
190304,"Fusobacterium nucleatum",2,1.40863521559866e-07,2.4,1.67226279482946e-07
451513,"Mangrovibacter plantisponsor",2,1.40863521559866e-07,1.8,1.24145290137885e-07
1448316,"Aspergillus ibericus",2,1.40863521559866e-07,2,1.40863620660737e-07
1341132,"Aspergillus welwitschiae",2,1.40863521559866e-07,2,1.41238839120457e-07
1220188,"Aspergillus tanneri",2,1.40863521559866e-07,2,1.40863600936985e-07
617123,"Lachnoanaerobaculum umeaense",2,1.40863521559866e-07,2,1.41357233071771e-07
526944,"Tetragenococcus osmophilus",2,1.40863521559866e-07,1.5,1.07982892202127e-07
2487017,"Ancylomarina longa",2,1.40863521559866e-07,2,1.41247000883002e-07
2509433,"Senegalimassilia faecalis",2,1.40863521559866e-07,5.8,4.11127868528749e-07
2559919,"Lactiplantibacillus dongliensis",2,1.40863521559866e-07,2.2,1.57438582821919e-07
2589786,"Streptococcus shenyangsis",2,1.40863521559866e-07,2.4,1.65657694959447e-07
2562439,"Mixta tenebrionis",2,1.40863521559866e-07,2,1.41449928208088e-07
2590453,"Myxococcus llanfairpwllgwyngyllgogerychwyrndrobwllllantysiliogogogochensis",2,1.40863521559866e-07,2,1.40914153279762e-07
666,"Vibrio cholerae",2,1.40863521559866e-07,1,7.04318004650184e-08
1512,"[Clostridium] symbiosum",2,1.40863521559866e-07,2,1.41106389955817e-07
2916441,"Adlercreutzia rubneri",2,1.40863521559866e-07,2.2,1.56047287454795e-07
2692629,"Copranaerobaculum intestinale",2,1.40863521559866e-07,2.1,1.46233828673139e-07
518738,"Shewanella vesiculosa",2,1.40863521559866e-07,2,1.41423968248244e-07
2661628,"Bifidobacterium platyrrhinorum",2,1.40863521559866e-07,2,1.4086552778158e-07
2675324,"Bifidobacterium olomucense",2,1.40863521559866e-07,2,1.40993205766605e-07
121627,"Talaromyces rugulosus",2,1.40863521559866e-07,2.2,1.53785811190456e-07
2682456,"Veillonella nakazawae",2,1.40863521559866e-07,2,1.42557346532582e-07
2754726,"Corynebacterium haemomassiliense",2,1.40863521559866e-07,2,1.40864069370859e-07
2763067,"Streptococcus hominis",2,1.40863521559866e-07,2.2,1.51841346324405e-07
2763043,"Eggerthella hominis",2,1.40863521559866e-07,2.5,1.76971214147516e-07
2763676,"Qingrenia yutianensis",2,1.40863521559866e-07,2,1.41401384515913e-07
68183,"Streptomyces capoamus",2,1.40863521559866e-07,2,1.40863600930037e-07
2762213,"Phocaeicola faecium",2,1.40863521559866e-07,2,1.41900503577956e-07
77635,"Bifidobacterium subtile",2,1.40863521559866e-07,2.5,1.75200351995048e-07
2478750,"Botrytis deweyae",2,1.40863521559866e-07,2,1.40863600930037e-07
2779351,"Claveliimonas monacensis",2,1.40863521559866e-07,2,1.40867653940111e-07
93378,"Edwardsiella hoshinae",2,1.40863521559866e-07,2,1.40870074228119e-07
33037,"Anaerococcus vaginalis",2,1.40863521559866e-07,2,1.41803946452476e-07
2815329,"Candidatus Enterococcus courvalinii",2,1.40863521559866e-07,1.5,1.06247720002248e-07
2815358,"Leclercia pneumoniae",2,1.40863521559866e-07,2.6,1.83567460502764e-07
273372,"Candida metapsilosis",2,1.40863521559866e-07,2,1.40976155393998e-07
2587529,"Klebsiella pasteurii",2,1.40863521559866e-07,2,1.42992791184535e-07
2809028,"Bifidobacterium santillanense",2,1.40863521559866e-07,2,1.42310451514022e-07
2815723,"Nocardia alni",2,1.40863521559866e-07,2,1.4086360105551e-07
1032242,"Campylobacter molothri",2,1.40863521559866e-07,2,1.40863600930037e-07
3044279,"Massilia hydrophila",2,1.40863521559866e-07,2,1.40863600930037e-07
351091,"Oscillibacter valericigenes",2,1.40863521559866e-07,2,1.4093942696447e-07
2740516,"Pseudomonas ceruminis",2,1.40863521559866e-07,2,1.41533506415314e-07
401106,"Amycolatopsis tucumanensis",2,1.40863521559866e-07,2,1.40863600930037e-07
1263550,"Edwardsiella piscicida",2,1.40863521559866e-07,2,1.38929675302266e-07
2939491,"Parabacteroides leei",2,1.40863521559866e-07,2.1,1.51327283689787e-07
663,"Vibrio alginolyticus",2,1.40863521559866e-07,2,1.40866233007375e-07
29358,"Paraclostridium ghonii",2,1.40863521559866e-07,1.6,1.11010113757362e-07
1337051,"Murimonas intestini",2,1.40863521559866e-07,2,1.41001121216997e-07
428126,"Thomasclavelia spiroformis",2,1.40863521559866e-07,2,1.43603118909715e-07
2926469,"Silvania hatchlandensis",2,1.40863521559866e-07,2,1.40196814782403e-07
2981726,"Hominimerdicola aceti",2,1.40863521559866e-07,2,1.40865974673952e-07
2742601,"Limosilactobacillus portuensis",2,1.40863521559866e-07,2,1.40863600930037e-07
2871169,"Stenotrophomonas forensis",2,1.40863521559866e-07,2.9,2.03695071348607e-07
1131564,"Penicillium cosmopolitanum",2,1.40863521559866e-07,2,1.42095888347001e-07
1561947,"Penicillium longicatenatum",2,1.40863521559866e-07,2.1,1.45181370412562e-07
2315449,"Yamadazyma tenuis",2,1.40863521559866e-07,2.2,1.55933391483183e-07
379893,"Trabulsiella odontotermitis",2,1.40863521559866e-07,2.2,1.52557533731066e-07
3058044,"Nocardioides cremeus",2,1.40863521559866e-07,2,1.40864068293772e-07
1541,"Terrisporobacter mayombei",2,1.40863521559866e-07,2.4,1.72165638556914e-07
3040937,"Raoultella scottii",2,1.40863521559866e-07,2,1.40882170174088e-07
3133174,"Peptoniphilus hominis (ex Hitch et al. 2025)",2,1.40863521559866e-07,1.5,1.07673884672989e-07
3133091,"unknown genome; accession ID isNZ_JBBMER010000001.1",2,1.40863521559866e-07,2,1.40864247223375e-07
558537,"Delftia lacustris",2,1.40863521559866e-07,2.6,1.85399531303317e-07
701526,"Streptococcus porcorum",2,1.40863521559866e-07,2,1.43616407261456e-07
2725494,"Kluyvera sichuanensis",2,1.40863521559866e-07,2.5,1.7655392078446e-07
2781224,"Neodothiora populina",2,1.40863521559866e-07,2,1.42189641738515e-07
33053,"Neisseria perflava",2,1.40863521559866e-07,2,1.40863600930037e-07
2941330,"Lactococcus muris",2,1.40863521559866e-07,2,1.44092667962959e-07
2592333,"Sellimonas caecigallum",2,1.40863521559866e-07,2,1.41062998263558e-07
3137470,"Porphyromonas miyakawae",2,1.40863521559866e-07,2,1.40908614110245e-07
1776388,"Prevotella phocaeensis",2,1.40863521559866e-07,2.5,1.76504107503905e-07
1805470,"Clostridium nigeriense",2,1.40863521559866e-07,2,1.40959909337456e-07
174587,"Carnobacterium viridans",2,1.40863521559866e-07,2,1.41540046607123e-07
2897707,"Merdimmobilis hominis",2,1.40863521559866e-07,2,1.40864392705154e-07
1122155,"Lactonifactor longoviformis",2,1.40863521559866e-07,2,1.41053968436855e-07
2058292,"Aedoeadaptatus coli",2,1.40863521559866e-07,2.5,1.74818806430061e-07
675,"Vibrio cincinnatiensis",2,1.40863521559866e-07,1,7.04318004650184e-08
889201,"Streptococcus cristatus",2,1.40863521559866e-07,1.8,1.24928875695493e-07
1328,"Streptococcus anginosus",2,1.40863521559866e-07,1.9,1.34723913065581e-07
2993455,"Lactobacillus isalae",2,1.40863521559866e-07,2.1,1.4873483928576e-07
3066235,"Arsenophonus endosymbiont of Crataerina pallida",2,1.40863521559866e-07,2.1,1.49658194418796e-07
1704076,"Levilactobacillus cerevisiae",2,1.40863521559866e-07,1.7,1.17958034536131e-07
50718,"Vibrio mytili",2,1.40863521559866e-07,2,1.44082042189564e-07
435258,"Leishmania infantum",1,7.04317607799331e-08,1.2,8.13139906823761e-08
207559,"Oleidesulfovibrio alaskensis",1,7.04317607799331e-08,1,7.04318004650184e-08
246409,"Rhizopus delemar",1,7.04317607799331e-08,1,7.04318004650184e-08
592026,"Catonella morbi",1,7.04317607799331e-08,1,7.07093721816527e-08
626523,"Shuttleworthella satelles",1,7.04317607799331e-08,1.8,1.24132704746049e-07
546275,"Fusobacterium periodonticum",1,7.04317607799331e-08,1.1,7.84747956551955e-08
701347,"[Enterobacter] lignolyticus",1,7.04317607799331e-08,1.3,8.89741515109795e-08
5693,"Trypanosoma cruzi",1,7.04317607799331e-08,1,7.07714452853411e-08
929439,"Leishmania mexicana",1,7.04317607799331e-08,1,7.04318284293307e-08
796943,"Oribacterium parvum",1,7.04317607799331e-08,1.1,7.66339175987274e-08
742817,"Odoribacter laneus",1,7.04317607799331e-08,1,7.04641145981217e-08
883077,"Schaalia turicensis",1,7.04317607799331e-08,1,7.04319330662388e-08
1423758,"Lactobacillus hominis",1,7.04317607799331e-08,1,7.0435618360772e-08
444461,"Heyndrickxia acidiproducens",1,7.04317607799331e-08,1,7.04318004650184e-08
1139219,"Enterococcus dispar",1,7.04317607799331e-08,1.5,1.05820125652576e-07
1158606,"Enterococcus asini",1,7.04317607799331e-08,1,7.25550635233573e-08
1121109,"Bifidobacterium minimum",1,7.04317607799331e-08,1.2,8.2064724524988e-08
1321820,"Gemella bergeri",1,7.04317607799331e-08,1,7.04320447601531e-08
5802,"Eimeria tenella",1,7.04317607799331e-08,1.4,1.01079414827126e-07
1414720,"Clostridium saudiense",1,7.04317607799331e-08,1,7.04318004650184e-08
1196095,"Gilliamella apicola",1,7.04317607799331e-08,0.6,4.36476640610959e-08
1501230,"Paenibacillus tyrfis",1,7.04317607799331e-08,1.5,1.05287208579313e-07
78343,"Bifidobacterium boum",1,7.04317607799331e-08,1,7.04446261454605e-08
762211,"Bifidobacterium stellenboschense",1,7.04317607799331e-08,1,7.04539160352794e-08
176090,"Streptococcus sinensis",1,7.04317607799331e-08,1.1,7.6752436122877e-08
796334,"Erwinia oleae",1,7.04317607799331e-08,1.1,7.57522048851985e-08
215243,"Exophiala oligosperma",1,7.04317607799331e-08,1,7.04608609988785e-08
212818,"Exophiala mesophila",1,7.04317607799331e-08,1,7.04395898970302e-08
1629550,"Paraclostridium benzoelyticum",1,7.04317607799331e-08,1,7.09104153306224e-08
964,"Herbaspirillum seropedicae",1,7.04317607799331e-08,1,7.30029672133697e-08
1499685,"Bacillus andreraoultii",1,7.04317607799331e-08,1.1,7.95180828719477e-08
1329411,"Bifidobacterium aesculapii",1,7.04317607799331e-08,1,7.04854732767487e-08
1423749,"Limosilactobacillus gastricus",1,7.04317607799331e-08,1,7.04318004650184e-08
1423753,"Levilactobacillus hammesii",1,7.04317607799331e-08,1.3,9.17261584060546e-08
497725,"Kosakonia oryzae",1,7.04317607799331e-08,1.1,7.46196458675208e-08
1480615,"Hoeflea olei",1,7.04317607799331e-08,1,7.04696131610634e-08
1841610,"Planctopirus hydrillae",1,7.04317607799331e-08,1,7.04355821480469e-08
299767,"Enterobacter ludwigii",1,7.04317607799331e-08,1,7.10911203679161e-08
1432052,"Eisenbergiella tayi",1,7.04317607799331e-08,1.1,7.47145365587003e-08
1217420,"Lactobacillus delbrueckii",1,7.04317607799331e-08,1,7.25114058708707e-08
2652292,"Hornefia porci",1,7.04317607799331e-08,1,7.11313116527371e-08
1031753,"Campylobacter lanienae",1,7.04317607799331e-08,1,7.04475671977978e-08
2004650,"Acinetobacter chinensis",1,7.04317607799331e-08,1,7.12603711710135e-08
182773,"Clostridium isatidis",1,7.04317607799331e-08,0.2,1.17386324930685e-08
2663009,"Fusobacterium pseudoperiodonticum",1,7.04317607799331e-08,1,7.06201937302274e-08
1778540,"Dickeya fangzhongdai",1,7.04317607799331e-08,1,7.04450339859398e-08
1110546,"Veillonella tobetsuensis",1,7.04317607799331e-08,1,7.25343826585309e-08
1121340,"Clostridium thermopalmarium",1,7.04317607799331e-08,1.4,9.83123356712736e-08
215200,"Peptostreptococcus russellii",1,7.04317607799331e-08,1,7.05833306287607e-08
2052941,"Bifidobacterium callitrichidarum",1,7.04317607799331e-08,1.1,7.86461560365313e-08
2184082,"Marinifilum breve",1,7.04317607799331e-08,1,7.12362442765899e-08
1547597,"Sanguibacteroides justesenii",1,7.04317607799331e-08,1,7.0431884101324e-08
357240,"Franconibacter helveticus",1,7.04317607799331e-08,1.1,7.62781796771152e-08
2219045,"Confluentibacter sediminis",1,7.04317607799331e-08,1,6.9410469329516e-08
2201324,"Mucilaginibacter hurinus",1,7.04317607799331e-08,1,7.04318255659998e-08
2792979,"Gardnerella swidsinskii",1,7.04317607799331e-08,1,7.05503868015302e-08
1510574,"Rahnella woolbedingensis",1,7.04317607799331e-08,1,7.04318175260046e-08
2707003,"Streptococcus chosunensis",1,7.04317607799331e-08,1,7.17674659439597e-08
1435466,"Oceanobacillus bengalensis",1,7.04317607799331e-08,1.1,7.67187701751054e-08
1598,"Limosilactobacillus reuteri",1,7.04317607799331e-08,1,7.04577232991753e-08
2044587,"Schaedlerella arabinosiphila",1,7.04317607799331e-08,1,7.04318006170253e-08
105984,"Apiotrichum porosum",1,7.04317607799331e-08,1,7.04318004650184e-08
1977869,"Vagococcus vulneris",1,7.04317607799331e-08,1,7.06546216980743e-08
1160095,"Vagococcus entomophilus",1,7.04317607799331e-08,1,7.04318912086604e-08
248316,"Veillonella caviae",1,7.04317607799331e-08,1,7.08415867857417e-08
2339259,"Yersinia hibernica",1,7.04317607799331e-08,1,7.04508417047654e-08
1796618,"Cuneatibacter caecimuris",1,7.04317607799331e-08,1,7.21122696088447e-08
270498,"Christensenella hongkongensis",1,7.04317607799331e-08,1,7.07527664470463e-08
1796628,"Longibaculum muris",1,7.04317607799331e-08,1,7.11251386847407e-08
2548455,"Clostridium cuniculi",1,7.04317607799331e-08,1,7.04602793297562e-08
2547833,"Palleronia sediminis",1,7.04317607799331e-08,1.3,8.87846214742182e-08
458197,"Serratia nematodiphila",1,7.04317607799331e-08,1,7.04970775395691e-08
3032870,"Lepagella muris",1,7.04317607799331e-08,1,7.07399470039492e-08
3038144,"Muribaculum caecicola",1,7.04317607799331e-08,1,7.04370800924886e-08
1457217,"Lactiplantibacillus plajomi",1,7.04317607799331e-08,1.1,7.78070245349675e-08
1333651,"Bifidobacterium moukalabense",1,7.04317607799331e-08,1,7.06205817800668e-08
109328,"Leptotrichia trevisanii",1,7.04317607799331e-08,1,7.27166482028654e-08
2607660,"Nocardioides humilatus",1,7.04317607799331e-08,1.1,7.43619377976298e-08
1296540,"Paucilactobacillus nenjiangensis",1,7.04317607799331e-08,1,7.09141936984951e-08
2594882,"Mediterraneibacter catenae",1,7.04317607799331e-08,1,7.07780615146283e-08
1379,"Gemella haemolysans",1,7.04317607799331e-08,1,7.04347311234941e-08
2071710,"Enterobacter sichuanensis",1,7.04317607799331e-08,1.2,8.45044732745102e-08
61420,"Aspergillus caelatus",1,7.04317607799331e-08,1,7.04318004669425e-08
551989,"Kosakonia arachidis",1,7.04317607799331e-08,1,7.30747683997404e-08
2152889,"Paraburkholderia hayleyella",1,7.04317607799331e-08,1,7.04318004650184e-08
1494462,"Lactococcus hircilactis",1,7.04317607799331e-08,1.6,1.11257782722621e-07
2585199,"Nocardia aurantia",1,7.04317607799331e-08,1,7.04318004650184e-08
2606709,"Baileyella intestinalis",1,7.04317607799331e-08,1,7.04386569658393e-08
195,"Campylobacter coli",1,7.04317607799331e-08,1,7.07900920317848e-08
619688,"Pseudoxanthomonas jiangsuensis",1,7.04317607799331e-08,1.1,7.81769941298691e-08
108981,"Acinetobacter schindleri",1,7.04317607799331e-08,1.5,1.07655104092634e-07
2686210,"Streptococcus ruminicola",1,7.04317607799331e-08,1.5,1.02722396170133e-07
2552946,"Cedecea colo",1,7.04317607799331e-08,1,7.0626535948878e-08
2748010,"Thiomicrorhabdus heinhorstiae",1,7.04317607799331e-08,1,7.04318004650184e-08
1485586,"Streptomyces calidiresistens",1,7.04317607799331e-08,1,7.04362668422099e-08
572010,"Slackia isoflavoniconvertens",1,7.04317607799331e-08,1.7,1.22383434516211e-07
1217282,"Parabacteroides faecis",1,7.04317607799331e-08,1,7.06237180815131e-08
2697024,"Pusillimonas minor",1,7.04317607799331e-08,1.2,8.22403513104417e-08
2763661,"Bianquea renquensis",1,7.04317607799331e-08,1,7.04656121394029e-08
2763668,"Jutongia huaianensis",1,7.04317607799331e-08,1,7.18408848406161e-08
2047724,"Franconibacter daqui",1,7.04317607799331e-08,1,7.04525467614388e-08
66870,"Streptomyces aurantiogriseus",1,7.04317607799331e-08,1,7.04318004650184e-08
28893,"Streptomyces pilosus",1,7.04317607799331e-08,1,7.22474658296669e-08
67314,"Streptomyces lavendofoliae",1,7.04317607799331e-08,1,7.04376091928452e-08
285453,"Streptomyces canarius",1,7.04317607799331e-08,1.1,7.47703579952413e-08
2779356,"Gallibacter intestinalis",1,7.04317607799331e-08,1,7.04505111403312e-08
2773426,"Nocardioides malaquae",1,7.04317607799331e-08,1,7.04329609772944e-08
2023265,"Flavobacterium soyangense",1,7.04317607799331e-08,1.1,7.52249355163564e-08
296,"Pseudomonas fragi",1,7.04317607799331e-08,1.6,1.16050930903228e-07
2726954,"Candidatus Sarcina troglodytae",1,7.04317607799331e-08,0.2,1.17386324930685e-08
565,"Atlantibacter hermannii",1,7.04317607799331e-08,1,7.21169908184523e-08
2785025,"Anaeromicropila herbilytica",1,7.04317607799331e-08,1,7.04407663630916e-08
285,"Comamonas testosteroni",1,7.04317607799331e-08,0.5,3.52159002325092e-08
1258,"Peptoniphilus asaccharolyticus",1,7.04317607799331e-08,1,7.04411601665036e-08
1465635,"Pantoea coffeiphila",1,7.04317607799331e-08,1.2,8.32909548193513e-08
1151742,"Lactococcus taiwanensis",1,7.04317607799331e-08,1,7.2821966905267e-08
2759022,"Clostridium zeae",1,7.04317607799331e-08,0.2,1.17386324930685e-08
1917880,"Nissabacter archeti",1,7.04317607799331e-08,1,7.15449604679453e-08
1812482,"Comamonas brasiliensis",1,7.04317607799331e-08,0.5,3.52159002325092e-08
2809027,"Bifidobacterium amazonense",1,7.04317607799331e-08,1,7.13766990645814e-08
2841596,"Hallella faecis",1,7.04317607799331e-08,1,7.05535048937488e-08
2834434,"Bifidobacterium simiiventris",1,7.04317607799331e-08,1,7.04843366280433e-08
910540,"Leuconostoc miyukkimchii",1,7.04317607799331e-08,1,7.12384805748344e-08
1074311,"Vibrio alfacsensis",1,7.04317607799331e-08,1.5,1.05824096974517e-07
55211,"Erwinia persicina",1,7.04317607799331e-08,1,7.21517887288052e-08
36035,"Saccharomycodes ludwigii",1,7.04317607799331e-08,1.1,7.90185543911553e-08
1529,"Clostridium cadaveris",1,7.04317607799331e-08,1,7.07156588132437e-08
2778550,"Pectobacterium parvum",1,7.04317607799331e-08,1,7.2483872984314e-08
2907145,"Rhodobacter flavimaris",1,7.04317607799331e-08,1.3,9.21646316664795e-08
2925194,"Mesosutterella faecium",1,7.04317607799331e-08,1,7.07693519114602e-08
2824122,"Serratia silvae",1,7.04317607799331e-08,1,7.04318006144484e-08
938288,"Fenollaria massiliensis",1,7.04317607799331e-08,1,7.04318004650184e-08
NA,"unknown genome; accession ID isNZ_JAMOKX010000003.1",1,7.04317607799331e-08,1,7.04383444317576e-08
232088,"Alternaria arbusti",1,7.04317607799331e-08,1,7.04318004650184e-08
474394,"Vibrio mangrovi",1,7.04317607799331e-08,1,7.04391594219595e-08
2926616,"Veillonella faecalis",1,7.04317607799331e-08,1.4,9.74703399882536e-08
2926521,"Scandinavium tedordense",1,7.04317607799331e-08,1,7.04319163218327e-08
1211813,"Alistipes ihumii",1,7.04317607799331e-08,1,7.04322718547752e-08
679190,"Hoylesella buccalis",1,7.04317607799331e-08,0.9,6.5569942981665e-08
2925396,"Dryocola clanedunensis",1,7.04317607799331e-08,1.2,8.14271747006986e-08
2925336,"Hallella absiana",1,7.04317607799331e-08,1,7.0435385783067e-08
1396493,"Fimicolochytrium jonesii",1,7.04317607799331e-08,1.1,8.07256391594807e-08
2926467,"Leclercia tamurae",1,7.04317607799331e-08,1,7.05921230991303e-08
2939450,"Brenneria izbisi",1,7.04317607799331e-08,1.1,7.5327950655582e-08
1604902,"Clostridium omnivorum",1,7.04317607799331e-08,0.2,1.17386324930685e-08
588596,"Rhizophagus irregularis",1,7.04317607799331e-08,1.1,8.09561224294689e-08
3016083,"Phocaeicola acetigenes",1,7.04317607799331e-08,1,7.04413155612209e-08
3026462,"Campylobacter magnus",1,7.04317607799331e-08,1,7.04506477322329e-08
5077,"Penicillium citrinum",1,7.04317607799331e-08,1,7.19822602177416e-08
63821,"Penicillium daleae",1,7.04317607799331e-08,1,7.37882140398413e-08
176176,"Penicillium paradoxum",1,7.04317607799331e-08,1.1,7.43204907722337e-08
3031298,"Limnobacter olei",1,7.04317607799331e-08,1,7.35090751208789e-08
3031799,"Providencia hangzhouensis",1,7.04317607799331e-08,1.1,7.54286890509454e-08
2977629,"Arthrobacter vasquezii",1,7.04317607799331e-08,1,7.04318004650184e-08
669,"Vibrio harveyi",1,7.04317607799331e-08,1.3,8.88444656661181e-08
3046670,"Comamonas resistens",1,7.04317607799331e-08,2.2,1.54885147792172e-07
3031301,"Parachitinimonas caeni",1,7.04317607799331e-08,1,7.04318004650184e-08
3050112,"Paenibacillus polygoni",1,7.04317607799331e-08,1,7.04318063444491e-08
1312182,"Rhizobium calliandrae",1,7.04317607799331e-08,1,7.05720356801206e-08
36914,"Lodderomyces elongisporus",1,7.04317607799331e-08,2.1,1.5046444865979e-07
44750,"Corynebacterium auris",1,7.04317607799331e-08,1,7.04318004650184e-08
3037798,"Providencia huashanensis",1,7.04317607799331e-08,1.5,1.03112653666515e-07
119858,"Bacillus sonorensis",1,7.04317607799331e-08,1,7.25164212530835e-08
3040939,"Raoultella lignicola",1,7.04317607799331e-08,1,7.04344113743104e-08
43959,"Saccharomycopsis crataegensis",1,7.04317607799331e-08,1.3,9.41685468038077e-08
3139408,"Kosakonia calanthes",1,7.04317607799331e-08,1,7.07802751293746e-08
84031,"Clostridium sartagoforme",1,7.04317607799331e-08,1.2,8.48116041124017e-08
258052,"Kitasatospora arboriphila",1,7.04317607799331e-08,1.2,8.14524388205901e-08
66882,"Streptomyces cuspidosporus",1,7.04317607799331e-08,1,7.05988799610347e-08
285560,"Kitasatospora cinereorecta",1,7.04317607799331e-08,1,7.06146088743062e-08
111803,"Actinocorallia longicatena",1,7.04317607799331e-08,1.2,8.70043452058547e-08
511811,"Streptomyces plumbiresistens",1,7.04317607799331e-08,1.1,7.459145142438e-08
3133091,"unknown genome; accession ID isNZ_JBBMER010000005.1",1,7.04317607799331e-08,1,7.04336172195368e-08
1691903,"Mangrovibacter phragmitis",1,7.04317607799331e-08,1.1,7.8209364166416e-08
3095079,"Streptococcus jiangnanensis",1,7.04317607799331e-08,1.1,7.7566007704907e-08
283816,"Metabacillus herbersteinensis",1,7.04317607799331e-08,2.7,1.92284379240934e-07
1715645,"Paracoccus mangrovi",1,7.04317607799331e-08,1,7.13399104907628e-08
1522057,"Micromonospora zhanjiangensis",1,7.04317607799331e-08,1,7.04318004650184e-08
630535,"Gracilibacillus marinus",1,7.04317607799331e-08,1,7.04441897334685e-08
1290095,"Actinomycetospora atypica",1,7.04317607799331e-08,1.3,8.86323301446122e-08
1774958,"Rheinheimera marina",1,7.04317607799331e-08,1.2,8.70774900278609e-08
1159753,"Enterococcus eurekensis",1,7.04317607799331e-08,1,7.22320280563716e-08
635203,"Schaalia naturae",1,7.04317607799331e-08,1,7.04318004650184e-08
158484,"Cedecea davisae",1,7.04317607799331e-08,1,7.08879445146406e-08
3115614,"Anaerococcus kampingiae",1,7.04317607799331e-08,1.5,1.05348819385036e-07
1401087,"Dickeya aquatica",1,7.04317607799331e-08,1.5,1.07213560205882e-07
258723,"Marinilactibacillus piezotolerans",1,7.04317607799331e-08,1.2,8.56718706207398e-08
1723382,"Urinicoccus massiliensis",1,7.04317607799331e-08,1.1,7.54809512608942e-08
1533,"Clostridium fallax",1,7.04317607799331e-08,0.2,1.17386324930685e-08
261392,"Treponema porcinum",1,7.04317607799331e-08,1,7.15908679743676e-08
371602,"Aerococcus suis",1,7.04317607799331e-08,1.3,8.91832133219374e-08
1494,"Clostridium cochlearium",1,7.04317607799331e-08,1,7.0433442646042e-08
1852371,"Raoultibacter massiliensis",1,7.04317607799331e-08,1,7.1750638963406e-08
99675,"Clostridium putrefaciens",1,7.04317607799331e-08,0.2,1.17386324930685e-08
150055,"Streptococcus lutetiensis",1,7.04317607799331e-08,1.5,1.03352479949416e-07
NA,"unknown genome; accession ID isNZ_LR027382.1",1,7.04317607799331e-08,1,7.08988406507234e-08
2479838,"Clostridium transplantifaecale",1,7.04317607799331e-08,1,7.04339817751743e-08
149016,"Streptococcus urinalis",1,7.04317607799331e-08,1,7.13262477527212e-08
NA,"unknown genome; accession ID isNZ_CABKSO010000001.1",1,7.04317607799331e-08,1,7.07922026428423e-08
226126,"Saccharomyces mikatae",1,7.04317607799331e-08,1,7.19719844621546e-08
1416810,"Bordetella sputigena",1,7.04317607799331e-08,1.1,8.09379314053527e-08
