"TaxonomyID","Genome","read_count","Proportion","readsEM","EMProportion"
28116,"Bacteroides ovatus",3205763,0.231853953322599,2974562.9,0.215132953712869
1653434,"Sellimonas intestinalis",1717752,0.124234883248637,1717735.6,0.124233898054982
820,"Bacteroides uniformis",1121573,0.0811167681422135,1114638.9,0.0806153918417903
2838470,"Candidatus Bacteroides intestinigallinarum",890502,0.0644047639022849,1114467.1,0.0806029700104394
330879,"Aspergillus fumigatus",562237,0.04066329019152,562236.7,0.0406633340496045
1150298,"Fusicatenibacter saccharivorans",524611,0.0379420232582763,524071.1,0.0379030368678331
3030638,"Faecalibacterium taiwanense",481515,0.0348251434476382,477611.9,0.0345429077836736
858893,"Exophiala dermatitidis",386580,0.0279590541395138,386580,0.0279590986134236
347253,"Streptococcus salivarius",366106,0.0264782903274894,365877.2,0.0264617843537748
2763066,"Ruminococcus intestinalis",321898,0.0232809861074065,321732.8,0.0232690776260188
1229621,"Anaerostipes rhamnosivorans",271688,0.019649592583828,271708.3,0.0196510947113557
36656,"Penicillium crustosum",236802,0.0171264937098276,236741.4,0.0171221351647268
5480,"Candida parapsilosis",200289,0.0144857235101378,200289,0.0144857465587916
88431,"Dorea longicatena",197448,0.014280250715864,197811.7,0.0143065747520898
371601,"Bacteroides xylanisolvens",194298,0.0140524297718435,191340.8,0.0138385773230844
5068,"Aspergillus tubingensis",191264,0.0138329984244916,191019,0.0138153028034029
89153,"[Clostridium] hylemonae",188966,0.0136667976215204,188987.6,0.0136683784575605
99287,"Salmonella enterica",151747,0.0109749666007264,151714.6,0.0109726431690809
187327,"Acidaminococcus intestini",148018,0.0107052699974715,148076.7,0.0107095359102164
1796635,"Longicatena caecimuris",137225,0.00992467588673697,137232.3,0.0099252211190943
2763025,"Bacteroides parvus",126814,0.00917170958572172,130751.7,0.00945651685491038
3037989,"Bacteroides vicugnae",120298,0.00870044569009061,121300,0.00877292545185986
411470,"Mediterraneibacter gnavus",98132,0.00709730948527799,98053.7,0.00709166026870102
1735,"Holdemanella biformis",89462,0.00647025945840236,89479.6,0.00647154549898143
742725,"Alistipes indistinctus",72643,0.00525384026555098,72643,0.00525384861043831
823,"Parabacteroides distasonis",71534,0.00517363282843391,71250.6,0.00515314239853268
1507512,"Romboutsia hominis",67216,0.0048613373248527,67216,0.0048613441955115
585394,"Roseburia hominis",61285,0.00443238303311113,60991.6,0.00441117038023547
1108849,"Penicillium rubens",51829,0.00374848625639417,51885.6,0.00375258844411224
1236512,"Bacteroides rodentium",46246,0.00334470075465869,50655.1,0.00366358722329497
2763021,"Bacteroides difficilis",43619,0.00315470531975646,42434.8,0.0030690618092965
239935,"Akkermansia muciniphila",41151,0.00297620941821908,41151,0.00297621239111271
154288,"Turicibacter sanguinis",41004,0.00296557777416479,41004,0.00296558245233198
3133157,"Faecalibacterium faecis",40847,0.00295422288901837,43093,0.00311666759437656
67826,"Citrobacter sedlakii",39893,0.00288522568882928,34432.9,0.00249033090396845
1496,"Clostridioides difficile",39221,0.00283662388743823,39210.9,0.00283589487298211
563192,"Bilophila wadsworthia",38819,0.00280754959553465,38819,0.00280755405793286
1871006,"Bacteroides congonensis",36725,0.00265610291084289,34393.4,0.00248747509704017
483215,"Bacteroides finegoldii",35566,0.00257227926826516,33328.7,0.00241047350171306
1169293,"Enterococcus faecalis",35056,0.0025353939725666,35056,0.00253539789429633
2751153,"Coprobacter secundus",33176,0.00239942464724639,33501.8,0.0024229881686091
997873,"Bacteroides caccae",32707,0.00236550464002555,33750.8,0.00244100132205781
85831,"Bacteroides acidifaciens",31935,0.00230967042771321,34747.2,0.00251306524010328
1712515,"Butyricicoccus faecihominis",31201,0.00225658453155096,25923.9,0.00187492478861169
622,"Shigella dysenteriae",30642,0.00221615535450096,28033.1,0.00202746880212568
39491,"Agathobacter rectalis",30320,0.00219286699133441,29129.3,0.00210675072595372
2650158,"Bacteroides luhongzhouii",29728,0.00215005111868039,31995.7,0.00231406307431376
547043,"Bifidobacterium pseudocatenulatum",24145,0.0017462656169449,24092.9,0.00174249969331143
1343,"Streptococcus vestibularis",23510,0.00170033980759473,23072.8,0.00166872591077987
1121129,"Butyricimonas synergistica",23111,0.00167148248801879,23098,0.00167054614198841
471870,"Bacteroides intestinalis",23014,0.00166446704942514,20978,0.00151721915151712
411485,"Faecalibacterium prausnitzii",20919,0.00151294804062416,19201.3,0.0013887206192975
28118,"Odoribacter splanchnicus",18826,0.00136157368004161,18893.4,0.00136645216843316
3078042,"Pilosibacter fragilis",17622,0.00127449545254931,14393.8,0.00104102251316994
1414720,"Clostridium saudiense",17448,0.00126191105754627,17111.6,0.00123758443013114
2981789,"Dorea amylophila",16487,0.00119240758859269,16699.9,0.00120780764869379
2764325,"[Eubacterium] hominis",15897,0.0011497363641571,14481.5,0.0010473632075593
2650157,"Bacteroides zhangwenhongii",15377,0.0011121278273664,16753,0.00121164895451449
2929491,"Faecalibacterium wellingii",14961,0.00108204099793384,17082.6,0.00123548936329546
1796613,"Bacteroides caecimuris",14941,0.00108059451574959,14857.5,0.00107455522918525
3053355,"Streptococcus raffinosi",14172,0.00102497727576489,14707.9,0.00106373629470129
2107999,"Lactobacillus paragasseri",13953,0.00100913829584727,13926.9,0.00100725378011055
1502,"Clostridium perfringens",13364,0.000966539395520881,13364,0.000966537366123467
2981791,"Megasphaera butyrica",12561,0.000908463135822941,12565.2,0.000908766391651
328812,"Parabacteroides goldsteinii",12386,0.000895806416710688,12346.3,0.000892935611986765
2763064,"Roseburia zhanii",11999,0.000867816986445305,10225.6,0.000739560960156682
1121098,"Phocaeicola massiliensis",11836,0.000856028156643606,12089.7,0.000874377827272304
1064535,"Megasphaera elsdenii",11530,0.000833896979224466,11521.8,0.000833303832811405
1125630,"Klebsiella pneumoniae",11110,0.000803520853355058,16137.6,0.00116713986802308
2981770,"Gallintestinimicrobium propionicum",10637,0.000769311549697367,10242.3,0.000740765208938378
1870993,"Coprococcus phoceensis",10592,0.000766056964782788,9960.6,0.000720391305426561
246787,"Bacteroides cellulosilyticus",10117,0.000731703012906671,10444.3,0.000755372863324764
2885351,"Hominisplanchenecus faecis",9434,0.000682305646314277,9788.3,0.000707930505177624
508771,"Toxoplasma gondii",9350,0.000676230421140395,9338.8,0.00067542185961538
2715212,"Bacteroides faecium",8945,0.00064693915690918,9096.4,0.000657888809036272
742727,"Bacteroides oleiciplenus",8899,0.000643612247885388,11895.4,0.000860326263873113
435590,"Phocaeicola vulgatus",8812,0.000637320050383867,8243.2,0.00059618181194362
1121096,"Bacteroides gallinarum",8248,0.000596529252787805,7978.6,0.000577044796624878
742742,"Collinsella tanakaei",8077,0.000584161830112403,8077,0.000584162534599405
624,"Shigella sonnei",8057,0.000582715347928146,8290.1,0.000599576702358799
2153354,"Klebsiella huaxiensis",8016,0.000579750059450418,6384.6,0.000461762501310646
1448317,"Aspergillus costaricensis",7838,0.000566876368010526,6993.1,0.000505768495685178
1121115,"Blautia wexlerae",7623,0.000551326684529757,7924,0.000573094958677094
2763045,"Eubacterium segne",6908,0.000499614946442551,5753.2,0.000416094012955824
626937,"Christensenella minuta",6773,0.000489851191698812,6793.8,0.000491355383317865
67827,"Citrobacter werkmanii",6636,0.000479942788736648,6696,0.000484282279897266
3142537,"Enterobacter adelaidei",6611,0.000478134686006326,6675.7,0.000482815239433408
357276,"Phocaeicola dorei",6512,0.000470974599194252,6392.2,0.000462310173692124
1851428,"Faecalibacterium longum",6172,0.000446384402061874,5751.7,0.000415988527421903
871325,"Bacteroides faecichinchillae",6059,0.000438211777720819,5166.6,0.000373670449767676
84112,"Eggerthella lenta",6014,0.000434957192806239,6400.4,0.000462904604382086
2093857,"Dysosmobacter welbionis",5931,0.00042895429174157,5930.6,0.000428927596006971
180434,"Morganella morganii",5905,0.000427073864902036,6086.6,0.000440208314165748
536633,"Blautia glucerasea",5798,0.000419335185216258,5534.6,0.00040028749919502
760570,"Streptococcus parasanguinis",5757,0.00041636989673853,5656.3,0.000409087258512377
742726,"Barnesiella intestinihominis",5736,0.000414851090445059,6000.1,0.000433951135204961
2763023,"Bacteroides hominis",5594,0.000404581066936831,5099.8,0.000368842106668992
3133180,"Enterobacter intestinihominis",5518,0.000399084434636652,5583.7,0.000403836296787274
2024197,"Bacteroides cutis",5438,0.000393298505899622,5372.7,0.000388576601779759
3133166,"Laedolimicola intestinihominis",5166,0.00037362634819372,6007.5,0.000434491141998513
386585,"Escherichia coli",5158,0.000373047755320017,7083,0.000512269437215108
1628085,"Agathobaculum butyriciproducens",5134,0.000371311976698908,9998.1,0.000723106637189102
674529,"Bacteroides faecis",5049,0.000365164427415813,5268.5,0.000381039341172254
2885361,"Brotaphodocola catenula",4894,0.000353954190487817,6234.4,0.000450894802855356
671267,"Phocaeicola sartorii",4745,0.000343177898215099,4560.2,0.000329813868022778
29466,"Veillonella parvula",4555,0.000329436317464652,4555,0.000329436829255594
3133156,"Faecalibacterium tardum",4482,0.000324156657492112,4766,0.000344693853885526
33043,"Coprococcus eutactus",4329,0.000313091068782542,4729.7,0.000342072135838167
3342829,"Providencia zhejiangensis",4216,0.000304918444441487,5169.5,0.000373880930375346
2881264,"Blautia fusiformis",4146,0.000299855756796586,4553.1,0.000329302753187553
2763030,"Blautia segnis",3966,0.000286837417138268,4213.9,0.0003047637017029
2939491,"Parabacteroides leei",3760,0.000271938650640416,4226.3,0.000305662412657701
2548455,"Clostridium cuniculi",3633,0.00026275348877038,3941.6,0.000285075653159656
1448310,"Aspergillus neoniger",3608,0.000260945386040058,4485.2,0.000324386299765276
2652276,"Holdemanella porci",3580,0.000258920310982098,3466.4,0.000250701768906661
3133175,"Blautia caccae",3522,0.000254725512647751,3522.1,0.000254736719178666
291644,"Bacteroides salyersiae",3500,0.000253134382245068,4368.4,0.000315940505376223
2763038,"Clostridium segne",3441,0.000248867259801508,3814.6,0.000275884444729073
39482,"Faecalicatena contorta",3421,0.00024742077761725,3196.6,0.000231191389043994
3133155,"Faecalibacterium intestinale",3411,0.000246697536525122,3940.1,0.000284964994881843
580166,"Oceanibaculum pacificum",3396,0.000245612674886928,3223.7,0.000233150209623494
272559,"Bacteroides fragilis",3373,0.000243949220375032,3645.8,0.000263676117794941
2764327,"Holdemanella hominis",3350,0.000242285765863136,3480.9,0.000251752823171379
818,"Bacteroides thetaiotaomicron",3288,0.000237801671091938,3726.4,0.000269509914505652
1308,"Streptococcus thermophilus",3268,0.00023635518890768,3373.7,0.000244002690971593
1841855,"Bacteroides bouchesdurhonensis",3183,0.000230207639624586,3909.8,0.000282776286836902
2951805,"Parabacteroides absconsus",3143,0.000227314675256071,3227.7,0.000233443520024548
3133152,"Blautia intestinihominis",3049,0.00022051620899006,3155.7,0.000228233230802136
2763037,"Clostridium lentum",3038,0.000219720643788719,3086.6,0.000223233142133198
2763672,"Simiaoa sunii",3003,0.000217189299966268,3810.1,0.000275561382020803
1470345,"Bacteroides timonensis",2996,0.000216683031201778,3608.5,0.000260985569786478
39490,"Eubacterium ramulus",2941,0.00021270520519507,3505.6,0.000253541548761731
1196081,"Talaromyces amestolkiae",2832,0.000204821877290866,2832,0.000204822206484247
626940,"Phascolarctobacterium succinatutens",2805,0.000202869126342118,2881,0.000208365466436071
103621,"Actinomyces urogenitalis",2631,0.000190284731339078,2631,0.000190285015604953
536231,"Roseburia intestinalis",2527,0.000182763023980939,2961.9,0.00021421967083042
3435293,"Faecalibacterium langellae",2502,0.000180954921250617,2844.5,0.000205723018325497
3046670,"Comamonas resistens",2430,0.00017574758538729,2196.3,0.000158842243487647
208962,"Escherichia albertii",2358,0.000170540249523963,2444,0.000176761531058224
2834112,"Bacteroides propionicigenes",2348,0.000169817008431834,2171.9,0.000157082437997952
3036443,"Streptococcus sp. ST2",2330,0.000168515174466002,2162.1,0.000156369793016195
1639133,"Citrobacter portucalensis",2260,0.000163452486821101,2086,0.000150867749058766
2518605,"Segatella hominis",2236,0.000161716708199992,2189.8,0.000158376549522401
470146,"Coprococcus comes",2191,0.000158462123285412,1803.8,0.000130457502940121
2941333,"Mediterraneibacter agrestimuris",2155,0.000155858455353749,1925.4,0.000139255088793774
2763032,"Butyricimonas hominis",2140,0.000154773593715556,2309.6,0.000167042642989989
1211819,"Holdemania massiliensis",2002,0.000144792866644179,1983.9,0.0001434840398472
2981781,"Barnesiella propionica",1917,0.000138645317361084,1922,0.000139005375056812
622312,"Roseburia inulinivorans",1884,0.000136258621757059,2109.4,0.0001525608609801
449673,"Bacteroides stercoris",1852,0.000133944250262247,2096.9,0.000151659676184293
2935520,"Faecalibacterium hattorii",1848,0.000133654953825396,2071.7,0.000149831905924445
566552,"Bifidobacterium catenulatum",1810,0.000130906637675306,1653.2,0.000119564531254756
1280689,"Clostridium paraputrificum",1794,0.0001297494519279,1804.1,0.000130478803748802
3133153,"Blautia aquisgranensis",1780,0.00012873691439892,2028.2,0.00014668853012487
1776379,"Leyella lascolaii",1780,0.00012873691439892,1983.6,0.000143460808916241
1448311,"Aspergillus vadensis",1758,0.000127145783996237,1798.1,0.000130046761027892
484018,"Phocaeicola plebeius",1722,0.000124542116064573,1891.4,0.000136797359189386
225992,"Comamonas kerstersii",1701,0.000123023309771103,1754.3,0.000126880424004019
1122155,"Lactonifactor longoviformis",1688,0.000122083096351335,1537.8,0.000111223619473964
113569,"Cryptosporangium minutisporangium",1659,0.000119985697184162,1667.7,0.000120616973789568
1750560,"Parabacteroides massiliensis",1612,0.000116586464051157,1714.8,0.00012402397272441
1360,"Lactococcus lactis",1605,0.000116080195286667,1605.1,0.000116086663074052
3133162,"Ruminococcoides intestinale",1587,0.000114778361320835,1620.9,0.0001172319775231
550,"Enterobacter cloacae",1584,0.000114561388993196,1476.2,0.000106762505828246
1440762,"Dyella japonica",1531,0.000110728211204914,1531,0.000110729404692124
1870991,"Massilioclostridium coli",1478,0.000106895033416631,1490.8,0.000107822153566311
1972431,"Phytobacter ursingii",1464,0.000105882495887651,1819.7,0.00013161096584149
40518,"Ruminococcus bromii",1446,0.000104580661921819,1446.2,0.000104595244801304
997894,"Enterocloster bolteae",1414,0.000102266290427007,1523.6,0.000110194189704227
2763017,"Anaerosacchariphilus hominis",1367,9.88670572940021e-05,1338,9.67693480134126e-05
150056,"Mammaliicoccus fleurettii",1335,9.65526857991901e-05,1507.3,0.000109015695493201
2447885,"Bacteroides faecalis",1335,9.65526857991901e-05,1825,0.000131989641249363
45851,"Eshraghiella crossota",1320,9.54678241609969e-05,1339.5,9.68775023268105e-05
871664,"Blautia stercoris",1302,9.41659901951652e-05,1368.5,9.89779902517892e-05
2885348,"Hominifimenecus microfluidus",1294,9.35873973214621e-05,1420.5,0.000102735056030084
116085,"Coprococcus catus",1277,9.23578874648433e-05,1342.1,9.70683599899339e-05
3133177,"Bifidobacterium hominis",1273,9.20685910279917e-05,1477.7,0.000106874758928242
28111,"Bacteroides eggerthii",1261,9.12007017174372e-05,1761.5,0.000127401278951116
3098076,"Streptococcus lingualis",1253,9.06221088437342e-05,1096.7,7.93212628873858e-05
2979868,"Neopusillimonas aromaticivorans",1252,9.05497847345213e-05,1255.4,9.0796208831595e-05
1353,"Enterococcus gallinarum",1237,8.94649230963282e-05,1217,8.80213133154672e-05
478749,"Marvinbryantia formatexigens",1227,8.87416820041994e-05,1355.8,9.80549935351147e-05
1134687,"Klebsiella michiganensis",1226,8.86693578949866e-05,1285.7,9.29908396478987e-05
3117552,"Bacteroides maternus",1211,8.75844962567934e-05,1557.7,0.000112661625240357
1912897,"Blautia argi",1175,8.49808283251298e-05,1560.9,0.000112889001374342
879566,"Acetatifactor muris",1132,8.18708916289762e-05,1529.9,0.000110651845179846
411483,"Faecalibacterium duncaniae",1117,8.0786029990783e-05,1304.1,9.43189098132553e-05
762982,"Paraprevotella xylaniphila",1114,8.05690576631444e-05,1341.2,9.70044661041847e-05
2592333,"Sellimonas caecigallum",1112,8.04244094447186e-05,1187.2,8.58637603446761e-05
2949650,"Parabacteroides sp. W1-Q-101",1107,8.00627888986543e-05,1222.9,8.84426374715432e-05
1547,"Thomasclavelia ramosa",1025,7.41322119431984e-05,1025.4,7.41581560849867e-05
1448313,"Aspergillus piperis",1016,7.34812949602825e-05,918.7,6.64432787190483e-05
2881276,"Fusicatenibacter faecihominis",972,7.02990341549159e-05,1189.1,8.59997967067724e-05
558541,"Shewanella chilikensis",961,6.95034689535743e-05,1041.9,7.5357982848868e-05
1851427,"Faecalibacterium butyricigenerans",952,6.88525519706584e-05,969.3,7.01068765132552e-05
342942,"Mediterraneibacter glycyrrhizinilyticus",941,6.80569867693168e-05,930,6.72599090566043e-05
2763065,"Ruminococcus hominis",931,6.7333745677188e-05,965.2,6.98080613182959e-05
2981783,"Blautia acetigignens",930,6.72614215679751e-05,1021.2,7.38560115392773e-05
357441,"Enterococcus lactis",920,6.65381804758463e-05,1103.8,7.98296217703664e-05
331117,"Aspergillus fischeri",916,6.62488840389948e-05,892,6.45103112342387e-05
592978,"Mediterraneibacter faecis",912,6.59595876021433e-05,1587.1,0.000114787356523842
621,"Shigella boydii",906,6.55256429468661e-05,1206.8,8.72832834734596e-05
180164,"Blautia schinkii",891,6.44407813086729e-05,938.4,6.78659584232512e-05
2954240,"Streptococcus bouchesdurhonensis",874,6.3211271452054e-05,961.9,6.95674910803954e-05
717959,"Alistipes shahii",861,6.22710580322866e-05,885.9,6.40723947899276e-05
113107,"Streptococcus australis",848,6.13308446125192e-05,959,6.93602701296446e-05
2949662,"Coprococcus sp. B2-R-112",801,5.7931611479514e-05,888,6.42250557778277e-05
515620,"Lachnospira eligens",798,5.77146391518754e-05,842.4,6.09286597193214e-05
2494234,"Sutterella megalosphaeroides",790,5.71360462781724e-05,768.7,5.55960623601825e-05
1177179,"Alcanivorax hongdengensis",788,5.69913980597467e-05,698,5.04830207566435e-05
2981782,"Blautia ammoniilytica",788,5.69913980597467e-05,1070.9,7.74484727472695e-05
68193,"Streptomyces djakartensis",780,5.64128051860436e-05,762.5,5.51492024667061e-05
544645,"Butyricimonas virosa",779,5.63404810768308e-05,796.8,5.76287852666124e-05
2497875,"Enterobacter chuandaensis",775,5.60511846399793e-05,879.8,6.36314229999115e-05
2763673,"Yanshouia hominis",765,5.53279435478505e-05,585.2,4.23276402636887e-05
871665,"Blautia faecis",744,5.38091372543801e-05,850.1,6.14798645033865e-05
2488306,"Pseudocitrobacter vendiensis",736,5.32305443806771e-05,756.6,5.47181518106838e-05
667015,"Phocaeicola salanitronis",724,5.23626550701226e-05,722.2,5.22360474106609e-05
564,"Escherichia fergusonii",718,5.19287104148453e-05,736.2,5.32478350224285e-05
763034,"Bacteroides fluxus",712,5.1494765759568e-05,875.3,6.33059890809951e-05
198214,"Shigella flexneri",709,5.12777934319294e-05,822.3,5.94728738325065e-05
2079531,"Prevotella merdae",704,5.0916172885865e-05,735.5,5.31976814702858e-05
1448314,"Aspergillus eucalypticola",693,5.01206076845234e-05,863.6,6.24594220906546e-05
1352,"Enterococcus faecium",693,5.01206076845234e-05,510,3.6881769262482e-05
1936995,"Parabacteroides bouchesdurhonensis",674,4.87464496094787e-05,679.4,4.91376142607049e-05
1841857,"Culturomica massiliensis",671,4.85294772818401e-05,780.1,5.64206454587227e-05
2981772,"Muricoprocola aceti",662,4.78785602989242e-05,737.5,5.33368909967405e-05
218936,"Aeromonas simiae",653,4.72276433160083e-05,671.5,4.85681807352621e-05
266265,"Paraburkholderia xenovorans",645,4.66490504423053e-05,641.8,4.64186146702807e-05
1069201,"Aspergillus luchuensis",644,4.65767263330924e-05,744,5.38117055046169e-05
1796634,"Muricomes intestini",637,4.60704575686023e-05,643.3,4.65234070828866e-05
1297617,"Intestinimonas butyriciproducens",635,4.59258093501766e-05,630,4.5562326864974e-05
2763047,"Flintibacter faecis",632,4.57088370225379e-05,754.3,5.45550411323493e-05
1841865,"Mediterranea massiliensis",629,4.54918646948993e-05,658.5,4.76237671712507e-05
210,"Helicobacter pylori",622,4.49855959304092e-05,622,4.49820915602278e-05
1748967,"Citrobacter cronae",608,4.39730584014289e-05,608.7,4.40215680158784e-05
2799636,"Catonella massiliensis",598,4.32498173093001e-05,598,4.32498861255091e-05
324831,"Lactobacillus gasseri",597,4.31774932000873e-05,621.6,4.49538166678664e-05
1291050,"Ruminiclostridium josui",593,4.28881967632357e-05,593,4.28888169868336e-05
1218085,"Citrobacter rodentium",593,4.28881967632357e-05,558.8,4.04174941339651e-05
2605778,"Clostridium porci",583,4.2164955671107e-05,620.4,4.48675424640405e-05
1778540,"Dickeya fangzhongdai",575,4.1586362797404e-05,608.3,4.39979721491025e-05
2003188,"Parolsenella catena",574,4.15140386881911e-05,574,4.15115035879169e-05
2763040,"Dorea hominis",571,4.12970663605525e-05,700.8,5.06870311932637e-05
1499973,"Escherichia marmotae",570,4.12247422513396e-05,550.9,3.98401733412197e-05
3098075,"Streptococcus dentalis",569,4.11524181421267e-05,606,4.38279937699443e-05
2290935,"Parabacteroides acidifaciens",565,4.08631217052752e-05,614.1,4.44141583597745e-05
1472416,"Butyricimonas faecihominis",560,4.05015011592108e-05,574,4.15129814624479e-05
2652274,"Eisenbergiella porci",556,4.02122047223593e-05,474.4,3.4312068848212e-05
2736294,"Xylanibacter caecicola",554,4.00675565039336e-05,575.4,4.16155022052894e-05
2736291,"Palleniella intestinalis",549,3.97059359578692e-05,550.8,3.9837367524651e-05
2653932,"Citrobacter telavivensis",544,3.93443154118048e-05,540.7,3.91030431048307e-05
1871013,"Parabacteroides timonensis",538,3.89103707565275e-05,502.5,3.63396373492089e-05
1926283,"Lachnoclostridium edouardi",532,3.84764261012503e-05,517.6,3.74384947638783e-05
2981794,"Roseburia amylophila",531,3.84041019920374e-05,550.4,3.980384971984e-05
2564099,"Ruminococcus bovis",520,3.76085367906958e-05,519.6,3.75791372247979e-05
2316025,"Mediterraneibacter butyricigenes",512,3.70299439169928e-05,525.2,3.79827813678762e-05
2894201,"Citrobacter meridianamericanus",507,3.66683233709284e-05,566.9,4.10020991038399e-05
1796615,"Blautia caecimuris",503,3.63790269340769e-05,547.8,3.96164777027188e-05
358742,"Enterocloster aldenensis",499,3.60897304972254e-05,569.7,4.12035342033072e-05
37930,"Glutamicibacter protophormiae",493,3.56557858419481e-05,512.6,3.70727053139957e-05
626774,"Proteus terrae",485,3.50771929682451e-05,603.3,4.36296207607059e-05
105841,"Anaerostipes caccae",484,3.50048688590322e-05,483.9,3.50003508613349e-05
40324,"Stenotrophomonas maltophilia",484,3.50048688590322e-05,484,3.50027325125297e-05
568814,"Streptococcus suis",482,3.48602206406065e-05,428.1,3.09600022088379e-05
2763014,"Agathobaculum hominis",479,3.46432483129678e-05,510.7,3.69352744726291e-05
2994035,"Sellimonas catena",478,3.4570924203755e-05,614.2,4.44192691610362e-05
293939,"Aspergillus lentulus",464,3.35583866747747e-05,488.1,3.53050254840518e-05
2763042,"Dysosmobacter segnis",464,3.35583866747747e-05,591.9,4.28078541090844e-05
1917883,"Bacteroides togonis",447,3.23288768181558e-05,452.8,3.27455144226472e-05
2764323,"Catenibacterium faecis",445,3.218422859973e-05,436.3,3.1557689810804e-05
2498453,"Geminicoccus harenae",445,3.218422859973e-05,505.2,3.65395879372019e-05
188913,"Cetobacterium somerae",445,3.218422859973e-05,444.7,3.21651546970819e-05
471875,"[Ruminococcus] lactaris",444,3.21119044905171e-05,478.2,3.45821322458838e-05
36834,"Clostridium celatum",439,3.17502839444528e-05,440.4,3.18535202080172e-05
2885352,"Hominiventricola filiformis",427,3.08823946338983e-05,427.9,3.09441964750663e-05
197614,"Streptococcus pasteurianus",425,3.07377464154725e-05,421.8,3.05096615394167e-05
1074000,"Cronobacter universalis",415,3.00145053233437e-05,393.8,2.84790286945772e-05
2086583,"Pseudoruminococcus massiliensis",406,2.93635883404278e-05,493.4,3.56822839663677e-05
537007,"Blautia hansenii",405,2.9291264231215e-05,452.6,3.27346209077294e-05
2981771,"Laedolimicola ammoniilytica",405,2.9291264231215e-05,430.6,3.11424396298274e-05
2736289,"Xylanibacter rodentium",401,2.90019677943635e-05,420,3.03725891474124e-05
2949651,"Parabacteroides sp. TA-V-105",391,2.82787267022347e-05,426.5,3.08491337501914e-05
762968,"Paraprevotella clara",386,2.79171061561703e-05,384.5,2.78057006469512e-05
2589788,"Streptococcus xiaochunlingii",375,2.71215409548287e-05,383.2,2.77178980016804e-05
1314,"Streptococcus pyogenes",373,2.69768927364029e-05,370.8,2.68159184757702e-05
2714358,"Pusillibacter faecalis",370,2.67599204087643e-05,424.9,3.07277436656337e-05
2763062,"Roseburia rectibacter",367,2.65429480811257e-05,413.2,2.98868494135434e-05
2608867,"Escherichia ruysiae",366,2.64706239719128e-05,388.6,2.81035920942812e-05
253257,"Lacrimispora amygdalina",355,2.56750587705711e-05,367.1,2.65494976807824e-05
2981769,"Waltera acetigignens",355,2.56750587705711e-05,476.9,3.44905598931665e-05
1890302,"Bacillus wiedmannii",349,2.52411141152939e-05,344,2.48786285905384e-05
2763026,"Blautia celeris",348,2.5168790006081e-05,377.2,2.72832488553627e-05
102684,"Streptococcus infantarius",345,2.49518176784424e-05,344.6,2.49247359362912e-05
1035377,"Yersinia pestis",340,2.4590197132378e-05,355.4,2.57052512085813e-05
3111861,"Streptococcus gingivalis",339,2.45178730231651e-05,455.1,3.29138211504329e-05
59310,"Streptococcus macedonicus",328,2.37223078218235e-05,362.5,2.6216296272216e-05
5076,"Penicillium chrysogenum",326,2.35776596033977e-05,324,2.34354465026779e-05
2509240,"Blautia faecicola",318,2.29990667296947e-05,353.3,2.55504330888402e-05
3030999,"Enterobacter rongchengensis",311,2.24927979652046e-05,304.7,2.20394632327849e-05
218493,"Salmonella bongori",308,2.2275825637566e-05,310.2,2.24321937834796e-05
5851,"Plasmodium knowlesi",306,2.21311774191402e-05,304.8,2.20429639633192e-05
2742600,"Limosilactobacillus urinaemulieris",305,2.20588533099273e-05,298.7,2.16043699890556e-05
1156431,"Streptococcus ilei",304,2.19865292007144e-05,365.2,2.64120188254655e-05
171383,"Vibrio hepatarius",304,2.19865292007144e-05,369.8,2.6742425947323e-05
2609961,"Pseudomonas akapageensis",303,2.19142050915016e-05,304.1,2.1995221432092e-05
1354,"Enterococcus hirae",300,2.16972327638629e-05,295.5,2.13753796732242e-05
2763069,"Ruminococcus difficilis",300,2.16972327638629e-05,300.9,2.17649065760956e-05
537006,"Parabacteroides johnsonii",300,2.16972327638629e-05,349.1,2.52456428519925e-05
684066,"Streptococcus lactarius",295,2.13356122177986e-05,295.9,2.14034312936159e-05
28130,"Prevotella disiens",295,2.13356122177986e-05,304.3,2.20049937360871e-05
2927224,"Akkermansia massiliensis",294,2.12632881085857e-05,294,2.12650272922917e-05
387090,"Phocaeicola coprophilus",291,2.10463157809471e-05,296.3,2.14311070749427e-05
2719233,"Lacrimispora defluvii",289,2.09016675625213e-05,291.7,2.10938561372029e-05
2763048,"Flintibacter hominis",287,2.07570193440955e-05,295.3,2.13602550173131e-05
2382163,"Streptococcus koreensis",286,2.06846952348827e-05,289.9,2.09668851203829e-05
2981785,"Coprococcus ammoniilyticus",282,2.03953987980312e-05,280.5,2.02903930838926e-05
1495444,"Rhodotorula pacifica",282,2.03953987980312e-05,282,2.03940895380022e-05
3028070,"Claveliimonas bilis",281,2.03230746888183e-05,280.4,2.02785534328809e-05
3140788,"Streptococcus nidrosiense",279,2.01784264703925e-05,285,2.06130177349732e-05
45133,"Lasiodiplodia theobromae",276,1.99614541427539e-05,237.2,1.71545239908111e-05
2941338,"Streptococcus caecimuris",264,1.90935648321994e-05,296.6,2.14511152375392e-05
2981786,"Coprococcus aceti",262,1.89489166137736e-05,247.3,1.78860416652416e-05
2763028,"Blautia intestinalis",260,1.88042683953479e-05,260.1,1.88145930379437e-05
310298,"Phocaeicola coprocola",259,1.8731944286135e-05,260.6,1.8845753461231e-05
371674,"Moryella indoligenes",257,1.85872960677093e-05,283.1,2.04758727524772e-05
157792,"Halopseudomonas xiamenensis",255,1.84426478492835e-05,239.5,1.73219183691396e-05
2763052,"Lawsonibacter faecis",253,1.82979996308577e-05,255.3,1.84660492067809e-05
2786956,"Phocaeicola faecalis",245,1.77194067571547e-05,281.2,2.0340164192824e-05
565042,"Bifidobacterium longum",242,1.75024344295161e-05,241.9,1.7498375060409e-05
3064195,"Brotocaccenecus cirricatena",239,1.72854621018775e-05,253.8,1.83541513909306e-05
73098,"Kluyvera georgiana",237,1.71408138834517e-05,238.4,1.72425591841634e-05
61647,"Pluralibacter gergoviae",236,1.70684897742388e-05,254.7,1.84243214526673e-05
2762229,"Escherichia whittamii",235,1.6996165665026e-05,235.1,1.70067443348928e-05
2819619,"Streptococcus toyakuensis",231,1.67068692281745e-05,205.5,1.48601719295695e-05
3133163,"Ruthenibacterium intestinale",228,1.64898969005358e-05,270.6,1.957103730642e-05
47880,"Pseudomonas fulva",227,1.6417572791323e-05,219.2,1.58502910204339e-05
2736290,"Xylanibacter muris",226,1.63452486821101e-05,231.8,1.67623705355653e-05
1944635,"Sutterella seckii",221,1.59836281360457e-05,226.6,1.63879760310243e-05
392011,"Alicyclobacillus fastidiosus",221,1.59836281360457e-05,221.7,1.60371940040846e-05
871324,"Bacteroides stercorirosoris",221,1.59836281360457e-05,223.5,1.61656404735565e-05
2993430,"Streptococcus parapneumoniae",218,1.57666558084071e-05,189.3,1.36919507123505e-05
391612,"Crocosphaera chwakensis",207,1.49710906070654e-05,188.9,1.36654714023845e-05
3032872,"Petralouisia muris",206,1.48987664978526e-05,214.1,1.54846091659734e-05
2762223,"Clostridium faecium",206,1.48987664978526e-05,206.1,1.4903888756348e-05
745368,"Gemmiger formicilis",206,1.48987664978526e-05,212.4,1.53587091010153e-05
39488,"Anaerobutyricum hallii",205,1.48264423886397e-05,206.5,1.49333680937262e-05
69824,"Thomasclavelia cocleata",205,1.48264423886397e-05,213.8,1.54615926847947e-05
3032125,"Neopoerus faecalis",203,1.46817941702139e-05,216,1.56223215455779e-05
3133164,"Hominiventricola aquisgranensis",202,1.4609470061001e-05,236,1.7065613047139e-05
2981792,"Oscillibacter acetigenes",197,1.42478495149367e-05,204,1.47560619308601e-05
2763675,"Jilunia laotingensis",196,1.41755254057238e-05,211.6,1.53061383080705e-05
89014,"Blautia luti",196,1.41755254057238e-05,218.5,1.58001523749345e-05
348802,"Exophiala xenobiotica",194,1.4030877187298e-05,172.8,1.24970454039083e-05
411459,"Blautia obeum",194,1.4030877187298e-05,238,1.72109741623928e-05
100884,"Coprobacillus cateniformis",192,1.38862289688723e-05,201.2,1.45542512227564e-05
3378099,"Providencia lanzhouensis",192,1.38862289688723e-05,193.5,1.39917024884994e-05
2981774,"Suilimivivens aceti",191,1.38139048596594e-05,207.5,1.50058633741913e-05
29391,"Gemella morbillorum",190,1.37415807504465e-05,190.3,1.3762723778403e-05
2763671,"Jingyaoa shaoxingensis",188,1.35969325320208e-05,161.5,1.16812311795067e-05
2981768,"Anthropogastromicrobium aceti",188,1.35969325320208e-05,188.8,1.3652838289128e-05
2881258,"Ruminococcus turbiniformis",187,1.35246084228079e-05,185.6,1.34230720461106e-05
2303987,"Motilimonas pumila",185,1.33799602043821e-05,194.7,1.40837597582663e-05
39483,"Faecalitalea cylindroides",183,1.32353119859564e-05,192.8,1.39421407170437e-05
2763027,"Blautia difficilis",179,1.29460155491049e-05,188.4,1.36278967093787e-05
876,"Desulfovibrio desulfuricans",179,1.29460155491049e-05,186.1,1.34570375374345e-05
190304,"Fusobacterium nucleatum",178,1.2873691439892e-05,178,1.28723814030351e-05
2588991,"Streptococcus symci",178,1.2873691439892e-05,161.5,1.16789947124571e-05
28091,"Neisseria weaveri",177,1.28013673306791e-05,141.4,1.02286931433045e-05
1529,"Clostridium cadaveris",175,1.26567191122534e-05,179.1,1.29520483254808e-05
3133159,"Megasphaera intestinihominis",175,1.26567191122534e-05,174.3,1.26073172121357e-05
367928,"Bifidobacterium adolescentis",174,1.25843950030405e-05,174.8,1.26412962249607e-05
570012,"Shimwellia pseudoproteus",172,1.24397467846148e-05,172.9,1.25052813897405e-05
60172,"Penicillium solitum",172,1.24397467846148e-05,168.9,1.22164665805803e-05
559292,"Saccharomyces cerevisiae",171,1.23674226754019e-05,162.6,1.17618421152758e-05
1310,"Streptococcus sobrinus",167,1.20781262385504e-05,159.6,1.15432095151971e-05
3029274,"Amygdalobacter nucleatus",167,1.20781262385504e-05,149.9,1.08429006239165e-05
60171,"Penicillium verrucosum",166,1.20058021293375e-05,167.5,1.21138059722905e-05
3093657,"Acutalibacter caecimuris",165,1.19334780201246e-05,158.2,1.14387673632081e-05
428127,"Amedibacillus dolichus",163,1.17888298016989e-05,190.9,1.38075809462098e-05
3038145,"Palleniella muris",163,1.17888298016989e-05,170.1,1.23050033217309e-05
518636,"Enterocloster asparagiformis",163,1.17888298016989e-05,197.5,1.42828072191111e-05
1384589,"Entomohabitans teleogrylli",162,1.1716505692486e-05,162,1.17169330724091e-05
2499078,"Vibrio ouci",160,1.15718574740602e-05,154.9,1.12008963982057e-05
154046,"Hungatella hathewayi",160,1.15718574740602e-05,168,1.21505595650203e-05
2316720,"Corallococcus interemptor",159,1.14995333648474e-05,160.7,1.16199113711318e-05
2681861,"Sporofaciens musculi",159,1.14995333648474e-05,172.3,1.24579660713821e-05
631,"Yersinia intermedia",155,1.12102369279959e-05,155,1.12102547649731e-05
290338,"Citrobacter koseri",154,1.1137912818783e-05,158.7,1.14771473634226e-05
1202713,"Paenalcaligenes suwonensis",153,1.10655887095701e-05,145,1.04898739333037e-05
2692629,"Copranaerobaculum intestinale",151,1.09209404911443e-05,143.1,1.03463856298278e-05
70346,"Acinetobacter variabilis",151,1.09209404911443e-05,164,1.18644028958261e-05
3133499,"Maccoyibacter intestinihominis",151,1.09209404911443e-05,147.6,1.06753490083491e-05
2978477,"Eubacterium album",148,1.07039681635057e-05,178.4,1.29018941175667e-05
3085167,"Segatella sinensis",145,1.04869958358671e-05,148.5,1.07389481309146e-05
1217282,"Parabacteroides faecis",144,1.04146717266542e-05,129.3,9.3518030062429e-06
3133161,"Ruminococcoides intestinihominis",144,1.04146717266542e-05,151.9,1.09860064845706e-05
671218,"Alloprevotella rava",142,1.02700235082285e-05,143.2,1.03581548772031e-05
2973939,"Streptococcus sciuri",139,1.00530511805898e-05,139.3,1.00742136847014e-05
261299,"Intestinibacter bartlettii",139,1.00530511805898e-05,139.8,1.01094057144965e-05
2058152,"Klebsiella grimontii",139,1.00530511805898e-05,153.9,1.1129286619922e-05
3397862,"Anaerorudis cellulosivorans",138,9.98072707137695e-06,138.2,9.995129787704e-06
3342383,"Flintibacter porci",136,9.8360788529512e-06,139.5,1.0088565325134e-05
2582913,"Luteithermobacter gelatinilyticus",134,9.69143063452545e-06,127,9.18536590615509e-06
28113,"Bacteroides heparinolyticus",132,9.54678241609969e-06,132,9.54382376889506e-06
2763036,"Clostridium hominis",132,9.54678241609969e-06,128.7,9.30740450652066e-06
1903262,"Bacteroides ndongoniae",127,9.18516187003531e-06,131.8,9.53258830883882e-06
2172043,"Bifidobacterium tibiigranuli",125,9.04051365160956e-06,146.7,1.06114670557012e-05
871327,"Parabacteroides chinchillae",125,9.04051365160956e-06,122.7,8.87544847307699e-06
1302,"Streptococcus gordonii",123,8.89586543318381e-06,120.6,8.72308420252994e-06
3133170,"Ventrimonas faecis",123,8.89586543318381e-06,132.8,9.60503278058723e-06
1206725,"Nocardia brevicatena",122,8.82354132397093e-06,144.5,1.04527129000161e-05
1312182,"Rhizobium calliandrae",122,8.82354132397093e-06,121.2,8.76427875201513e-06
888746,"Streptococcus peroris",121,8.75121721475805e-06,122.6,8.86784922912858e-06
2320879,"Parablautia muri",121,8.75121721475805e-06,123.8,8.95715942008894e-06
1076124,"Phytohabitans flavus",121,8.75121721475805e-06,122.8,8.88036732708476e-06
518635,"Bifidobacterium angulatum",119,8.6065689963323e-06,119.3,8.63154093419885e-06
2026240,"Klebsiella quasivariicola",119,8.6065689963323e-06,125.1,9.04855121081408e-06
1632,"Limosilactobacillus oris",119,8.6065689963323e-06,117.1,8.46916013236826e-06
649756,"Anaerostipes hadrus",118,8.53424488711942e-06,118.6,8.57475623950045e-06
574930,"Parabacteroides gordonii",117,8.46192077790655e-06,120.9,8.74326131254613e-06
764299,"Streptococcus ictaluri",116,8.38959666869367e-06,119.5,8.6425770479396e-06
2666183,"Pseudomonas juntendi",116,8.38959666869367e-06,137.4,9.93539852731052e-06
2919919,"Atopomonas sediminilitoris",115,8.31727255948079e-06,111.7,8.07787183292517e-06
2743469,"Rhabdonatronobacter sediminivivens",114,8.24494845026792e-06,104.8,7.57598931710469e-06
2697024,"Pusillimonas minor",114,8.24494845026792e-06,122.7,8.8708223326296e-06
2742601,"Limosilactobacillus portuensis",114,8.24494845026792e-06,103.3,7.46956065316795e-06
1410646,"Bifidobacterium merycicum",113,8.17262434105504e-06,113.6,8.2142279257913e-06
1123304,"Streptococcus henryi",112,8.10030023184216e-06,114.4,8.27193143098726e-06
365590,"Shewanella hafniensis",112,8.10030023184216e-06,111.5,8.06600977505832e-06
215243,"Exophiala oligosperma",111,8.02797612262929e-06,114.9,8.31021012389982e-06
2981728,"Huintestinicola butyrica",111,8.02797612262929e-06,109.4,7.91521055638387e-06
3035284,"Prevotella sp. B2-R-102",110,7.95565201341641e-06,111.6,8.06983625146333e-06
2993455,"Lactobacillus isalae",110,7.95565201341641e-06,110.1,7.9611527806205e-06
332186,"Shewanella xiamenensis",108,7.81100379499066e-06,117.1,8.46680981870824e-06
1775168,"Flagellimonas marina",107,7.73867968577778e-06,107,7.73869199904594e-06
1776384,"Emergencia timonensis",107,7.73867968577778e-06,141.9,1.02632846771201e-05
2690837,"Eggerthella guodeyinii",106,7.66635557656491e-06,105.9,7.65643737683513e-06
2606633,"Oliverpabstia intestinalis",105,7.59403146735203e-06,108.7,7.86431850639055e-06
86179,"Chromohalobacter beijerinckii",105,7.59403146735203e-06,96.6,6.98529428796183e-06
292800,"Flavonifractor plautii",104,7.52170735813915e-06,117.6,8.50859189028337e-06
71452,"Enterococcus raffinosus",99,7.16008681207477e-06,105.8,7.65398558000182e-06
2036206,"Suicoccus acidiformans",98,7.08776270286189e-06,109.1,7.88922202105352e-06
1917441,"Streptococcus ruminantium",98,7.08776270286189e-06,97.9,7.08347152711754e-06
2981725,"Brotonthovivens ammoniilytica",98,7.08776270286189e-06,113.8,8.22932456460135e-06
NA,"unknown genome; accession ID isNZ_AP022829.1",96,6.94311448443614e-06,96.3,6.96261492721659e-06
768528,"Shewanella indica",96,6.94311448443614e-06,96.2,6.95818805648218e-06
214856,"Alistipes finegoldii",94,6.79846626601039e-06,92.1,6.65961509039732e-06
762967,"Sutterella parvirubra",93,6.72614215679751e-06,107.9,7.80375961114618e-06
1796622,"Extibacter muris",93,6.72614215679751e-06,94.2,6.81371556960071e-06
2547410,"Enterocloster alcoholdehydrogenati",92,6.65381804758464e-06,105.2,7.6067420090967e-06
2943492,"Corynebacterium intestinale",92,6.65381804758464e-06,92,6.6538286346937e-06
2981726,"Hominimerdicola aceti",92,6.65381804758464e-06,92.2,6.66843458502749e-06
2735723,"Turicibacter bilis",91,6.58149393837176e-06,95,6.87142311722075e-06
1347393,"Bacteroides neonati",89,6.43684571994601e-06,89.5,6.47590603675682e-06
75553,"Aspergillus viridinutans",89,6.43684571994601e-06,88.9,6.4300469070317e-06
2494701,"Enterobacter chengduensis",88,6.36452161073313e-06,94.2,6.81429955520241e-06
2763016,"Anaerofilum hominis",88,6.36452161073313e-06,88.3,6.38506199982178e-06
2981787,"Dorea acetigenes",88,6.36452161073313e-06,87.8,6.34669612173266e-06
44742,"Desulfovibrio fairfieldensis",87,6.29219750152025e-06,87,6.29221034142714e-06
626929,"Bacteroides clarus",87,6.29219750152025e-06,87.6,6.33912806267765e-06
533323,"Psychrobacter fulvigenes",87,6.29219750152025e-06,100.5,7.26786203524986e-06
3133154,"Coprococcus intestinihominis",86,6.21987339230738e-06,113.2,8.18857237822128e-06
361101,"Streptococcus pseudoporcinus",86,6.21987339230738e-06,102.9,7.44483650151278e-06
212818,"Exophiala mesophila",85,6.1475492830945e-06,103.1,7.45974005709044e-06
3079010,"Diplocloster hominis",85,6.1475492830945e-06,124.8,9.02672635559364e-06
105843,"Anaerobutyricum soehngenii",84,6.07522517388162e-06,82.6,5.97542891712275e-06
301302,"Roseburia faecis",84,6.07522517388162e-06,84.7,6.12763754415007e-06
3041623,"Streptococcus taonis",84,6.07522517388162e-06,101.8,7.36045571093904e-06
2025493,"Blautia hominis",83,6.00290106466875e-06,85.3,6.16767870523031e-06
1234680,"Streptococcus rubneri",82,5.93057695545587e-06,85.4,6.17471483709076e-06
2499076,"Marinifilum caeruleilacunae",82,5.93057695545587e-06,76,5.49397316799779e-06
2972474,"Gabonibacter chumensis",82,5.93057695545587e-06,82,5.93223330594092e-06
39486,"Dorea formicigenerans",82,5.93057695545587e-06,96.5,6.98017664292709e-06
69359,"Thiohalocapsa halophila",81,5.85825284624299e-06,75.2,5.43562841335366e-06
76860,"Streptococcus constellatus",80,5.78592873703012e-06,88.8,6.41939065267903e-06
2981780,"Bacteroides cellulolyticus",80,5.78592873703012e-06,81.9,5.92072857304666e-06
2880704,"Duncaniella muricolitica",79,5.71360462781724e-06,81.4,5.88643701116551e-06
2107694,"Aphanothece hegewaldii",78,5.64128051860436e-06,92.4,6.68328519063468e-06
1531,"Enterocloster clostridioformis",78,5.64128051860436e-06,79,5.71131192697481e-06
2479840,"Prevotella marseillensis",78,5.64128051860436e-06,82.5,5.96733977412331e-06
2316726,"Corallococcus sicarius",77,5.56895640939149e-06,76,5.49654702041818e-06
208224,"Enterobacter kobei",77,5.56895640939149e-06,79.1,5.72391983424878e-06
54291,"Raoultella ornithinolytica",77,5.56895640939149e-06,81.5,5.8961423280519e-06
2587528,"Klebsiella spallanzanii",77,5.56895640939149e-06,77.3,5.59011010898317e-06
2093856,"Butyricimonas faecalis",76,5.49663230017861e-06,79.7,5.76309493442768e-06
2838426,"Candidatus Agathobaculum pullicola",76,5.49663230017861e-06,78.1,5.64939018193617e-06
291645,"Bacteroides nordii",75,5.42430819096574e-06,77.4,5.59907159979387e-06
1871016,"Collinsella phocaeensis",75,5.42430819096574e-06,73.6,5.32596364600144e-06
525309,"Limosilactobacillus antri",73,5.27965997253998e-06,92.3,6.67223966974493e-06
1703332,"Butyribacter intestini",73,5.27965997253998e-06,78.3,5.66232620896749e-06
2838947,"Enterobacter quasimori",73,5.27965997253998e-06,73.6,5.32195706460003e-06
1681,"Bifidobacterium bifidum",72,5.20733586332711e-06,73.8,5.3386205266504e-06
1094342,"Alloalcanivorax xenomutans",71,5.13501175411423e-06,90.9,6.57731796651646e-06
1211817,"Clostridium ihumii",70,5.06268764490135e-06,68.2,4.93196201858455e-06
1385512,"Pontibacillus litoralis",70,5.06268764490135e-06,70.4,5.09349133964856e-06
433664,"Nocardioides agariphilus",70,5.06268764490135e-06,70.8,5.11776156742607e-06
158836,"Enterobacter hormaechei",70,5.06268764490135e-06,70.1,5.07024828738965e-06
3093658,"Neglectibacter caecimuris",70,5.06268764490135e-06,69,4.98957643454576e-06
1776391,"Romboutsia timonensis",70,5.06268764490135e-06,70,5.06344012305332e-06
1121114,"Blautia producta",69,4.99036353568848e-06,70.2,5.08059271127196e-06
2763061,"Roseburia lenta",68,4.9180394264756e-06,69.6,5.03639516716432e-06
1122217,"Megamonas rupellensis",67,4.84571531726272e-06,66.9,4.83673459505195e-06
2552766,"Meridianimarinicoccus aquatilis",67,4.84571531726272e-06,67,4.84484105969441e-06
2747601,"Ruegeria haliotis",67,4.84571531726272e-06,64.6,4.67464983331452e-06
2764329,"Paeniclostridium hominis",67,4.84571531726272e-06,65.4,4.73300546355752e-06
1232428,"Megasphaera massiliensis",67,4.84571531726272e-06,67.9,4.91059794993635e-06
1689270,"Intestinimonas timonensis",67,4.84571531726272e-06,63.6,4.59815266000163e-06
1133319,"Bacteroides reticulotermitis",66,4.77339120804985e-06,70,5.0652865160217e-06
1411144,"Bacteroides caecigallinarum",64,4.62874298962409e-06,61.3,4.43658792966494e-06
3133158,"Lachnospira intestinalis",64,4.62874298962409e-06,63.7,4.61037988968069e-06
1118062,"Peptoniphilus obesi",63,4.55641888041122e-06,63.2,4.57155812792114e-06
1313,"Streptococcus pneumoniae",63,4.55641888041122e-06,64.4,4.66108938364802e-06
28133,"Prevotella nigrescens",63,4.55641888041122e-06,61.8,4.46932171446833e-06
2841061,"Streptococcus humanilactis",63,4.55641888041122e-06,76.8,5.55205314807528e-06
2489010,"Klebsiella africana",63,4.55641888041122e-06,60.4,4.36667815111326e-06
2941327,"Flintibacter muris",62,4.48409477119834e-06,65.9,4.76767446955237e-06
2981724,"Alitiscatomonas aceti",61,4.41177066198546e-06,65.3,4.72105188517827e-06
41047,"Aspergillus thermomutatus",60,4.33944655277259e-06,57.4,4.14889942271734e-06
108981,"Acinetobacter schindleri",59,4.26712244355971e-06,74.6,5.39891722780177e-06
283354,"Alternaria metachromatica",59,4.26712244355971e-06,59.3,4.28860030913998e-06
3014267,"Agathobaculum massiliense",59,4.26712244355971e-06,62.3,4.50229274914866e-06
1768210,"Vagococcus martis",58,4.19479833434684e-06,77.6,5.6127315024298e-06
1259973,"Klebsiella electrica",58,4.19479833434684e-06,61.6,4.45641256661465e-06
630626,"Shimwellia blattae",57,4.12247422513396e-06,57.5,4.16093706573406e-06
29845,"Penicillium vulpinum",57,4.12247422513396e-06,56.2,4.06509229382937e-06
1602169,"Prevotella pectinovora",57,4.12247422513396e-06,51.2,3.70544590358171e-06
1917868,"Blautia marasmi",57,4.12247422513396e-06,56.5,4.08582856053465e-06
1305,"Streptococcus sanguinis",57,4.12247422513396e-06,56.8,4.10968191647599e-06
2579922,"Pseudomonas yangonensis",56,4.05015011592108e-06,65.4,4.73353238836024e-06
2763670,"Wujia chipingensis",55,3.97782600670821e-06,50.8,3.6709476470974e-06
2839743,"Hominibacterium faecale",55,3.97782600670821e-06,57.1,4.12974257059807e-06
1472417,"Butyricimonas paravirosa",55,3.97782600670821e-06,59.1,4.27755046409719e-06
2817477,"Bacillus paramobilis",55,3.97782600670821e-06,48,3.46939109575778e-06
1117379,"Neobacillus bataviensis",54,3.90550189749533e-06,57.4,4.15385366703368e-06
2015901,"Massilicoli timonensis",54,3.90550189749533e-06,52.6,3.80467820398004e-06
1720195,"Gabonibacter massiliensis",53,3.83317778828245e-06,52.6,3.801107212543e-06
1891279,"Thalassospira indica",53,3.83317778828245e-06,60.3,4.36120467010932e-06
1912855,"Faecalimonas umbilicata",53,3.83317778828245e-06,52.8,3.81849049718002e-06
202956,"Acinetobacter towneri",52,3.76085367906958e-06,68.3,4.93721015116047e-06
2921185,"Rosenbergiella metrosideri",52,3.76085367906958e-06,52,3.76085966308774e-06
1852381,"Duodenibacillus massiliensis",52,3.76085367906958e-06,52,3.76263588789876e-06
999415,"Eggerthia catenaformis",51,3.6885295698567e-06,49.9,3.61235541752999e-06
2763056,"Oscillibacter hominis",51,3.6885295698567e-06,59.8,4.32367545035988e-06
508451,"Lactobacillus taiwanensis",51,3.6885295698567e-06,51,3.68922423669676e-06
2888525,"Thermomonas alba",51,3.6885295698567e-06,49.7,3.59553761220535e-06
2983392,"Bacillus pretiosus",51,3.6885295698567e-06,58.7,4.24198754285523e-06
29389,"Streptococcus alactolyticus",51,3.6885295698567e-06,51.6,3.734770910143e-06
310300,"Bacteroides pyogenes",51,3.6885295698567e-06,50.3,3.63792082930471e-06
44008,"Enterococcus cecorum",51,3.6885295698567e-06,52.3,3.7813418846031e-06
1341132,"Aspergillus welwitschiae",50,3.61620546064382e-06,48.3,3.49578119866749e-06
270249,"Bartonella phoceensis",50,3.61620546064382e-06,53.1,3.84237367966246e-06
2585118,"Alistipes communis",49,3.54388135143095e-06,49.3,3.56457331679765e-06
1982626,"Faecalibacillus intestinalis",49,3.54388135143095e-06,47.1,3.40981634397038e-06
2126740,"Clostridium fessum",49,3.54388135143095e-06,45.2,3.26688728078211e-06
192222,"Campylobacter jejuni",48,3.47155724221807e-06,48,3.47082896662276e-06
2779351,"Claveliimonas monacensis",48,3.47155724221807e-06,91.8,6.63943870816757e-06
1463165,"Klebsiella quasipneumoniae",47,3.39923313300519e-06,49.4,3.57027053366235e-06
40994,"Penicillium hordei",47,3.39923313300519e-06,50,3.61353073381742e-06
1907654,"Collinsella bouchesdurhonensis",46,3.32690902379232e-06,45.5,3.29088472499459e-06
1423758,"Lactobacillus hominis",45,3.25458491457944e-06,45.5,3.29095748735693e-06
78343,"Bifidobacterium boum",45,3.25458491457944e-06,44.4,3.21307134513937e-06
2763067,"Streptococcus hominis",45,3.25458491457944e-06,44.4,3.20932970448785e-06
1871018,"Angelakisella massiliensis",45,3.25458491457944e-06,39.9,2.88265416974663e-06
2219695,"Luxibacter massiliensis",45,3.25458491457944e-06,60,4.34068452047474e-06
28119,"Bacteroides zoogleoformans",43,3.10993669615369e-06,43.1,3.11844250688842e-06
39480,"Andreesenia angusta",42,3.03761258694081e-06,41.5,3.00306367826204e-06
2726362,"Faecalicatena faecalis",42,3.03761258694081e-06,41.5,3.00259596826972e-06
2714355,"Vescimonas coprocola",42,3.03761258694081e-06,58.6,4.2348347650418e-06
3133167,"Faecousia intestinalis",42,3.03761258694081e-06,73.7,5.32970766914972e-06
3133091,"unknown genome; accession ID isNZ_JBBMER010000003.1",42,3.03761258694081e-06,42,3.03761742018625e-06
NA,"unknown genome; accession ID isNZ_CP012480.1",41,2.96528847772794e-06,42.3,3.0602850626469e-06
537011,"Segatella copri",41,2.96528847772794e-06,40.4,2.92187535520099e-06
268346,"Penicillium mononematosum",41,2.96528847772794e-06,41.4,2.99689359781908e-06
2086575,"Parabacteroides pacaensis",41,2.96528847772794e-06,41,2.96208782467999e-06
61648,"Kluyvera intermedia",40,2.89296436851506e-06,50.6,3.66277624420083e-06
2763658,"Ligaoa zhengdingensis",40,2.89296436851506e-06,43.3,3.13514753943204e-06
2945989,"Lutimaribacter degradans",40,2.89296436851506e-06,45.9,3.31930348397337e-06
283942,"Idiomarina loihiensis",39,2.82064025930218e-06,46.3,3.34628408309607e-06
2763678,"Youxingia wuxianensis",39,2.82064025930218e-06,35.2,2.54600653772817e-06
2841504,"Dysosmobacter acutus",39,2.82064025930218e-06,40.9,2.95695097608619e-06
2896850,"Phocaeicola oris",39,2.82064025930218e-06,39,2.82072315222332e-06
3095079,"Streptococcus jiangnanensis",39,2.82064025930218e-06,41,2.96415873606524e-06
596329,"Peptostreptococcus anaerobius",38,2.74831615008931e-06,48.2,3.48594124031082e-06
1121333,"Thomasclavelia saccharogumia",38,2.74831615008931e-06,38.5,2.78530165184068e-06
1650661,"Clostridium phoceensis",38,2.74831615008931e-06,32.5,2.35324320936443e-06
2320100,"Parablautia intestinalis",38,2.74831615008931e-06,37.8,2.73113656372581e-06
2044587,"Schaedlerella arabinosiphila",38,2.74831615008931e-06,39,2.82062608393979e-06
48076,"Marinobacterium iners",38,2.74831615008931e-06,48.8,3.52942971555419e-06
2881052,"Methylophaga pinxianii",38,2.74831615008931e-06,47.4,3.42572767129829e-06
767769,"Aspergillus brasiliensis",37,2.67599204087643e-06,39.2,2.83406440163986e-06
1194168,"Comamonas jiangduensis",37,2.67599204087643e-06,53.2,3.84404333348699e-06
3095082,"Streptococcus fermentans",37,2.67599204087643e-06,43.1,3.11603896935123e-06
1841856,"Bacteroides mediterraneensis",37,2.67599204087643e-06,34.5,2.49804242235792e-06
1160095,"Vagococcus entomophilus",36,2.60366793166355e-06,36,2.60367207444536e-06
2925781,"Rheinheimera metallidurans",36,2.60366793166355e-06,43.7,3.15940954483038e-06
1234382,"Thauera phenylacetica",35,2.53134382245068e-06,39.9,2.88267122734493e-06
27334,"Penicillium expansum",35,2.53134382245068e-06,34.7,2.51260148264709e-06
1347366,"Clostridium massiliamazoniense",35,2.53134382245068e-06,35,2.53389396143866e-06
1816689,"Sutterella massiliensis",35,2.53134382245068e-06,33.5,2.41929685301396e-06
169435,"Anaerotruncus colihominis",35,2.53134382245068e-06,35.2,2.5460690420308e-06
436663,"Sphingopyxis indica",35,2.53134382245068e-06,29.5,2.13253806003264e-06
46503,"Parabacteroides merdae",35,2.53134382245068e-06,35.4,2.55755410161562e-06
667120,"Edwardsiella anguillarum",34,2.4590197132378e-06,48.8,3.52878709423886e-06
1393034,"Atopobium deltae",34,2.4590197132378e-06,27.8,2.01276608985966e-06
1392255,"Aspergillus novofumigatus",34,2.4590197132378e-06,34.4,2.48691186611422e-06
2583810,"Alteribacter natronophilus",34,2.4590197132378e-06,33.5,2.42115500013703e-06
1522,"[Clostridium] innocuum",34,2.4590197132378e-06,31.7,2.29275175243234e-06
3097367,"Actinomadura monticuli",34,2.4590197132378e-06,34.9,2.52551585679647e-06
46867,"Clostridium chauvoei",32,2.31437149481205e-06,32,2.31730783920074e-06
39496,"Eubacterium ventriosum",32,2.31437149481205e-06,32.7,2.36680676071191e-06
1932,"Streptomyces tendae",32,2.31437149481205e-06,49.7,3.59364890004359e-06
2780922,"Solibaculum mannosilyticum",32,2.31437149481205e-06,32.8,2.37409284862732e-06
3034352,"Enterococcus entomosocium",32,2.31437149481205e-06,30.2,2.1838879237488e-06
3074433,"Vallitalea maricola",32,2.31437149481205e-06,31.2,2.25768444347624e-06
3095078,"Streptococcus wuxiensis",32,2.31437149481205e-06,41.7,3.01808528895362e-06
2665155,"Streptomyces flavalbus",32,2.31437149481205e-06,32.3,2.33316222165026e-06
1812935,"Enterobacter roggenkampii",31,2.24204738559917e-06,30.4,2.20202922205795e-06
1653435,"Merdimonas faecis",31,2.24204738559917e-06,35.6,2.57517918335774e-06
1805431,"Enterococcus saigonensis",31,2.24204738559917e-06,28.8,2.0857920521312e-06
133448,"Citrobacter youngae",31,2.24204738559917e-06,36.2,2.62099021794714e-06
1516126,"Dysgonomonas termitidis",31,2.24204738559917e-06,28,2.02241645703187e-06
1336250,"Hallella seregens",30,2.16972327638629e-06,30,2.16972749499619e-06
91492,"Aspergillus udagawae",30,2.16972327638629e-06,31.9,2.30470517847877e-06
2739389,"Phocaeicola faecicola",30,2.16972327638629e-06,32,2.31149233188285e-06
3073100,"Candidatus Cetobacterium colombiensis",30,2.16972327638629e-06,29.8,2.15828183249105e-06
2530391,"Duncaniella freteri",29,2.09739916717342e-06,29,2.09795745581311e-06
2841509,"Butyricicoccus intestinisimiae",29,2.09739916717342e-06,28.9,2.08798562466015e-06
2927804,"Marinobacterium sedimentorum",29,2.09739916717342e-06,29.1,2.10753232095355e-06
1123311,"Streptococcus orisratti",28,2.02507505796054e-06,28.1,2.03362981051038e-06
1158604,"Enterococcus villorum",28,2.02507505796054e-06,33,2.38701813140788e-06
1550024,"Ruthenibacterium lactatiformans",28,2.02507505796054e-06,28.9,2.09123505819793e-06
126998,"Penicillium bovifimosum",28,2.02507505796054e-06,27.9,2.01967302572982e-06
1120978,"Allofustis seminis",27,1.95275094874766e-06,31.3,2.2646243268054e-06
1423739,"Lentilactobacillus diolivorans",27,1.95275094874766e-06,27,1.95616504501051e-06
1918949,"Solemya elarraichensis gill symbiont",27,1.95275094874766e-06,28.3,2.04874729319727e-06
2763050,"Hungatella hominis",27,1.95275094874766e-06,31.8,2.29867945591663e-06
2763063,"Roseburia yibonii",27,1.95275094874766e-06,27.3,1.97434868316724e-06
742817,"Odoribacter laneus",26,1.88042683953479e-06,25.3,1.82933228980027e-06
51665,"Aerococcus urinaeequi",26,1.88042683953479e-06,23.6,1.70828246175117e-06
2685834,"Parabacteroides chongii",26,1.88042683953479e-06,29.1,2.10534281518639e-06
40837,"Mycoplana ramosa",26,1.88042683953479e-06,32.3,2.33543532241007e-06
1675036,"Megasphaera hexanoica",26,1.88042683953479e-06,27.1,1.96246796189547e-06
1903263,"Traorella massiliensis",26,1.88042683953479e-06,28.8,2.08301322721478e-06
1328,"Streptococcus anginosus",26,1.88042683953479e-06,28.2,2.03912936975268e-06
679200,"Johnsonella ignava",25,1.80810273032191e-06,25.2,1.82600025623296e-06
33945,"Enterococcus avium",25,1.80810273032191e-06,37.8,2.73373718125339e-06
2304063,"Sphingobium terrigena",25,1.80810273032191e-06,25.2,1.82347198863246e-06
2494702,"Enterobacter huaxiensis",25,1.80810273032191e-06,25,1.80881897192177e-06
1796636,"Frisingicoccus caecimuris",25,1.80810273032191e-06,24.4,1.76472844595567e-06
2791986,"Limnobaculum allomyrinae",25,1.80810273032191e-06,25,1.80810560725372e-06
1255705,"Bavariicoccus seileri",24,1.73577862110904e-06,23.3,1.68515451403849e-06
880526,"Rikenella microfusus",24,1.73577862110904e-06,24.2,1.75013836112087e-06
1517512,"Aspergillus pseudoviridinutans",24,1.73577862110904e-06,24.5,1.7731297195773e-06
33918,"Microbacterium maritypicum",24,1.73577862110904e-06,24.8,1.79721219968946e-06
679190,"Hoylesella buccalis",24,1.73577862110904e-06,24.2,1.75044276307236e-06
2981793,"Phocaeicola fibrisolvens",24,1.73577862110904e-06,25.9,1.87041912573954e-06
3035606,"Catenibacterium mitsuokai",24,1.73577862110904e-06,24.5,1.76857406576884e-06
3040937,"Raoultella scottii",24,1.73577862110904e-06,23,1.66427897642087e-06
416874,"Vreelandella subterranea",24,1.73577862110904e-06,21.3,1.54108007091697e-06
1870999,"Metaprevotella massiliensis",24,1.73577862110904e-06,26.2,1.89364845488819e-06
370354,"Entamoeba dispar",23,1.66345451189616e-06,23.2,1.67913014249866e-06
676599,"Stenotrophomonas panacihumi",23,1.66345451189616e-06,23.6,1.70474826128913e-06
2763059,"Pseudoflavonifractor hominis",23,1.66345451189616e-06,24.8,1.79587750209029e-06
2763659,"Fumia xinanensis",23,1.66345451189616e-06,27.5,1.99167432709397e-06
2590157,"Klebsiella variicola",23,1.66345451189616e-06,27,1.95102365927854e-06
2885357,"Hominenteromicrobium mulieris",23,1.66345451189616e-06,24.1,1.74097886623664e-06
2981779,"Anaerostipes amylophilus",23,1.66345451189616e-06,23.2,1.67799157778498e-06
1882272,"Penicillium samsonianum",23,1.66345451189616e-06,21.9,1.58195266144401e-06
2725494,"Kluyvera sichuanensis",23,1.66345451189616e-06,24.7,1.78866245436975e-06
1121950,"Hespellia stercorisuis",23,1.66345451189616e-06,24.1,1.73994721638831e-06
2364791,"Enterococcus mediterraneensis",23,1.66345451189616e-06,23.1,1.66821084202045e-06
29367,"Clostridium puniceum",22,1.59113040268328e-06,21.9,1.58063422229961e-06
61420,"Aspergillus caelatus",22,1.59113040268328e-06,22,1.59113293438328e-06
1646340,"Kosakonia pseudosacchari",22,1.59113040268328e-06,21.5,1.55823821806805e-06
544580,"Actinomyces oris",22,1.59113040268328e-06,24.9,1.79729894499111e-06
67824,"Citrobacter farmeri",22,1.59113040268328e-06,22.1,1.59850082917346e-06
2924040,"Parabacteroides faecalis",22,1.59113040268328e-06,21.7,1.56605283927544e-06
33039,"[Ruminococcus] torques",22,1.59113040268328e-06,24,1.73255589180001e-06
3378067,"Butyricimonas sp. GBGM4",22,1.59113040268328e-06,22.3,1.60996804943236e-06
693979,"Bacteroides helcogenes",21,1.51880629347041e-06,21.1,1.52602379044145e-06
1570016,"Thioflexithrix psekupsensis",21,1.51880629347041e-06,26.2,1.89495925798784e-06
242230,"Eggerthella sinensis",21,1.51880629347041e-06,21.2,1.53246133000969e-06
1968889,"Streptococcus downii",21,1.51880629347041e-06,25.8,1.86531612352339e-06
1841864,"Marseilla massiliensis",21,1.51880629347041e-06,21.2,1.53149663587128e-06
2100822,"Kushneria phyllosphaerae",21,1.51880629347041e-06,22.5,1.63021451998818e-06
546269,"Filifactor alocis",20,1.44648218425753e-06,19.8,1.43209789415546e-06
411467,"Pseudoflavonifractor capillosus",20,1.44648218425753e-06,20.6,1.4874320487982e-06
94643,"Besnoitia besnoiti",20,1.44648218425753e-06,21.3,1.54365945003093e-06
1504,"Clostridium septicum",20,1.44648218425753e-06,21,1.5218473356692e-06
2316736,"Corallococcus exercitus",20,1.44648218425753e-06,20,1.44680072703451e-06
2763644,"Zhenpiania hominis",20,1.44648218425753e-06,20.2,1.46368983784435e-06
1812259,"Streptomyces ginkgonis",20,1.44648218425753e-06,20.9,1.51345624383576e-06
2981788,"Dorea ammoniilytica",20,1.44648218425753e-06,22.5,1.62763558363089e-06
2758443,"Mixta mediterraneensis",20,1.44648218425753e-06,20.1,1.45308871869064e-06
1559,"Clostridium tertium",20,1.44648218425753e-06,19.3,1.39806283947273e-06
1157987,"Paenalcaligenes hermetiae",20,1.44648218425753e-06,21.4,1.54732387411638e-06
3133165,"Solibaculum intestinale",20,1.44648218425753e-06,21.7,1.56991276091236e-06
653733,"Desulfurispirillum indicum",19,1.37415807504465e-06,20.4,1.47494115987142e-06
873447,"Streptococcus parauberis",19,1.37415807504465e-06,18.6,1.34388942513776e-06
536227,"Clostridium carboxidivorans",19,1.37415807504465e-06,18.9,1.36970883320322e-06
1928661,"Bradyrhizobium cajani",19,1.37415807504465e-06,17.6,1.27581590246027e-06
40041,"Streptococcus equi",19,1.37415807504465e-06,19,1.3755852960797e-06
36651,"Penicillium digitatum",19,1.37415807504465e-06,19.2,1.38509312881867e-06
2819233,"Microvirga antarctica",19,1.37415807504465e-06,19,1.37704736622191e-06
2587529,"Klebsiella pasteurii",19,1.37415807504465e-06,19,1.37605545625755e-06
1585982,"Citrobacter bitternis",19,1.37415807504465e-06,19,1.37500370201756e-06
1852387,"Streptococcus timonensis",19,1.37415807504465e-06,27.7,2.00603322383293e-06
518634,"Bifidobacterium breve",18,1.30183396583178e-06,17.4,1.2588824398872e-06
2606637,"Hallella mizrahii",18,1.30183396583178e-06,17.7,1.28327578121849e-06
2834113,"Alistipes montrealensis",18,1.30183396583178e-06,18,1.30183604897758e-06
3133091,"unknown genome; accession ID isNZ_JBBMER010000008.1",18,1.30183396583178e-06,19,1.37251367562466e-06
1114964,"Sphingobium baderi",17,1.2295098566189e-06,25,1.80782102912145e-06
252393,"Candidatus Erwinia dacicola",17,1.2295098566189e-06,16.8,1.21703456699555e-06
150033,"Enterococcus ratti",17,1.2295098566189e-06,17.1,1.23877245139583e-06
1502943,"Veillonella seminalis",17,1.2295098566189e-06,17.4,1.25808964763248e-06
2546350,"Citrobacter arsenatis",17,1.2295098566189e-06,17,1.22666008978924e-06
1867774,"Aliidongia dinghuensis",17,1.2295098566189e-06,17.3,1.25432699196039e-06
2849492,"Geopseudomonas aromaticivorans",17,1.2295098566189e-06,16.8,1.21843889474831e-06
2834432,"Bifidobacterium pongonis",17,1.2295098566189e-06,12,8.6527261455054e-07
361500,"Anaerococcus degeneri",17,1.2295098566189e-06,21.3,1.54265329155992e-06
3082388,"Corallococcus caeni",17,1.2295098566189e-06,17,1.22951184157785e-06
1002367,"Leyella stercorea",16,1.15718574740602e-06,17.5,1.26681236306735e-06
1129374,"Alishewanella jeotgali",16,1.15718574740602e-06,13.9,1.00464272526183e-06
2019569,"Alloalcanivorax mobilis",16,1.15718574740602e-06,17.9,1.29441064983913e-06
460384,"Enterocloster lavalensis",16,1.15718574740602e-06,16.6,1.20184673363806e-06
1433513,"Streptococcus gwangjuensis",16,1.15718574740602e-06,17.2,1.24052199495141e-06
2899544,"Intestinirhabdus alba",16,1.15718574740602e-06,15.8,1.14590763808569e-06
35703,"Citrobacter amalonaticus",16,1.15718574740602e-06,15.6,1.12848801723211e-06
115551,"Vreelandella neptunia",16,1.15718574740602e-06,15.2,1.1026964956734e-06
1914243,"Citrobacter europaeus",16,1.15718574740602e-06,15.9,1.14692821932725e-06
2860290,"Stenotrophomonas sepilia",16,1.15718574740602e-06,16,1.15887797623327e-06
1871002,"Acidaminococcus timonensis",16,1.15718574740602e-06,16,1.1577346939246e-06
2941233,"Acetatifactor aquisgranensis",16,1.15718574740602e-06,16,1.15869196631567e-06
565655,"Enterococcus casseliflavus",15,1.08486163819315e-06,16.6,1.20155998830412e-06
1414851,"Pelistega indica",15,1.08486163819315e-06,16.2,1.17123993765599e-06
36847,"Anaerotignum neopropionicum",15,1.08486163819315e-06,21,1.51659570370255e-06
1450537,"Aspergillus homomorphus",15,1.08486163819315e-06,15,1.08495002839827e-06
83891,"Trypanosoma conorhini",15,1.08486163819315e-06,15,1.08561134986808e-06
1494462,"Lactococcus hircilactis",15,1.08486163819315e-06,13.7,9.87554927994164e-07
93378,"Edwardsiella hoshinae",15,1.08486163819315e-06,15.1,1.0909589961517e-06
2816080,"Alicyclobacillus suci",15,1.08486163819315e-06,15,1.08486336435223e-06
476272,"Blautia hydrogenotrophica",15,1.08486163819315e-06,16.5,1.19187430189339e-06
2991833,"Limosilactobacillus pulli",15,1.08486163819315e-06,15.1,1.09375501059184e-06
1123279,"Spongiibacter tropicus",14,1.01253752898027e-06,14.1,1.02134099613232e-06
1720300,"Mediterraneibacter massiliensis",14,1.01253752898027e-06,13.8,9.97484245481193e-07
2136183,"Acinetobacter sichuanensis",14,1.01253752898027e-06,12.9,9.29786747362311e-07
2607659,"Nocardioides antri",14,1.01253752898027e-06,14.3,1.03548491880577e-06
2071710,"Enterobacter sichuanensis",14,1.01253752898027e-06,14.2,1.024353479629e-06
2652293,"Hornefia butyriciproducens",14,1.01253752898027e-06,14,1.01301224368119e-06
2604158,"Nitratidesulfovibrio liaohensis",14,1.01253752898027e-06,14,1.0125391407824e-06
2763664,"Jutongia hominis",14,1.01253752898027e-06,15.8,1.14037927953104e-06
2762213,"Phocaeicola faecium",14,1.01253752898027e-06,15.8,1.14420474595509e-06
2914984,"Brenneria tiliae",14,1.01253752898027e-06,14.7,1.06384753698719e-06
2981720,"Bovifimicola ammoniilytica",14,1.01253752898027e-06,18.3,1.32585866113286e-06
2981778,"Agathobaculum ammoniilyticum",14,1.01253752898027e-06,11.2,8.08408804549613e-07
3142973,"Thermohahella caldifontis",14,1.01253752898027e-06,18.1,1.3056553922148e-06
575,"Raoultella planticola",13,9.40213419767394e-07,12,8.68854009594389e-07
2211183,"Evtepia gabavorous",13,9.40213419767394e-07,12.4,8.99837687139654e-07
2763057,"Parabacteroides hominis",13,9.40213419767394e-07,13.3,9.64613027908199e-07
40545,"Sutterella wadsworthensis",13,9.40213419767394e-07,13.7,9.9061433090449e-07
273372,"Candida metapsilosis",13,9.40213419767394e-07,12.3,8.89406151834336e-07
147206,"Collinsella stercoris",13,9.40213419767394e-07,14,1.01348264195431e-06
1792511,"Penicillium robsamsonii",13,9.40213419767394e-07,15,1.08343871886025e-06
3034501,"Enterococcus spodopteracolus",13,9.40213419767394e-07,14.3,1.03681572301324e-06
173856,"Streptomyces luteosporeus",13,9.40213419767394e-07,12.7,9.20550850992146e-07
1297750,"Bacteroides luti",13,9.40213419767394e-07,11.2,8.12128096894798e-07
2590867,"Enorma burkinafasonensis",13,9.40213419767394e-07,17,1.23036808199561e-06
477666,"Bacteroides graminisolvens",13,9.40213419767394e-07,12.5,9.06569340561229e-07
1640685,"Enterococcus massiliensis",12,8.67889310554518e-07,13.6,9.86675248821529e-07
1945581,"Chryseobacterium mucoviscidosis",12,8.67889310554518e-07,12,8.67951899865214e-07
987063,"Pseudoscardovia suis",12,8.67889310554518e-07,12,8.67890691481787e-07
2338368,"Alcanivorax profundi",12,8.67889310554518e-07,13.5,9.76159614933533e-07
633807,"Vagococcus penaei",12,8.67889310554518e-07,13.4,9.71219835830354e-07
2763676,"Qingrenia yutianensis",12,8.67889310554518e-07,12,8.69059569288123e-07
225991,"Comamonas aquatica",12,8.67889310554518e-07,11.2,8.09653249871171e-07
2877527,"Blautia parvula",12,8.67889310554518e-07,12.5,9.05358901588019e-07
2909341,"Octadecabacter dasysiphoniae",12,8.67889310554518e-07,12.1,8.76517489101277e-07
2899785,"Huaxiibacter chinensis",12,8.67889310554518e-07,12,8.67539219935934e-07
2944915,"Coprobacter tertius",12,8.67889310554518e-07,11.5,8.34756247222139e-07
2026189,"Bacillus albus",12,8.67889310554518e-07,11.8,8.50429301222066e-07
3075529,"Streptomyces gibsoniae",12,8.67889310554518e-07,11.6,8.4170647713261e-07
3069269,"Lactiplantibacillus brownii",12,8.67889310554518e-07,9.4,6.8066699342449e-07
1944636,"Parabacteroides provencensis",12,8.67889310554518e-07,12,8.70557614601899e-07
889201,"Streptococcus cristatus",12,8.67889310554518e-07,15.3,1.10829357007306e-06
149016,"Streptococcus urinalis",12,8.67889310554518e-07,12.1,8.77229430846572e-07
1177154,"Alcanivorax nanhaiticus",11,7.95565201341641e-07,15.1,1.08910661047825e-06
1150423,"Bifidobacterium dentium",11,7.95565201341641e-07,10.7,7.73872498747407e-07
1377,"Aerococcus viridans",11,7.95565201341641e-07,13.2,9.57403554662835e-07
471189,"Gordonibacter pamelaeae",11,7.95565201341641e-07,11,7.95583929256493e-07
1720294,"Eisenbergiella massiliensis",11,7.95565201341641e-07,16.4,1.18875825711487e-06
2572245,"Thalassotalea mangrovi",11,7.95565201341641e-07,13.2,9.57672946137788e-07
283686,"Kosakonia radicincitans",11,7.95565201341641e-07,10.6,7.66544640549624e-07
1506151,"Aspergillus pseudonomiae",11,7.95565201341641e-07,10.5,7.62561042942886e-07
2605790,"Roseburia porci",11,7.95565201341641e-07,12.3,8.886604535626e-07
394095,"Pyxidicoccus fallax",11,7.95565201341641e-07,9.8,7.05293694182151e-07
2763058,"Parabacteroides segnis",11,7.95565201341641e-07,11.3,8.15825988950782e-07
1769424,"Limosilactobacillus caviae",11,7.95565201341641e-07,11,7.95566467191638e-07
5083,"Penicillium canescens",11,7.95565201341641e-07,10.8,7.82488023458777e-07
59298,"Streptomyces thermocarboxydovorans",11,7.95565201341641e-07,11,7.97457941817633e-07
333963,"Leucobacter iarius",11,7.95565201341641e-07,12.2,8.84013338969468e-07
165758,"Streptococcus gallinaceus",11,7.95565201341641e-07,11.4,8.26497841187042e-07
2781224,"Neodothiora populina",11,7.95565201341641e-07,11,7.9616132186157e-07
1994,"Actinomadura rugatobispora",11,7.95565201341641e-07,11.1,8.02676156862662e-07
1852370,"Prevotellamassilia timonensis",11,7.95565201341641e-07,11,7.94425100217003e-07
1340,"Streptococcus porcinus",11,7.95565201341641e-07,11.9,8.63852288987421e-07
2941515,"Otoolea muris",11,7.95565201341641e-07,11.2,8.10658399889548e-07
5061,"Aspergillus niger",10,7.23241092128765e-07,9.2,6.62384366321749e-07
176090,"Streptococcus sinensis",10,7.23241092128765e-07,12,8.69841373159629e-07
1505,"Paraclostridium sordellii",10,7.23241092128765e-07,11.1,8.01551312203323e-07
2026190,"Bacillus mobilis",10,7.23241092128765e-07,11.7,8.42708530981582e-07
2174932,"Nesterenkonia natronophila",10,7.23241092128765e-07,10.6,7.65122606139821e-07
2529382,"Enterobacter quasihormaechei",10,7.23241092128765e-07,9.9,7.13338426222624e-07
2562449,"Citrobacter tructae",10,7.23241092128765e-07,12.7,9.16234963640901e-07
2606709,"Baileyella intestinalis",10,7.23241092128765e-07,9.7,7.03204441534925e-07
2606629,"Floccifex porci",10,7.23241092128765e-07,10,7.24149752377884e-07
1936207,"Streptococcus ovuberis",10,7.23241092128765e-07,10,7.24400875076179e-07
2213162,"Streptomyces alkaliterrae",10,7.23241092128765e-07,10,7.23743899212985e-07
2763662,"Yeguia hominis",10,7.23241092128765e-07,10.1,7.28145606157383e-07
33037,"Anaerococcus vaginalis",10,7.23241092128765e-07,5.7,4.09673371437438e-07
1287640,"Anaerococcus obesiensis",10,7.23241092128765e-07,5.7,4.09673371437438e-07
2582914,"Alcaligenes ammonioxydans",10,7.23241092128765e-07,12.3,8.87126943420762e-07
1263550,"Edwardsiella piscicida",10,7.23241092128765e-07,9.7,6.98757076246229e-07
246144,"Enterococcus italicus",10,7.23241092128765e-07,14.8,1.06742143353939e-06
1187928,"Alternaria incomplexa",10,7.23241092128765e-07,12.2,8.78747757310226e-07
2963283,"Stenotrophomonas muris",10,7.23241092128765e-07,10,7.23242242901489e-07
208223,"Kosakonia cowanii",10,7.23241092128765e-07,9.6,6.91127419002376e-07
2871169,"Stenotrophomonas forensis",10,7.23241092128765e-07,9.7,6.99032504987363e-07
658666,"Bacillus bombysepticus",10,7.23241092128765e-07,9.3,6.73948904757659e-07
502577,"Actinoallomurus acaciae",10,7.23241092128765e-07,10,7.23867372772974e-07
1670621,"Saccharothrix lopnurensis",10,7.23241092128765e-07,12.3,8.87631211258712e-07
187979,"Mitsuokella jalaludinii",10,7.23241092128765e-07,10,7.22830683027319e-07
592026,"Catonella morbi",9,6.50916982915888e-07,9.3,6.72586819249302e-07
889204,"Streptococcus infantis",9,6.50916982915888e-07,12.4,8.98083302787627e-07
1295826,"Lactococcus cremoris",9,6.50916982915888e-07,9.7,7.01476735404351e-07
1121112,"Bifidobacterium tsurumiense",9,6.50916982915888e-07,9,6.5091801861134e-07
578459,"Rhodotorula graminis",9,6.50916982915888e-07,8.2,5.90127696301114e-07
1561,"Clostridium baratii",9,6.50916982915888e-07,9,6.51013365825385e-07
61171,"Holdemania filiformis",9,6.50916982915888e-07,9.7,7.03612014426865e-07
2797506,"Enterobacter dykesii",9,6.50916982915888e-07,9.5,6.87792426336345e-07
57706,"Citrobacter braakii",9,6.50916982915888e-07,9.9,7.12984111006665e-07
2763054,"Mediterraneibacter hominis",9,6.50916982915888e-07,9,6.51017040479348e-07
1334,"Streptococcus dysgalactiae",9,6.50916982915888e-07,9,6.54217705935483e-07
182096,"Aspergillus chevalieri",9,6.50916982915888e-07,7.7,5.56940620517098e-07
2812000,"Pseudomonas hygromyciniae",9,6.50916982915888e-07,10,7.23604029183678e-07
2981721,"Brotomerdimonas butyrica",9,6.50916982915888e-07,10.1,7.30886206656666e-07
3117701,"Niabella digestorum",9,6.50916982915888e-07,10.1,7.28254804490266e-07
33053,"Neisseria perflava",9,6.50916982915888e-07,9.8,7.09176710654252e-07
3381660,"Candidatus Clostridium helianthi",9,6.50916982915888e-07,9.1,6.5790533888441e-07
219574,"Pseudomonas proteolytica",9,6.50916982915888e-07,12.6,9.08559900879746e-07
295089,"Pontixanthobacter luteolus",9,6.50916982915888e-07,10.8,7.78552598362582e-07
1775926,"Lodderomyces beijingensis",9,6.50916982915888e-07,8.2,5.92162912687233e-07
887899,"Mobiluncus holmesii",8,5.78592873703012e-07,8,5.78601326074827e-07
1005995,"Tatumella ptyseos",8,5.78592873703012e-07,7.8,5.64241545469819e-07
5857,"Plasmodium fragile",8,5.78592873703012e-07,8,5.79436444248949e-07
1218112,"Kluyvera cryocrescens",8,5.78592873703012e-07,7.7,5.56529953298335e-07
2487351,"Anaerosphaera multitolerans",8,5.78592873703012e-07,8,5.75978826026158e-07
51049,"Actinobacillus indolicus",8,5.78592873703012e-07,9.6,6.91659655653289e-07
2518971,"Duncaniella dubosii",8,5.78592873703012e-07,8,5.80776233878278e-07
1457217,"Lactiplantibacillus plajomi",8,5.78592873703012e-07,7.3,5.27573051666921e-07
437897,"Megamonas funiformis",8,5.78592873703012e-07,8.1,5.87582226709216e-07
2722702,"Salinimicrobium oceani",8,5.78592873703012e-07,9.5,6.87247225504135e-07
237576,"Oribacterium sinus",8,5.78592873703012e-07,9.2,6.68531310075905e-07
2763667,"Wansuia hejianensis",8,5.78592873703012e-07,8.4,6.10151135206342e-07
1756020,"Flavobacterium orientale",8,5.78592873703012e-07,8,5.78593794564858e-07
658225,"Sphingomonas glacialis",8,5.78592873703012e-07,8,5.7888480438674e-07
3051154,"Cedecea sulfonylureivorans",8,5.78592873703012e-07,8,5.80128824916781e-07
2714353,"Vescimonas fastidiosa",8,5.78592873703012e-07,9.5,6.87879785842061e-07
636,"Edwardsiella tarda",8,5.78592873703012e-07,8,5.75988352518424e-07
2949669,"Curtanaerobium respiraculi",8,5.78592873703012e-07,8,5.78593794321191e-07
2981773,"Muriventricola aceti",8,5.78592873703012e-07,8,5.80317160222849e-07
3002863,"Methanocorpusculum petauri",8,5.78592873703012e-07,7.6,5.49481997276347e-07
556548,"Corynebacterium freiburgense",8,5.78592873703012e-07,11.9,8.60812224067889e-07
2026188,"Bacillus tropicus",8,5.78592873703012e-07,7.1,5.13045633107039e-07
2582835,"Xenorhabdus littoralis",8,5.78592873703012e-07,8.1,5.8372920016396e-07
2053367,"Citroniella saccharovorans",8,5.78592873703012e-07,8.3,5.98556094904355e-07
1737,"Paraclostridium tenue",8,5.78592873703012e-07,9.9,7.16609026700609e-07
5088,"Thermoascus crustaceus",8,5.78592873703012e-07,8,5.78593794431627e-07
1871030,"Merdibacter massiliensis",8,5.78592873703012e-07,8.8,6.32865356866044e-07
610130,"Lacrimispora saccharolytica",7,5.06268764490135e-07,7.3,5.24413466005915e-07
1069534,"Ligilactobacillus ruminis",7,5.06268764490135e-07,7,5.06536818608024e-07
91928,"Exophiala spinifera",7,5.06268764490135e-07,7,5.06269570228309e-07
1876757,"Pseudomonas defluvii",7,5.06268764490135e-07,8.1,5.84143608925514e-07
1926881,"Izhakiella australiensis",7,5.06268764490135e-07,7.1,5.10408640076469e-07
1642702,"Paludifilum halophilum",7,5.06268764490135e-07,8.7,6.27646137800331e-07
2073160,"Acuticoccus kandeliae",7,5.06268764490135e-07,7,5.06273827038278e-07
67829,"Citrobacter murliniae",7,5.06268764490135e-07,7.4,5.32342935884072e-07
2584944,"Sutterella faecalis",7,5.06268764490135e-07,8,5.77368338645197e-07
2589786,"Streptococcus shenyangsis",7,5.06268764490135e-07,7.4,5.37512746081101e-07
2605638,"Bradyrhizobium hipponense",7,5.06268764490135e-07,7,5.06749138453871e-07
1292134,"Stenotrophomonas africana",7,5.06268764490135e-07,7.4,5.37321884076448e-07
2742993,"Anaerococcus faecalis",7,5.06268764490135e-07,6.9,4.9973857885544e-07
255616,"Haloferax sulfurifontis",7,5.06268764490135e-07,9.2,6.62430012895854e-07
1398493,"Pseudocitrobacter faecalis",7,5.06268764490135e-07,8.1,5.84058988727453e-07
1349415,"Streptococcus loxodontisalivarius",7,5.06268764490135e-07,7.1,5.11373924890587e-07
2891570,"Pseudocitrobacter corydidari",7,5.06268764490135e-07,7.1,5.10845001156178e-07
2919913,"Shinella sedimenti",7,5.06268764490135e-07,6.8,4.92603959970887e-07
2077090,"Vibrio gangliei",7,5.06268764490135e-07,9.3,6.749626951675e-07
2961893,"Pseudomonas triclosanedens",7,5.06268764490135e-07,8.4,6.05740768852306e-07
293559,"Penicillium concentricum",7,5.06268764490135e-07,6.8,4.88366532924564e-07
70096,"Penicillium cinerascens",7,5.06268764490135e-07,7.1,5.11636057172489e-07
1613,"Limosilactobacillus fermentum",7,5.06268764490135e-07,7.4,5.37796681419936e-07
3057057,"Brenneria uluponensis",7,5.06268764490135e-07,7,5.04040431198464e-07
78448,"Bifidobacterium pullorum",7,5.06268764490135e-07,7,5.06269584940169e-07
3133172,"Alistipes intestinihominis",7,5.06268764490135e-07,7.3,5.24520018990368e-07
1774958,"Rheinheimera marina",7,5.06268764490135e-07,11.7,8.47125110402025e-07
1776392,"Massilimicrobiota timonensis",7,5.06268764490135e-07,7.1,5.09974313143639e-07
NA,"unknown genome; accession ID isNZ_LT671675.1",7,5.06268764490135e-07,7.5,5.45178235772235e-07
1871008,"Eggerthella timonensis",7,5.06268764490135e-07,7.2,5.2148007678943e-07
1836972,"Frankia canadensis",7,5.06268764490135e-07,7.7,5.60330257836065e-07
487173,"Dialister succinatiphilus",7,5.06268764490135e-07,7.1,5.11907761445711e-07
510516,"Aspergillus oryzae",6,4.33944655277259e-07,6,4.33694634048109e-07
78346,"Bifidobacterium ruminantium",6,4.33944655277259e-07,6.3,4.54812725621243e-07
569365,"Cladophialophora immunda",6,4.33944655277259e-07,6,4.35728147957092e-07
45286,"Eremothecium sinecaudum",6,4.33944655277259e-07,6.3,4.55798131575892e-07
254056,"Fonsecaea monophora",6,4.33944655277259e-07,5.1,3.66036174018269e-07
1835702,"Penicillium arizonense",6,4.33944655277259e-07,6.7,4.82479007194605e-07
1891675,"Pantoea alhagi",6,4.33944655277259e-07,5.9,4.28917060896848e-07
317010,"Enterococcus canintestini",6,4.33944655277259e-07,6.1,4.39259365983733e-07
2042057,"Pectobacterium polaris",6,4.33944655277259e-07,6,4.31019819485251e-07
53346,"Enterococcus mundtii",6,4.33944655277259e-07,5.7,4.08645805550028e-07
1392250,"Aspergillus steynii",6,4.33944655277259e-07,5.6,4.08194915657313e-07
1982628,"Faecalibacillus faecis",6,4.33944655277259e-07,6.1,4.43504935434209e-07
2292441,"Paratractidigestivibacter faecalis",6,4.33944655277259e-07,6.7,4.85030066153569e-07
2486016,"Loigolactobacillus jiayinensis",6,4.33944655277259e-07,5.5,3.97068278119664e-07
2547833,"Palleronia sediminis",6,4.33944655277259e-07,5.1,3.70405972998853e-07
2559923,"Secundilactobacillus hailunensis",6,4.33944655277259e-07,5,3.63516188552292e-07
67296,"Streptomyces finlayi",6,4.33944655277259e-07,5.9,4.26661311205403e-07
2799638,"Tenebrionibacter intestinalis",6,4.33944655277259e-07,6,4.36911418912887e-07
1177169,"Alloalcanivorax marinus",6,4.33944655277259e-07,7.3,5.24972685276213e-07
2853160,"Streptococcus vulneris",6,4.33944655277259e-07,6.6,4.76504007736281e-07
2026187,"Bacillus pacificus",6,4.33944655277259e-07,6.6,4.77114468965299e-07
2938947,"Aliidiomarina quisquiliarum",6,4.33944655277259e-07,6.1,4.42212633119504e-07
151781,"Lactobacillus intestinalis",6,4.33944655277259e-07,6,4.33945345740894e-07
2926520,"Scandinavium manionii",6,4.33944655277259e-07,6.2,4.4774796035348e-07
214851,"Subdoligranulum variabile",6,4.33944655277259e-07,6.1,4.38847465083924e-07
3044208,"Fusibacillus kribbianus",6,4.33944655277259e-07,6,4.32858199459196e-07
2026193,"Bacillus nitratireducens",6,4.33944655277259e-07,6.2,4.45779111938778e-07
396014,"Brachybacterium phenoliresistens",6,4.33944655277259e-07,6,4.33945345740894e-07
3133178,"Flavonifractor hominis",6,4.33944655277259e-07,6.2,4.46145358109127e-07
69220,"Lelliottia nimipressuralis",6,4.33944655277259e-07,6,4.37481532567456e-07
3136601,"Owariibacterium komagatae",6,4.33944655277259e-07,8.6,6.22993862472949e-07
3367746,"Aeromonas sp. A-5",6,4.33944655277259e-07,6.6,4.75166707180742e-07
3376993,"Vescimonas sanitatis",6,4.33944655277259e-07,6.2,4.49111786598112e-07
1121025,"Atopostipes suicloacalis",6,4.33944655277259e-07,6.2,4.46138226430043e-07
1329,"Streptococcus canis",6,4.33944655277259e-07,6,4.36928438582449e-07
382638,"Helicobacter acinonychis",5,3.61620546064382e-07,5,3.64990934760489e-07
1034345,"Senegalimassilia anaerobia",5,3.61620546064382e-07,6,4.3043687783184e-07
742818,"Slackia piriformis",5,3.61620546064382e-07,5.1,3.65952361703199e-07
1095768,"Phytobacter massiliensis",5,3.61620546064382e-07,4.3,3.13418545618953e-07
1346791,"Sphingobium ummariense",5,3.61620546064382e-07,5.7,4.13550869014757e-07
1676614,"Xylanibacter rarus",5,3.61620546064382e-07,5.5,3.94452499878966e-07
1423749,"Limosilactobacillus gastricus",5,3.61620546064382e-07,5.2,3.78916183880195e-07
501571,"Butyricicoccus pullicaecorum",5,3.61620546064382e-07,5.1,3.65896137431969e-07
2024554,"Virgibacillus indicus",5,3.61620546064382e-07,5,3.61807208999412e-07
160453,"Enterococcus gilvus",5,3.61620546064382e-07,6.2,4.49859547529146e-07
2056311,"Algoriphagus lacus",5,3.61620546064382e-07,5.3,3.8685209311167e-07
665913,"Mixta calida",5,3.61620546064382e-07,5.8,4.16570989025575e-07
2026654,"Flavobacterium luteum",5,3.61620546064382e-07,5,3.61632154759639e-07
5059,"Aspergillus flavus",5,3.61620546064382e-07,5.6,4.05719623911166e-07
2606634,"Velocimicrobium porci",5,3.61620546064382e-07,5,3.64759910701924e-07
2583452,"Amedibacterium intestinale",5,3.61620546064382e-07,5,3.6170390810776e-07
2714950,"Tessaracoccus coleopterorum",5,3.61620546064382e-07,5.3,3.80518532328459e-07
2675325,"Bifidobacterium erythrocebi",5,3.61620546064382e-07,10.1,7.27385118773145e-07
315405,"Streptococcus gallolyticus",5,3.61620546064382e-07,4.7,3.4285510590998e-07
42260,"Zygotorulaspora mrakii",5,3.61620546064382e-07,6.3,4.53800160966346e-07
33959,"Lactobacillus johnsonii",5,3.61620546064382e-07,5,3.61713335079479e-07
1485586,"Streptomyces calidiresistens",5,3.61620546064382e-07,5,3.61657956593229e-07
2763053,"Lawsonibacter hominis",5,3.61620546064382e-07,5.8,4.16227023281684e-07
2763666,"Zhenhengia yiwuensis",5,3.61620546064382e-07,5,3.61621291780215e-07
68238,"Streptomyces minutiscleroticus",5,3.61620546064382e-07,5,3.61770262997321e-07
2740579,"Streptococcus vicugnae",5,3.61620546064382e-07,5,3.61649273198471e-07
990412,"Limosilactobacillus alvi",5,3.61620546064382e-07,5,3.62156760178348e-07
2697499,"Dietzia massiliensis",5,3.61620546064382e-07,5,3.62463265239125e-07
2850322,"Diplocloster modestus",5,3.61620546064382e-07,5.1,3.71052288205067e-07
1437816,"Methylopila turkensis",5,3.61620546064382e-07,5.7,4.15112215756899e-07
63820,"Penicillium chermesinum",5,3.61620546064382e-07,5,3.61621134429792e-07
379893,"Trabulsiella odontotermitis",5,3.61620546064382e-07,5.9,4.27328923893442e-07
685,"Vibrio diazotrophicus",5,3.61620546064382e-07,5,3.61621121450745e-07
2136147,"Bacteroides sedimenti",5,3.61620546064382e-07,7.6,5.5070305182155e-07
1159753,"Enterococcus eurekensis",5,3.61620546064382e-07,4.7,3.36572065363611e-07
1144478,"Vreelandella lionensis",5,3.61620546064382e-07,6.2,4.4528005397496e-07
174587,"Carnobacterium viridans",5,3.61620546064382e-07,4.3,3.10851044800542e-07
84698,"Clostridium frigidicarnis",5,3.61620546064382e-07,4.4,3.19334995132838e-07
1122219,"Megasphaera cerevisiae",5,3.61620546064382e-07,5,3.62480633050342e-07
1841868,"Provencibacterium massiliense",5,3.61620546064382e-07,5.1,3.7181449801513e-07
1970790,"[Lactobacillus] timonensis",5,3.61620546064382e-07,5,3.63734567506735e-07
1323,"Faecalicoccus pleomorphus",5,3.61620546064382e-07,9.2,6.68608052141409e-07
1544,"Faecalicatena orotica",5,3.61620546064382e-07,5.4,3.90931770504956e-07
2811779,"Peptoniphilus rachelemmaiella",5,3.61620546064382e-07,5.7,4.1021572318581e-07
314285,"Congregibacter litoralis",4,2.89296436851506e-07,6.3,4.58607782432301e-07
445970,"Alistipes putredinis",4,2.89296436851506e-07,4.1,2.97988942345481e-07
1054460,"Streptococcus pseudopneumoniae",4,2.89296436851506e-07,5.2,3.77501475085021e-07
76857,"Fusobacterium polymorphum",4,2.89296436851506e-07,3.7,2.65634021539479e-07
1462993,"Paraburkholderia ginsengiterrae",4,2.89296436851506e-07,4,2.89297076003158e-07
1871111,"Acinetobacter defluvii",4,2.89296436851506e-07,5.6,4.06550651147829e-07
1175631,"Pectobacterium wasabiae",4,2.89296436851506e-07,3.7,2.64719853655743e-07
1291764,"Lactococcus fujiensis",4,2.89296436851506e-07,5.2,3.74541195152409e-07
451513,"Mangrovibacter plantisponsor",4,2.89296436851506e-07,4,2.90335548916971e-07
1448321,"Aspergillus heteromorphus",4,2.89296436851506e-07,5.4,3.93961410295304e-07
2026339,"Oceanibium sediminis",4,2.89296436851506e-07,5.3,3.80392173522604e-07
2496871,"Piscinibacter terrae",4,2.89296436851506e-07,4.3,3.10283520068026e-07
1796618,"Cuneatibacter caecimuris",4,2.89296436851506e-07,4.1,2.97020742619237e-07
3032870,"Lepagella muris",4,2.89296436851506e-07,4,2.90522682498731e-07
2559929,"Enterococcus hulanensis",4,2.89296436851506e-07,4,2.89296898555911e-07
2562439,"Mixta tenebrionis",4,2.89296436851506e-07,4,2.89304402690892e-07
2590453,"Myxococcus llanfairpwllgwyngyllgogerychwyrndrobwllllantysiliogogogochensis",4,2.89296436851506e-07,4,2.89297040502959e-07
2597270,"Alkalicoccobacillus porphyridii",4,2.89296436851506e-07,4,2.89366120890931e-07
2608684,"Paenibacillus tengchongensis",4,2.89296436851506e-07,4,2.8941270034944e-07
393006,"Tamlana crocina",4,2.89296436851506e-07,4.1,2.93670800371067e-07
2716335,"Falsiroseomonas selenitidurans",4,2.89296436851506e-07,4,2.89517842743183e-07
2740817,"Paramixta manurensis",4,2.89296436851506e-07,3.5,2.54061207064618e-07
104628,"Helicobacter suis",4,2.89296436851506e-07,4,2.89296897160596e-07
1492,"Clostridium butyricum",4,2.89296436851506e-07,4,2.90048865194742e-07
2763677,"Zongyangia hominis",4,2.89296436851506e-07,5.6,4.06050467452253e-07
1735103,"Nitratireductor aestuarii",4,2.89296436851506e-07,3.5,2.53635582661458e-07
160404,"Anaerotignum lactatifermentans",4,2.89296436851506e-07,4,2.92085674523104e-07
2779518,"Blautia liquoris",4,2.89296436851506e-07,4,2.8930817079105e-07
645466,"Anaerostipes butyraticus",4,2.89296436851506e-07,4,2.92566254352109e-07
483206,"Mesorhizobium caraganae",4,2.89296436851506e-07,4,2.89296912830569e-07
1581,"Lentilactobacillus buchneri",4,2.89296436851506e-07,3.6,2.60437449113654e-07
2815722,"Nocardia noduli",4,2.89296436851506e-07,4,2.89331519678987e-07
2854755,"Prevotella lacticifex",4,2.89296436851506e-07,4,2.89569482534931e-07
363952,"Comamonas thiooxydans",4,2.89296436851506e-07,4.4,3.20801482567608e-07
51288,"Kluyvera ascorbata",4,2.89296436851506e-07,4.2,3.04640255667721e-07
1177182,"Alloalcanivorax balearicus",4,2.89296436851506e-07,6,4.32650977150282e-07
5074,"Penicillium brevicompactum",4,2.89296436851506e-07,3.4,2.44145052794165e-07
3037798,"Providencia huashanensis",4,2.89296436851506e-07,4.5,3.26564335932326e-07
3093659,"Acutalibacter intestini",4,2.89296436851506e-07,4.4,3.17794640247004e-07
1805714,"Christensenella massiliensis",4,2.89296436851506e-07,4.3,3.12436958842505e-07
358743,"Enterocloster citroniae",4,2.89296436851506e-07,4.7,3.40846609153861e-07
29374,"Filifactor villosus",4,2.89296436851506e-07,4.4,3.14700281111907e-07
3238987,"Levilactobacillus muriae",4,2.89296436851506e-07,5.3,3.83801877220149e-07
3238988,"Enterococcus hailinensis",4,2.89296436851506e-07,4.8,3.50333258084007e-07
4781,"Plasmopara halstedii",4,2.89296436851506e-07,4,2.89353163389258e-07
482827,"Thermus arciformis",4,2.89296436851506e-07,4,2.89296897160596e-07
484498,"Thalassolituus maritimus",4,2.89296436851506e-07,5.7,4.09319511458504e-07
764290,"Streptococcus downei",4,2.89296436851506e-07,4,2.91661746653873e-07
571,"Klebsiella oxytoca",4,2.89296436851506e-07,3.5,2.52684934121132e-07
137545,"Serratia quinivorans",4,2.89296436851506e-07,4,2.89784791011764e-07
535290,"Legionella nagasakiensis",4,2.89296436851506e-07,3.3,2.35805802854441e-07
261594,"Bacillus anthracis",3,2.16972327638629e-07,4.6,3.31485129370663e-07
53442,"Eubacterium callanderi",3,2.16972327638629e-07,3,2.18248505917601e-07
1329909,"Sphingobium quisquiliarum",3,2.16972327638629e-07,3.5,2.50804349725578e-07
1384484,"Adlercreutzia equolifaciens",3,2.16972327638629e-07,3.1,2.25442744414915e-07
1223521,"Comamonas granuli",3,2.16972327638629e-07,3.6,2.6297101430675e-07
1400001,"Necropsobacter massiliensis",3,2.16972327638629e-07,3.1,2.20768394970113e-07
1194083,"Nostocoides japonicum",3,2.16972327638629e-07,3,2.1747945315871e-07
1423733,"Secundilactobacillus collinoides",3,2.16972327638629e-07,3.8,2.78406862584185e-07
1720315,"Hugonella massiliensis",3,2.16972327638629e-07,3.2,2.2899217990336e-07
1720298,"Peptoniphilus phoceensis",3,2.16972327638629e-07,3.1,2.22933871498409e-07
1702221,"Faecalibaculum rodentium",3,2.16972327638629e-07,3.2,2.30434683553349e-07
2049356,"Monocercomonoides exilis",3,2.16972327638629e-07,2.7,1.97452267443723e-07
1871336,"Criibacterium bergeronii",3,2.16972327638629e-07,3.1,2.21610739988778e-07
394958,"Clostridium taeniosporum",3,2.16972327638629e-07,3,2.17831671752477e-07
109790,"Lactobacillus jensenii",3,2.16972327638629e-07,3,2.16974915909109e-07
272773,"Salinivibrio costicola",3,2.16972327638629e-07,3.1,2.21060700094015e-07
53345,"Enterococcus durans",3,2.16972327638629e-07,3.9,2.84263801906281e-07
2172545,"Streptococcus halitosis",3,2.16972327638629e-07,3,2.1712715490948e-07
271096,"Shewanella canadensis",3,2.16972327638629e-07,3.1,2.23533641898456e-07
97331,"Arthrobotrys flagrans",3,2.16972327638629e-07,3,2.17001112529901e-07
2585117,"Alistipes onderdonkii",3,2.16972327638629e-07,3.3,2.37533018295883e-07
2605433,"Sphingobacterium phlebotomi",3,2.16972327638629e-07,3,2.17352740620662e-07
104955,"Limosilactobacillus frumenti",3,2.16972327638629e-07,3,2.17423282001215e-07
2652285,"Selenomonas montiformis",3,2.16972327638629e-07,3.3,2.3778491206559e-07
2916441,"Adlercreutzia rubneri",3,2.16972327638629e-07,3.1,2.22991429582836e-07
2703882,"Rahnella contaminans",3,2.16972327638629e-07,3.2,2.32369751679679e-07
1868794,"Jeotgalibaca arthritidis",3,2.16972327638629e-07,3.1,2.24441544678885e-07
2552946,"Cedecea colo",3,2.16972327638629e-07,3.1,2.2474405756096e-07
577,"Raoultella terrigena",3,2.16972327638629e-07,3.2,2.32725184249438e-07
2766578,"Komagataeibacter melomenusus",3,2.16972327638629e-07,3,2.1697267304801e-07
2722820,"Actinomyces faecalis",3,2.16972327638629e-07,3,2.16974644489005e-07
2748010,"Thiomicrorhabdus heinhorstiae",3,2.16972327638629e-07,3,2.17245117327158e-07
2682456,"Veillonella nakazawae",3,2.16972327638629e-07,3.9,2.84959869233496e-07
1449798,"Vreelandella salicampi",3,2.16972327638629e-07,4.6,3.34526999318835e-07
2759747,"Limosilactobacillus balticus",3,2.16972327638629e-07,3,2.16972672870447e-07
2763015,"Alistipes hominis",3,2.16972327638629e-07,5.6,4.05885248334737e-07
285729,"Fusobacterium canifelinum",3,2.16972327638629e-07,3.1,2.25782019781761e-07
1151742,"Lactococcus taiwanensis",3,2.16972327638629e-07,3,2.16980534528103e-07
1405,"Bacillus mycoides",3,2.16972327638629e-07,3.5,2.51621426312376e-07
2841506,"Clostridium simiarum",3,2.16972327638629e-07,3.2,2.28789498101739e-07
548,"Klebsiella aerogenes",3,2.16972327638629e-07,3.1,2.2374943568678e-07
69218,"Enterobacter cancerogenus",3,2.16972327638629e-07,3.4,2.43895238134066e-07
2878098,"Pectobacterium colocasium",3,2.16972327638629e-07,3,2.15095516697473e-07
2885356,"Hominilimicola fabiformis",3,2.16972327638629e-07,4.5,3.27692099250544e-07
102862,"Proteus penneri",3,2.16972327638629e-07,3.4,2.43256127500311e-07
158849,"Moellerella wisconsensis",3,2.16972327638629e-07,3.1,2.27249623354773e-07
2872648,"Mixta hanseatica",3,2.16972327638629e-07,3.9,2.84858438842468e-07
2963284,"Terrisporobacter muris",3,2.16972327638629e-07,3,2.16974142486366e-07
2978473,"Roseateles amylovorans",3,2.16972327638629e-07,3.5,2.51954846023889e-07
3016083,"Phocaeicola acetigenes",3,2.16972327638629e-07,3,2.16972825076415e-07
69789,"Penicillium soppii",3,2.16972327638629e-07,4.7,3.36438053589625e-07
45495,"Methylophaga marina",3,2.16972327638629e-07,4.8,3.5004300358339e-07
1720204,"Collinsella ihumii",3,2.16972327638629e-07,3,2.16974568779701e-07
3139408,"Kosakonia calanthes",3,2.16972327638629e-07,3.4,2.49060828117273e-07
414052,"Caenispirillum bisanense",3,2.16972327638629e-07,3,2.17085904873651e-07
399969,"Tatumella punctata",3,2.16972327638629e-07,3,2.16981607012186e-07
66882,"Streptomyces cuspidosporus",3,2.16972327638629e-07,3,2.16972731686936e-07
1715645,"Paracoccus mangrovi",3,2.16972327638629e-07,3,2.16972720407473e-07
392561,"Deinococcus lacus",3,2.16972327638629e-07,3,2.16975139919647e-07
1134781,"Methylopila musalis",3,2.16972327638629e-07,3.1,2.26538493144342e-07
176160,"Aspergillus ambiguus",3,2.16972327638629e-07,3,2.16972672875313e-07
86838,"Rhodotorula paludigena",3,2.16972327638629e-07,3.8,2.71577062379769e-07
131110,"Schaalia radingae",3,2.16972327638629e-07,3,2.16972798201321e-07
1513892,"Rhodopseudomonas pseudopalustris",3,2.16972327638629e-07,3,2.16972672870447e-07
1852386,"Thermophilibacter provencensis",3,2.16972327638629e-07,2.8,2.03908084452886e-07
1338,"Streptococcus intermedius",3,2.16972327638629e-07,3,2.17362866588648e-07
546,"Citrobacter freundii",3,2.16972327638629e-07,3.4,2.48055234596691e-07
1965230,"Saezia sanguinis",3,2.16972327638629e-07,3,2.16975523798139e-07
5855,"Plasmodium vivax",2,1.44648218425753e-07,2.1,1.48330242999084e-07
398578,"Delftia acidovorans",2,1.44648218425753e-07,2.2,1.59156353437353e-07
246409,"Rhizopus delemar",2,1.44648218425753e-07,2,1.44648448580298e-07
701347,"[Enterobacter] lignolyticus",2,1.44648218425753e-07,2.4,1.74888268626277e-07
868129,"Prevotella bivia",2,1.44648218425753e-07,1.5,1.10595779284848e-07
29372,"Clostridium thermobutyricum",2,1.44648218425753e-07,2.2,1.62009245273147e-07
280463,"Emiliania huxleyi",2,1.44648218425753e-07,2,1.44648448580298e-07
1121094,"Phocaeicola barnesiae",2,1.44648218425753e-07,2.7,1.94965447003564e-07
1123359,"Tetragenococcus muriaticus",2,1.44648218425753e-07,2,1.47873064473944e-07
1211844,"Candidatus Stoquefichus massiliensis",2,1.44648218425753e-07,2,1.4465853492499e-07
44415,"Eimeria mitis",2,1.44648218425753e-07,2,1.4464845339805e-07
1388766,"Aspergillus ruber",2,1.44648218425753e-07,3.4,2.43743624099487e-07
1408437,"Agathobaculum desmolans",2,1.44648218425753e-07,2,1.47339972112338e-07
1423732,"Lacticaseibacillus casei",2,1.44648218425753e-07,2.1,1.51641338925604e-07
1408163,"Rasamsonia emersonii",2,1.44648218425753e-07,2,1.44651276200062e-07
964,"Herbaspirillum seropedicae",2,1.44648218425753e-07,2.4,1.74302833209023e-07
312540,"Acidiplasma cupricumulans",2,1.44648218425753e-07,2,1.44648453431854e-07
397457,"Gulbenkiania mobilis",2,1.44648218425753e-07,1.5,1.08871571608863e-07
616990,"Levilactobacillus paucivorans",2,1.44648218425753e-07,3.5,2.5019902704199e-07
1162717,"Pseudostreptobacillus hongkongensis",2,1.44648218425753e-07,2,1.44693624167861e-07
1796616,"Blautia pseudococcoides",2,1.44648218425753e-07,2,1.45235361638645e-07
1423721,"Amylolactobacillus amylophilus",2,1.44648218425753e-07,2.2,1.55856562122423e-07
2005703,"Enterococcus wangshanyuanii",2,1.44648218425753e-07,2,1.44953810125942e-07
2039284,"Bacillus fungorum",2,1.44648218425753e-07,2.2,1.5726184999068e-07
1096246,"Hungatella effluvii",2,1.44648218425753e-07,2,1.44715856450403e-07
2184082,"Marinifilum breve",2,1.44648218425753e-07,2.5,1.82819116322975e-07
2259674,"Azohydromonas sediminis",2,1.44648218425753e-07,2,1.44648448762681e-07
2316722,"Corallococcus aberystwythensis",2,1.44648218425753e-07,2,1.44653949761885e-07
2707003,"Streptococcus chosunensis",2,1.44648218425753e-07,2,1.47705102298165e-07
2485123,"Photobacterium chitinilyticum",2,1.44648218425753e-07,2,1.44650571468341e-07
2530451,"Ramlibacter humi",2,1.44648218425753e-07,1.5,1.05070324989827e-07
2579976,"Culicoidibacter larvae",2,1.44648218425753e-07,2.3,1.65600951957997e-07
2213161,"Modestobacter excelsi",2,1.44648218425753e-07,2,1.44648448580298e-07
3088378,"Bacillus dicomae",2,1.44648218425753e-07,2.1,1.51376367010042e-07
2590786,"Extensimonas perlucida",2,1.44648218425753e-07,2.3,1.6286181703001e-07
553385,"Cobetia crustatorum",2,1.44648218425753e-07,2,1.44649644683165e-07
2586906,"Pseudomonas saliphila",2,1.44648218425753e-07,2.4,1.75349849401717e-07
1379,"Gemella haemolysans",2,1.44648218425753e-07,2,1.44661026186149e-07
2137581,"Ellagibacter isourolithinifaciens",2,1.44648218425753e-07,2.2,1.58254218856016e-07
2606626,"Sodaliphilus pleomorphus",2,1.44648218425753e-07,2,1.45517113778933e-07
195,"Campylobacter coli",2,1.44648218425753e-07,2,1.45382247884684e-07
2026191,"Bacillus luti",2,1.44648218425753e-07,3,2.16967751126615e-07
47770,"Lactobacillus crispatus",2,1.44648218425753e-07,2,1.45940518470055e-07
2692177,"Duganella fentianensis",2,1.44648218425753e-07,3,2.16115260796782e-07
1155073,"Enterococcus diestrammenae",2,1.44648218425753e-07,2.1,1.52150769438648e-07
2661627,"Bifidobacterium saimiriisciurei",2,1.44648218425753e-07,2,1.44648510258871e-07
2713419,"Collinsella acetigenes",2,1.44648218425753e-07,2.1,1.48571127821162e-07
1494461,"Pseudolactococcus laudensis",2,1.44648218425753e-07,2,1.46866030971561e-07
2763043,"Eggerthella hominis",2,1.44648218425753e-07,2.1,1.4906593488636e-07
1081040,"Microbacterium murale",2,1.44648218425753e-07,2.1,1.54368359150268e-07
1795310,"Paracoccus acridae",2,1.44648218425753e-07,2,1.44648448580298e-07
1612435,"Streptomyces kronopolitis",2,1.44648218425753e-07,2,1.44682070732176e-07
2762212,"Phocaeicola intestinalis",2,1.44648218425753e-07,2,1.44854589685609e-07
5082,"Penicillium roqueforti",2,1.44648218425753e-07,2.9,2.09257181240343e-07
155322,"Bacillus toyonensis",2,1.44648218425753e-07,2,1.4708557558745e-07
489632,"Ectopseudomonas chengduensis",2,1.44648218425753e-07,2.3,1.68365851528167e-07
1166683,"Rhizobium cauense",2,1.44648218425753e-07,2,1.44648449487009e-07
254785,"Streptococcus halichoeri",2,1.44648218425753e-07,2.4,1.76596532294992e-07
3044279,"Massilia hydrophila",2,1.44648218425753e-07,2,1.44648448580298e-07
401106,"Amycolatopsis tucumanensis",2,1.44648218425753e-07,2,1.44818493653913e-07
1071679,"Caballeronia grimmiae",2,1.44648218425753e-07,2.2,1.57508173539669e-07
391953,"Aquincola tertiaricarbonis",2,1.44648218425753e-07,2,1.4464872413208e-07
2926519,"Scandinavium hiltneri",2,1.44648218425753e-07,2,1.46819314270789e-07
2925336,"Hallella absiana",2,1.44648218425753e-07,2.3,1.65286921904778e-07
2981784,"[Clostridium] ammoniilyticum",2,1.44648218425753e-07,2.1,1.49395438672098e-07
34002,"Paracoccus alcaliphilus",2,1.44648218425753e-07,3.5,2.52961816475656e-07
2819901,"Penicillium diatomitis",2,1.44648218425753e-07,2,1.4487728765675e-07
3031298,"Limnobacter olei",2,1.44648218425753e-07,2,1.45682573623711e-07
688661,"Lichtheimia ornata",2,1.44648218425753e-07,2,1.44648448580298e-07
505341,"Gallibacterium salpingitidis",2,1.44648218425753e-07,2.1,1.49932232633141e-07
3044578,"Clostridium lamae",2,1.44648218425753e-07,2,1.44661565185405e-07
3030997,"Enterobacter chinensis",2,1.44648218425753e-07,2.5,1.77415892455051e-07
1690606,"Exophiala bonariae",2,1.44648218425753e-07,3,2.15831007155742e-07
3133422,"Flavonifractor porci",2,1.44648218425753e-07,2.2,1.61816264595446e-07
1550,"Clostridium subterminale",2,1.44648218425753e-07,2.5,1.82045930914914e-07
638574,"Nonomuraea rosea",2,1.44648218425753e-07,2,1.47876971389661e-07
427369,"Streptomonospora halophila",2,1.44648218425753e-07,2,1.4482393066121e-07
3133171,"Pseudoflavonifractor intestinihominis",2,1.44648218425753e-07,2.1,1.52194866624634e-07
3161189,"Streptococcus jiangjianxini",2,1.44648218425753e-07,1.6,1.15431974604615e-07
2797505,"Enterobacter vonholyi",2,1.44648218425753e-07,2.3,1.69492699402906e-07
3239803,"Erwinia aeris",2,1.44648218425753e-07,2,1.45558690319823e-07
2665495,"Phenylobacterium terrae",2,1.44648218425753e-07,2.9,2.07377831897008e-07
3243721,"Bacillus basilensis",2,1.44648218425753e-07,2.1,1.54453126119145e-07
285070,"Petrimonas sulfuriphila",2,1.44648218425753e-07,2,1.4464910400993e-07
1115758,"Romboutsia ilealis",2,1.44648218425753e-07,2.2,1.61280447321484e-07
1907658,"Bacteroides ilei",2,1.44648218425753e-07,2.4,1.71336337992791e-07
1121321,"Asaccharospora irregularis",2,1.44648218425753e-07,2,1.44648725655437e-07
1871033,"Olsenella urininfantis",2,1.44648218425753e-07,2.3,1.65409580416728e-07
1871019,"Enorma phocaeensis",2,1.44648218425753e-07,1.6,1.17401929586749e-07
2040291,"Dorea phocaeensis",2,1.44648218425753e-07,1.7,1.26087168594327e-07
2080750,"Corynebacterium senegalense",2,1.44648218425753e-07,2,1.44648448580298e-07
33033,"Parvimonas micra",2,1.44648218425753e-07,2,1.44648448580298e-07
206505,"Kerstersia similis",2,1.44648218425753e-07,1.5,1.1003415383902e-07
4896,"Schizosaccharomyces pombe",1,7.23241092128765e-08,0.3,2.4108074763383e-08
653667,"Schizosaccharomyces cryophilus",1,7.23241092128765e-08,0.3,2.4108074763383e-08
519441,"Streptobacillus moniliformis",1,7.23241092128765e-08,1,7.23242242901489e-08
332648,"Botrytis cinerea",1,7.23241092128765e-08,1,7.23242242901489e-08
445971,"Anaerofustis stercorihominis",1,7.23241092128765e-08,1,7.23242242901489e-08
626522,"Alloprevotella tannerae",1,7.23241092128765e-08,1,7.25267603263514e-08
5888,"Paramecium tetraurelia",1,7.23241092128765e-08,1,7.23242242901489e-08
929439,"Leishmania mexicana",1,7.23241092128765e-08,1,7.23242515226509e-08
796942,"Stomatobaculum longum",1,7.23241092128765e-08,1.1,7.76823452914733e-08
1163745,"Helicobacter cetorum",1,7.23241092128765e-08,1,7.23443344673547e-08
1235834,"Kosakonia sacchari",1,7.23241092128765e-08,1,7.56983819342013e-08
1203190,"Corynebacterium timonense",1,7.23241092128765e-08,0.3,2.41080747632092e-08
1130832,"Rhodotorula toruloides",1,7.23241092128765e-08,1,7.23389753847389e-08
1121109,"Bifidobacterium minimum",1,7.23241092128765e-08,1,7.27746353249018e-08
1345695,"Clostridium saccharobutylicum",1,7.23241092128765e-08,1.1,7.60286900928663e-08
1266845,"Carnobacterium inhibens",1,7.23241092128765e-08,1.2,8.77846420330476e-08
5802,"Eimeria tenella",1,7.23241092128765e-08,1,7.3007503565028e-08
1336241,"Eubacterium xylanophilum",1,7.23241092128765e-08,1,7.232422939156e-08
1182542,"Capronia epimyces",1,7.23241092128765e-08,1,7.23425300904245e-08
1501230,"Paenibacillus tyrfis",1,7.23241092128765e-08,1,7.25763790856438e-08
762211,"Bifidobacterium stellenboschense",1,7.23241092128765e-08,1,7.23482843177552e-08
1437610,"Bifidobacterium reuteri",1,7.23241092128765e-08,1,7.28544182002499e-08
1081103,"Metarhizium album",1,7.23241092128765e-08,0.4,3.21457740806432e-08
1211843,"Candidatus Soleaferrea massiliensis",1,7.23241092128765e-08,1,7.23242243235355e-08
1442370,"Cladophialophora bantiana",1,7.23241092128765e-08,1,7.24063425932712e-08
1610491,"Lampropedia cohaerens",1,7.23241092128765e-08,1,7.2324248752281e-08
1509407,"Aspergillus nomiae",1,7.23241092128765e-08,1.2,8.3229574230643e-08
1236517,"Prevotella fusca",1,7.23241092128765e-08,1,7.2324260353883e-08
1461260,"Leucobacter celer",1,7.23241092128765e-08,0.1,8.03602492112766e-09
77020,"Malassezia pachydermatis",1,7.23241092128765e-08,1,7.23301226350081e-08
1527293,"Paenibacillus dakarensis",1,7.23241092128765e-08,1,7.23242242901489e-08
1423808,"Lentilactobacillus sunkii",1,7.23241092128765e-08,1.2,8.88068401884281e-08
1307443,"Fusobacterium hwasookii",1,7.23241092128765e-08,1,7.23843577408052e-08
1715692,"Ruegeria denitrificans",1,7.23241092128765e-08,0.1,8.03602492112766e-09
290052,"Acetivibrio ethanolgignens",1,7.23241092128765e-08,1,7.3543678770389e-08
1353886,"Caballeronia cordobensis",1,7.23241092128765e-08,1,7.23252117208408e-08
1348632,"Pseudolactococcus plantarum",1,7.23241092128765e-08,1,7.41874489494846e-08
681398,"Paludibacter jiangxiensis",1,7.23241092128765e-08,1,7.23242242901489e-08
655981,"Pseudogymnoascus destructans",1,7.23241092128765e-08,1,7.23289779982699e-08
1354337,"Proteus myxofaciens",1,7.23241092128765e-08,1,7.23242242901489e-08
935293,"Yersinia entomophaga",1,7.23241092128765e-08,1,7.23868709654716e-08
497725,"Kosakonia oryzae",1,7.23241092128765e-08,1.3,9.21097335596244e-08
1480615,"Hoeflea olei",1,7.23241092128765e-08,1.1,7.88955910659239e-08
51669,"Tetragenococcus halophilus",1,7.23241092128765e-08,1,7.41207174698464e-08
299767,"Enterobacter ludwigii",1,7.23241092128765e-08,1,7.29586702375738e-08
1432052,"Eisenbergiella tayi",1,7.23241092128765e-08,1.1,7.88052484202572e-08
1123403,"Tissierella creatinophila",1,7.23241092128765e-08,1,7.25602457322146e-08
1265311,"Mycobacterium arosiense",1,7.23241092128765e-08,1,7.23242242901489e-08
1121267,"Campylobacter cuniculorum",1,7.23241092128765e-08,1,7.23242242901489e-08
1834193,"Candidatus Enterococcus clewellii",1,7.23241092128765e-08,1,7.16150539937769e-08
1082851,"Comamonas serinivorans",1,7.23241092128765e-08,1.5,1.06938607101872e-07
1834192,"Candidatus Enterococcus dunnyi",1,7.23241092128765e-08,1,7.26005404181735e-08
1246530,"Calderihabitans maritimus",1,7.23241092128765e-08,0.1,8.03602492112766e-09
76258,"Vibrio rumoiensis",1,7.23241092128765e-08,1.2,8.99881237511412e-08
2020949,"Romboutsia weinsteinii",1,7.23241092128765e-08,1,7.23242256351859e-08
2020506,"Tetzosporium hominis",1,7.23241092128765e-08,1,7.23299591790215e-08
2024555,"Virgibacillus profundi",1,7.23241092128765e-08,1,7.23242644917733e-08
417368,"Enterococcus thailandicus",1,7.23241092128765e-08,1.1,8.29367596079833e-08
2041044,"Eubacterium maltosivorans",1,7.23241092128765e-08,1.3,9.36860359283353e-08
2060068,"Chimaeribacter coloradensis",1,7.23241092128765e-08,1,7.23253321504335e-08
1993540,"Companilactobacillus nuruki",1,7.23241092128765e-08,1.4,9.91066083707711e-08
1458355,"Mixta theicola",1,7.23241092128765e-08,1,7.57670336751249e-08
2022662,"Superficieibacter electus",1,7.23241092128765e-08,1.2,8.39581524377764e-08
67774,"Neorhizobium huautlense",1,7.23241092128765e-08,1,7.23242250131311e-08
2109913,"Melaminivora suipulveris",1,7.23241092128765e-08,1.5,1.06778209698327e-07
2670374,"Jiangella anatolica",1,7.23241092128765e-08,1,7.23242265629632e-08
2070368,"Nonomuraea aridisoli",1,7.23241092128765e-08,1,7.23242262634994e-08
2219045,"Confluentibacter sediminis",1,7.23241092128765e-08,0.4,2.73886495019311e-08
2249428,"Aliidiomarina celeris",1,7.23241092128765e-08,1.4,9.93652625641382e-08
2259592,"Jannaschia formosa",1,7.23241092128765e-08,1.3,9.69539042529809e-08
1487935,"Enterobacillus tribolii",1,7.23241092128765e-08,1.1,8.31031026067935e-08
204039,"Dickeya dianthicola",1,7.23241092128765e-08,1.2,8.71430272849059e-08
372463,"Oceanobacillus profundus",1,7.23241092128765e-08,1.9,1.33976465809493e-07
2487350,"Aerococcus agrisoli",1,7.23241092128765e-08,1.1,7.64176483849306e-08
2485997,"Agrilactobacillus yilanensis",1,7.23241092128765e-08,1.1,8.19576292185077e-08
1776032,"Hymenobacter gummosus",1,7.23241092128765e-08,1,7.23242242901489e-08
1249555,"Aliidiomarina sanyensis",1,7.23241092128765e-08,1.1,7.61678442840024e-08
2487017,"Ancylomarina longa",1,7.23241092128765e-08,1,7.32759786347998e-08
2320868,"Clostridium manihotivorum",1,7.23241092128765e-08,1,7.23242242901489e-08
2509433,"Senegalimassilia faecalis",1,7.23241092128765e-08,1.6,1.1285594967301e-07
411468,"[Clostridium] scindens",1,7.23241092128765e-08,1.1,7.90965522687177e-08
270498,"Christensenella hongkongensis",1,7.23241092128765e-08,0.6,4.22395088738516e-08
3038144,"Muribaculum caecicola",1,7.23241092128765e-08,1,7.23249161227247e-08
930854,"Enterococcus viikkiensis",1,7.23241092128765e-08,1,7.23383697432985e-08
1333651,"Bifidobacterium moukalabense",1,7.23241092128765e-08,1,7.56116242845908e-08
2579935,"Jejubacter calystegiae",1,7.23241092128765e-08,1.5,1.11990266220125e-07
2528639,"Mariprofundus erugo",1,7.23241092128765e-08,1,7.23242612408146e-08
2590869,"Janthinobacterium tructae",1,7.23241092128765e-08,1,7.23242242901489e-08
109328,"Leptotrichia trevisanii",1,7.23241092128765e-08,1,7.23242242901489e-08
89152,"Peptacetobacter hiranonis",1,7.23241092128765e-08,1,7.37580204108085e-08
2607660,"Nocardioides humilatus",1,7.23241092128765e-08,1,7.4493825883378e-08
1296540,"Paucilactobacillus nenjiangensis",1,7.23241092128765e-08,1.1,8.07835496001364e-08
2656746,"Stenotrophomonas nematodicola",1,7.23241092128765e-08,1.2,8.79083846093916e-08
2585199,"Nocardia aurantia",1,7.23241092128765e-08,1,7.23242242901489e-08
2606636,"Bilifractor porci",1,7.23241092128765e-08,1,7.24720889162554e-08
84135,"Gemella sanguinis",1,7.23241092128765e-08,1,7.23323920570357e-08
1038857,"Kocuria sediminis",1,7.23241092128765e-08,1.1,8.1103189064833e-08
1331689,"Ursidibacter maritimus",1,7.23241092128765e-08,1,7.23242246659147e-08
1857217,"Candidatus Enterococcus huntleyi",1,7.23241092128765e-08,1.2,8.92981269227217e-08
1366,"Pseudolactococcus raffinolactis",1,7.23241092128765e-08,1,7.30950191019945e-08
708087,"Cyclobacterium jeungdonense",1,7.23241092128765e-08,1,7.23257517629023e-08
57171,"Corynebacterium mucifaciens",1,7.23241092128765e-08,0.3,2.41080747632092e-08
2108399,"Pectobacterium punjabense",1,7.23241092128765e-08,1.1,7.89323995645362e-08
666964,"Azoarcus taiwanensis",1,7.23241092128765e-08,1.1,7.82211308043244e-08
943830,"Tardiphaga robiniae",1,7.23241092128765e-08,1,7.41388799863261e-08
1592631,"Pantoea pleuroti",1,7.23241092128765e-08,1,7.23257140273466e-08
673271,"Catenibacillus scindens",1,7.23241092128765e-08,1,7.33495770033971e-08
2763669,"Qiania dongpingensis",1,7.23241092128765e-08,1,7.24795849605405e-08
2763656,"Guopingia tenuis",1,7.23241092128765e-08,1,7.29177970486044e-08
2763668,"Jutongia huaianensis",1,7.23241092128765e-08,1,7.25420248466355e-08
103732,"Lentzea flava",1,7.23241092128765e-08,1,7.32672550696426e-08
67324,"Streptomyces massasporeus",1,7.23241092128765e-08,1,7.36983220963744e-08
28044,"Streptomyces longisporoflavus",1,7.23241092128765e-08,1,7.23243903820205e-08
67303,"Streptomyces griseoloalbus",1,7.23241092128765e-08,1,7.23243806510542e-08
68282,"Streptomyces viridiviolaceus",1,7.23241092128765e-08,1,7.23274853495729e-08
664683,"Vreelandella titanicae",1,7.23241092128765e-08,1.3,9.14419498792144e-08
2762246,"Clostridium gallinarum",1,7.23241092128765e-08,1,7.23249540154073e-08
2762247,"Clostridium cibarium",1,7.23241092128765e-08,1,7.30266762026894e-08
2773304,"Dyadobacter subterraneus",1,7.23241092128765e-08,1,7.23242457885551e-08
1258,"Peptoniphilus asaccharolyticus",1,7.23241092128765e-08,1,7.24098205193005e-08
2799570,"Levilactobacillus andaensis",1,7.23241092128765e-08,1.2,8.65012062610201e-08
2799577,"Lacticaseibacillus suilingensis",1,7.23241092128765e-08,1,7.23242242901489e-08
290055,"Faecalicatena fissicatena",1,7.23241092128765e-08,1.2,8.46741530526393e-08
762210,"Bifidobacterium saguini",1,7.23241092128765e-08,0.6,4.05069332807094e-08
29486,"Yersinia ruckeri",1,7.23241092128765e-08,1,7.23369155289679e-08
1581472,"Streptococcus panodentis",1,7.23241092128765e-08,1,7.2780825837044e-08
1580590,"Leishmania martiniquensis",1,7.23241092128765e-08,1.2,8.57644747683056e-08
2817476,"Bacillus sanguinis",1,7.23241092128765e-08,1.3,9.58354353507173e-08
545502,"Ornithinibacillus bavariensis",1,7.23241092128765e-08,0.1,8.03602492112766e-09
1544696,"Rosenbergiella australiborealis",1,7.23241092128765e-08,1,7.23242242901489e-08
2841596,"Hallella faecis",1,7.23241092128765e-08,1,7.26463750792959e-08
2068655,"Novisyntrophococcus fermenticellae",1,7.23241092128765e-08,1,7.23953970968065e-08
2738446,"Anaerostipes faecalis",1,7.23241092128765e-08,1,7.2394708692986e-08
61646,"Lelliottia amnigena",1,7.23241092128765e-08,1,7.23349593184883e-08
2725562,"Caecibacteroides pullorum",1,7.23241092128765e-08,1,7.23384841920855e-08
2864872,"Shewanella nanhaiensis",1,7.23241092128765e-08,1.1,7.6051002906039e-08
2012495,"Lactobacillus panisapium",1,7.23241092128765e-08,1,7.23242242901489e-08
155615,"Fusobacterium vincentii",1,7.23241092128765e-08,1.1,7.65107166635411e-08
46124,"Granulicatella adiacens",1,7.23241092128765e-08,1,7.23242242901489e-08
472693,"Pantoea eucrina",1,7.23241092128765e-08,1,7.42852328176405e-08
2883104,"Neorhizobium xiangyangii",1,7.23241092128765e-08,1,7.47937113818436e-08
932217,"Anaerosalibacter bizertensis",1,7.23241092128765e-08,1,7.23242242901489e-08
2897391,"Limnobaculum eriocheiris",1,7.23241092128765e-08,1.2,8.78587781367139e-08
2867964,"Croceicoccus hydrothermalis",1,7.23241092128765e-08,1.2,9.02665322748487e-08
82989,"Buttiauxella ferragutiae",1,7.23241092128765e-08,0.7,4.73721357276952e-08
2486360,"Exophiala viscosa",1,7.23241092128765e-08,1,7.23509083465886e-08
2925194,"Mesosutterella faecium",1,7.23241092128765e-08,1,7.33759920638899e-08
2839759,"Enterococcus innesii",1,7.23241092128765e-08,1,7.40101032199908e-08
NA,"unknown genome; accession ID isNZ_JAMOKX010000003.1",1,7.23241092128765e-08,1,7.45517891975431e-08
29358,"Paraclostridium ghonii",1,7.23241092128765e-08,1.1,7.91808859473686e-08
504936,"Periweissella beninensis",1,7.23241092128765e-08,1,7.46708524226832e-08
181014,"Alternaria ethzedia",1,7.23241092128765e-08,1,7.23471047260103e-08
1187925,"Alternaria hordeiaustralica",1,7.23241092128765e-08,1,7.23242242901489e-08
181017,"Alternaria conjuncta",1,7.23241092128765e-08,1,7.23242242901489e-08
413402,"Vibrio inusitatus",1,7.23241092128765e-08,0.1,8.03602492112766e-09
1337051,"Murimonas intestini",1,7.23241092128765e-08,1,7.24121436244528e-08
1775924,"Candida margitis",1,7.23241092128765e-08,1.1,7.64551495261898e-08
1234842,"Mucilaginibacter phenanthrenivorans",1,7.23241092128765e-08,1.3,9.549229670236e-08
626947,"Parasutterella secunda",1,7.23241092128765e-08,1.1,7.62800621819869e-08
2972466,"Tractidigestivibacter montrealensis",1,7.23241092128765e-08,1,7.52323258701623e-08
855,"Fusobacterium simiae",1,7.23241092128765e-08,1.2,8.42120841675789e-08
2989714,"Acinetobacter entericus",1,7.23241092128765e-08,1.2,8.78001156866588e-08
588596,"Rhizophagus irregularis",1,7.23241092128765e-08,1.1,7.84043792387161e-08
2545709,"Schizosaccharomyces osmophilus",1,7.23241092128765e-08,0.3,2.4108074763383e-08
2705255,"Streptantibioticus silvisoli",1,7.23241092128765e-08,1,7.23242242901489e-08
1850975,"Penicillium nucicola",1,7.23241092128765e-08,1.1,8.23155535823227e-08
44750,"Corynebacterium auris",1,7.23241092128765e-08,0.3,2.41080747632092e-08
1451356,"Streptococcus moroccensis",1,7.23241092128765e-08,1.5,1.10170139095493e-07
3075546,"Blastococcus goldschmidtiae",1,7.23241092128765e-08,1,7.23242246413578e-08
3075518,"Streptomyces gottesmaniae",1,7.23241092128765e-08,1,7.23242325923742e-08
2559925,"Enterococcus dongliensis",1,7.23241092128765e-08,1.4,1.04053825177382e-07
3036128,"Diaphorobacter limosus",1,7.23241092128765e-08,1.1,7.95237711224678e-08
3040939,"Raoultella lignicola",1,7.23241092128765e-08,1,7.24152712664378e-08
1281486,"Lactococcus formosensis",1,7.23241092128765e-08,1,7.42595348716054e-08
2703794,"Serratia nevei",1,7.23241092128765e-08,1,7.23242242901489e-08
398758,"Alkalibacterium indicireducens",1,7.23241092128765e-08,1,7.23242242901489e-08
285560,"Kitasatospora cinereorecta",1,7.23241092128765e-08,1,7.2331832541829e-08
111803,"Actinocorallia longicatena",1,7.23241092128765e-08,1,7.23821710259169e-08
3152360,"Devosia alba",1,7.23241092128765e-08,1,7.23265327768444e-08
3133091,"unknown genome; accession ID isNZ_JBBMER010000006.1",1,7.23241092128765e-08,1,7.2347474898146e-08
1691903,"Mangrovibacter phragmitis",1,7.23241092128765e-08,1.1,7.79246330524835e-08
86667,"Jeotgalibacillus marinus",1,7.23241092128765e-08,1,7.23242247253336e-08
3058913,"Kocuria oxytropis",1,7.23241092128765e-08,1,7.23254416375498e-08
106654,"Acinetobacter nosocomialis",1,7.23241092128765e-08,1.3,9.44985529305822e-08
89139,"Rasamsonia byssochlamydoides",1,7.23241092128765e-08,1,7.23242242925892e-08
1243002,"Vibrio olivae",1,7.23241092128765e-08,1,7.24716677898353e-08
46190,"Streptosporangium vulgare",1,7.23241092128765e-08,1,7.2324246425569e-08
1651218,"Delftia deserti",1,7.23241092128765e-08,1.2,8.72017594253883e-08
3350256,"Comamonas trifloxystrobinivorans",1,7.23241092128765e-08,1.5,1.08180051277635e-07
3349163,"Streptococcus hepaticus",1,7.23241092128765e-08,1,7.23415805265882e-08
3344667,"Dellaglioa kimchii",1,7.23241092128765e-08,1.2,8.77245319252218e-08
3377720,"Providencia pseudovermicola",1,7.23241092128765e-08,1.7,1.22685560614632e-07
210207,"Aspergillus foveolatus",1,7.23241092128765e-08,1,7.23279908408502e-08
500713,"Sporobolomyces koalae",1,7.23241092128765e-08,1.1,7.73676307245803e-08
NA,"unknown genome; accession ID isNZ_DAWEQI010000079.1",1,7.23241092128765e-08,1,7.23244556709816e-08
1755099,"Pseudenterobacter timonensis",1,7.23241092128765e-08,1.1,8.21589639987283e-08
1805470,"Clostridium nigeriense",1,7.23241092128765e-08,1,7.23369818268158e-08
1805472,"Clostridium mediterraneense",1,7.23241092128765e-08,1,7.23326324705184e-08
1121325,"Romboutsia lituseburensis",1,7.23241092128765e-08,1,7.33320703954237e-08
1367852,"Izhakiella capsodis",1,7.23241092128765e-08,1,7.24679364784786e-08
1871035,"Negativibacillus massiliensis",1,7.23241092128765e-08,1,7.56146777065238e-08
1917878,"Prevotella ihumii",1,7.23241092128765e-08,1.5,1.10278978220299e-07
NA,"unknown genome; accession ID isNZ_LT821227.1",1,7.23241092128765e-08,1,7.32864156004312e-08
254357,"Roseisalinus antarcticus",1,7.23241092128765e-08,0.1,8.03602492112766e-09
1356575,"Roseovarius gaetbuli",1,7.23241092128765e-08,0.1,8.03602492112766e-09
1519096,"Aquimixticola soesokkakensis",1,7.23241092128765e-08,0.1,8.03602492112766e-09
1987501,"Massiliimalia timonensis",1,7.23241092128765e-08,1.3,9.31090205768397e-08
1852371,"Raoultibacter massiliensis",1,7.23241092128765e-08,1.7,1.19950392039823e-07
1639690,"Aliiroseovarius pelagivivens",1,7.23241092128765e-08,0.1,8.03602492112766e-09
881260,"Enterobacter bugandensis",1,7.23241092128765e-08,1,7.33989941473266e-08
2161814,"Lactimicrobium massiliense",1,7.23241092128765e-08,1,7.30108758425906e-08
137838,"Clostridium neonatale",1,7.23241092128765e-08,1,7.23465208870724e-08
NA,"unknown genome; accession ID isNZ_LR027382.1",1,7.23241092128765e-08,1,7.23298563447402e-08
147207,"Collinsella intestinalis",1,7.23241092128765e-08,1.5,1.06981981439165e-07
2109647,"Rothia nasisuis",1,7.23241092128765e-08,1,7.23242243465495e-08
2993450,"Limosilactobacillus viscerum",1,7.23241092128765e-08,1,7.2334684467547e-08
2686067,"Fusobacterium watanabei",1,7.23241092128765e-08,1,7.23764864591625e-08
