"TaxonomyID","Genome","read_count","Proportion","readsEM","EMProportion"
292800,"Flavonifractor plautii",2820446,0.203987380529851,2820443,0.203987264131399
820,"Bacteroides uniformis",2015501,0.14577012623014,2013175.9,0.145602041209974
411459,"Blautia obeum",1057211,0.0764622696401009,1050425.8,0.0759715737351542
1108849,"Penicillium rubens",815372,0.0589713819861772,815357.1,0.0589703371760072
105841,"Anaerostipes caccae",693755,0.0501754918121058,693750.2,0.0501751726763289
5068,"Aspergillus tubingensis",588998,0.0425989929101004,588817.3,0.042585943262519
2585117,"Alistipes onderdonkii",507013,0.0366694677950158,506495.6,0.0366320666243672
626937,"Christensenella minuta",474425,0.0343125565984509,474253.4,0.0343001638882358
330879,"Aspergillus fumigatus",338694,0.0244958782622242,338695.1,0.0244959732469767
2126740,"Clostridium fessum",307402,0.0222326996331918,300744,0.0217511728798085
2946555,"Akkermansia biwaensis",282098,0.0204026001819251,282094.8,0.0204023825310033
2881264,"Blautia fusiformis",261082,0.0188826282380498,266535.9,0.0192770871346683
742726,"Barnesiella intestinihominis",252070,0.0182308397360416,251805.7,0.0182117359252946
563192,"Bilophila wadsworthia",224131,0.0162101651956946,224131,0.0162101702056198
187327,"Acidaminococcus intestini",183270,0.0132549133114783,183698.7,0.0132859267733347
2093857,"Dysosmobacter welbionis",156638,0.0113287669082956,155639.1,0.0112565280221044
39486,"Dorea formicigenerans",153814,0.0111245224864502,154549.1,0.0111776945384316
585394,"Roseburia hominis",135934,0.00983136021215962,135689.9,0.00981370758060532
626940,"Phascolarctobacterium succinatutens",135133,0.00977342827805969,135175.6,0.00977651622585091
997894,"Enterocloster bolteae",119918,0.00867301082820896,120010.8,0.00867972931944184
1186058,"Trichosporon asahii",102350,0.00740241380165769,102350,0.00740241754927564
621,"Shigella boydii",92957,0.00672306966058323,90239.6,0.00652654081220772
39483,"Faecalitalea cylindroides",90604,0.00655289008388269,90637,0.006555277079293
2763025,"Bacteroides parvus",87281,0.00631255573055677,88075.7,0.00637003362122572
411485,"Faecalibacterium prausnitzii",80693,0.00583608184560004,79832.6,0.00577385579343189
1689270,"Intestinimonas timonensis",80328,0.00580968339872554,80663,0.00583391547840284
823,"Parabacteroides distasonis",75456,0.00545731837633496,74722.4,0.00540426719756241
89153,"[Clostridium] hylemonae",74016,0.00535317107907666,74281,0.00537234314361637
1496,"Clostridioides difficile",56710,0.00410152307466544,56710,0.00410152383048729
1169293,"Enterococcus faecalis",48300,0.00349327392887217,48299.5,0.00349323837734614
357441,"Enterococcus lactis",43391,0.00313823289953814,43377.8,0.00313727697656792
2763038,"Clostridium segne",40333,0.00291706454188822,44099.9,0.003189502091311
1903262,"Bacteroides ndongoniae",39476,0.00285508243511714,38987.6,0.00281976370962783
742727,"Bacteroides oleiciplenus",39218,0.00283642271102503,37981.9,0.00274702379629304
1472417,"Butyricimonas paravirosa",37835,0.00273639791094987,34268.8,0.0024784779933364
717959,"Alistipes shahii",37274,0.00269582385972632,36749.7,0.00265790770964583
2941519,"Vermiculatibacterium agrestimuris",33907,0.00245230722787306,34250.7,0.00247716567432698
1125630,"Klebsiella pneumoniae",30774,0.00222571453182427,30834.9,0.00223012124676913
1150298,"Fusicatenibacter saccharivorans",30257,0.00218832275912806,29492.2,0.0021330091577561
310298,"Phocaeicola coprocola",30009,0.0021703862801558,30229.4,0.00218632592882101
28116,"Bacteroides ovatus",29882,0.00216120106713371,30896.1,0.00223454576469524
99287,"Salmonella enterica",29050,0.00210102707316225,29040.6,0.00210035137844221
36656,"Penicillium crustosum",28730,0.00207788322932707,28718.1,0.00207702530331527
28118,"Odoribacter splanchnicus",27882,0.00201655204316385,28041.3,0.00202807569312683
858893,"Exophiala dermatitidis",26213,0.001895842432661,26213,0.00189584339156545
2763066,"Ruminococcus intestinalis",25624,0.00185324329510187,25653.6,0.00185538745053032
565042,"Bifidobacterium longum",24814,0.00179466044039408,24812.3,0.00179453990963122
1448317,"Aspergillus costaricensis",24121,0.00174453955358852,20793.6,0.00150388803719399
2981789,"Dorea amylophila",24114,0.00174403328200463,18836.6,0.00136235028103588
1236512,"Bacteroides rodentium",23098,0.00167055157782794,24166.1,0.00174780092084405
357276,"Phocaeicola dorei",22105,0.0015987333374269,19331.2,0.00139811802067578
5480,"Candida parapsilosis",21196,0.0015329903560326,21196,0.0015329911321375
1507512,"Romboutsia hominis",21187,0.00153233943542473,21187,0.00153234055773066
3133178,"Flavonifractor hominis",19020,0.00137561221795339,18894.7,0.00136655183454978
386585,"Escherichia coli",18947,0.00137033252857849,19893.2,0.00143876872027097
367928,"Bifidobacterium adolescentis",18083,0.00130784415022351,18149,0.00131261522317868
3133153,"Blautia aquisgranensis",17614,0.00127392395410258,14869.8,0.0010754497272157
1653435,"Merdimonas faecis",16362,0.00118337366509744,14836,0.00107300796772714
1917868,"Blautia marasmi",16185,0.00117057222647611,16208.9,0.00117230309720154
2981778,"Agathobaculum ammoniilyticum",15357,0.00111068753055259,14580.5,0.00105452519685992
347253,"Streptococcus salivarius",14675,0.00106136221337886,14670.6,0.001061042351352
1720294,"Eisenbergiella massiliensis",14665,0.00106063896825901,12885.4,0.000931928610016157
411470,"Mediterraneibacter gnavus",14609,0.00105658879558786,14117.3,0.00102102580830032
2981783,"Blautia acetigignens",14505,0.00104906704634142,16360.3,0.00118325482011592
1297617,"Intestinimonas butyriciproducens",14298,0.00103409587236054,15042.3,0.00108792696586942
1196081,"Talaromyces amestolkiae",14260,0.00103134754090512,14260,0.00103134839595693
371674,"Moryella indoligenes",14259,0.00103127521639313,14670.7,0.00106105259020257
2003188,"Parolsenella catena",12747,0.000921920554271916,12746.8,0.000921904383278801
471870,"Bacteroides intestinalis",11864,0.000858058010189222,15507.2,0.0011215476633005
592978,"Mediterraneibacter faecis",11689,0.000845401220591859,12057,0.000872020232655979
358742,"Enterocloster aldenensis",11486,0.000830719344658918,9426.7,0.000681784743837157
2949662,"Coprococcus sp. B2-R-112",11448,0.000827971013203491,11544.7,0.000834965846328701
3133155,"Faecalibacterium intestinale",10970,0.000793399896474693,9775.7,0.000707022964384516
1229621,"Anaerostipes rhamnosivorans",10399,0.000752102600131298,10602.8,0.000766845353941422
2763669,"Qiania dongpingensis",10349,0.000748486374532051,10428,0.00075420193688773
2927224,"Akkermansia massiliensis",10130,0.000732647306407351,10129.7,0.000732624412156948
1871018,"Angelakisella massiliensis",9633,0.000696702023950841,11868.5,0.000858384935185681
1448310,"Aspergillus neoniger",9616,0.000695472507247097,11787.8,0.000852545381601407
508771,"Toxoplasma gondii",9548,0.000690554440432122,9539.4,0.000689930817974588
1547,"Thomasclavelia ramosa",8826,0.000638336142779001,8826.6,0.000638376288952277
622,"Shigella dysenteriae",8519,0.000616132517599628,8984.9,0.000649828061744871
2881276,"Fusicatenibacter faecihominis",8385,0.000606441032993647,8191.6,0.000592457267717
44742,"Desulfovibrio fairfieldensis",8105,0.000586190169637866,8105,0.000586193662104842
2951805,"Parabacteroides absconsus",7970,0.0005764263605199,8039.1,0.000581422028378083
180164,"Blautia schinkii",7857,0.000568253690665603,8142.2,0.000588883375800274
39491,"Agathobacter rectalis",7831,0.000566373253353995,8083.7,0.000584649240022516
2786956,"Phocaeicola faecalis",7768,0.000561816809098944,8538.9,0.000617569597588473
536231,"Roseburia intestinalis",7567,0.000547279582189973,7149.3,0.000517073263558998
1628085,"Agathobaculum butyriciproducens",7521,0.000543952654638666,7116.5,0.000514699440552515
3133156,"Faecalibacterium tardum",7369,0.000532959328816957,9055.6,0.000654945273548648
2763059,"Pseudoflavonifractor hominis",7340,0.000530861917969394,7337,0.000530644436222537
2763021,"Bacteroides difficilis",7258,0.00052493130798663,6758.4,0.00048879870587444
1448311,"Aspergillus vadensis",7009,0.000506922504502382,7762.4,0.000561413714818258
536633,"Blautia glucerasea",6894,0.000498605185624115,7475.9,0.000540693277487074
742742,"Collinsella tanakaei",6644,0.000480524057627882,6643.4,0.00048048115692564
214856,"Alistipes finegoldii",6631,0.000479583838972078,8224.3,0.000594818408324921
246787,"Bacteroides cellulosilyticus",6165,0.0004458806163871,6000,0.000433946200463494
53442,"Eubacterium callanderi",6087,0.000440239304452275,6051.7,0.00043768517583086
89014,"Blautia luti",6029,0.000436044482757149,6300.9,0.000455712920630068
2763028,"Blautia intestinalis",5865,0.000424183262791621,6213.9,0.000449416233779352
3078042,"Pilosibacter fragilis",5729,0.00041434712916167,6207.3,0.00044894362515619
2652274,"Eisenbergiella porci",5652,0.00040877814173883,6341.1,0.000458614636264082
470146,"Coprococcus comes",5623,0.000406680730891267,6447.7,0.000466323742856447
85831,"Bacteroides acidifaciens",5592,0.000404438671019734,5609.4,0.000405700613376112
1812935,"Enterobacter roggenkampii",5225,0.000377895575121265,5214,0.000377097478387952
1841857,"Culturomica massiliensis",5170,0.000373917726962093,5077.4,0.000367219071185705
5076,"Penicillium chrysogenum",5072,0.00036682992478757,5067.3,0.000366487924106685
84112,"Eggerthella lenta",5023,0.000363286023700309,5025.1,0.000363438102480025
1972431,"Phytobacter ursingii",4727,0.000341877968152769,4681.6,0.000338595612325995
1712515,"Butyricicoccus faecihominis",4712,0.000340793100472995,5202.4,0.000376263256176025
3133166,"Laedolimicola intestinihominis",4634,0.00033515178853817,5353,0.000387154249281538
154288,"Turicibacter sanguinis",4566,0.000330233721723195,4566,0.000330232973714374
2764325,"[Eubacterium] hominis",4547,0.000328859555995481,4900.4,0.000354415913464868
2608867,"Escherichia ruysiae",4531,0.000327702363803723,5085,0.000367768328335509
3133152,"Blautia intestinihominis",4259,0.000308030096543821,5235.4,0.000378647122045032
2885348,"Hominifimenecus microfluidus",3960,0.000286405067460327,5064.8,0.000366306395697857
1211819,"Holdemania massiliensis",3718,0.000268902535559974,3860.3,0.000279194312385827
78346,"Bifidobacterium ruminantium",3264,0.000236067207118815,3215.6,0.000232565867752673
564,"Escherichia fergusonii",3261,0.00023585023358286,3048.6,0.000220488296400726
1121098,"Phocaeicola massiliensis",3230,0.000233608173711327,3501,0.000253206383993369
2605778,"Clostridium porci",3214,0.000232450981519568,3290.3,0.000237969447692134
1851428,"Faecalibacterium longum",3100,0.000224205987153286,3402.5,0.000246083568078086
1121115,"Blautia wexlerae",3090,0.000223482742033437,4202.3,0.000303930500576422
1069201,"Aspergillus luchuensis",3027,0.000218926297778386,3496.1,0.000252856519234277
2885352,"Hominiventricola filiformis",3015,0.000218058403634567,3210.4,0.000232188270769513
39482,"Faecalicatena contorta",2986,0.000215960992787004,2642.6,0.000191121757133723
3014267,"Agathobaculum massiliense",2925,0.000211549197555923,3457.2,0.000250041727399331
1776379,"Leyella lascolaii",2920,0.000211187574995999,2493.1,0.000180311932775271
1448314,"Aspergillus eucalypticola",2902,0.00020988573378027,2987.3,0.00021605154258991
3133172,"Alistipes intestinihominis",2828,0.000204533719893385,2932.5,0.000212094144937647
2763065,"Ruminococcus hominis",2629,0.000190141142008384,3349,0.000242214839857612
1650661,"Clostridium phoceensis",2526,0.000182691717273936,2334,0.000168803856789062
2447885,"Bacteroides faecalis",2479,0.000179292465210644,2701.7,0.000195396739647268
3064195,"Brotocaccenecus cirricatena",2407,0.000174085100347729,2655.3,0.00019204272549226
2488306,"Pseudocitrobacter vendiensis",2404,0.000173868126811774,2424.9,0.000175381166738589
60171,"Penicillium verrucosum",2318,0.00016764821878107,2334.3,0.000168825538186158
1531,"Enterocloster clostridioformis",2316,0.0001675035697571,2373.6,0.000171671014696816
1134687,"Klebsiella michiganensis",2313,0.000167286596221146,2352.3,0.000170127134471572
203120,"Leuconostoc mesenteroides",2300,0.000166346377565341,2327.2,0.000168311817832413
2763027,"Blautia difficilis",2255,0.000163091774526019,2284.9,0.000165256350173414
624,"Shigella sonnei",2232,0.000161428310750366,2332.5,0.000168693619503152
2949650,"Parabacteroides sp. W1-Q-101",2202,0.000159258575390818,2370.2,0.000171423867712503
2086583,"Pseudoruminococcus massiliensis",2186,0.000158101383199059,2291.8,0.000165752563510198
671267,"Phocaeicola sartorii",2051,0.000148337574081094,2283.7,0.000165164554415031
2490633,"Streptococcus periodonticum",2019,0.000146023189697576,1884.9,0.000136327917494459
103621,"Actinomyces urogenitalis",1979,0.000143130209218179,1979,0.000143130250501696
3133175,"Blautia caccae",1948,0.000140888149346646,2003.3,0.000144888384790403
3030638,"Faecalibacterium taiwanense",1871,0.000135319161923806,2199.5,0.000159075060649881
580166,"Oceanibaculum pacificum",1854,0.000134089645220062,1654.1,0.00011962969307715
626774,"Proteus terrae",1807,0.00013069039315677,1514.4,0.000109530908384135
763034,"Bacteroides fluxus",1779,0.000128665306821192,1920.1,0.000138871835430075
2546350,"Citrobacter arsenatis",1762,0.000127435790117449,1753.9,0.000126849632328993
371601,"Bacteroides xylanisolvens",1759,0.000127218816581494,2037.5,0.000147362187036726
3133499,"Maccoyibacter intestinihominis",1754,0.000126857194021569,1765.6,0.000127696932506031
2714358,"Pusillibacter faecalis",1731,0.000125193730245916,2157.6,0.000156046988586143
2764330,"Veillonella hominis",1729,0.000125049081221946,1694.1,0.000122523996773149
1805714,"Christensenella massiliensis",1689,0.000122156100742549,1723.1,0.000124621396833637
239935,"Akkermansia muciniphila",1659,0.000119986365383001,1662.5,0.000120238082868167
2981773,"Muriventricola aceti",1622,0.000117310358439558,1742.1,0.000125997588870163
2763064,"Roseburia zhanii",1573,0.000113766457352297,1936.1,0.00014003049471642
35703,"Citrobacter amalonaticus",1520,0.000109933258217095,1527.3,0.000110459600018994
411483,"Faecalibacterium duncaniae",1498,0.000108342118953427,1527.9,0.000110505274461407
198214,"Shigella flexneri",1493,0.000107980496393502,1649.7,0.000119312963217787
2981787,"Dorea acetigenes",1419,0.000102628482506617,1496.4,0.000108225571112611
476272,"Blautia hydrogenotrophica",1402,0.000101398965802873,1667.2,0.000120581726872449
558541,"Shewanella chilikensis",1395,0.000100892694218979,1416.7,0.000102460344987528
1522,"[Clostridium] innocuum",1394,0.000100820369706994,1629.8,0.000117871154746484
2585118,"Alistipes communis",1363,9.8578309835461e-05,1361.9,9.84955016102442e-05
1448313,"Aspergillus piperis",1340,9.69148460598076e-05,1363.9,9.86451708464386e-05
2838426,"Candidatus Agathobaculum pullicola",1312,9.48897597242295e-05,1256.3,9.08610825912863e-05
2763672,"Simiaoa sunii",1283,9.27923488766665e-05,1553.6,0.000112364267074498
871325,"Bacteroides faecichinchillae",1257,9.09119115650583e-05,1284.2,9.28781695703767e-05
290055,"Faecalicatena fissicatena",1254,9.06949380291035e-05,1306,9.44575905089297e-05
53346,"Enterococcus mundtii",1235,8.93207723013898e-05,1184,8.56353229776812e-05
1639133,"Citrobacter portucalensis",1230,8.89591497414652e-05,1221.3,8.83309137415025e-05
1511761,"Leuconostoc suionicum",1216,8.79466065736761e-05,1200.7,8.6836902158686e-05
2763671,"Jingyaoa shaoxingensis",1155,8.35348113425954e-05,1292,9.34405032681812e-05
3136601,"Owariibacterium komagatae",1152,8.33178378066406e-05,1114.9,8.0633699316432e-05
208962,"Escherichia albertii",1151,8.32455132946556e-05,1241.2,8.97722340370277e-05
566552,"Bifidobacterium catenulatum",1147,8.29562152467159e-05,955.8,6.91297202798039e-05
2850323,"Diplocloster agilis",1130,8.17266985429721e-05,1260.8,9.11891806545435e-05
2981769,"Waltera acetigignens",1096,7.92676651354844e-05,1377,9.95874614616049e-05
169435,"Anaerotruncus colihominis",1084,7.83997709916653e-05,1076.8,7.78822887391922e-05
2935520,"Faecalibacterium hattorii",1078,7.79658239197557e-05,1189.4,8.60203423377652e-05
150056,"Mammaliicoccus fleurettii",1076,7.78211748957858e-05,1275.9,9.22812343231776e-05
1463165,"Klebsiella quasipneumoniae",1076,7.78211748957858e-05,1141.1,8.25323850790964e-05
2093856,"Butyricimonas faecalis",1033,7.47112208804338e-05,1103.8,7.98338835185577e-05
1796613,"Bacteroides caecimuris",1022,7.39156512485995e-05,1415.8,0.000102395429144526
2763045,"Eubacterium segne",1021,7.38433267366146e-05,1059.7,7.6645066462925e-05
73098,"Kluyvera georgiana",1020,7.37710022246297e-05,1033.8,7.47721993129638e-05
818,"Bacteroides thetaiotaomicron",1019,7.36986777126447e-05,1108.1,8.01448153068547e-05
1750560,"Parabacteroides massiliensis",1010,7.30477571047804e-05,1055.2,7.63201968513132e-05
189834,"Actinobacillus porcitonsillarum",992,7.17459158890516e-05,1247.1,9.01967185919623e-05
1912855,"Faecalimonas umbilicata",991,7.16735913770667e-05,978.3,7.07522453527001e-05
550,"Enterobacter cloacae",982,7.10226707692023e-05,953.4,6.89577058296244e-05
1218112,"Kluyvera cryocrescens",937,6.77680677298804e-05,924.4,6.68551705410024e-05
358743,"Enterocloster citroniae",936,6.76957432178955e-05,937.7,6.78199737559969e-05
1158612,"Enterococcus caccae",933,6.74787696819407e-05,932.7,6.7454163417401e-05
2834113,"Alistipes montrealensis",927,6.70448226100311e-05,928,6.71192358436734e-05
1343,"Streptococcus vestibularis",914,6.6104603954227e-05,918.4,6.64211611208745e-05
1776384,"Emergencia timonensis",912,6.59599549302571e-05,990.5,7.16380502261027e-05
2981792,"Oscillibacter acetigenes",907,6.55983323703325e-05,914.2,6.61181126522221e-05
1871006,"Bacteroides congonensis",901,6.51643852984229e-05,927.7,6.70963087017844e-05
2509240,"Blautia faecicola",893,6.45857892025434e-05,1067.7,7.72227232090998e-05
2497875,"Enterobacter chuandaensis",867,6.27053518909352e-05,860.8,6.2255814367397e-05
3053355,"Streptococcus raffinosi",866,6.26330273789503e-05,861.5,6.23095298452518e-05
1502,"Clostridium perfringens",855,6.1837457747116e-05,855,6.18374890536792e-05
1352,"Enterococcus faecium",841,6.0824914579327e-05,847.9,6.13264624305769e-05
1314,"Streptococcus pyogenes",836,6.04632920194024e-05,852.5,6.16576865754482e-05
411467,"Pseudoflavonifractor capillosus",820,5.93060998276435e-05,860.5,6.22373932115682e-05
1440762,"Dyella japonica",805,5.82212321478695e-05,805,5.82217155931977e-05
667015,"Phocaeicola salanitronis",786,5.68470664201558e-05,947,6.84939210055151e-05
1903263,"Traorella massiliensis",781,5.64854438602311e-05,901.6,6.52075149203941e-05
471875,"[Ruminococcus] lactaris",778,5.62684703242763e-05,756.1,5.46829260142449e-05
3133180,"Enterobacter intestinihominis",773,5.59068477643517e-05,709.1,5.12832614712104e-05
3133165,"Solibaculum intestinale",741,5.35924633808339e-05,776.9,5.61888079215077e-05
272559,"Bacteroides fragilis",732,5.29415427729695e-05,754.7,5.4580147550955e-05
324831,"Lactobacillus gasseri",726,5.25075957010599e-05,751.3,5.43387799902779e-05
1288121,"Alistipes senegalensis",725,5.2435271189075e-05,725.5,5.24727509558902e-05
518634,"Bifidobacterium breve",724,5.23629466770901e-05,715.2,5.17291602098777e-05
1653434,"Sellimonas intestinalis",717,5.18566750931956e-05,720.6,5.21154506223121e-05
638849,"Pyramidobacter piscolens",715,5.17120260692257e-05,715,5.1712052249568e-05
1177179,"Alcanivorax hongdengensis",711,5.1422728021286e-05,480.4,3.47427270273914e-05
2211183,"Evtepia gabavorous",707,5.11334299733462e-05,676.4,4.89213618223363e-05
2981794,"Roseburia amylophila",706,5.10611054613613e-05,794.3,5.74462946945622e-05
3435293,"Faecalibacterium langellae",691,4.99762377815874e-05,804.9,5.82113441877309e-05
880526,"Rikenella microfusus",671,4.85297475418887e-05,673.8,4.87305804074978e-05
223926,"Vibrio parahaemolyticus",669,4.83850985179189e-05,668.7,4.83608082681213e-05
2838470,"Candidatus Bacteroides intestinigallinarum",666,4.81681249819641e-05,798.1,5.77240316363773e-05
2763067,"Streptococcus hominis",654,4.73002308381449e-05,760.8,5.50212354159112e-05
3062598,"Erwinia pyri",649,4.69386082782203e-05,618.5,4.47325685185421e-05
2026240,"Klebsiella quasivariicola",644,4.65769857182956e-05,599.1,4.33288440748617e-05
1121096,"Bacteroides gallinarum",642,4.64323366943257e-05,666.6,4.82100159416311e-05
3133163,"Ruthenibacterium intestinale",627,4.53474690145518e-05,850.6,6.152085062994e-05
2885351,"Hominisplanchenecus faecis",624,4.5130495478597e-05,660.3,4.77577874520615e-05
2763658,"Ligaoa zhengdingensis",621,4.49135219426422e-05,676.4,4.89222713382228e-05
2763040,"Dorea hominis",608,4.39733032868381e-05,639.3,4.62391050039229e-05
622312,"Roseburia inulinivorans",608,4.39733032868381e-05,753.3,5.4481411826722e-05
2739389,"Phocaeicola faecicola",605,4.37563297508833e-05,688.8,4.98165075701968e-05
2763673,"Yanshouia hominis",591,4.27437865830942e-05,567.9,4.10762563916329e-05
1912897,"Blautia argi",581,4.20205414632449e-05,644,4.65804074049976e-05
2316025,"Mediterraneibacter butyricigenes",566,4.0935673783471e-05,607.4,4.39313455729344e-05
1703332,"Butyribacter intestini",558,4.03570776875915e-05,579.9,4.19423326893898e-05
2979868,"Neopusillimonas aromaticivorans",553,3.99954551276669e-05,611.8,4.42479222514282e-05
3079010,"Diplocloster hominis",537,3.8838262935908e-05,575.4,4.16178925601285e-05
871664,"Blautia stercoris",535,3.86936139119381e-05,570.8,4.12823793971458e-05
3376993,"Vescimonas sanitatis",533,3.85489648879682e-05,537.1,3.8843285237242e-05
2981780,"Bacteroides cellulolyticus",526,3.80426933040737e-05,535.1,3.87015410472964e-05
39488,"Anaerobutyricum hallii",515,3.72471236722395e-05,521.6,3.77256346554106e-05
1033731,"Alistipes timonensis",515,3.72471236722395e-05,500.7,3.62137841606017e-05
2834112,"Bacteroides propionicigenes",508,3.6740852088345e-05,537.9,3.88998494147453e-05
3136256,"Xenorhabdus bharatensis",498,3.60176069684957e-05,487.3,3.52441777239181e-05
1499973,"Escherichia marmotae",489,3.53666863606313e-05,505.2,3.65352661386131e-05
2498453,"Geminicoccus harenae",487,3.52220373366614e-05,616.9,4.46165003054629e-05
218936,"Aeromonas simiae",484,3.50050638007066e-05,472,3.41394247944885e-05
2763053,"Lawsonibacter hominis",470,3.39925206329176e-05,503.3,3.64022039040785e-05
293939,"Aspergillus lentulus",458,3.31246264890984e-05,388,2.80603490120557e-05
268346,"Penicillium mononematosum",453,3.27630039291738e-05,449.5,3.25108867371936e-05
2929491,"Faecalibacterium wellingii",452,3.26906794171888e-05,532.2,3.84888090790318e-05
1544,"Faecalicatena orotica",450,3.2546030393219e-05,450.9,3.2612702589202e-05
997873,"Bacteroides caccae",444,3.21120833213094e-05,470.4,3.40186526081948e-05
3133157,"Faecalibacterium faecis",444,3.21120833213094e-05,489.9,3.54288951740803e-05
537006,"Parabacteroides johnsonii",442,3.19674342973395e-05,449.1,3.24826974424448e-05
291644,"Bacteroides salyersiae",442,3.19674342973395e-05,480.5,3.47548056861928e-05
2903556,"Faecalibacterium gallinarum",426,3.08102421055806e-05,426,3.08097311305133e-05
2981772,"Muricoprocola aceti",417,3.01593214977162e-05,459.6,3.32374641309988e-05
192222,"Campylobacter jejuni",416,3.00869969857313e-05,414.5,2.99764760328901e-05
2590157,"Klebsiella variicola",415,3.00146724737464e-05,408,2.95109094342403e-05
1599,"Latilactobacillus sakei",414,2.99423479617615e-05,413.9,2.99377135586298e-05
871327,"Parabacteroides chinchillae",414,2.99423479617615e-05,410.6,2.96998621344758e-05
1851427,"Faecalibacterium butyricigenerans",400,2.89298047939724e-05,466.4,3.37320218452458e-05
116085,"Coprococcus catus",397,2.87128312580176e-05,430.1,3.11063921924839e-05
2763014,"Agathobaculum hominis",395,2.85681822340478e-05,387.4,2.80164748395286e-05
437897,"Megamonas funiformis",393,2.84235332100779e-05,391.5,2.8311866109032e-05
871665,"Blautia faecis",373,2.69770429703793e-05,462.8,3.34712164057237e-05
547043,"Bifidobacterium pseudocatenulatum",367,2.65430958984697e-05,510.8,3.69407719533576e-05
60172,"Penicillium solitum",367,2.65430958984697e-05,350.3,2.53335706484025e-05
2606636,"Bilifractor porci",364,2.63261223625149e-05,368.4,2.66460511760673e-05
1681,"Bifidobacterium bifidum",361,2.61091488265601e-05,385.9,2.79078475712265e-05
1917867,"Bacilliculturomica massiliensis",352,2.54582282186957e-05,362.1,2.61918585759423e-05
5851,"Plasmodium knowlesi",346,2.50242811467861e-05,346,2.50208635362285e-05
1870993,"Coprococcus phoceensis",344,2.48796321228163e-05,392.2,2.83638793398691e-05
3133091,"unknown genome; accession ID isNZ_JBBMER010000003.1",342,2.47349830988464e-05,342,2.47349956214717e-05
126998,"Penicillium bovifimosum",341,2.46626585868615e-05,347.3,2.51197866362475e-05
880074,"Barnesiella viscericola",337,2.43733605389218e-05,348.7,2.52181817155777e-05
2981782,"Blautia ammoniilytica",334,2.4156387002967e-05,325.9,2.35724046117597e-05
67826,"Citrobacter sedlakii",329,2.37947644430423e-05,438.1,3.16845258721812e-05
673271,"Catenibacillus scindens",325,2.35054663951026e-05,427.6,3.09234091512692e-05
3133164,"Hominiventricola aquisgranensis",324,2.34331418831177e-05,361.3,2.61310582112467e-05
2763017,"Anaerosacchariphilus hominis",323,2.33608173711327e-05,320.8,2.32007002908082e-05
2941333,"Mediterraneibacter agrestimuris",322,2.32884928591478e-05,312.8,2.26198555401182e-05
1796615,"Blautia caecimuris",320,2.31438438351779e-05,337.4,2.44017784090224e-05
1871030,"Merdibacter massiliensis",317,2.29268702992231e-05,320.4,2.31758435519465e-05
472693,"Pantoea eucrina",305,2.2058976155404e-05,297.6,2.15264012510816e-05
764299,"Streptococcus ictaluri",302,2.18420026194492e-05,285.3,2.06329939081704e-05
331117,"Aspergillus fischeri",301,2.17696781074642e-05,372.1,2.69142059575858e-05
2763042,"Dysosmobacter segnis",297,2.14803800595245e-05,318.7,2.30524891153074e-05
2981774,"Suilimivivens aceti",297,2.14803800595245e-05,391.2,2.82960163076108e-05
29466,"Veillonella parvula",297,2.14803800595245e-05,331,2.39393130478928e-05
2981785,"Coprococcus ammoniilyticus",295,2.13357310355547e-05,287,2.07552889197812e-05
2077090,"Vibrio gangliei",293,2.11910820115848e-05,318.4,2.30246508138028e-05
3034501,"Enterococcus spodopteracolus",293,2.11910820115848e-05,343.5,2.48409782708087e-05
1841856,"Bacteroides mediterraneensis",293,2.11910820115848e-05,309.2,2.23637143677708e-05
2303987,"Motilimonas pumila",289,2.09017839636451e-05,358.1,2.5897261472292e-05
2981793,"Phocaeicola fibrisolvens",289,2.09017839636451e-05,342.8,2.47955726791113e-05
2606638,"Bullifex porci",286,2.06848104276903e-05,287.3,2.0781321395641e-05
435590,"Phocaeicola vulgatus",284,2.05401614037204e-05,285.4,2.06433462050068e-05
255519,"Atlantibacter subterraneus",283,2.04678368917355e-05,288.7,2.08767397978583e-05
445970,"Alistipes putredinis",281,2.03231878677656e-05,282.7,2.04458377079197e-05
2316720,"Corallococcus interemptor",274,1.98169162838711e-05,209.5,1.51522376118171e-05
188913,"Cetobacterium somerae",274,1.98169162838711e-05,278.2,2.0123249118978e-05
1917883,"Bacteroides togonis",271,1.95999427479163e-05,291.1,2.10545632195457e-05
1987383,"Candidatus Enterococcus wittei",268,1.93829692119615e-05,265.7,1.92130522533133e-05
501571,"Butyricicoccus pullicaecorum",267,1.93106446999766e-05,361.8,2.61685962150047e-05
36651,"Penicillium digitatum",266,1.92383201879917e-05,266.3,1.92568696361239e-05
915173,"Faecalicoccus acidiformans",266,1.92383201879917e-05,260.2,1.88191873116062e-05
1882272,"Penicillium samsonianum",264,1.90936711640218e-05,272,1.96757160316309e-05
45851,"Eshraghiella crossota",262,1.89490221400519e-05,263.9,1.90873525512764e-05
40994,"Penicillium hordei",262,1.89490221400519e-05,267.6,1.93541836755722e-05
1354,"Enterococcus hirae",256,1.85150750681423e-05,257.2,1.86014375167211e-05
261299,"Intestinibacter bartlettii",251,1.81534525082177e-05,250.5,1.81161104945246e-05
2894201,"Citrobacter meridianamericanus",250,1.80811279962328e-05,287.7,2.08058901303311e-05
1816676,"Alistipes provencensis",247,1.7864154460278e-05,297.5,2.1517191264237e-05
2653932,"Citrobacter telavivensis",245,1.77195054363081e-05,327.7,2.3703102388791e-05
1735,"Holdemanella biformis",239,1.72855583643985e-05,235.5,1.7031205583523e-05
1035377,"Yersinia pestis",225,1.62730151966095e-05,227.3,1.64382597477945e-05
1323,"Faecalicoccus pleomorphus",222,1.60560416606547e-05,225.9,1.63349605952511e-05
2762212,"Phocaeicola intestinalis",221,1.59837171486698e-05,220.3,1.59322822123782e-05
61648,"Kluyvera intermedia",218,1.5766743612715e-05,304,2.19881497310286e-05
2763030,"Blautia segnis",216,1.56220945887451e-05,208.7,1.50929721964732e-05
391612,"Crocosphaera chwakensis",215,1.55497700767602e-05,208.6,1.50864319371197e-05
2748301,"Streptococcus vaginalis",215,1.55497700767602e-05,243.9,1.7640169628165e-05
3133171,"Pseudoflavonifractor intestinihominis",215,1.55497700767602e-05,226.3,1.63644402217036e-05
61647,"Pluralibacter gergoviae",212,1.53327965408054e-05,210.9,1.52525972094907e-05
2763047,"Flintibacter faecis",207,1.49711739808807e-05,254.1,1.83777891708531e-05
1308,"Streptococcus thermophilus",201,1.45372269089711e-05,204,1.47547261839161e-05
1805431,"Enterococcus saigonensis",199,1.43925778850013e-05,197.1,1.42521817969193e-05
1926283,"Lachnoclostridium edouardi",197,1.42479288610314e-05,220.2,1.59276226283081e-05
518636,"Enterocloster asparagiformis",196,1.41756043490465e-05,203.2,1.46935442057701e-05
2981720,"Bovifimicola ammoniilytica",195,1.41032798370616e-05,160,1.15691008515254e-05
33039,"[Ruminococcus] torques",195,1.41032798370616e-05,207,1.49680562748802e-05
2518605,"Segatella hominis",192,1.38863063011068e-05,196.9,1.42437141219779e-05
2107999,"Lactobacillus paragasseri",191,1.38139817891218e-05,165.5,1.19699605673126e-05
3133177,"Bifidobacterium hominis",190,1.37416572771369e-05,193.9,1.40231047551346e-05
2153354,"Klebsiella huaxiensis",189,1.3669332765152e-05,204.6,1.47984091937956e-05
342942,"Mediterraneibacter glycyrrhizinilyticus",189,1.3669332765152e-05,202.9,1.46750347135617e-05
2764323,"Catenibacterium faecis",185,1.33800347172122e-05,200.3,1.44857775551362e-05
5083,"Penicillium canescens",184,1.33077102052273e-05,185.1,1.33837792954129e-05
70346,"Acinetobacter variabilis",183,1.32353856932424e-05,207.8,1.50274815014403e-05
2499078,"Vibrio ouci",182,1.31630611812575e-05,181.3,1.31092170009822e-05
2714353,"Vescimonas fastidiosa",180,1.30184121572876e-05,229.7,1.66150445366844e-05
2489010,"Klebsiella africana",176,1.27291141093479e-05,217.6,1.57345077539547e-05
2758443,"Mixta mediterraneensis",174,1.2584465085378e-05,181.6,1.31325691456129e-05
2497436,"Enterobacter quasiroggenkampii",174,1.2584465085378e-05,171.2,1.23799180371927e-05
2763655,"Gehongia tenuis",173,1.25121405733931e-05,178,1.28739575072519e-05
1121094,"Phocaeicola barnesiae",171,1.23674915494232e-05,188.3,1.36200158901598e-05
1328,"Streptococcus anginosus",169,1.22228425254533e-05,174.8,1.26441078526691e-05
2726362,"Faecalicatena faecalis",167,1.20781935014835e-05,193.6,1.40040065489239e-05
2763670,"Wujia chipingensis",167,1.20781935014835e-05,156.7,1.13357013441669e-05
54291,"Raoultella ornithinolytica",163,1.17888954535438e-05,187.1,1.3535537333799e-05
1841864,"Marseilla massiliensis",161,1.16442464295739e-05,161.5,1.16777668596345e-05
39490,"Eubacterium ramulus",160,1.1571921917589e-05,170.6,1.23369064262873e-05
2650157,"Bacteroides zhangwenhongii",159,1.1499597405604e-05,166.7,1.20592077244186e-05
2763032,"Butyricimonas hominis",157,1.13549483816342e-05,168.3,1.21706433688226e-05
1157498,"Micromonospora fiedleri",156,1.12826238696492e-05,156,1.12826295858907e-05
478749,"Marvinbryantia formatexigens",156,1.12826238696492e-05,158.6,1.14735505567289e-05
2981724,"Alitiscatomonas aceti",156,1.12826238696492e-05,169.3,1.22424957574204e-05
2479840,"Prevotella marseillensis",151,1.09210013097246e-05,112.7,8.15250956442106e-06
1121333,"Thomasclavelia saccharogumia",148,1.07040277737698e-05,145,1.04875311809037e-05
2981768,"Anthropogastromicrobium aceti",148,1.07040277737698e-05,145.5,1.05247220060364e-05
2981771,"Laedolimicola ammoniilytica",144,1.04147297258301e-05,138.4,1.00065026820519e-05
45133,"Lasiodiplodia theobromae",142,1.02700807018602e-05,189.7,1.37176911005526e-05
1341132,"Aspergillus welwitschiae",140,1.01254316778903e-05,139.6,1.00964240974015e-05
2763062,"Roseburia rectibacter",140,1.01254316778903e-05,151.6,1.09662128716549e-05
2824910,"Heyndrickxia faecalis",140,1.01254316778903e-05,137,9.90966105069858e-06
1940789,"Lactococcus petauri",139,1.00531071659054e-05,131.8,9.52993916745284e-06
871324,"Bacteroides stercorirosoris",139,1.00531071659054e-05,103.8,7.50741282128145e-06
2994035,"Sellimonas catena",138,9.98078265392048e-06,132.4,9.57360621389147e-06
2020965,"Bifidobacterium imperatoris",137,9.90845814193555e-06,137.3,9.93351111134577e-06
2763063,"Roseburia yibonii",136,9.83613362995062e-06,136.9,9.89811839561136e-06
2714355,"Vescimonas coprocola",136,9.83613362995062e-06,165.3,1.19583554819079e-05
NA,"unknown genome; accession ID isNZ_DAWEHO010000023.1",136,9.83613362995062e-06,136,9.83645541719807e-06
2763050,"Hungatella hominis",133,9.61916009399583e-06,132.7,9.59418300029399e-06
2585119,"Alistipes dispar",132,9.5468355820109e-06,136.6,9.88152542162844e-06
2763052,"Lawsonibacter faecis",130,9.40218655804104e-06,130,9.40558797237553e-06
88431,"Dorea longicatena",130,9.40218655804104e-06,129.9,9.39283962860896e-06
40518,"Ruminococcus bromii",128,9.25753753407117e-06,128.1,9.266389315825e-06
76860,"Streptococcus constellatus",128,9.25753753407117e-06,122.8,8.88122300366246e-06
2899544,"Intestinirhabdus alba",126,9.11288851010131e-06,105,7.5914335840663e-06
1650663,"Allofournierella massiliensis",125,9.04056399811638e-06,125,9.03975595255469e-06
1076124,"Phytohabitans flavus",124,8.96823948613145e-06,126.1,9.12268578513181e-06
3044208,"Fusibacillus kribbianus",123,8.89591497414652e-06,121.6,8.79413124411517e-06
762968,"Paraprevotella clara",122,8.82359046216159e-06,122.1,8.83103339199511e-06
3133162,"Ruminococcoides intestinale",122,8.82359046216159e-06,124.7,9.02163311855834e-06
202956,"Acinetobacter towneri",120,8.67894143819173e-06,121,8.74868056940459e-06
1243002,"Vibrio olivae",119,8.60661692620679e-06,120.8,8.73617916330633e-06
2743469,"Rhabdonatronobacter sediminivivens",118,8.53429241422186e-06,109,7.88482413033261e-06
460384,"Enterocloster lavalensis",117,8.46196790223693e-06,114.9,8.31316234853326e-06
2579922,"Pseudomonas yangonensis",117,8.46196790223693e-06,124.4,8.99949319312089e-06
2070686,"Enteroscipio rubneri",116,8.389643390252e-06,109.8,7.94147566190837e-06
2763013,"Agathobaculum faecis",115,8.31731887826707e-06,115.5,8.35145941896922e-06
65700,"Erwinia tracheiphila",115,8.31731887826707e-06,101.5,7.34294411175116e-06
3342383,"Flintibacter porci",114,8.24499436628214e-06,172.9,1.25071244078516e-05
2981788,"Dorea ammoniilytica",112,8.10034534231228e-06,113.4,8.20452402742196e-06
NA,"unknown genome; accession ID isNZ_LT671675.1",112,8.10034534231228e-06,112.3,8.1248016745522e-06
2172043,"Bifidobacterium tibiigranuli",111,8.02802083032735e-06,116.5,8.42818081938493e-06
2981786,"Coprococcus aceti",111,8.02802083032735e-06,106.3,7.68855172877791e-06
2981770,"Gallintestinimicrobium propionicum",111,8.02802083032735e-06,131.2,9.48665732227598e-06
575,"Raoultella planticola",108,7.81104729437255e-06,121.4,8.78355686206392e-06
2487118,"Intestinibaculum porci",107,7.73872278238762e-06,108.8,7.86611048726127e-06
365590,"Shewanella hafniensis",107,7.73872278238762e-06,104.5,7.55677666705415e-06
310300,"Bacteroides pyogenes",107,7.73872278238762e-06,107.1,7.74485831762852e-06
69789,"Penicillium soppii",106,7.66639827040269e-06,107.3,7.7630272773562e-06
2841504,"Dysosmobacter acutus",104,7.52174924643283e-06,108.9,7.87292876304863e-06
218493,"Salmonella bongori",100,7.2324511984931e-06,105.5,7.62931582153036e-06
67780,"Edwardsiella ictaluri",100,7.2324511984931e-06,103.7,7.50267652725916e-06
1121114,"Blautia producta",99,7.16012668650817e-06,102,7.37814966725926e-06
157792,"Halopseudomonas xiamenensis",99,7.16012668650817e-06,123,8.8980483873933e-06
1121950,"Hespellia stercorisuis",99,7.16012668650817e-06,107.5,7.77665685452147e-06
2597270,"Alkalicoccobacillus porphyridii",98,7.08780217452324e-06,97.7,7.0681179047158e-06
472695,"Pantoea septica",98,7.08780217452324e-06,101.6,7.34934980356224e-06
2107694,"Aphanothece hegewaldii",97,7.01547766253831e-06,112.5,8.1380857175089e-06
1206725,"Nocardia brevicatena",96,6.94315315055338e-06,125.4,9.06759942767388e-06
2764327,"Holdemanella hominis",96,6.94315315055338e-06,96.7,6.99360160125912e-06
1410646,"Bifidobacterium merycicum",96,6.94315315055338e-06,102.1,7.38263372110788e-06
1871013,"Parabacteroides timonensis",94,6.79850412658352e-06,94.8,6.85678173347313e-06
2919919,"Atopomonas sediminilitoris",91,6.58153059062873e-06,86.6,6.26481332781492e-06
2890315,"Yersinia artesiana",89,6.43688156665886e-06,90.1,6.51898888557086e-06
767769,"Aspergillus brasiliensis",86,6.21990803070407e-06,88.7,6.41567729914853e-06
53345,"Enterococcus durans",86,6.21990803070407e-06,88.6,6.40751092922842e-06
760570,"Streptococcus parasanguinis",85,6.14758351871914e-06,82.3,5.95490318682439e-06
2650158,"Bacteroides luhongzhouii",85,6.14758351871914e-06,86.1,6.22731789876683e-06
291645,"Bacteroides nordii",85,6.14758351871914e-06,85,6.14622021884874e-06
100884,"Coprobacillus cateniformis",84,6.07525900673421e-06,85.2,6.16161133911664e-06
1218085,"Citrobacter rodentium",83,6.00293449474928e-06,84.4,6.10085697038052e-06
3133158,"Lachnospira intestinalis",82,5.93060998276435e-06,104.9,7.58839941597786e-06
2885357,"Hominenteromicrobium mulieris",79,5.71363644680955e-06,84.6,6.11506304874435e-06
3133422,"Flavonifractor porci",78,5.64131193482462e-06,80.2,5.80217438373117e-06
2015901,"Massilicoli timonensis",77,5.56898742283969e-06,77.5,5.60679446797991e-06
283354,"Alternaria metachromatica",76,5.49666291085476e-06,76.4,5.52882135922275e-06
2981722,"Porcipelethomonas ammoniilytica",76,5.49666291085476e-06,75.7,5.47342185296292e-06
2685834,"Parabacteroides chongii",76,5.49666291085476e-06,70.7,5.11112080178473e-06
1384589,"Entomohabitans teleogrylli",73,5.27968937489997e-06,73.4,5.30890361065121e-06
133448,"Citrobacter youngae",73,5.27968937489997e-06,71.9,5.2028560172534e-06
1559,"Clostridium tertium",73,5.27968937489997e-06,73,5.27969204785799e-06
433664,"Nocardioides agariphilus",72,5.20736486291504e-06,72.6,5.25413188550616e-06
483215,"Bacteroides finegoldii",71,5.1350403509301e-06,69.1,4.9969518002468e-06
762051,"Leuconostoc kimchii",70,5.06271583894517e-06,57.3,4.14149139632777e-06
2891570,"Pseudocitrobacter corydidari",70,5.06271583894517e-06,81.9,5.92130918218745e-06
2978477,"Eubacterium album",70,5.06271583894517e-06,70.2,5.07548519779886e-06
2747601,"Ruegeria haliotis",69,4.99039132696024e-06,71.1,5.14299927785463e-06
2763035,"Clostridium facile",69,4.99039132696024e-06,67.5,4.88483465271694e-06
2885361,"Brotaphodocola catenula",69,4.99039132696024e-06,66.6,4.81321179718304e-06
150033,"Enterococcus ratti",68,4.91806681497531e-06,68,4.91490236592562e-06
674529,"Bacteroides faecis",68,4.91806681497531e-06,81.3,5.87999261581351e-06
2763048,"Flintibacter hominis",67,4.84574230299038e-06,67.5,4.88468534887781e-06
69359,"Thiohalocapsa halophila",66,4.77341779100545e-06,62.6,4.53111939754396e-06
75553,"Aspergillus viridinutans",66,4.77341779100545e-06,65.1,4.70500960164302e-06
1437610,"Bifidobacterium reuteri",65,4.70109327902052e-06,65.8,4.75781730138689e-06
1835702,"Penicillium arizonense",65,4.70109327902052e-06,74.1,5.36255374244895e-06
1121111,"Bifidobacterium thermacidophilum",64,4.62876876703559e-06,72.6,5.25004778757699e-06
1981510,"Monoglobus pectinilyticus",64,4.62876876703559e-06,66.3,4.79382775798892e-06
2763675,"Jilunia laotingensis",64,4.62876876703559e-06,88.4,6.39665730500566e-06
3367746,"Aeromonas sp. A-5",64,4.62876876703559e-06,75.4,5.45466529091122e-06
2941327,"Flintibacter muris",64,4.62876876703559e-06,63.3,4.57624584461582e-06
3037989,"Bacteroides vicugnae",63,4.55644425505066e-06,64.8,4.68835423231341e-06
2316726,"Corallococcus sicarius",62,4.48411974306572e-06,64.4,4.65555494544515e-06
3133170,"Ventrimonas faecis",62,4.48411974306572e-06,63.8,4.61358193807263e-06
2780922,"Solibaculum mannosilyticum",61,4.41179523108079e-06,61.5,4.44867876949467e-06
40041,"Streptococcus equi",61,4.41179523108079e-06,60.8,4.40089441309618e-06
2690837,"Eggerthella guodeyinii",60,4.33947071909586e-06,57.6,4.16948306656215e-06
54062,"Pediococcus parvulus",60,4.33947071909586e-06,55.8,4.03455037516556e-06
518635,"Bifidobacterium angulatum",59,4.26714620711093e-06,62.1,4.49398506392417e-06
3093657,"Acutalibacter caecimuris",59,4.26714620711093e-06,60.5,4.37694458233621e-06
2529380,"Kosakonia quasisacchari",58,4.194821695126e-06,60.9,4.40561808951014e-06
1982626,"Faecalibacillus intestinalis",58,4.194821695126e-06,58.7,4.24741352647971e-06
1871016,"Collinsella phocaeensis",57,4.12249718314107e-06,55.8,4.03586238434574e-06
745368,"Gemmiger formicilis",57,4.12249718314107e-06,61.3,4.43369504774305e-06
2763061,"Roseburia lenta",56,4.05017267115614e-06,58.3,4.21844205569666e-06
2996112,"Enterobacter pseudoroggenkampii",56,4.05017267115614e-06,58.6,4.24105916529762e-06
1121129,"Butyricimonas synergistica",55,3.97784815917121e-06,55,3.97869982428585e-06
105843,"Anaerobutyricum soehngenii",55,3.97784815917121e-06,60.1,4.34847316305955e-06
2888525,"Thermomonas alba",54,3.90552364718628e-06,51.2,3.70414763068946e-06
158849,"Moellerella wisconsensis",54,3.90552364718628e-06,54.1,3.91179726513314e-06
270249,"Bartonella phoceensis",54,3.90552364718628e-06,54,3.9073260981469e-06
1798158,"Bifidobacterium ramosum",53,3.83319913520135e-06,53.3,3.85764987383473e-06
89139,"Rasamsonia byssochlamydoides",53,3.83319913520135e-06,53,3.83320107584211e-06
1775168,"Flagellimonas marina",53,3.83319913520135e-06,53,3.83320107584211e-06
1936995,"Parabacteroides bouchesdurhonensis",53,3.83319913520135e-06,51.6,3.73194666911897e-06
428127,"Amedibacillus dolichus",52,3.76087462321641e-06,52.9,3.82353045315002e-06
2564099,"Ruminococcus bovis",52,3.76087462321641e-06,51.4,3.71618511384166e-06
1932,"Streptomyces tendae",52,3.76087462321641e-06,51.8,3.74565913270999e-06
246144,"Enterococcus italicus",52,3.76087462321641e-06,49.5,3.57950970638876e-06
544645,"Butyricimonas virosa",52,3.76087462321641e-06,50.8,3.67266773247836e-06
2763023,"Bacteroides hominis",52,3.76087462321641e-06,52.9,3.82744732866464e-06
1987501,"Massiliimalia timonensis",51,3.68855011123148e-06,48.1,3.47910990076361e-06
2740817,"Paramixta manurensis",50,3.61622559924655e-06,50.1,3.62559972102511e-06
2666183,"Pseudomonas juntendi",50,3.61622559924655e-06,61.1,4.41989180638468e-06
588,"Providencia stuartii",48,3.47157657527669e-06,51.9,3.75623078900121e-06
3040937,"Raoultella scottii",48,3.47157657527669e-06,47.9,3.46260151778259e-06
1640685,"Enterococcus massiliensis",47,3.39925206329176e-06,48.4,3.50189787238004e-06
1652495,"Corynebacterium crudilactis",47,3.39925206329176e-06,48.1,3.48064997975035e-06
2494701,"Enterobacter chengduensis",47,3.39925206329176e-06,69.9,5.05848274937893e-06
1259973,"Klebsiella electrica",47,3.39925206329176e-06,44.7,3.23166105748523e-06
3030999,"Enterobacter rongchengensis",47,3.39925206329176e-06,48.4,3.50041972277448e-06
1841865,"Mediterranea massiliensis",47,3.39925206329176e-06,49.2,3.55775687283347e-06
1796634,"Muricomes intestini",46,3.32692755130683e-06,48.1,3.48195733455459e-06
2762229,"Escherichia whittamii",46,3.32692755130683e-06,46.3,3.35042163225736e-06
392561,"Deinococcus lacus",46,3.32692755130683e-06,46,3.33048277780177e-06
449673,"Bacteroides stercoris",45,3.2546030393219e-06,47.7,3.45214099860821e-06
2763644,"Zhenpiania hominis",45,3.2546030393219e-06,44.8,3.24208535004436e-06
37930,"Glutamicibacter protophormiae",45,3.2546030393219e-06,45.5,3.29174800982136e-06
67824,"Citrobacter farmeri",45,3.2546030393219e-06,45.1,3.26096087084452e-06
214851,"Subdoligranulum variabile",45,3.2546030393219e-06,41.7,3.01746431798897e-06
1095768,"Phytobacter massiliensis",44,3.18227852733697e-06,44.1,3.19137392465936e-06
1133319,"Bacteroides reticulotermitis",44,3.18227852733697e-06,45.4,3.28458877072102e-06
3097367,"Actinomadura monticuli",44,3.18227852733697e-06,44.3,3.20280115034137e-06
370354,"Entamoeba dispar",43,3.10995401535203e-06,44.1,3.18803935364995e-06
69224,"Erwinia psidii",43,3.10995401535203e-06,51.7,3.73781957715212e-06
684066,"Streptococcus lactarius",43,3.10995401535203e-06,36.7,2.65468116700926e-06
2681984,"Erwinia sorbitola",42,3.0376295033671e-06,41.8,3.02644207322441e-06
301302,"Roseburia faecis",42,3.0376295033671e-06,43.2,3.12565664411819e-06
2941233,"Acetatifactor aquisgranensis",42,3.0376295033671e-06,42.6,3.08046581810486e-06
2941515,"Otoolea muris",41,2.96530499138217e-06,40.4,2.92273502594903e-06
1158604,"Enterococcus villorum",40,2.89298047939724e-06,43.7,3.163526860404e-06
91492,"Aspergillus udagawae",40,2.89298047939724e-06,37.8,2.73461397582535e-06
3032125,"Neopoerus faecalis",40,2.89298047939724e-06,44.6,3.22257788746111e-06
1841855,"Bacteroides bouchesdurhonensis",40,2.89298047939724e-06,41.7,3.01373994927549e-06
2927804,"Marinobacterium sedimentorum",39,2.82065596741231e-06,35.7,2.58164553369481e-06
3032872,"Petralouisia muris",38,2.74833145542738e-06,38.2,2.76378174169429e-06
2583810,"Alteribacter natronophilus",38,2.74833145542738e-06,40.4,2.92238926292978e-06
2071710,"Enterobacter sichuanensis",38,2.74833145542738e-06,41.2,2.98182402573034e-06
2604158,"Nitratidesulfovibrio liaohensis",38,2.74833145542738e-06,38,2.7483328529704e-06
102862,"Proteus penneri",38,2.74833145542738e-06,48.6,3.51375813408577e-06
3034352,"Enterococcus entomosocium",38,2.74833145542738e-06,38,2.74698757792515e-06
2530390,"Muribaculum gordoncarteri",36,2.60368243145752e-06,37,2.6755744772746e-06
1202713,"Paenalcaligenes suwonensis",36,2.60368243145752e-06,44.6,3.22355875907346e-06
2779352,"Pseudoflavonifractor gallinarum",36,2.60368243145752e-06,36.1,2.61313770775371e-06
252393,"Candidatus Erwinia dacicola",35,2.53135791947259e-06,38,2.74632703312509e-06
1918949,"Solemya elarraichensis gill symbiont",35,2.53135791947259e-06,36.1,2.60996273313189e-06
2080838,"Lelliottia aquatilis",35,2.53135791947259e-06,35.1,2.53797812696049e-06
1517512,"Aspergillus pseudoviridinutans",35,2.53135791947259e-06,36.8,2.66151557777921e-06
113107,"Streptococcus australis",35,2.53135791947259e-06,32.8,2.37247521761984e-06
515620,"Lachnospira eligens",34,2.45903340748766e-06,35.5,2.57080316702037e-06
2292441,"Paratractidigestivibacter faecalis",34,2.45903340748766e-06,29.9,2.162317869447e-06
411468,"[Clostridium] scindens",34,2.45903340748766e-06,36.7,2.65492715695276e-06
209559,"Aspergillus alliaceus",34,2.45903340748766e-06,34,2.45908186158997e-06
2100822,"Kushneria phyllosphaerae",34,2.45903340748766e-06,34.5,2.49664657999519e-06
676599,"Stenotrophomonas panacihumi",33,2.38670889550272e-06,33.8,2.44701930707851e-06
270498,"Christensenella hongkongensis",33,2.38670889550272e-06,34.2,2.47385491014656e-06
154046,"Hungatella hathewayi",33,2.38670889550272e-06,42.8,3.09824381853236e-06
1462571,"Bacteroides gallinaceum",33,2.38670889550272e-06,37.4,2.70462981272753e-06
694437,"Flammeovirga aprica",32,2.31438438351779e-06,31.6,2.28388618145841e-06
33043,"Coprococcus eutactus",32,2.31438438351779e-06,44.8,3.24243673121767e-06
1907654,"Collinsella bouchesdurhonensis",32,2.31438438351779e-06,32.2,2.3271341281563e-06
1550024,"Ruthenibacterium lactatiformans",30,2.16973535954793e-06,31.6,2.28663271925599e-06
94643,"Besnoitia besnoiti",30,2.16973535954793e-06,30.9,2.23201628318378e-06
197614,"Streptococcus pasteurianus",30,2.16973535954793e-06,33,2.38452668341609e-06
930854,"Enterococcus viikkiensis",30,2.16973535954793e-06,29.1,2.10508564315413e-06
2230878,"Candidatus Enterococcus mangumiae",30,2.16973535954793e-06,30.1,2.17567253974531e-06
2838947,"Enterobacter quasimori",30,2.16973535954793e-06,29.1,2.10810825606585e-06
3073100,"Candidatus Cetobacterium colombiensis",30,2.16973535954793e-06,24.8,1.79026684658351e-06
1408437,"Agathobaculum desmolans",29,2.097410847563e-06,30.2,2.18563320689545e-06
756892,"Acinetobacter indicus",29,2.097410847563e-06,30.4,2.19757898880781e-06
2715212,"Bacteroides faecium",29,2.097410847563e-06,31.4,2.27100015647062e-06
40837,"Mycoplana ramosa",29,2.097410847563e-06,32.2,2.32936654820611e-06
290052,"Acetivibrio ethanolgignens",28,2.02508633557807e-06,34.3,2.47864381808116e-06
2025493,"Blautia hominis",28,2.02508633557807e-06,28,2.02627546211621e-06
2763664,"Jutongia hominis",28,2.02508633557807e-06,33.9,2.44843318880066e-06
1398493,"Pseudocitrobacter faecalis",28,2.02508633557807e-06,28.3,2.04954588731089e-06
2763069,"Ruminococcus difficilis",28,2.02508633557807e-06,28.4,2.05630437792285e-06
2981728,"Huintestinicola butyrica",28,2.02508633557807e-06,30.8,2.22572120465212e-06
29845,"Penicillium vulpinum",28,2.02508633557807e-06,26,1.88402231690612e-06
649756,"Anaerostipes hadrus",28,2.02508633557807e-06,29.1,2.10404310119038e-06
3118588,"Ewingella docleensis",28,2.02508633557807e-06,34.7,2.50776689261148e-06
510516,"Aspergillus oryzae",27,1.95276182359314e-06,26.4,1.90720115038267e-06
1435463,"Bifidobacterium porcinum",27,1.95276182359314e-06,29.3,2.11999720132008e-06
41047,"Aspergillus thermomutatus",27,1.95276182359314e-06,29,2.10011874530729e-06
1796618,"Cuneatibacter caecimuris",27,1.95276182359314e-06,28.9,2.09205981573904e-06
57706,"Citrobacter braakii",27,1.95276182359314e-06,27.2,1.96657496826392e-06
1334,"Streptococcus dysgalactiae",27,1.95276182359314e-06,27.1,1.95900083810197e-06
548,"Klebsiella aerogenes",27,1.95276182359314e-06,27,1.95518653386732e-06
2944915,"Coprobacter tertius",27,1.95276182359314e-06,27.4,1.97832912226224e-06
1926881,"Izhakiella australiensis",26,1.88043731160821e-06,27.4,1.98050164388524e-06
253257,"Lacrimispora amygdalina",26,1.88043731160821e-06,26.2,1.89826508908414e-06
2763057,"Parabacteroides hominis",26,1.88043731160821e-06,26.6,1.92604039399503e-06
2764329,"Paeniclostridium hominis",26,1.88043731160821e-06,25.1,1.81699413166678e-06
2834432,"Bifidobacterium pongonis",26,1.88043731160821e-06,26.4,1.91169051373321e-06
3098075,"Streptococcus dentalis",26,1.88043731160821e-06,23.1,1.67416184309832e-06
3074433,"Vallitalea maricola",26,1.88043731160821e-06,25.6,1.85241616341638e-06
1122217,"Megamonas rupellensis",25,1.80811279962328e-06,26.5,1.91979520610006e-06
1549748,"Kiloniella litopenaei",25,1.80811279962328e-06,25.1,1.8127918411312e-06
1676614,"Xylanibacter rarus",25,1.80811279962328e-06,30.5,2.20622477010909e-06
417368,"Enterococcus thailandicus",25,1.80811279962328e-06,28.1,2.02947213759367e-06
271096,"Shewanella canadensis",25,1.80811279962328e-06,25.9,1.87106857512636e-06
2779518,"Blautia liquoris",25,1.80811279962328e-06,25.3,1.83292091366453e-06
1796635,"Longicatena caecimuris",25,1.80811279962328e-06,26.2,1.89736837774916e-06
2897706,"Acidaminococcus hominis",25,1.80811279962328e-06,25,1.80903991581753e-06
879566,"Acetatifactor muris",25,1.80811279962328e-06,25,1.80911846283781e-06
2050967,"Proteus faecis",25,1.80811279962328e-06,25,1.80811576366759e-06
39778,"Veillonella dispar",25,1.80811279962328e-06,19,1.37137134610735e-06
1211817,"Clostridium ihumii",24,1.73578828763835e-06,23.6,1.70508770207339e-06
1150461,"Bifidobacterium scardovii",24,1.73578828763835e-06,21.7,1.57118153463894e-06
2304063,"Sphingobium terrigena",24,1.73578828763835e-06,24.7,1.78492657566788e-06
2494234,"Sutterella megalosphaeroides",24,1.73578828763835e-06,23.2,1.68137966140578e-06
83891,"Trypanosoma conorhini",24,1.73578828763835e-06,25.1,1.81177186010907e-06
1353,"Enterococcus gallinarum",24,1.73578828763835e-06,24.9,1.80325085145354e-06
51288,"Kluyvera ascorbata",24,1.73578828763835e-06,25.7,1.85908173950169e-06
2797505,"Enterobacter vonholyi",24,1.73578828763835e-06,25.5,1.84192204059144e-06
2079531,"Prevotella merdae",24,1.73578828763835e-06,24.8,1.79356381172962e-06
1928661,"Bradyrhizobium cajani",23,1.66346377565341e-06,23.9,1.72539744138835e-06
577,"Raoultella terrigena",23,1.66346377565341e-06,20.6,1.48931783894987e-06
2675325,"Bifidobacterium erythrocebi",23,1.66346377565341e-06,30.3,2.18805793300733e-06
2812664,"Candidatus Symbiopectobacterium endolongispinus",23,1.66346377565341e-06,22.9,1.656984064155e-06
533323,"Psychrobacter fulvigenes",23,1.66346377565341e-06,25.1,1.81875395255101e-06
1570016,"Thioflexithrix psekupsensis",22,1.59113926366848e-06,24.2,1.75381723923362e-06
NA,"unknown genome; accession ID isNZ_AP022829.1",22,1.59113926366848e-06,29.8,2.15378460325205e-06
2606708,"Mogibacterium kristiansenii",22,1.59113926366848e-06,21.9,1.58748522417234e-06
3075529,"Streptomyces gibsoniae",22,1.59113926366848e-06,22,1.59114006921748e-06
3040939,"Raoultella lignicola",22,1.59113926366848e-06,20.3,1.47126793525605e-06
3133154,"Coprococcus intestinihominis",22,1.59113926366848e-06,21.5,1.55178560711221e-06
5061,"Aspergillus niger",21,1.51881475168355e-06,21.4,1.54633171338405e-06
249189,"Enterococcus hermanniensis",21,1.51881475168355e-06,20.3,1.46629221891212e-06
537007,"Blautia hansenii",21,1.51881475168355e-06,21.5,1.55307458059559e-06
3117552,"Bacteroides maternus",21,1.51881475168355e-06,19.3,1.39303842568065e-06
3342829,"Providencia zhejiangensis",21,1.51881475168355e-06,23.9,1.73173391391259e-06
1670621,"Saccharothrix lopnurensis",21,1.51881475168355e-06,23.3,1.68244365802562e-06
679200,"Johnsonella ignava",20,1.44649023969862e-06,19.8,1.42939916331581e-06
1003335,"Kluyveromyces marxianus",20,1.44649023969862e-06,14.1,1.02285367048184e-06
1506151,"Aspergillus pseudonomiae",20,1.44649023969862e-06,20,1.44675169197722e-06
394095,"Pyxidicoccus fallax",20,1.44649023969862e-06,21,1.52071868777966e-06
2547410,"Enterocloster alcoholdehydrogenati",20,1.44649023969862e-06,21.2,1.53453586318472e-06
68193,"Streptomyces djakartensis",20,1.44649023969862e-06,20.5,1.48022304057473e-06
2815733,"Tenebrionicola larvae",20,1.44649023969862e-06,20.8,1.5013508220883e-06
1812259,"Streptomyces ginkgonis",20,1.44649023969862e-06,19.6,1.42044870216221e-06
1850975,"Penicillium nucicola",20,1.44649023969862e-06,21.7,1.56886917333043e-06
3095028,"Scandinavium lactucae",20,1.44649023969862e-06,19.6,1.42114212857141e-06
2494702,"Enterobacter huaxiensis",19,1.37416572771369e-06,19.7,1.42662811860976e-06
158836,"Enterobacter hormaechei",19,1.37416572771369e-06,19,1.37132085074321e-06
1776392,"Massilimicrobiota timonensis",19,1.37416572771369e-06,19.3,1.39461184786439e-06
2592333,"Sellimonas caecigallum",19,1.37416572771369e-06,18.6,1.34433091757073e-06
2941342,"Weizmannia agrestimuris",19,1.37416572771369e-06,21.4,1.54689379746493e-06
1385512,"Pontibacillus litoralis",18,1.30184121572876e-06,18.4,1.33201245963979e-06
5082,"Penicillium roqueforti",18,1.30184121572876e-06,19.2,1.38684784099666e-06
570012,"Shimwellia pseudoproteus",18,1.30184121572876e-06,18.2,1.31354076750145e-06
2738446,"Anaerostipes faecalis",18,1.30184121572876e-06,18,1.30186792929668e-06
2877527,"Blautia parvula",18,1.30184121572876e-06,18.2,1.31869102625118e-06
5074,"Penicillium brevicompactum",18,1.30184121572876e-06,16.8,1.21455842530762e-06
3036443,"Streptococcus sp. ST2",18,1.30184121572876e-06,17.6,1.27077626874839e-06
1852364,"Enterococcus timonensis",18,1.30184121572876e-06,16.1,1.16209083678279e-06
NA,"unknown genome; accession ID isNZ_LR027382.1",18,1.30184121572876e-06,18.2,1.31668456914887e-06
NA,"unknown genome; accession ID isNZ_CAJYCN010000015.1",18,1.30184121572876e-06,18.2,1.31797963673757e-06
1470345,"Bacteroides timonensis",17,1.22951670374383e-06,18.9,1.3634731991924e-06
1834191,"Candidatus Enterococcus testudinis",17,1.22951670374383e-06,21.2,1.53195152528408e-06
1968889,"Streptococcus downii",17,1.22951670374383e-06,14.3,1.03394056790185e-06
2590867,"Enorma burkinafasonensis",17,1.22951670374383e-06,20.2,1.46428305246222e-06
1432052,"Eisenbergiella tayi",16,1.1571921917589e-06,17.9,1.2958004373289e-06
160453,"Enterococcus gilvus",16,1.1571921917589e-06,15,1.08797078165662e-06
526944,"Tetragenococcus osmophilus",16,1.1571921917589e-06,15.8,1.14322972433998e-06
1796628,"Longibaculum muris",16,1.1571921917589e-06,16.1,1.16678803234738e-06
2552766,"Meridianimarinicoccus aquatilis",16,1.1571921917589e-06,18.1,1.31242094692727e-06
2601703,"Heminiphilus faecis",16,1.1571921917589e-06,16.2,1.17265705623559e-06
2606633,"Oliverpabstia intestinalis",16,1.1571921917589e-06,18.6,1.34206870587022e-06
2763056,"Oscillibacter hominis",16,1.1571921917589e-06,16.9,1.22182370154261e-06
1871024,"Mordavella massiliensis",16,1.1571921917589e-06,15.6,1.12801741768563e-06
2909341,"Octadecabacter dasysiphoniae",16,1.1571921917589e-06,16,1.15719309961612e-06
59298,"Streptomyces thermocarboxydovorans",16,1.1571921917589e-06,16.9,1.22293911071228e-06
3133161,"Ruminococcoides intestinihominis",16,1.1571921917589e-06,15.5,1.12258029717469e-06
1841868,"Provencibacterium massiliense",16,1.1571921917589e-06,15.7,1.13786484900128e-06
2219695,"Luxibacter massiliensis",16,1.1571921917589e-06,15.7,1.13355780776667e-06
571,"Klebsiella oxytoca",16,1.1571921917589e-06,17.4,1.25949757866036e-06
546,"Citrobacter freundii",16,1.1571921917589e-06,16.3,1.18018912395093e-06
348802,"Exophiala xenobiotica",15,1.08486767977397e-06,14,1.01558043873562e-06
1298595,"Veillonella rogosae",15,1.08486767977397e-06,15.4,1.11112783664483e-06
2304625,"Colwellia ponticola",15,1.08486767977397e-06,15,1.08746601059823e-06
1512,"[Clostridium] symbiosum",15,1.08486767977397e-06,15,1.08742411902142e-06
2681861,"Sporofaciens musculi",15,1.08486767977397e-06,15.3,1.10516537144622e-06
2762223,"Clostridium faecium",15,1.08486767977397e-06,15.1,1.09505148027774e-06
28210,"Chelatococcus asaccharovorans",15,1.08486767977397e-06,20.1,1.45375671431931e-06
1544696,"Rosenbergiella australiborealis",15,1.08486767977397e-06,16.6,1.19927337116678e-06
208224,"Enterobacter kobei",15,1.08486767977397e-06,15.9,1.15244775816617e-06
1187928,"Alternaria incomplexa",15,1.08486767977397e-06,16.5,1.18996612292792e-06
2925396,"Dryocola clanedunensis",15,1.08486767977397e-06,15.2,1.10061986074886e-06
71451,"Enterococcus malodoratus",15,1.08486767977397e-06,17.8,1.290752638583e-06
3098076,"Streptococcus lingualis",15,1.08486767977397e-06,18.4,1.33099815724577e-06
2963365,"Turicibacter faecis",15,1.08486767977397e-06,14.7,1.06287468115381e-06
113569,"Cryptosporangium minutisporangium",15,1.08486767977397e-06,14.7,1.06059881001823e-06
3142537,"Enterobacter adelaidei",15,1.08486767977397e-06,16.7,1.20581506650236e-06
1870991,"Massilioclostridium coli",15,1.08486767977397e-06,19.1,1.37994306859815e-06
1852370,"Prevotellamassilia timonensis",15,1.08486767977397e-06,15.2,1.10144281986078e-06
2582917,"Klebsiella indica",14,1.01254316778903e-06,14,1.01324306762514e-06
2797506,"Enterobacter dykesii",14,1.01254316778903e-06,13.5,9.74778219118613e-07
2605790,"Roseburia porci",14,1.01254316778903e-06,13.8,1.00128206571852e-06
2606634,"Velocimicrobium porci",14,1.01254316778903e-06,14.1,1.02064256586194e-06
108981,"Acinetobacter schindleri",14,1.01254316778903e-06,16.3,1.18037733730656e-06
3035284,"Prevotella sp. B2-R-102",14,1.01254316778903e-06,13.9,1.00790623811482e-06
1338,"Streptococcus intermedius",14,1.01254316778903e-06,14.2,1.02571522003396e-06
1245769,"Lachancea lanzarotensis",13,9.40218655804104e-07,12.7,9.19564912482185e-07
2589788,"Streptococcus xiaochunlingii",13,9.40218655804104e-07,14.3,1.03435810258243e-06
2763659,"Fumia xinanensis",13,9.40218655804104e-07,13,9.43287503987792e-07
2751153,"Coprobacter secundus",13,9.40218655804104e-07,14.1,1.01844964508168e-06
2784388,"Clostridium vitabionis",13,9.40218655804104e-07,13.9,1.0081049010855e-06
2816080,"Alicyclobacillus suci",13,9.40218655804104e-07,13,9.39551066785928e-07
2834435,"Bifidobacterium miconis",13,9.40218655804104e-07,12.5,9.02127815472912e-07
3133091,"unknown genome; accession ID isNZ_JBBMER010000008.1",13,9.40218655804104e-07,13,9.41304711680603e-07
3378067,"Butyricimonas sp. GBGM4",13,9.40218655804104e-07,13.9,1.00624331519694e-06
2040291,"Dorea phocaeensis",13,9.40218655804104e-07,13.1,9.46450727484269e-07
2041044,"Eubacterium maltosivorans",12,8.67894143819173e-07,14.4,1.04285924433808e-06
61171,"Holdemania filiformis",12,8.67894143819173e-07,13.8,9.95440081518907e-07
105984,"Apiotrichum porosum",12,8.67894143819173e-07,12,8.67894598626172e-07
2854755,"Prevotella lacticifex",12,8.67894143819173e-07,12.3,8.86826706912247e-07
2885356,"Hominilimicola fabiformis",12,8.67894143819173e-07,11.9,8.59742152030442e-07
1792511,"Penicillium robsamsonii",12,8.67894143819173e-07,12.7,9.18624655929148e-07
1914243,"Citrobacter europaeus",12,8.67894143819173e-07,11.5,8.32017644556232e-07
3092550,"Ewingella allii",12,8.67894143819173e-07,12,8.66454391254821e-07
1745713,"Bariatricus massiliensis",12,8.67894143819173e-07,12.1,8.71784319289092e-07
482827,"Thermus arciformis",12,8.67894143819173e-07,12,8.67894583209533e-07
1329,"Streptococcus canis",12,8.67894143819173e-07,12.2,8.80526492038544e-07
2941338,"Streptococcus caecimuris",12,8.67894143819173e-07,13.3,9.59655613569144e-07
1450537,"Aspergillus homomorphus",11,7.95569631834241e-07,11,7.95638364601196e-07
39496,"Eubacterium ventriosum",11,7.95569631834241e-07,11.2,8.06845307169606e-07
2056311,"Algoriphagus lacus",11,7.95569631834241e-07,12,8.69062545556996e-07
2382163,"Streptococcus koreensis",11,7.95569631834241e-07,13,9.37622544162494e-07
2605638,"Bradyrhizobium hipponense",11,7.95569631834241e-07,10.5,7.56381987844461e-07
2692629,"Copranaerobaculum intestinale",11,7.95569631834241e-07,11.4,8.2338173274209e-07
67296,"Streptomyces finlayi",11,7.95569631834241e-07,11,7.98506462183693e-07
990412,"Limosilactobacillus alvi",11,7.95569631834241e-07,11.2,8.06850548769185e-07
2587529,"Klebsiella pasteurii",11,7.95569631834241e-07,9.6,6.93464596225874e-07
2682455,"Veillonella orientalis",11,7.95569631834241e-07,13.6,9.86481662111104e-07
546367,"Hafnia paralvei",11,7.95569631834241e-07,11.8,8.56720593951127e-07
3016083,"Phocaeicola acetigenes",11,7.95569631834241e-07,11,7.95752606426045e-07
293559,"Penicillium concentricum",11,7.95569631834241e-07,11,7.97449577219462e-07
416450,"Penicillium antarcticum",11,7.95569631834241e-07,11.2,8.10966890658532e-07
59310,"Streptococcus macedonicus",11,7.95569631834241e-07,10.9,7.89452290968884e-07
1871008,"Eggerthella timonensis",11,7.95569631834241e-07,11.3,8.16056838625152e-07
762982,"Paraprevotella xylaniphila",11,7.95569631834241e-07,11.9,8.59722678247901e-07
28985,"Kluyveromyces lactis",10,7.2324511984931e-07,14.1,1.02162416371372e-06
445971,"Anaerofustis stercorihominis",10,7.2324511984931e-07,10,7.23245486007944e-07
546269,"Filifactor alocis",10,7.2324511984931e-07,10.2,7.39359557596413e-07
1123304,"Streptococcus henryi",10,7.2324511984931e-07,10,7.23245741494908e-07
5857,"Plasmodium fragile",10,7.2324511984931e-07,10.2,7.3753434134379e-07
1408163,"Rasamsonia emersonii",10,7.2324511984931e-07,10,7.23245486110195e-07
1392255,"Aspergillus novofumigatus",10,7.2324511984931e-07,10.5,7.61117087118772e-07
458197,"Serratia nematodiphila",10,7.2324511984931e-07,11.9,8.61185396768727e-07
2562439,"Mixta tenebrionis",10,7.2324511984931e-07,10.5,7.59049196382625e-07
2707330,"Sheuella amnicola",10,7.2324511984931e-07,11,7.95519892271562e-07
2722702,"Salinimicrobium oceani",10,7.2324511984931e-07,10.3,7.46010779009179e-07
472694,"Pantoea brenneri",10,7.2324511984931e-07,11.3,8.18273902830439e-07
2986526,"Lawsonibacter celer",10,7.2324511984931e-07,10.1,7.33250386865594e-07
762210,"Bifidobacterium saguini",10,7.2324511984931e-07,10.1,7.30646412890302e-07
2993430,"Streptococcus parapneumoniae",10,7.2324511984931e-07,11.1,7.99598358754802e-07
2024197,"Bacteroides cutis",10,7.2324511984931e-07,10.6,7.6576235559191e-07
137545,"Serratia quinivorans",10,7.2324511984931e-07,10,7.23256787977621e-07
290338,"Citrobacter koseri",9,6.50920607864379e-07,9,6.52950870353635e-07
559292,"Saccharomyces cerevisiae",9,6.50920607864379e-07,9.6,6.9472742495401e-07
1121088,"Heyndrickxia coagulans",9,6.50920607864379e-07,9.6,6.93962138408596e-07
215243,"Exophiala oligosperma",9,6.50920607864379e-07,9.1,6.55023599703691e-07
1796620,"Acutalibacter muris",9,6.50920607864379e-07,10.5,7.58394676843725e-07
1642702,"Paludifilum halophilum",9,6.50920607864379e-07,9.7,6.98261453700858e-07
33945,"Enterococcus avium",9,6.50920607864379e-07,9.6,6.97926482345925e-07
1982628,"Faecalibacillus faecis",9,6.50920607864379e-07,11,7.92077760125333e-07
1096246,"Hungatella effluvii",9,6.50920607864379e-07,10.4,7.54788115755914e-07
2518971,"Duncaniella dubosii",9,6.50920607864379e-07,9.1,6.57263786435447e-07
2608008,"Candidatus Pantoea gossypiicola",9,6.50920607864379e-07,9,6.50934237266307e-07
5059,"Aspergillus flavus",9,6.50920607864379e-07,9,6.49757519374709e-07
1944635,"Sutterella seckii",9,6.50920607864379e-07,9,6.54203815801409e-07
195,"Campylobacter coli",9,6.50920607864379e-07,10.2,7.38745538365192e-07
2726742,"Flammeovirga agarivorans",9,6.50920607864379e-07,9.1,6.60607487892724e-07
2763645,"Lentihominibacter hominis",9,6.50920607864379e-07,9.1,6.59533819765683e-07
2713174,"Fructobacillus parabroussonetiae",9,6.50920607864379e-07,8.8,6.36337543514673e-07
328812,"Parabacteroides goldsteinii",9,6.50920607864379e-07,10.1,7.33112591836174e-07
351091,"Oscillibacter valericigenes",9,6.50920607864379e-07,10.4,7.52649138185134e-07
1131564,"Penicillium cosmopolitanum",9,6.50920607864379e-07,9.3,6.73368990383634e-07
3045167,"Erwinia sp. BC051422",9,6.50920607864379e-07,7.8,5.66041630870971e-07
47880,"Pseudomonas fulva",9,6.50920607864379e-07,12.5,9.01783493547415e-07
1852384,"Massiliimalia massiliensis",9,6.50920607864379e-07,9.2,6.63065597870335e-07
1045854,"Weissella koreensis",8,5.78596095879448e-07,8.1,5.86522976796704e-07
1346791,"Sphingobium ummariense",8,5.78596095879448e-07,10.1,7.32308506528577e-07
1298594,"Veillonella denticariosi",8,5.78596095879448e-07,8.2,5.95551806749014e-07
2174932,"Nesterenkonia natronophila",8,5.78596095879448e-07,8.7,6.26645519215929e-07
82993,"Buttiauxella warmboldiae",8,5.78596095879448e-07,9.6,6.92642150935098e-07
349967,"Yersinia mollaretii",8,5.78596095879448e-07,8,5.79104860822143e-07
2850322,"Diplocloster modestus",8,5.78596095879448e-07,8.3,5.97584322314568e-07
2919913,"Shinella sedimenti",8,5.78596095879448e-07,8.9,6.45374287013192e-07
2981721,"Brotomerdimonas butyrica",8,5.78596095879448e-07,8.8,6.35662590028394e-07
1437816,"Methylopila turkensis",8,5.78596095879448e-07,7.7,5.53940605646338e-07
3111861,"Streptococcus gingivalis",8,5.78596095879448e-07,11.4,8.23337827700728e-07
2766470,"Leuconostoc falkenbergense",8,5.78596095879448e-07,7,5.03238555032701e-07
3378099,"Providencia lanzhouensis",8,5.78596095879448e-07,13.2,9.52042279139818e-07
1159017,"Pseudidiomarina indica",8,5.78596095879448e-07,8.5,6.12270246007872e-07
525309,"Limosilactobacillus antri",7,5.06271583894517e-07,6.5,4.69152625846944e-07
1034345,"Senegalimassilia anaerobia",7,5.06271583894517e-07,6.9,4.99451415322809e-07
1123314,"Streptococcus plurextorum",7,5.06271583894517e-07,6.2,4.48235847936882e-07
2024554,"Virgibacillus indicus",7,5.06271583894517e-07,7.1,5.11794826179531e-07
929813,"Gibbsiella quercinecans",7,5.06271583894517e-07,7.3,5.28881823531047e-07
1445662,"Idiomarina tyrosinivorans",7,5.06271583894517e-07,7.9,5.72552433290375e-07
1234680,"Streptococcus rubneri",7,5.06271583894517e-07,8.3,6.00111155303567e-07
84135,"Gemella sanguinis",7,5.06271583894517e-07,7,5.06271840205561e-07
42260,"Zygotorulaspora mrakii",7,5.06271583894517e-07,7.2,5.23904857265239e-07
2763043,"Eggerthella hominis",7,5.06271583894517e-07,9.1,6.56464417701854e-07
2763662,"Yeguia hominis",7,5.06271583894517e-07,7.1,5.15176997178187e-07
658225,"Sphingomonas glacialis",7,5.06271583894517e-07,7,5.06541312607548e-07
102684,"Streptococcus infantarius",7,5.06271583894517e-07,8.4,6.03981080573815e-07
2834437,"Bifidobacterium miconisargentati",7,5.06271583894517e-07,7.1,5.15444854640083e-07
NA,"unknown genome; accession ID isNZ_JAMOKX010000003.1",7,5.06271583894517e-07,7.5,5.44933460190838e-07
2949651,"Parabacteroides sp. TA-V-105",7,5.06271583894517e-07,7.1,5.13329286016507e-07
2963283,"Stenotrophomonas muris",7,5.06271583894517e-07,6.9,4.99478973647541e-07
147206,"Collinsella stercoris",7,5.06271583894517e-07,7.8,5.63196099467649e-07
5077,"Penicillium citrinum",7,5.06271583894517e-07,7.1,5.14162121979555e-07
3029274,"Amygdalobacter nucleatus",7,5.06271583894517e-07,6.2,4.50419061105166e-07
3035606,"Catenibacterium mitsuokai",7,5.06271583894517e-07,6.6,4.80163167686543e-07
3037798,"Providencia huashanensis",7,5.06271583894517e-07,6.7,4.87723984105127e-07
333963,"Leucobacter iarius",7,5.06271583894517e-07,7.8,5.62020954836417e-07
3140788,"Streptococcus nidrosiense",7,5.06271583894517e-07,7.1,5.13178401526439e-07
1755099,"Pseudenterobacter timonensis",7,5.06271583894517e-07,6.8,4.8910433841165e-07
46503,"Parabacteroides merdae",7,5.06271583894517e-07,7.4,5.33936818884583e-07
50718,"Vibrio mytili",7,5.06271583894517e-07,6.1,4.43523846504162e-07
610130,"Lacrimispora saccharolytica",6,4.33947071909586e-07,6.1,4.42219312934037e-07
596315,"Peptostreptococcus stomatis",6,4.33947071909586e-07,5.3,3.86886171653728e-07
667120,"Edwardsiella anguillarum",6,4.33947071909586e-07,7.6,5.51908315716264e-07
1156431,"Streptococcus ilei",6,4.33947071909586e-07,6.7,4.83736098712786e-07
27334,"Penicillium expansum",6,4.33947071909586e-07,6,4.33665530448063e-07
1577792,"Terrisporobacter othiniensis",6,4.33947071909586e-07,5.5,3.97470316632173e-07
1150468,"Scardovia inopinata",6,4.33947071909586e-07,6,4.33947291604767e-07
5078,"Penicillium griseofulvum",6,4.33947071909586e-07,6.6,4.77636330985485e-07
44139,"Thauera aromatica",6,4.33947071909586e-07,5.7,4.1513515846018e-07
451513,"Mangrovibacter plantisponsor",6,4.33947071909586e-07,6.4,4.61473579646694e-07
2026339,"Oceanibium sediminis",6,4.33947071909586e-07,8,5.78410464753362e-07
2316736,"Corallococcus exercitus",6,4.33947071909586e-07,6,4.33982167091552e-07
1160095,"Vagococcus entomophilus",6,4.33947071909586e-07,6,4.3518399884713e-07
2547833,"Palleronia sediminis",6,4.33947071909586e-07,4.9,3.5685550970562e-07
2607659,"Nocardioides antri",6,4.33947071909586e-07,6,4.34976728693016e-07
2661628,"Bifidobacterium platyrrhinorum",6,4.33947071909586e-07,5.7,4.11304350798486e-07
2722820,"Actinomyces faecalis",6,4.33947071909586e-07,6,4.33976565881322e-07
1485586,"Streptomyces calidiresistens",6,4.33947071909586e-07,6,4.34173915245505e-07
2763661,"Bianquea renquensis",6,4.33947071909586e-07,6,4.34001255176045e-07
218144,"Vagococcus carniphilus",6,4.33947071909586e-07,9.5,6.89506235707325e-07
2047724,"Franconibacter daqui",6,4.33947071909586e-07,6,4.36058027372114e-07
2762213,"Phocaeicola faecium",6,4.33947071909586e-07,5.6,4.06429185789559e-07
2881272,"Veillonella fallax",6,4.33947071909586e-07,8.2,5.9121598499919e-07
539813,"Enterobacter mori",6,4.33947071909586e-07,6,4.35774951586728e-07
2742601,"Limosilactobacillus portuensis",6,4.33947071909586e-07,6.5,4.69614300118327e-07
295352,"Streptomyces bangladeshensis",6,4.33947071909586e-07,8.3,5.98874110664056e-07
3133167,"Faecousia intestinalis",6,4.33947071909586e-07,6.8,4.91233259616723e-07
2058152,"Klebsiella grimontii",6,4.33947071909586e-07,5.9,4.24937822608571e-07
741673,"Phaeospirillum tilakii",6,4.33947071909586e-07,5.8,4.18986961748746e-07
3237104,"Erwinia plantamica",6,4.33947071909586e-07,7.5,5.40989198828473e-07
535290,"Legionella nagasakiensis",6,4.33947071909586e-07,6.3,4.58603074764784e-07
1660341,"Peptoniphilus catoniae",6,4.33947071909586e-07,6,4.33947291604767e-07
295089,"Pontixanthobacter luteolus",6,4.33947071909586e-07,6.6,4.7443214278549e-07
484018,"Phocaeicola plebeius",5,3.61622559924655e-07,5.7,4.09177789069721e-07
1423758,"Lactobacillus hominis",5,3.61622559924655e-07,5,3.61572640220825e-07
1229756,"Leuconostoc gelidum",5,3.61622559924655e-07,5,3.61635784550829e-07
1117379,"Neobacillus bataviensis",5,3.61622559924655e-07,4.6,3.3005695378625e-07
1194083,"Nostocoides japonicum",5,3.61622559924655e-07,5,3.62695781202701e-07
1423812,"Liquorilactobacillus uvarum",5,3.61622559924655e-07,5.1,3.70414493306251e-07
1560356,"Type-D symbiont of Plautia stali",5,3.61622559924655e-07,5,3.61623460927867e-07
1720300,"Mediterraneibacter massiliensis",5,3.61622559924655e-07,5,3.61723281900016e-07
1873484,"Xenorhabdus thuongxuanensis",5,3.61622559924655e-07,5.6,4.072740429174e-07
2022662,"Superficieibacter electus",5,3.61622559924655e-07,5.4,3.9056696446183e-07
2052941,"Bifidobacterium callitrichidarum",5,3.61622559924655e-07,5.7,4.09085868921949e-07
2486008,"Companilactobacillus mishanensis",5,3.61622559924655e-07,5,3.61622743003972e-07
2605433,"Sphingobacterium phlebotomi",5,3.61622559924655e-07,5,3.61875023522907e-07
2605782,"Desulfovibrio porci",5,3.61622559924655e-07,5,3.61623251861174e-07
2763656,"Guopingia tenuis",5,3.61622559924655e-07,5,3.62402331817197e-07
565,"Atlantibacter hermannii",5,3.61622559924655e-07,5.1,3.68775511698612e-07
2230877,"Candidatus Enterococcus lowellii",5,3.61622559924655e-07,5.1,3.69055105626118e-07
2809027,"Bifidobacterium amazonense",5,3.61622559924655e-07,5.8,4.18250426401266e-07
2841509,"Butyricicoccus intestinisimiae",5,3.61622559924655e-07,5,3.61667264996639e-07
151781,"Lactobacillus intestinalis",5,3.61622559924655e-07,5.5,3.94282063730197e-07
1234842,"Mucilaginibacter phenanthrenivorans",5,3.61622559924655e-07,7.2,5.23971975800032e-07
2926519,"Scandinavium hiltneri",5,3.61622559924655e-07,5.1,3.66683623081846e-07
3093659,"Acutalibacter intestini",5,3.61622559924655e-07,5.1,3.68304760295787e-07
399969,"Tatumella punctata",5,3.61622559924655e-07,5.2,3.7786227235583e-07
638574,"Nonomuraea rosea",5,3.61622559924655e-07,5.1,3.69672544834218e-07
427369,"Streptomonospora halophila",5,3.61622559924655e-07,5.1,3.6606922006747e-07
69220,"Lelliottia nimipressuralis",5,3.61622559924655e-07,5.3,3.81006423133866e-07
5088,"Thermoascus crustaceus",5,3.61622559924655e-07,5,3.6162609285621e-07
29389,"Streptococcus alactolyticus",5,3.61622559924655e-07,5.1,3.67435779695797e-07
1134781,"Methylopila musalis",5,3.61622559924655e-07,5.1,3.68068263830742e-07
1335613,"Gordonibacter urolithinfaciens",5,3.61622559924655e-07,5,3.64668755584782e-07
86174,"Thauera butanivorans",5,3.61622559924655e-07,6.8,4.91122107860813e-07
1852387,"Streptococcus timonensis",5,3.61622559924655e-07,5.6,4.05632532055258e-07
1776391,"Romboutsia timonensis",5,3.61622559924655e-07,4.9,3.54391558070052e-07
1513892,"Rhodopseudomonas pseudopalustris",5,3.61622559924655e-07,5.1,3.68415609561992e-07
149016,"Streptococcus urinalis",5,3.61622559924655e-07,5,3.62900130681365e-07
2831590,"Buttiauxella massiliensis",5,3.61622559924655e-07,5,3.61776096918872e-07
294747,"Candida tropicalis",4,2.89298047939724e-07,4,2.89298197415035e-07
592026,"Catonella morbi",4,2.89298047939724e-07,4,2.90491009380826e-07
596329,"Peptostreptococcus anaerobius",4,2.89298047939724e-07,4.7,3.41536603075251e-07
889204,"Streptococcus infantis",4,2.89298047939724e-07,4.4,3.17752795962032e-07
1069534,"Ligilactobacillus ruminis",4,2.89298047939724e-07,4.1,2.96657561231185e-07
1123298,"Streptococcus caballi",4,2.89298047939724e-07,4,2.87642567947226e-07
212818,"Exophiala mesophila",4,2.89298047939724e-07,4.9,3.53211273888863e-07
1423786,"Lentilactobacillus parafarraginis",4,2.89298047939724e-07,4,2.89910900725035e-07
1673722,"Actinomyces ihuae",4,2.89298047939724e-07,4,2.89298572843443e-07
1393034,"Atopobium deltae",4,2.89298047939724e-07,3.8,2.7638356678991e-07
1871336,"Criibacterium bergeronii",4,2.89298047939724e-07,4.1,2.93103728489978e-07
69781,"Penicillium oxalicum",4,2.89298047939724e-07,4.1,2.94489687451732e-07
299767,"Enterobacter ludwigii",4,2.89298047939724e-07,4,2.89505392515655e-07
913848,"Loigolactobacillus coryniformis",4,2.89298047939724e-07,4,2.89298253509106e-07
28113,"Bacteroides heparinolyticus",4,2.89298047939724e-07,4.3,3.14331978540069e-07
2172545,"Streptococcus halitosis",4,2.89298047939724e-07,4.6,3.30465081417993e-07
1448315,"Aspergillus uvarum",4,2.89298047939724e-07,4,2.89298206289085e-07
2364647,"Pantoea piersonii",4,2.89298047939724e-07,4.1,2.95015376763418e-07
71656,"Brenneria alni",4,2.89298047939724e-07,4,2.89320740538431e-07
33898,"Streptomyces galbus",4,2.89298047939724e-07,4,2.89298194403178e-07
33964,"Leuconostoc citreum",4,2.89298047939724e-07,4.6,3.35089904885594e-07
2320879,"Parablautia muri",4,2.89298047939724e-07,3.8,2.75186535974308e-07
5478,"Nakaseomyces glabratus",4,2.89298047939724e-07,3.5,2.55960904550927e-07
1868794,"Jeotgalibaca arthritidis",4,2.89298047939724e-07,4,2.92674723221184e-07
2716335,"Falsiroseomonas selenitidurans",4,2.89298047939724e-07,4,2.89342743625072e-07
2675323,"Bifidobacterium moraviense",4,2.89298047939724e-07,4,2.92644567349603e-07
67828,"Citrobacter gillenii",4,2.89298047939724e-07,4,2.92012604029137e-07
2682456,"Veillonella nakazawae",4,2.89298047939724e-07,5.1,3.69029311421252e-07
2763054,"Mediterraneibacter hominis",4,2.89298047939724e-07,4,2.89647750784334e-07
160404,"Anaerotignum lactatifermentans",4,2.89298047939724e-07,4.6,3.29651734006823e-07
2730424,"Pseudomonas mucoides",4,2.89298047939724e-07,5.5,4.01086692036805e-07
645466,"Anaerostipes butyraticus",4,2.89298047939724e-07,3.6,2.61934646636099e-07
387090,"Phocaeicola coprophilus",4,2.89298047939724e-07,4.8,3.46058564805427e-07
2815358,"Leclercia pneumoniae",4,2.89298047939724e-07,5.8,4.19589553788135e-07
2815723,"Nocardia alni",4,2.89298047939724e-07,4,2.89298195514828e-07
2899785,"Huaxiibacter chinensis",4,2.89298047939724e-07,5.1,3.68505572371814e-07
3002863,"Methanocorpusculum petauri",4,2.89298047939724e-07,4.3,3.11803842888721e-07
1002107,"Penicillium psychrosexuale",4,2.89298047939724e-07,4,2.92562719210073e-07
379893,"Trabulsiella odontotermitis",4,2.89298047939724e-07,3.8,2.74912004048197e-07
1720204,"Collinsella ihumii",4,2.89298047939724e-07,4,2.89298295926048e-07
1281486,"Lactococcus formosensis",4,2.89298047939724e-07,11.1,8.03473457443396e-07
2703794,"Serratia nevei",4,2.89298047939724e-07,4,2.87375951006269e-07
414052,"Caenispirillum bisanense",4,2.89298047939724e-07,4.1,2.93019851792538e-07
396014,"Brachybacterium phenoliresistens",4,2.89298047939724e-07,4,2.89298194403178e-07
3152360,"Devosia alba",4,2.89298047939724e-07,4,2.89508444251098e-07
3095082,"Streptococcus fermentans",4,2.89298047939724e-07,4.9,3.55705660208532e-07
2665155,"Streptomyces flavalbus",4,2.89298047939724e-07,4,2.89298916435e-07
3136602,"Desulfovibrio falkowii",4,2.89298047939724e-07,4,2.89298808890224e-07
29364,"[Clostridium] polysaccharolyticum",4,2.89298047939724e-07,4,2.89298194403178e-07
1871019,"Enorma phocaeensis",4,2.89298047939724e-07,3.9,2.8242067834541e-07
881260,"Enterobacter bugandensis",4,2.89298047939724e-07,4.4,3.20223187692998e-07
764290,"Streptococcus downei",4,2.89298047939724e-07,4,2.89315785479572e-07
44008,"Enterococcus cecorum",4,2.89298047939724e-07,4,2.91104931183265e-07
158841,"Leminorella richardii",4,2.89298047939724e-07,4,2.89299858159038e-07
2587528,"Klebsiella spallanzanii",4,2.89298047939724e-07,4.1,2.94544294901753e-07
284811,"Eremothecium gossypii",3,2.16973535954793e-07,3.9,2.80762046966156e-07
762967,"Sutterella parvirubra",3,2.16973535954793e-07,3.7,2.68100272421412e-07
1071383,"Huiozyma naganishii",3,2.16973535954793e-07,2.8,2.00712997251823e-07
444461,"Heyndrickxia acidiproducens",3,2.16973535954793e-07,3,2.16973645802383e-07
1121109,"Bifidobacterium minimum",3,2.16973535954793e-07,3.5,2.51425006362543e-07
1177154,"Alcanivorax nanhaiticus",3,2.16973535954793e-07,3.2,2.28593705956538e-07
796334,"Erwinia oleae",3,2.16973535954793e-07,4.2,3.00691191185027e-07
138074,"Serratia symbiotica",3,2.16973535954793e-07,3,2.16982934280686e-07
1329411,"Bifidobacterium aesculapii",3,2.16973535954793e-07,3.9,2.83618836400592e-07
903983,"Enterococcus quebecensis",3,2.16973535954793e-07,3,2.16979591183266e-07
1082703,"Lonsdalea iberica",3,2.16973535954793e-07,3.1,2.25449502109527e-07
1905142,"Amycolatopsis vastitatis",3,2.16973535954793e-07,3.1,2.24116583368947e-07
302167,"Virgibacillus dokdonensis",3,2.16973535954793e-07,1.5,1.08486822901192e-07
66228,"Gleimia europaea",3,2.16973535954793e-07,3.5,2.51256745338345e-07
2184082,"Marinifilum breve",3,2.16973535954793e-07,3.1,2.27065243365659e-07
2485123,"Photobacterium chitinilyticum",3,2.16973535954793e-07,3,2.16985794203182e-07
2529382,"Enterobacter quasihormaechei",3,2.16973535954793e-07,3,2.17474432932739e-07
1333651,"Bifidobacterium moukalabense",3,2.16973535954793e-07,3,2.17810929134293e-07
61645,"Enterobacter asburiae",3,2.16973535954793e-07,3.2,2.32098334176097e-07
1981069,"Leuconostoc litchii",3,2.16973535954793e-07,3.8,2.77744687829742e-07
2607660,"Nocardioides humilatus",3,2.16973535954793e-07,3,2.17750908410616e-07
67827,"Citrobacter werkmanii",3,2.16973535954793e-07,3.5,2.51881084685711e-07
2137581,"Ellagibacter isourolithinifaciens",3,2.16973535954793e-07,2.7,1.9535984848396e-07
551989,"Kosakonia arachidis",3,2.16973535954793e-07,3,2.17698327406238e-07
411903,"Collinsella aerofaciens",3,2.16973535954793e-07,2.3,1.64153581709496e-07
2583452,"Amedibacterium intestinale",3,2.16973535954793e-07,3,2.19996261457266e-07
2609961,"Pseudomonas akapageensis",3,2.16973535954793e-07,3.4,2.46640548846119e-07
2713419,"Collinsella acetigenes",3,2.16973535954793e-07,3.4,2.49272481895227e-07
2675324,"Bifidobacterium olomucense",3,2.16973535954793e-07,3,2.17473546651768e-07
1292134,"Stenotrophomonas africana",3,2.16973535954793e-07,3,2.16973645802383e-07
2764712,"Lentihominibacter faecis",3,2.16973535954793e-07,3,2.17015989692247e-07
2773426,"Nocardioides malaquae",3,2.16973535954793e-07,3,2.16973653064388e-07
508451,"Lactobacillus taiwanensis",3,2.16973535954793e-07,3,2.16989421360636e-07
1563222,"Citrobacter pasteurii",3,2.16973535954793e-07,3.2,2.28078665426168e-07
3044279,"Massilia hydrophila",3,2.16973535954793e-07,3,2.16973645802383e-07
2963284,"Terrisporobacter muris",3,2.16973535954793e-07,3.5,2.55037711869008e-07
2926616,"Veillonella faecalis",3,2.16973535954793e-07,3.5,2.53306368227437e-07
2994648,"Enterobacter nematophilus",3,2.16973535954793e-07,3,2.20356032916877e-07
2838522,"Candidatus Collinsella stercoripullorum",3,2.16973535954793e-07,3,2.16978981688622e-07
36646,"Penicillium coprophilum",3,2.16973535954793e-07,3,2.18289225958224e-07
1316194,"Penicillium subrubescens",3,2.16973535954793e-07,3,2.17171431539242e-07
759811,"Lysinibacillus pakistanensis",3,2.16973535954793e-07,3,2.16973685690713e-07
NA,"unknown genome; accession ID isNZ_AP028032.1",3,2.16973535954793e-07,3.4,2.43479215982101e-07
36914,"Lodderomyces elongisporus",3,2.16973535954793e-07,3,2.16973647734079e-07
3054939,"Aciduricibacillus chroicocephali",3,2.16973535954793e-07,1.5,1.08486822901192e-07
78448,"Bifidobacterium pullorum",3,2.16973535954793e-07,3.7,2.6504392582358e-07
1550,"Clostridium subterminale",3,2.16973535954793e-07,2.7,1.96342808228199e-07
181172,"Vanrija albida",3,2.16973535954793e-07,3,2.16973646056121e-07
502577,"Actinoallomurus acaciae",3,2.16973535954793e-07,3,2.17022058883597e-07
283816,"Metabacillus herbersteinensis",3,2.16973535954793e-07,3.1,2.2265513480234e-07
1774958,"Rheinheimera marina",3,2.16973535954793e-07,3.2,2.29801032564623e-07
1247023,"Candidatus Arsenophonus nilaparvatae",3,2.16973535954793e-07,3.4,2.45169396432258e-07
3238987,"Levilactobacillus muriae",3,2.16973535954793e-07,3,2.17249855049612e-07
3137470,"Porphyromonas miyakawae",3,2.16973535954793e-07,3,2.16973664170767e-07
1115758,"Romboutsia ilealis",3,2.16973535954793e-07,3.3,2.4176470975285e-07
69824,"Thomasclavelia cocleata",3,2.16973535954793e-07,3,2.17086629171788e-07
174587,"Carnobacterium viridans",3,2.16973535954793e-07,2.7,1.96015655472821e-07
1871035,"Negativibacillus massiliensis",3,2.16973535954793e-07,3,2.196363598047e-07
1871029,"Intestinibacillus massiliensis",3,2.16973535954793e-07,3,2.20054051158292e-07
1836972,"Frankia canadensis",3,2.16973535954793e-07,4.1,2.93073885103876e-07
1852371,"Raoultibacter massiliensis",3,2.16973535954793e-07,3,2.17245762865575e-07
1944636,"Parabacteroides provencensis",3,2.16973535954793e-07,3,2.17446278091942e-07
2364791,"Enterococcus mediterraneensis",3,2.16973535954793e-07,3,2.17687487555209e-07
2941507,"Senimuribacter intestinalis",3,2.16973535954793e-07,3,2.16974744293009e-07
420245,"Leishmania braziliensis",2,1.44649023969862e-07,1.5,1.08572923378324e-07
436907,"Vanderwaltozyma polyspora",2,1.44649023969862e-07,2.4,1.71686066990089e-07
701347,"[Enterobacter] lignolyticus",2,1.44649023969862e-07,1.6,1.1471398331104e-07
887899,"Mobiluncus holmesii",2,1.44649023969862e-07,2,1.44649882255216e-07
169963,"Listeria monocytogenes",2,1.44649023969862e-07,2,1.44649097201589e-07
27288,"Naumovozyma castellii",2,1.44649023969862e-07,2.3,1.64179458619249e-07
742818,"Slackia piriformis",2,1.44649023969862e-07,2,1.48148582199456e-07
280463,"Emiliania huxleyi",2,1.44649023969862e-07,2,1.44649097201589e-07
1123311,"Streptococcus orisratti",2,1.44649023969862e-07,2,1.46029356030145e-07
1139219,"Enterococcus dispar",2,1.44649023969862e-07,2,1.46489375764219e-07
1449338,"Carnobacterium gallinarum",2,1.44649023969862e-07,2.1,1.53335270602182e-07
633415,"Aeromonas sanarellii",2,1.44649023969862e-07,2,1.45911877272463e-07
29485,"Yersinia rohdei",2,1.44649023969862e-07,2.2,1.61998560247046e-07
1505,"Paraclostridium sordellii",2,1.44649023969862e-07,2.1,1.51304634497056e-07
312540,"Acidiplasma cupricumulans",2,1.44649023969862e-07,2,1.44649100335219e-07
1720298,"Peptoniphilus phoceensis",2,1.44649023969862e-07,2,1.44650258561016e-07
1796616,"Blautia pseudococcoides",2,1.44649023969862e-07,2,1.4465727440424e-07
2652292,"Hornefia porci",2,1.44649023969862e-07,3,2.19566382083198e-07
304268,"Litchfieldia alkalitelluris",2,1.44649023969862e-07,1.5,1.09687561385156e-07
1109412,"Brenneria goodwinii",2,1.44649023969862e-07,2,1.44652022206749e-07
1122154,"Pseudolactococcus chungangensis",2,1.44649023969862e-07,2.2,1.60250360506981e-07
2060066,"Chimaeribacter arupi",2,1.44649023969862e-07,2.3,1.64717234282084e-07
2020964,"Bifidobacterium margollesii",2,1.44649023969862e-07,2,1.48053658672398e-07
361854,"Bifidobacterium parmae",2,1.44649023969862e-07,1.8,1.31821537699146e-07
204038,"Dickeya dadantii",2,1.44649023969862e-07,2,1.44650695697152e-07
2219045,"Confluentibacter sediminis",2,1.44649023969862e-07,2,1.44649172333929e-07
2320100,"Parablautia intestinalis",2,1.44649023969862e-07,2.2,1.61565169554009e-07
2707003,"Streptococcus chosunensis",2,1.44649023969862e-07,2.2,1.5748930108209e-07
230658,"Paraeggerthella hongkongensis",2,1.44649023969862e-07,2.1,1.53292163962874e-07
2488729,"Paenimyroides viscosum",2,1.44649023969862e-07,1.7,1.25311654077903e-07
1977868,"Vagococcus bubulae",2,1.44649023969862e-07,2.4,1.75393561299325e-07
1776032,"Hymenobacter gummosus",2,1.44649023969862e-07,2,1.47612689332112e-07
1796622,"Extibacter muris",2,1.44649023969862e-07,2.3,1.69491746687315e-07
51049,"Actinobacillus indolicus",2,1.44649023969862e-07,2.5,1.81334369345994e-07
67829,"Citrobacter murliniae",2,1.44649023969862e-07,2.2,1.59443325540293e-07
2588991,"Streptococcus symci",2,1.44649023969862e-07,2.4,1.69995942275099e-07
2590453,"Myxococcus llanfairpwllgwyngyllgogerychwyrndrobwllllantysiliogogogochensis",2,1.44649023969862e-07,2,1.44649813860219e-07
2055836,"Natronococcus pandeyae",2,1.44649023969862e-07,2.1,1.48979191055592e-07
2607726,"Weizmannia acidilactici",2,1.44649023969862e-07,2,1.44656275562949e-07
2601869,"Litoreibacter roseus",2,1.44649023969862e-07,1.7,1.25513492352991e-07
2691583,"Acerihabitans arboris",2,1.44649023969862e-07,2,1.44649097201589e-07
1798155,"Bifidobacterium aerophilum",2,1.44649023969862e-07,2.1,1.48267843326499e-07
393006,"Tamlana crocina",2,1.44649023969862e-07,2.5,1.7890721619083e-07
2736289,"Xylanibacter rodentium",2,1.44649023969862e-07,2.1,1.48769808063651e-07
2736290,"Xylanibacter muris",2,1.44649023969862e-07,2,1.46555070580728e-07
2763676,"Qingrenia yutianensis",2,1.44649023969862e-07,2,1.4502640974492e-07
1795310,"Paracoccus acridae",2,1.44649023969862e-07,2,1.45837847436431e-07
68183,"Streptomyces capoamus",2,1.44649023969862e-07,2,1.44649097201589e-07
3029761,"Enterobacter pasteurii",2,1.44649023969862e-07,2.1,1.53844297334647e-07
2779351,"Claveliimonas monacensis",2,1.44649023969862e-07,2,1.44671252143281e-07
626929,"Bacteroides clarus",2,1.44649023969862e-07,2,1.46410460400666e-07
2697499,"Dietzia massiliensis",2,1.44649023969862e-07,2.1,1.53527223748854e-07
2267891,"Campylobacter novaezeelandiae",2,1.44649023969862e-07,2.1,1.49958594265748e-07
2834434,"Bifidobacterium simiiventris",2,1.44649023969862e-07,2,1.4615211866452e-07
434464,"Leuconostoc holzapfelii",2,1.44649023969862e-07,2,1.45924648514439e-07
501487,"Leuconostoc palmae",2,1.44649023969862e-07,2,1.44654069557138e-07
254785,"Streptococcus halichoeri",2,1.44649023969862e-07,2,1.46813996905525e-07
574930,"Parabacteroides gordonii",2,1.44649023969862e-07,2,1.47606190480939e-07
1411144,"Bacteroides caecigallinarum",2,1.44649023969862e-07,2.1,1.51448978527275e-07
401106,"Amycolatopsis tucumanensis",2,1.44649023969862e-07,2,1.44649098752598e-07
2735723,"Turicibacter bilis",2,1.44649023969862e-07,2.3,1.65245260877807e-07
2972466,"Tractidigestivibacter montrealensis",2,1.44649023969862e-07,2,1.44810339794299e-07
101096,"Gilbertella persicaria",2,1.44649023969862e-07,2,1.44649097201589e-07
2981726,"Hominimerdicola aceti",2,1.44649023969862e-07,2,1.44746466906263e-07
1132637,"Penicillium atrosanguineum",2,1.44649023969862e-07,2,1.44745404136822e-07
1561947,"Penicillium longicatenatum",2,1.44649023969862e-07,1.5,1.12014019901146e-07
2817478,"Bacillus hominis",2,1.44649023969862e-07,1,7.23245486007944e-08
1737,"Paraclostridium tenue",2,1.44649023969862e-07,3.3,2.39633056033178e-07
280238,"Nocardiopsis rhodophaea",2,1.44649023969862e-07,2,1.44713406295767e-07
3112843,"Pseudocitrobacter cyperus",2,1.44649023969862e-07,2,1.44722005024055e-07
2725494,"Kluyvera sichuanensis",2,1.44649023969862e-07,1.7,1.19846299489597e-07
40519,"Ruminococcus callidus",2,1.44649023969862e-07,2,1.4470137715732e-07
46190,"Streptosporangium vulgare",2,1.44649023969862e-07,2,1.44649488959504e-07
1522057,"Micromonospora zhanjiangensis",2,1.44649023969862e-07,2,1.44649097201589e-07
1290095,"Actinomycetospora atypica",2,1.44649023969862e-07,2.7,1.96637578361703e-07
226900,"Bacillus cereus",2,1.44649023969862e-07,1,7.23245486007944e-08
433293,"Anaerotaenia torta",2,1.44649023969862e-07,2,1.44649097315414e-07
2897707,"Merdimmobilis hominis",2,1.44649023969862e-07,2,1.44657873120733e-07
1120918,"Acetitomaculum ruminis",2,1.44649023969862e-07,2,1.46657194632319e-07
1526,"[Clostridium] aminophilum",2,1.44649023969862e-07,2,1.44950539196226e-07
1907658,"Bacteroides ilei",2,1.44649023969862e-07,2,1.47070548073091e-07
39495,"Eubacterium uniforme",2,1.44649023969862e-07,2,1.44649100393173e-07
NA,"unknown genome; accession ID isNZ_LT821227.1",2,1.44649023969862e-07,2,1.45747645704215e-07
1960125,"Parendozoicomonas haliclonae",2,1.44649023969862e-07,2,1.44649222172972e-07
248315,"Veillonella rodentium",2,1.44649023969862e-07,2,1.44680545852776e-07
56878,"Helicobacter salomonis",2,1.44649023969862e-07,1,7.23245486007944e-08
1937461,"Collinsella provencensis",2,1.44649023969862e-07,2,1.45814398560391e-07
2086575,"Parabacteroides pacaensis",2,1.44649023969862e-07,2,1.44649097202497e-07
1800,"Mycolicibacterium chubuense",2,1.44649023969862e-07,1,7.23245486007944e-08
2479838,"Clostridium transplantifaecale",2,1.44649023969862e-07,2.3,1.64121107853288e-07
147207,"Collinsella intestinalis",2,1.44649023969862e-07,2.2,1.57345280680187e-07
2880704,"Duncaniella muricolitica",2,1.44649023969862e-07,2,1.47491510232519e-07
2993456,"Lactiplantibacillus carotarum",2,1.44649023969862e-07,2.1,1.53805526904222e-07
435258,"Leishmania infantum",1,7.2324511984931e-08,1,7.23245486007944e-08
559295,"Lachancea thermotolerans",1,7.2324511984931e-08,1.1,8.2437329442528e-08
486041,"Laccaria bicolor",1,7.2324511984931e-08,1,7.23245486007944e-08
246409,"Rhizopus delemar",1,7.2324511984931e-08,1,7.23245486007944e-08
5888,"Paramecium tetraurelia",1,7.2324511984931e-08,1,7.23245486007944e-08
887325,"Lachnoanaerobaculum saburreum",1,7.2324511984931e-08,1,7.23245492127534e-08
693979,"Bacteroides helcogenes",1,7.2324511984931e-08,1,7.23293140416169e-08
888746,"Streptococcus peroris",1,7.2324511984931e-08,1.2,8.52292805714555e-08
885040,"Enterobacter soli",1,7.2324511984931e-08,1,7.25759668965157e-08
929439,"Leishmania mexicana",1,7.2324511984931e-08,1,7.23250293311679e-08
4950,"Torulaspora delbrueckii",1,7.2324511984931e-08,1.5,1.06698953522602e-07
999415,"Eggerthia catenaformis",1,7.2324511984931e-08,1.2,8.56052732310824e-08
1123301,"Streptococcus didelphis",1,7.2324511984931e-08,1,7.3421667241651e-08
1122981,"Prevotella corporis",1,7.2324511984931e-08,1,7.51633206586883e-08
1301100,"Faecalimicrobium dakarense",1,7.2324511984931e-08,1,7.23268553028413e-08
69222,"Erwinia mallotivora",1,7.2324511984931e-08,1,7.23245486007944e-08
1005994,"Trabulsiella guamensis",1,7.2324511984931e-08,1,7.23397071189269e-08
762211,"Bifidobacterium stellenboschense",1,7.2324511984931e-08,1.5,1.08749135862576e-07
1736,"Eubacterium limosum",1,7.2324511984931e-08,1,7.23247469741666e-08
1388752,"Campylobacter subantarcticus",1,7.2324511984931e-08,1.2,8.43908266390752e-08
569365,"Cladophialophora immunda",1,7.2324511984931e-08,1,7.35975042678967e-08
91928,"Exophiala spinifera",1,7.2324511984931e-08,1,7.23245486007944e-08
579748,"Vibrio galatheae",1,7.2324511984931e-08,1,7.23245486007944e-08
1509407,"Aspergillus nomiae",1,7.2324511984931e-08,1,7.23726254261464e-08
1560201,"Winslowiella iniecta",1,7.2324511984931e-08,1,7.23245486007944e-08
171383,"Vibrio hepatarius",1,7.2324511984931e-08,1.6,1.18025397490162e-07
1159491,"Cronobacter malonaticus",1,7.2324511984931e-08,1.1,7.66672101081266e-08
1423749,"Limosilactobacillus gastricus",1,7.2324511984931e-08,1.1,7.70798820923395e-08
1313,"Streptococcus pneumoniae",1,7.2324511984931e-08,1,7.52355618393663e-08
1348632,"Pseudolactococcus plantarum",1,7.2324511984931e-08,1,7.23245486007944e-08
2049356,"Monocercomonoides exilis",1,7.2324511984931e-08,1.5,1.08400722523977e-07
39480,"Andreesenia angusta",1,7.2324511984931e-08,1.1,7.76218058349349e-08
1631871,"Weissella jogaejeotgali",1,7.2324511984931e-08,1.3,9.56098710363932e-08
109790,"Lactobacillus jensenii",1,7.2324511984931e-08,1,7.23245486007944e-08
1561,"Clostridium baratii",1,7.2324511984931e-08,1,7.23245486007944e-08
225992,"Comamonas kerstersii",1,7.2324511984931e-08,1.3,9.04798569639383e-08
1265311,"Mycobacterium arosiense",1,7.2324511984931e-08,1,7.23245486007944e-08
1834167,"Candidatus Enterococcus lemimoniae",1,7.2324511984931e-08,1,7.23261233417887e-08
1161202,"Erythrobacter colymbi",1,7.2324511984931e-08,1,7.23245486007944e-08
2020949,"Romboutsia weinsteinii",1,7.2324511984931e-08,1,7.23252739505084e-08
1630172,"Bifidobacterium hapali",1,7.2324511984931e-08,1,7.3332130593865e-08
75985,"Mannheimia haemolytica",1,7.2324511984931e-08,1,7.23582783661945e-08
2024555,"Virgibacillus profundi",1,7.2324511984931e-08,1,7.2599068193081e-08
1006623,"Aeromonas cavernicola",1,7.2324511984931e-08,1.3,9.53514621824084e-08
2052656,"Bifidobacterium scaligerum",1,7.2324511984931e-08,1.2,8.66583776591719e-08
2070367,"Streptomyces cahuitamycinicus",1,7.2324511984931e-08,1,7.23273784436829e-08
169430,"Paraburkholderia hospita",1,7.2324511984931e-08,1,7.1890608052144e-08
1231522,"Candidozyma duobushaemuli",1,7.2324511984931e-08,1,7.23245486007944e-08
1911679,"Veillonella infantium",1,7.2324511984931e-08,1.2,8.90619494894959e-08
67774,"Neorhizobium huautlense",1,7.2324511984931e-08,1,7.23245508957629e-08
2059725,"Zobellella maritima",1,7.2324511984931e-08,1,7.23245995620668e-08
2182793,"Ignatzschineria cameli",1,7.2324511984931e-08,1.2,8.82215752441117e-08
2670374,"Jiangella anatolica",1,7.2324511984931e-08,1,7.23246972996788e-08
2144175,"Megasphaera stantonii",1,7.2324511984931e-08,1,7.58669236583957e-08
2792979,"Gardnerella swidsinskii",1,7.2324511984931e-08,1,7.23257707602892e-08
1034346,"Dielma fastidiosa",1,7.2324511984931e-08,1,7.26355065642512e-08
158877,"Yokenella regensburgei",1,7.2324511984931e-08,1,7.23247881385849e-08
1598,"Limosilactobacillus reuteri",1,7.2324511984931e-08,1.2,8.51433425281226e-08
2490857,"Lautropia dentalis",1,7.2324511984931e-08,1.4,1.01487023889994e-07
2259638,"Dickeya lacustris",1,7.2324511984931e-08,1.5,1.08236770154802e-07
1977869,"Vagococcus vulneris",1,7.2324511984931e-08,1,7.28396499564665e-08
2306973,"Bifidobacterium callimiconis",1,7.2324511984931e-08,1,7.23294319558272e-08
380685,"Thermosipho globiformans",1,7.2324511984931e-08,1,7.25770095684274e-08
248316,"Veillonella caviae",1,7.2324511984931e-08,1,7.23318136413381e-08
1293592,"Latilactobacillus curvatus",1,7.2324511984931e-08,1,7.25733298568876e-08
2509433,"Senegalimassilia faecalis",1,7.2324511984931e-08,1.1,8.02584575258287e-08
1242993,"Ehrlichia minasensis",1,7.2324511984931e-08,1.1,7.64424208188601e-08
1796636,"Frisingicoccus caecimuris",1,7.2324511984931e-08,1.2,8.38612705126954e-08
1442381,"Dankookia rubra",1,7.2324511984931e-08,1.6,1.13861393538577e-07
3038145,"Palleniella muris",1,7.2324511984931e-08,1,7.25192397701746e-08
3038133,"Dubosiella muris",1,7.2324511984931e-08,1,7.2356276114046e-08
3032870,"Lepagella muris",1,7.2324511984931e-08,1,7.36916854036641e-08
2579935,"Jejubacter calystegiae",1,7.2324511984931e-08,1,7.23250880997685e-08
118246,"Ureibacillus terrenus",1,7.2324511984931e-08,1,7.23245486007944e-08
2743610,"Peptacetobacter hominis",1,7.2324511984931e-08,1,7.23566504594213e-08
665913,"Mixta calida",1,7.2324511984931e-08,2.4,1.72102741072925e-07
283686,"Kosakonia radicincitans",1,7.2324511984931e-08,1,7.23398163905743e-08
2594882,"Mediterraneibacter catenae",1,7.2324511984931e-08,1,7.3587601159662e-08
762209,"Bifidobacterium callitrichos",1,7.2324511984931e-08,1.1,7.62384366139533e-08
1796610,"Adlercreutzia muris",1,7.2324511984931e-08,2.4,1.75404959818067e-07
2608684,"Paenibacillus tengchongensis",1,7.2324511984931e-08,1,7.23245493115838e-08
2656746,"Stenotrophomonas nematodicola",1,7.2324511984931e-08,1.3,9.58154648834738e-08
1494462,"Lactococcus hircilactis",1,7.2324511984931e-08,1.1,7.90941698941196e-08
2606709,"Baileyella intestinalis",1,7.2324511984931e-08,1,7.25985346464179e-08
2652293,"Hornefia butyriciproducens",1,7.2324511984931e-08,1,7.23852467438106e-08
2606629,"Floccifex porci",1,7.2324511984931e-08,1,7.23299302605063e-08
2608404,"Prevotella vespertina",1,7.2324511984931e-08,1,7.25719054051422e-08
2607663,"Yersinia canariae",1,7.2324511984931e-08,1,7.24124240203408e-08
468913,"Deinococcus alpinitundrae",1,7.2324511984931e-08,1,7.23245591338909e-08
708087,"Cyclobacterium jeungdonense",1,7.2324511984931e-08,1,7.23268682764102e-08
50719,"Vibrio diabolicus",1,7.2324511984931e-08,1,7.23396462036144e-08
2736291,"Palleniella intestinalis",1,7.2324511984931e-08,1,7.23246365482165e-08
449520,"Campylobacter canadensis",1,7.2324511984931e-08,1,7.23245486007944e-08
1848766,"Campylobacter ornithocola",1,7.2324511984931e-08,1.1,7.76603575806953e-08
315405,"Streptococcus gallolyticus",1,7.2324511984931e-08,1,7.41051314465855e-08
2736643,"Nocardia barduliensis",1,7.2324511984931e-08,1,7.23245486007944e-08
1494461,"Pseudolactococcus laudensis",1,7.2324511984931e-08,1,7.32373186583461e-08
554,"Pectobacterium carotovorum",1,7.2324511984931e-08,1.5,1.08490979439459e-07
48254,"Torulaspora globosa",1,7.2324511984931e-08,1,7.54545159899257e-08
572010,"Slackia isoflavoniconvertens",1,7.2324511984931e-08,1,7.25758977646417e-08
2697024,"Pusillimonas minor",1,7.2324511984931e-08,1.4,1.04419819286561e-07
2763037,"Clostridium lentum",1,7.2324511984931e-08,1,7.34060316013482e-08
2763666,"Zhenhengia yiwuensis",1,7.2324511984931e-08,1,7.23250530048553e-08
1477018,"Hafnia psychrotolerans",1,7.2324511984931e-08,1,7.23245516609195e-08
67324,"Streptomyces massasporeus",1,7.2324511984931e-08,1.2,8.54314897202084e-08
2774015,"Pectobacterium quasiaquaticum",1,7.2324511984931e-08,1,7.31973340763972e-08
2779356,"Gallibacter intestinalis",1,7.2324511984931e-08,1,7.23272264140724e-08
2773304,"Dyadobacter subterraneus",1,7.2324511984931e-08,1,7.2324574485104e-08
1363,"Lactococcus garvieae",1,7.2324511984931e-08,1.2,8.71732042410897e-08
33968,"Leuconostoc pseudomesenteroides",1,7.2324511984931e-08,1,7.23717081619921e-08
2740579,"Streptococcus vicugnae",1,7.2324511984931e-08,1,7.23246627694482e-08
2753746,"Thermohalobaculum xanthum",1,7.2324511984931e-08,1,7.23491173716827e-08
1912939,"Suillus fuscotomentosus",1,7.2324511984931e-08,1.5,1.07221301992406e-07
3051154,"Cedecea sulfonylureivorans",1,7.2324511984931e-08,1,7.23292091857772e-08
182096,"Aspergillus chevalieri",1,7.2324511984931e-08,1,7.30182644068369e-08
1465635,"Pantoea coffeiphila",1,7.2324511984931e-08,1,7.2324627751437e-08
2819233,"Microvirga antarctica",1,7.2324511984931e-08,1,7.23254507949315e-08
2809026,"Bifidobacterium colobi",1,7.2324511984931e-08,1,7.34821108046539e-08
1302,"Streptococcus gordonii",1,7.2324511984931e-08,1,7.3123489912077e-08
2816248,"Rahnella bonaserana",1,7.2324511984931e-08,1,7.23245486007944e-08
2853160,"Streptococcus vulneris",1,7.2324511984931e-08,1,7.49932256638481e-08
2864872,"Shewanella nanhaiensis",1,7.2324511984931e-08,1.1,8.27137900281861e-08
910540,"Leuconostoc miyukkimchii",1,7.2324511984931e-08,1,7.38607752687165e-08
2840455,"Deinococcus aquaedulcis",1,7.2324511984931e-08,1,7.27232300462327e-08
2871826,"Symbiopectobacterium purcellii",1,7.2324511984931e-08,1.3,9.12071896912238e-08
59814,"Pantoea dispersa",1,7.2324511984931e-08,1,7.23245550284248e-08
636,"Edwardsiella tarda",1,7.2324511984931e-08,1.1,7.68183237976411e-08
2881258,"Ruminococcus turbiniformis",1,7.2324511984931e-08,1.4,1.03676976865029e-07
1529,"Clostridium cadaveris",1,7.2324511984931e-08,1,7.23692664415586e-08
156,"Teretinema zuelzerae",1,7.2324511984931e-08,1,7.23430528670074e-08
2839759,"Enterococcus innesii",1,7.2324511984931e-08,1,7.38376647034893e-08
45303,"Alternaria infectoria",1,7.2324511984931e-08,1,7.23245486007944e-08
2819619,"Streptococcus toyakuensis",1,7.2324511984931e-08,1.5,1.08026796823174e-07
221027,"Treponema putidum",1,7.2324511984931e-08,1,7.23313785454903e-08
2839954,"Streptomyces hilarionis",1,7.2324511984931e-08,1,7.23328768053944e-08
2949669,"Curtanaerobium respiraculi",1,7.2324511984931e-08,1,7.23245486007944e-08
2953879,"Weissella fangxianensis",1,7.2324511984931e-08,1,7.33448927451776e-08
428126,"Thomasclavelia spiroformis",1,7.2324511984931e-08,1,7.2346017579587e-08
2925336,"Hallella absiana",1,7.2324511984931e-08,1,7.33348164852096e-08
2926469,"Silvania hatchlandensis",1,7.2324511984931e-08,1,7.2324840008344e-08
2981725,"Brotonthovivens ammoniilytica",1,7.2324511984931e-08,1,7.30524074962453e-08
2912187,"Solibacillus daqui",1,7.2324511984931e-08,1.5,1.09598625563752e-07
2100454,"Penicillium cataractarum",1,7.2324511984931e-08,1.3,9.1159373338919e-08
63821,"Penicillium daleae",1,7.2324511984931e-08,1.1,8.27648113387871e-08
2974565,"Campylobacter felis",1,7.2324511984931e-08,1,7.23245486007944e-08
3050112,"Paenibacillus polygoni",1,7.2324511984931e-08,1,7.23310918270828e-08
2529381,"Enterobacter wuhouensis",1,7.2324511984931e-08,1.1,7.59890032490974e-08
1121315,"Terrisporobacter glycolicus",1,7.2324511984931e-08,1,7.23245990033726e-08
68334,"Erwinia aphidicola",1,7.2324511984931e-08,1,7.23247093458478e-08
84031,"Clostridium sartagoforme",1,7.2324511984931e-08,1,7.25211773828662e-08
511811,"Streptomyces plumbiresistens",1,7.2324511984931e-08,1,7.5505660117056e-08
1077946,"Streptomyces hundungensis",1,7.2324511984931e-08,1,7.33745691982485e-08
46165,"Actinomadura verrucosospora",1,7.2324511984931e-08,1,7.23245486007944e-08
3129234,"Luteimonas sp. MJ145",1,7.2324511984931e-08,1.1,8.21985614586234e-08
3133091,"unknown genome; accession ID isNZ_JBBMER010000005.1",1,7.2324511984931e-08,1,7.2332144661227e-08
3095078,"Streptococcus wuxiensis",1,7.2324511984931e-08,1.2,8.40585637560636e-08
106654,"Acinetobacter nosocomialis",1,7.2324511984931e-08,1.1,7.94101410218623e-08
2781224,"Neodothiora populina",1,7.2324511984931e-08,1,7.39370546156892e-08
33053,"Neisseria perflava",1,7.2324511984931e-08,1,7.23245486007944e-08
618,"Serratia odorifera",1,7.2324511984931e-08,1,7.30293993557473e-08
1715645,"Paracoccus mangrovi",1,7.2324511984931e-08,1,7.31053854377304e-08
630535,"Gracilibacillus marinus",1,7.2324511984931e-08,1.2,8.80628769174666e-08
635203,"Schaalia naturae",1,7.2324511984931e-08,1,7.23245486007944e-08
2941330,"Lactococcus muris",1,7.2324511984931e-08,1,7.31757578271948e-08
158484,"Cedecea davisae",1,7.2324511984931e-08,1.1,8.02717197533042e-08
1335061,"Pseudorhizobium flavum",1,7.2324511984931e-08,1,7.28066758901512e-08
273131,"Nakaseomyces bracarensis",1,7.2324511984931e-08,1.1,8.24134901215763e-08
3238988,"Enterococcus hailinensis",1,7.2324511984931e-08,1.2,8.58890493020877e-08
NA,"unknown genome; accession ID isNZ_DAWEQI010000150.1",1,7.2324511984931e-08,1,7.23246087404009e-08
NA,"unknown genome; accession ID isNZ_DAWEQI010000213.1",1,7.2324511984931e-08,1,7.23245495670085e-08
1816678,"Christensenella timonensis",1,7.2324511984931e-08,1,7.29370000861048e-08
84698,"Clostridium frigidicarnis",1,7.2324511984931e-08,1.3,9.29582586654705e-08
1909670,"Gemella massiliensis",1,7.2324511984931e-08,1,7.46076776502212e-08
1122155,"Lactonifactor longoviformis",1,7.2324511984931e-08,1,7.24229038038201e-08
NA,"unknown genome; accession ID isNZ_LT706985.1",1,7.2324511984931e-08,1,7.23246744526372e-08
1938870,"Candidatus Pantoea floridensis",1,7.2324511984931e-08,1,7.23245486007944e-08
2045015,"Peptostreptococcus faecalis",1,7.2324511984931e-08,1.4,1.02692702205128e-07
889201,"Streptococcus cristatus",1,7.2324511984931e-08,1,7.39707757793849e-08
150055,"Streptococcus lutetiensis",1,7.2324511984931e-08,1.1,7.94522377323006e-08
655813,"Streptococcus oralis",1,7.2324511984931e-08,1.3,9.0669822117949e-08
NA,"unknown genome; accession ID isNZ_CABKSO010000001.1",1,7.2324511984931e-08,1,7.30634071895765e-08
NA,"unknown genome; accession ID isNZ_CABKTM010000015.1",1,7.2324511984931e-08,1,7.23245489078645e-08
1870985,"Arabiibacter massiliensis",1,7.2324511984931e-08,1,7.2324562947475e-08
2736608,"Streptococcus thalassemiae",1,7.2324511984931e-08,1,7.35259793564725e-08
1852381,"Duodenibacillus massiliensis",1,7.2324511984931e-08,1,7.23245486007944e-08
2941326,"Alistipes muris",1,7.2324511984931e-08,1,7.23346651513622e-08
2993455,"Lactobacillus isalae",1,7.2324511984931e-08,1.2,8.46463565887881e-08
