tool	rank	metric	sample	value
Gold standard	acellular root	Bray-Curtis distance	0	0.0
Gold standard	cellular root	Bray-Curtis distance	0	0.0
Gold standard	other entries	Bray-Curtis distance	0	0.0
Gold standard	realm	Bray-Curtis distance	0	0.0
Gold standard	domain	Bray-Curtis distance	0	0.0
Gold standard	kingdom	Bray-Curtis distance	0	0.0
Gold standard	phylum	Bray-Curtis distance	0	0.0
Gold standard	class	Bray-Curtis distance	0	0.0
Gold standard	order	Bray-Curtis distance	0	0.0
Gold standard	family	Bray-Curtis distance	0	0.0
Gold standard	genus	Bray-Curtis distance	0	0.0
Gold standard	species	Bray-Curtis distance	0	0.0
Gold standard	strain	Bray-Curtis distance	0	0.0
Gold standard	acellular root	Shannon diversity	0	0.3517511445154202
Gold standard	acellular root	Shannon equitability	0	0.0
Gold standard	cellular root	Shannon diversity	0	0.34761070378041936
Gold standard	cellular root	Shannon equitability	0	0.0
Gold standard	other entries	Shannon diversity	0	0.08213281387761993
Gold standard	other entries	Shannon equitability	0	0.0
Gold standard	realm	Shannon diversity	0	0.5865217394083264
Gold standard	realm	Shannon equitability	0	0.5338750944788625
Gold standard	domain	Shannon diversity	0	0.39629656377974487
Gold standard	domain	Shannon equitability	0	0.5717350872863748
Gold standard	kingdom	Shannon diversity	0	1.3375694005729433
Gold standard	kingdom	Shannon equitability	0	0.5808990098314695
Gold standard	phylum	Shannon diversity	0	1.4475158259013563
Gold standard	phylum	Shannon equitability	0	0.5008061063241809
Gold standard	class	Shannon diversity	0	1.6954426545033394
Gold standard	class	Shannon equitability	0	0.5203782744672498
Gold standard	order	Shannon diversity	0	1.7065494870201814
Gold standard	order	Shannon equitability	0	0.45372472469614794
Gold standard	family	Shannon diversity	0	2.592326439010098
Gold standard	family	Shannon equitability	0	0.6004246846407204
Gold standard	genus	Shannon diversity	0	3.47727367727534
Gold standard	genus	Shannon equitability	0	0.6868559808933107
Gold standard	species	Shannon diversity	0	4.232657106637071
Gold standard	species	Shannon equitability	0	0.7643853346270999
Gold standard	strain	Shannon diversity	0	4.332089648261114
Gold standard	strain	Shannon equitability	0	0.7547466806805656
Gold standard	acellular root	True positives	0	1.0
Gold standard	acellular root	False negatives	0	0.0
Gold standard	acellular root	False positives	0	0.0
Gold standard	acellular root	Completeness	0	1.0
Gold standard	acellular root	Purity	0	1.0
Gold standard	acellular root	F1 score	0	1.0
Gold standard	acellular root	Jaccard index	0	1.0
Gold standard	cellular root	True positives	0	1.0
Gold standard	cellular root	False negatives	0	0.0
Gold standard	cellular root	False positives	0	0.0
Gold standard	cellular root	Completeness	0	1.0
Gold standard	cellular root	Purity	0	1.0
Gold standard	cellular root	F1 score	0	1.0
Gold standard	cellular root	Jaccard index	0	1.0
Gold standard	other entries	True positives	0	1.0
Gold standard	other entries	False negatives	0	0.0
Gold standard	other entries	False positives	0	0.0
Gold standard	other entries	Completeness	0	1.0
Gold standard	other entries	Purity	0	1.0
Gold standard	other entries	F1 score	0	1.0
Gold standard	other entries	Jaccard index	0	1.0
Gold standard	realm	True positives	0	3.0
Gold standard	realm	False negatives	0	0.0
Gold standard	realm	False positives	0	0.0
Gold standard	realm	Completeness	0	1.0
Gold standard	realm	Purity	0	1.0
Gold standard	realm	F1 score	0	1.0
Gold standard	realm	Jaccard index	0	1.0
Gold standard	domain	True positives	0	2.0
Gold standard	domain	False negatives	0	0.0
Gold standard	domain	False positives	0	0.0
Gold standard	domain	Completeness	0	1.0
Gold standard	domain	Purity	0	1.0
Gold standard	domain	F1 score	0	1.0
Gold standard	domain	Jaccard index	0	1.0
Gold standard	kingdom	True positives	0	10.0
Gold standard	kingdom	False negatives	0	0.0
Gold standard	kingdom	False positives	0	0.0
Gold standard	kingdom	Completeness	0	1.0
Gold standard	kingdom	Purity	0	1.0
Gold standard	kingdom	F1 score	0	1.0
Gold standard	kingdom	Jaccard index	0	1.0
Gold standard	phylum	True positives	0	18.0
Gold standard	phylum	False negatives	0	0.0
Gold standard	phylum	False positives	0	0.0
Gold standard	phylum	Completeness	0	1.0
Gold standard	phylum	Purity	0	1.0
Gold standard	phylum	F1 score	0	1.0
Gold standard	phylum	Jaccard index	0	1.0
Gold standard	class	True positives	0	26.0
Gold standard	class	False negatives	0	0.0
Gold standard	class	False positives	0	0.0
Gold standard	class	Completeness	0	1.0
Gold standard	class	Purity	0	1.0
Gold standard	class	F1 score	0	1.0
Gold standard	class	Jaccard index	0	1.0
Gold standard	order	True positives	0	43.0
Gold standard	order	False negatives	0	0.0
Gold standard	order	False positives	0	0.0
Gold standard	order	Completeness	0	1.0
Gold standard	order	Purity	0	1.0
Gold standard	order	F1 score	0	1.0
Gold standard	order	Jaccard index	0	1.0
Gold standard	family	True positives	0	75.0
Gold standard	family	False negatives	0	0.0
Gold standard	family	False positives	0	0.0
Gold standard	family	Completeness	0	1.0
Gold standard	family	Purity	0	1.0
Gold standard	family	F1 score	0	1.0
Gold standard	family	Jaccard index	0	1.0
Gold standard	genus	True positives	0	158.0
Gold standard	genus	False negatives	0	0.0
Gold standard	genus	False positives	0	0.0
Gold standard	genus	Completeness	0	1.0
Gold standard	genus	Purity	0	1.0
Gold standard	genus	F1 score	0	1.0
Gold standard	genus	Jaccard index	0	1.0
Gold standard	species	True positives	0	254.0
Gold standard	species	False negatives	0	0.0
Gold standard	species	False positives	0	0.0
Gold standard	species	Completeness	0	1.0
Gold standard	species	Purity	0	1.0
Gold standard	species	F1 score	0	1.0
Gold standard	species	Jaccard index	0	1.0
Gold standard	strain	True positives	0	311.0
Gold standard	strain	False negatives	0	0.0
Gold standard	strain	False positives	0	0.0
Gold standard	strain	Completeness	0	1.0
Gold standard	strain	Purity	0	1.0
Gold standard	strain	F1 score	0	1.0
Gold standard	strain	Jaccard index	0	1.0
Gold standard	acellular root	L1 norm error	0	0.0
Gold standard	cellular root	L1 norm error	0	0.0
Gold standard	other entries	L1 norm error	0	0.0
Gold standard	realm	L1 norm error	0	0.0
Gold standard	domain	L1 norm error	0	0.0
Gold standard	kingdom	L1 norm error	0	0.0
Gold standard	phylum	L1 norm error	0	0.0
Gold standard	class	L1 norm error	0	0.0
Gold standard	order	L1 norm error	0	0.0
Gold standard	family	L1 norm error	0	0.0
Gold standard	genus	L1 norm error	0	0.0
Gold standard	species	L1 norm error	0	0.0
Gold standard	strain	L1 norm error	0	0.0
Gold standard	na	Weighted UniFrac error	0	0.0
Gold standard	na	Unweighted UniFrac error	0	0.0
Gold standard	na	Weighted UniFrac (CAMI)	0	0.0
Gold standard	na	Unweighted UniFrac (CAMI)	0	0.0
Gold standard	acellular root	Sum of abundances	0	0.482066
Gold standard	cellular root	Sum of abundances	0	0.496582
Gold standard	other entries	Sum of abundances	0	0.021352000000000003
Gold standard	realm	Sum of abundances	0	0.48198399999999997
Gold standard	domain	Sum of abundances	0	0.496582
Gold standard	kingdom	Sum of abundances	0	0.9785669999999999
Gold standard	phylum	Sum of abundances	0	0.9785670000000001
Gold standard	class	Sum of abundances	0	0.9785670000000001
Gold standard	order	Sum of abundances	0	0.600542
Gold standard	family	Sum of abundances	0	0.770177
Gold standard	genus	Sum of abundances	0	0.933035
Gold standard	species	Sum of abundances	0	0.9999899999999999
Gold standard	strain	Sum of abundances	0	0.999988
Gold standard	acellular root	Taxon counts	0	1.0
Gold standard	cellular root	Taxon counts	0	1.0
Gold standard	other entries	Taxon counts	0	1.0
Gold standard	realm	Taxon counts	0	3.0
Gold standard	domain	Taxon counts	0	2.0
Gold standard	kingdom	Taxon counts	0	10.0
Gold standard	phylum	Taxon counts	0	18.0
Gold standard	class	Taxon counts	0	26.0
Gold standard	order	Taxon counts	0	43.0
Gold standard	family	Taxon counts	0	75.0
Gold standard	genus	Taxon counts	0	158.0
Gold standard	species	Taxon counts	0	254.0
Gold standard	strain	Taxon counts	0	311.0
Gold standard	acellular root	Bray-Curtis distance	10	0.0
Gold standard	cellular root	Bray-Curtis distance	10	0.0
Gold standard	other entries	Bray-Curtis distance	10	0.0
Gold standard	realm	Bray-Curtis distance	10	0.0
Gold standard	domain	Bray-Curtis distance	10	0.0
Gold standard	kingdom	Bray-Curtis distance	10	0.0
Gold standard	phylum	Bray-Curtis distance	10	0.0
Gold standard	class	Bray-Curtis distance	10	0.0
Gold standard	order	Bray-Curtis distance	10	0.0
Gold standard	family	Bray-Curtis distance	10	0.0
Gold standard	genus	Bray-Curtis distance	10	0.0
Gold standard	species	Bray-Curtis distance	10	0.0
Gold standard	strain	Bray-Curtis distance	10	0.0
Gold standard	acellular root	Shannon diversity	10	0.35230068121343444
Gold standard	acellular root	Shannon equitability	10	0.0
Gold standard	cellular root	Shannon diversity	10	0.3458438567683096
Gold standard	cellular root	Shannon equitability	10	0.0
Gold standard	other entries	Shannon diversity	10	0.07117137390891201
Gold standard	other entries	Shannon equitability	10	0.0
Gold standard	realm	Shannon diversity	10	0.6803692760267134
Gold standard	realm	Shannon equitability	10	0.6192988036312168
Gold standard	domain	Shannon diversity	10	0.39509400734942485
Gold standard	domain	Shannon equitability	10	0.5700001650879629
Gold standard	kingdom	Shannon diversity	10	1.4479247894510365
Gold standard	kingdom	Shannon equitability	10	0.6038315375472141
Gold standard	phylum	Shannon diversity	10	1.6196249247096541
Gold standard	phylum	Shannon equitability	10	0.5406440819186455
Gold standard	class	Shannon diversity	10	1.8009356213537473
Gold standard	class	Shannon equitability	10	0.5295004727051845
Gold standard	order	Shannon diversity	10	1.8961207677215512
Gold standard	order	Shannon equitability	10	0.5041265312659143
Gold standard	family	Shannon diversity	10	2.5549059582555627
Gold standard	family	Shannon equitability	10	0.5864302756713917
Gold standard	genus	Shannon diversity	10	3.490386127818593
Gold standard	genus	Shannon equitability	10	0.6765552849084614
Gold standard	species	Shannon diversity	10	4.269543855635492
Gold standard	species	Shannon equitability	10	0.7657071068360963
Gold standard	strain	Shannon diversity	10	4.339571519289108
Gold standard	strain	Shannon equitability	10	0.7422589522022766
Gold standard	acellular root	True positives	10	1.0
Gold standard	acellular root	False negatives	10	0.0
Gold standard	acellular root	False positives	10	0.0
Gold standard	acellular root	Completeness	10	1.0
Gold standard	acellular root	Purity	10	1.0
Gold standard	acellular root	F1 score	10	1.0
Gold standard	acellular root	Jaccard index	10	1.0
Gold standard	cellular root	True positives	10	1.0
Gold standard	cellular root	False negatives	10	0.0
Gold standard	cellular root	False positives	10	0.0
Gold standard	cellular root	Completeness	10	1.0
Gold standard	cellular root	Purity	10	1.0
Gold standard	cellular root	F1 score	10	1.0
Gold standard	cellular root	Jaccard index	10	1.0
Gold standard	other entries	True positives	10	1.0
Gold standard	other entries	False negatives	10	0.0
Gold standard	other entries	False positives	10	0.0
Gold standard	other entries	Completeness	10	1.0
Gold standard	other entries	Purity	10	1.0
Gold standard	other entries	F1 score	10	1.0
Gold standard	other entries	Jaccard index	10	1.0
Gold standard	realm	True positives	10	3.0
Gold standard	realm	False negatives	10	0.0
Gold standard	realm	False positives	10	0.0
Gold standard	realm	Completeness	10	1.0
Gold standard	realm	Purity	10	1.0
Gold standard	realm	F1 score	10	1.0
Gold standard	realm	Jaccard index	10	1.0
Gold standard	domain	True positives	10	2.0
Gold standard	domain	False negatives	10	0.0
Gold standard	domain	False positives	10	0.0
Gold standard	domain	Completeness	10	1.0
Gold standard	domain	Purity	10	1.0
Gold standard	domain	F1 score	10	1.0
Gold standard	domain	Jaccard index	10	1.0
Gold standard	kingdom	True positives	10	11.0
Gold standard	kingdom	False negatives	10	0.0
Gold standard	kingdom	False positives	10	0.0
Gold standard	kingdom	Completeness	10	1.0
Gold standard	kingdom	Purity	10	1.0
Gold standard	kingdom	F1 score	10	1.0
Gold standard	kingdom	Jaccard index	10	1.0
Gold standard	phylum	True positives	10	20.0
Gold standard	phylum	False negatives	10	0.0
Gold standard	phylum	False positives	10	0.0
Gold standard	phylum	Completeness	10	1.0
Gold standard	phylum	Purity	10	1.0
Gold standard	phylum	F1 score	10	1.0
Gold standard	phylum	Jaccard index	10	1.0
Gold standard	class	True positives	10	30.0
Gold standard	class	False negatives	10	0.0
Gold standard	class	False positives	10	0.0
Gold standard	class	Completeness	10	1.0
Gold standard	class	Purity	10	1.0
Gold standard	class	F1 score	10	1.0
Gold standard	class	Jaccard index	10	1.0
Gold standard	order	True positives	10	43.0
Gold standard	order	False negatives	10	0.0
Gold standard	order	False positives	10	0.0
Gold standard	order	Completeness	10	1.0
Gold standard	order	Purity	10	1.0
Gold standard	order	F1 score	10	1.0
Gold standard	order	Jaccard index	10	1.0
Gold standard	family	True positives	10	78.0
Gold standard	family	False negatives	10	0.0
Gold standard	family	False positives	10	0.0
Gold standard	family	Completeness	10	1.0
Gold standard	family	Purity	10	1.0
Gold standard	family	F1 score	10	1.0
Gold standard	family	Jaccard index	10	1.0
Gold standard	genus	True positives	10	174.0
Gold standard	genus	False negatives	10	0.0
Gold standard	genus	False positives	10	0.0
Gold standard	genus	Completeness	10	1.0
Gold standard	genus	Purity	10	1.0
Gold standard	genus	F1 score	10	1.0
Gold standard	genus	Jaccard index	10	1.0
Gold standard	species	True positives	10	264.0
Gold standard	species	False negatives	10	0.0
Gold standard	species	False positives	10	0.0
Gold standard	species	Completeness	10	1.0
Gold standard	species	Purity	10	1.0
Gold standard	species	F1 score	10	1.0
Gold standard	species	Jaccard index	10	1.0
Gold standard	strain	True positives	10	346.0
Gold standard	strain	False negatives	10	0.0
Gold standard	strain	False positives	10	0.0
Gold standard	strain	Completeness	10	1.0
Gold standard	strain	Purity	10	1.0
Gold standard	strain	F1 score	10	1.0
Gold standard	strain	Jaccard index	10	1.0
Gold standard	acellular root	L1 norm error	10	0.0
Gold standard	cellular root	L1 norm error	10	0.0
Gold standard	other entries	L1 norm error	10	0.0
Gold standard	realm	L1 norm error	10	0.0
Gold standard	domain	L1 norm error	10	0.0
Gold standard	kingdom	L1 norm error	10	0.0
Gold standard	phylum	L1 norm error	10	0.0
Gold standard	class	L1 norm error	10	0.0
Gold standard	order	L1 norm error	10	0.0
Gold standard	family	L1 norm error	10	0.0
Gold standard	genus	L1 norm error	10	0.0
Gold standard	species	L1 norm error	10	0.0
Gold standard	strain	L1 norm error	10	0.0
Gold standard	na	Weighted UniFrac error	10	0.0
Gold standard	na	Unweighted UniFrac error	10	0.0
Gold standard	na	Weighted UniFrac (CAMI)	10	0.0
Gold standard	na	Unweighted UniFrac (CAMI)	10	0.0
Gold standard	acellular root	Sum of abundances	10	0.48001699999999997
Gold standard	cellular root	Sum of abundances	10	0.5023599999999999
Gold standard	other entries	Sum of abundances	10	0.017623
Gold standard	realm	Sum of abundances	10	0.47615500000000005
Gold standard	domain	Sum of abundances	10	0.5023599999999999
Gold standard	kingdom	Sum of abundances	10	0.978515
Gold standard	phylum	Sum of abundances	10	0.978518
Gold standard	class	Sum of abundances	10	0.978519
Gold standard	order	Sum of abundances	10	0.670149
Gold standard	family	Sum of abundances	10	0.798909
Gold standard	genus	Sum of abundances	10	0.936323
Gold standard	species	Sum of abundances	10	1.000002
Gold standard	strain	Sum of abundances	10	1.000003
Gold standard	acellular root	Taxon counts	10	1.0
Gold standard	cellular root	Taxon counts	10	1.0
Gold standard	other entries	Taxon counts	10	1.0
Gold standard	realm	Taxon counts	10	3.0
Gold standard	domain	Taxon counts	10	2.0
Gold standard	kingdom	Taxon counts	10	11.0
Gold standard	phylum	Taxon counts	10	20.0
Gold standard	class	Taxon counts	10	30.0
Gold standard	order	Taxon counts	10	43.0
Gold standard	family	Taxon counts	10	78.0
Gold standard	genus	Taxon counts	10	174.0
Gold standard	species	Taxon counts	10	264.0
Gold standard	strain	Taxon counts	10	346.0
Gold standard	acellular root	Bray-Curtis distance	11	0.0
Gold standard	cellular root	Bray-Curtis distance	11	0.0
Gold standard	other entries	Bray-Curtis distance	11	0.0
Gold standard	realm	Bray-Curtis distance	11	0.0
Gold standard	domain	Bray-Curtis distance	11	0.0
Gold standard	kingdom	Bray-Curtis distance	11	0.0
Gold standard	phylum	Bray-Curtis distance	11	0.0
Gold standard	class	Bray-Curtis distance	11	0.0
Gold standard	order	Bray-Curtis distance	11	0.0
Gold standard	family	Bray-Curtis distance	11	0.0
Gold standard	genus	Bray-Curtis distance	11	0.0
Gold standard	species	Bray-Curtis distance	11	0.0
Gold standard	strain	Bray-Curtis distance	11	0.0
Gold standard	acellular root	Shannon diversity	11	0.3541540564533002
Gold standard	acellular root	Shannon equitability	11	0.0
Gold standard	cellular root	Shannon diversity	11	0.3449316560447778
Gold standard	cellular root	Shannon equitability	11	0.0
Gold standard	other entries	Shannon diversity	11	0.08366038999594913
Gold standard	other entries	Shannon equitability	11	0.0
Gold standard	realm	Shannon diversity	11	0.7241171656488244
Gold standard	realm	Shannon equitability	11	0.5223401219520656
Gold standard	domain	Shannon diversity	11	0.39446643737327486
Gold standard	domain	Shannon equitability	11	0.5690947729955605
Gold standard	kingdom	Shannon diversity	11	1.5271017647554328
Gold standard	kingdom	Shannon equitability	11	0.636850900904145
Gold standard	phylum	Shannon diversity	11	1.6550172075868839
Gold standard	phylum	Shannon equitability	11	0.5524583161843939
Gold standard	class	Shannon diversity	11	1.8329148971256422
Gold standard	class	Shannon equitability	11	0.544328443257985
Gold standard	order	Shannon diversity	11	1.8517065847511134
Gold standard	order	Shannon equitability	11	0.492318017598928
Gold standard	family	Shannon diversity	11	2.357816253630154
Gold standard	family	Shannon equitability	11	0.5495486639535875
Gold standard	genus	Shannon diversity	11	3.377224277602821
Gold standard	genus	Shannon equitability	11	0.6722341949792081
Gold standard	species	Shannon diversity	11	4.281496009383127
Gold standard	species	Shannon equitability	11	0.7842163106138821
Gold standard	strain	Shannon diversity	11	4.330012431505637
Gold standard	strain	Shannon equitability	11	0.7744629788263249
Gold standard	acellular root	True positives	11	1.0
Gold standard	acellular root	False negatives	11	0.0
Gold standard	acellular root	False positives	11	0.0
Gold standard	acellular root	Completeness	11	1.0
Gold standard	acellular root	Purity	11	1.0
Gold standard	acellular root	F1 score	11	1.0
Gold standard	acellular root	Jaccard index	11	1.0
Gold standard	cellular root	True positives	11	1.0
Gold standard	cellular root	False negatives	11	0.0
Gold standard	cellular root	False positives	11	0.0
Gold standard	cellular root	Completeness	11	1.0
Gold standard	cellular root	Purity	11	1.0
Gold standard	cellular root	F1 score	11	1.0
Gold standard	cellular root	Jaccard index	11	1.0
Gold standard	other entries	True positives	11	1.0
Gold standard	other entries	False negatives	11	0.0
Gold standard	other entries	False positives	11	0.0
Gold standard	other entries	Completeness	11	1.0
Gold standard	other entries	Purity	11	1.0
Gold standard	other entries	F1 score	11	1.0
Gold standard	other entries	Jaccard index	11	1.0
Gold standard	realm	True positives	11	4.0
Gold standard	realm	False negatives	11	0.0
Gold standard	realm	False positives	11	0.0
Gold standard	realm	Completeness	11	1.0
Gold standard	realm	Purity	11	1.0
Gold standard	realm	F1 score	11	1.0
Gold standard	realm	Jaccard index	11	1.0
Gold standard	domain	True positives	11	2.0
Gold standard	domain	False negatives	11	0.0
Gold standard	domain	False positives	11	0.0
Gold standard	domain	Completeness	11	1.0
Gold standard	domain	Purity	11	1.0
Gold standard	domain	F1 score	11	1.0
Gold standard	domain	Jaccard index	11	1.0
Gold standard	kingdom	True positives	11	11.0
Gold standard	kingdom	False negatives	11	0.0
Gold standard	kingdom	False positives	11	0.0
Gold standard	kingdom	Completeness	11	1.0
Gold standard	kingdom	Purity	11	1.0
Gold standard	kingdom	F1 score	11	1.0
Gold standard	kingdom	Jaccard index	11	1.0
Gold standard	phylum	True positives	11	20.0
Gold standard	phylum	False negatives	11	0.0
Gold standard	phylum	False positives	11	0.0
Gold standard	phylum	Completeness	11	1.0
Gold standard	phylum	Purity	11	1.0
Gold standard	phylum	F1 score	11	1.0
Gold standard	phylum	Jaccard index	11	1.0
Gold standard	class	True positives	11	29.0
Gold standard	class	False negatives	11	0.0
Gold standard	class	False positives	11	0.0
Gold standard	class	Completeness	11	1.0
Gold standard	class	Purity	11	1.0
Gold standard	class	F1 score	11	1.0
Gold standard	class	Jaccard index	11	1.0
Gold standard	order	True positives	11	43.0
Gold standard	order	False negatives	11	0.0
Gold standard	order	False positives	11	0.0
Gold standard	order	Completeness	11	1.0
Gold standard	order	Purity	11	1.0
Gold standard	order	F1 score	11	1.0
Gold standard	order	Jaccard index	11	1.0
Gold standard	family	True positives	11	73.0
Gold standard	family	False negatives	11	0.0
Gold standard	family	False positives	11	0.0
Gold standard	family	Completeness	11	1.0
Gold standard	family	Purity	11	1.0
Gold standard	family	F1 score	11	1.0
Gold standard	family	Jaccard index	11	1.0
Gold standard	genus	True positives	11	152.0
Gold standard	genus	False negatives	11	0.0
Gold standard	genus	False positives	11	0.0
Gold standard	genus	Completeness	11	1.0
Gold standard	genus	Purity	11	1.0
Gold standard	genus	F1 score	11	1.0
Gold standard	genus	Jaccard index	11	1.0
Gold standard	species	True positives	11	235.0
Gold standard	species	False negatives	11	0.0
Gold standard	species	False positives	11	0.0
Gold standard	species	Completeness	11	1.0
Gold standard	species	Purity	11	1.0
Gold standard	species	F1 score	11	1.0
Gold standard	species	Jaccard index	11	1.0
Gold standard	strain	True positives	11	268.0
Gold standard	strain	False negatives	11	0.0
Gold standard	strain	False positives	11	0.0
Gold standard	strain	Completeness	11	1.0
Gold standard	strain	Purity	11	1.0
Gold standard	strain	F1 score	11	1.0
Gold standard	strain	Jaccard index	11	1.0
Gold standard	acellular root	L1 norm error	11	0.0
Gold standard	cellular root	L1 norm error	11	0.0
Gold standard	other entries	L1 norm error	11	0.0
Gold standard	realm	L1 norm error	11	0.0
Gold standard	domain	L1 norm error	11	0.0
Gold standard	kingdom	L1 norm error	11	0.0
Gold standard	phylum	L1 norm error	11	0.0
Gold standard	class	L1 norm error	11	0.0
Gold standard	order	L1 norm error	11	0.0
Gold standard	family	L1 norm error	11	0.0
Gold standard	genus	L1 norm error	11	0.0
Gold standard	species	L1 norm error	11	0.0
Gold standard	strain	L1 norm error	11	0.0
Gold standard	na	Weighted UniFrac error	11	0.0
Gold standard	na	Unweighted UniFrac error	11	0.0
Gold standard	na	Weighted UniFrac (CAMI)	11	0.0
Gold standard	na	Unweighted UniFrac (CAMI)	11	0.0
Gold standard	acellular root	Sum of abundances	11	0.472849
Gold standard	cellular root	Sum of abundances	11	0.505261
Gold standard	other entries	Sum of abundances	11	0.021890999999999997
Gold standard	realm	Sum of abundances	11	0.47165100000000004
Gold standard	domain	Sum of abundances	11	0.50526
Gold standard	kingdom	Sum of abundances	11	0.9769120000000001
Gold standard	phylum	Sum of abundances	11	0.9769110000000001
Gold standard	class	Sum of abundances	11	0.976913
Gold standard	order	Sum of abundances	11	0.692148
Gold standard	family	Sum of abundances	11	0.7913089999999999
Gold standard	genus	Sum of abundances	11	0.933301
Gold standard	species	Sum of abundances	11	0.999995
Gold standard	strain	Sum of abundances	11	0.999987
Gold standard	acellular root	Taxon counts	11	1.0
Gold standard	cellular root	Taxon counts	11	1.0
Gold standard	other entries	Taxon counts	11	1.0
Gold standard	realm	Taxon counts	11	4.0
Gold standard	domain	Taxon counts	11	2.0
Gold standard	kingdom	Taxon counts	11	11.0
Gold standard	phylum	Taxon counts	11	20.0
Gold standard	class	Taxon counts	11	29.0
Gold standard	order	Taxon counts	11	43.0
Gold standard	family	Taxon counts	11	73.0
Gold standard	genus	Taxon counts	11	152.0
Gold standard	species	Taxon counts	11	235.0
Gold standard	strain	Taxon counts	11	268.0
Gold standard	acellular root	Bray-Curtis distance	12	0.0
Gold standard	cellular root	Bray-Curtis distance	12	0.0
Gold standard	other entries	Bray-Curtis distance	12	0.0
Gold standard	realm	Bray-Curtis distance	12	0.0
Gold standard	domain	Bray-Curtis distance	12	0.0
Gold standard	kingdom	Bray-Curtis distance	12	0.0
Gold standard	phylum	Bray-Curtis distance	12	0.0
Gold standard	class	Bray-Curtis distance	12	0.0
Gold standard	order	Bray-Curtis distance	12	0.0
Gold standard	family	Bray-Curtis distance	12	0.0
Gold standard	genus	Bray-Curtis distance	12	0.0
Gold standard	species	Bray-Curtis distance	12	0.0
Gold standard	strain	Bray-Curtis distance	12	0.0
Gold standard	acellular root	Shannon diversity	12	0.3605259863840139
Gold standard	acellular root	Shannon equitability	12	0.0
Gold standard	cellular root	Shannon diversity	12	0.3531725133117157
Gold standard	cellular root	Shannon equitability	12	0.0
Gold standard	other entries	Shannon diversity	12	0.2012264413554174
Gold standard	other entries	Shannon equitability	12	0.0
Gold standard	realm	Shannon diversity	12	0.5785088515499325
Gold standard	realm	Shannon equitability	12	0.5265814496315904
Gold standard	domain	Shannon diversity	12	0.3999076980038493
Gold standard	domain	Shannon equitability	12	0.5769448527234746
Gold standard	kingdom	Shannon diversity	12	1.296695646270119
Gold standard	kingdom	Shannon equitability	12	0.5631477638830835
Gold standard	phylum	Shannon diversity	12	1.4650201512166017
Gold standard	phylum	Shannon equitability	12	0.49755493714844906
Gold standard	class	Shannon diversity	12	1.615958389287528
Gold standard	class	Shannon equitability	12	0.49030290484207645
Gold standard	order	Shannon diversity	12	1.786053336177818
Gold standard	order	Shannon equitability	12	0.4875182974100316
Gold standard	family	Shannon diversity	12	2.4577205487786298
Gold standard	family	Shannon equitability	12	0.5710230899293799
Gold standard	genus	Shannon diversity	12	3.4505083106519687
Gold standard	genus	Shannon equitability	12	0.6832884552942586
Gold standard	species	Shannon diversity	12	4.187288398976021
Gold standard	species	Shannon equitability	12	0.7611510383115431
Gold standard	strain	Shannon diversity	12	4.332830229700361
Gold standard	strain	Shannon equitability	12	0.7552995072692322
Gold standard	acellular root	True positives	12	1.0
Gold standard	acellular root	False negatives	12	0.0
Gold standard	acellular root	False positives	12	0.0
Gold standard	acellular root	Completeness	12	1.0
Gold standard	acellular root	Purity	12	1.0
Gold standard	acellular root	F1 score	12	1.0
Gold standard	acellular root	Jaccard index	12	1.0
Gold standard	cellular root	True positives	12	1.0
Gold standard	cellular root	False negatives	12	0.0
Gold standard	cellular root	False positives	12	0.0
Gold standard	cellular root	Completeness	12	1.0
Gold standard	cellular root	Purity	12	1.0
Gold standard	cellular root	F1 score	12	1.0
Gold standard	cellular root	Jaccard index	12	1.0
Gold standard	other entries	True positives	12	1.0
Gold standard	other entries	False negatives	12	0.0
Gold standard	other entries	False positives	12	0.0
Gold standard	other entries	Completeness	12	1.0
Gold standard	other entries	Purity	12	1.0
Gold standard	other entries	F1 score	12	1.0
Gold standard	other entries	Jaccard index	12	1.0
Gold standard	realm	True positives	12	3.0
Gold standard	realm	False negatives	12	0.0
Gold standard	realm	False positives	12	0.0
Gold standard	realm	Completeness	12	1.0
Gold standard	realm	Purity	12	1.0
Gold standard	realm	F1 score	12	1.0
Gold standard	realm	Jaccard index	12	1.0
Gold standard	domain	True positives	12	2.0
Gold standard	domain	False negatives	12	0.0
Gold standard	domain	False positives	12	0.0
Gold standard	domain	Completeness	12	1.0
Gold standard	domain	Purity	12	1.0
Gold standard	domain	F1 score	12	1.0
Gold standard	domain	Jaccard index	12	1.0
Gold standard	kingdom	True positives	12	10.0
Gold standard	kingdom	False negatives	12	0.0
Gold standard	kingdom	False positives	12	0.0
Gold standard	kingdom	Completeness	12	1.0
Gold standard	kingdom	Purity	12	1.0
Gold standard	kingdom	F1 score	12	1.0
Gold standard	kingdom	Jaccard index	12	1.0
Gold standard	phylum	True positives	12	19.0
Gold standard	phylum	False negatives	12	0.0
Gold standard	phylum	False positives	12	0.0
Gold standard	phylum	Completeness	12	1.0
Gold standard	phylum	Purity	12	1.0
Gold standard	phylum	F1 score	12	1.0
Gold standard	phylum	Jaccard index	12	1.0
Gold standard	class	True positives	12	27.0
Gold standard	class	False negatives	12	0.0
Gold standard	class	False positives	12	0.0
Gold standard	class	Completeness	12	1.0
Gold standard	class	Purity	12	1.0
Gold standard	class	F1 score	12	1.0
Gold standard	class	Jaccard index	12	1.0
Gold standard	order	True positives	12	39.0
Gold standard	order	False negatives	12	0.0
Gold standard	order	False positives	12	0.0
Gold standard	order	Completeness	12	1.0
Gold standard	order	Purity	12	1.0
Gold standard	order	F1 score	12	1.0
Gold standard	order	Jaccard index	12	1.0
Gold standard	family	True positives	12	74.0
Gold standard	family	False negatives	12	0.0
Gold standard	family	False positives	12	0.0
Gold standard	family	Completeness	12	1.0
Gold standard	family	Purity	12	1.0
Gold standard	family	F1 score	12	1.0
Gold standard	family	Jaccard index	12	1.0
Gold standard	genus	True positives	12	156.0
Gold standard	genus	False negatives	12	0.0
Gold standard	genus	False positives	12	0.0
Gold standard	genus	Completeness	12	1.0
Gold standard	genus	Purity	12	1.0
Gold standard	genus	F1 score	12	1.0
Gold standard	genus	Jaccard index	12	1.0
Gold standard	species	True positives	12	245.0
Gold standard	species	False negatives	12	0.0
Gold standard	species	False positives	12	0.0
Gold standard	species	Completeness	12	1.0
Gold standard	species	Purity	12	1.0
Gold standard	species	F1 score	12	1.0
Gold standard	species	Jaccard index	12	1.0
Gold standard	strain	True positives	12	310.0
Gold standard	strain	False negatives	12	0.0
Gold standard	strain	False positives	12	0.0
Gold standard	strain	Completeness	12	1.0
Gold standard	strain	Purity	12	1.0
Gold standard	strain	F1 score	12	1.0
Gold standard	strain	Jaccard index	12	1.0
Gold standard	acellular root	L1 norm error	12	0.0
Gold standard	cellular root	L1 norm error	12	0.0
Gold standard	other entries	L1 norm error	12	0.0
Gold standard	realm	L1 norm error	12	0.0
Gold standard	domain	L1 norm error	12	0.0
Gold standard	kingdom	L1 norm error	12	0.0
Gold standard	phylum	L1 norm error	12	0.0
Gold standard	class	L1 norm error	12	0.0
Gold standard	order	L1 norm error	12	0.0
Gold standard	family	L1 norm error	12	0.0
Gold standard	genus	L1 norm error	12	0.0
Gold standard	species	L1 norm error	12	0.0
Gold standard	strain	L1 norm error	12	0.0
Gold standard	na	Weighted UniFrac error	12	0.0
Gold standard	na	Unweighted UniFrac error	12	0.0
Gold standard	na	Weighted UniFrac (CAMI)	12	0.0
Gold standard	na	Unweighted UniFrac (CAMI)	12	0.0
Gold standard	acellular root	Sum of abundances	12	0.44384700000000005
Gold standard	cellular root	Sum of abundances	12	0.476697
Gold standard	other entries	Sum of abundances	12	0.079456
Gold standard	realm	Sum of abundances	12	0.435304
Gold standard	domain	Sum of abundances	12	0.476697
Gold standard	kingdom	Sum of abundances	12	0.9120010000000001
Gold standard	phylum	Sum of abundances	12	0.912002
Gold standard	class	Sum of abundances	12	0.912003
Gold standard	order	Sum of abundances	12	0.64157
Gold standard	family	Sum of abundances	12	0.747432
Gold standard	genus	Sum of abundances	12	0.8776130000000001
Gold standard	species	Sum of abundances	12	1.000003
Gold standard	strain	Sum of abundances	12	1.000012
Gold standard	acellular root	Taxon counts	12	1.0
Gold standard	cellular root	Taxon counts	12	1.0
Gold standard	other entries	Taxon counts	12	1.0
Gold standard	realm	Taxon counts	12	3.0
Gold standard	domain	Taxon counts	12	2.0
Gold standard	kingdom	Taxon counts	12	10.0
Gold standard	phylum	Taxon counts	12	19.0
Gold standard	class	Taxon counts	12	27.0
Gold standard	order	Taxon counts	12	39.0
Gold standard	family	Taxon counts	12	74.0
Gold standard	genus	Taxon counts	12	156.0
Gold standard	species	Taxon counts	12	245.0
Gold standard	strain	Taxon counts	12	310.0
Gold standard	acellular root	Bray-Curtis distance	13	0.0
Gold standard	cellular root	Bray-Curtis distance	13	0.0
Gold standard	other entries	Bray-Curtis distance	13	0.0
Gold standard	realm	Bray-Curtis distance	13	0.0
Gold standard	domain	Bray-Curtis distance	13	0.0
Gold standard	kingdom	Bray-Curtis distance	13	0.0
Gold standard	phylum	Bray-Curtis distance	13	0.0
Gold standard	class	Bray-Curtis distance	13	0.0
Gold standard	order	Bray-Curtis distance	13	0.0
Gold standard	family	Bray-Curtis distance	13	0.0
Gold standard	genus	Bray-Curtis distance	13	0.0
Gold standard	species	Bray-Curtis distance	13	0.0
Gold standard	strain	Bray-Curtis distance	13	0.0
Gold standard	acellular root	Shannon diversity	13	0.3551013702437853
Gold standard	acellular root	Shannon equitability	13	0.0
Gold standard	cellular root	Shannon diversity	13	0.34736131770921513
Gold standard	cellular root	Shannon equitability	13	0.0
Gold standard	other entries	Shannon diversity	13	0.11395505544907765
Gold standard	other entries	Shannon equitability	13	0.0
Gold standard	realm	Shannon diversity	13	0.6861768538805357
Gold standard	realm	Shannon equitability	13	0.4949719721331199
Gold standard	domain	Shannon diversity	13	0.39612619488185213
Gold standard	domain	Shannon equitability	13	0.5714892969222631
Gold standard	kingdom	Shannon diversity	13	1.5227790071972367
Gold standard	kingdom	Shannon equitability	13	0.6350481709821032
Gold standard	phylum	Shannon diversity	13	1.640191776057396
Gold standard	phylum	Shannon equitability	13	0.5475094655610037
Gold standard	class	Shannon diversity	13	1.8153274882811323
Gold standard	class	Shannon equitability	13	0.5447827354947323
Gold standard	order	Shannon diversity	13	1.8367925751413359
Gold standard	order	Shannon equitability	13	0.4883527913011969
Gold standard	family	Shannon diversity	13	2.342649102950484
Gold standard	family	Shannon equitability	13	0.5425953798473109
Gold standard	genus	Shannon diversity	13	3.4185821045915734
Gold standard	genus	Shannon equitability	13	0.6769662540246457
Gold standard	species	Shannon diversity	13	4.365878425598738
Gold standard	species	Shannon equitability	13	0.7918626732295299
Gold standard	strain	Shannon diversity	13	4.442457373076676
Gold standard	strain	Shannon equitability	13	0.7793178400736723
Gold standard	acellular root	True positives	13	1.0
Gold standard	acellular root	False negatives	13	0.0
Gold standard	acellular root	False positives	13	0.0
Gold standard	acellular root	Completeness	13	1.0
Gold standard	acellular root	Purity	13	1.0
Gold standard	acellular root	F1 score	13	1.0
Gold standard	acellular root	Jaccard index	13	1.0
Gold standard	cellular root	True positives	13	1.0
Gold standard	cellular root	False negatives	13	0.0
Gold standard	cellular root	False positives	13	0.0
Gold standard	cellular root	Completeness	13	1.0
Gold standard	cellular root	Purity	13	1.0
Gold standard	cellular root	F1 score	13	1.0
Gold standard	cellular root	Jaccard index	13	1.0
Gold standard	other entries	True positives	13	1.0
Gold standard	other entries	False negatives	13	0.0
Gold standard	other entries	False positives	13	0.0
Gold standard	other entries	Completeness	13	1.0
Gold standard	other entries	Purity	13	1.0
Gold standard	other entries	F1 score	13	1.0
Gold standard	other entries	Jaccard index	13	1.0
Gold standard	realm	True positives	13	4.0
Gold standard	realm	False negatives	13	0.0
Gold standard	realm	False positives	13	0.0
Gold standard	realm	Completeness	13	1.0
Gold standard	realm	Purity	13	1.0
Gold standard	realm	F1 score	13	1.0
Gold standard	realm	Jaccard index	13	1.0
Gold standard	domain	True positives	13	2.0
Gold standard	domain	False negatives	13	0.0
Gold standard	domain	False positives	13	0.0
Gold standard	domain	Completeness	13	1.0
Gold standard	domain	Purity	13	1.0
Gold standard	domain	F1 score	13	1.0
Gold standard	domain	Jaccard index	13	1.0
Gold standard	kingdom	True positives	13	11.0
Gold standard	kingdom	False negatives	13	0.0
Gold standard	kingdom	False positives	13	0.0
Gold standard	kingdom	Completeness	13	1.0
Gold standard	kingdom	Purity	13	1.0
Gold standard	kingdom	F1 score	13	1.0
Gold standard	kingdom	Jaccard index	13	1.0
Gold standard	phylum	True positives	13	20.0
Gold standard	phylum	False negatives	13	0.0
Gold standard	phylum	False positives	13	0.0
Gold standard	phylum	Completeness	13	1.0
Gold standard	phylum	Purity	13	1.0
Gold standard	phylum	F1 score	13	1.0
Gold standard	phylum	Jaccard index	13	1.0
Gold standard	class	True positives	13	28.0
Gold standard	class	False negatives	13	0.0
Gold standard	class	False positives	13	0.0
Gold standard	class	Completeness	13	1.0
Gold standard	class	Purity	13	1.0
Gold standard	class	F1 score	13	1.0
Gold standard	class	Jaccard index	13	1.0
Gold standard	order	True positives	13	43.0
Gold standard	order	False negatives	13	0.0
Gold standard	order	False positives	13	0.0
Gold standard	order	Completeness	13	1.0
Gold standard	order	Purity	13	1.0
Gold standard	order	F1 score	13	1.0
Gold standard	order	Jaccard index	13	1.0
Gold standard	family	True positives	13	75.0
Gold standard	family	False negatives	13	0.0
Gold standard	family	False positives	13	0.0
Gold standard	family	Completeness	13	1.0
Gold standard	family	Purity	13	1.0
Gold standard	family	F1 score	13	1.0
Gold standard	family	Jaccard index	13	1.0
Gold standard	genus	True positives	13	156.0
Gold standard	genus	False negatives	13	0.0
Gold standard	genus	False positives	13	0.0
Gold standard	genus	Completeness	13	1.0
Gold standard	genus	Purity	13	1.0
Gold standard	genus	F1 score	13	1.0
Gold standard	genus	Jaccard index	13	1.0
Gold standard	species	True positives	13	248.0
Gold standard	species	False negatives	13	0.0
Gold standard	species	False positives	13	0.0
Gold standard	species	Completeness	13	1.0
Gold standard	species	Purity	13	1.0
Gold standard	species	F1 score	13	1.0
Gold standard	species	Jaccard index	13	1.0
Gold standard	strain	True positives	13	299.0
Gold standard	strain	False negatives	13	0.0
Gold standard	strain	False positives	13	0.0
Gold standard	strain	Completeness	13	1.0
Gold standard	strain	Purity	13	1.0
Gold standard	strain	F1 score	13	1.0
Gold standard	strain	Jaccard index	13	1.0
Gold standard	acellular root	L1 norm error	13	0.0
Gold standard	cellular root	L1 norm error	13	0.0
Gold standard	other entries	L1 norm error	13	0.0
Gold standard	realm	L1 norm error	13	0.0
Gold standard	domain	L1 norm error	13	0.0
Gold standard	kingdom	L1 norm error	13	0.0
Gold standard	phylum	L1 norm error	13	0.0
Gold standard	class	L1 norm error	13	0.0
Gold standard	order	L1 norm error	13	0.0
Gold standard	family	L1 norm error	13	0.0
Gold standard	genus	L1 norm error	13	0.0
Gold standard	species	L1 norm error	13	0.0
Gold standard	strain	L1 norm error	13	0.0
Gold standard	na	Weighted UniFrac error	13	0.0
Gold standard	na	Unweighted UniFrac error	13	0.0
Gold standard	na	Weighted UniFrac (CAMI)	13	0.0
Gold standard	na	Unweighted UniFrac (CAMI)	13	0.0
Gold standard	acellular root	Sum of abundances	13	0.469013
Gold standard	cellular root	Sum of abundances	13	0.49741100000000005
Gold standard	other entries	Sum of abundances	13	0.033576
Gold standard	realm	Sum of abundances	13	0.46899899999999994
Gold standard	domain	Sum of abundances	13	0.49741099999999994
Gold standard	kingdom	Sum of abundances	13	0.9664090000000001
Gold standard	phylum	Sum of abundances	13	0.9664090000000001
Gold standard	class	Sum of abundances	13	0.9664099999999999
Gold standard	order	Sum of abundances	13	0.677508
Gold standard	family	Sum of abundances	13	0.761034
Gold standard	genus	Sum of abundances	13	0.934868
Gold standard	species	Sum of abundances	13	0.999991
Gold standard	strain	Sum of abundances	13	0.9999859999999999
Gold standard	acellular root	Taxon counts	13	1.0
Gold standard	cellular root	Taxon counts	13	1.0
Gold standard	other entries	Taxon counts	13	1.0
Gold standard	realm	Taxon counts	13	4.0
Gold standard	domain	Taxon counts	13	2.0
Gold standard	kingdom	Taxon counts	13	11.0
Gold standard	phylum	Taxon counts	13	20.0
Gold standard	class	Taxon counts	13	28.0
Gold standard	order	Taxon counts	13	43.0
Gold standard	family	Taxon counts	13	75.0
Gold standard	genus	Taxon counts	13	156.0
Gold standard	species	Taxon counts	13	248.0
Gold standard	strain	Taxon counts	13	299.0
Gold standard	acellular root	Bray-Curtis distance	14	0.0
Gold standard	cellular root	Bray-Curtis distance	14	0.0
Gold standard	other entries	Bray-Curtis distance	14	0.0
Gold standard	realm	Bray-Curtis distance	14	0.0
Gold standard	domain	Bray-Curtis distance	14	0.0
Gold standard	kingdom	Bray-Curtis distance	14	0.0
Gold standard	phylum	Bray-Curtis distance	14	0.0
Gold standard	class	Bray-Curtis distance	14	0.0
Gold standard	order	Bray-Curtis distance	14	0.0
Gold standard	family	Bray-Curtis distance	14	0.0
Gold standard	genus	Bray-Curtis distance	14	0.0
Gold standard	species	Bray-Curtis distance	14	0.0
Gold standard	strain	Bray-Curtis distance	14	0.0
Gold standard	acellular root	Shannon diversity	14	0.36787751622351944
Gold standard	acellular root	Shannon equitability	14	0.0
Gold standard	cellular root	Shannon diversity	14	0.36678521005499604
Gold standard	cellular root	Shannon equitability	14	0.0
Gold standard	other entries	Shannon diversity	14	0.3410730033281814
Gold standard	other entries	Shannon equitability	14	0.0
Gold standard	realm	Shannon diversity	14	0.6030615376839519
Gold standard	realm	Shannon equitability	14	0.5489302676698317
Gold standard	domain	Shannon diversity	14	0.4056678456184684
Gold standard	domain	Shannon equitability	14	0.585254989121874
Gold standard	kingdom	Shannon diversity	14	1.191382854320872
Gold standard	kingdom	Shannon equitability	14	0.5422217039667523
Gold standard	phylum	Shannon diversity	14	1.3578194763002356
Gold standard	phylum	Shannon equitability	14	0.4611470931839889
Gold standard	class	Shannon diversity	14	1.4997518833315995
Gold standard	class	Shannon equitability	14	0.45007798253437453
Gold standard	order	Shannon diversity	14	1.6136683537489942
Gold standard	order	Shannon equitability	14	0.4290301776329269
Gold standard	family	Shannon diversity	14	2.2415833191985413
Gold standard	family	Shannon equitability	14	0.5130129469179789
Gold standard	genus	Shannon diversity	14	3.3108453630793124
Gold standard	genus	Shannon equitability	14	0.6461492267291263
Gold standard	species	Shannon diversity	14	3.9128776604413393
Gold standard	species	Shannon equitability	14	0.700322806388517
Gold standard	strain	Shannon diversity	14	4.181584248389089
Gold standard	strain	Shannon equitability	14	0.7192105897004142
Gold standard	acellular root	True positives	14	1.0
Gold standard	acellular root	False negatives	14	0.0
Gold standard	acellular root	False positives	14	0.0
Gold standard	acellular root	Completeness	14	1.0
Gold standard	acellular root	Purity	14	1.0
Gold standard	acellular root	F1 score	14	1.0
Gold standard	acellular root	Jaccard index	14	1.0
Gold standard	cellular root	True positives	14	1.0
Gold standard	cellular root	False negatives	14	0.0
Gold standard	cellular root	False positives	14	0.0
Gold standard	cellular root	Completeness	14	1.0
Gold standard	cellular root	Purity	14	1.0
Gold standard	cellular root	F1 score	14	1.0
Gold standard	cellular root	Jaccard index	14	1.0
Gold standard	other entries	True positives	14	1.0
Gold standard	other entries	False negatives	14	0.0
Gold standard	other entries	False positives	14	0.0
Gold standard	other entries	Completeness	14	1.0
Gold standard	other entries	Purity	14	1.0
Gold standard	other entries	F1 score	14	1.0
Gold standard	other entries	Jaccard index	14	1.0
Gold standard	realm	True positives	14	3.0
Gold standard	realm	False negatives	14	0.0
Gold standard	realm	False positives	14	0.0
Gold standard	realm	Completeness	14	1.0
Gold standard	realm	Purity	14	1.0
Gold standard	realm	F1 score	14	1.0
Gold standard	realm	Jaccard index	14	1.0
Gold standard	domain	True positives	14	2.0
Gold standard	domain	False negatives	14	0.0
Gold standard	domain	False positives	14	0.0
Gold standard	domain	Completeness	14	1.0
Gold standard	domain	Purity	14	1.0
Gold standard	domain	F1 score	14	1.0
Gold standard	domain	Jaccard index	14	1.0
Gold standard	kingdom	True positives	14	9.0
Gold standard	kingdom	False negatives	14	0.0
Gold standard	kingdom	False positives	14	0.0
Gold standard	kingdom	Completeness	14	1.0
Gold standard	kingdom	Purity	14	1.0
Gold standard	kingdom	F1 score	14	1.0
Gold standard	kingdom	Jaccard index	14	1.0
Gold standard	phylum	True positives	14	19.0
Gold standard	phylum	False negatives	14	0.0
Gold standard	phylum	False positives	14	0.0
Gold standard	phylum	Completeness	14	1.0
Gold standard	phylum	Purity	14	1.0
Gold standard	phylum	F1 score	14	1.0
Gold standard	phylum	Jaccard index	14	1.0
Gold standard	class	True positives	14	28.0
Gold standard	class	False negatives	14	0.0
Gold standard	class	False positives	14	0.0
Gold standard	class	Completeness	14	1.0
Gold standard	class	Purity	14	1.0
Gold standard	class	F1 score	14	1.0
Gold standard	class	Jaccard index	14	1.0
Gold standard	order	True positives	14	43.0
Gold standard	order	False negatives	14	0.0
Gold standard	order	False positives	14	0.0
Gold standard	order	Completeness	14	1.0
Gold standard	order	Purity	14	1.0
Gold standard	order	F1 score	14	1.0
Gold standard	order	Jaccard index	14	1.0
Gold standard	family	True positives	14	79.0
Gold standard	family	False negatives	14	0.0
Gold standard	family	False positives	14	0.0
Gold standard	family	Completeness	14	1.0
Gold standard	family	Purity	14	1.0
Gold standard	family	F1 score	14	1.0
Gold standard	family	Jaccard index	14	1.0
Gold standard	genus	True positives	14	168.0
Gold standard	genus	False negatives	14	0.0
Gold standard	genus	False positives	14	0.0
Gold standard	genus	Completeness	14	1.0
Gold standard	genus	Purity	14	1.0
Gold standard	genus	F1 score	14	1.0
Gold standard	genus	Jaccard index	14	1.0
Gold standard	species	True positives	14	267.0
Gold standard	species	False negatives	14	0.0
Gold standard	species	False positives	14	0.0
Gold standard	species	Completeness	14	1.0
Gold standard	species	Purity	14	1.0
Gold standard	species	F1 score	14	1.0
Gold standard	species	Jaccard index	14	1.0
Gold standard	strain	True positives	14	335.0
Gold standard	strain	False negatives	14	0.0
Gold standard	strain	False positives	14	0.0
Gold standard	strain	Completeness	14	1.0
Gold standard	strain	Purity	14	1.0
Gold standard	strain	F1 score	14	1.0
Gold standard	strain	Jaccard index	14	1.0
Gold standard	acellular root	L1 norm error	14	0.0
Gold standard	cellular root	L1 norm error	14	0.0
Gold standard	other entries	L1 norm error	14	0.0
Gold standard	realm	L1 norm error	14	0.0
Gold standard	domain	L1 norm error	14	0.0
Gold standard	kingdom	L1 norm error	14	0.0
Gold standard	phylum	L1 norm error	14	0.0
Gold standard	class	L1 norm error	14	0.0
Gold standard	order	L1 norm error	14	0.0
Gold standard	family	L1 norm error	14	0.0
Gold standard	genus	L1 norm error	14	0.0
Gold standard	species	L1 norm error	14	0.0
Gold standard	strain	L1 norm error	14	0.0
Gold standard	na	Weighted UniFrac error	14	0.0
Gold standard	na	Unweighted UniFrac error	14	0.0
Gold standard	na	Weighted UniFrac (CAMI)	14	0.0
Gold standard	na	Unweighted UniFrac (CAMI)	14	0.0
Gold standard	acellular root	Sum of abundances	14	0.36668999999999996
Gold standard	cellular root	Sum of abundances	14	0.396616
Gold standard	other entries	Sum of abundances	14	0.236694
Gold standard	realm	Sum of abundances	14	0.36656599999999995
Gold standard	domain	Sum of abundances	14	0.396616
Gold standard	kingdom	Sum of abundances	14	0.763183
Gold standard	phylum	Sum of abundances	14	0.763181
Gold standard	class	Sum of abundances	14	0.7631830000000001
Gold standard	order	Sum of abundances	14	0.532673
Gold standard	family	Sum of abundances	14	0.632647
Gold standard	genus	Sum of abundances	14	0.75042
Gold standard	species	Sum of abundances	14	1.000003
Gold standard	strain	Sum of abundances	14	1.0000010000000001
Gold standard	acellular root	Taxon counts	14	1.0
Gold standard	cellular root	Taxon counts	14	1.0
Gold standard	other entries	Taxon counts	14	1.0
Gold standard	realm	Taxon counts	14	3.0
Gold standard	domain	Taxon counts	14	2.0
Gold standard	kingdom	Taxon counts	14	9.0
Gold standard	phylum	Taxon counts	14	19.0
Gold standard	class	Taxon counts	14	28.0
Gold standard	order	Taxon counts	14	43.0
Gold standard	family	Taxon counts	14	79.0
Gold standard	genus	Taxon counts	14	168.0
Gold standard	species	Taxon counts	14	267.0
Gold standard	strain	Taxon counts	14	335.0
Gold standard	acellular root	Bray-Curtis distance	15	0.0
Gold standard	cellular root	Bray-Curtis distance	15	0.0
Gold standard	other entries	Bray-Curtis distance	15	0.0
Gold standard	realm	Bray-Curtis distance	15	0.0
Gold standard	domain	Bray-Curtis distance	15	0.0
Gold standard	kingdom	Bray-Curtis distance	15	0.0
Gold standard	phylum	Bray-Curtis distance	15	0.0
Gold standard	class	Bray-Curtis distance	15	0.0
Gold standard	order	Bray-Curtis distance	15	0.0
Gold standard	family	Bray-Curtis distance	15	0.0
Gold standard	genus	Bray-Curtis distance	15	0.0
Gold standard	species	Bray-Curtis distance	15	0.0
Gold standard	strain	Bray-Curtis distance	15	0.0
Gold standard	acellular root	Shannon diversity	15	0.3576285146380896
Gold standard	acellular root	Shannon equitability	15	0.0
Gold standard	cellular root	Shannon diversity	15	0.34227745236247975
Gold standard	cellular root	Shannon equitability	15	0.0
Gold standard	other entries	Shannon diversity	15	0.10140131679731271
Gold standard	other entries	Shannon equitability	15	0.0
Gold standard	realm	Shannon diversity	15	0.6372592120161651
Gold standard	realm	Shannon equitability	15	0.5800583323064219
Gold standard	domain	Shannon diversity	15	0.3926111169645583
Gold standard	domain	Shannon equitability	15	0.5664181114426451
Gold standard	kingdom	Shannon diversity	15	1.3960122792224887
Gold standard	kingdom	Shannon equitability	15	0.6062804295355084
Gold standard	phylum	Shannon diversity	15	1.5026282554705446
Gold standard	phylum	Shannon equitability	15	0.5103275245649455
Gold standard	class	Shannon diversity	15	1.7717930307788183
Gold standard	class	Shannon equitability	15	0.5317179739024059
Gold standard	order	Shannon diversity	15	1.8299452180520255
Gold standard	order	Shannon equitability	15	0.4927722379374883
Gold standard	family	Shannon diversity	15	2.4818231733589093
Gold standard	family	Shannon equitability	15	0.5748303430362269
Gold standard	genus	Shannon diversity	15	3.5052641373922375
Gold standard	genus	Shannon equitability	15	0.6898219243378312
Gold standard	species	Shannon diversity	15	4.287230553365043
Gold standard	species	Shannon equitability	15	0.7798980088764474
Gold standard	strain	Shannon diversity	15	4.388692951509118
Gold standard	strain	Shannon equitability	15	0.7641808315246765
Gold standard	acellular root	True positives	15	1.0
Gold standard	acellular root	False negatives	15	0.0
Gold standard	acellular root	False positives	15	0.0
Gold standard	acellular root	Completeness	15	1.0
Gold standard	acellular root	Purity	15	1.0
Gold standard	acellular root	F1 score	15	1.0
Gold standard	acellular root	Jaccard index	15	1.0
Gold standard	cellular root	True positives	15	1.0
Gold standard	cellular root	False negatives	15	0.0
Gold standard	cellular root	False positives	15	0.0
Gold standard	cellular root	Completeness	15	1.0
Gold standard	cellular root	Purity	15	1.0
Gold standard	cellular root	F1 score	15	1.0
Gold standard	cellular root	Jaccard index	15	1.0
Gold standard	other entries	True positives	15	1.0
Gold standard	other entries	False negatives	15	0.0
Gold standard	other entries	False positives	15	0.0
Gold standard	other entries	Completeness	15	1.0
Gold standard	other entries	Purity	15	1.0
Gold standard	other entries	F1 score	15	1.0
Gold standard	other entries	Jaccard index	15	1.0
Gold standard	realm	True positives	15	3.0
Gold standard	realm	False negatives	15	0.0
Gold standard	realm	False positives	15	0.0
Gold standard	realm	Completeness	15	1.0
Gold standard	realm	Purity	15	1.0
Gold standard	realm	F1 score	15	1.0
Gold standard	realm	Jaccard index	15	1.0
Gold standard	domain	True positives	15	2.0
Gold standard	domain	False negatives	15	0.0
Gold standard	domain	False positives	15	0.0
Gold standard	domain	Completeness	15	1.0
Gold standard	domain	Purity	15	1.0
Gold standard	domain	F1 score	15	1.0
Gold standard	domain	Jaccard index	15	1.0
Gold standard	kingdom	True positives	15	10.0
Gold standard	kingdom	False negatives	15	0.0
Gold standard	kingdom	False positives	15	0.0
Gold standard	kingdom	Completeness	15	1.0
Gold standard	kingdom	Purity	15	1.0
Gold standard	kingdom	F1 score	15	1.0
Gold standard	kingdom	Jaccard index	15	1.0
Gold standard	phylum	True positives	15	19.0
Gold standard	phylum	False negatives	15	0.0
Gold standard	phylum	False positives	15	0.0
Gold standard	phylum	Completeness	15	1.0
Gold standard	phylum	Purity	15	1.0
Gold standard	phylum	F1 score	15	1.0
Gold standard	phylum	Jaccard index	15	1.0
Gold standard	class	True positives	15	28.0
Gold standard	class	False negatives	15	0.0
Gold standard	class	False positives	15	0.0
Gold standard	class	Completeness	15	1.0
Gold standard	class	Purity	15	1.0
Gold standard	class	F1 score	15	1.0
Gold standard	class	Jaccard index	15	1.0
Gold standard	order	True positives	15	41.0
Gold standard	order	False negatives	15	0.0
Gold standard	order	False positives	15	0.0
Gold standard	order	Completeness	15	1.0
Gold standard	order	Purity	15	1.0
Gold standard	order	F1 score	15	1.0
Gold standard	order	Jaccard index	15	1.0
Gold standard	family	True positives	15	75.0
Gold standard	family	False negatives	15	0.0
Gold standard	family	False positives	15	0.0
Gold standard	family	Completeness	15	1.0
Gold standard	family	Purity	15	1.0
Gold standard	family	F1 score	15	1.0
Gold standard	family	Jaccard index	15	1.0
Gold standard	genus	True positives	15	161.0
Gold standard	genus	False negatives	15	0.0
Gold standard	genus	False positives	15	0.0
Gold standard	genus	Completeness	15	1.0
Gold standard	genus	Purity	15	1.0
Gold standard	genus	F1 score	15	1.0
Gold standard	genus	Jaccard index	15	1.0
Gold standard	species	True positives	15	244.0
Gold standard	species	False negatives	15	0.0
Gold standard	species	False positives	15	0.0
Gold standard	species	Completeness	15	1.0
Gold standard	species	Purity	15	1.0
Gold standard	species	F1 score	15	1.0
Gold standard	species	Jaccard index	15	1.0
Gold standard	strain	True positives	15	312.0
Gold standard	strain	False negatives	15	0.0
Gold standard	strain	False positives	15	0.0
Gold standard	strain	Completeness	15	1.0
Gold standard	strain	Purity	15	1.0
Gold standard	strain	F1 score	15	1.0
Gold standard	strain	Jaccard index	15	1.0
Gold standard	acellular root	L1 norm error	15	0.0
Gold standard	cellular root	L1 norm error	15	0.0
Gold standard	other entries	L1 norm error	15	0.0
Gold standard	realm	L1 norm error	15	0.0
Gold standard	domain	L1 norm error	15	0.0
Gold standard	kingdom	L1 norm error	15	0.0
Gold standard	phylum	L1 norm error	15	0.0
Gold standard	class	L1 norm error	15	0.0
Gold standard	order	L1 norm error	15	0.0
Gold standard	family	L1 norm error	15	0.0
Gold standard	genus	L1 norm error	15	0.0
Gold standard	species	L1 norm error	15	0.0
Gold standard	strain	L1 norm error	15	0.0
Gold standard	na	Weighted UniFrac error	15	0.0
Gold standard	na	Unweighted UniFrac error	15	0.0
Gold standard	na	Weighted UniFrac (CAMI)	15	0.0
Gold standard	na	Unweighted UniFrac (CAMI)	15	0.0
Gold standard	acellular root	Sum of abundances	15	0.45807899999999996
Gold standard	cellular root	Sum of abundances	15	0.5134190000000001
Gold standard	other entries	Sum of abundances	15	0.028501
Gold standard	realm	Sum of abundances	15	0.44749500000000003
Gold standard	domain	Sum of abundances	15	0.5134190000000001
Gold standard	kingdom	Sum of abundances	15	0.960914
Gold standard	phylum	Sum of abundances	15	0.960917
Gold standard	class	Sum of abundances	15	0.960918
Gold standard	order	Sum of abundances	15	0.655149
Gold standard	family	Sum of abundances	15	0.785069
Gold standard	genus	Sum of abundances	15	0.9390550000000001
Gold standard	species	Sum of abundances	15	1.0000069999999999
Gold standard	strain	Sum of abundances	15	1.000011
Gold standard	acellular root	Taxon counts	15	1.0
Gold standard	cellular root	Taxon counts	15	1.0
Gold standard	other entries	Taxon counts	15	1.0
Gold standard	realm	Taxon counts	15	3.0
Gold standard	domain	Taxon counts	15	2.0
Gold standard	kingdom	Taxon counts	15	10.0
Gold standard	phylum	Taxon counts	15	19.0
Gold standard	class	Taxon counts	15	28.0
Gold standard	order	Taxon counts	15	41.0
Gold standard	family	Taxon counts	15	75.0
Gold standard	genus	Taxon counts	15	161.0
Gold standard	species	Taxon counts	15	244.0
Gold standard	strain	Taxon counts	15	312.0
Gold standard	acellular root	Bray-Curtis distance	16	0.0
Gold standard	cellular root	Bray-Curtis distance	16	0.0
Gold standard	other entries	Bray-Curtis distance	16	0.0
Gold standard	realm	Bray-Curtis distance	16	0.0
Gold standard	domain	Bray-Curtis distance	16	0.0
Gold standard	kingdom	Bray-Curtis distance	16	0.0
Gold standard	phylum	Bray-Curtis distance	16	0.0
Gold standard	class	Bray-Curtis distance	16	0.0
Gold standard	order	Bray-Curtis distance	16	0.0
Gold standard	family	Bray-Curtis distance	16	0.0
Gold standard	genus	Bray-Curtis distance	16	0.0
Gold standard	species	Bray-Curtis distance	16	0.0
Gold standard	strain	Bray-Curtis distance	16	0.0
Gold standard	acellular root	Shannon diversity	16	0.36781093153257005
Gold standard	acellular root	Shannon equitability	16	0.0
Gold standard	cellular root	Shannon diversity	16	0.36728164444001393
Gold standard	cellular root	Shannon equitability	16	0.0
Gold standard	other entries	Shannon diversity	16	0.34074329424557837
Gold standard	other entries	Shannon equitability	16	0.0
Gold standard	realm	Shannon diversity	16	0.5869851965744702
Gold standard	realm	Shannon equitability	16	0.5342969513713479
Gold standard	domain	Shannon diversity	16	0.40542376146149367
Gold standard	domain	Shannon equitability	16	0.584902850119047
Gold standard	kingdom	Shannon diversity	16	1.2290141438922755
Gold standard	kingdom	Shannon equitability	16	0.5337540608734643
Gold standard	phylum	Shannon diversity	16	1.353976308435788
Gold standard	phylum	Shannon equitability	16	0.4598418639394231
Gold standard	class	Shannon diversity	16	1.5042214753616185
Gold standard	class	Shannon equitability	16	0.4564004641362133
Gold standard	order	Shannon diversity	16	1.6873198685602413
Gold standard	order	Shannon equitability	16	0.4486120963146628
Gold standard	family	Shannon diversity	16	2.376897130807011
Gold standard	family	Shannon equitability	16	0.5455717206176196
Gold standard	genus	Shannon diversity	16	3.331813222361668
Gold standard	genus	Shannon equitability	16	0.646540790728605
Gold standard	species	Shannon diversity	16	3.8905507209347916
Gold standard	species	Shannon equitability	16	0.6940221354453656
Gold standard	strain	Shannon diversity	16	4.185558791829179
Gold standard	strain	Shannon equitability	16	0.7169839083373838
Gold standard	acellular root	True positives	16	1.0
Gold standard	acellular root	False negatives	16	0.0
Gold standard	acellular root	False positives	16	0.0
Gold standard	acellular root	Completeness	16	1.0
Gold standard	acellular root	Purity	16	1.0
Gold standard	acellular root	F1 score	16	1.0
Gold standard	acellular root	Jaccard index	16	1.0
Gold standard	cellular root	True positives	16	1.0
Gold standard	cellular root	False negatives	16	0.0
Gold standard	cellular root	False positives	16	0.0
Gold standard	cellular root	Completeness	16	1.0
Gold standard	cellular root	Purity	16	1.0
Gold standard	cellular root	F1 score	16	1.0
Gold standard	cellular root	Jaccard index	16	1.0
Gold standard	other entries	True positives	16	1.0
Gold standard	other entries	False negatives	16	0.0
Gold standard	other entries	False positives	16	0.0
Gold standard	other entries	Completeness	16	1.0
Gold standard	other entries	Purity	16	1.0
Gold standard	other entries	F1 score	16	1.0
Gold standard	other entries	Jaccard index	16	1.0
Gold standard	realm	True positives	16	3.0
Gold standard	realm	False negatives	16	0.0
Gold standard	realm	False positives	16	0.0
Gold standard	realm	Completeness	16	1.0
Gold standard	realm	Purity	16	1.0
Gold standard	realm	F1 score	16	1.0
Gold standard	realm	Jaccard index	16	1.0
Gold standard	domain	True positives	16	2.0
Gold standard	domain	False negatives	16	0.0
Gold standard	domain	False positives	16	0.0
Gold standard	domain	Completeness	16	1.0
Gold standard	domain	Purity	16	1.0
Gold standard	domain	F1 score	16	1.0
Gold standard	domain	Jaccard index	16	1.0
Gold standard	kingdom	True positives	16	10.0
Gold standard	kingdom	False negatives	16	0.0
Gold standard	kingdom	False positives	16	0.0
Gold standard	kingdom	Completeness	16	1.0
Gold standard	kingdom	Purity	16	1.0
Gold standard	kingdom	F1 score	16	1.0
Gold standard	kingdom	Jaccard index	16	1.0
Gold standard	phylum	True positives	16	19.0
Gold standard	phylum	False negatives	16	0.0
Gold standard	phylum	False positives	16	0.0
Gold standard	phylum	Completeness	16	1.0
Gold standard	phylum	Purity	16	1.0
Gold standard	phylum	F1 score	16	1.0
Gold standard	phylum	Jaccard index	16	1.0
Gold standard	class	True positives	16	27.0
Gold standard	class	False negatives	16	0.0
Gold standard	class	False positives	16	0.0
Gold standard	class	Completeness	16	1.0
Gold standard	class	Purity	16	1.0
Gold standard	class	F1 score	16	1.0
Gold standard	class	Jaccard index	16	1.0
Gold standard	order	True positives	16	43.0
Gold standard	order	False negatives	16	0.0
Gold standard	order	False positives	16	0.0
Gold standard	order	Completeness	16	1.0
Gold standard	order	Purity	16	1.0
Gold standard	order	F1 score	16	1.0
Gold standard	order	Jaccard index	16	1.0
Gold standard	family	True positives	16	78.0
Gold standard	family	False negatives	16	0.0
Gold standard	family	False positives	16	0.0
Gold standard	family	Completeness	16	1.0
Gold standard	family	Purity	16	1.0
Gold standard	family	F1 score	16	1.0
Gold standard	family	Jaccard index	16	1.0
Gold standard	genus	True positives	16	173.0
Gold standard	genus	False negatives	16	0.0
Gold standard	genus	False positives	16	0.0
Gold standard	genus	Completeness	16	1.0
Gold standard	genus	Purity	16	1.0
Gold standard	genus	F1 score	16	1.0
Gold standard	genus	Jaccard index	16	1.0
Gold standard	species	True positives	16	272.0
Gold standard	species	False negatives	16	0.0
Gold standard	species	False positives	16	0.0
Gold standard	species	Completeness	16	1.0
Gold standard	species	Purity	16	1.0
Gold standard	species	F1 score	16	1.0
Gold standard	species	Jaccard index	16	1.0
Gold standard	strain	True positives	16	343.0
Gold standard	strain	False negatives	16	0.0
Gold standard	strain	False positives	16	0.0
Gold standard	strain	Completeness	16	1.0
Gold standard	strain	Purity	16	1.0
Gold standard	strain	F1 score	16	1.0
Gold standard	strain	Jaccard index	16	1.0
Gold standard	acellular root	L1 norm error	16	0.0
Gold standard	cellular root	L1 norm error	16	0.0
Gold standard	other entries	L1 norm error	16	0.0
Gold standard	realm	L1 norm error	16	0.0
Gold standard	domain	L1 norm error	16	0.0
Gold standard	kingdom	L1 norm error	16	0.0
Gold standard	phylum	L1 norm error	16	0.0
Gold standard	class	L1 norm error	16	0.0
Gold standard	order	L1 norm error	16	0.0
Gold standard	family	L1 norm error	16	0.0
Gold standard	genus	L1 norm error	16	0.0
Gold standard	species	L1 norm error	16	0.0
Gold standard	strain	L1 norm error	16	0.0
Gold standard	na	Weighted UniFrac error	16	0.0
Gold standard	na	Unweighted UniFrac error	16	0.0
Gold standard	na	Weighted UniFrac (CAMI)	16	0.0
Gold standard	na	Unweighted UniFrac (CAMI)	16	0.0
Gold standard	acellular root	Sum of abundances	16	0.375002
Gold standard	cellular root	Sum of abundances	16	0.38905
Gold standard	other entries	Sum of abundances	16	0.235949
Gold standard	realm	Sum of abundances	16	0.374741
Gold standard	domain	Sum of abundances	16	0.38905
Gold standard	kingdom	Sum of abundances	16	0.7637910000000001
Gold standard	phylum	Sum of abundances	16	0.763789
Gold standard	class	Sum of abundances	16	0.763792
Gold standard	order	Sum of abundances	16	0.547895
Gold standard	family	Sum of abundances	16	0.67511
Gold standard	genus	Sum of abundances	16	0.747843
Gold standard	species	Sum of abundances	16	1.000013
Gold standard	strain	Sum of abundances	16	1.00002
Gold standard	acellular root	Taxon counts	16	1.0
Gold standard	cellular root	Taxon counts	16	1.0
Gold standard	other entries	Taxon counts	16	1.0
Gold standard	realm	Taxon counts	16	3.0
Gold standard	domain	Taxon counts	16	2.0
Gold standard	kingdom	Taxon counts	16	10.0
Gold standard	phylum	Taxon counts	16	19.0
Gold standard	class	Taxon counts	16	27.0
Gold standard	order	Taxon counts	16	43.0
Gold standard	family	Taxon counts	16	78.0
Gold standard	genus	Taxon counts	16	173.0
Gold standard	species	Taxon counts	16	272.0
Gold standard	strain	Taxon counts	16	343.0
Gold standard	acellular root	Bray-Curtis distance	17	0.0
Gold standard	cellular root	Bray-Curtis distance	17	0.0
Gold standard	other entries	Bray-Curtis distance	17	0.0
Gold standard	realm	Bray-Curtis distance	17	0.0
Gold standard	domain	Bray-Curtis distance	17	0.0
Gold standard	kingdom	Bray-Curtis distance	17	0.0
Gold standard	phylum	Bray-Curtis distance	17	0.0
Gold standard	class	Bray-Curtis distance	17	0.0
Gold standard	order	Bray-Curtis distance	17	0.0
Gold standard	family	Bray-Curtis distance	17	0.0
Gold standard	genus	Bray-Curtis distance	17	0.0
Gold standard	species	Bray-Curtis distance	17	0.0
Gold standard	strain	Bray-Curtis distance	17	0.0
Gold standard	acellular root	Shannon diversity	17	0.35396165966740617
Gold standard	acellular root	Shannon equitability	17	0.0
Gold standard	cellular root	Shannon diversity	17	0.3484336508326949
Gold standard	cellular root	Shannon equitability	17	0.0
Gold standard	other entries	Shannon diversity	17	0.11154122160525744
Gold standard	other entries	Shannon equitability	17	0.0
Gold standard	realm	Shannon diversity	17	0.6647749554029775
Gold standard	realm	Shannon equitability	17	0.6051042412868965
Gold standard	domain	Shannon diversity	17	0.39684590180035023
Gold standard	domain	Shannon equitability	17	0.5725276145244739
Gold standard	kingdom	Shannon diversity	17	1.2937036052601514
Gold standard	kingdom	Shannon equitability	17	0.5887898845681757
Gold standard	phylum	Shannon diversity	17	1.4012623295847237
Gold standard	phylum	Shannon equitability	17	0.4848034948295615
Gold standard	class	Shannon diversity	17	1.6299080697667823
Gold standard	class	Shannon equitability	17	0.48913806604297627
Gold standard	order	Shannon diversity	17	1.836825277240786
Gold standard	order	Shannon equitability	17	0.49143596540894924
Gold standard	family	Shannon diversity	17	2.5183986120567696
Gold standard	family	Shannon equitability	17	0.583301805547771
Gold standard	genus	Shannon diversity	17	3.7828046195417913
Gold standard	genus	Shannon equitability	17	0.7426364604496428
Gold standard	species	Shannon diversity	17	4.245876430817756
Gold standard	species	Shannon equitability	17	0.7689769961210989
Gold standard	strain	Shannon diversity	17	4.348230068276153
Gold standard	strain	Shannon equitability	17	0.7529987452672766
Gold standard	acellular root	True positives	17	1.0
Gold standard	acellular root	False negatives	17	0.0
Gold standard	acellular root	False positives	17	0.0
Gold standard	acellular root	Completeness	17	1.0
Gold standard	acellular root	Purity	17	1.0
Gold standard	acellular root	F1 score	17	1.0
Gold standard	acellular root	Jaccard index	17	1.0
Gold standard	cellular root	True positives	17	1.0
Gold standard	cellular root	False negatives	17	0.0
Gold standard	cellular root	False positives	17	0.0
Gold standard	cellular root	Completeness	17	1.0
Gold standard	cellular root	Purity	17	1.0
Gold standard	cellular root	F1 score	17	1.0
Gold standard	cellular root	Jaccard index	17	1.0
Gold standard	other entries	True positives	17	1.0
Gold standard	other entries	False negatives	17	0.0
Gold standard	other entries	False positives	17	0.0
Gold standard	other entries	Completeness	17	1.0
Gold standard	other entries	Purity	17	1.0
Gold standard	other entries	F1 score	17	1.0
Gold standard	other entries	Jaccard index	17	1.0
Gold standard	realm	True positives	17	3.0
Gold standard	realm	False negatives	17	0.0
Gold standard	realm	False positives	17	0.0
Gold standard	realm	Completeness	17	1.0
Gold standard	realm	Purity	17	1.0
Gold standard	realm	F1 score	17	1.0
Gold standard	realm	Jaccard index	17	1.0
Gold standard	domain	True positives	17	2.0
Gold standard	domain	False negatives	17	0.0
Gold standard	domain	False positives	17	0.0
Gold standard	domain	Completeness	17	1.0
Gold standard	domain	Purity	17	1.0
Gold standard	domain	F1 score	17	1.0
Gold standard	domain	Jaccard index	17	1.0
Gold standard	kingdom	True positives	17	9.0
Gold standard	kingdom	False negatives	17	0.0
Gold standard	kingdom	False positives	17	0.0
Gold standard	kingdom	Completeness	17	1.0
Gold standard	kingdom	Purity	17	1.0
Gold standard	kingdom	F1 score	17	1.0
Gold standard	kingdom	Jaccard index	17	1.0
Gold standard	phylum	True positives	17	18.0
Gold standard	phylum	False negatives	17	0.0
Gold standard	phylum	False positives	17	0.0
Gold standard	phylum	Completeness	17	1.0
Gold standard	phylum	Purity	17	1.0
Gold standard	phylum	F1 score	17	1.0
Gold standard	phylum	Jaccard index	17	1.0
Gold standard	class	True positives	17	28.0
Gold standard	class	False negatives	17	0.0
Gold standard	class	False positives	17	0.0
Gold standard	class	Completeness	17	1.0
Gold standard	class	Purity	17	1.0
Gold standard	class	F1 score	17	1.0
Gold standard	class	Jaccard index	17	1.0
Gold standard	order	True positives	17	42.0
Gold standard	order	False negatives	17	0.0
Gold standard	order	False positives	17	0.0
Gold standard	order	Completeness	17	1.0
Gold standard	order	Purity	17	1.0
Gold standard	order	F1 score	17	1.0
Gold standard	order	Jaccard index	17	1.0
Gold standard	family	True positives	17	75.0
Gold standard	family	False negatives	17	0.0
Gold standard	family	False positives	17	0.0
Gold standard	family	Completeness	17	1.0
Gold standard	family	Purity	17	1.0
Gold standard	family	F1 score	17	1.0
Gold standard	family	Jaccard index	17	1.0
Gold standard	genus	True positives	17	163.0
Gold standard	genus	False negatives	17	0.0
Gold standard	genus	False positives	17	0.0
Gold standard	genus	Completeness	17	1.0
Gold standard	genus	Purity	17	1.0
Gold standard	genus	F1 score	17	1.0
Gold standard	genus	Jaccard index	17	1.0
Gold standard	species	True positives	17	250.0
Gold standard	species	False negatives	17	0.0
Gold standard	species	False positives	17	0.0
Gold standard	species	Completeness	17	1.0
Gold standard	species	Purity	17	1.0
Gold standard	species	F1 score	17	1.0
Gold standard	species	Jaccard index	17	1.0
Gold standard	strain	True positives	17	322.0
Gold standard	strain	False negatives	17	0.0
Gold standard	strain	False positives	17	0.0
Gold standard	strain	Completeness	17	1.0
Gold standard	strain	Purity	17	1.0
Gold standard	strain	F1 score	17	1.0
Gold standard	strain	Jaccard index	17	1.0
Gold standard	acellular root	L1 norm error	17	0.0
Gold standard	cellular root	L1 norm error	17	0.0
Gold standard	other entries	L1 norm error	17	0.0
Gold standard	realm	L1 norm error	17	0.0
Gold standard	domain	L1 norm error	17	0.0
Gold standard	kingdom	L1 norm error	17	0.0
Gold standard	phylum	L1 norm error	17	0.0
Gold standard	class	L1 norm error	17	0.0
Gold standard	order	L1 norm error	17	0.0
Gold standard	family	L1 norm error	17	0.0
Gold standard	genus	L1 norm error	17	0.0
Gold standard	species	L1 norm error	17	0.0
Gold standard	strain	L1 norm error	17	0.0
Gold standard	na	Weighted UniFrac error	17	0.0
Gold standard	na	Unweighted UniFrac error	17	0.0
Gold standard	na	Weighted UniFrac (CAMI)	17	0.0
Gold standard	na	Unweighted UniFrac (CAMI)	17	0.0
Gold standard	acellular root	Sum of abundances	17	0.473613
Gold standard	cellular root	Sum of abundances	17	0.49381300000000006
Gold standard	other entries	Sum of abundances	17	0.032574
Gold standard	realm	Sum of abundances	17	0.46947500000000003
Gold standard	domain	Sum of abundances	17	0.493812
Gold standard	kingdom	Sum of abundances	17	0.963287
Gold standard	phylum	Sum of abundances	17	0.9632890000000001
Gold standard	class	Sum of abundances	17	0.9632900000000001
Gold standard	order	Sum of abundances	17	0.642094
Gold standard	family	Sum of abundances	17	0.78299
Gold standard	genus	Sum of abundances	17	0.941386
Gold standard	species	Sum of abundances	17	1.000008
Gold standard	strain	Sum of abundances	17	1.000016
Gold standard	acellular root	Taxon counts	17	1.0
Gold standard	cellular root	Taxon counts	17	1.0
Gold standard	other entries	Taxon counts	17	1.0
Gold standard	realm	Taxon counts	17	3.0
Gold standard	domain	Taxon counts	17	2.0
Gold standard	kingdom	Taxon counts	17	9.0
Gold standard	phylum	Taxon counts	17	18.0
Gold standard	class	Taxon counts	17	28.0
Gold standard	order	Taxon counts	17	42.0
Gold standard	family	Taxon counts	17	75.0
Gold standard	genus	Taxon counts	17	163.0
Gold standard	species	Taxon counts	17	250.0
Gold standard	strain	Taxon counts	17	322.0
Gold standard	acellular root	Bray-Curtis distance	18	0.0
Gold standard	cellular root	Bray-Curtis distance	18	0.0
Gold standard	other entries	Bray-Curtis distance	18	0.0
Gold standard	realm	Bray-Curtis distance	18	0.0
Gold standard	domain	Bray-Curtis distance	18	0.0
Gold standard	kingdom	Bray-Curtis distance	18	0.0
Gold standard	phylum	Bray-Curtis distance	18	0.0
Gold standard	class	Bray-Curtis distance	18	0.0
Gold standard	order	Bray-Curtis distance	18	0.0
Gold standard	family	Bray-Curtis distance	18	0.0
Gold standard	genus	Bray-Curtis distance	18	0.0
Gold standard	species	Bray-Curtis distance	18	0.0
Gold standard	strain	Bray-Curtis distance	18	0.0
Gold standard	acellular root	Shannon diversity	18	0.35788553472565915
Gold standard	acellular root	Shannon equitability	18	0.0
Gold standard	cellular root	Shannon diversity	18	0.3474306466401177
Gold standard	cellular root	Shannon equitability	18	0.0
Gold standard	other entries	Shannon diversity	18	0.14147075901308478
Gold standard	other entries	Shannon equitability	18	0.0
Gold standard	realm	Shannon diversity	18	0.6315694557986703
Gold standard	realm	Shannon equitability	18	0.5748792930073142
Gold standard	domain	Shannon diversity	18	0.3961753099039524
Gold standard	domain	Shannon equitability	18	0.5715601549210804
Gold standard	kingdom	Shannon diversity	18	1.3300387439970756
Gold standard	kingdom	Shannon equitability	18	0.5776284872354617
Gold standard	phylum	Shannon diversity	18	1.4552049927648232
Gold standard	phylum	Shannon equitability	18	0.48575936027769223
Gold standard	class	Shannon diversity	18	1.5952380481821224
Gold standard	class	Shannon equitability	18	0.46902248507628047
Gold standard	order	Shannon diversity	18	1.7926474173364073
Gold standard	order	Shannon equitability	18	0.4766158040505762
Gold standard	family	Shannon diversity	18	2.299704034517513
Gold standard	family	Shannon equitability	18	0.5263145624267112
Gold standard	genus	Shannon diversity	18	3.5625156291230557
Gold standard	genus	Shannon equitability	18	0.6960765799442826
Gold standard	species	Shannon diversity	18	4.136853116044068
Gold standard	species	Shannon equitability	18	0.7465541175457293
Gold standard	strain	Shannon diversity	18	4.249854590151947
Gold standard	strain	Shannon equitability	18	0.7298336070901642
Gold standard	acellular root	True positives	18	1.0
Gold standard	acellular root	False negatives	18	0.0
Gold standard	acellular root	False positives	18	0.0
Gold standard	acellular root	Completeness	18	1.0
Gold standard	acellular root	Purity	18	1.0
Gold standard	acellular root	F1 score	18	1.0
Gold standard	acellular root	Jaccard index	18	1.0
Gold standard	cellular root	True positives	18	1.0
Gold standard	cellular root	False negatives	18	0.0
Gold standard	cellular root	False positives	18	0.0
Gold standard	cellular root	Completeness	18	1.0
Gold standard	cellular root	Purity	18	1.0
Gold standard	cellular root	F1 score	18	1.0
Gold standard	cellular root	Jaccard index	18	1.0
Gold standard	other entries	True positives	18	1.0
Gold standard	other entries	False negatives	18	0.0
Gold standard	other entries	False positives	18	0.0
Gold standard	other entries	Completeness	18	1.0
Gold standard	other entries	Purity	18	1.0
Gold standard	other entries	F1 score	18	1.0
Gold standard	other entries	Jaccard index	18	1.0
Gold standard	realm	True positives	18	3.0
Gold standard	realm	False negatives	18	0.0
Gold standard	realm	False positives	18	0.0
Gold standard	realm	Completeness	18	1.0
Gold standard	realm	Purity	18	1.0
Gold standard	realm	F1 score	18	1.0
Gold standard	realm	Jaccard index	18	1.0
Gold standard	domain	True positives	18	2.0
Gold standard	domain	False negatives	18	0.0
Gold standard	domain	False positives	18	0.0
Gold standard	domain	Completeness	18	1.0
Gold standard	domain	Purity	18	1.0
Gold standard	domain	F1 score	18	1.0
Gold standard	domain	Jaccard index	18	1.0
Gold standard	kingdom	True positives	18	10.0
Gold standard	kingdom	False negatives	18	0.0
Gold standard	kingdom	False positives	18	0.0
Gold standard	kingdom	Completeness	18	1.0
Gold standard	kingdom	Purity	18	1.0
Gold standard	kingdom	F1 score	18	1.0
Gold standard	kingdom	Jaccard index	18	1.0
Gold standard	phylum	True positives	18	20.0
Gold standard	phylum	False negatives	18	0.0
Gold standard	phylum	False positives	18	0.0
Gold standard	phylum	Completeness	18	1.0
Gold standard	phylum	Purity	18	1.0
Gold standard	phylum	F1 score	18	1.0
Gold standard	phylum	Jaccard index	18	1.0
Gold standard	class	True positives	18	30.0
Gold standard	class	False negatives	18	0.0
Gold standard	class	False positives	18	0.0
Gold standard	class	Completeness	18	1.0
Gold standard	class	Purity	18	1.0
Gold standard	class	F1 score	18	1.0
Gold standard	class	Jaccard index	18	1.0
Gold standard	order	True positives	18	43.0
Gold standard	order	False negatives	18	0.0
Gold standard	order	False positives	18	0.0
Gold standard	order	Completeness	18	1.0
Gold standard	order	Purity	18	1.0
Gold standard	order	F1 score	18	1.0
Gold standard	order	Jaccard index	18	1.0
Gold standard	family	True positives	18	79.0
Gold standard	family	False negatives	18	0.0
Gold standard	family	False positives	18	0.0
Gold standard	family	Completeness	18	1.0
Gold standard	family	Purity	18	1.0
Gold standard	family	F1 score	18	1.0
Gold standard	family	Jaccard index	18	1.0
Gold standard	genus	True positives	18	167.0
Gold standard	genus	False negatives	18	0.0
Gold standard	genus	False positives	18	0.0
Gold standard	genus	Completeness	18	1.0
Gold standard	genus	Purity	18	1.0
Gold standard	genus	F1 score	18	1.0
Gold standard	genus	Jaccard index	18	1.0
Gold standard	species	True positives	18	255.0
Gold standard	species	False negatives	18	0.0
Gold standard	species	False positives	18	0.0
Gold standard	species	Completeness	18	1.0
Gold standard	species	Purity	18	1.0
Gold standard	species	F1 score	18	1.0
Gold standard	species	Jaccard index	18	1.0
Gold standard	strain	True positives	18	338.0
Gold standard	strain	False negatives	18	0.0
Gold standard	strain	False positives	18	0.0
Gold standard	strain	Completeness	18	1.0
Gold standard	strain	Purity	18	1.0
Gold standard	strain	F1 score	18	1.0
Gold standard	strain	Jaccard index	18	1.0
Gold standard	acellular root	L1 norm error	18	0.0
Gold standard	cellular root	L1 norm error	18	0.0
Gold standard	other entries	L1 norm error	18	0.0
Gold standard	realm	L1 norm error	18	0.0
Gold standard	domain	L1 norm error	18	0.0
Gold standard	kingdom	L1 norm error	18	0.0
Gold standard	phylum	L1 norm error	18	0.0
Gold standard	class	L1 norm error	18	0.0
Gold standard	order	L1 norm error	18	0.0
Gold standard	family	L1 norm error	18	0.0
Gold standard	genus	L1 norm error	18	0.0
Gold standard	species	L1 norm error	18	0.0
Gold standard	strain	L1 norm error	18	0.0
Gold standard	na	Weighted UniFrac error	18	0.0
Gold standard	na	Unweighted UniFrac error	18	0.0
Gold standard	na	Weighted UniFrac (CAMI)	18	0.0
Gold standard	na	Unweighted UniFrac (CAMI)	18	0.0
Gold standard	acellular root	Sum of abundances	18	0.4569
Gold standard	cellular root	Sum of abundances	18	0.497181
Gold standard	other entries	Sum of abundances	18	0.045919
Gold standard	realm	Sum of abundances	18	0.434395
Gold standard	domain	Sum of abundances	18	0.497181
Gold standard	kingdom	Sum of abundances	18	0.9315760000000001
Gold standard	phylum	Sum of abundances	18	0.9315760000000001
Gold standard	class	Sum of abundances	18	0.931575
Gold standard	order	Sum of abundances	18	0.652709
Gold standard	family	Sum of abundances	18	0.7384229999999999
Gold standard	genus	Sum of abundances	18	0.900197
Gold standard	species	Sum of abundances	18	0.999999
Gold standard	strain	Sum of abundances	18	0.999992
Gold standard	acellular root	Taxon counts	18	1.0
Gold standard	cellular root	Taxon counts	18	1.0
Gold standard	other entries	Taxon counts	18	1.0
Gold standard	realm	Taxon counts	18	3.0
Gold standard	domain	Taxon counts	18	2.0
Gold standard	kingdom	Taxon counts	18	10.0
Gold standard	phylum	Taxon counts	18	20.0
Gold standard	class	Taxon counts	18	30.0
Gold standard	order	Taxon counts	18	43.0
Gold standard	family	Taxon counts	18	79.0
Gold standard	genus	Taxon counts	18	167.0
Gold standard	species	Taxon counts	18	255.0
Gold standard	strain	Taxon counts	18	338.0
Gold standard	acellular root	Bray-Curtis distance	19	0.0
Gold standard	cellular root	Bray-Curtis distance	19	0.0
Gold standard	other entries	Bray-Curtis distance	19	0.0
Gold standard	realm	Bray-Curtis distance	19	0.0
Gold standard	domain	Bray-Curtis distance	19	0.0
Gold standard	kingdom	Bray-Curtis distance	19	0.0
Gold standard	phylum	Bray-Curtis distance	19	0.0
Gold standard	class	Bray-Curtis distance	19	0.0
Gold standard	order	Bray-Curtis distance	19	0.0
Gold standard	family	Bray-Curtis distance	19	0.0
Gold standard	genus	Bray-Curtis distance	19	0.0
Gold standard	species	Bray-Curtis distance	19	0.0
Gold standard	strain	Bray-Curtis distance	19	0.0
Gold standard	acellular root	Shannon diversity	19	0.36706906285188556
Gold standard	acellular root	Shannon equitability	19	0.0
Gold standard	cellular root	Shannon diversity	19	0.3678664827352462
Gold standard	cellular root	Shannon equitability	19	0.0
Gold standard	other entries	Shannon diversity	19	0.3593297519498395
Gold standard	other entries	Shannon equitability	19	0.0
Gold standard	realm	Shannon diversity	19	0.5810257652500673
Gold standard	realm	Shannon equitability	19	0.5288724432114876
Gold standard	domain	Shannon diversity	19	0.4036310704484157
Gold standard	domain	Shannon equitability	19	0.5823165436846331
Gold standard	kingdom	Shannon diversity	19	1.226857999532387
Gold standard	kingdom	Shannon equitability	19	0.532817659275778
Gold standard	phylum	Shannon diversity	19	1.370186787425158
Gold standard	phylum	Shannon equitability	19	0.4653473198527799
Gold standard	class	Shannon diversity	19	1.5954648777736273
Gold standard	class	Shannon equitability	19	0.469089176175341
Gold standard	order	Shannon diversity	19	1.7760054423279723
Gold standard	order	Shannon equitability	19	0.4665518540455448
Gold standard	family	Shannon diversity	19	2.2703570340413433
Gold standard	family	Shannon equitability	19	0.5137902077833555
Gold standard	genus	Shannon diversity	19	3.0071615590116423
Gold standard	genus	Shannon equitability	19	0.5816015602983128
Gold standard	species	Shannon diversity	19	3.664025052675009
Gold standard	species	Shannon equitability	19	0.6486177663765879
Gold standard	strain	Shannon diversity	19	4.483631723853593
Gold standard	strain	Shannon equitability	19	0.7417084834388754
Gold standard	acellular root	True positives	19	1.0
Gold standard	acellular root	False negatives	19	0.0
Gold standard	acellular root	False positives	19	0.0
Gold standard	acellular root	Completeness	19	1.0
Gold standard	acellular root	Purity	19	1.0
Gold standard	acellular root	F1 score	19	1.0
Gold standard	acellular root	Jaccard index	19	1.0
Gold standard	cellular root	True positives	19	1.0
Gold standard	cellular root	False negatives	19	0.0
Gold standard	cellular root	False positives	19	0.0
Gold standard	cellular root	Completeness	19	1.0
Gold standard	cellular root	Purity	19	1.0
Gold standard	cellular root	F1 score	19	1.0
Gold standard	cellular root	Jaccard index	19	1.0
Gold standard	other entries	True positives	19	1.0
Gold standard	other entries	False negatives	19	0.0
Gold standard	other entries	False positives	19	0.0
Gold standard	other entries	Completeness	19	1.0
Gold standard	other entries	Purity	19	1.0
Gold standard	other entries	F1 score	19	1.0
Gold standard	other entries	Jaccard index	19	1.0
Gold standard	realm	True positives	19	3.0
Gold standard	realm	False negatives	19	0.0
Gold standard	realm	False positives	19	0.0
Gold standard	realm	Completeness	19	1.0
Gold standard	realm	Purity	19	1.0
Gold standard	realm	F1 score	19	1.0
Gold standard	realm	Jaccard index	19	1.0
Gold standard	domain	True positives	19	2.0
Gold standard	domain	False negatives	19	0.0
Gold standard	domain	False positives	19	0.0
Gold standard	domain	Completeness	19	1.0
Gold standard	domain	Purity	19	1.0
Gold standard	domain	F1 score	19	1.0
Gold standard	domain	Jaccard index	19	1.0
Gold standard	kingdom	True positives	19	10.0
Gold standard	kingdom	False negatives	19	0.0
Gold standard	kingdom	False positives	19	0.0
Gold standard	kingdom	Completeness	19	1.0
Gold standard	kingdom	Purity	19	1.0
Gold standard	kingdom	F1 score	19	1.0
Gold standard	kingdom	Jaccard index	19	1.0
Gold standard	phylum	True positives	19	19.0
Gold standard	phylum	False negatives	19	0.0
Gold standard	phylum	False positives	19	0.0
Gold standard	phylum	Completeness	19	1.0
Gold standard	phylum	Purity	19	1.0
Gold standard	phylum	F1 score	19	1.0
Gold standard	phylum	Jaccard index	19	1.0
Gold standard	class	True positives	19	30.0
Gold standard	class	False negatives	19	0.0
Gold standard	class	False positives	19	0.0
Gold standard	class	Completeness	19	1.0
Gold standard	class	Purity	19	1.0
Gold standard	class	F1 score	19	1.0
Gold standard	class	Jaccard index	19	1.0
Gold standard	order	True positives	19	45.0
Gold standard	order	False negatives	19	0.0
Gold standard	order	False positives	19	0.0
Gold standard	order	Completeness	19	1.0
Gold standard	order	Purity	19	1.0
Gold standard	order	F1 score	19	1.0
Gold standard	order	Jaccard index	19	1.0
Gold standard	family	True positives	19	83.0
Gold standard	family	False negatives	19	0.0
Gold standard	family	False positives	19	0.0
Gold standard	family	Completeness	19	1.0
Gold standard	family	Purity	19	1.0
Gold standard	family	F1 score	19	1.0
Gold standard	family	Jaccard index	19	1.0
Gold standard	genus	True positives	19	176.0
Gold standard	genus	False negatives	19	0.0
Gold standard	genus	False positives	19	0.0
Gold standard	genus	Completeness	19	1.0
Gold standard	genus	Purity	19	1.0
Gold standard	genus	F1 score	19	1.0
Gold standard	genus	Jaccard index	19	1.0
Gold standard	species	True positives	19	284.0
Gold standard	species	False negatives	19	0.0
Gold standard	species	False positives	19	0.0
Gold standard	species	Completeness	19	1.0
Gold standard	species	Purity	19	1.0
Gold standard	species	F1 score	19	1.0
Gold standard	species	Jaccard index	19	1.0
Gold standard	strain	True positives	19	422.0
Gold standard	strain	False negatives	19	0.0
Gold standard	strain	False positives	19	0.0
Gold standard	strain	Completeness	19	1.0
Gold standard	strain	Purity	19	1.0
Gold standard	strain	F1 score	19	1.0
Gold standard	strain	Jaccard index	19	1.0
Gold standard	acellular root	L1 norm error	19	0.0
Gold standard	cellular root	L1 norm error	19	0.0
Gold standard	other entries	L1 norm error	19	0.0
Gold standard	realm	L1 norm error	19	0.0
Gold standard	domain	L1 norm error	19	0.0
Gold standard	kingdom	L1 norm error	19	0.0
Gold standard	phylum	L1 norm error	19	0.0
Gold standard	class	L1 norm error	19	0.0
Gold standard	order	L1 norm error	19	0.0
Gold standard	family	L1 norm error	19	0.0
Gold standard	genus	L1 norm error	19	0.0
Gold standard	species	L1 norm error	19	0.0
Gold standard	strain	L1 norm error	19	0.0
Gold standard	na	Weighted UniFrac error	19	0.0
Gold standard	na	Unweighted UniFrac error	19	0.0
Gold standard	na	Weighted UniFrac (CAMI)	19	0.0
Gold standard	na	Unweighted UniFrac (CAMI)	19	0.0
Gold standard	acellular root	Sum of abundances	19	0.343733
Gold standard	cellular root	Sum of abundances	19	0.36479599999999995
Gold standard	other entries	Sum of abundances	19	0.291471
Gold standard	realm	Sum of abundances	19	0.343127
Gold standard	domain	Sum of abundances	19	0.36479599999999995
Gold standard	kingdom	Sum of abundances	19	0.707923
Gold standard	phylum	Sum of abundances	19	0.707923
Gold standard	class	Sum of abundances	19	0.707924
Gold standard	order	Sum of abundances	19	0.5303260000000001
Gold standard	family	Sum of abundances	19	0.617519
Gold standard	genus	Sum of abundances	19	0.695427
Gold standard	species	Sum of abundances	19	1.000006
Gold standard	strain	Sum of abundances	19	1.000021
Gold standard	acellular root	Taxon counts	19	1.0
Gold standard	cellular root	Taxon counts	19	1.0
Gold standard	other entries	Taxon counts	19	1.0
Gold standard	realm	Taxon counts	19	3.0
Gold standard	domain	Taxon counts	19	2.0
Gold standard	kingdom	Taxon counts	19	10.0
Gold standard	phylum	Taxon counts	19	19.0
Gold standard	class	Taxon counts	19	30.0
Gold standard	order	Taxon counts	19	45.0
Gold standard	family	Taxon counts	19	83.0
Gold standard	genus	Taxon counts	19	176.0
Gold standard	species	Taxon counts	19	284.0
Gold standard	strain	Taxon counts	19	422.0
Gold standard	acellular root	Bray-Curtis distance	1	0.0
Gold standard	cellular root	Bray-Curtis distance	1	0.0
Gold standard	other entries	Bray-Curtis distance	1	0.0
Gold standard	realm	Bray-Curtis distance	1	0.0
Gold standard	domain	Bray-Curtis distance	1	0.0
Gold standard	kingdom	Bray-Curtis distance	1	0.0
Gold standard	phylum	Bray-Curtis distance	1	0.0
Gold standard	class	Bray-Curtis distance	1	0.0
Gold standard	order	Bray-Curtis distance	1	0.0
Gold standard	family	Bray-Curtis distance	1	0.0
Gold standard	genus	Bray-Curtis distance	1	0.0
Gold standard	species	Bray-Curtis distance	1	0.0
Gold standard	strain	Bray-Curtis distance	1	0.0
Gold standard	acellular root	Shannon diversity	1	0.3566700361137528
Gold standard	acellular root	Shannon equitability	1	0.0
Gold standard	cellular root	Shannon diversity	1	0.34777688982722116
Gold standard	cellular root	Shannon equitability	1	0.0
Gold standard	other entries	Shannon diversity	1	0.13230416546339965
Gold standard	other entries	Shannon equitability	1	0.0
Gold standard	realm	Shannon diversity	1	0.6840960681406915
Gold standard	realm	Shannon equitability	1	0.6226910760028432
Gold standard	domain	Shannon diversity	1	0.39640844862402497
Gold standard	domain	Shannon equitability	1	0.5718965029963683
Gold standard	kingdom	Shannon diversity	1	1.4638031662470086
Gold standard	kingdom	Shannon equitability	1	0.6357216376935841
Gold standard	phylum	Shannon diversity	1	1.6114442083564955
Gold standard	phylum	Shannon equitability	1	0.5472839545184561
Gold standard	class	Shannon diversity	1	1.8128796177687496
Gold standard	class	Shannon equitability	1	0.5564229287293133
Gold standard	order	Shannon diversity	1	2.0111243332024675
Gold standard	order	Shannon equitability	1	0.5380690479877496
Gold standard	family	Shannon diversity	1	2.8031957235128813
Gold standard	family	Shannon equitability	1	0.6492654177145788
Gold standard	genus	Shannon diversity	1	3.7688237056251817
Gold standard	genus	Shannon equitability	1	0.7398917412613333
Gold standard	species	Shannon diversity	1	4.40101287322397
Gold standard	species	Shannon equitability	1	0.7914520494531943
Gold standard	strain	Shannon diversity	1	4.48749634216844
Gold standard	strain	Shannon equitability	1	0.7734237828053294
Gold standard	acellular root	True positives	1	1.0
Gold standard	acellular root	False negatives	1	0.0
Gold standard	acellular root	False positives	1	0.0
Gold standard	acellular root	Completeness	1	1.0
Gold standard	acellular root	Purity	1	1.0
Gold standard	acellular root	F1 score	1	1.0
Gold standard	acellular root	Jaccard index	1	1.0
Gold standard	cellular root	True positives	1	1.0
Gold standard	cellular root	False negatives	1	0.0
Gold standard	cellular root	False positives	1	0.0
Gold standard	cellular root	Completeness	1	1.0
Gold standard	cellular root	Purity	1	1.0
Gold standard	cellular root	F1 score	1	1.0
Gold standard	cellular root	Jaccard index	1	1.0
Gold standard	other entries	True positives	1	1.0
Gold standard	other entries	False negatives	1	0.0
Gold standard	other entries	False positives	1	0.0
Gold standard	other entries	Completeness	1	1.0
Gold standard	other entries	Purity	1	1.0
Gold standard	other entries	F1 score	1	1.0
Gold standard	other entries	Jaccard index	1	1.0
Gold standard	realm	True positives	1	3.0
Gold standard	realm	False negatives	1	0.0
Gold standard	realm	False positives	1	0.0
Gold standard	realm	Completeness	1	1.0
Gold standard	realm	Purity	1	1.0
Gold standard	realm	F1 score	1	1.0
Gold standard	realm	Jaccard index	1	1.0
Gold standard	domain	True positives	1	2.0
Gold standard	domain	False negatives	1	0.0
Gold standard	domain	False positives	1	0.0
Gold standard	domain	Completeness	1	1.0
Gold standard	domain	Purity	1	1.0
Gold standard	domain	F1 score	1	1.0
Gold standard	domain	Jaccard index	1	1.0
Gold standard	kingdom	True positives	1	10.0
Gold standard	kingdom	False negatives	1	0.0
Gold standard	kingdom	False positives	1	0.0
Gold standard	kingdom	Completeness	1	1.0
Gold standard	kingdom	Purity	1	1.0
Gold standard	kingdom	F1 score	1	1.0
Gold standard	kingdom	Jaccard index	1	1.0
Gold standard	phylum	True positives	1	19.0
Gold standard	phylum	False negatives	1	0.0
Gold standard	phylum	False positives	1	0.0
Gold standard	phylum	Completeness	1	1.0
Gold standard	phylum	Purity	1	1.0
Gold standard	phylum	F1 score	1	1.0
Gold standard	phylum	Jaccard index	1	1.0
Gold standard	class	True positives	1	26.0
Gold standard	class	False negatives	1	0.0
Gold standard	class	False positives	1	0.0
Gold standard	class	Completeness	1	1.0
Gold standard	class	Purity	1	1.0
Gold standard	class	F1 score	1	1.0
Gold standard	class	Jaccard index	1	1.0
Gold standard	order	True positives	1	42.0
Gold standard	order	False negatives	1	0.0
Gold standard	order	False positives	1	0.0
Gold standard	order	Completeness	1	1.0
Gold standard	order	Purity	1	1.0
Gold standard	order	F1 score	1	1.0
Gold standard	order	Jaccard index	1	1.0
Gold standard	family	True positives	1	75.0
Gold standard	family	False negatives	1	0.0
Gold standard	family	False positives	1	0.0
Gold standard	family	Completeness	1	1.0
Gold standard	family	Purity	1	1.0
Gold standard	family	F1 score	1	1.0
Gold standard	family	Jaccard index	1	1.0
Gold standard	genus	True positives	1	163.0
Gold standard	genus	False negatives	1	0.0
Gold standard	genus	False positives	1	0.0
Gold standard	genus	Completeness	1	1.0
Gold standard	genus	Purity	1	1.0
Gold standard	genus	F1 score	1	1.0
Gold standard	genus	Jaccard index	1	1.0
Gold standard	species	True positives	1	260.0
Gold standard	species	False negatives	1	0.0
Gold standard	species	False positives	1	0.0
Gold standard	species	Completeness	1	1.0
Gold standard	species	Purity	1	1.0
Gold standard	species	F1 score	1	1.0
Gold standard	species	Jaccard index	1	1.0
Gold standard	strain	True positives	1	331.0
Gold standard	strain	False negatives	1	0.0
Gold standard	strain	False positives	1	0.0
Gold standard	strain	Completeness	1	1.0
Gold standard	strain	Purity	1	1.0
Gold standard	strain	F1 score	1	1.0
Gold standard	strain	Jaccard index	1	1.0
Gold standard	acellular root	L1 norm error	1	0.0
Gold standard	cellular root	L1 norm error	1	0.0
Gold standard	other entries	L1 norm error	1	0.0
Gold standard	realm	L1 norm error	1	0.0
Gold standard	domain	L1 norm error	1	0.0
Gold standard	kingdom	L1 norm error	1	0.0
Gold standard	phylum	L1 norm error	1	0.0
Gold standard	class	L1 norm error	1	0.0
Gold standard	order	L1 norm error	1	0.0
Gold standard	family	L1 norm error	1	0.0
Gold standard	genus	L1 norm error	1	0.0
Gold standard	species	L1 norm error	1	0.0
Gold standard	strain	L1 norm error	1	0.0
Gold standard	na	Weighted UniFrac error	1	0.0
Gold standard	na	Unweighted UniFrac error	1	0.0
Gold standard	na	Weighted UniFrac (CAMI)	1	0.0
Gold standard	na	Unweighted UniFrac (CAMI)	1	0.0
Gold standard	acellular root	Sum of abundances	1	0.462359
Gold standard	cellular root	Sum of abundances	1	0.496027
Gold standard	other entries	Sum of abundances	1	0.041614000000000005
Gold standard	realm	Sum of abundances	1	0.461768
Gold standard	domain	Sum of abundances	1	0.496028
Gold standard	kingdom	Sum of abundances	1	0.957796
Gold standard	phylum	Sum of abundances	1	0.957795
Gold standard	class	Sum of abundances	1	0.957795
Gold standard	order	Sum of abundances	1	0.682069
Gold standard	family	Sum of abundances	1	0.812911
Gold standard	genus	Sum of abundances	1	0.9379040000000001
Gold standard	species	Sum of abundances	1	0.999993
Gold standard	strain	Sum of abundances	1	0.9999850000000001
Gold standard	acellular root	Taxon counts	1	1.0
Gold standard	cellular root	Taxon counts	1	1.0
Gold standard	other entries	Taxon counts	1	1.0
Gold standard	realm	Taxon counts	1	3.0
Gold standard	domain	Taxon counts	1	2.0
Gold standard	kingdom	Taxon counts	1	10.0
Gold standard	phylum	Taxon counts	1	19.0
Gold standard	class	Taxon counts	1	26.0
Gold standard	order	Taxon counts	1	42.0
Gold standard	family	Taxon counts	1	75.0
Gold standard	genus	Taxon counts	1	163.0
Gold standard	species	Taxon counts	1	260.0
Gold standard	strain	Taxon counts	1	331.0
Gold standard	acellular root	Bray-Curtis distance	2	0.0
Gold standard	cellular root	Bray-Curtis distance	2	0.0
Gold standard	other entries	Bray-Curtis distance	2	0.0
Gold standard	realm	Bray-Curtis distance	2	0.0
Gold standard	domain	Bray-Curtis distance	2	0.0
Gold standard	kingdom	Bray-Curtis distance	2	0.0
Gold standard	phylum	Bray-Curtis distance	2	0.0
Gold standard	class	Bray-Curtis distance	2	0.0
Gold standard	order	Bray-Curtis distance	2	0.0
Gold standard	family	Bray-Curtis distance	2	0.0
Gold standard	genus	Bray-Curtis distance	2	0.0
Gold standard	species	Bray-Curtis distance	2	0.0
Gold standard	strain	Bray-Curtis distance	2	0.0
Gold standard	acellular root	Shannon diversity	2	0.35175655061563665
Gold standard	acellular root	Shannon equitability	2	0.0
Gold standard	cellular root	Shannon diversity	2	0.3408251215603215
Gold standard	cellular root	Shannon equitability	2	0.0
Gold standard	other entries	Shannon diversity	2	0.0019415553792211276
Gold standard	other entries	Shannon equitability	2	0.0
Gold standard	realm	Shannon diversity	2	0.7560058637284311
Gold standard	realm	Shannon equitability	2	0.6881461927255214
Gold standard	domain	Shannon diversity	2	0.3915804149552602
Gold standard	domain	Shannon equitability	2	0.5649311227651964
Gold standard	kingdom	Shannon diversity	2	1.5867837644664686
Gold standard	kingdom	Shannon equitability	2	0.6891314328814565
Gold standard	phylum	Shannon diversity	2	1.8240330985409285
Gold standard	phylum	Shannon equitability	2	0.6194840889714432
Gold standard	class	Shannon diversity	2	2.0173645872910337
Gold standard	class	Shannon equitability	2	0.605414397925103
Gold standard	order	Shannon diversity	2	1.980107906557826
Gold standard	order	Shannon equitability	2	0.5264564090317475
Gold standard	family	Shannon diversity	2	2.6198967858864513
Gold standard	family	Shannon equitability	2	0.60870287255253
Gold standard	genus	Shannon diversity	2	3.66782499138541
Gold standard	genus	Shannon equitability	2	0.7192002071611603
Gold standard	species	Shannon diversity	2	4.3089590883658815
Gold standard	species	Shannon equitability	2	0.7748976428235025
Gold standard	strain	Shannon diversity	2	4.358346500531067
Gold standard	strain	Shannon equitability	2	0.7551574048055805
Gold standard	acellular root	True positives	2	1.0
Gold standard	acellular root	False negatives	2	0.0
Gold standard	acellular root	False positives	2	0.0
Gold standard	acellular root	Completeness	2	1.0
Gold standard	acellular root	Purity	2	1.0
Gold standard	acellular root	F1 score	2	1.0
Gold standard	acellular root	Jaccard index	2	1.0
Gold standard	cellular root	True positives	2	1.0
Gold standard	cellular root	False negatives	2	0.0
Gold standard	cellular root	False positives	2	0.0
Gold standard	cellular root	Completeness	2	1.0
Gold standard	cellular root	Purity	2	1.0
Gold standard	cellular root	F1 score	2	1.0
Gold standard	cellular root	Jaccard index	2	1.0
Gold standard	other entries	True positives	2	1.0
Gold standard	other entries	False negatives	2	0.0
Gold standard	other entries	False positives	2	0.0
Gold standard	other entries	Completeness	2	1.0
Gold standard	other entries	Purity	2	1.0
Gold standard	other entries	F1 score	2	1.0
Gold standard	other entries	Jaccard index	2	1.0
Gold standard	realm	True positives	2	3.0
Gold standard	realm	False negatives	2	0.0
Gold standard	realm	False positives	2	0.0
Gold standard	realm	Completeness	2	1.0
Gold standard	realm	Purity	2	1.0
Gold standard	realm	F1 score	2	1.0
Gold standard	realm	Jaccard index	2	1.0
Gold standard	domain	True positives	2	2.0
Gold standard	domain	False negatives	2	0.0
Gold standard	domain	False positives	2	0.0
Gold standard	domain	Completeness	2	1.0
Gold standard	domain	Purity	2	1.0
Gold standard	domain	F1 score	2	1.0
Gold standard	domain	Jaccard index	2	1.0
Gold standard	kingdom	True positives	2	10.0
Gold standard	kingdom	False negatives	2	0.0
Gold standard	kingdom	False positives	2	0.0
Gold standard	kingdom	Completeness	2	1.0
Gold standard	kingdom	Purity	2	1.0
Gold standard	kingdom	F1 score	2	1.0
Gold standard	kingdom	Jaccard index	2	1.0
Gold standard	phylum	True positives	2	19.0
Gold standard	phylum	False negatives	2	0.0
Gold standard	phylum	False positives	2	0.0
Gold standard	phylum	Completeness	2	1.0
Gold standard	phylum	Purity	2	1.0
Gold standard	phylum	F1 score	2	1.0
Gold standard	phylum	Jaccard index	2	1.0
Gold standard	class	True positives	2	28.0
Gold standard	class	False negatives	2	0.0
Gold standard	class	False positives	2	0.0
Gold standard	class	Completeness	2	1.0
Gold standard	class	Purity	2	1.0
Gold standard	class	F1 score	2	1.0
Gold standard	class	Jaccard index	2	1.0
Gold standard	order	True positives	2	43.0
Gold standard	order	False negatives	2	0.0
Gold standard	order	False positives	2	0.0
Gold standard	order	Completeness	2	1.0
Gold standard	order	Purity	2	1.0
Gold standard	order	F1 score	2	1.0
Gold standard	order	Jaccard index	2	1.0
Gold standard	family	True positives	2	74.0
Gold standard	family	False negatives	2	0.0
Gold standard	family	False positives	2	0.0
Gold standard	family	Completeness	2	1.0
Gold standard	family	Purity	2	1.0
Gold standard	family	F1 score	2	1.0
Gold standard	family	Jaccard index	2	1.0
Gold standard	genus	True positives	2	164.0
Gold standard	genus	False negatives	2	0.0
Gold standard	genus	False positives	2	0.0
Gold standard	genus	Completeness	2	1.0
Gold standard	genus	Purity	2	1.0
Gold standard	genus	F1 score	2	1.0
Gold standard	genus	Jaccard index	2	1.0
Gold standard	species	True positives	2	260.0
Gold standard	species	False negatives	2	0.0
Gold standard	species	False positives	2	0.0
Gold standard	species	Completeness	2	1.0
Gold standard	species	Purity	2	1.0
Gold standard	species	F1 score	2	1.0
Gold standard	species	Jaccard index	2	1.0
Gold standard	strain	True positives	2	321.0
Gold standard	strain	False negatives	2	0.0
Gold standard	strain	False positives	2	0.0
Gold standard	strain	Completeness	2	1.0
Gold standard	strain	Purity	2	1.0
Gold standard	strain	F1 score	2	1.0
Gold standard	strain	Jaccard index	2	1.0
Gold standard	acellular root	L1 norm error	2	0.0
Gold standard	cellular root	L1 norm error	2	0.0
Gold standard	other entries	L1 norm error	2	0.0
Gold standard	realm	L1 norm error	2	0.0
Gold standard	domain	L1 norm error	2	0.0
Gold standard	kingdom	L1 norm error	2	0.0
Gold standard	phylum	L1 norm error	2	0.0
Gold standard	class	L1 norm error	2	0.0
Gold standard	order	L1 norm error	2	0.0
Gold standard	family	L1 norm error	2	0.0
Gold standard	genus	L1 norm error	2	0.0
Gold standard	species	L1 norm error	2	0.0
Gold standard	strain	L1 norm error	2	0.0
Gold standard	na	Weighted UniFrac error	2	0.0
Gold standard	na	Unweighted UniFrac error	2	0.0
Gold standard	na	Weighted UniFrac (CAMI)	2	0.0
Gold standard	na	Unweighted UniFrac (CAMI)	2	0.0
Gold standard	acellular root	Sum of abundances	2	0.482046
Gold standard	cellular root	Sum of abundances	2	0.517722
Gold standard	other entries	Sum of abundances	2	0.00023199999999999997
Gold standard	realm	Sum of abundances	2	0.46931199999999995
Gold standard	domain	Sum of abundances	2	0.517722
Gold standard	kingdom	Sum of abundances	2	0.987034
Gold standard	phylum	Sum of abundances	2	0.987034
Gold standard	class	Sum of abundances	2	0.9870329999999999
Gold standard	order	Sum of abundances	2	0.711879
Gold standard	family	Sum of abundances	2	0.8410559999999999
Gold standard	genus	Sum of abundances	2	0.961519
Gold standard	species	Sum of abundances	2	1.0000069999999999
Gold standard	strain	Sum of abundances	2	1.000017
Gold standard	acellular root	Taxon counts	2	1.0
Gold standard	cellular root	Taxon counts	2	1.0
Gold standard	other entries	Taxon counts	2	1.0
Gold standard	realm	Taxon counts	2	3.0
Gold standard	domain	Taxon counts	2	2.0
Gold standard	kingdom	Taxon counts	2	10.0
Gold standard	phylum	Taxon counts	2	19.0
Gold standard	class	Taxon counts	2	28.0
Gold standard	order	Taxon counts	2	43.0
Gold standard	family	Taxon counts	2	74.0
Gold standard	genus	Taxon counts	2	164.0
Gold standard	species	Taxon counts	2	260.0
Gold standard	strain	Taxon counts	2	321.0
Gold standard	acellular root	Bray-Curtis distance	3	0.0
Gold standard	cellular root	Bray-Curtis distance	3	0.0
Gold standard	other entries	Bray-Curtis distance	3	0.0
Gold standard	realm	Bray-Curtis distance	3	0.0
Gold standard	domain	Bray-Curtis distance	3	0.0
Gold standard	kingdom	Bray-Curtis distance	3	0.0
Gold standard	phylum	Bray-Curtis distance	3	0.0
Gold standard	class	Bray-Curtis distance	3	0.0
Gold standard	order	Bray-Curtis distance	3	0.0
Gold standard	family	Bray-Curtis distance	3	0.0
Gold standard	genus	Bray-Curtis distance	3	0.0
Gold standard	species	Bray-Curtis distance	3	0.0
Gold standard	strain	Bray-Curtis distance	3	0.0
Gold standard	acellular root	Shannon diversity	3	0.35264059144440035
Gold standard	acellular root	Shannon equitability	3	0.0
Gold standard	cellular root	Shannon diversity	3	0.3460146040555277
Gold standard	cellular root	Shannon equitability	3	0.0
Gold standard	other entries	Shannon diversity	3	0.0766488531873477
Gold standard	other entries	Shannon equitability	3	0.0
Gold standard	realm	Shannon diversity	3	0.6851282059150439
Gold standard	realm	Shannon equitability	3	0.6236305682923421
Gold standard	domain	Shannon diversity	3	0.3952108533266172
Gold standard	domain	Shannon equitability	3	0.5701687381998062
Gold standard	kingdom	Shannon diversity	3	1.4116161242492493
Gold standard	kingdom	Shannon equitability	3	0.613057093327104
Gold standard	phylum	Shannon diversity	3	1.64946460225238
Gold standard	phylum	Shannon equitability	3	0.5601965650921172
Gold standard	class	Shannon diversity	3	1.7993885312762288
Gold standard	class	Shannon equitability	3	0.5399994285409627
Gold standard	order	Shannon diversity	3	1.9433689409010986
Gold standard	order	Shannon equitability	3	0.5233152625002871
Gold standard	family	Shannon diversity	3	2.4602735879745294
Gold standard	family	Shannon equitability	3	0.5663866930127426
Gold standard	genus	Shannon diversity	3	3.6129617321688774
Gold standard	genus	Shannon equitability	3	0.7110163790674676
Gold standard	species	Shannon diversity	3	4.176948911308068
Gold standard	species	Shannon equitability	3	0.7516786312136787
Gold standard	strain	Shannon diversity	3	4.230070178412603
Gold standard	strain	Shannon equitability	3	0.7298185008342991
Gold standard	acellular root	True positives	3	1.0
Gold standard	acellular root	False negatives	3	0.0
Gold standard	acellular root	False positives	3	0.0
Gold standard	acellular root	Completeness	3	1.0
Gold standard	acellular root	Purity	3	1.0
Gold standard	acellular root	F1 score	3	1.0
Gold standard	acellular root	Jaccard index	3	1.0
Gold standard	cellular root	True positives	3	1.0
Gold standard	cellular root	False negatives	3	0.0
Gold standard	cellular root	False positives	3	0.0
Gold standard	cellular root	Completeness	3	1.0
Gold standard	cellular root	Purity	3	1.0
Gold standard	cellular root	F1 score	3	1.0
Gold standard	cellular root	Jaccard index	3	1.0
Gold standard	other entries	True positives	3	1.0
Gold standard	other entries	False negatives	3	0.0
Gold standard	other entries	False positives	3	0.0
Gold standard	other entries	Completeness	3	1.0
Gold standard	other entries	Purity	3	1.0
Gold standard	other entries	F1 score	3	1.0
Gold standard	other entries	Jaccard index	3	1.0
Gold standard	realm	True positives	3	3.0
Gold standard	realm	False negatives	3	0.0
Gold standard	realm	False positives	3	0.0
Gold standard	realm	Completeness	3	1.0
Gold standard	realm	Purity	3	1.0
Gold standard	realm	F1 score	3	1.0
Gold standard	realm	Jaccard index	3	1.0
Gold standard	domain	True positives	3	2.0
Gold standard	domain	False negatives	3	0.0
Gold standard	domain	False positives	3	0.0
Gold standard	domain	Completeness	3	1.0
Gold standard	domain	Purity	3	1.0
Gold standard	domain	F1 score	3	1.0
Gold standard	domain	Jaccard index	3	1.0
Gold standard	kingdom	True positives	3	10.0
Gold standard	kingdom	False negatives	3	0.0
Gold standard	kingdom	False positives	3	0.0
Gold standard	kingdom	Completeness	3	1.0
Gold standard	kingdom	Purity	3	1.0
Gold standard	kingdom	F1 score	3	1.0
Gold standard	kingdom	Jaccard index	3	1.0
Gold standard	phylum	True positives	3	19.0
Gold standard	phylum	False negatives	3	0.0
Gold standard	phylum	False positives	3	0.0
Gold standard	phylum	Completeness	3	1.0
Gold standard	phylum	Purity	3	1.0
Gold standard	phylum	F1 score	3	1.0
Gold standard	phylum	Jaccard index	3	1.0
Gold standard	class	True positives	3	28.0
Gold standard	class	False negatives	3	0.0
Gold standard	class	False positives	3	0.0
Gold standard	class	Completeness	3	1.0
Gold standard	class	Purity	3	1.0
Gold standard	class	F1 score	3	1.0
Gold standard	class	Jaccard index	3	1.0
Gold standard	order	True positives	3	41.0
Gold standard	order	False negatives	3	0.0
Gold standard	order	False positives	3	0.0
Gold standard	order	Completeness	3	1.0
Gold standard	order	Purity	3	1.0
Gold standard	order	F1 score	3	1.0
Gold standard	order	Jaccard index	3	1.0
Gold standard	family	True positives	3	77.0
Gold standard	family	False negatives	3	0.0
Gold standard	family	False positives	3	0.0
Gold standard	family	Completeness	3	1.0
Gold standard	family	Purity	3	1.0
Gold standard	family	F1 score	3	1.0
Gold standard	family	Jaccard index	3	1.0
Gold standard	genus	True positives	3	161.0
Gold standard	genus	False negatives	3	0.0
Gold standard	genus	False positives	3	0.0
Gold standard	genus	Completeness	3	1.0
Gold standard	genus	Purity	3	1.0
Gold standard	genus	F1 score	3	1.0
Gold standard	genus	Jaccard index	3	1.0
Gold standard	species	True positives	3	259.0
Gold standard	species	False negatives	3	0.0
Gold standard	species	False positives	3	0.0
Gold standard	species	Completeness	3	1.0
Gold standard	species	Purity	3	1.0
Gold standard	species	F1 score	3	1.0
Gold standard	species	Jaccard index	3	1.0
Gold standard	strain	True positives	3	329.0
Gold standard	strain	False negatives	3	0.0
Gold standard	strain	False positives	3	0.0
Gold standard	strain	Completeness	3	1.0
Gold standard	strain	Purity	3	1.0
Gold standard	strain	F1 score	3	1.0
Gold standard	strain	Jaccard index	3	1.0
Gold standard	acellular root	L1 norm error	3	0.0
Gold standard	cellular root	L1 norm error	3	0.0
Gold standard	other entries	L1 norm error	3	0.0
Gold standard	realm	L1 norm error	3	0.0
Gold standard	domain	L1 norm error	3	0.0
Gold standard	kingdom	L1 norm error	3	0.0
Gold standard	phylum	L1 norm error	3	0.0
Gold standard	class	L1 norm error	3	0.0
Gold standard	order	L1 norm error	3	0.0
Gold standard	family	L1 norm error	3	0.0
Gold standard	genus	L1 norm error	3	0.0
Gold standard	species	L1 norm error	3	0.0
Gold standard	strain	L1 norm error	3	0.0
Gold standard	na	Weighted UniFrac error	3	0.0
Gold standard	na	Unweighted UniFrac error	3	0.0
Gold standard	na	Weighted UniFrac (CAMI)	3	0.0
Gold standard	na	Unweighted UniFrac (CAMI)	3	0.0
Gold standard	acellular root	Sum of abundances	3	0.478733
Gold standard	cellular root	Sum of abundances	3	0.501811
Gold standard	other entries	Sum of abundances	3	0.019456
Gold standard	realm	Sum of abundances	3	0.468174
Gold standard	domain	Sum of abundances	3	0.501811
Gold standard	kingdom	Sum of abundances	3	0.9699849999999999
Gold standard	phylum	Sum of abundances	3	0.9699860000000001
Gold standard	class	Sum of abundances	3	0.9699850000000001
Gold standard	order	Sum of abundances	3	0.684741
Gold standard	family	Sum of abundances	3	0.776913
Gold standard	genus	Sum of abundances	3	0.9601139999999999
Gold standard	species	Sum of abundances	3	1.000003
Gold standard	strain	Sum of abundances	3	1.000012
Gold standard	acellular root	Taxon counts	3	1.0
Gold standard	cellular root	Taxon counts	3	1.0
Gold standard	other entries	Taxon counts	3	1.0
Gold standard	realm	Taxon counts	3	3.0
Gold standard	domain	Taxon counts	3	2.0
Gold standard	kingdom	Taxon counts	3	10.0
Gold standard	phylum	Taxon counts	3	19.0
Gold standard	class	Taxon counts	3	28.0
Gold standard	order	Taxon counts	3	41.0
Gold standard	family	Taxon counts	3	77.0
Gold standard	genus	Taxon counts	3	161.0
Gold standard	species	Taxon counts	3	259.0
Gold standard	strain	Taxon counts	3	329.0
Gold standard	acellular root	Bray-Curtis distance	4	0.0
Gold standard	cellular root	Bray-Curtis distance	4	0.0
Gold standard	other entries	Bray-Curtis distance	4	0.0
Gold standard	realm	Bray-Curtis distance	4	0.0
Gold standard	domain	Bray-Curtis distance	4	0.0
Gold standard	kingdom	Bray-Curtis distance	4	0.0
Gold standard	phylum	Bray-Curtis distance	4	0.0
Gold standard	class	Bray-Curtis distance	4	0.0
Gold standard	order	Bray-Curtis distance	4	0.0
Gold standard	family	Bray-Curtis distance	4	0.0
Gold standard	genus	Bray-Curtis distance	4	0.0
Gold standard	species	Bray-Curtis distance	4	0.0
Gold standard	strain	Bray-Curtis distance	4	0.0
Gold standard	acellular root	Shannon diversity	4	0.3543212662922774
Gold standard	acellular root	Shannon equitability	4	0.0
Gold standard	cellular root	Shannon diversity	4	0.3420617104239939
Gold standard	cellular root	Shannon equitability	4	0.0
Gold standard	other entries	Shannon diversity	4	0.058955497538514104
Gold standard	other entries	Shannon equitability	4	0.0
Gold standard	realm	Shannon diversity	4	0.6506817930639716
Gold standard	realm	Shannon equitability	4	0.5922760920987132
Gold standard	domain	Shannon diversity	4	0.39245901964158364
Gold standard	domain	Shannon equitability	4	0.566198681389057
Gold standard	kingdom	Shannon diversity	4	1.4025611532009763
Gold standard	kingdom	Shannon equitability	4	0.5849134318381518
Gold standard	phylum	Shannon diversity	4	1.5848715489112404
Gold standard	phylum	Shannon equitability	4	0.5290431200752883
Gold standard	class	Shannon diversity	4	1.76878772757719
Gold standard	class	Shannon equitability	4	0.5252843281026173
Gold standard	order	Shannon diversity	4	2.0008993509489743
Gold standard	order	Shannon equitability	4	0.5353333909346285
Gold standard	family	Shannon diversity	4	2.775112387373009
Gold standard	family	Shannon equitability	4	0.6510252863039735
Gold standard	genus	Shannon diversity	4	3.641137076003662
Gold standard	genus	Shannon equitability	4	0.7238210932927661
Gold standard	species	Shannon diversity	4	4.203614471027241
Gold standard	species	Shannon equitability	4	0.7664120517132731
Gold standard	strain	Shannon diversity	4	4.23380520636381
Gold standard	strain	Shannon equitability	4	0.744031240969597
Gold standard	acellular root	True positives	4	1.0
Gold standard	acellular root	False negatives	4	0.0
Gold standard	acellular root	False positives	4	0.0
Gold standard	acellular root	Completeness	4	1.0
Gold standard	acellular root	Purity	4	1.0
Gold standard	acellular root	F1 score	4	1.0
Gold standard	acellular root	Jaccard index	4	1.0
Gold standard	cellular root	True positives	4	1.0
Gold standard	cellular root	False negatives	4	0.0
Gold standard	cellular root	False positives	4	0.0
Gold standard	cellular root	Completeness	4	1.0
Gold standard	cellular root	Purity	4	1.0
Gold standard	cellular root	F1 score	4	1.0
Gold standard	cellular root	Jaccard index	4	1.0
Gold standard	other entries	True positives	4	1.0
Gold standard	other entries	False negatives	4	0.0
Gold standard	other entries	False positives	4	0.0
Gold standard	other entries	Completeness	4	1.0
Gold standard	other entries	Purity	4	1.0
Gold standard	other entries	F1 score	4	1.0
Gold standard	other entries	Jaccard index	4	1.0
Gold standard	realm	True positives	4	3.0
Gold standard	realm	False negatives	4	0.0
Gold standard	realm	False positives	4	0.0
Gold standard	realm	Completeness	4	1.0
Gold standard	realm	Purity	4	1.0
Gold standard	realm	F1 score	4	1.0
Gold standard	realm	Jaccard index	4	1.0
Gold standard	domain	True positives	4	2.0
Gold standard	domain	False negatives	4	0.0
Gold standard	domain	False positives	4	0.0
Gold standard	domain	Completeness	4	1.0
Gold standard	domain	Purity	4	1.0
Gold standard	domain	F1 score	4	1.0
Gold standard	domain	Jaccard index	4	1.0
Gold standard	kingdom	True positives	4	11.0
Gold standard	kingdom	False negatives	4	0.0
Gold standard	kingdom	False positives	4	0.0
Gold standard	kingdom	Completeness	4	1.0
Gold standard	kingdom	Purity	4	1.0
Gold standard	kingdom	F1 score	4	1.0
Gold standard	kingdom	Jaccard index	4	1.0
Gold standard	phylum	True positives	4	20.0
Gold standard	phylum	False negatives	4	0.0
Gold standard	phylum	False positives	4	0.0
Gold standard	phylum	Completeness	4	1.0
Gold standard	phylum	Purity	4	1.0
Gold standard	phylum	F1 score	4	1.0
Gold standard	phylum	Jaccard index	4	1.0
Gold standard	class	True positives	4	29.0
Gold standard	class	False negatives	4	0.0
Gold standard	class	False positives	4	0.0
Gold standard	class	Completeness	4	1.0
Gold standard	class	Purity	4	1.0
Gold standard	class	F1 score	4	1.0
Gold standard	class	Jaccard index	4	1.0
Gold standard	order	True positives	4	42.0
Gold standard	order	False negatives	4	0.0
Gold standard	order	False positives	4	0.0
Gold standard	order	Completeness	4	1.0
Gold standard	order	Purity	4	1.0
Gold standard	order	F1 score	4	1.0
Gold standard	order	Jaccard index	4	1.0
Gold standard	family	True positives	4	71.0
Gold standard	family	False negatives	4	0.0
Gold standard	family	False positives	4	0.0
Gold standard	family	Completeness	4	1.0
Gold standard	family	Purity	4	1.0
Gold standard	family	F1 score	4	1.0
Gold standard	family	Jaccard index	4	1.0
Gold standard	genus	True positives	4	153.0
Gold standard	genus	False negatives	4	0.0
Gold standard	genus	False positives	4	0.0
Gold standard	genus	Completeness	4	1.0
Gold standard	genus	Purity	4	1.0
Gold standard	genus	F1 score	4	1.0
Gold standard	genus	Jaccard index	4	1.0
Gold standard	species	True positives	4	241.0
Gold standard	species	False negatives	4	0.0
Gold standard	species	False positives	4	0.0
Gold standard	species	Completeness	4	1.0
Gold standard	species	Purity	4	1.0
Gold standard	species	F1 score	4	1.0
Gold standard	species	Jaccard index	4	1.0
Gold standard	strain	True positives	4	296.0
Gold standard	strain	False negatives	4	0.0
Gold standard	strain	False positives	4	0.0
Gold standard	strain	Completeness	4	1.0
Gold standard	strain	Purity	4	1.0
Gold standard	strain	F1 score	4	1.0
Gold standard	strain	Jaccard index	4	1.0
Gold standard	acellular root	L1 norm error	4	0.0
Gold standard	cellular root	L1 norm error	4	0.0
Gold standard	other entries	L1 norm error	4	0.0
Gold standard	realm	L1 norm error	4	0.0
Gold standard	domain	L1 norm error	4	0.0
Gold standard	kingdom	L1 norm error	4	0.0
Gold standard	phylum	L1 norm error	4	0.0
Gold standard	class	L1 norm error	4	0.0
Gold standard	order	L1 norm error	4	0.0
Gold standard	family	L1 norm error	4	0.0
Gold standard	genus	L1 norm error	4	0.0
Gold standard	species	L1 norm error	4	0.0
Gold standard	strain	L1 norm error	4	0.0
Gold standard	na	Weighted UniFrac error	4	0.0
Gold standard	na	Unweighted UniFrac error	4	0.0
Gold standard	na	Weighted UniFrac (CAMI)	4	0.0
Gold standard	na	Unweighted UniFrac (CAMI)	4	0.0
Gold standard	acellular root	Sum of abundances	4	0.472181
Gold standard	cellular root	Sum of abundances	4	0.514065
Gold standard	other entries	Sum of abundances	4	0.013753999999999999
Gold standard	realm	Sum of abundances	4	0.467536
Gold standard	domain	Sum of abundances	4	0.514065
Gold standard	kingdom	Sum of abundances	4	0.981601
Gold standard	phylum	Sum of abundances	4	0.9815999999999999
Gold standard	class	Sum of abundances	4	0.9815989999999999
Gold standard	order	Sum of abundances	4	0.692657
Gold standard	family	Sum of abundances	4	0.840166
Gold standard	genus	Sum of abundances	4	0.95017
Gold standard	species	Sum of abundances	4	1.0000069999999999
Gold standard	strain	Sum of abundances	4	1.000013
Gold standard	acellular root	Taxon counts	4	1.0
Gold standard	cellular root	Taxon counts	4	1.0
Gold standard	other entries	Taxon counts	4	1.0
Gold standard	realm	Taxon counts	4	3.0
Gold standard	domain	Taxon counts	4	2.0
Gold standard	kingdom	Taxon counts	4	11.0
Gold standard	phylum	Taxon counts	4	20.0
Gold standard	class	Taxon counts	4	29.0
Gold standard	order	Taxon counts	4	42.0
Gold standard	family	Taxon counts	4	71.0
Gold standard	genus	Taxon counts	4	153.0
Gold standard	species	Taxon counts	4	241.0
Gold standard	strain	Taxon counts	4	296.0
Gold standard	acellular root	Bray-Curtis distance	5	0.0
Gold standard	cellular root	Bray-Curtis distance	5	0.0
Gold standard	other entries	Bray-Curtis distance	5	0.0
Gold standard	realm	Bray-Curtis distance	5	0.0
Gold standard	domain	Bray-Curtis distance	5	0.0
Gold standard	kingdom	Bray-Curtis distance	5	0.0
Gold standard	phylum	Bray-Curtis distance	5	0.0
Gold standard	class	Bray-Curtis distance	5	0.0
Gold standard	order	Bray-Curtis distance	5	0.0
Gold standard	family	Bray-Curtis distance	5	0.0
Gold standard	genus	Bray-Curtis distance	5	0.0
Gold standard	species	Bray-Curtis distance	5	0.0
Gold standard	strain	Bray-Curtis distance	5	0.0
Gold standard	acellular root	Shannon diversity	5	0.35561718676911097
Gold standard	acellular root	Shannon equitability	5	0.0
Gold standard	cellular root	Shannon diversity	5	0.34431008777166183
Gold standard	cellular root	Shannon equitability	5	0.0
Gold standard	other entries	Shannon diversity	5	0.09468698940996786
Gold standard	other entries	Shannon equitability	5	0.0
Gold standard	realm	Shannon diversity	5	0.6154394546949742
Gold standard	realm	Shannon equitability	5	0.5601971332771958
Gold standard	domain	Shannon diversity	5	0.39403568764751284
Gold standard	domain	Shannon equitability	5	0.5684733325023393
Gold standard	kingdom	Shannon diversity	5	1.2271858541683405
Gold standard	kingdom	Shannon equitability	5	0.5329600447350389
Gold standard	phylum	Shannon diversity	5	1.3482899097340333
Gold standard	phylum	Shannon equitability	5	0.457910630607033
Gold standard	class	Shannon diversity	5	1.6722603246755905
Gold standard	class	Shannon equitability	5	0.49661817942568703
Gold standard	order	Shannon diversity	5	1.7944121876171055
Gold standard	order	Shannon equitability	5	0.4741866452815998
Gold standard	family	Shannon diversity	5	2.45414325041924
Gold standard	family	Shannon equitability	5	0.5666807576420722
Gold standard	genus	Shannon diversity	5	3.544886695695367
Gold standard	genus	Shannon equitability	5	0.7037760676955174
Gold standard	species	Shannon diversity	5	4.217976339154536
Gold standard	species	Shannon equitability	5	0.7611939596051
Gold standard	strain	Shannon diversity	5	4.285978615429738
Gold standard	strain	Shannon equitability	5	0.7505530851526473
Gold standard	acellular root	True positives	5	1.0
Gold standard	acellular root	False negatives	5	0.0
Gold standard	acellular root	False positives	5	0.0
Gold standard	acellular root	Completeness	5	1.0
Gold standard	acellular root	Purity	5	1.0
Gold standard	acellular root	F1 score	5	1.0
Gold standard	acellular root	Jaccard index	5	1.0
Gold standard	cellular root	True positives	5	1.0
Gold standard	cellular root	False negatives	5	0.0
Gold standard	cellular root	False positives	5	0.0
Gold standard	cellular root	Completeness	5	1.0
Gold standard	cellular root	Purity	5	1.0
Gold standard	cellular root	F1 score	5	1.0
Gold standard	cellular root	Jaccard index	5	1.0
Gold standard	other entries	True positives	5	1.0
Gold standard	other entries	False negatives	5	0.0
Gold standard	other entries	False positives	5	0.0
Gold standard	other entries	Completeness	5	1.0
Gold standard	other entries	Purity	5	1.0
Gold standard	other entries	F1 score	5	1.0
Gold standard	other entries	Jaccard index	5	1.0
Gold standard	realm	True positives	5	3.0
Gold standard	realm	False negatives	5	0.0
Gold standard	realm	False positives	5	0.0
Gold standard	realm	Completeness	5	1.0
Gold standard	realm	Purity	5	1.0
Gold standard	realm	F1 score	5	1.0
Gold standard	realm	Jaccard index	5	1.0
Gold standard	domain	True positives	5	2.0
Gold standard	domain	False negatives	5	0.0
Gold standard	domain	False positives	5	0.0
Gold standard	domain	Completeness	5	1.0
Gold standard	domain	Purity	5	1.0
Gold standard	domain	F1 score	5	1.0
Gold standard	domain	Jaccard index	5	1.0
Gold standard	kingdom	True positives	5	10.0
Gold standard	kingdom	False negatives	5	0.0
Gold standard	kingdom	False positives	5	0.0
Gold standard	kingdom	Completeness	5	1.0
Gold standard	kingdom	Purity	5	1.0
Gold standard	kingdom	F1 score	5	1.0
Gold standard	kingdom	Jaccard index	5	1.0
Gold standard	phylum	True positives	5	19.0
Gold standard	phylum	False negatives	5	0.0
Gold standard	phylum	False positives	5	0.0
Gold standard	phylum	Completeness	5	1.0
Gold standard	phylum	Purity	5	1.0
Gold standard	phylum	F1 score	5	1.0
Gold standard	phylum	Jaccard index	5	1.0
Gold standard	class	True positives	5	29.0
Gold standard	class	False negatives	5	0.0
Gold standard	class	False positives	5	0.0
Gold standard	class	Completeness	5	1.0
Gold standard	class	Purity	5	1.0
Gold standard	class	F1 score	5	1.0
Gold standard	class	Jaccard index	5	1.0
Gold standard	order	True positives	5	44.0
Gold standard	order	False negatives	5	0.0
Gold standard	order	False positives	5	0.0
Gold standard	order	Completeness	5	1.0
Gold standard	order	Purity	5	1.0
Gold standard	order	F1 score	5	1.0
Gold standard	order	Jaccard index	5	1.0
Gold standard	family	True positives	5	76.0
Gold standard	family	False negatives	5	0.0
Gold standard	family	False positives	5	0.0
Gold standard	family	Completeness	5	1.0
Gold standard	family	Purity	5	1.0
Gold standard	family	F1 score	5	1.0
Gold standard	family	Jaccard index	5	1.0
Gold standard	genus	True positives	5	154.0
Gold standard	genus	False negatives	5	0.0
Gold standard	genus	False positives	5	0.0
Gold standard	genus	Completeness	5	1.0
Gold standard	genus	Purity	5	1.0
Gold standard	genus	F1 score	5	1.0
Gold standard	genus	Jaccard index	5	1.0
Gold standard	species	True positives	5	255.0
Gold standard	species	False negatives	5	0.0
Gold standard	species	False positives	5	0.0
Gold standard	species	Completeness	5	1.0
Gold standard	species	Purity	5	1.0
Gold standard	species	F1 score	5	1.0
Gold standard	species	Jaccard index	5	1.0
Gold standard	strain	True positives	5	302.0
Gold standard	strain	False negatives	5	0.0
Gold standard	strain	False positives	5	0.0
Gold standard	strain	Completeness	5	1.0
Gold standard	strain	Purity	5	1.0
Gold standard	strain	F1 score	5	1.0
Gold standard	strain	Jaccard index	5	1.0
Gold standard	acellular root	L1 norm error	5	0.0
Gold standard	cellular root	L1 norm error	5	0.0
Gold standard	other entries	L1 norm error	5	0.0
Gold standard	realm	L1 norm error	5	0.0
Gold standard	domain	L1 norm error	5	0.0
Gold standard	kingdom	L1 norm error	5	0.0
Gold standard	phylum	L1 norm error	5	0.0
Gold standard	class	L1 norm error	5	0.0
Gold standard	order	L1 norm error	5	0.0
Gold standard	family	L1 norm error	5	0.0
Gold standard	genus	L1 norm error	5	0.0
Gold standard	species	L1 norm error	5	0.0
Gold standard	strain	L1 norm error	5	0.0
Gold standard	na	Weighted UniFrac error	5	0.0
Gold standard	na	Unweighted UniFrac error	5	0.0
Gold standard	na	Weighted UniFrac (CAMI)	5	0.0
Gold standard	na	Unweighted UniFrac (CAMI)	5	0.0
Gold standard	acellular root	Sum of abundances	5	0.46686900000000003
Gold standard	cellular root	Sum of abundances	5	0.507208
Gold standard	other entries	Sum of abundances	5	0.025922999999999998
Gold standard	realm	Sum of abundances	5	0.463933
Gold standard	domain	Sum of abundances	5	0.507208
Gold standard	kingdom	Sum of abundances	5	0.9711409999999999
Gold standard	phylum	Sum of abundances	5	0.971141
Gold standard	class	Sum of abundances	5	0.971141
Gold standard	order	Sum of abundances	5	0.6392669999999999
Gold standard	family	Sum of abundances	5	0.782914
Gold standard	genus	Sum of abundances	5	0.959583
Gold standard	species	Sum of abundances	5	0.999988
Gold standard	strain	Sum of abundances	5	0.999983
Gold standard	acellular root	Taxon counts	5	1.0
Gold standard	cellular root	Taxon counts	5	1.0
Gold standard	other entries	Taxon counts	5	1.0
Gold standard	realm	Taxon counts	5	3.0
Gold standard	domain	Taxon counts	5	2.0
Gold standard	kingdom	Taxon counts	5	10.0
Gold standard	phylum	Taxon counts	5	19.0
Gold standard	class	Taxon counts	5	29.0
Gold standard	order	Taxon counts	5	44.0
Gold standard	family	Taxon counts	5	76.0
Gold standard	genus	Taxon counts	5	154.0
Gold standard	species	Taxon counts	5	255.0
Gold standard	strain	Taxon counts	5	302.0
Gold standard	acellular root	Bray-Curtis distance	6	0.0
Gold standard	cellular root	Bray-Curtis distance	6	0.0
Gold standard	other entries	Bray-Curtis distance	6	0.0
Gold standard	realm	Bray-Curtis distance	6	0.0
Gold standard	domain	Bray-Curtis distance	6	0.0
Gold standard	kingdom	Bray-Curtis distance	6	0.0
Gold standard	phylum	Bray-Curtis distance	6	0.0
Gold standard	class	Bray-Curtis distance	6	0.0
Gold standard	order	Bray-Curtis distance	6	0.0
Gold standard	family	Bray-Curtis distance	6	0.0
Gold standard	genus	Bray-Curtis distance	6	0.0
Gold standard	species	Bray-Curtis distance	6	0.0
Gold standard	strain	Bray-Curtis distance	6	0.0
Gold standard	acellular root	Shannon diversity	6	0.3526627086456635
Gold standard	acellular root	Shannon equitability	6	0.0
Gold standard	cellular root	Shannon diversity	6	0.3442059265589261
Gold standard	cellular root	Shannon equitability	6	0.0
Gold standard	other entries	Shannon diversity	6	0.05917224352608091
Gold standard	other entries	Shannon equitability	6	0.0
Gold standard	realm	Shannon diversity	6	0.680764773728517
Gold standard	realm	Shannon equitability	6	0.6196588011534392
Gold standard	domain	Shannon diversity	6	0.3939653148488083
Gold standard	domain	Shannon equitability	6	0.5683718060146349
Gold standard	kingdom	Shannon diversity	6	1.398845936970249
Gold standard	kingdom	Shannon equitability	6	0.6075110714589631
Gold standard	phylum	Shannon diversity	6	1.602346711602177
Gold standard	phylum	Shannon equitability	6	0.5441942329046994
Gold standard	class	Shannon diversity	6	1.7960155943880667
Gold standard	class	Shannon equitability	6	0.5333703021855615
Gold standard	order	Shannon diversity	6	2.067146504330834
Gold standard	order	Shannon equitability	6	0.5462586985077833
Gold standard	family	Shannon diversity	6	2.603432494964533
Gold standard	family	Shannon equitability	6	0.5924365951979236
Gold standard	genus	Shannon diversity	6	3.599140425049986
Gold standard	genus	Shannon equitability	6	0.6976355585097059
Gold standard	species	Shannon diversity	6	4.294210809974298
Gold standard	species	Shannon equitability	6	0.7675482287845751
Gold standard	strain	Shannon diversity	6	4.358069659294773
Gold standard	strain	Shannon equitability	6	0.7373066477745824
Gold standard	acellular root	True positives	6	1.0
Gold standard	acellular root	False negatives	6	0.0
Gold standard	acellular root	False positives	6	0.0
Gold standard	acellular root	Completeness	6	1.0
Gold standard	acellular root	Purity	6	1.0
Gold standard	acellular root	F1 score	6	1.0
Gold standard	acellular root	Jaccard index	6	1.0
Gold standard	cellular root	True positives	6	1.0
Gold standard	cellular root	False negatives	6	0.0
Gold standard	cellular root	False positives	6	0.0
Gold standard	cellular root	Completeness	6	1.0
Gold standard	cellular root	Purity	6	1.0
Gold standard	cellular root	F1 score	6	1.0
Gold standard	cellular root	Jaccard index	6	1.0
Gold standard	other entries	True positives	6	1.0
Gold standard	other entries	False negatives	6	0.0
Gold standard	other entries	False positives	6	0.0
Gold standard	other entries	Completeness	6	1.0
Gold standard	other entries	Purity	6	1.0
Gold standard	other entries	F1 score	6	1.0
Gold standard	other entries	Jaccard index	6	1.0
Gold standard	realm	True positives	6	3.0
Gold standard	realm	False negatives	6	0.0
Gold standard	realm	False positives	6	0.0
Gold standard	realm	Completeness	6	1.0
Gold standard	realm	Purity	6	1.0
Gold standard	realm	F1 score	6	1.0
Gold standard	realm	Jaccard index	6	1.0
Gold standard	domain	True positives	6	2.0
Gold standard	domain	False negatives	6	0.0
Gold standard	domain	False positives	6	0.0
Gold standard	domain	Completeness	6	1.0
Gold standard	domain	Purity	6	1.0
Gold standard	domain	F1 score	6	1.0
Gold standard	domain	Jaccard index	6	1.0
Gold standard	kingdom	True positives	6	10.0
Gold standard	kingdom	False negatives	6	0.0
Gold standard	kingdom	False positives	6	0.0
Gold standard	kingdom	Completeness	6	1.0
Gold standard	kingdom	Purity	6	1.0
Gold standard	kingdom	F1 score	6	1.0
Gold standard	kingdom	Jaccard index	6	1.0
Gold standard	phylum	True positives	6	19.0
Gold standard	phylum	False negatives	6	0.0
Gold standard	phylum	False positives	6	0.0
Gold standard	phylum	Completeness	6	1.0
Gold standard	phylum	Purity	6	1.0
Gold standard	phylum	F1 score	6	1.0
Gold standard	phylum	Jaccard index	6	1.0
Gold standard	class	True positives	6	29.0
Gold standard	class	False negatives	6	0.0
Gold standard	class	False positives	6	0.0
Gold standard	class	Completeness	6	1.0
Gold standard	class	Purity	6	1.0
Gold standard	class	F1 score	6	1.0
Gold standard	class	Jaccard index	6	1.0
Gold standard	order	True positives	6	44.0
Gold standard	order	False negatives	6	0.0
Gold standard	order	False positives	6	0.0
Gold standard	order	Completeness	6	1.0
Gold standard	order	Purity	6	1.0
Gold standard	order	F1 score	6	1.0
Gold standard	order	Jaccard index	6	1.0
Gold standard	family	True positives	6	81.0
Gold standard	family	False negatives	6	0.0
Gold standard	family	False positives	6	0.0
Gold standard	family	Completeness	6	1.0
Gold standard	family	Purity	6	1.0
Gold standard	family	F1 score	6	1.0
Gold standard	family	Jaccard index	6	1.0
Gold standard	genus	True positives	6	174.0
Gold standard	genus	False negatives	6	0.0
Gold standard	genus	False positives	6	0.0
Gold standard	genus	Completeness	6	1.0
Gold standard	genus	Purity	6	1.0
Gold standard	genus	F1 score	6	1.0
Gold standard	genus	Jaccard index	6	1.0
Gold standard	species	True positives	6	269.0
Gold standard	species	False negatives	6	0.0
Gold standard	species	False positives	6	0.0
Gold standard	species	Completeness	6	1.0
Gold standard	species	Purity	6	1.0
Gold standard	species	F1 score	6	1.0
Gold standard	species	Jaccard index	6	1.0
Gold standard	strain	True positives	6	369.0
Gold standard	strain	False negatives	6	0.0
Gold standard	strain	False positives	6	0.0
Gold standard	strain	Completeness	6	1.0
Gold standard	strain	Purity	6	1.0
Gold standard	strain	F1 score	6	1.0
Gold standard	strain	Jaccard index	6	1.0
Gold standard	acellular root	L1 norm error	6	0.0
Gold standard	cellular root	L1 norm error	6	0.0
Gold standard	other entries	L1 norm error	6	0.0
Gold standard	realm	L1 norm error	6	0.0
Gold standard	domain	L1 norm error	6	0.0
Gold standard	kingdom	L1 norm error	6	0.0
Gold standard	phylum	L1 norm error	6	0.0
Gold standard	class	L1 norm error	6	0.0
Gold standard	order	L1 norm error	6	0.0
Gold standard	family	L1 norm error	6	0.0
Gold standard	genus	L1 norm error	6	0.0
Gold standard	species	L1 norm error	6	0.0
Gold standard	strain	L1 norm error	6	0.0
Gold standard	na	Weighted UniFrac error	6	0.0
Gold standard	na	Unweighted UniFrac error	6	0.0
Gold standard	na	Weighted UniFrac (CAMI)	6	0.0
Gold standard	na	Unweighted UniFrac (CAMI)	6	0.0
Gold standard	acellular root	Sum of abundances	6	0.478649
Gold standard	cellular root	Sum of abundances	6	0.507532
Gold standard	other entries	Sum of abundances	6	0.013819999999999999
Gold standard	realm	Sum of abundances	6	0.47679399999999994
Gold standard	domain	Sum of abundances	6	0.507532
Gold standard	kingdom	Sum of abundances	6	0.9843259999999999
Gold standard	phylum	Sum of abundances	6	0.984327
Gold standard	class	Sum of abundances	6	0.9843259999999999
Gold standard	order	Sum of abundances	6	0.6900809999999999
Gold standard	family	Sum of abundances	6	0.7483660000000001
Gold standard	genus	Sum of abundances	6	0.9557519999999999
Gold standard	species	Sum of abundances	6	1.000004
Gold standard	strain	Sum of abundances	6	1.000006
Gold standard	acellular root	Taxon counts	6	1.0
Gold standard	cellular root	Taxon counts	6	1.0
Gold standard	other entries	Taxon counts	6	1.0
Gold standard	realm	Taxon counts	6	3.0
Gold standard	domain	Taxon counts	6	2.0
Gold standard	kingdom	Taxon counts	6	10.0
Gold standard	phylum	Taxon counts	6	19.0
Gold standard	class	Taxon counts	6	29.0
Gold standard	order	Taxon counts	6	44.0
Gold standard	family	Taxon counts	6	81.0
Gold standard	genus	Taxon counts	6	174.0
Gold standard	species	Taxon counts	6	269.0
Gold standard	strain	Taxon counts	6	369.0
Gold standard	acellular root	Bray-Curtis distance	7	0.0
Gold standard	cellular root	Bray-Curtis distance	7	0.0
Gold standard	other entries	Bray-Curtis distance	7	0.0
Gold standard	realm	Bray-Curtis distance	7	0.0
Gold standard	domain	Bray-Curtis distance	7	0.0
Gold standard	kingdom	Bray-Curtis distance	7	0.0
Gold standard	phylum	Bray-Curtis distance	7	0.0
Gold standard	class	Bray-Curtis distance	7	0.0
Gold standard	order	Bray-Curtis distance	7	0.0
Gold standard	family	Bray-Curtis distance	7	0.0
Gold standard	genus	Bray-Curtis distance	7	0.0
Gold standard	species	Bray-Curtis distance	7	0.0
Gold standard	strain	Bray-Curtis distance	7	0.0
Gold standard	acellular root	Shannon diversity	7	0.3498199582497418
Gold standard	acellular root	Shannon equitability	7	0.0
Gold standard	cellular root	Shannon diversity	7	0.3431972449977263
Gold standard	cellular root	Shannon equitability	7	0.0
Gold standard	other entries	Shannon diversity	7	0.0026944591105052145
Gold standard	other entries	Shannon equitability	7	0.0
Gold standard	realm	Shannon diversity	7	0.6699882555956236
Gold standard	realm	Shannon equitability	7	0.6098495916224242
Gold standard	domain	Shannon diversity	7	0.39326034785399
Gold standard	domain	Shannon equitability	7	0.5673547536272201
Gold standard	kingdom	Shannon diversity	7	1.3285759501915495
Gold standard	kingdom	Shannon equitability	7	0.5769932039575595
Gold standard	phylum	Shannon diversity	7	1.4301734911817405
Gold standard	phylum	Shannon equitability	7	0.485720200452793
Gold standard	class	Shannon diversity	7	1.709625407540043
Gold standard	class	Shannon equitability	7	0.5130613689284493
Gold standard	order	Shannon diversity	7	1.716132996266567
Gold standard	order	Shannon equitability	7	0.4591451817656238
Gold standard	family	Shannon diversity	7	2.3700386453419453
Gold standard	family	Shannon equitability	7	0.5506512085711894
Gold standard	genus	Shannon diversity	7	3.538169275132372
Gold standard	genus	Shannon equitability	7	0.6980146268265669
Gold standard	species	Shannon diversity	7	4.342720326415806
Gold standard	species	Shannon equitability	7	0.7888208544883464
Gold standard	strain	Shannon diversity	7	4.4116208803516415
Gold standard	strain	Shannon equitability	7	0.7776078803545969
Gold standard	acellular root	True positives	7	1.0
Gold standard	acellular root	False negatives	7	0.0
Gold standard	acellular root	False positives	7	0.0
Gold standard	acellular root	Completeness	7	1.0
Gold standard	acellular root	Purity	7	1.0
Gold standard	acellular root	F1 score	7	1.0
Gold standard	acellular root	Jaccard index	7	1.0
Gold standard	cellular root	True positives	7	1.0
Gold standard	cellular root	False negatives	7	0.0
Gold standard	cellular root	False positives	7	0.0
Gold standard	cellular root	Completeness	7	1.0
Gold standard	cellular root	Purity	7	1.0
Gold standard	cellular root	F1 score	7	1.0
Gold standard	cellular root	Jaccard index	7	1.0
Gold standard	other entries	True positives	7	1.0
Gold standard	other entries	False negatives	7	0.0
Gold standard	other entries	False positives	7	0.0
Gold standard	other entries	Completeness	7	1.0
Gold standard	other entries	Purity	7	1.0
Gold standard	other entries	F1 score	7	1.0
Gold standard	other entries	Jaccard index	7	1.0
Gold standard	realm	True positives	7	3.0
Gold standard	realm	False negatives	7	0.0
Gold standard	realm	False positives	7	0.0
Gold standard	realm	Completeness	7	1.0
Gold standard	realm	Purity	7	1.0
Gold standard	realm	F1 score	7	1.0
Gold standard	realm	Jaccard index	7	1.0
Gold standard	domain	True positives	7	2.0
Gold standard	domain	False negatives	7	0.0
Gold standard	domain	False positives	7	0.0
Gold standard	domain	Completeness	7	1.0
Gold standard	domain	Purity	7	1.0
Gold standard	domain	F1 score	7	1.0
Gold standard	domain	Jaccard index	7	1.0
Gold standard	kingdom	True positives	7	10.0
Gold standard	kingdom	False negatives	7	0.0
Gold standard	kingdom	False positives	7	0.0
Gold standard	kingdom	Completeness	7	1.0
Gold standard	kingdom	Purity	7	1.0
Gold standard	kingdom	F1 score	7	1.0
Gold standard	kingdom	Jaccard index	7	1.0
Gold standard	phylum	True positives	7	19.0
Gold standard	phylum	False negatives	7	0.0
Gold standard	phylum	False positives	7	0.0
Gold standard	phylum	Completeness	7	1.0
Gold standard	phylum	Purity	7	1.0
Gold standard	phylum	F1 score	7	1.0
Gold standard	phylum	Jaccard index	7	1.0
Gold standard	class	True positives	7	28.0
Gold standard	class	False negatives	7	0.0
Gold standard	class	False positives	7	0.0
Gold standard	class	Completeness	7	1.0
Gold standard	class	Purity	7	1.0
Gold standard	class	F1 score	7	1.0
Gold standard	class	Jaccard index	7	1.0
Gold standard	order	True positives	7	42.0
Gold standard	order	False negatives	7	0.0
Gold standard	order	False positives	7	0.0
Gold standard	order	Completeness	7	1.0
Gold standard	order	Purity	7	1.0
Gold standard	order	F1 score	7	1.0
Gold standard	order	Jaccard index	7	1.0
Gold standard	family	True positives	7	74.0
Gold standard	family	False negatives	7	0.0
Gold standard	family	False positives	7	0.0
Gold standard	family	Completeness	7	1.0
Gold standard	family	Purity	7	1.0
Gold standard	family	F1 score	7	1.0
Gold standard	family	Jaccard index	7	1.0
Gold standard	genus	True positives	7	159.0
Gold standard	genus	False negatives	7	0.0
Gold standard	genus	False positives	7	0.0
Gold standard	genus	Completeness	7	1.0
Gold standard	genus	Purity	7	1.0
Gold standard	genus	F1 score	7	1.0
Gold standard	genus	Jaccard index	7	1.0
Gold standard	species	True positives	7	246.0
Gold standard	species	False negatives	7	0.0
Gold standard	species	False positives	7	0.0
Gold standard	species	Completeness	7	1.0
Gold standard	species	Purity	7	1.0
Gold standard	species	F1 score	7	1.0
Gold standard	species	Jaccard index	7	1.0
Gold standard	strain	True positives	7	291.0
Gold standard	strain	False negatives	7	0.0
Gold standard	strain	False positives	7	0.0
Gold standard	strain	Completeness	7	1.0
Gold standard	strain	Purity	7	1.0
Gold standard	strain	F1 score	7	1.0
Gold standard	strain	Jaccard index	7	1.0
Gold standard	acellular root	L1 norm error	7	0.0
Gold standard	cellular root	L1 norm error	7	0.0
Gold standard	other entries	L1 norm error	7	0.0
Gold standard	realm	L1 norm error	7	0.0
Gold standard	domain	L1 norm error	7	0.0
Gold standard	kingdom	L1 norm error	7	0.0
Gold standard	phylum	L1 norm error	7	0.0
Gold standard	class	L1 norm error	7	0.0
Gold standard	order	L1 norm error	7	0.0
Gold standard	family	L1 norm error	7	0.0
Gold standard	genus	L1 norm error	7	0.0
Gold standard	species	L1 norm error	7	0.0
Gold standard	strain	L1 norm error	7	0.0
Gold standard	na	Weighted UniFrac error	7	0.0
Gold standard	na	Unweighted UniFrac error	7	0.0
Gold standard	na	Weighted UniFrac (CAMI)	7	0.0
Gold standard	na	Unweighted UniFrac (CAMI)	7	0.0
Gold standard	acellular root	Sum of abundances	7	0.48902500000000004
Gold standard	cellular root	Sum of abundances	7	0.510637
Gold standard	other entries	Sum of abundances	7	0.000337
Gold standard	realm	Sum of abundances	7	0.486616
Gold standard	domain	Sum of abundances	7	0.510638
Gold standard	kingdom	Sum of abundances	7	0.9972530000000001
Gold standard	phylum	Sum of abundances	7	0.9972530000000001
Gold standard	class	Sum of abundances	7	0.9972530000000001
Gold standard	order	Sum of abundances	7	0.6835070000000001
Gold standard	family	Sum of abundances	7	0.8175060000000001
Gold standard	genus	Sum of abundances	7	0.952416
Gold standard	species	Sum of abundances	7	1.000006
Gold standard	strain	Sum of abundances	7	1.000008
Gold standard	acellular root	Taxon counts	7	1.0
Gold standard	cellular root	Taxon counts	7	1.0
Gold standard	other entries	Taxon counts	7	1.0
Gold standard	realm	Taxon counts	7	3.0
Gold standard	domain	Taxon counts	7	2.0
Gold standard	kingdom	Taxon counts	7	10.0
Gold standard	phylum	Taxon counts	7	19.0
Gold standard	class	Taxon counts	7	28.0
Gold standard	order	Taxon counts	7	42.0
Gold standard	family	Taxon counts	7	74.0
Gold standard	genus	Taxon counts	7	159.0
Gold standard	species	Taxon counts	7	246.0
Gold standard	strain	Taxon counts	7	291.0
Gold standard	acellular root	Bray-Curtis distance	8	0.0
Gold standard	cellular root	Bray-Curtis distance	8	0.0
Gold standard	other entries	Bray-Curtis distance	8	0.0
Gold standard	realm	Bray-Curtis distance	8	0.0
Gold standard	domain	Bray-Curtis distance	8	0.0
Gold standard	kingdom	Bray-Curtis distance	8	0.0
Gold standard	phylum	Bray-Curtis distance	8	0.0
Gold standard	class	Bray-Curtis distance	8	0.0
Gold standard	order	Bray-Curtis distance	8	0.0
Gold standard	family	Bray-Curtis distance	8	0.0
Gold standard	genus	Bray-Curtis distance	8	0.0
Gold standard	species	Bray-Curtis distance	8	0.0
Gold standard	strain	Bray-Curtis distance	8	0.0
Gold standard	acellular root	Shannon diversity	8	0.3556693216567285
Gold standard	acellular root	Shannon equitability	8	0.0
Gold standard	cellular root	Shannon diversity	8	0.3482297360724623
Gold standard	cellular root	Shannon equitability	8	0.0
Gold standard	other entries	Shannon diversity	8	0.12617764140950952
Gold standard	other entries	Shannon equitability	8	0.0
Gold standard	realm	Shannon diversity	8	0.5860156632924348
Gold standard	realm	Shannon equitability	8	0.533414444146519
Gold standard	domain	Shannon diversity	8	0.39671043399617595
Gold standard	domain	Shannon equitability	8	0.5723321757951915
Gold standard	kingdom	Shannon diversity	8	1.3252206736314363
Gold standard	kingdom	Shannon equitability	8	0.5526599466893685
Gold standard	phylum	Shannon diversity	8	1.450130877518894
Gold standard	phylum	Shannon equitability	8	0.48406557899732783
Gold standard	class	Shannon diversity	8	1.602035692941108
Gold standard	class	Shannon equitability	8	0.4710210885080117
Gold standard	order	Shannon diversity	8	1.8278673350050598
Gold standard	order	Shannon equitability	8	0.48597981462839623
Gold standard	family	Shannon diversity	8	2.539277305968643
Gold standard	family	Shannon equitability	8	0.5899718640356977
Gold standard	genus	Shannon diversity	8	3.557816784648319
Gold standard	genus	Shannon equitability	8	0.7027654318463374
Gold standard	species	Shannon diversity	8	4.039414515957221
Gold standard	species	Shannon equitability	8	0.730007263032218
Gold standard	strain	Shannon diversity	8	4.1181427338260175
Gold standard	strain	Shannon equitability	8	0.712770949763381
Gold standard	acellular root	True positives	8	1.0
Gold standard	acellular root	False negatives	8	0.0
Gold standard	acellular root	False positives	8	0.0
Gold standard	acellular root	Completeness	8	1.0
Gold standard	acellular root	Purity	8	1.0
Gold standard	acellular root	F1 score	8	1.0
Gold standard	acellular root	Jaccard index	8	1.0
Gold standard	cellular root	True positives	8	1.0
Gold standard	cellular root	False negatives	8	0.0
Gold standard	cellular root	False positives	8	0.0
Gold standard	cellular root	Completeness	8	1.0
Gold standard	cellular root	Purity	8	1.0
Gold standard	cellular root	F1 score	8	1.0
Gold standard	cellular root	Jaccard index	8	1.0
Gold standard	other entries	True positives	8	1.0
Gold standard	other entries	False negatives	8	0.0
Gold standard	other entries	False positives	8	0.0
Gold standard	other entries	Completeness	8	1.0
Gold standard	other entries	Purity	8	1.0
Gold standard	other entries	F1 score	8	1.0
Gold standard	other entries	Jaccard index	8	1.0
Gold standard	realm	True positives	8	3.0
Gold standard	realm	False negatives	8	0.0
Gold standard	realm	False positives	8	0.0
Gold standard	realm	Completeness	8	1.0
Gold standard	realm	Purity	8	1.0
Gold standard	realm	F1 score	8	1.0
Gold standard	realm	Jaccard index	8	1.0
Gold standard	domain	True positives	8	2.0
Gold standard	domain	False negatives	8	0.0
Gold standard	domain	False positives	8	0.0
Gold standard	domain	Completeness	8	1.0
Gold standard	domain	Purity	8	1.0
Gold standard	domain	F1 score	8	1.0
Gold standard	domain	Jaccard index	8	1.0
Gold standard	kingdom	True positives	8	11.0
Gold standard	kingdom	False negatives	8	0.0
Gold standard	kingdom	False positives	8	0.0
Gold standard	kingdom	Completeness	8	1.0
Gold standard	kingdom	Purity	8	1.0
Gold standard	kingdom	F1 score	8	1.0
Gold standard	kingdom	Jaccard index	8	1.0
Gold standard	phylum	True positives	8	20.0
Gold standard	phylum	False negatives	8	0.0
Gold standard	phylum	False positives	8	0.0
Gold standard	phylum	Completeness	8	1.0
Gold standard	phylum	Purity	8	1.0
Gold standard	phylum	F1 score	8	1.0
Gold standard	phylum	Jaccard index	8	1.0
Gold standard	class	True positives	8	30.0
Gold standard	class	False negatives	8	0.0
Gold standard	class	False positives	8	0.0
Gold standard	class	Completeness	8	1.0
Gold standard	class	Purity	8	1.0
Gold standard	class	F1 score	8	1.0
Gold standard	class	Jaccard index	8	1.0
Gold standard	order	True positives	8	43.0
Gold standard	order	False negatives	8	0.0
Gold standard	order	False positives	8	0.0
Gold standard	order	Completeness	8	1.0
Gold standard	order	Purity	8	1.0
Gold standard	order	F1 score	8	1.0
Gold standard	order	Jaccard index	8	1.0
Gold standard	family	True positives	8	74.0
Gold standard	family	False negatives	8	0.0
Gold standard	family	False positives	8	0.0
Gold standard	family	Completeness	8	1.0
Gold standard	family	Purity	8	1.0
Gold standard	family	F1 score	8	1.0
Gold standard	family	Jaccard index	8	1.0
Gold standard	genus	True positives	8	158.0
Gold standard	genus	False negatives	8	0.0
Gold standard	genus	False positives	8	0.0
Gold standard	genus	Completeness	8	1.0
Gold standard	genus	Purity	8	1.0
Gold standard	genus	F1 score	8	1.0
Gold standard	genus	Jaccard index	8	1.0
Gold standard	species	True positives	8	253.0
Gold standard	species	False negatives	8	0.0
Gold standard	species	False positives	8	0.0
Gold standard	species	Completeness	8	1.0
Gold standard	species	Purity	8	1.0
Gold standard	species	F1 score	8	1.0
Gold standard	species	Jaccard index	8	1.0
Gold standard	strain	True positives	8	323.0
Gold standard	strain	False negatives	8	0.0
Gold standard	strain	False positives	8	0.0
Gold standard	strain	Completeness	8	1.0
Gold standard	strain	Purity	8	1.0
Gold standard	strain	F1 score	8	1.0
Gold standard	strain	Jaccard index	8	1.0
Gold standard	acellular root	L1 norm error	8	0.0
Gold standard	cellular root	L1 norm error	8	0.0
Gold standard	other entries	L1 norm error	8	0.0
Gold standard	realm	L1 norm error	8	0.0
Gold standard	domain	L1 norm error	8	0.0
Gold standard	kingdom	L1 norm error	8	0.0
Gold standard	phylum	L1 norm error	8	0.0
Gold standard	class	L1 norm error	8	0.0
Gold standard	order	L1 norm error	8	0.0
Gold standard	family	L1 norm error	8	0.0
Gold standard	genus	L1 norm error	8	0.0
Gold standard	species	L1 norm error	8	0.0
Gold standard	strain	L1 norm error	8	0.0
Gold standard	na	Weighted UniFrac error	8	0.0
Gold standard	na	Unweighted UniFrac error	8	0.0
Gold standard	na	Weighted UniFrac (CAMI)	8	0.0
Gold standard	na	Unweighted UniFrac (CAMI)	8	0.0
Gold standard	acellular root	Sum of abundances	8	0.46665
Gold standard	cellular root	Sum of abundances	8	0.494504
Gold standard	other entries	Sum of abundances	8	0.038846
Gold standard	realm	Sum of abundances	8	0.466488
Gold standard	domain	Sum of abundances	8	0.49450299999999997
Gold standard	kingdom	Sum of abundances	8	0.960993
Gold standard	phylum	Sum of abundances	8	0.96099
Gold standard	class	Sum of abundances	8	0.9609909999999999
Gold standard	order	Sum of abundances	8	0.672016
Gold standard	family	Sum of abundances	8	0.8124079999999999
Gold standard	genus	Sum of abundances	8	0.943475
Gold standard	species	Sum of abundances	8	0.9999889999999999
Gold standard	strain	Sum of abundances	8	0.999987
Gold standard	acellular root	Taxon counts	8	1.0
Gold standard	cellular root	Taxon counts	8	1.0
Gold standard	other entries	Taxon counts	8	1.0
Gold standard	realm	Taxon counts	8	3.0
Gold standard	domain	Taxon counts	8	2.0
Gold standard	kingdom	Taxon counts	8	11.0
Gold standard	phylum	Taxon counts	8	20.0
Gold standard	class	Taxon counts	8	30.0
Gold standard	order	Taxon counts	8	43.0
Gold standard	family	Taxon counts	8	74.0
Gold standard	genus	Taxon counts	8	158.0
Gold standard	species	Taxon counts	8	253.0
Gold standard	strain	Taxon counts	8	323.0
Gold standard	acellular root	Bray-Curtis distance	9	0.0
Gold standard	cellular root	Bray-Curtis distance	9	0.0
Gold standard	other entries	Bray-Curtis distance	9	0.0
Gold standard	realm	Bray-Curtis distance	9	0.0
Gold standard	domain	Bray-Curtis distance	9	0.0
Gold standard	kingdom	Bray-Curtis distance	9	0.0
Gold standard	phylum	Bray-Curtis distance	9	0.0
Gold standard	class	Bray-Curtis distance	9	0.0
Gold standard	order	Bray-Curtis distance	9	0.0
Gold standard	family	Bray-Curtis distance	9	0.0
Gold standard	genus	Bray-Curtis distance	9	0.0
Gold standard	species	Bray-Curtis distance	9	0.0
Gold standard	strain	Bray-Curtis distance	9	0.0
Gold standard	acellular root	Shannon diversity	9	0.3556652783351168
Gold standard	acellular root	Shannon equitability	9	0.0
Gold standard	cellular root	Shannon diversity	9	0.3488601509877792
Gold standard	cellular root	Shannon equitability	9	0.0
Gold standard	other entries	Shannon diversity	9	0.1309066494995832
Gold standard	other entries	Shannon equitability	9	0.0
Gold standard	realm	Shannon diversity	9	0.6914459686061514
Gold standard	realm	Shannon equitability	9	0.6293812437183076
Gold standard	domain	Shannon diversity	9	0.3971298498289909
Gold standard	domain	Shannon equitability	9	0.5729372649372639
Gold standard	kingdom	Shannon diversity	9	1.4820967951574417
Gold standard	kingdom	Shannon equitability	9	0.643666459783371
Gold standard	phylum	Shannon diversity	9	1.624760737782767
Gold standard	phylum	Shannon equitability	9	0.551806557812494
Gold standard	class	Shannon diversity	9	1.806174469530463
Gold standard	class	Shannon equitability	9	0.5420358996619616
Gold standard	order	Shannon diversity	9	1.8811197329064324
Gold standard	order	Shannon equitability	9	0.503286786960692
Gold standard	family	Shannon diversity	9	2.5467788157204314
Gold standard	family	Shannon equitability	9	0.5898751192239995
Gold standard	genus	Shannon diversity	9	3.6018338248223074
Gold standard	genus	Shannon equitability	9	0.7105744518203101
Gold standard	species	Shannon diversity	9	4.160833096278423
Gold standard	species	Shannon equitability	9	0.7519501572688432
Gold standard	strain	Shannon diversity	9	4.2498946716397885
Gold standard	strain	Shannon equitability	9	0.735574664913254
Gold standard	acellular root	True positives	9	1.0
Gold standard	acellular root	False negatives	9	0.0
Gold standard	acellular root	False positives	9	0.0
Gold standard	acellular root	Completeness	9	1.0
Gold standard	acellular root	Purity	9	1.0
Gold standard	acellular root	F1 score	9	1.0
Gold standard	acellular root	Jaccard index	9	1.0
Gold standard	cellular root	True positives	9	1.0
Gold standard	cellular root	False negatives	9	0.0
Gold standard	cellular root	False positives	9	0.0
Gold standard	cellular root	Completeness	9	1.0
Gold standard	cellular root	Purity	9	1.0
Gold standard	cellular root	F1 score	9	1.0
Gold standard	cellular root	Jaccard index	9	1.0
Gold standard	other entries	True positives	9	1.0
Gold standard	other entries	False negatives	9	0.0
Gold standard	other entries	False positives	9	0.0
Gold standard	other entries	Completeness	9	1.0
Gold standard	other entries	Purity	9	1.0
Gold standard	other entries	F1 score	9	1.0
Gold standard	other entries	Jaccard index	9	1.0
Gold standard	realm	True positives	9	3.0
Gold standard	realm	False negatives	9	0.0
Gold standard	realm	False positives	9	0.0
Gold standard	realm	Completeness	9	1.0
Gold standard	realm	Purity	9	1.0
Gold standard	realm	F1 score	9	1.0
Gold standard	realm	Jaccard index	9	1.0
Gold standard	domain	True positives	9	2.0
Gold standard	domain	False negatives	9	0.0
Gold standard	domain	False positives	9	0.0
Gold standard	domain	Completeness	9	1.0
Gold standard	domain	Purity	9	1.0
Gold standard	domain	F1 score	9	1.0
Gold standard	domain	Jaccard index	9	1.0
Gold standard	kingdom	True positives	9	10.0
Gold standard	kingdom	False negatives	9	0.0
Gold standard	kingdom	False positives	9	0.0
Gold standard	kingdom	Completeness	9	1.0
Gold standard	kingdom	Purity	9	1.0
Gold standard	kingdom	F1 score	9	1.0
Gold standard	kingdom	Jaccard index	9	1.0
Gold standard	phylum	True positives	9	19.0
Gold standard	phylum	False negatives	9	0.0
Gold standard	phylum	False positives	9	0.0
Gold standard	phylum	Completeness	9	1.0
Gold standard	phylum	Purity	9	1.0
Gold standard	phylum	F1 score	9	1.0
Gold standard	phylum	Jaccard index	9	1.0
Gold standard	class	True positives	9	28.0
Gold standard	class	False negatives	9	0.0
Gold standard	class	False positives	9	0.0
Gold standard	class	Completeness	9	1.0
Gold standard	class	Purity	9	1.0
Gold standard	class	F1 score	9	1.0
Gold standard	class	Jaccard index	9	1.0
Gold standard	order	True positives	9	42.0
Gold standard	order	False negatives	9	0.0
Gold standard	order	False positives	9	0.0
Gold standard	order	Completeness	9	1.0
Gold standard	order	Purity	9	1.0
Gold standard	order	F1 score	9	1.0
Gold standard	order	Jaccard index	9	1.0
Gold standard	family	True positives	9	75.0
Gold standard	family	False negatives	9	0.0
Gold standard	family	False positives	9	0.0
Gold standard	family	Completeness	9	1.0
Gold standard	family	Purity	9	1.0
Gold standard	family	F1 score	9	1.0
Gold standard	family	Jaccard index	9	1.0
Gold standard	genus	True positives	9	159.0
Gold standard	genus	False negatives	9	0.0
Gold standard	genus	False positives	9	0.0
Gold standard	genus	Completeness	9	1.0
Gold standard	genus	Purity	9	1.0
Gold standard	genus	F1 score	9	1.0
Gold standard	genus	Jaccard index	9	1.0
Gold standard	species	True positives	9	253.0
Gold standard	species	False negatives	9	0.0
Gold standard	species	False positives	9	0.0
Gold standard	species	Completeness	9	1.0
Gold standard	species	Purity	9	1.0
Gold standard	species	F1 score	9	1.0
Gold standard	species	Jaccard index	9	1.0
Gold standard	strain	True positives	9	323.0
Gold standard	strain	False negatives	9	0.0
Gold standard	strain	False positives	9	0.0
Gold standard	strain	Completeness	9	1.0
Gold standard	strain	Purity	9	1.0
Gold standard	strain	F1 score	9	1.0
Gold standard	strain	Jaccard index	9	1.0
Gold standard	acellular root	L1 norm error	9	0.0
Gold standard	cellular root	L1 norm error	9	0.0
Gold standard	other entries	L1 norm error	9	0.0
Gold standard	realm	L1 norm error	9	0.0
Gold standard	domain	L1 norm error	9	0.0
Gold standard	kingdom	L1 norm error	9	0.0
Gold standard	phylum	L1 norm error	9	0.0
Gold standard	class	L1 norm error	9	0.0
Gold standard	order	L1 norm error	9	0.0
Gold standard	family	L1 norm error	9	0.0
Gold standard	genus	L1 norm error	9	0.0
Gold standard	species	L1 norm error	9	0.0
Gold standard	strain	L1 norm error	9	0.0
Gold standard	na	Weighted UniFrac error	9	0.0
Gold standard	na	Unweighted UniFrac error	9	0.0
Gold standard	na	Weighted UniFrac (CAMI)	9	0.0
Gold standard	na	Unweighted UniFrac (CAMI)	9	0.0
Gold standard	acellular root	Sum of abundances	9	0.466667
Gold standard	cellular root	Sum of abundances	9	0.492357
Gold standard	other entries	Sum of abundances	9	0.040975000000000004
Gold standard	realm	Sum of abundances	9	0.46459000000000006
Gold standard	domain	Sum of abundances	9	0.49235699999999993
Gold standard	kingdom	Sum of abundances	9	0.956948
Gold standard	phylum	Sum of abundances	9	0.956946
Gold standard	class	Sum of abundances	9	0.956948
Gold standard	order	Sum of abundances	9	0.674746
Gold standard	family	Sum of abundances	9	0.7804760000000001
Gold standard	genus	Sum of abundances	9	0.930375
Gold standard	species	Sum of abundances	9	1.000005
Gold standard	strain	Sum of abundances	9	1.00001
Gold standard	acellular root	Taxon counts	9	1.0
Gold standard	cellular root	Taxon counts	9	1.0
Gold standard	other entries	Taxon counts	9	1.0
Gold standard	realm	Taxon counts	9	3.0
Gold standard	domain	Taxon counts	9	2.0
Gold standard	kingdom	Taxon counts	9	10.0
Gold standard	phylum	Taxon counts	9	19.0
Gold standard	class	Taxon counts	9	28.0
Gold standard	order	Taxon counts	9	42.0
Gold standard	family	Taxon counts	9	75.0
Gold standard	genus	Taxon counts	9	159.0
Gold standard	species	Taxon counts	9	253.0
Gold standard	strain	Taxon counts	9	323.0
MetaScope	cellular root	Bray-Curtis distance	0	0.3363784944627157
MetaScope	domain	Bray-Curtis distance	0	0.3363784855942206
MetaScope	kingdom	Bray-Curtis distance	0	0.4980351811256085
MetaScope	phylum	Bray-Curtis distance	0	0.4980618193318148
MetaScope	class	Bray-Curtis distance	0	0.4995131898960808
MetaScope	order	Bray-Curtis distance	0	0.38131875755018296
MetaScope	family	Bray-Curtis distance	0	0.44056610693655635
MetaScope	genus	Bray-Curtis distance	0	0.5189699875881083
MetaScope	species	Bray-Curtis distance	0	0.6267281837333529
MetaScope	strain	Bray-Curtis distance	0	0.8026580100434885
MetaScope	cellular root	Shannon diversity	0	0.0
MetaScope	cellular root	Shannon equitability	0	0.0
MetaScope	domain	Shannon diversity	0	0.10763643889533335
MetaScope	domain	Shannon equitability	0	0.09797490889695507
MetaScope	kingdom	Shannon diversity	0	0.7526775209971763
MetaScope	kingdom	Shannon equitability	0	0.42007732283477367
MetaScope	phylum	Shannon diversity	0	0.9108760274053269
MetaScope	phylum	Shannon equitability	0	0.29468247076829696
MetaScope	class	Shannon diversity	0	1.3926521837386134
MetaScope	class	Shannon equitability	0	0.3801361402529898
MetaScope	order	Shannon diversity	0	1.8270520201588107
MetaScope	order	Shannon equitability	0	0.4060287332163348
MetaScope	family	Shannon diversity	0	2.200705145701044
MetaScope	family	Shannon equitability	0	0.4260980332606584
MetaScope	genus	Shannon diversity	0	2.707078424613806
MetaScope	genus	Shannon equitability	0	0.43065212300630107
MetaScope	species	Shannon diversity	0	3.2581077901920525
MetaScope	species	Shannon equitability	0	0.44848297326859177
MetaScope	strain	Shannon diversity	0	1.1174966840645177
MetaScope	strain	Shannon equitability	0	0.2070142650110048
MetaScope	acellular root	True positives	0	0.0
MetaScope	acellular root	False negatives	0	1.0
MetaScope	acellular root	False positives	0	0.0
MetaScope	acellular root	Completeness	0	0.0
MetaScope	acellular root	Purity	0	0.0
MetaScope	acellular root	Jaccard index	0	0.0
MetaScope	cellular root	True positives	0	1.0
MetaScope	cellular root	False negatives	0	0.0
MetaScope	cellular root	False positives	0	0.0
MetaScope	cellular root	Completeness	0	1.0
MetaScope	cellular root	Purity	0	1.0
MetaScope	cellular root	F1 score	0	1.0
MetaScope	cellular root	Jaccard index	0	1.0
MetaScope	other entries	True positives	0	0.0
MetaScope	other entries	False negatives	0	1.0
MetaScope	other entries	False positives	0	0.0
MetaScope	other entries	Completeness	0	0.0
MetaScope	other entries	Purity	0	0.0
MetaScope	other entries	Jaccard index	0	0.0
MetaScope	realm	True positives	0	0.0
MetaScope	realm	False negatives	0	3.0
MetaScope	realm	False positives	0	0.0
MetaScope	realm	Completeness	0	0.0
MetaScope	realm	Purity	0	0.0
MetaScope	realm	Jaccard index	0	0.0
MetaScope	domain	True positives	0	2.0
MetaScope	domain	False negatives	0	0.0
MetaScope	domain	False positives	0	1.0
MetaScope	domain	Completeness	0	1.0
MetaScope	domain	Purity	0	0.6666666666666666
MetaScope	domain	F1 score	0	0.8
MetaScope	domain	Jaccard index	0	0.6666666666666666
MetaScope	kingdom	True positives	0	4.0
MetaScope	kingdom	False negatives	0	6.0
MetaScope	kingdom	False positives	0	2.0
MetaScope	kingdom	Completeness	0	0.4
MetaScope	kingdom	Purity	0	0.6666666666666666
MetaScope	kingdom	F1 score	0	0.5
MetaScope	kingdom	Jaccard index	0	0.3333333333333333
MetaScope	phylum	True positives	0	9.0
MetaScope	phylum	False negatives	0	9.0
MetaScope	phylum	False positives	0	13.0
MetaScope	phylum	Completeness	0	0.5
MetaScope	phylum	Purity	0	0.4090909090909091
MetaScope	phylum	F1 score	0	0.45
MetaScope	phylum	Jaccard index	0	0.2903225806451613
MetaScope	class	True positives	0	15.0
MetaScope	class	False negatives	0	11.0
MetaScope	class	False positives	0	24.0
MetaScope	class	Completeness	0	0.5769230769230769
MetaScope	class	Purity	0	0.38461538461538464
MetaScope	class	F1 score	0	0.46153846153846156
MetaScope	class	Jaccard index	0	0.3
MetaScope	order	True positives	0	29.0
MetaScope	order	False negatives	0	14.0
MetaScope	order	False positives	0	61.0
MetaScope	order	Completeness	0	0.6744186046511628
MetaScope	order	Purity	0	0.32222222222222224
MetaScope	order	F1 score	0	0.43609022556390975
MetaScope	order	Jaccard index	0	0.27884615384615385
MetaScope	family	True positives	0	45.0
MetaScope	family	False negatives	0	30.0
MetaScope	family	False positives	0	130.0
MetaScope	family	Completeness	0	0.6
MetaScope	family	Purity	0	0.2571428571428571
MetaScope	family	F1 score	0	0.36
MetaScope	family	Jaccard index	0	0.21951219512195122
MetaScope	genus	True positives	0	81.0
MetaScope	genus	False negatives	0	77.0
MetaScope	genus	False positives	0	456.0
MetaScope	genus	Completeness	0	0.5126582278481012
MetaScope	genus	Purity	0	0.15083798882681565
MetaScope	genus	F1 score	0	0.23309352517985613
MetaScope	genus	Jaccard index	0	0.13192182410423453
MetaScope	species	True positives	0	96.0
MetaScope	species	False negatives	0	158.0
MetaScope	species	False positives	0	1333.0
MetaScope	species	Completeness	0	0.3779527559055118
MetaScope	species	Purity	0	0.06717984604618614
MetaScope	species	F1 score	0	0.11408199643493759
MetaScope	species	Jaccard index	0	0.06049149338374291
MetaScope	strain	True positives	0	1.0
MetaScope	strain	False negatives	0	310.0
MetaScope	strain	False positives	0	220.0
MetaScope	strain	Completeness	0	0.003215434083601286
MetaScope	strain	Purity	0	0.004524886877828055
MetaScope	strain	F1 score	0	0.0037593984962406017
MetaScope	strain	Jaccard index	0	0.0018832391713747645
MetaScope	cellular root	L1 norm error	0	0.503418
MetaScope	domain	L1 norm error	0	0.50341798
MetaScope	kingdom	L1 norm error	0	0.9853691600000001
MetaScope	phylum	L1 norm error	0	0.9854485999999999
MetaScope	class	L1 norm error	0	0.9883188700000001
MetaScope	order	L1 norm error	0	0.61031303
MetaScope	family	L1 norm error	0	0.7797157200000003
MetaScope	genus	L1 norm error	0	1.0031820899999997
MetaScope	species	L1 norm error	0	1.2534454999999984
MetaScope	strain	L1 norm error	0	1.1741205600000018
MetaScope	na	Weighted UniFrac error	0	0.14336038192361114
MetaScope	na	Unweighted UniFrac error	0	4.550025079607867
MetaScope	na	Weighted UniFrac (CAMI)	0	10.554534870000008
MetaScope	na	Unweighted UniFrac (CAMI)	0	15344.000005999998
MetaScope	cellular root	Sum of abundances	0	1.0
MetaScope	domain	Sum of abundances	0	0.99999998
MetaScope	kingdom	Sum of abundances	0	0.9999461599999999
MetaScope	phylum	Sum of abundances	0	0.99999984
MetaScope	class	Sum of abundances	0	0.99999711
MetaScope	order	Sum of abundances	0	0.9999904099999999
MetaScope	family	Sum of abundances	0	0.9996271400000001
MetaScope	genus	Sum of abundances	0	0.9999902500000001
MetaScope	species	Sum of abundances	0	0.9999926600000001
MetaScope	strain	Sum of abundances	0	0.46280256000000003
MetaScope	cellular root	Taxon counts	0	1.0
MetaScope	domain	Taxon counts	0	3.0
MetaScope	kingdom	Taxon counts	0	6.0
MetaScope	phylum	Taxon counts	0	22.0
MetaScope	class	Taxon counts	0	39.0
MetaScope	order	Taxon counts	0	90.0
MetaScope	family	Taxon counts	0	175.0
MetaScope	genus	Taxon counts	0	537.0
MetaScope	species	Taxon counts	0	1429.0
MetaScope	strain	Taxon counts	0	221.0
MetaScope	cellular root	Bray-Curtis distance	10	0.33123885087462396
MetaScope	domain	Bray-Curtis distance	10	0.33123884642321977
MetaScope	kingdom	Bray-Curtis distance	10	0.4921806844072024
MetaScope	phylum	Bray-Curtis distance	10	0.49221968867028726
MetaScope	class	Bray-Curtis distance	10	0.49402715908175904
MetaScope	order	Bray-Curtis distance	10	0.40063103352059387
MetaScope	family	Bray-Curtis distance	10	0.4481038078814928
MetaScope	genus	Bray-Curtis distance	10	0.5068145131802976
MetaScope	species	Bray-Curtis distance	10	0.7034271222936361
MetaScope	strain	Bray-Curtis distance	10	0.9800290847082253
MetaScope	cellular root	Shannon diversity	10	0.0
MetaScope	cellular root	Shannon equitability	10	0.0
MetaScope	domain	Shannon diversity	10	0.1132518744197517
MetaScope	domain	Shannon equitability	10	0.10308629858587448
MetaScope	kingdom	Shannon diversity	10	0.7195619799283927
MetaScope	kingdom	Shannon equitability	10	0.4015951874602912
MetaScope	phylum	Shannon diversity	10	0.9963488343439719
MetaScope	phylum	Shannon equitability	10	0.32725948148669365
MetaScope	class	Shannon diversity	10	1.2983348696933754
MetaScope	class	Shannon equitability	10	0.36230724379895085
MetaScope	order	Shannon diversity	10	1.7821480419762452
MetaScope	order	Shannon equitability	10	0.40554526386574746
MetaScope	family	Shannon diversity	10	2.0346485446523843
MetaScope	family	Shannon equitability	10	0.39896114407067806
MetaScope	genus	Shannon diversity	10	2.794561774629036
MetaScope	genus	Shannon equitability	10	0.44671889956871963
MetaScope	species	Shannon diversity	10	3.3100947604769004
MetaScope	species	Shannon equitability	10	0.45904563841612084
MetaScope	strain	Shannon diversity	10	0.5420535957527294
MetaScope	strain	Shannon equitability	10	0.10259941194473131
MetaScope	acellular root	True positives	10	0.0
MetaScope	acellular root	False negatives	10	1.0
MetaScope	acellular root	False positives	10	0.0
MetaScope	acellular root	Completeness	10	0.0
MetaScope	acellular root	Purity	10	0.0
MetaScope	acellular root	Jaccard index	10	0.0
MetaScope	cellular root	True positives	10	1.0
MetaScope	cellular root	False negatives	10	0.0
MetaScope	cellular root	False positives	10	0.0
MetaScope	cellular root	Completeness	10	1.0
MetaScope	cellular root	Purity	10	1.0
MetaScope	cellular root	F1 score	10	1.0
MetaScope	cellular root	Jaccard index	10	1.0
MetaScope	other entries	True positives	10	0.0
MetaScope	other entries	False negatives	10	1.0
MetaScope	other entries	False positives	10	0.0
MetaScope	other entries	Completeness	10	0.0
MetaScope	other entries	Purity	10	0.0
MetaScope	other entries	Jaccard index	10	0.0
MetaScope	realm	True positives	10	0.0
MetaScope	realm	False negatives	10	3.0
MetaScope	realm	False positives	10	0.0
MetaScope	realm	Completeness	10	0.0
MetaScope	realm	Purity	10	0.0
MetaScope	realm	Jaccard index	10	0.0
MetaScope	domain	True positives	10	2.0
MetaScope	domain	False negatives	10	0.0
MetaScope	domain	False positives	10	1.0
MetaScope	domain	Completeness	10	1.0
MetaScope	domain	Purity	10	0.6666666666666666
MetaScope	domain	F1 score	10	0.8
MetaScope	domain	Jaccard index	10	0.6666666666666666
MetaScope	kingdom	True positives	10	5.0
MetaScope	kingdom	False negatives	10	6.0
MetaScope	kingdom	False positives	10	1.0
MetaScope	kingdom	Completeness	10	0.45454545454545453
MetaScope	kingdom	Purity	10	0.8333333333333334
MetaScope	kingdom	F1 score	10	0.5882352941176471
MetaScope	kingdom	Jaccard index	10	0.4166666666666667
MetaScope	phylum	True positives	10	11.0
MetaScope	phylum	False negatives	10	9.0
MetaScope	phylum	False positives	10	10.0
MetaScope	phylum	Completeness	10	0.55
MetaScope	phylum	Purity	10	0.5238095238095238
MetaScope	phylum	F1 score	10	0.5365853658536585
MetaScope	phylum	Jaccard index	10	0.36666666666666664
MetaScope	class	True positives	10	19.0
MetaScope	class	False negatives	10	11.0
MetaScope	class	False positives	10	17.0
MetaScope	class	Completeness	10	0.6333333333333333
MetaScope	class	Purity	10	0.5277777777777778
MetaScope	class	F1 score	10	0.5757575757575758
MetaScope	class	Jaccard index	10	0.40425531914893614
MetaScope	order	True positives	10	29.0
MetaScope	order	False negatives	10	14.0
MetaScope	order	False positives	10	52.0
MetaScope	order	Completeness	10	0.6744186046511628
MetaScope	order	Purity	10	0.35802469135802467
MetaScope	order	F1 score	10	0.46774193548387094
MetaScope	order	Jaccard index	10	0.30526315789473685
MetaScope	family	True positives	10	48.0
MetaScope	family	False negatives	10	30.0
MetaScope	family	False positives	10	116.0
MetaScope	family	Completeness	10	0.6153846153846154
MetaScope	family	Purity	10	0.2926829268292683
MetaScope	family	F1 score	10	0.396694214876033
MetaScope	family	Jaccard index	10	0.24742268041237114
MetaScope	genus	True positives	10	92.0
MetaScope	genus	False negatives	10	82.0
MetaScope	genus	False positives	10	429.0
MetaScope	genus	Completeness	10	0.5287356321839081
MetaScope	genus	Purity	10	0.1765834932821497
MetaScope	genus	F1 score	10	0.2647482014388489
MetaScope	genus	Jaccard index	10	0.15257048092868988
MetaScope	species	True positives	10	108.0
MetaScope	species	False negatives	10	156.0
MetaScope	species	False positives	10	1246.0
MetaScope	species	Completeness	10	0.4090909090909091
MetaScope	species	Purity	10	0.07976366322008863
MetaScope	species	F1 score	10	0.1334981458590853
MetaScope	species	Jaccard index	10	0.07152317880794702
MetaScope	strain	True positives	10	4.0
MetaScope	strain	False negatives	10	342.0
MetaScope	strain	False positives	10	193.0
MetaScope	strain	Completeness	10	0.011560693641618497
MetaScope	strain	Purity	10	0.02030456852791878
MetaScope	strain	F1 score	10	0.014732965009208102
MetaScope	strain	Jaccard index	10	0.0074211502782931356
MetaScope	cellular root	L1 norm error	10	0.49764
MetaScope	domain	L1 norm error	10	0.49763999000000003
MetaScope	kingdom	L1 norm error	10	0.9737596000000001
MetaScope	phylum	L1 norm error	10	0.9738654500000001
MetaScope	class	L1 norm error	10	0.9774417699999998
MetaScope	order	L1 norm error	10	0.6691020900000004
MetaScope	family	L1 norm error	10	0.8058622299999993
MetaScope	genus	L1 norm error	10	0.981352239999999
MetaScope	species	L1 norm error	10	1.406850839999999
MetaScope	strain	L1 norm error	10	1.0867666199999995
MetaScope	na	Weighted UniFrac error	10	0.14300106937738094
MetaScope	na	Unweighted UniFrac error	10	4.029855022290004
MetaScope	na	Weighted UniFrac (CAMI)	10	10.525027910000018
MetaScope	na	Unweighted UniFrac (CAMI)	10	14578.000003000003
MetaScope	cellular root	Sum of abundances	10	1.0
MetaScope	domain	Sum of abundances	10	0.9999999900000001
MetaScope	kingdom	Sum of abundances	10	0.9999445999999999
MetaScope	phylum	Sum of abundances	10	0.99999987
MetaScope	class	Sum of abundances	10	0.99999929
MetaScope	order	Sum of abundances	10	0.99997147
MetaScope	family	Sum of abundances	10	0.99947391
MetaScope	genus	Sum of abundances	10	0.9999914
MetaScope	species	Sum of abundances	10	0.9999931599999999
MetaScope	strain	Sum of abundances	10	0.10890962
MetaScope	cellular root	Taxon counts	10	1.0
MetaScope	domain	Taxon counts	10	3.0
MetaScope	kingdom	Taxon counts	10	6.0
MetaScope	phylum	Taxon counts	10	21.0
MetaScope	class	Taxon counts	10	36.0
MetaScope	order	Taxon counts	10	81.0
MetaScope	family	Taxon counts	10	164.0
MetaScope	genus	Taxon counts	10	521.0
MetaScope	species	Taxon counts	10	1354.0
MetaScope	strain	Taxon counts	10	197.0
MetaScope	cellular root	Bray-Curtis distance	11	0.3286732334126773
MetaScope	domain	Bray-Curtis distance	11	0.3286741071798108
MetaScope	kingdom	Bray-Curtis distance	11	0.48883501537053115
MetaScope	phylum	Bray-Curtis distance	11	0.4890612619731372
MetaScope	class	Bray-Curtis distance	11	0.48992057511668907
MetaScope	order	Bray-Curtis distance	11	0.4040816132113277
MetaScope	family	Bray-Curtis distance	11	0.4400596001458602
MetaScope	genus	Bray-Curtis distance	11	0.4785766585489913
MetaScope	species	Bray-Curtis distance	11	0.5890064254254042
MetaScope	strain	Bray-Curtis distance	11	1.0
MetaScope	cellular root	Shannon diversity	11	0.0
MetaScope	cellular root	Shannon equitability	11	0.0
MetaScope	domain	Shannon diversity	11	0.09980575693282784
MetaScope	domain	Shannon equitability	11	0.09084711500344332
MetaScope	kingdom	Shannon diversity	11	0.7980285013630004
MetaScope	kingdom	Shannon equitability	11	0.44538818690145704
MetaScope	phylum	Shannon diversity	11	0.9375291555676809
MetaScope	phylum	Shannon equitability	11	0.30330516960357057
MetaScope	class	Shannon diversity	11	1.2506051614731464
MetaScope	class	Shannon equitability	11	0.33902033856878633
MetaScope	order	Shannon diversity	11	1.5642948924711229
MetaScope	order	Shannon equitability	11	0.3580074520371975
MetaScope	family	Shannon diversity	11	1.7558436415711138
MetaScope	family	Shannon equitability	11	0.3508917830482915
MetaScope	genus	Shannon diversity	11	2.403748224194806
MetaScope	genus	Shannon equitability	11	0.3926093993053562
MetaScope	species	Shannon diversity	11	3.3867690343635384
MetaScope	species	Shannon equitability	11	0.48020742784548137
MetaScope	strain	Shannon diversity	11	0.8585828765142689
MetaScope	strain	Shannon equitability	11	0.16569253967890507
MetaScope	acellular root	True positives	11	0.0
MetaScope	acellular root	False negatives	11	1.0
MetaScope	acellular root	False positives	11	0.0
MetaScope	acellular root	Completeness	11	0.0
MetaScope	acellular root	Purity	11	0.0
MetaScope	acellular root	Jaccard index	11	0.0
MetaScope	cellular root	True positives	11	1.0
MetaScope	cellular root	False negatives	11	0.0
MetaScope	cellular root	False positives	11	0.0
MetaScope	cellular root	Completeness	11	1.0
MetaScope	cellular root	Purity	11	1.0
MetaScope	cellular root	F1 score	11	1.0
MetaScope	cellular root	Jaccard index	11	1.0
MetaScope	other entries	True positives	11	0.0
MetaScope	other entries	False negatives	11	1.0
MetaScope	other entries	False positives	11	0.0
MetaScope	other entries	Completeness	11	0.0
MetaScope	other entries	Purity	11	0.0
MetaScope	other entries	Jaccard index	11	0.0
MetaScope	realm	True positives	11	0.0
MetaScope	realm	False negatives	11	4.0
MetaScope	realm	False positives	11	0.0
MetaScope	realm	Completeness	11	0.0
MetaScope	realm	Purity	11	0.0
MetaScope	realm	Jaccard index	11	0.0
MetaScope	domain	True positives	11	2.0
MetaScope	domain	False negatives	11	0.0
MetaScope	domain	False positives	11	1.0
MetaScope	domain	Completeness	11	1.0
MetaScope	domain	Purity	11	0.6666666666666666
MetaScope	domain	F1 score	11	0.8
MetaScope	domain	Jaccard index	11	0.6666666666666666
MetaScope	kingdom	True positives	11	4.0
MetaScope	kingdom	False negatives	11	7.0
MetaScope	kingdom	False positives	11	2.0
MetaScope	kingdom	Completeness	11	0.36363636363636365
MetaScope	kingdom	Purity	11	0.6666666666666666
MetaScope	kingdom	F1 score	11	0.4705882352941177
MetaScope	kingdom	Jaccard index	11	0.3076923076923077
MetaScope	phylum	True positives	11	10.0
MetaScope	phylum	False negatives	11	10.0
MetaScope	phylum	False positives	11	12.0
MetaScope	phylum	Completeness	11	0.5
MetaScope	phylum	Purity	11	0.45454545454545453
MetaScope	phylum	F1 score	11	0.47619047619047616
MetaScope	phylum	Jaccard index	11	0.3125
MetaScope	class	True positives	11	17.0
MetaScope	class	False negatives	11	12.0
MetaScope	class	False positives	11	23.0
MetaScope	class	Completeness	11	0.5862068965517241
MetaScope	class	Purity	11	0.425
MetaScope	class	F1 score	11	0.4927536231884058
MetaScope	class	Jaccard index	11	0.3269230769230769
MetaScope	order	True positives	11	28.0
MetaScope	order	False negatives	11	15.0
MetaScope	order	False positives	11	51.0
MetaScope	order	Completeness	11	0.6511627906976745
MetaScope	order	Purity	11	0.35443037974683544
MetaScope	order	F1 score	11	0.459016393442623
MetaScope	order	Jaccard index	11	0.2978723404255319
MetaScope	family	True positives	11	42.0
MetaScope	family	False negatives	11	31.0
MetaScope	family	False positives	11	107.0
MetaScope	family	Completeness	11	0.5753424657534246
MetaScope	family	Purity	11	0.28187919463087246
MetaScope	family	F1 score	11	0.3783783783783784
MetaScope	family	Jaccard index	11	0.23333333333333334
MetaScope	genus	True positives	11	72.0
MetaScope	genus	False negatives	11	80.0
MetaScope	genus	False positives	11	384.0
MetaScope	genus	Completeness	11	0.47368421052631576
MetaScope	genus	Purity	11	0.15789473684210525
MetaScope	genus	F1 score	11	0.23684210526315788
MetaScope	genus	Jaccard index	11	0.13432835820895522
MetaScope	species	True positives	11	87.0
MetaScope	species	False negatives	11	148.0
MetaScope	species	False positives	11	1069.0
MetaScope	species	Completeness	11	0.3702127659574468
MetaScope	species	Purity	11	0.07525951557093426
MetaScope	species	F1 score	11	0.1250898634076204
MetaScope	species	Jaccard index	11	0.06671779141104295
MetaScope	strain	True positives	11	0.0
MetaScope	strain	False negatives	11	268.0
MetaScope	strain	False positives	11	178.0
MetaScope	strain	Completeness	11	0.0
MetaScope	strain	Purity	11	0.0
MetaScope	strain	Jaccard index	11	0.0
MetaScope	cellular root	L1 norm error	11	0.494739
MetaScope	domain	L1 norm error	11	0.49473997999999997
MetaScope	kingdom	L1 norm error	11	0.96635876
MetaScope	phylum	L1 norm error	11	0.9668305199999999
MetaScope	class	L1 norm error	11	0.9685285999999996
MetaScope	order	L1 norm error	11	0.6837590000000003
MetaScope	family	L1 norm error	11	0.7833809599999991
MetaScope	genus	L1 norm error	11	0.9252282099999997
MetaScope	species	L1 norm error	11	1.1780063600000004
MetaScope	strain	L1 norm error	11	1.23617783
MetaScope	na	Weighted UniFrac error	11	0.14131198652599214
MetaScope	na	Unweighted UniFrac error	11	4.387073915449702
MetaScope	na	Weighted UniFrac (CAMI)	11	10.339375272761123
MetaScope	na	Unweighted UniFrac (CAMI)	11	12726.999955000048
MetaScope	cellular root	Sum of abundances	11	1.0
MetaScope	domain	Sum of abundances	11	0.99999998
MetaScope	kingdom	Sum of abundances	11	0.9999487600000001
MetaScope	phylum	Sum of abundances	11	0.99999986
MetaScope	class	Sum of abundances	11	0.9999964200000001
MetaScope	order	Sum of abundances	11	0.99998294
MetaScope	family	Sum of abundances	11	0.9888611399999999
MetaScope	genus	Sum of abundances	11	0.99999055
MetaScope	species	Sum of abundances	11	0.99999398
MetaScope	strain	Sum of abundances	11	0.23619083
MetaScope	cellular root	Taxon counts	11	1.0
MetaScope	domain	Taxon counts	11	3.0
MetaScope	kingdom	Taxon counts	11	6.0
MetaScope	phylum	Taxon counts	11	22.0
MetaScope	class	Taxon counts	11	40.0
MetaScope	order	Taxon counts	11	79.0
MetaScope	family	Taxon counts	11	149.0
MetaScope	genus	Taxon counts	11	456.0
MetaScope	species	Taxon counts	11	1156.0
MetaScope	strain	Taxon counts	11	178.0
MetaScope	cellular root	Bray-Curtis distance	12	0.3543739846427534
MetaScope	domain	Bray-Curtis distance	12	0.354373980270658
MetaScope	kingdom	Bray-Curtis distance	12	0.5013598957000976
MetaScope	phylum	Bray-Curtis distance	12	0.5017096950789417
MetaScope	class	Bray-Curtis distance	12	0.5017060690858426
MetaScope	order	Bray-Curtis distance	12	0.4196141783298271
MetaScope	family	Bray-Curtis distance	12	0.4674418533029051
MetaScope	genus	Bray-Curtis distance	12	0.5728525121284008
MetaScope	species	Bray-Curtis distance	12	0.6896222564898423
MetaScope	strain	Bray-Curtis distance	12	0.995967906884159
MetaScope	cellular root	Shannon diversity	12	0.0
MetaScope	cellular root	Shannon equitability	12	0.0
MetaScope	domain	Shannon diversity	12	0.10470398882910406
MetaScope	domain	Shannon equitability	12	0.0953056778165487
MetaScope	kingdom	Shannon diversity	12	0.717135831905278
MetaScope	kingdom	Shannon equitability	12	0.4002411284670046
MetaScope	phylum	Shannon diversity	12	1.0451810579399858
MetaScope	phylum	Shannon equitability	12	0.3288745608898498
MetaScope	class	Shannon diversity	12	1.356901939691804
MetaScope	class	Shannon equitability	12	0.3678358039535694
MetaScope	order	Shannon diversity	12	1.7881432169459126
MetaScope	order	Shannon equitability	12	0.39738196678320203
MetaScope	family	Shannon diversity	12	2.1347799090879467
MetaScope	family	Shannon equitability	12	0.4176027012330283
MetaScope	genus	Shannon diversity	12	3.0342928668906453
MetaScope	genus	Shannon equitability	12	0.4843011954033043
MetaScope	species	Shannon diversity	12	3.3488307538098923
MetaScope	species	Shannon equitability	12	0.4649435344017556
MetaScope	strain	Shannon diversity	12	0.9261906863675368
MetaScope	strain	Shannon equitability	12	0.17616576351075533
MetaScope	acellular root	True positives	12	0.0
MetaScope	acellular root	False negatives	12	1.0
MetaScope	acellular root	False positives	12	0.0
MetaScope	acellular root	Completeness	12	0.0
MetaScope	acellular root	Purity	12	0.0
MetaScope	acellular root	Jaccard index	12	0.0
MetaScope	cellular root	True positives	12	1.0
MetaScope	cellular root	False negatives	12	0.0
MetaScope	cellular root	False positives	12	0.0
MetaScope	cellular root	Completeness	12	1.0
MetaScope	cellular root	Purity	12	1.0
MetaScope	cellular root	F1 score	12	1.0
MetaScope	cellular root	Jaccard index	12	1.0
MetaScope	other entries	True positives	12	0.0
MetaScope	other entries	False negatives	12	1.0
MetaScope	other entries	False positives	12	0.0
MetaScope	other entries	Completeness	12	0.0
MetaScope	other entries	Purity	12	0.0
MetaScope	other entries	Jaccard index	12	0.0
MetaScope	realm	True positives	12	0.0
MetaScope	realm	False negatives	12	3.0
MetaScope	realm	False positives	12	0.0
MetaScope	realm	Completeness	12	0.0
MetaScope	realm	Purity	12	0.0
MetaScope	realm	Jaccard index	12	0.0
MetaScope	domain	True positives	12	2.0
MetaScope	domain	False negatives	12	0.0
MetaScope	domain	False positives	12	1.0
MetaScope	domain	Completeness	12	1.0
MetaScope	domain	Purity	12	0.6666666666666666
MetaScope	domain	F1 score	12	0.8
MetaScope	domain	Jaccard index	12	0.6666666666666666
MetaScope	kingdom	True positives	12	4.0
MetaScope	kingdom	False negatives	12	6.0
MetaScope	kingdom	False positives	12	2.0
MetaScope	kingdom	Completeness	12	0.4
MetaScope	kingdom	Purity	12	0.6666666666666666
MetaScope	kingdom	F1 score	12	0.5
MetaScope	kingdom	Jaccard index	12	0.3333333333333333
MetaScope	phylum	True positives	12	10.0
MetaScope	phylum	False negatives	12	9.0
MetaScope	phylum	False positives	12	14.0
MetaScope	phylum	Completeness	12	0.5263157894736842
MetaScope	phylum	Purity	12	0.4166666666666667
MetaScope	phylum	F1 score	12	0.46511627906976744
MetaScope	phylum	Jaccard index	12	0.30303030303030304
MetaScope	class	True positives	12	16.0
MetaScope	class	False negatives	12	11.0
MetaScope	class	False positives	12	24.0
MetaScope	class	Completeness	12	0.5925925925925926
MetaScope	class	Purity	12	0.4
MetaScope	class	F1 score	12	0.4776119402985075
MetaScope	class	Jaccard index	12	0.3137254901960784
MetaScope	order	True positives	12	25.0
MetaScope	order	False negatives	12	14.0
MetaScope	order	False positives	12	65.0
MetaScope	order	Completeness	12	0.6410256410256411
MetaScope	order	Purity	12	0.2777777777777778
MetaScope	order	F1 score	12	0.3875968992248062
MetaScope	order	Jaccard index	12	0.2403846153846154
MetaScope	family	True positives	12	44.0
MetaScope	family	False negatives	12	30.0
MetaScope	family	False positives	12	122.0
MetaScope	family	Completeness	12	0.5945945945945946
MetaScope	family	Purity	12	0.26506024096385544
MetaScope	family	F1 score	12	0.3666666666666667
MetaScope	family	Jaccard index	12	0.22448979591836735
MetaScope	genus	True positives	12	76.0
MetaScope	genus	False negatives	12	80.0
MetaScope	genus	False positives	12	450.0
MetaScope	genus	Completeness	12	0.48717948717948717
MetaScope	genus	Purity	12	0.1444866920152091
MetaScope	genus	F1 score	12	0.2228739002932551
MetaScope	genus	Jaccard index	12	0.1254125412541254
MetaScope	species	True positives	12	94.0
MetaScope	species	False negatives	12	151.0
MetaScope	species	False positives	12	1249.0
MetaScope	species	Completeness	12	0.3836734693877551
MetaScope	species	Purity	12	0.06999255398361877
MetaScope	species	F1 score	12	0.11838790931989926
MetaScope	species	Jaccard index	12	0.06291834002677377
MetaScope	strain	True positives	12	1.0
MetaScope	strain	False negatives	12	309.0
MetaScope	strain	False positives	12	191.0
MetaScope	strain	Completeness	12	0.0032258064516129032
MetaScope	strain	Purity	12	0.005208333333333333
MetaScope	strain	F1 score	12	0.00398406374501992
MetaScope	strain	Jaccard index	12	0.001996007984031936
MetaScope	cellular root	L1 norm error	12	0.523303
MetaScope	domain	L1 norm error	12	0.52330299
MetaScope	kingdom	L1 norm error	12	0.9585741
MetaScope	phylum	L1 norm error	12	0.9592698199999998
MetaScope	class	L1 norm error	12	0.9592578600000004
MetaScope	order	L1 norm error	12	0.68881726
MetaScope	family	L1 norm error	12	0.8165716400000003
MetaScope	genus	L1 norm error	12	1.07558975
MetaScope	species	L1 norm error	12	1.3792419200000003
MetaScope	strain	L1 norm error	12	1.2399909299999994
MetaScope	na	Weighted UniFrac error	12	0.14601280520337304
MetaScope	na	Unweighted UniFrac error	12	4.5195640672646284
MetaScope	na	Weighted UniFrac (CAMI)	12	11.168435430000018
MetaScope	na	Unweighted UniFrac (CAMI)	12	14668.000082000004
MetaScope	cellular root	Sum of abundances	12	1.0
MetaScope	domain	Sum of abundances	12	0.9999999900000001
MetaScope	kingdom	Sum of abundances	12	0.9999471
MetaScope	phylum	Sum of abundances	12	0.99999976
MetaScope	class	Sum of abundances	12	0.99998874
MetaScope	order	Sum of abundances	12	0.99997906
MetaScope	family	Sum of abundances	12	0.99946258
MetaScope	genus	Sum of abundances	12	0.99999027
MetaScope	species	Sum of abundances	12	0.99999324
MetaScope	strain	Sum of abundances	12	0.24499893
MetaScope	cellular root	Taxon counts	12	1.0
MetaScope	domain	Taxon counts	12	3.0
MetaScope	kingdom	Taxon counts	12	6.0
MetaScope	phylum	Taxon counts	12	24.0
MetaScope	class	Taxon counts	12	40.0
MetaScope	order	Taxon counts	12	90.0
MetaScope	family	Taxon counts	12	166.0
MetaScope	genus	Taxon counts	12	526.0
MetaScope	species	Taxon counts	12	1343.0
MetaScope	strain	Taxon counts	12	192.0
MetaScope	cellular root	Bray-Curtis distance	13	0.3356386456357005
MetaScope	domain	Bray-Curtis distance	13	0.3356386367622335
MetaScope	kingdom	Bray-Curtis distance	13	0.4940900199273508
MetaScope	phylum	Bray-Curtis distance	13	0.49455673478527395
MetaScope	class	Bray-Curtis distance	13	0.5039410258720209
MetaScope	order	Bray-Curtis distance	13	0.41909201191572804
MetaScope	family	Bray-Curtis distance	13	0.45041633064534553
MetaScope	genus	Bray-Curtis distance	13	0.4977047678426385
MetaScope	species	Bray-Curtis distance	13	0.6044906561065331
MetaScope	strain	Bray-Curtis distance	13	0.9999953345770004
MetaScope	cellular root	Shannon diversity	13	0.0
MetaScope	cellular root	Shannon equitability	13	0.0
MetaScope	domain	Shannon diversity	13	0.09988307315212414
MetaScope	domain	Shannon equitability	13	0.09091749125910129
MetaScope	kingdom	Shannon diversity	13	0.8166981360393031
MetaScope	kingdom	Shannon equitability	13	0.45580790840813123
MetaScope	phylum	Shannon diversity	13	0.9770865312522803
MetaScope	phylum	Shannon equitability	13	0.3209326097077176
MetaScope	class	Shannon diversity	13	1.2452975810011202
MetaScope	class	Shannon equitability	13	0.34234174156160463
MetaScope	order	Shannon diversity	13	1.5465426196291492
MetaScope	order	Shannon equitability	13	0.3571087153398593
MetaScope	family	Shannon diversity	13	1.784504692882025
MetaScope	family	Shannon equitability	13	0.3566194726673543
MetaScope	genus	Shannon diversity	13	2.4715443561310035
MetaScope	genus	Shannon equitability	13	0.40169864006254613
MetaScope	species	Shannon diversity	13	3.4673378369156236
MetaScope	species	Shannon equitability	13	0.48886877680327834
MetaScope	strain	Shannon diversity	13	1.032765470379736
MetaScope	strain	Shannon equitability	13	0.19492329336485256
MetaScope	acellular root	True positives	13	0.0
MetaScope	acellular root	False negatives	13	1.0
MetaScope	acellular root	False positives	13	0.0
MetaScope	acellular root	Completeness	13	0.0
MetaScope	acellular root	Purity	13	0.0
MetaScope	acellular root	Jaccard index	13	0.0
MetaScope	cellular root	True positives	13	1.0
MetaScope	cellular root	False negatives	13	0.0
MetaScope	cellular root	False positives	13	0.0
MetaScope	cellular root	Completeness	13	1.0
MetaScope	cellular root	Purity	13	1.0
MetaScope	cellular root	F1 score	13	1.0
MetaScope	cellular root	Jaccard index	13	1.0
MetaScope	other entries	True positives	13	0.0
MetaScope	other entries	False negatives	13	1.0
MetaScope	other entries	False positives	13	0.0
MetaScope	other entries	Completeness	13	0.0
MetaScope	other entries	Purity	13	0.0
MetaScope	other entries	Jaccard index	13	0.0
MetaScope	realm	True positives	13	0.0
MetaScope	realm	False negatives	13	4.0
MetaScope	realm	False positives	13	0.0
MetaScope	realm	Completeness	13	0.0
MetaScope	realm	Purity	13	0.0
MetaScope	realm	Jaccard index	13	0.0
MetaScope	domain	True positives	13	2.0
MetaScope	domain	False negatives	13	0.0
MetaScope	domain	False positives	13	1.0
MetaScope	domain	Completeness	13	1.0
MetaScope	domain	Purity	13	0.6666666666666666
MetaScope	domain	F1 score	13	0.8
MetaScope	domain	Jaccard index	13	0.6666666666666666
MetaScope	kingdom	True positives	13	4.0
MetaScope	kingdom	False negatives	13	7.0
MetaScope	kingdom	False positives	13	2.0
MetaScope	kingdom	Completeness	13	0.36363636363636365
MetaScope	kingdom	Purity	13	0.6666666666666666
MetaScope	kingdom	F1 score	13	0.4705882352941177
MetaScope	kingdom	Jaccard index	13	0.3076923076923077
MetaScope	phylum	True positives	13	10.0
MetaScope	phylum	False negatives	13	10.0
MetaScope	phylum	False positives	13	11.0
MetaScope	phylum	Completeness	13	0.5
MetaScope	phylum	Purity	13	0.47619047619047616
MetaScope	phylum	F1 score	13	0.4878048780487805
MetaScope	phylum	Jaccard index	13	0.3225806451612903
MetaScope	class	True positives	13	17.0
MetaScope	class	False negatives	13	11.0
MetaScope	class	False positives	13	21.0
MetaScope	class	Completeness	13	0.6071428571428571
MetaScope	class	Purity	13	0.4473684210526316
MetaScope	class	F1 score	13	0.5151515151515151
MetaScope	class	Jaccard index	13	0.3469387755102041
MetaScope	order	True positives	13	29.0
MetaScope	order	False negatives	13	14.0
MetaScope	order	False positives	13	47.0
MetaScope	order	Completeness	13	0.6744186046511628
MetaScope	order	Purity	13	0.3815789473684211
MetaScope	order	F1 score	13	0.4873949579831933
MetaScope	order	Jaccard index	13	0.32222222222222224
MetaScope	family	True positives	13	46.0
MetaScope	family	False negatives	13	29.0
MetaScope	family	False positives	13	103.0
MetaScope	family	Completeness	13	0.6133333333333333
MetaScope	family	Purity	13	0.3087248322147651
MetaScope	family	F1 score	13	0.4107142857142857
MetaScope	family	Jaccard index	13	0.25842696629213485
MetaScope	genus	True positives	13	78.0
MetaScope	genus	False negatives	13	78.0
MetaScope	genus	False positives	13	392.0
MetaScope	genus	Completeness	13	0.5
MetaScope	genus	Purity	13	0.16595744680851063
MetaScope	genus	F1 score	13	0.24920127795527156
MetaScope	genus	Jaccard index	13	0.14233576642335766
MetaScope	species	True positives	13	100.0
MetaScope	species	False negatives	13	148.0
MetaScope	species	False positives	13	1103.0
MetaScope	species	Completeness	13	0.4032258064516129
MetaScope	species	Purity	13	0.0831255195344971
MetaScope	species	F1 score	13	0.13783597518952445
MetaScope	species	Jaccard index	13	0.07401924500370097
MetaScope	strain	True positives	13	1.0
MetaScope	strain	False negatives	13	298.0
MetaScope	strain	False positives	13	199.0
MetaScope	strain	Completeness	13	0.0033444816053511705
MetaScope	strain	Purity	13	0.005
MetaScope	strain	F1 score	13	0.004008016032064128
MetaScope	strain	Jaccard index	13	0.002008032128514056
MetaScope	cellular root	L1 norm error	13	0.502589
MetaScope	domain	L1 norm error	13	0.5025889800000001
MetaScope	kingdom	L1 norm error	13	0.9715577300000001
MetaScope	phylum	L1 norm error	13	0.9725007499999998
MetaScope	class	L1 norm error	13	0.9909536900000003
MetaScope	order	L1 norm error	13	0.7030242600000005
MetaScope	family	L1 norm error	13	0.7887147400000003
MetaScope	genus	L1 norm error	13	0.962988420000001
MetaScope	species	L1 norm error	13	1.2089721299999983
MetaScope	strain	L1 norm error	13	1.2860510200000008
MetaScope	na	Weighted UniFrac error	13	0.14346468138095245
MetaScope	na	Unweighted UniFrac error	13	3.9699735235451583
MetaScope	na	Weighted UniFrac (CAMI)	13	10.622477030000027
MetaScope	na	Unweighted UniFrac (CAMI)	13	12967.00004400001
MetaScope	cellular root	Sum of abundances	13	1.0
MetaScope	domain	Sum of abundances	13	0.99999998
MetaScope	kingdom	Sum of abundances	13	0.99994873
MetaScope	phylum	Sum of abundances	13	0.99999987
MetaScope	class	Sum of abundances	13	0.99999805
MetaScope	order	Sum of abundances	13	0.99998582
MetaScope	family	Sum of abundances	13	0.99004536
MetaScope	genus	Sum of abundances	13	0.9999907400000001
MetaScope	species	Sum of abundances	13	0.99999381
MetaScope	strain	Sum of abundances	13	0.28607102
MetaScope	cellular root	Taxon counts	13	1.0
MetaScope	domain	Taxon counts	13	3.0
MetaScope	kingdom	Taxon counts	13	6.0
MetaScope	phylum	Taxon counts	13	21.0
MetaScope	class	Taxon counts	13	38.0
MetaScope	order	Taxon counts	13	76.0
MetaScope	family	Taxon counts	13	149.0
MetaScope	genus	Taxon counts	13	470.0
MetaScope	species	Taxon counts	13	1203.0
MetaScope	strain	Taxon counts	13	200.0
MetaScope	cellular root	Bray-Curtis distance	14	0.43203285656186097
MetaScope	domain	Bray-Curtis distance	14	0.43203284842838474
MetaScope	kingdom	Bray-Curtis distance	14	0.5501131599668059
MetaScope	phylum	Bray-Curtis distance	14	0.5521860341460267
MetaScope	class	Bray-Curtis distance	14	0.5535348248996804
MetaScope	order	Bray-Curtis distance	14	0.4874494811299001
MetaScope	family	Bray-Curtis distance	14	0.5189302038622823
MetaScope	genus	Bray-Curtis distance	14	0.5829965343907975
MetaScope	species	Bray-Curtis distance	14	0.6880896024174128
MetaScope	strain	Bray-Curtis distance	14	0.9974992127455914
MetaScope	cellular root	Shannon diversity	14	0.0
MetaScope	cellular root	Shannon equitability	14	0.0
MetaScope	domain	Shannon diversity	14	0.047454681516597104
MetaScope	domain	Shannon equitability	14	0.04319511260349022
MetaScope	kingdom	Shannon diversity	14	0.33905401782506145
MetaScope	kingdom	Shannon equitability	14	0.1892296503230628
MetaScope	phylum	Shannon diversity	14	0.5259476084482457
MetaScope	phylum	Shannon equitability	14	0.1701521788795948
MetaScope	class	Shannon diversity	14	0.7276859572349558
MetaScope	class	Shannon equitability	14	0.19595309964746607
MetaScope	order	Shannon diversity	14	1.2622938221909292
MetaScope	order	Shannon equitability	14	0.28413074745554934
MetaScope	family	Shannon diversity	14	1.4912470037643317
MetaScope	family	Shannon equitability	14	0.2931142538642891
MetaScope	genus	Shannon diversity	14	2.4334167203220467
MetaScope	genus	Shannon equitability	14	0.39181668279111564
MetaScope	species	Shannon diversity	14	2.628403428743483
MetaScope	species	Shannon equitability	14	0.3656444788428151
MetaScope	strain	Shannon diversity	14	0.6958923748104356
MetaScope	strain	Shannon equitability	14	0.12726494530946642
MetaScope	acellular root	True positives	14	0.0
MetaScope	acellular root	False negatives	14	1.0
MetaScope	acellular root	False positives	14	0.0
MetaScope	acellular root	Completeness	14	0.0
MetaScope	acellular root	Purity	14	0.0
MetaScope	acellular root	Jaccard index	14	0.0
MetaScope	cellular root	True positives	14	1.0
MetaScope	cellular root	False negatives	14	0.0
MetaScope	cellular root	False positives	14	0.0
MetaScope	cellular root	Completeness	14	1.0
MetaScope	cellular root	Purity	14	1.0
MetaScope	cellular root	F1 score	14	1.0
MetaScope	cellular root	Jaccard index	14	1.0
MetaScope	other entries	True positives	14	0.0
MetaScope	other entries	False negatives	14	1.0
MetaScope	other entries	False positives	14	0.0
MetaScope	other entries	Completeness	14	0.0
MetaScope	other entries	Purity	14	0.0
MetaScope	other entries	Jaccard index	14	0.0
MetaScope	realm	True positives	14	0.0
MetaScope	realm	False negatives	14	3.0
MetaScope	realm	False positives	14	0.0
MetaScope	realm	Completeness	14	0.0
MetaScope	realm	Purity	14	0.0
MetaScope	realm	Jaccard index	14	0.0
MetaScope	domain	True positives	14	2.0
MetaScope	domain	False negatives	14	0.0
MetaScope	domain	False positives	14	1.0
MetaScope	domain	Completeness	14	1.0
MetaScope	domain	Purity	14	0.6666666666666666
MetaScope	domain	F1 score	14	0.8
MetaScope	domain	Jaccard index	14	0.6666666666666666
MetaScope	kingdom	True positives	14	3.0
MetaScope	kingdom	False negatives	14	6.0
MetaScope	kingdom	False positives	14	3.0
MetaScope	kingdom	Completeness	14	0.3333333333333333
MetaScope	kingdom	Purity	14	0.5
MetaScope	kingdom	F1 score	14	0.4
MetaScope	kingdom	Jaccard index	14	0.25
MetaScope	phylum	True positives	14	10.0
MetaScope	phylum	False negatives	14	9.0
MetaScope	phylum	False positives	14	12.0
MetaScope	phylum	Completeness	14	0.5263157894736842
MetaScope	phylum	Purity	14	0.45454545454545453
MetaScope	phylum	F1 score	14	0.4878048780487805
MetaScope	phylum	Jaccard index	14	0.3225806451612903
MetaScope	class	True positives	14	17.0
MetaScope	class	False negatives	14	11.0
MetaScope	class	False positives	14	24.0
MetaScope	class	Completeness	14	0.6071428571428571
MetaScope	class	Purity	14	0.4146341463414634
MetaScope	class	F1 score	14	0.49275362318840576
MetaScope	class	Jaccard index	14	0.3269230769230769
MetaScope	order	True positives	14	29.0
MetaScope	order	False negatives	14	14.0
MetaScope	order	False positives	14	56.0
MetaScope	order	Completeness	14	0.6744186046511628
MetaScope	order	Purity	14	0.3411764705882353
MetaScope	order	F1 score	14	0.453125
MetaScope	order	Jaccard index	14	0.29292929292929293
MetaScope	family	True positives	14	49.0
MetaScope	family	False negatives	14	30.0
MetaScope	family	False positives	14	113.0
MetaScope	family	Completeness	14	0.620253164556962
MetaScope	family	Purity	14	0.30246913580246915
MetaScope	family	F1 score	14	0.4066390041493776
MetaScope	family	Jaccard index	14	0.2552083333333333
MetaScope	genus	True positives	14	86.0
MetaScope	genus	False negatives	14	82.0
MetaScope	genus	False positives	14	412.0
MetaScope	genus	Completeness	14	0.5119047619047619
MetaScope	genus	Purity	14	0.17269076305220885
MetaScope	genus	F1 score	14	0.25825825825825827
MetaScope	genus	Jaccard index	14	0.1482758620689655
MetaScope	species	True positives	14	112.0
MetaScope	species	False negatives	14	155.0
MetaScope	species	False positives	14	1212.0
MetaScope	species	Completeness	14	0.41947565543071164
MetaScope	species	Purity	14	0.08459214501510574
MetaScope	species	F1 score	14	0.14079195474544312
MetaScope	species	Jaccard index	14	0.07572684246112238
MetaScope	strain	True positives	14	3.0
MetaScope	strain	False negatives	14	332.0
MetaScope	strain	False positives	14	234.0
MetaScope	strain	Completeness	14	0.008955223880597015
MetaScope	strain	Purity	14	0.012658227848101266
MetaScope	strain	F1 score	14	0.01048951048951049
MetaScope	strain	Jaccard index	14	0.005272407732864675
MetaScope	cellular root	L1 norm error	14	0.603384
MetaScope	domain	L1 norm error	14	0.6033839799999999
MetaScope	kingdom	L1 norm error	14	0.9699320400000001
MetaScope	phylum	L1 norm error	14	0.9736038299999996
MetaScope	class	L1 norm error	14	0.97598254
MetaScope	order	L1 norm error	14	0.7470967199999999
MetaScope	family	L1 norm error	14	0.84696118
MetaScope	genus	L1 norm error	14	1.0204851500000007
MetaScope	species	L1 norm error	14	1.376176479999999
MetaScope	strain	L1 norm error	14	1.1822627700000015
MetaScope	na	Weighted UniFrac error	14	0.1548928564156746
MetaScope	na	Unweighted UniFrac error	14	3.842706800212146
MetaScope	na	Weighted UniFrac (CAMI)	14	12.300939469999953
MetaScope	na	Unweighted UniFrac (CAMI)	14	14084.999971999998
MetaScope	cellular root	Sum of abundances	14	1.0
MetaScope	domain	Sum of abundances	14	0.9999999799999999
MetaScope	kingdom	Sum of abundances	14	0.9999670399999999
MetaScope	phylum	Sum of abundances	14	0.99999983
MetaScope	class	Sum of abundances	14	0.99999882
MetaScope	order	Sum of abundances	14	0.99999192
MetaScope	family	Sum of abundances	14	0.9994822800000001
MetaScope	genus	Sum of abundances	14	0.99999375
MetaScope	species	Sum of abundances	14	0.9999930400000001
MetaScope	strain	Sum of abundances	14	0.18522576999999998
MetaScope	cellular root	Taxon counts	14	1.0
MetaScope	domain	Taxon counts	14	3.0
MetaScope	kingdom	Taxon counts	14	6.0
MetaScope	phylum	Taxon counts	14	22.0
MetaScope	class	Taxon counts	14	41.0
MetaScope	order	Taxon counts	14	85.0
MetaScope	family	Taxon counts	14	162.0
MetaScope	genus	Taxon counts	14	498.0
MetaScope	species	Taxon counts	14	1324.0
MetaScope	strain	Taxon counts	14	237.0
MetaScope	cellular root	Bray-Curtis distance	15	0.32151109507677644
MetaScope	domain	Bray-Curtis distance	15	0.32151109059362337
MetaScope	kingdom	Bray-Curtis distance	15	0.4763427739266889
MetaScope	phylum	Bray-Curtis distance	15	0.47689320989019607
MetaScope	class	Bray-Curtis distance	15	0.48095621900060526
MetaScope	order	Bray-Curtis distance	15	0.3851038777767657
MetaScope	family	Bray-Curtis distance	15	0.4385411189373811
MetaScope	genus	Bray-Curtis distance	15	0.509910005322254
MetaScope	species	Bray-Curtis distance	15	0.6674541400236241
MetaScope	strain	Bray-Curtis distance	15	0.9913914760472422
MetaScope	cellular root	Shannon diversity	15	0.0
MetaScope	cellular root	Shannon equitability	15	0.0
MetaScope	domain	Shannon diversity	15	0.11339892877346434
MetaScope	domain	Shannon equitability	15	0.10322015322707
MetaScope	kingdom	Shannon diversity	15	0.7254144675152222
MetaScope	kingdom	Shannon equitability	15	0.4048615229742601
MetaScope	phylum	Shannon diversity	15	0.8987184746009544
MetaScope	phylum	Shannon equitability	15	0.29074931456361147
MetaScope	class	Shannon diversity	15	1.4195986375519556
MetaScope	class	Shannon equitability	15	0.38227308156478296
MetaScope	order	Shannon diversity	15	1.8111471155241439
MetaScope	order	Shannon equitability	15	0.402494160467728
MetaScope	family	Shannon diversity	15	2.040458371458852
MetaScope	family	Shannon equitability	15	0.39463585486716046
MetaScope	genus	Shannon diversity	15	2.8140412893890083
MetaScope	genus	Shannon equitability	15	0.445332408509433
MetaScope	species	Shannon diversity	15	3.496515718050293
MetaScope	species	Shannon equitability	15	0.48266232811147136
MetaScope	strain	Shannon diversity	15	0.6673327075303426
MetaScope	strain	Shannon equitability	15	0.12536754771186023
MetaScope	acellular root	True positives	15	0.0
MetaScope	acellular root	False negatives	15	1.0
MetaScope	acellular root	False positives	15	0.0
MetaScope	acellular root	Completeness	15	0.0
MetaScope	acellular root	Purity	15	0.0
MetaScope	acellular root	Jaccard index	15	0.0
MetaScope	cellular root	True positives	15	1.0
MetaScope	cellular root	False negatives	15	0.0
MetaScope	cellular root	False positives	15	0.0
MetaScope	cellular root	Completeness	15	1.0
MetaScope	cellular root	Purity	15	1.0
MetaScope	cellular root	F1 score	15	1.0
MetaScope	cellular root	Jaccard index	15	1.0
MetaScope	other entries	True positives	15	0.0
MetaScope	other entries	False negatives	15	1.0
MetaScope	other entries	False positives	15	0.0
MetaScope	other entries	Completeness	15	0.0
MetaScope	other entries	Purity	15	0.0
MetaScope	other entries	Jaccard index	15	0.0
MetaScope	realm	True positives	15	0.0
MetaScope	realm	False negatives	15	3.0
MetaScope	realm	False positives	15	0.0
MetaScope	realm	Completeness	15	0.0
MetaScope	realm	Purity	15	0.0
MetaScope	realm	Jaccard index	15	0.0
MetaScope	domain	True positives	15	2.0
MetaScope	domain	False negatives	15	0.0
MetaScope	domain	False positives	15	1.0
MetaScope	domain	Completeness	15	1.0
MetaScope	domain	Purity	15	0.6666666666666666
MetaScope	domain	F1 score	15	0.8
MetaScope	domain	Jaccard index	15	0.6666666666666666
MetaScope	kingdom	True positives	15	4.0
MetaScope	kingdom	False negatives	15	6.0
MetaScope	kingdom	False positives	15	2.0
MetaScope	kingdom	Completeness	15	0.4
MetaScope	kingdom	Purity	15	0.6666666666666666
MetaScope	kingdom	F1 score	15	0.5
MetaScope	kingdom	Jaccard index	15	0.3333333333333333
MetaScope	phylum	True positives	15	10.0
MetaScope	phylum	False negatives	15	9.0
MetaScope	phylum	False positives	15	12.0
MetaScope	phylum	Completeness	15	0.5263157894736842
MetaScope	phylum	Purity	15	0.45454545454545453
MetaScope	phylum	F1 score	15	0.4878048780487805
MetaScope	phylum	Jaccard index	15	0.3225806451612903
MetaScope	class	True positives	15	17.0
MetaScope	class	False negatives	15	11.0
MetaScope	class	False positives	15	24.0
MetaScope	class	Completeness	15	0.6071428571428571
MetaScope	class	Purity	15	0.4146341463414634
MetaScope	class	F1 score	15	0.49275362318840576
MetaScope	class	Jaccard index	15	0.3269230769230769
MetaScope	order	True positives	15	27.0
MetaScope	order	False negatives	15	14.0
MetaScope	order	False positives	15	63.0
MetaScope	order	Completeness	15	0.6585365853658537
MetaScope	order	Purity	15	0.3
MetaScope	order	F1 score	15	0.4122137404580153
MetaScope	order	Jaccard index	15	0.25961538461538464
MetaScope	family	True positives	15	45.0
MetaScope	family	False negatives	15	30.0
MetaScope	family	False positives	15	131.0
MetaScope	family	Completeness	15	0.6
MetaScope	family	Purity	15	0.2556818181818182
MetaScope	family	F1 score	15	0.35856573705179284
MetaScope	family	Jaccard index	15	0.21844660194174756
MetaScope	genus	True positives	15	80.0
MetaScope	genus	False negatives	15	81.0
MetaScope	genus	False positives	15	475.0
MetaScope	genus	Completeness	15	0.4968944099378882
MetaScope	genus	Purity	15	0.14414414414414414
MetaScope	genus	F1 score	15	0.22346368715083798
MetaScope	genus	Jaccard index	15	0.12578616352201258
MetaScope	species	True positives	15	94.0
MetaScope	species	False negatives	15	150.0
MetaScope	species	False positives	15	1306.0
MetaScope	species	Completeness	15	0.38524590163934425
MetaScope	species	Purity	15	0.06714285714285714
MetaScope	species	F1 score	15	0.11435523114355231
MetaScope	species	Jaccard index	15	0.06064516129032258
MetaScope	strain	True positives	15	3.0
MetaScope	strain	False negatives	15	309.0
MetaScope	strain	False positives	15	202.0
MetaScope	strain	Completeness	15	0.009615384615384616
MetaScope	strain	Purity	15	0.014634146341463415
MetaScope	strain	F1 score	15	0.011605415860735012
MetaScope	strain	Jaccard index	15	0.005836575875486381
MetaScope	cellular root	L1 norm error	15	0.486581
MetaScope	domain	L1 norm error	15	0.48658098999999994
MetaScope	kingdom	L1 norm error	15	0.93403921
MetaScope	phylum	L1 norm error	15	0.9351479500000004
MetaScope	class	L1 norm error	15	0.9431153800000002
MetaScope	order	L1 norm error	15	0.6374020800000002
MetaScope	family	L1 norm error	15	0.7826967299999993
MetaScope	genus	L1 norm error	15	0.988739409999999
MetaScope	species	L1 norm error	15	1.3349082400000014
MetaScope	strain	L1 norm error	15	1.1419655600000003
MetaScope	na	Weighted UniFrac error	15	0.138905754021627
MetaScope	na	Unweighted UniFrac error	15	4.738689883641639
MetaScope	na	Weighted UniFrac (CAMI)	15	10.382636694768347
MetaScope	na	Unweighted UniFrac (CAMI)	15	15325.000051000054
MetaScope	cellular root	Sum of abundances	15	1.0
MetaScope	domain	Sum of abundances	15	0.9999999900000001
MetaScope	kingdom	Sum of abundances	15	0.99994121
MetaScope	phylum	Sum of abundances	15	0.99999989
MetaScope	class	Sum of abundances	15	0.99999932
MetaScope	order	Sum of abundances	15	0.9999942399999999
MetaScope	family	Sum of abundances	15	0.9997048700000001
MetaScope	genus	Sum of abundances	15	0.99999189
MetaScope	species	Sum of abundances	15	0.9999929399999999
MetaScope	strain	Sum of abundances	15	0.15187056
MetaScope	cellular root	Taxon counts	15	1.0
MetaScope	domain	Taxon counts	15	3.0
MetaScope	kingdom	Taxon counts	15	6.0
MetaScope	phylum	Taxon counts	15	22.0
MetaScope	class	Taxon counts	15	41.0
MetaScope	order	Taxon counts	15	90.0
MetaScope	family	Taxon counts	15	176.0
MetaScope	genus	Taxon counts	15	555.0
MetaScope	species	Taxon counts	15	1400.0
MetaScope	strain	Taxon counts	15	205.0
MetaScope	cellular root	Bray-Curtis distance	16	0.4398329793743926
MetaScope	domain	Bray-Curtis distance	16	0.4398329753416577
MetaScope	kingdom	Bray-Curtis distance	16	0.5588491865025327
MetaScope	phylum	Bray-Curtis distance	16	0.5593368913594592
MetaScope	class	Bray-Curtis distance	16	0.5629793525811376
MetaScope	order	Bray-Curtis distance	16	0.5029472577290939
MetaScope	family	Bray-Curtis distance	16	0.541529708016061
MetaScope	genus	Bray-Curtis distance	16	0.5902502609053779
MetaScope	species	Bray-Curtis distance	16	0.6889738688463984
MetaScope	strain	Bray-Curtis distance	16	0.998494676756331
MetaScope	cellular root	Shannon diversity	16	0.0
MetaScope	cellular root	Shannon equitability	16	0.0
MetaScope	domain	Shannon diversity	16	0.048972398223223704
MetaScope	domain	Shannon equitability	16	0.04457659788476864
MetaScope	kingdom	Shannon diversity	16	0.35009235516697035
MetaScope	kingdom	Shannon equitability	16	0.1953902636930396
MetaScope	phylum	Shannon diversity	16	0.47620911519054465
MetaScope	phylum	Shannon equitability	16	0.15406100769439743
MetaScope	class	Shannon diversity	16	0.719012467254434
MetaScope	class	Shannon equitability	16	0.19626050731643388
MetaScope	order	Shannon diversity	16	1.2732894879715686
MetaScope	order	Shannon equitability	16	0.285853213341159
MetaScope	family	Shannon diversity	16	1.4772171840245096
MetaScope	family	Shannon equitability	16	0.28796225152111243
MetaScope	genus	Shannon diversity	16	2.4000160009321574
MetaScope	genus	Shannon equitability	16	0.38364959995420134
MetaScope	species	Shannon diversity	16	2.596444227698797
MetaScope	species	Shannon equitability	16	0.36003935401416415
MetaScope	strain	Shannon diversity	16	0.6743580177091181
MetaScope	strain	Shannon equitability	16	0.12471547903628344
MetaScope	acellular root	True positives	16	0.0
MetaScope	acellular root	False negatives	16	1.0
MetaScope	acellular root	False positives	16	0.0
MetaScope	acellular root	Completeness	16	0.0
MetaScope	acellular root	Purity	16	0.0
MetaScope	acellular root	Jaccard index	16	0.0
MetaScope	cellular root	True positives	16	1.0
MetaScope	cellular root	False negatives	16	0.0
MetaScope	cellular root	False positives	16	0.0
MetaScope	cellular root	Completeness	16	1.0
MetaScope	cellular root	Purity	16	1.0
MetaScope	cellular root	F1 score	16	1.0
MetaScope	cellular root	Jaccard index	16	1.0
MetaScope	other entries	True positives	16	0.0
MetaScope	other entries	False negatives	16	1.0
MetaScope	other entries	False positives	16	0.0
MetaScope	other entries	Completeness	16	0.0
MetaScope	other entries	Purity	16	0.0
MetaScope	other entries	Jaccard index	16	0.0
MetaScope	realm	True positives	16	0.0
MetaScope	realm	False negatives	16	3.0
MetaScope	realm	False positives	16	0.0
MetaScope	realm	Completeness	16	0.0
MetaScope	realm	Purity	16	0.0
MetaScope	realm	Jaccard index	16	0.0
MetaScope	domain	True positives	16	2.0
MetaScope	domain	False negatives	16	0.0
MetaScope	domain	False positives	16	1.0
MetaScope	domain	Completeness	16	1.0
MetaScope	domain	Purity	16	0.6666666666666666
MetaScope	domain	F1 score	16	0.8
MetaScope	domain	Jaccard index	16	0.6666666666666666
MetaScope	kingdom	True positives	16	4.0
MetaScope	kingdom	False negatives	16	6.0
MetaScope	kingdom	False positives	16	2.0
MetaScope	kingdom	Completeness	16	0.4
MetaScope	kingdom	Purity	16	0.6666666666666666
MetaScope	kingdom	F1 score	16	0.5
MetaScope	kingdom	Jaccard index	16	0.3333333333333333
MetaScope	phylum	True positives	16	10.0
MetaScope	phylum	False negatives	16	9.0
MetaScope	phylum	False positives	16	12.0
MetaScope	phylum	Completeness	16	0.5263157894736842
MetaScope	phylum	Purity	16	0.45454545454545453
MetaScope	phylum	F1 score	16	0.4878048780487805
MetaScope	phylum	Jaccard index	16	0.3225806451612903
MetaScope	class	True positives	16	16.0
MetaScope	class	False negatives	16	11.0
MetaScope	class	False positives	16	23.0
MetaScope	class	Completeness	16	0.5925925925925926
MetaScope	class	Purity	16	0.41025641025641024
MetaScope	class	F1 score	16	0.4848484848484849
MetaScope	class	Jaccard index	16	0.32
MetaScope	order	True positives	16	29.0
MetaScope	order	False negatives	16	14.0
MetaScope	order	False positives	16	57.0
MetaScope	order	Completeness	16	0.6744186046511628
MetaScope	order	Purity	16	0.3372093023255814
MetaScope	order	F1 score	16	0.44961240310077516
MetaScope	order	Jaccard index	16	0.29
MetaScope	family	True positives	16	48.0
MetaScope	family	False negatives	16	30.0
MetaScope	family	False positives	16	121.0
MetaScope	family	Completeness	16	0.6153846153846154
MetaScope	family	Purity	16	0.28402366863905326
MetaScope	family	F1 score	16	0.38866396761133604
MetaScope	family	Jaccard index	16	0.24120603015075376
MetaScope	genus	True positives	16	90.0
MetaScope	genus	False negatives	16	83.0
MetaScope	genus	False positives	16	431.0
MetaScope	genus	Completeness	16	0.5202312138728323
MetaScope	genus	Purity	16	0.1727447216890595
MetaScope	genus	F1 score	16	0.25936599423631124
MetaScope	genus	Jaccard index	16	0.1490066225165563
MetaScope	species	True positives	16	119.0
MetaScope	species	False negatives	16	153.0
MetaScope	species	False positives	16	1236.0
MetaScope	species	Completeness	16	0.4375
MetaScope	species	Purity	16	0.08782287822878229
MetaScope	species	F1 score	16	0.14628149969268592
MetaScope	species	Jaccard index	16	0.07891246684350132
MetaScope	strain	True positives	16	1.0
MetaScope	strain	False negatives	16	342.0
MetaScope	strain	False positives	16	222.0
MetaScope	strain	Completeness	16	0.0029154518950437317
MetaScope	strain	Purity	16	0.004484304932735426
MetaScope	strain	F1 score	16	0.0035335689045936395
MetaScope	strain	Jaccard index	16	0.0017699115044247787
MetaScope	cellular root	L1 norm error	16	0.61095
MetaScope	domain	L1 norm error	16	0.6109499899999999
MetaScope	kingdom	L1 norm error	16	0.9856756399999999
MetaScope	phylum	L1 norm error	16	0.9865521499999999
MetaScope	class	L1 norm error	16	0.9929776000000001
MetaScope	order	L1 norm error	16	0.7785068999999996
MetaScope	family	L1 norm error	16	0.9060345999999996
MetaScope	genus	L1 norm error	16	1.03166108
MetaScope	species	L1 norm error	16	1.377952030000001
MetaScope	strain	L1 norm error	16	1.1820168999999996
MetaScope	na	Weighted UniFrac error	16	0.15739941847817468
MetaScope	na	Unweighted UniFrac error	16	4.086091189840973
MetaScope	na	Weighted UniFrac (CAMI)	16	12.422751425646307
MetaScope	na	Unweighted UniFrac (CAMI)	16	14495.000062999938
MetaScope	cellular root	Sum of abundances	16	1.0
MetaScope	domain	Sum of abundances	16	0.9999999899999998
MetaScope	kingdom	Sum of abundances	16	0.9999686400000001
MetaScope	phylum	Sum of abundances	16	0.9999998099999999
MetaScope	class	Sum of abundances	16	0.9999984399999999
MetaScope	order	Sum of abundances	16	0.9999947399999999
MetaScope	family	Sum of abundances	16	0.9979922999999999
MetaScope	genus	Sum of abundances	16	0.99999372
MetaScope	species	Sum of abundances	16	0.9999932300000001
MetaScope	strain	Sum of abundances	16	0.1837789
MetaScope	cellular root	Taxon counts	16	1.0
MetaScope	domain	Taxon counts	16	3.0
MetaScope	kingdom	Taxon counts	16	6.0
MetaScope	phylum	Taxon counts	16	22.0
MetaScope	class	Taxon counts	16	39.0
MetaScope	order	Taxon counts	16	86.0
MetaScope	family	Taxon counts	16	169.0
MetaScope	genus	Taxon counts	16	521.0
MetaScope	species	Taxon counts	16	1355.0
MetaScope	strain	Taxon counts	16	223.0
MetaScope	cellular root	Bray-Curtis distance	17	0.33885566667313777
MetaScope	domain	Bray-Curtis distance	17	0.3388565585151047
MetaScope	kingdom	Bray-Curtis distance	17	0.49695108308677494
MetaScope	phylum	Bray-Curtis distance	17	0.499201594825923
MetaScope	class	Bray-Curtis distance	17	0.4992004025899411
MetaScope	order	Bray-Curtis distance	17	0.4012498121894549
MetaScope	family	Bray-Curtis distance	17	0.4484833315317921
MetaScope	genus	Bray-Curtis distance	17	0.49981237551430874
MetaScope	species	Bray-Curtis distance	17	0.5835838324323652
MetaScope	strain	Bray-Curtis distance	17	0.9998101921799547
MetaScope	cellular root	Shannon diversity	17	0.0
MetaScope	cellular root	Shannon equitability	17	0.0
MetaScope	domain	Shannon diversity	17	0.08579990929184546
MetaScope	domain	Shannon equitability	17	0.0780984430784622
MetaScope	kingdom	Shannon diversity	17	0.4871764090103819
MetaScope	kingdom	Shannon equitability	17	0.27189833087377097
MetaScope	phylum	Shannon diversity	17	0.6467309359558522
MetaScope	phylum	Shannon equitability	17	0.2062612434972088
MetaScope	class	Shannon diversity	17	1.057993135643796
MetaScope	class	Shannon equitability	17	0.28680610163715
MetaScope	order	Shannon diversity	17	1.743963435864874
MetaScope	order	Shannon equitability	17	0.3838543434757106
MetaScope	family	Shannon diversity	17	1.963783033718294
MetaScope	family	Shannon equitability	17	0.37775976823826635
MetaScope	genus	Shannon diversity	17	2.835813474333886
MetaScope	genus	Shannon equitability	17	0.44713957477428895
MetaScope	species	Shannon diversity	17	3.107320895793548
MetaScope	species	Shannon equitability	17	0.4261873055861792
MetaScope	strain	Shannon diversity	17	0.9648510815547203
MetaScope	strain	Shannon equitability	17	0.1759137290322007
MetaScope	acellular root	True positives	17	0.0
MetaScope	acellular root	False negatives	17	1.0
MetaScope	acellular root	False positives	17	0.0
MetaScope	acellular root	Completeness	17	0.0
MetaScope	acellular root	Purity	17	0.0
MetaScope	acellular root	Jaccard index	17	0.0
MetaScope	cellular root	True positives	17	1.0
MetaScope	cellular root	False negatives	17	0.0
MetaScope	cellular root	False positives	17	0.0
MetaScope	cellular root	Completeness	17	1.0
MetaScope	cellular root	Purity	17	1.0
MetaScope	cellular root	F1 score	17	1.0
MetaScope	cellular root	Jaccard index	17	1.0
MetaScope	other entries	True positives	17	0.0
MetaScope	other entries	False negatives	17	1.0
MetaScope	other entries	False positives	17	0.0
MetaScope	other entries	Completeness	17	0.0
MetaScope	other entries	Purity	17	0.0
MetaScope	other entries	Jaccard index	17	0.0
MetaScope	realm	True positives	17	0.0
MetaScope	realm	False negatives	17	3.0
MetaScope	realm	False positives	17	0.0
MetaScope	realm	Completeness	17	0.0
MetaScope	realm	Purity	17	0.0
MetaScope	realm	Jaccard index	17	0.0
MetaScope	domain	True positives	17	2.0
MetaScope	domain	False negatives	17	0.0
MetaScope	domain	False positives	17	1.0
MetaScope	domain	Completeness	17	1.0
MetaScope	domain	Purity	17	0.6666666666666666
MetaScope	domain	F1 score	17	0.8
MetaScope	domain	Jaccard index	17	0.6666666666666666
MetaScope	kingdom	True positives	17	3.0
MetaScope	kingdom	False negatives	17	6.0
MetaScope	kingdom	False positives	17	3.0
MetaScope	kingdom	Completeness	17	0.3333333333333333
MetaScope	kingdom	Purity	17	0.5
MetaScope	kingdom	F1 score	17	0.4
MetaScope	kingdom	Jaccard index	17	0.25
MetaScope	phylum	True positives	17	9.0
MetaScope	phylum	False negatives	17	9.0
MetaScope	phylum	False positives	17	14.0
MetaScope	phylum	Completeness	17	0.5
MetaScope	phylum	Purity	17	0.391304347826087
MetaScope	phylum	F1 score	17	0.4390243902439025
MetaScope	phylum	Jaccard index	17	0.28125
MetaScope	class	True positives	17	17.0
MetaScope	class	False negatives	17	11.0
MetaScope	class	False positives	17	23.0
MetaScope	class	Completeness	17	0.6071428571428571
MetaScope	class	Purity	17	0.425
MetaScope	class	F1 score	17	0.5
MetaScope	class	Jaccard index	17	0.3333333333333333
MetaScope	order	True positives	17	28.0
MetaScope	order	False negatives	17	14.0
MetaScope	order	False positives	17	66.0
MetaScope	order	Completeness	17	0.6666666666666666
MetaScope	order	Purity	17	0.2978723404255319
MetaScope	order	F1 score	17	0.4117647058823529
MetaScope	order	Jaccard index	17	0.25925925925925924
MetaScope	family	True positives	17	44.0
MetaScope	family	False negatives	17	31.0
MetaScope	family	False positives	17	137.0
MetaScope	family	Completeness	17	0.5866666666666667
MetaScope	family	Purity	17	0.2430939226519337
MetaScope	family	F1 score	17	0.34374999999999994
MetaScope	family	Jaccard index	17	0.20754716981132076
MetaScope	genus	True positives	17	79.0
MetaScope	genus	False negatives	17	84.0
MetaScope	genus	False positives	17	489.0
MetaScope	genus	Completeness	17	0.48466257668711654
MetaScope	genus	Purity	17	0.13908450704225353
MetaScope	genus	F1 score	17	0.21614227086183313
MetaScope	genus	Jaccard index	17	0.12116564417177914
MetaScope	species	True positives	17	99.0
MetaScope	species	False negatives	17	151.0
MetaScope	species	False positives	17	1368.0
MetaScope	species	Completeness	17	0.396
MetaScope	species	Purity	17	0.06748466257668712
MetaScope	species	F1 score	17	0.11531741409435062
MetaScope	species	Jaccard index	17	0.06118665018541409
MetaScope	strain	True positives	17	2.0
MetaScope	strain	False negatives	17	320.0
MetaScope	strain	False positives	17	239.0
MetaScope	strain	Completeness	17	0.006211180124223602
MetaScope	strain	Purity	17	0.008298755186721992
MetaScope	strain	F1 score	17	0.007104795737122557
MetaScope	strain	Jaccard index	17	0.0035650623885918
MetaScope	cellular root	L1 norm error	17	0.5061869999999999
MetaScope	domain	L1 norm error	17	0.5061879899999999
MetaScope	kingdom	L1 norm error	17	0.97563251
MetaScope	phylum	L1 norm error	17	0.98007694
MetaScope	class	L1 norm error	17	0.9800741600000004
MetaScope	order	L1 norm error	17	0.6588844199999998
MetaScope	family	L1 norm error	17	0.7994845099999996
MetaScope	genus	L1 norm error	17	0.9703246200000004
MetaScope	species	L1 norm error	17	1.1671679799999994
MetaScope	strain	L1 norm error	17	1.2958017599999994
MetaScope	na	Weighted UniFrac error	17	0.143551631306746
MetaScope	na	Unweighted UniFrac error	17	4.768959488889545
MetaScope	na	Weighted UniFrac (CAMI)	17	10.59624526
MetaScope	na	Unweighted UniFrac (CAMI)	17	15883.000121999998
MetaScope	cellular root	Sum of abundances	17	1.0
MetaScope	domain	Sum of abundances	17	0.9999999899999998
MetaScope	kingdom	Sum of abundances	17	0.99994951
MetaScope	phylum	Sum of abundances	17	0.9999998800000001
MetaScope	class	Sum of abundances	17	0.999998
MetaScope	order	Sum of abundances	17	0.99998632
MetaScope	family	Sum of abundances	17	0.99965041
MetaScope	genus	Sum of abundances	17	0.99999174
MetaScope	species	Sum of abundances	17	0.99999254
MetaScope	strain	Sum of abundances	17	0.29603176000000003
MetaScope	cellular root	Taxon counts	17	1.0
MetaScope	domain	Taxon counts	17	3.0
MetaScope	kingdom	Taxon counts	17	6.0
MetaScope	phylum	Taxon counts	17	23.0
MetaScope	class	Taxon counts	17	40.0
MetaScope	order	Taxon counts	17	94.0
MetaScope	family	Taxon counts	17	181.0
MetaScope	genus	Taxon counts	17	568.0
MetaScope	species	Taxon counts	17	1467.0
MetaScope	strain	Taxon counts	17	241.0
MetaScope	cellular root	Bray-Curtis distance	18	0.33584382916961947
MetaScope	domain	Bray-Curtis distance	18	0.33584382029753
MetaScope	kingdom	Bray-Curtis distance	18	0.48520347375386363
MetaScope	phylum	Bray-Curtis distance	18	0.4852212718393373
MetaScope	class	Bray-Curtis distance	18	0.48522068429877474
MetaScope	order	Bray-Curtis distance	18	0.39952830249186183
MetaScope	family	Bray-Curtis distance	18	0.42912515257238026
MetaScope	genus	Bray-Curtis distance	18	0.4830302429150973
MetaScope	species	Bray-Curtis distance	18	0.6101633331106823
MetaScope	strain	Bray-Curtis distance	18	0.9997676297000523
MetaScope	cellular root	Shannon diversity	18	0.0
MetaScope	cellular root	Shannon equitability	18	0.0
MetaScope	domain	Shannon diversity	18	0.10385212090814744
MetaScope	domain	Shannon equitability	18	0.09453027421898892
MetaScope	kingdom	Shannon diversity	18	0.6510989907326716
MetaScope	kingdom	Shannon equitability	18	0.3633852656646961
MetaScope	phylum	Shannon diversity	18	0.8638686649528348
MetaScope	phylum	Shannon equitability	18	0.2883664446849862
MetaScope	class	Shannon diversity	18	1.110208649552093
MetaScope	class	Shannon equitability	18	0.3122644057209415
MetaScope	order	Shannon diversity	18	1.6947535499710937
MetaScope	order	Shannon equitability	18	0.38047180366841366
MetaScope	family	Shannon diversity	18	1.9219491060514473
MetaScope	family	Shannon equitability	18	0.37465634564293115
MetaScope	genus	Shannon diversity	18	2.8992597214657727
MetaScope	genus	Shannon equitability	18	0.46081663527094385
MetaScope	species	Shannon diversity	18	3.2643624867205507
MetaScope	species	Shannon equitability	18	0.44990991958216864
MetaScope	strain	Shannon diversity	18	1.064759725099835
MetaScope	strain	Shannon equitability	18	0.19627088206688442
MetaScope	acellular root	True positives	18	0.0
MetaScope	acellular root	False negatives	18	1.0
MetaScope	acellular root	False positives	18	0.0
MetaScope	acellular root	Completeness	18	0.0
MetaScope	acellular root	Purity	18	0.0
MetaScope	acellular root	Jaccard index	18	0.0
MetaScope	cellular root	True positives	18	1.0
MetaScope	cellular root	False negatives	18	0.0
MetaScope	cellular root	False positives	18	0.0
MetaScope	cellular root	Completeness	18	1.0
MetaScope	cellular root	Purity	18	1.0
MetaScope	cellular root	F1 score	18	1.0
MetaScope	cellular root	Jaccard index	18	1.0
MetaScope	other entries	True positives	18	0.0
MetaScope	other entries	False negatives	18	1.0
MetaScope	other entries	False positives	18	0.0
MetaScope	other entries	Completeness	18	0.0
MetaScope	other entries	Purity	18	0.0
MetaScope	other entries	Jaccard index	18	0.0
MetaScope	realm	True positives	18	0.0
MetaScope	realm	False negatives	18	3.0
MetaScope	realm	False positives	18	0.0
MetaScope	realm	Completeness	18	0.0
MetaScope	realm	Purity	18	0.0
MetaScope	realm	Jaccard index	18	0.0
MetaScope	domain	True positives	18	2.0
MetaScope	domain	False negatives	18	0.0
MetaScope	domain	False positives	18	1.0
MetaScope	domain	Completeness	18	1.0
MetaScope	domain	Purity	18	0.6666666666666666
MetaScope	domain	F1 score	18	0.8
MetaScope	domain	Jaccard index	18	0.6666666666666666
MetaScope	kingdom	True positives	18	4.0
MetaScope	kingdom	False negatives	18	6.0
MetaScope	kingdom	False positives	18	2.0
MetaScope	kingdom	Completeness	18	0.4
MetaScope	kingdom	Purity	18	0.6666666666666666
MetaScope	kingdom	F1 score	18	0.5
MetaScope	kingdom	Jaccard index	18	0.3333333333333333
MetaScope	phylum	True positives	18	11.0
MetaScope	phylum	False negatives	18	9.0
MetaScope	phylum	False positives	18	9.0
MetaScope	phylum	Completeness	18	0.55
MetaScope	phylum	Purity	18	0.55
MetaScope	phylum	F1 score	18	0.55
MetaScope	phylum	Jaccard index	18	0.3793103448275862
MetaScope	class	True positives	18	19.0
MetaScope	class	False negatives	18	11.0
MetaScope	class	False positives	18	16.0
MetaScope	class	Completeness	18	0.6333333333333333
MetaScope	class	Purity	18	0.5428571428571428
MetaScope	class	F1 score	18	0.5846153846153846
MetaScope	class	Jaccard index	18	0.41304347826086957
MetaScope	order	True positives	18	29.0
MetaScope	order	False negatives	18	14.0
MetaScope	order	False positives	18	57.0
MetaScope	order	Completeness	18	0.6744186046511628
MetaScope	order	Purity	18	0.3372093023255814
MetaScope	order	F1 score	18	0.44961240310077516
MetaScope	order	Jaccard index	18	0.29
MetaScope	family	True positives	18	48.0
MetaScope	family	False negatives	18	31.0
MetaScope	family	False positives	18	121.0
MetaScope	family	Completeness	18	0.6075949367088608
MetaScope	family	Purity	18	0.28402366863905326
MetaScope	family	F1 score	18	0.3870967741935484
MetaScope	family	Jaccard index	18	0.24
MetaScope	genus	True positives	18	84.0
MetaScope	genus	False negatives	18	83.0
MetaScope	genus	False positives	18	456.0
MetaScope	genus	Completeness	18	0.5029940119760479
MetaScope	genus	Purity	18	0.15555555555555556
MetaScope	genus	F1 score	18	0.23762376237623764
MetaScope	genus	Jaccard index	18	0.1348314606741573
MetaScope	species	True positives	18	106.0
MetaScope	species	False negatives	18	149.0
MetaScope	species	False positives	18	1310.0
MetaScope	species	Completeness	18	0.41568627450980394
MetaScope	species	Purity	18	0.0748587570621469
MetaScope	species	F1 score	18	0.12687013764213048
MetaScope	species	Jaccard index	18	0.06773162939297124
MetaScope	strain	True positives	18	2.0
MetaScope	strain	False negatives	18	336.0
MetaScope	strain	False positives	18	225.0
MetaScope	strain	Completeness	18	0.005917159763313609
MetaScope	strain	Purity	18	0.00881057268722467
MetaScope	strain	F1 score	18	0.007079646017699115
MetaScope	strain	Jaccard index	18	0.003552397868561279
MetaScope	cellular root	L1 norm error	18	0.502819
MetaScope	domain	L1 norm error	18	0.5028189799999999
MetaScope	kingdom	L1 norm error	18	0.9371823
MetaScope	phylum	L1 norm error	18	0.9372417099999996
MetaScope	class	L1 norm error	18	0.9372394300000002
MetaScope	order	L1 norm error	18	0.66030172
MetaScope	family	L1 norm error	18	0.7458454
MetaScope	genus	L1 norm error	18	0.9178491599999989
MetaScope	species	L1 norm error	18	1.220321729999999
MetaScope	strain	L1 norm error	18	1.3423724999999989
MetaScope	na	Weighted UniFrac error	18	0.14047783656785717
MetaScope	na	Unweighted UniFrac error	18	4.188978469191773
MetaScope	na	Weighted UniFrac (CAMI)	18	10.623951180000015
MetaScope	na	Unweighted UniFrac (CAMI)	18	15215.999977999996
MetaScope	cellular root	Sum of abundances	18	1.0
MetaScope	domain	Sum of abundances	18	0.9999999799999999
MetaScope	kingdom	Sum of abundances	18	0.9999482999999999
MetaScope	phylum	Sum of abundances	18	0.99999989
MetaScope	class	Sum of abundances	18	0.99999853
MetaScope	order	Sum of abundances	18	0.99999424
MetaScope	family	Sum of abundances	18	0.99963732
MetaScope	genus	Sum of abundances	18	0.99999284
MetaScope	species	Sum of abundances	18	0.99999291
MetaScope	strain	Sum of abundances	18	0.3426925
MetaScope	cellular root	Taxon counts	18	1.0
MetaScope	domain	Taxon counts	18	3.0
MetaScope	kingdom	Taxon counts	18	6.0
MetaScope	phylum	Taxon counts	18	20.0
MetaScope	class	Taxon counts	18	35.0
MetaScope	order	Taxon counts	18	86.0
MetaScope	family	Taxon counts	18	169.0
MetaScope	genus	Taxon counts	18	540.0
MetaScope	species	Taxon counts	18	1416.0
MetaScope	strain	Taxon counts	18	227.0
MetaScope	cellular root	Bray-Curtis distance	19	0.4654204691794266
MetaScope	domain	Bray-Curtis distance	19	0.4654204652625075
MetaScope	kingdom	Bray-Curtis distance	19	0.5728152831720794
MetaScope	phylum	Bray-Curtis distance	19	0.572827316418409
MetaScope	class	Bray-Curtis distance	19	0.5728248718456171
MetaScope	order	Bray-Curtis distance	19	0.5232511312145639
MetaScope	family	Bray-Curtis distance	19	0.560114154178912
MetaScope	genus	Bray-Curtis distance	19	0.580769194403483
MetaScope	species	Bray-Curtis distance	19	0.7727719100491007
MetaScope	strain	Bray-Curtis distance	19	0.9997095720513003
MetaScope	cellular root	Shannon diversity	19	9.99999988922529e-09
MetaScope	cellular root	Shannon equitability	19	0.0
MetaScope	domain	Shannon diversity	19	0.09538827893785466
MetaScope	domain	Shannon equitability	19	0.08682615324965787
MetaScope	kingdom	Shannon diversity	19	0.7453545748245145
MetaScope	kingdom	Shannon equitability	19	0.4159903087581483
MetaScope	phylum	Shannon diversity	19	1.092508368569049
MetaScope	phylum	Shannon equitability	19	0.3534433399263328
MetaScope	class	Shannon diversity	19	1.596156930100296
MetaScope	class	Shannon equitability	19	0.43568447436568974
MetaScope	order	Shannon diversity	19	2.1462716365194288
MetaScope	order	Shannon equitability	19	0.47351892435267917
MetaScope	family	Shannon diversity	19	2.3354125330994053
MetaScope	family	Shannon equitability	19	0.4487720084793469
MetaScope	genus	Shannon diversity	19	3.1173546132330903
MetaScope	genus	Shannon equitability	19	0.4863135048004988
MetaScope	species	Shannon diversity	19	3.7254870941572658
MetaScope	species	Shannon equitability	19	0.5032360328136496
MetaScope	strain	Shannon diversity	19	1.0707945888318535
MetaScope	strain	Shannon equitability	19	0.1950822986621158
MetaScope	acellular root	True positives	19	0.0
MetaScope	acellular root	False negatives	19	1.0
MetaScope	acellular root	False positives	19	0.0
MetaScope	acellular root	Completeness	19	0.0
MetaScope	acellular root	Purity	19	0.0
MetaScope	acellular root	Jaccard index	19	0.0
MetaScope	cellular root	True positives	19	1.0
MetaScope	cellular root	False negatives	19	0.0
MetaScope	cellular root	False positives	19	0.0
MetaScope	cellular root	Completeness	19	1.0
MetaScope	cellular root	Purity	19	1.0
MetaScope	cellular root	F1 score	19	1.0
MetaScope	cellular root	Jaccard index	19	1.0
MetaScope	other entries	True positives	19	0.0
MetaScope	other entries	False negatives	19	1.0
MetaScope	other entries	False positives	19	0.0
MetaScope	other entries	Completeness	19	0.0
MetaScope	other entries	Purity	19	0.0
MetaScope	other entries	Jaccard index	19	0.0
MetaScope	realm	True positives	19	0.0
MetaScope	realm	False negatives	19	3.0
MetaScope	realm	False positives	19	0.0
MetaScope	realm	Completeness	19	0.0
MetaScope	realm	Purity	19	0.0
MetaScope	realm	Jaccard index	19	0.0
MetaScope	domain	True positives	19	2.0
MetaScope	domain	False negatives	19	0.0
MetaScope	domain	False positives	19	1.0
MetaScope	domain	Completeness	19	1.0
MetaScope	domain	Purity	19	0.6666666666666666
MetaScope	domain	F1 score	19	0.8
MetaScope	domain	Jaccard index	19	0.6666666666666666
MetaScope	kingdom	True positives	19	4.0
MetaScope	kingdom	False negatives	19	6.0
MetaScope	kingdom	False positives	19	2.0
MetaScope	kingdom	Completeness	19	0.4
MetaScope	kingdom	Purity	19	0.6666666666666666
MetaScope	kingdom	F1 score	19	0.5
MetaScope	kingdom	Jaccard index	19	0.3333333333333333
MetaScope	phylum	True positives	19	10.0
MetaScope	phylum	False negatives	19	9.0
MetaScope	phylum	False positives	19	12.0
MetaScope	phylum	Completeness	19	0.5263157894736842
MetaScope	phylum	Purity	19	0.45454545454545453
MetaScope	phylum	F1 score	19	0.4878048780487805
MetaScope	phylum	Jaccard index	19	0.3225806451612903
MetaScope	class	True positives	19	19.0
MetaScope	class	False negatives	19	11.0
MetaScope	class	False positives	19	20.0
MetaScope	class	Completeness	19	0.6333333333333333
MetaScope	class	Purity	19	0.48717948717948717
MetaScope	class	F1 score	19	0.5507246376811593
MetaScope	class	Jaccard index	19	0.38
MetaScope	order	True positives	19	31.0
MetaScope	order	False negatives	19	14.0
MetaScope	order	False positives	19	62.0
MetaScope	order	Completeness	19	0.6888888888888889
MetaScope	order	Purity	19	0.3333333333333333
MetaScope	order	F1 score	19	0.44927536231884063
MetaScope	order	Jaccard index	19	0.2897196261682243
MetaScope	family	True positives	19	53.0
MetaScope	family	False negatives	19	30.0
MetaScope	family	False positives	19	129.0
MetaScope	family	Completeness	19	0.6385542168674698
MetaScope	family	Purity	19	0.29120879120879123
MetaScope	family	F1 score	19	0.39999999999999997
MetaScope	family	Jaccard index	19	0.25
MetaScope	genus	True positives	19	92.0
MetaScope	genus	False negatives	19	84.0
MetaScope	genus	False positives	19	516.0
MetaScope	genus	Completeness	19	0.5227272727272727
MetaScope	genus	Purity	19	0.1513157894736842
MetaScope	genus	F1 score	19	0.23469387755102042
MetaScope	genus	Jaccard index	19	0.1329479768786127
MetaScope	species	True positives	19	129.0
MetaScope	species	False negatives	19	155.0
MetaScope	species	False positives	19	1512.0
MetaScope	species	Completeness	19	0.45422535211267606
MetaScope	species	Purity	19	0.07861060329067641
MetaScope	species	F1 score	19	0.13402597402597402
MetaScope	species	Jaccard index	19	0.07182628062360802
MetaScope	strain	True positives	19	3.0
MetaScope	strain	False negatives	19	419.0
MetaScope	strain	False positives	19	239.0
MetaScope	strain	Completeness	19	0.0071090047393364926
MetaScope	strain	Purity	19	0.012396694214876033
MetaScope	strain	F1 score	19	0.009036144578313253
MetaScope	strain	Jaccard index	19	0.0045385779122541605
MetaScope	cellular root	L1 norm error	19	0.63520399
MetaScope	domain	L1 norm error	19	0.6352039799999999
MetaScope	kingdom	L1 norm error	19	0.97829677
MetaScope	phylum	L1 norm error	19	0.9783448800000001
MetaScope	class	L1 norm error	19	0.9783404699999998
MetaScope	order	L1 norm error	19	0.80073692
MetaScope	family	L1 norm error	19	0.905105449999999
MetaScope	genus	L1 norm error	19	0.9846258299999987
MetaScope	species	L1 norm error	19	1.5455421200000037
MetaScope	strain	L1 norm error	19	1.3149184100000004
MetaScope	na	Weighted UniFrac error	19	0.1607490310605159
MetaScope	na	Unweighted UniFrac error	19	4.07586633589284
MetaScope	na	Weighted UniFrac (CAMI)	19	13.06050222296484
MetaScope	na	Unweighted UniFrac (CAMI)	19	17406.000120000008
MetaScope	cellular root	Sum of abundances	19	0.9999999900000001
MetaScope	domain	Sum of abundances	19	0.9999999799999999
MetaScope	kingdom	Sum of abundances	19	0.99995177
MetaScope	phylum	Sum of abundances	19	0.9999998800000001
MetaScope	class	Sum of abundances	19	0.99999847
MetaScope	order	Sum of abundances	19	0.9999849199999999
MetaScope	family	Sum of abundances	19	0.99841133
MetaScope	genus	Sum of abundances	19	0.9999553299999999
MetaScope	species	Sum of abundances	19	0.9999918
MetaScope	strain	Sum of abundances	19	0.31527941
MetaScope	cellular root	Taxon counts	19	1.0
MetaScope	domain	Taxon counts	19	3.0
MetaScope	kingdom	Taxon counts	19	6.0
MetaScope	phylum	Taxon counts	19	22.0
MetaScope	class	Taxon counts	19	39.0
MetaScope	order	Taxon counts	19	93.0
MetaScope	family	Taxon counts	19	182.0
MetaScope	genus	Taxon counts	19	608.0
MetaScope	species	Taxon counts	19	1641.0
MetaScope	strain	Taxon counts	19	242.0
MetaScope	cellular root	Bray-Curtis distance	1	0.33687426764356526
MetaScope	domain	Bray-Curtis distance	1	0.3368733695951771
MetaScope	kingdom	Bray-Curtis distance	1	0.49327543438855553
MetaScope	phylum	Bray-Curtis distance	1	0.4939053574396926
MetaScope	class	Bray-Curtis distance	1	0.49841027762608237
MetaScope	order	Bray-Curtis distance	1	0.4162304416156669
MetaScope	family	Bray-Curtis distance	1	0.4678267247629196
MetaScope	genus	Bray-Curtis distance	1	0.5439541443357513
MetaScope	species	Bray-Curtis distance	1	0.6198119049617038
MetaScope	strain	Bray-Curtis distance	1	0.888805752413134
MetaScope	cellular root	Shannon diversity	1	0.0
MetaScope	cellular root	Shannon equitability	1	0.0
MetaScope	domain	Shannon diversity	1	0.10233140032173091
MetaScope	domain	Shannon equitability	1	0.09314605468849363
MetaScope	kingdom	Shannon diversity	1	0.7174552101768626
MetaScope	kingdom	Shannon equitability	1	0.4004193768742656
MetaScope	phylum	Shannon diversity	1	0.8957127170213995
MetaScope	phylum	Shannon equitability	1	0.28184315459607345
MetaScope	class	Shannon diversity	1	1.2787314242398509
MetaScope	class	Shannon equitability	1	0.33791420302470804
MetaScope	order	Shannon diversity	1	1.8300527188491218
MetaScope	order	Shannon equitability	1	0.4028029891414524
MetaScope	family	Shannon diversity	1	2.2428079551785935
MetaScope	family	Shannon equitability	1	0.43521852277353407
MetaScope	genus	Shannon diversity	1	2.9954248378814223
MetaScope	genus	Shannon equitability	1	0.4751287434883553
MetaScope	species	Shannon diversity	1	3.4475275385120647
MetaScope	species	Shannon equitability	1	0.474785934170211
MetaScope	strain	Shannon diversity	1	1.0111401936505813
MetaScope	strain	Shannon equitability	1	0.18653881836134775
MetaScope	acellular root	True positives	1	0.0
MetaScope	acellular root	False negatives	1	1.0
MetaScope	acellular root	False positives	1	0.0
MetaScope	acellular root	Completeness	1	0.0
MetaScope	acellular root	Purity	1	0.0
MetaScope	acellular root	Jaccard index	1	0.0
MetaScope	cellular root	True positives	1	1.0
MetaScope	cellular root	False negatives	1	0.0
MetaScope	cellular root	False positives	1	0.0
MetaScope	cellular root	Completeness	1	1.0
MetaScope	cellular root	Purity	1	1.0
MetaScope	cellular root	F1 score	1	1.0
MetaScope	cellular root	Jaccard index	1	1.0
MetaScope	other entries	True positives	1	0.0
MetaScope	other entries	False negatives	1	1.0
MetaScope	other entries	False positives	1	0.0
MetaScope	other entries	Completeness	1	0.0
MetaScope	other entries	Purity	1	0.0
MetaScope	other entries	Jaccard index	1	0.0
MetaScope	realm	True positives	1	0.0
MetaScope	realm	False negatives	1	3.0
MetaScope	realm	False positives	1	0.0
MetaScope	realm	Completeness	1	0.0
MetaScope	realm	Purity	1	0.0
MetaScope	realm	Jaccard index	1	0.0
MetaScope	domain	True positives	1	2.0
MetaScope	domain	False negatives	1	0.0
MetaScope	domain	False positives	1	1.0
MetaScope	domain	Completeness	1	1.0
MetaScope	domain	Purity	1	0.6666666666666666
MetaScope	domain	F1 score	1	0.8
MetaScope	domain	Jaccard index	1	0.6666666666666666
MetaScope	kingdom	True positives	1	4.0
MetaScope	kingdom	False negatives	1	6.0
MetaScope	kingdom	False positives	1	2.0
MetaScope	kingdom	Completeness	1	0.4
MetaScope	kingdom	Purity	1	0.6666666666666666
MetaScope	kingdom	F1 score	1	0.5
MetaScope	kingdom	Jaccard index	1	0.3333333333333333
MetaScope	phylum	True positives	1	10.0
MetaScope	phylum	False negatives	1	9.0
MetaScope	phylum	False positives	1	14.0
MetaScope	phylum	Completeness	1	0.5263157894736842
MetaScope	phylum	Purity	1	0.4166666666666667
MetaScope	phylum	F1 score	1	0.46511627906976744
MetaScope	phylum	Jaccard index	1	0.30303030303030304
MetaScope	class	True positives	1	16.0
MetaScope	class	False negatives	1	10.0
MetaScope	class	False positives	1	28.0
MetaScope	class	Completeness	1	0.6153846153846154
MetaScope	class	Purity	1	0.36363636363636365
MetaScope	class	F1 score	1	0.4571428571428572
MetaScope	class	Jaccard index	1	0.2962962962962963
MetaScope	order	True positives	1	29.0
MetaScope	order	False negatives	1	13.0
MetaScope	order	False positives	1	65.0
MetaScope	order	Completeness	1	0.6904761904761905
MetaScope	order	Purity	1	0.30851063829787234
MetaScope	order	F1 score	1	0.4264705882352941
MetaScope	order	Jaccard index	1	0.27102803738317754
MetaScope	family	True positives	1	46.0
MetaScope	family	False negatives	1	29.0
MetaScope	family	False positives	1	127.0
MetaScope	family	Completeness	1	0.6133333333333333
MetaScope	family	Purity	1	0.2658959537572254
MetaScope	family	F1 score	1	0.3709677419354838
MetaScope	family	Jaccard index	1	0.22772277227722773
MetaScope	genus	True positives	1	87.0
MetaScope	genus	False negatives	1	76.0
MetaScope	genus	False positives	1	460.0
MetaScope	genus	Completeness	1	0.5337423312883436
MetaScope	genus	Purity	1	0.1590493601462523
MetaScope	genus	F1 score	1	0.2450704225352113
MetaScope	genus	Jaccard index	1	0.13964686998394862
MetaScope	species	True positives	1	103.0
MetaScope	species	False negatives	1	157.0
MetaScope	species	False positives	1	1321.0
MetaScope	species	Completeness	1	0.39615384615384613
MetaScope	species	Purity	1	0.0723314606741573
MetaScope	species	F1 score	1	0.12232779097387173
MetaScope	species	Jaccard index	1	0.06514864010120178
MetaScope	strain	True positives	1	2.0
MetaScope	strain	False negatives	1	329.0
MetaScope	strain	False positives	1	224.0
MetaScope	strain	Completeness	1	0.006042296072507553
MetaScope	strain	Purity	1	0.008849557522123894
MetaScope	strain	F1 score	1	0.00718132854578097
MetaScope	strain	Jaccard index	1	0.0036036036036036037
MetaScope	cellular root	L1 norm error	1	0.503973
MetaScope	domain	L1 norm error	1	0.5039719899999999
MetaScope	kingdom	L1 norm error	1	0.96570607
MetaScope	phylum	L1 norm error	1	0.9669653800000003
MetaScope	class	L1 norm error	1	0.9757771500000001
MetaScope	order	L1 norm error	1	0.7001189699999997
MetaScope	family	L1 norm error	1	0.8479692899999995
MetaScope	genus	L1 norm error	1	1.0541257499999988
MetaScope	species	L1 norm error	1	1.2396149900000015
MetaScope	strain	L1 norm error	1	1.1738278300000002
MetaScope	na	Weighted UniFrac error	1	0.1437161629486111
MetaScope	na	Unweighted UniFrac error	1	4.270444037527494
MetaScope	na	Weighted UniFrac (CAMI)	1	10.634075689999996
MetaScope	na	Unweighted UniFrac (CAMI)	1	15256.999986000006
MetaScope	cellular root	Sum of abundances	1	1.0
MetaScope	domain	Sum of abundances	1	0.9999999900000001
MetaScope	kingdom	Sum of abundances	1	0.99994607
MetaScope	phylum	Sum of abundances	1	0.9999998800000001
MetaScope	class	Sum of abundances	1	0.9999839500000001
MetaScope	order	Sum of abundances	1	0.99997753
MetaScope	family	Sum of abundances	1	0.9996602899999999
MetaScope	genus	Sum of abundances	1	0.9999905099999999
MetaScope	species	Sum of abundances	1	0.99999277
MetaScope	strain	Sum of abundances	1	0.32069483
MetaScope	cellular root	Taxon counts	1	1.0
MetaScope	domain	Taxon counts	1	3.0
MetaScope	kingdom	Taxon counts	1	6.0
MetaScope	phylum	Taxon counts	1	24.0
MetaScope	class	Taxon counts	1	44.0
MetaScope	order	Taxon counts	1	94.0
MetaScope	family	Taxon counts	1	173.0
MetaScope	genus	Taxon counts	1	547.0
MetaScope	species	Taxon counts	1	1424.0
MetaScope	strain	Taxon counts	1	226.0
MetaScope	cellular root	Bray-Curtis distance	2	0.31776438636324705
MetaScope	domain	Bray-Curtis distance	2	0.31776438186811806
MetaScope	kingdom	Bray-Curtis distance	2	0.47889663323391796
MetaScope	phylum	Bray-Curtis distance	2	0.4795687805764479
MetaScope	class	Bray-Curtis distance	2	0.4795698533592553
MetaScope	order	Bray-Curtis distance	2	0.39591726406862443
MetaScope	family	Bray-Curtis distance	2	0.44613136487054555
MetaScope	genus	Bray-Curtis distance	2	0.4875078197397977
MetaScope	species	Bray-Curtis distance	2	0.5888693705114183
MetaScope	strain	Bray-Curtis distance	2	0.9693885192765442
MetaScope	cellular root	Shannon diversity	2	0.0
MetaScope	cellular root	Shannon equitability	2	0.0
MetaScope	domain	Shannon diversity	2	0.10069439564344818
MetaScope	domain	Shannon equitability	2	0.09165598881614904
MetaScope	kingdom	Shannon diversity	2	0.7427567673778379
MetaScope	kingdom	Shannon equitability	2	0.41454044481642416
MetaScope	phylum	Shannon diversity	2	1.0020794861026754
MetaScope	phylum	Shannon equitability	2	0.3241881990374959
MetaScope	class	Shannon diversity	2	1.332002093220123
MetaScope	class	Shannon equitability	2	0.3688818537125694
MetaScope	order	Shannon diversity	2	1.6237890771988563
MetaScope	order	Shannon equitability	2	0.3738171763011239
MetaScope	family	Shannon diversity	2	1.7772561927432455
MetaScope	family	Shannon equitability	2	0.35517091592921196
MetaScope	genus	Shannon diversity	2	2.5561258195423795
MetaScope	genus	Shannon equitability	2	0.41459084849992306
MetaScope	species	Shannon diversity	2	3.409005176137061
MetaScope	species	Shannon equitability	2	0.48036339519646226
MetaScope	strain	Shannon diversity	2	1.2193267403692596
MetaScope	strain	Shannon equitability	2	0.2301347118365762
MetaScope	acellular root	True positives	2	0.0
MetaScope	acellular root	False negatives	2	1.0
MetaScope	acellular root	False positives	2	0.0
MetaScope	acellular root	Completeness	2	0.0
MetaScope	acellular root	Purity	2	0.0
MetaScope	acellular root	Jaccard index	2	0.0
MetaScope	cellular root	True positives	2	1.0
MetaScope	cellular root	False negatives	2	0.0
MetaScope	cellular root	False positives	2	0.0
MetaScope	cellular root	Completeness	2	1.0
MetaScope	cellular root	Purity	2	1.0
MetaScope	cellular root	F1 score	2	1.0
MetaScope	cellular root	Jaccard index	2	1.0
MetaScope	other entries	True positives	2	0.0
MetaScope	other entries	False negatives	2	1.0
MetaScope	other entries	False positives	2	0.0
MetaScope	other entries	Completeness	2	0.0
MetaScope	other entries	Purity	2	0.0
MetaScope	other entries	Jaccard index	2	0.0
MetaScope	realm	True positives	2	0.0
MetaScope	realm	False negatives	2	3.0
MetaScope	realm	False positives	2	0.0
MetaScope	realm	Completeness	2	0.0
MetaScope	realm	Purity	2	0.0
MetaScope	realm	Jaccard index	2	0.0
MetaScope	domain	True positives	2	2.0
MetaScope	domain	False negatives	2	0.0
MetaScope	domain	False positives	2	1.0
MetaScope	domain	Completeness	2	1.0
MetaScope	domain	Purity	2	0.6666666666666666
MetaScope	domain	F1 score	2	0.8
MetaScope	domain	Jaccard index	2	0.6666666666666666
MetaScope	kingdom	True positives	2	4.0
MetaScope	kingdom	False negatives	2	6.0
MetaScope	kingdom	False positives	2	2.0
MetaScope	kingdom	Completeness	2	0.4
MetaScope	kingdom	Purity	2	0.6666666666666666
MetaScope	kingdom	F1 score	2	0.5
MetaScope	kingdom	Jaccard index	2	0.3333333333333333
MetaScope	phylum	True positives	2	10.0
MetaScope	phylum	False negatives	2	9.0
MetaScope	phylum	False positives	2	12.0
MetaScope	phylum	Completeness	2	0.5263157894736842
MetaScope	phylum	Purity	2	0.45454545454545453
MetaScope	phylum	F1 score	2	0.4878048780487805
MetaScope	phylum	Jaccard index	2	0.3225806451612903
MetaScope	class	True positives	2	17.0
MetaScope	class	False negatives	2	11.0
MetaScope	class	False positives	2	20.0
MetaScope	class	Completeness	2	0.6071428571428571
MetaScope	class	Purity	2	0.4594594594594595
MetaScope	class	F1 score	2	0.5230769230769231
MetaScope	class	Jaccard index	2	0.3541666666666667
MetaScope	order	True positives	2	29.0
MetaScope	order	False negatives	2	14.0
MetaScope	order	False positives	2	48.0
MetaScope	order	Completeness	2	0.6744186046511628
MetaScope	order	Purity	2	0.37662337662337664
MetaScope	order	F1 score	2	0.48333333333333334
MetaScope	order	Jaccard index	2	0.31868131868131866
MetaScope	family	True positives	2	44.0
MetaScope	family	False negatives	2	30.0
MetaScope	family	False positives	2	105.0
MetaScope	family	Completeness	2	0.5945945945945946
MetaScope	family	Purity	2	0.2953020134228188
MetaScope	family	F1 score	2	0.3946188340807175
MetaScope	family	Jaccard index	2	0.24581005586592178
MetaScope	genus	True positives	2	83.0
MetaScope	genus	False negatives	2	81.0
MetaScope	genus	False positives	2	393.0
MetaScope	genus	Completeness	2	0.5060975609756098
MetaScope	genus	Purity	2	0.17436974789915966
MetaScope	genus	F1 score	2	0.25937499999999997
MetaScope	genus	Jaccard index	2	0.1490125673249551
MetaScope	species	True positives	2	108.0
MetaScope	species	False negatives	2	152.0
MetaScope	species	False positives	2	1100.0
MetaScope	species	Completeness	2	0.4153846153846154
MetaScope	species	Purity	2	0.08940397350993377
MetaScope	species	F1 score	2	0.14713896457765668
MetaScope	species	Jaccard index	2	0.07941176470588235
MetaScope	strain	True positives	2	4.0
MetaScope	strain	False negatives	2	317.0
MetaScope	strain	False positives	2	196.0
MetaScope	strain	Completeness	2	0.012461059190031152
MetaScope	strain	Purity	2	0.02
MetaScope	strain	F1 score	2	0.015355086372360844
MetaScope	strain	Jaccard index	2	0.007736943907156673
MetaScope	cellular root	L1 norm error	2	0.48227800000000004
MetaScope	domain	L1 norm error	2	0.48227799000000005
MetaScope	kingdom	L1 norm error	2	0.9515599000000001
MetaScope	phylum	L1 norm error	2	0.9529194099999999
MetaScope	class	L1 norm error	2	0.9529198199999999
MetaScope	order	L1 norm error	2	0.6777531499999999
MetaScope	family	L1 norm error	2	0.8102445699999996
MetaScope	genus	L1 norm error	2	0.9562515999999994
MetaScope	species	L1 norm error	2	1.1777394299999984
MetaScope	strain	L1 norm error	2	1.38348896
MetaScope	na	Weighted UniFrac error	2	0.14018999050595238
MetaScope	na	Unweighted UniFrac error	2	3.86130844708762
MetaScope	na	Weighted UniFrac (CAMI)	2	10.313204950000003
MetaScope	na	Unweighted UniFrac (CAMI)	2	13001.000173000004
MetaScope	cellular root	Sum of abundances	2	1.0
MetaScope	domain	Sum of abundances	2	0.9999999900000001
MetaScope	kingdom	Sum of abundances	2	0.9999499000000001
MetaScope	phylum	Sum of abundances	2	0.99999987
MetaScope	class	Sum of abundances	2	0.9999972800000001
MetaScope	order	Sum of abundances	2	0.9999765100000001
MetaScope	family	Sum of abundances	2	0.97510093
MetaScope	genus	Sum of abundances	2	0.99999128
MetaScope	species	Sum of abundances	2	0.9999941699999999
MetaScope	strain	Sum of abundances	2	0.42715995999999995
MetaScope	cellular root	Taxon counts	2	1.0
MetaScope	domain	Taxon counts	2	3.0
MetaScope	kingdom	Taxon counts	2	6.0
MetaScope	phylum	Taxon counts	2	22.0
MetaScope	class	Taxon counts	2	37.0
MetaScope	order	Taxon counts	2	77.0
MetaScope	family	Taxon counts	2	149.0
MetaScope	genus	Taxon counts	2	476.0
MetaScope	species	Taxon counts	2	1208.0
MetaScope	strain	Taxon counts	2	200.0
MetaScope	cellular root	Bray-Curtis distance	3	0.3317254967502568
MetaScope	domain	Bray-Curtis distance	3	0.33172549230046583
MetaScope	kingdom	Bray-Curtis distance	3	0.49053852067575193
MetaScope	phylum	Bray-Curtis distance	3	0.490552688535541
MetaScope	class	Bray-Curtis distance	3	0.4905533055207262
MetaScope	order	Bray-Curtis distance	3	0.40429897721814106
MetaScope	family	Bray-Curtis distance	3	0.4352218281976898
MetaScope	genus	Bray-Curtis distance	3	0.5993144586742423
MetaScope	species	Bray-Curtis distance	3	0.6458081659966172
MetaScope	strain	Bray-Curtis distance	3	0.9884120419492007
MetaScope	cellular root	Shannon diversity	3	0.0
MetaScope	cellular root	Shannon equitability	3	0.0
MetaScope	domain	Shannon diversity	3	0.11055883794519106
MetaScope	domain	Shannon equitability	3	0.10063499114799254
MetaScope	kingdom	Shannon diversity	3	0.6151443622371179
MetaScope	kingdom	Shannon equitability	3	0.34331860542762527
MetaScope	phylum	Shannon diversity	3	0.9428397142702997
MetaScope	phylum	Shannon equitability	3	0.3096839433955097
MetaScope	class	Shannon diversity	3	1.2526438075581556
MetaScope	class	Shannon equitability	3	0.33957298500529043
MetaScope	order	Shannon diversity	3	1.7899332852013412
MetaScope	order	Shannon equitability	3	0.402897545150862
MetaScope	family	Shannon diversity	3	1.9661671589708658
MetaScope	family	Shannon equitability	3	0.38885909322112616
MetaScope	genus	Shannon diversity	3	2.8498766487277942
MetaScope	genus	Shannon equitability	3	0.45961977778507085
MetaScope	species	Shannon diversity	3	3.233118682838761
MetaScope	species	Shannon equitability	3	0.45288960879414514
MetaScope	strain	Shannon diversity	3	0.9135104012072156
MetaScope	strain	Shannon equitability	3	0.17307513386615098
MetaScope	acellular root	True positives	3	0.0
MetaScope	acellular root	False negatives	3	1.0
MetaScope	acellular root	False positives	3	0.0
MetaScope	acellular root	Completeness	3	0.0
MetaScope	acellular root	Purity	3	0.0
MetaScope	acellular root	Jaccard index	3	0.0
MetaScope	cellular root	True positives	3	1.0
MetaScope	cellular root	False negatives	3	0.0
MetaScope	cellular root	False positives	3	0.0
MetaScope	cellular root	Completeness	3	1.0
MetaScope	cellular root	Purity	3	1.0
MetaScope	cellular root	F1 score	3	1.0
MetaScope	cellular root	Jaccard index	3	1.0
MetaScope	other entries	True positives	3	0.0
MetaScope	other entries	False negatives	3	1.0
MetaScope	other entries	False positives	3	0.0
MetaScope	other entries	Completeness	3	0.0
MetaScope	other entries	Purity	3	0.0
MetaScope	other entries	Jaccard index	3	0.0
MetaScope	realm	True positives	3	0.0
MetaScope	realm	False negatives	3	3.0
MetaScope	realm	False positives	3	0.0
MetaScope	realm	Completeness	3	0.0
MetaScope	realm	Purity	3	0.0
MetaScope	realm	Jaccard index	3	0.0
MetaScope	domain	True positives	3	2.0
MetaScope	domain	False negatives	3	0.0
MetaScope	domain	False positives	3	1.0
MetaScope	domain	Completeness	3	1.0
MetaScope	domain	Purity	3	0.6666666666666666
MetaScope	domain	F1 score	3	0.8
MetaScope	domain	Jaccard index	3	0.6666666666666666
MetaScope	kingdom	True positives	3	4.0
MetaScope	kingdom	False negatives	3	6.0
MetaScope	kingdom	False positives	3	2.0
MetaScope	kingdom	Completeness	3	0.4
MetaScope	kingdom	Purity	3	0.6666666666666666
MetaScope	kingdom	F1 score	3	0.5
MetaScope	kingdom	Jaccard index	3	0.3333333333333333
MetaScope	phylum	True positives	3	10.0
MetaScope	phylum	False negatives	3	9.0
MetaScope	phylum	False positives	3	11.0
MetaScope	phylum	Completeness	3	0.5263157894736842
MetaScope	phylum	Purity	3	0.47619047619047616
MetaScope	phylum	F1 score	3	0.5
MetaScope	phylum	Jaccard index	3	0.3333333333333333
MetaScope	class	True positives	3	17.0
MetaScope	class	False negatives	3	11.0
MetaScope	class	False positives	3	23.0
MetaScope	class	Completeness	3	0.6071428571428571
MetaScope	class	Purity	3	0.425
MetaScope	class	F1 score	3	0.5
MetaScope	class	Jaccard index	3	0.3333333333333333
MetaScope	order	True positives	3	27.0
MetaScope	order	False negatives	3	14.0
MetaScope	order	False positives	3	58.0
MetaScope	order	Completeness	3	0.6585365853658537
MetaScope	order	Purity	3	0.3176470588235294
MetaScope	order	F1 score	3	0.42857142857142855
MetaScope	order	Jaccard index	3	0.2727272727272727
MetaScope	family	True positives	3	47.0
MetaScope	family	False negatives	3	30.0
MetaScope	family	False positives	3	110.0
MetaScope	family	Completeness	3	0.6103896103896104
MetaScope	family	Purity	3	0.29936305732484075
MetaScope	family	F1 score	3	0.40170940170940167
MetaScope	family	Jaccard index	3	0.25133689839572193
MetaScope	genus	True positives	3	81.0
MetaScope	genus	False negatives	3	80.0
MetaScope	genus	False positives	3	412.0
MetaScope	genus	Completeness	3	0.5031055900621118
MetaScope	genus	Purity	3	0.1643002028397566
MetaScope	genus	F1 score	3	0.2477064220183486
MetaScope	genus	Jaccard index	3	0.14136125654450263
MetaScope	species	True positives	3	109.0
MetaScope	species	False negatives	3	150.0
MetaScope	species	False positives	3	1151.0
MetaScope	species	Completeness	3	0.42084942084942084
MetaScope	species	Purity	3	0.0865079365079365
MetaScope	species	F1 score	3	0.1435154707044108
MetaScope	species	Jaccard index	3	0.07730496453900709
MetaScope	strain	True positives	3	4.0
MetaScope	strain	False negatives	3	325.0
MetaScope	strain	False positives	3	192.0
MetaScope	strain	Completeness	3	0.0121580547112462
MetaScope	strain	Purity	3	0.02040816326530612
MetaScope	strain	F1 score	3	0.015238095238095238
MetaScope	strain	Jaccard index	3	0.007677543186180422
MetaScope	cellular root	L1 norm error	3	0.498189
MetaScope	domain	L1 norm error	3	0.49818899
MetaScope	kingdom	L1 norm error	3	0.9663251500000001
MetaScope	phylum	L1 norm error	3	0.9663818600000001
MetaScope	class	L1 norm error	3	0.9663823200000005
MetaScope	order	L1 norm error	3	0.6811214599999998
MetaScope	family	L1 norm error	3	0.7731922899999997
MetaScope	genus	L1 norm error	3	1.1747184099999997
MetaScope	species	L1 norm error	3	1.2916140199999993
MetaScope	strain	L1 norm error	3	1.247034549999999
MetaScope	na	Weighted UniFrac error	3	0.14377860086170635
MetaScope	na	Unweighted UniFrac error	3	3.8961139757097416
MetaScope	na	Weighted UniFrac (CAMI)	3	10.727997590000005
MetaScope	na	Unweighted UniFrac (CAMI)	3	13652.000114
MetaScope	cellular root	Sum of abundances	3	1.0
MetaScope	domain	Sum of abundances	3	0.9999999900000001
MetaScope	kingdom	Sum of abundances	3	0.99994215
MetaScope	phylum	Sum of abundances	3	0.99999986
MetaScope	class	Sum of abundances	3	0.99999932
MetaScope	order	Sum of abundances	3	0.9999564599999999
MetaScope	family	Sum of abundances	3	0.99963459
MetaScope	genus	Sum of abundances	3	0.99998957
MetaScope	species	Sum of abundances	3	0.99999342
MetaScope	strain	Sum of abundances	3	0.26164255000000003
MetaScope	cellular root	Taxon counts	3	1.0
MetaScope	domain	Taxon counts	3	3.0
MetaScope	kingdom	Taxon counts	3	6.0
MetaScope	phylum	Taxon counts	3	21.0
MetaScope	class	Taxon counts	3	40.0
MetaScope	order	Taxon counts	3	85.0
MetaScope	family	Taxon counts	3	157.0
MetaScope	genus	Taxon counts	3	493.0
MetaScope	species	Taxon counts	3	1260.0
MetaScope	strain	Taxon counts	3	196.0
MetaScope	cellular root	Bray-Curtis distance	4	0.3209472512738885
MetaScope	domain	Bray-Curtis distance	4	0.32094724678892417
MetaScope	kingdom	Bray-Curtis distance	4	0.4811588329149616
MetaScope	phylum	Bray-Curtis distance	4	0.48117276086445504
MetaScope	class	Bray-Curtis distance	4	0.4819942722491072
MetaScope	order	Bray-Curtis distance	4	0.39356716695493255
MetaScope	family	Bray-Curtis distance	4	0.4403449010993414
MetaScope	genus	Bray-Curtis distance	4	0.4749368062652118
MetaScope	species	Bray-Curtis distance	4	0.5408303262716603
MetaScope	strain	Bray-Curtis distance	4	0.9879750853386804
MetaScope	cellular root	Shannon diversity	4	0.0
MetaScope	cellular root	Shannon equitability	4	0.0
MetaScope	domain	Shannon diversity	4	0.09853261344558173
MetaScope	domain	Shannon equitability	4	0.08968824986022743
MetaScope	kingdom	Shannon diversity	4	0.6939179581943539
MetaScope	kingdom	Shannon equitability	4	0.38728298642301306
MetaScope	phylum	Shannon diversity	4	0.9658422399146797
MetaScope	phylum	Shannon equitability	4	0.3124648899161265
MetaScope	class	Shannon diversity	4	1.284121460566365
MetaScope	class	Shannon equitability	4	0.3556218921703542
MetaScope	order	Shannon diversity	4	1.8806068497987654
MetaScope	order	Shannon equitability	4	0.42795053113749026
MetaScope	family	Shannon diversity	4	2.264427733478527
MetaScope	family	Shannon equitability	4	0.44956304182680784
MetaScope	genus	Shannon diversity	4	2.9639245735872892
MetaScope	genus	Shannon equitability	4	0.4769286375982085
MetaScope	species	Shannon diversity	4	3.2853391043331124
MetaScope	species	Shannon equitability	4	0.46030698300656125
MetaScope	strain	Shannon diversity	4	0.7213728720381888
MetaScope	strain	Shannon equitability	4	0.1390628919919464
MetaScope	acellular root	True positives	4	0.0
MetaScope	acellular root	False negatives	4	1.0
MetaScope	acellular root	False positives	4	0.0
MetaScope	acellular root	Completeness	4	0.0
MetaScope	acellular root	Purity	4	0.0
MetaScope	acellular root	Jaccard index	4	0.0
MetaScope	cellular root	True positives	4	1.0
MetaScope	cellular root	False negatives	4	0.0
MetaScope	cellular root	False positives	4	0.0
MetaScope	cellular root	Completeness	4	1.0
MetaScope	cellular root	Purity	4	1.0
MetaScope	cellular root	F1 score	4	1.0
MetaScope	cellular root	Jaccard index	4	1.0
MetaScope	other entries	True positives	4	0.0
MetaScope	other entries	False negatives	4	1.0
MetaScope	other entries	False positives	4	0.0
MetaScope	other entries	Completeness	4	0.0
MetaScope	other entries	Purity	4	0.0
MetaScope	other entries	Jaccard index	4	0.0
MetaScope	realm	True positives	4	0.0
MetaScope	realm	False negatives	4	3.0
MetaScope	realm	False positives	4	0.0
MetaScope	realm	Completeness	4	0.0
MetaScope	realm	Purity	4	0.0
MetaScope	realm	Jaccard index	4	0.0
MetaScope	domain	True positives	4	2.0
MetaScope	domain	False negatives	4	0.0
MetaScope	domain	False positives	4	1.0
MetaScope	domain	Completeness	4	1.0
MetaScope	domain	Purity	4	0.6666666666666666
MetaScope	domain	F1 score	4	0.8
MetaScope	domain	Jaccard index	4	0.6666666666666666
MetaScope	kingdom	True positives	4	5.0
MetaScope	kingdom	False negatives	4	6.0
MetaScope	kingdom	False positives	4	1.0
MetaScope	kingdom	Completeness	4	0.45454545454545453
MetaScope	kingdom	Purity	4	0.8333333333333334
MetaScope	kingdom	F1 score	4	0.5882352941176471
MetaScope	kingdom	Jaccard index	4	0.4166666666666667
MetaScope	phylum	True positives	4	11.0
MetaScope	phylum	False negatives	4	9.0
MetaScope	phylum	False positives	4	11.0
MetaScope	phylum	Completeness	4	0.55
MetaScope	phylum	Purity	4	0.5
MetaScope	phylum	F1 score	4	0.5238095238095238
MetaScope	phylum	Jaccard index	4	0.3548387096774194
MetaScope	class	True positives	4	18.0
MetaScope	class	False negatives	4	11.0
MetaScope	class	False positives	4	19.0
MetaScope	class	Completeness	4	0.6206896551724138
MetaScope	class	Purity	4	0.4864864864864865
MetaScope	class	F1 score	4	0.5454545454545455
MetaScope	class	Jaccard index	4	0.375
MetaScope	order	True positives	4	28.0
MetaScope	order	False negatives	4	14.0
MetaScope	order	False positives	4	53.0
MetaScope	order	Completeness	4	0.6666666666666666
MetaScope	order	Purity	4	0.345679012345679
MetaScope	order	F1 score	4	0.4552845528455284
MetaScope	order	Jaccard index	4	0.29473684210526313
MetaScope	family	True positives	4	41.0
MetaScope	family	False negatives	4	30.0
MetaScope	family	False positives	4	113.0
MetaScope	family	Completeness	4	0.5774647887323944
MetaScope	family	Purity	4	0.2662337662337662
MetaScope	family	F1 score	4	0.3644444444444444
MetaScope	family	Jaccard index	4	0.22282608695652173
MetaScope	genus	True positives	4	74.0
MetaScope	genus	False negatives	4	79.0
MetaScope	genus	False positives	4	426.0
MetaScope	genus	Completeness	4	0.48366013071895425
MetaScope	genus	Purity	4	0.148
MetaScope	genus	F1 score	4	0.22664624808575803
MetaScope	genus	Jaccard index	4	0.12780656303972365
MetaScope	species	True positives	4	89.0
MetaScope	species	False negatives	4	152.0
MetaScope	species	False positives	4	1169.0
MetaScope	species	Completeness	4	0.36929460580912865
MetaScope	species	Purity	4	0.07074721780604133
MetaScope	species	F1 score	4	0.11874583055370247
MetaScope	species	Jaccard index	4	0.06312056737588652
MetaScope	strain	True positives	4	1.0
MetaScope	strain	False negatives	4	295.0
MetaScope	strain	False positives	4	178.0
MetaScope	strain	Completeness	4	0.0033783783783783786
MetaScope	strain	Purity	4	0.00558659217877095
MetaScope	strain	F1 score	4	0.004210526315789474
MetaScope	strain	Jaccard index	4	0.002109704641350211
MetaScope	cellular root	L1 norm error	4	0.485935
MetaScope	domain	L1 norm error	4	0.48593499
MetaScope	kingdom	L1 norm error	4	0.9534405499999999
MetaScope	phylum	L1 norm error	4	0.9534918900000003
MetaScope	class	L1 norm error	4	0.95511891
MetaScope	order	L1 norm error	4	0.6661717800000001
MetaScope	family	L1 norm error	4	0.8064008300000005
MetaScope	genus	L1 norm error	4	0.9262035599999997
MetaScope	species	L1 norm error	4	1.08166095
MetaScope	strain	L1 norm error	4	1.17506195
MetaScope	na	Weighted UniFrac error	4	0.13877553523690475
MetaScope	na	Unweighted UniFrac error	4	4.520248607837827
MetaScope	na	Weighted UniFrac (CAMI)	4	10.040967550000008
MetaScope	na	Unweighted UniFrac (CAMI)	4	13814.000053999998
MetaScope	cellular root	Sum of abundances	4	1.0
MetaScope	domain	Sum of abundances	4	0.9999999900000001
MetaScope	kingdom	Sum of abundances	4	0.9999495499999999
MetaScope	phylum	Sum of abundances	4	0.99999989
MetaScope	class	Sum of abundances	4	0.99999905
MetaScope	order	Sum of abundances	4	0.9999938
MetaScope	family	Sum of abundances	4	0.99112767
MetaScope	genus	Sum of abundances	4	0.9999916799999999
MetaScope	species	Sum of abundances	4	0.9999935499999999
MetaScope	strain	Sum of abundances	4	0.18935095000000002
MetaScope	cellular root	Taxon counts	4	1.0
MetaScope	domain	Taxon counts	4	3.0
MetaScope	kingdom	Taxon counts	4	6.0
MetaScope	phylum	Taxon counts	4	22.0
MetaScope	class	Taxon counts	4	37.0
MetaScope	order	Taxon counts	4	81.0
MetaScope	family	Taxon counts	4	154.0
MetaScope	genus	Taxon counts	4	500.0
MetaScope	species	Taxon counts	4	1258.0
MetaScope	strain	Taxon counts	4	179.0
MetaScope	cellular root	Bray-Curtis distance	5	0.3269568632862883
MetaScope	domain	Bray-Curtis distance	5	0.32695685882079223
MetaScope	kingdom	Bray-Curtis distance	5	0.4853611194779155
MetaScope	phylum	Bray-Curtis distance	5	0.4853762076844746
MetaScope	class	Bray-Curtis distance	5	0.48540151158589717
MetaScope	order	Bray-Curtis distance	5	0.3812280454401131
MetaScope	family	Bray-Curtis distance	5	0.4310742542117688
MetaScope	genus	Bray-Curtis distance	5	0.595935597749584
MetaScope	species	Bray-Curtis distance	5	0.6329106998035225
MetaScope	strain	Bray-Curtis distance	5	0.9894469098520586
MetaScope	cellular root	Shannon diversity	5	0.0
MetaScope	cellular root	Shannon equitability	5	0.0
MetaScope	domain	Shannon diversity	5	0.10955893244389871
MetaScope	domain	Shannon equitability	5	0.09972483793779628
MetaScope	kingdom	Shannon diversity	5	0.43280273032518746
MetaScope	kingdom	Shannon equitability	5	0.24155180299488088
MetaScope	phylum	Shannon diversity	5	0.604193509261094
MetaScope	phylum	Shannon equitability	5	0.20168474819824547
MetaScope	class	Shannon diversity	5	1.2728992579761331
MetaScope	class	Shannon equitability	5	0.3499296517204362
MetaScope	order	Shannon diversity	5	1.824865632491202
MetaScope	order	Shannon equitability	5	0.41764215848482317
MetaScope	family	Shannon diversity	5	1.9841011850671504
MetaScope	family	Shannon equitability	5	0.39290252676884035
MetaScope	genus	Shannon diversity	5	2.733714513354912
MetaScope	genus	Shannon equitability	5	0.4391820792456053
MetaScope	species	Shannon diversity	5	3.2599262701292475
MetaScope	species	Shannon equitability	5	0.4513073276721767
MetaScope	strain	Shannon diversity	5	0.8119537479471054
MetaScope	strain	Shannon equitability	5	0.1500382213039928
MetaScope	acellular root	True positives	5	0.0
MetaScope	acellular root	False negatives	5	1.0
MetaScope	acellular root	False positives	5	0.0
MetaScope	acellular root	Completeness	5	0.0
MetaScope	acellular root	Purity	5	0.0
MetaScope	acellular root	Jaccard index	5	0.0
MetaScope	cellular root	True positives	5	1.0
MetaScope	cellular root	False negatives	5	0.0
MetaScope	cellular root	False positives	5	0.0
MetaScope	cellular root	Completeness	5	1.0
MetaScope	cellular root	Purity	5	1.0
MetaScope	cellular root	F1 score	5	1.0
MetaScope	cellular root	Jaccard index	5	1.0
MetaScope	other entries	True positives	5	0.0
MetaScope	other entries	False negatives	5	1.0
MetaScope	other entries	False positives	5	0.0
MetaScope	other entries	Completeness	5	0.0
MetaScope	other entries	Purity	5	0.0
MetaScope	other entries	Jaccard index	5	0.0
MetaScope	realm	True positives	5	0.0
MetaScope	realm	False negatives	5	3.0
MetaScope	realm	False positives	5	0.0
MetaScope	realm	Completeness	5	0.0
MetaScope	realm	Purity	5	0.0
MetaScope	realm	Jaccard index	5	0.0
MetaScope	domain	True positives	5	2.0
MetaScope	domain	False negatives	5	0.0
MetaScope	domain	False positives	5	1.0
MetaScope	domain	Completeness	5	1.0
MetaScope	domain	Purity	5	0.6666666666666666
MetaScope	domain	F1 score	5	0.8
MetaScope	domain	Jaccard index	5	0.6666666666666666
MetaScope	kingdom	True positives	5	4.0
MetaScope	kingdom	False negatives	5	6.0
MetaScope	kingdom	False positives	5	2.0
MetaScope	kingdom	Completeness	5	0.4
MetaScope	kingdom	Purity	5	0.6666666666666666
MetaScope	kingdom	F1 score	5	0.5
MetaScope	kingdom	Jaccard index	5	0.3333333333333333
MetaScope	phylum	True positives	5	10.0
MetaScope	phylum	False negatives	5	9.0
MetaScope	phylum	False positives	5	10.0
MetaScope	phylum	Completeness	5	0.5263157894736842
MetaScope	phylum	Purity	5	0.5
MetaScope	phylum	F1 score	5	0.5128205128205129
MetaScope	phylum	Jaccard index	5	0.3448275862068966
MetaScope	class	True positives	5	18.0
MetaScope	class	False negatives	5	11.0
MetaScope	class	False positives	5	20.0
MetaScope	class	Completeness	5	0.6206896551724138
MetaScope	class	Purity	5	0.47368421052631576
MetaScope	class	F1 score	5	0.5373134328358208
MetaScope	class	Jaccard index	5	0.3673469387755102
MetaScope	order	True positives	5	30.0
MetaScope	order	False negatives	5	14.0
MetaScope	order	False positives	5	49.0
MetaScope	order	Completeness	5	0.6818181818181818
MetaScope	order	Purity	5	0.379746835443038
MetaScope	order	F1 score	5	0.4878048780487805
MetaScope	order	Jaccard index	5	0.3225806451612903
MetaScope	family	True positives	5	46.0
MetaScope	family	False negatives	5	30.0
MetaScope	family	False positives	5	110.0
MetaScope	family	Completeness	5	0.6052631578947368
MetaScope	family	Purity	5	0.2948717948717949
MetaScope	family	F1 score	5	0.39655172413793105
MetaScope	family	Jaccard index	5	0.24731182795698925
MetaScope	genus	True positives	5	75.0
MetaScope	genus	False negatives	5	79.0
MetaScope	genus	False positives	5	430.0
MetaScope	genus	Completeness	5	0.487012987012987
MetaScope	genus	Purity	5	0.1485148514851485
MetaScope	genus	F1 score	5	0.2276176024279211
MetaScope	genus	Jaccard index	5	0.1284246575342466
MetaScope	species	True positives	5	107.0
MetaScope	species	False negatives	5	148.0
MetaScope	species	False positives	5	1264.0
MetaScope	species	Completeness	5	0.4196078431372549
MetaScope	species	Purity	5	0.07804522246535375
MetaScope	species	F1 score	5	0.1316113161131611
MetaScope	species	Jaccard index	5	0.07044107965766952
MetaScope	strain	True positives	5	3.0
MetaScope	strain	False negatives	5	299.0
MetaScope	strain	False positives	5	221.0
MetaScope	strain	Completeness	5	0.009933774834437087
MetaScope	strain	Purity	5	0.013392857142857142
MetaScope	strain	F1 score	5	0.011406844106463877
MetaScope	strain	Jaccard index	5	0.0057361376673040155
MetaScope	cellular root	L1 norm error	5	0.492792
MetaScope	domain	L1 norm error	5	0.49279199000000007
MetaScope	kingdom	L1 norm error	5	0.9566871000000002
MetaScope	phylum	L1 norm error	5	0.95674489
MetaScope	class	L1 norm error	5	0.95679452
MetaScope	order	L1 norm error	5	0.62492786
MetaScope	family	L1 norm error	5	0.7684699000000004
MetaScope	genus	L1 norm error	5	1.16777976
MetaScope	species	L1 norm error	5	1.2658093299999988
MetaScope	strain	L1 norm error	5	1.2049903399999993
MetaScope	na	Weighted UniFrac error	5	0.14172201821150804
MetaScope	na	Unweighted UniFrac error	5	4.482665390987875
MetaScope	na	Weighted UniFrac (CAMI)	5	10.578371200000008
MetaScope	na	Unweighted UniFrac (CAMI)	5	14678.000004000001
MetaScope	cellular root	Sum of abundances	5	1.0
MetaScope	domain	Sum of abundances	5	0.9999999900000001
MetaScope	kingdom	Sum of abundances	5	0.9999421000000001
MetaScope	phylum	Sum of abundances	5	0.99999989
MetaScope	class	Sum of abundances	5	0.99999938
MetaScope	order	Sum of abundances	5	0.99998244
MetaScope	family	Sum of abundances	5	0.99977168
MetaScope	genus	Sum of abundances	5	0.99999076
MetaScope	species	Sum of abundances	5	0.9999929299999999
MetaScope	strain	Sum of abundances	5	0.21785934
MetaScope	cellular root	Taxon counts	5	1.0
MetaScope	domain	Taxon counts	5	3.0
MetaScope	kingdom	Taxon counts	5	6.0
MetaScope	phylum	Taxon counts	5	20.0
MetaScope	class	Taxon counts	5	38.0
MetaScope	order	Taxon counts	5	79.0
MetaScope	family	Taxon counts	5	156.0
MetaScope	genus	Taxon counts	5	505.0
MetaScope	species	Taxon counts	5	1371.0
MetaScope	strain	Taxon counts	5	224.0
MetaScope	cellular root	Bray-Curtis distance	6	0.32667167264111147
MetaScope	domain	Bray-Curtis distance	6	0.3266716637082551
MetaScope	kingdom	Bray-Curtis distance	6	0.4884553303029473
MetaScope	phylum	Bray-Curtis distance	6	0.4884693568655855
MetaScope	class	Bray-Curtis distance	6	0.4884694728265086
MetaScope	order	Bray-Curtis distance	6	0.39941081771284537
MetaScope	family	Bray-Curtis distance	6	0.4494850579851645
MetaScope	genus	Bray-Curtis distance	6	0.5076227230404784
MetaScope	species	Bray-Curtis distance	6	0.7270883514678679
MetaScope	strain	Bray-Curtis distance	6	0.9986766061737944
MetaScope	cellular root	Shannon diversity	6	0.0
MetaScope	cellular root	Shannon equitability	6	0.0
MetaScope	domain	Shannon diversity	6	0.11095202996534378
MetaScope	domain	Shannon equitability	6	0.1009928899483322
MetaScope	kingdom	Shannon diversity	6	0.6435370051847152
MetaScope	kingdom	Shannon equitability	6	0.3591648411725547
MetaScope	phylum	Shannon diversity	6	0.9403944518088266
MetaScope	phylum	Shannon equitability	6	0.30423213721543
MetaScope	class	Shannon diversity	6	1.2987071038179236
MetaScope	class	Shannon equitability	6	0.3570244241075545
MetaScope	order	Shannon diversity	6	2.0400658328119703
MetaScope	order	Shannon equitability	6	0.4604265816958488
MetaScope	family	Shannon diversity	6	2.3326852330854395
MetaScope	family	Shannon equitability	6	0.45795045715354915
MetaScope	genus	Shannon diversity	6	2.8879305015174306
MetaScope	genus	Shannon equitability	6	0.4544794343067643
MetaScope	species	Shannon diversity	6	3.4797666481714344
MetaScope	species	Shannon equitability	6	0.4744914365504082
MetaScope	strain	Shannon diversity	6	0.6515056382786505
MetaScope	strain	Shannon equitability	6	0.12009431168568069
MetaScope	acellular root	True positives	6	0.0
MetaScope	acellular root	False negatives	6	1.0
MetaScope	acellular root	False positives	6	0.0
MetaScope	acellular root	Completeness	6	0.0
MetaScope	acellular root	Purity	6	0.0
MetaScope	acellular root	Jaccard index	6	0.0
MetaScope	cellular root	True positives	6	1.0
MetaScope	cellular root	False negatives	6	0.0
MetaScope	cellular root	False positives	6	0.0
MetaScope	cellular root	Completeness	6	1.0
MetaScope	cellular root	Purity	6	1.0
MetaScope	cellular root	F1 score	6	1.0
MetaScope	cellular root	Jaccard index	6	1.0
MetaScope	other entries	True positives	6	0.0
MetaScope	other entries	False negatives	6	1.0
MetaScope	other entries	False positives	6	0.0
MetaScope	other entries	Completeness	6	0.0
MetaScope	other entries	Purity	6	0.0
MetaScope	other entries	Jaccard index	6	0.0
MetaScope	realm	True positives	6	0.0
MetaScope	realm	False negatives	6	3.0
MetaScope	realm	False positives	6	0.0
MetaScope	realm	Completeness	6	0.0
MetaScope	realm	Purity	6	0.0
MetaScope	realm	Jaccard index	6	0.0
MetaScope	domain	True positives	6	2.0
MetaScope	domain	False negatives	6	0.0
MetaScope	domain	False positives	6	1.0
MetaScope	domain	Completeness	6	1.0
MetaScope	domain	Purity	6	0.6666666666666666
MetaScope	domain	F1 score	6	0.8
MetaScope	domain	Jaccard index	6	0.6666666666666666
MetaScope	kingdom	True positives	6	4.0
MetaScope	kingdom	False negatives	6	6.0
MetaScope	kingdom	False positives	6	2.0
MetaScope	kingdom	Completeness	6	0.4
MetaScope	kingdom	Purity	6	0.6666666666666666
MetaScope	kingdom	F1 score	6	0.5
MetaScope	kingdom	Jaccard index	6	0.3333333333333333
MetaScope	phylum	True positives	6	10.0
MetaScope	phylum	False negatives	6	9.0
MetaScope	phylum	False positives	6	12.0
MetaScope	phylum	Completeness	6	0.5263157894736842
MetaScope	phylum	Purity	6	0.45454545454545453
MetaScope	phylum	F1 score	6	0.4878048780487805
MetaScope	phylum	Jaccard index	6	0.3225806451612903
MetaScope	class	True positives	6	18.0
MetaScope	class	False negatives	6	11.0
MetaScope	class	False positives	6	20.0
MetaScope	class	Completeness	6	0.6206896551724138
MetaScope	class	Purity	6	0.47368421052631576
MetaScope	class	F1 score	6	0.5373134328358208
MetaScope	class	Jaccard index	6	0.3673469387755102
MetaScope	order	True positives	6	30.0
MetaScope	order	False negatives	6	14.0
MetaScope	order	False positives	6	54.0
MetaScope	order	Completeness	6	0.6818181818181818
MetaScope	order	Purity	6	0.35714285714285715
MetaScope	order	F1 score	6	0.46875000000000006
MetaScope	order	Jaccard index	6	0.30612244897959184
MetaScope	family	True positives	6	51.0
MetaScope	family	False negatives	6	30.0
MetaScope	family	False positives	6	112.0
MetaScope	family	Completeness	6	0.6296296296296297
MetaScope	family	Purity	6	0.3128834355828221
MetaScope	family	F1 score	6	0.4180327868852459
MetaScope	family	Jaccard index	6	0.26424870466321243
MetaScope	genus	True positives	6	90.0
MetaScope	genus	False negatives	6	84.0
MetaScope	genus	False positives	6	485.0
MetaScope	genus	Completeness	6	0.5172413793103449
MetaScope	genus	Purity	6	0.1565217391304348
MetaScope	genus	F1 score	6	0.2403204272363151
MetaScope	genus	Jaccard index	6	0.13657056145675264
MetaScope	species	True positives	6	113.0
MetaScope	species	False negatives	6	156.0
MetaScope	species	False positives	6	1418.0
MetaScope	species	Completeness	6	0.4200743494423792
MetaScope	species	Purity	6	0.07380796864794252
MetaScope	species	F1 score	6	0.12555555555555556
MetaScope	species	Jaccard index	6	0.06698280972139893
MetaScope	strain	True positives	6	3.0
MetaScope	strain	False negatives	6	366.0
MetaScope	strain	False positives	6	224.0
MetaScope	strain	Completeness	6	0.008130081300813009
MetaScope	strain	Purity	6	0.013215859030837005
MetaScope	strain	F1 score	6	0.010067114093959733
MetaScope	strain	Jaccard index	6	0.00505902192242833
MetaScope	cellular root	L1 norm error	6	0.492468
MetaScope	domain	L1 norm error	6	0.49246797999999997
MetaScope	kingdom	L1 norm error	6	0.96922655
MetaScope	phylum	L1 norm error	6	0.9692828700000001
MetaScope	class	L1 norm error	6	0.9692814100000002
MetaScope	order	L1 norm error	6	0.6750164399999997
MetaScope	family	L1 norm error	6	0.7844947400000001
MetaScope	genus	L1 norm error	6	0.99277844
MetaScope	species	L1 norm error	6	1.4541739399999996
MetaScope	strain	L1 norm error	6	1.1455328399999998
MetaScope	na	Weighted UniFrac error	6	0.14268096972658728
MetaScope	na	Unweighted UniFrac error	6	4.408436025895456
MetaScope	na	Weighted UniFrac (CAMI)	6	10.582356206927496
MetaScope	na	Unweighted UniFrac (CAMI)	6	16584.00006499994
MetaScope	cellular root	Sum of abundances	6	1.0
MetaScope	domain	Sum of abundances	6	0.99999998
MetaScope	kingdom	Sum of abundances	6	0.9999425500000001
MetaScope	phylum	Sum of abundances	6	0.99999987
MetaScope	class	Sum of abundances	6	0.99999741
MetaScope	order	Sum of abundances	6	0.9999494400000001
MetaScope	family	Sum of abundances	6	0.9969528400000001
MetaScope	genus	Sum of abundances	6	0.99998874
MetaScope	species	Sum of abundances	6	0.9999922000000001
MetaScope	strain	Sum of abundances	6	0.14704484
MetaScope	cellular root	Taxon counts	6	1.0
MetaScope	domain	Taxon counts	6	3.0
MetaScope	kingdom	Taxon counts	6	6.0
MetaScope	phylum	Taxon counts	6	22.0
MetaScope	class	Taxon counts	6	38.0
MetaScope	order	Taxon counts	6	84.0
MetaScope	family	Taxon counts	6	163.0
MetaScope	genus	Taxon counts	6	575.0
MetaScope	species	Taxon counts	6	1531.0
MetaScope	strain	Taxon counts	6	227.0
MetaScope	cellular root	Bray-Curtis distance	7	0.32394479944553195
MetaScope	domain	Bray-Curtis distance	7	0.32394391855589444
MetaScope	kingdom	Bray-Curtis distance	7	0.4886568584927295
MetaScope	phylum	Bray-Curtis distance	7	0.4888518550212054
MetaScope	class	Bray-Curtis distance	7	0.4888514476526249
MetaScope	order	Bray-Curtis distance	7	0.3935899235036147
MetaScope	family	Bray-Curtis distance	7	0.44859786513955147
MetaScope	genus	Bray-Curtis distance	7	0.4867567026128933
MetaScope	species	Bray-Curtis distance	7	0.618859363379456
MetaScope	strain	Bray-Curtis distance	7	0.9560760786737401
MetaScope	cellular root	Shannon diversity	7	0.0
MetaScope	cellular root	Shannon equitability	7	0.0
MetaScope	domain	Shannon diversity	7	0.10240618074687657
MetaScope	domain	Shannon equitability	7	0.09321412276484504
MetaScope	kingdom	Shannon diversity	7	0.5051942671231829
MetaScope	kingdom	Shannon equitability	7	0.2819542889542178
MetaScope	phylum	Shannon diversity	7	0.5981962520800209
MetaScope	phylum	Shannon equitability	7	0.19968281456952428
MetaScope	class	Shannon diversity	7	1.059360202406095
MetaScope	class	Shannon equitability	7	0.29562009315416093
MetaScope	order	Shannon diversity	7	1.224235851821478
MetaScope	order	Shannon equitability	7	0.2818348735563402
MetaScope	family	Shannon diversity	7	1.2908489987356326
MetaScope	family	Shannon equitability	7	0.25937674497888485
MetaScope	genus	Shannon diversity	7	2.311129427715896
MetaScope	genus	Shannon equitability	7	0.3783001746788163
MetaScope	species	Shannon diversity	7	3.201628267699928
MetaScope	species	Shannon equitability	7	0.4576522708401994
MetaScope	strain	Shannon diversity	7	1.0558838859895332
MetaScope	strain	Shannon equitability	7	0.20606778077165608
MetaScope	acellular root	True positives	7	0.0
MetaScope	acellular root	False negatives	7	1.0
MetaScope	acellular root	False positives	7	0.0
MetaScope	acellular root	Completeness	7	0.0
MetaScope	acellular root	Purity	7	0.0
MetaScope	acellular root	Jaccard index	7	0.0
MetaScope	cellular root	True positives	7	1.0
MetaScope	cellular root	False negatives	7	0.0
MetaScope	cellular root	False positives	7	0.0
MetaScope	cellular root	Completeness	7	1.0
MetaScope	cellular root	Purity	7	1.0
MetaScope	cellular root	F1 score	7	1.0
MetaScope	cellular root	Jaccard index	7	1.0
MetaScope	other entries	True positives	7	0.0
MetaScope	other entries	False negatives	7	1.0
MetaScope	other entries	False positives	7	0.0
MetaScope	other entries	Completeness	7	0.0
MetaScope	other entries	Purity	7	0.0
MetaScope	other entries	Jaccard index	7	0.0
MetaScope	realm	True positives	7	0.0
MetaScope	realm	False negatives	7	3.0
MetaScope	realm	False positives	7	0.0
MetaScope	realm	Completeness	7	0.0
MetaScope	realm	Purity	7	0.0
MetaScope	realm	Jaccard index	7	0.0
MetaScope	domain	True positives	7	2.0
MetaScope	domain	False negatives	7	0.0
MetaScope	domain	False positives	7	1.0
MetaScope	domain	Completeness	7	1.0
MetaScope	domain	Purity	7	0.6666666666666666
MetaScope	domain	F1 score	7	0.8
MetaScope	domain	Jaccard index	7	0.6666666666666666
MetaScope	kingdom	True positives	7	4.0
MetaScope	kingdom	False negatives	7	6.0
MetaScope	kingdom	False positives	7	2.0
MetaScope	kingdom	Completeness	7	0.4
MetaScope	kingdom	Purity	7	0.6666666666666666
MetaScope	kingdom	F1 score	7	0.5
MetaScope	kingdom	Jaccard index	7	0.3333333333333333
MetaScope	phylum	True positives	7	10.0
MetaScope	phylum	False negatives	7	9.0
MetaScope	phylum	False positives	7	10.0
MetaScope	phylum	Completeness	7	0.5263157894736842
MetaScope	phylum	Purity	7	0.5
MetaScope	phylum	F1 score	7	0.5128205128205129
MetaScope	phylum	Jaccard index	7	0.3448275862068966
MetaScope	class	True positives	7	17.0
MetaScope	class	False negatives	7	11.0
MetaScope	class	False positives	7	19.0
MetaScope	class	Completeness	7	0.6071428571428571
MetaScope	class	Purity	7	0.4722222222222222
MetaScope	class	F1 score	7	0.53125
MetaScope	class	Jaccard index	7	0.3617021276595745
MetaScope	order	True positives	7	28.0
MetaScope	order	False negatives	7	14.0
MetaScope	order	False positives	7	49.0
MetaScope	order	Completeness	7	0.6666666666666666
MetaScope	order	Purity	7	0.36363636363636365
MetaScope	order	F1 score	7	0.4705882352941177
MetaScope	order	Jaccard index	7	0.3076923076923077
MetaScope	family	True positives	7	44.0
MetaScope	family	False negatives	7	30.0
MetaScope	family	False positives	7	101.0
MetaScope	family	Completeness	7	0.5945945945945946
MetaScope	family	Purity	7	0.30344827586206896
MetaScope	family	F1 score	7	0.40182648401826476
MetaScope	family	Jaccard index	7	0.25142857142857145
MetaScope	genus	True positives	7	79.0
MetaScope	genus	False negatives	7	80.0
MetaScope	genus	False positives	7	371.0
MetaScope	genus	Completeness	7	0.4968553459119497
MetaScope	genus	Purity	7	0.17555555555555555
MetaScope	genus	F1 score	7	0.25944170771756975
MetaScope	genus	Jaccard index	7	0.1490566037735849
MetaScope	species	True positives	7	96.0
MetaScope	species	False negatives	7	150.0
MetaScope	species	False positives	7	996.0
MetaScope	species	Completeness	7	0.3902439024390244
MetaScope	species	Purity	7	0.08791208791208792
MetaScope	species	F1 score	7	0.14349775784753366
MetaScope	species	Jaccard index	7	0.07729468599033816
MetaScope	strain	True positives	7	5.0
MetaScope	strain	False negatives	7	286.0
MetaScope	strain	False positives	7	163.0
MetaScope	strain	Completeness	7	0.01718213058419244
MetaScope	strain	Purity	7	0.02976190476190476
MetaScope	strain	F1 score	7	0.02178649237472767
MetaScope	strain	Jaccard index	7	0.011013215859030838
MetaScope	cellular root	L1 norm error	7	0.48936300000000005
MetaScope	domain	L1 norm error	7	0.48936199
MetaScope	kingdom	L1 norm error	7	0.9759468900000003
MetaScope	phylum	L1 norm error	7	0.9763607900000004
MetaScope	class	L1 norm error	7	0.9763591600000002
MetaScope	order	L1 norm error	7	0.66260779
MetaScope	family	L1 norm error	7	0.8078844799999998
MetaScope	genus	L1 norm error	7	0.9503467699999999
MetaScope	species	L1 norm error	7	1.2377190299999987
MetaScope	strain	L1 norm error	7	1.3092197200000004
MetaScope	na	Weighted UniFrac error	7	0.14222390048273814
MetaScope	na	Unweighted UniFrac error	7	3.8580036418901282
MetaScope	na	Weighted UniFrac (CAMI)	7	10.407022579291068
MetaScope	na	Unweighted UniFrac (CAMI)	7	11930.999981999981
MetaScope	cellular root	Sum of abundances	7	1.0
MetaScope	domain	Sum of abundances	7	0.9999999900000001
MetaScope	kingdom	Sum of abundances	7	0.9999498899999999
MetaScope	phylum	Sum of abundances	7	0.9999999100000001
MetaScope	class	Sum of abundances	7	0.9999982399999999
MetaScope	order	Sum of abundances	7	0.99999085
MetaScope	family	Sum of abundances	7	0.98340422
MetaScope	genus	Sum of abundances	7	0.9999901299999999
MetaScope	species	Sum of abundances	7	0.99999449
MetaScope	strain	Sum of abundances	7	0.36935972
MetaScope	cellular root	Taxon counts	7	1.0
MetaScope	domain	Taxon counts	7	3.0
MetaScope	kingdom	Taxon counts	7	6.0
MetaScope	phylum	Taxon counts	7	20.0
MetaScope	class	Taxon counts	7	36.0
MetaScope	order	Taxon counts	7	77.0
MetaScope	family	Taxon counts	7	145.0
MetaScope	genus	Taxon counts	7	450.0
MetaScope	species	Taxon counts	7	1092.0
MetaScope	strain	Taxon counts	7	168.0
MetaScope	cellular root	Bray-Curtis distance	8	0.3382366323542794
MetaScope	domain	Bray-Curtis distance	8	0.3382375189375668
MetaScope	kingdom	Bray-Curtis distance	8	0.49565636551247605
MetaScope	phylum	Bray-Curtis distance	8	0.4956710281000638
MetaScope	class	Bray-Curtis distance	8	0.5006563825981731
MetaScope	order	Bray-Curtis distance	8	0.41435524576383814
MetaScope	family	Bray-Curtis distance	8	0.4591961699012439
MetaScope	genus	Bray-Curtis distance	8	0.49638704297739694
MetaScope	species	Bray-Curtis distance	8	0.5532871722264232
MetaScope	strain	Bray-Curtis distance	8	0.9991204251838918
MetaScope	cellular root	Shannon diversity	8	0.0
MetaScope	cellular root	Shannon equitability	8	0.0
MetaScope	domain	Shannon diversity	8	0.08516944476128102
MetaScope	domain	Shannon equitability	8	0.07752456953174558
MetaScope	kingdom	Shannon diversity	8	0.6880482063361616
MetaScope	kingdom	Shannon equitability	8	0.384007015535737
MetaScope	phylum	Shannon diversity	8	0.8665425359078731
MetaScope	phylum	Shannon equitability	8	0.27636553481923365
MetaScope	class	Shannon diversity	8	1.1279813209253522
MetaScope	class	Shannon equitability	8	0.3078919996110897
MetaScope	order	Shannon diversity	8	1.6225444890657441
MetaScope	order	Shannon equitability	8	0.36521986430858183
MetaScope	family	Shannon diversity	8	1.9067106962793585
MetaScope	family	Shannon equitability	8	0.3752330181432409
MetaScope	genus	Shannon diversity	8	2.659321723026998
MetaScope	genus	Shannon equitability	8	0.4264214435277134
MetaScope	species	Shannon diversity	8	3.2011366796404945
MetaScope	species	Shannon equitability	8	0.4461685970639753
MetaScope	strain	Shannon diversity	8	1.0166676361222102
MetaScope	strain	Shannon equitability	8	0.1931840179886722
MetaScope	acellular root	True positives	8	0.0
MetaScope	acellular root	False negatives	8	1.0
MetaScope	acellular root	False positives	8	0.0
MetaScope	acellular root	Completeness	8	0.0
MetaScope	acellular root	Purity	8	0.0
MetaScope	acellular root	Jaccard index	8	0.0
MetaScope	cellular root	True positives	8	1.0
MetaScope	cellular root	False negatives	8	0.0
MetaScope	cellular root	False positives	8	0.0
MetaScope	cellular root	Completeness	8	1.0
MetaScope	cellular root	Purity	8	1.0
MetaScope	cellular root	F1 score	8	1.0
MetaScope	cellular root	Jaccard index	8	1.0
MetaScope	other entries	True positives	8	0.0
MetaScope	other entries	False negatives	8	1.0
MetaScope	other entries	False positives	8	0.0
MetaScope	other entries	Completeness	8	0.0
MetaScope	other entries	Purity	8	0.0
MetaScope	other entries	Jaccard index	8	0.0
MetaScope	realm	True positives	8	0.0
MetaScope	realm	False negatives	8	3.0
MetaScope	realm	False positives	8	0.0
MetaScope	realm	Completeness	8	0.0
MetaScope	realm	Purity	8	0.0
MetaScope	realm	Jaccard index	8	0.0
MetaScope	domain	True positives	8	2.0
MetaScope	domain	False negatives	8	0.0
MetaScope	domain	False positives	8	1.0
MetaScope	domain	Completeness	8	1.0
MetaScope	domain	Purity	8	0.6666666666666666
MetaScope	domain	F1 score	8	0.8
MetaScope	domain	Jaccard index	8	0.6666666666666666
MetaScope	kingdom	True positives	8	5.0
MetaScope	kingdom	False negatives	8	6.0
MetaScope	kingdom	False positives	8	1.0
MetaScope	kingdom	Completeness	8	0.45454545454545453
MetaScope	kingdom	Purity	8	0.8333333333333334
MetaScope	kingdom	F1 score	8	0.5882352941176471
MetaScope	kingdom	Jaccard index	8	0.4166666666666667
MetaScope	phylum	True positives	8	11.0
MetaScope	phylum	False negatives	8	9.0
MetaScope	phylum	False positives	8	12.0
MetaScope	phylum	Completeness	8	0.55
MetaScope	phylum	Purity	8	0.4782608695652174
MetaScope	phylum	F1 score	8	0.5116279069767442
MetaScope	phylum	Jaccard index	8	0.34375
MetaScope	class	True positives	8	19.0
MetaScope	class	False negatives	8	11.0
MetaScope	class	False positives	8	20.0
MetaScope	class	Completeness	8	0.6333333333333333
MetaScope	class	Purity	8	0.48717948717948717
MetaScope	class	F1 score	8	0.5507246376811593
MetaScope	class	Jaccard index	8	0.38
MetaScope	order	True positives	8	29.0
MetaScope	order	False negatives	8	14.0
MetaScope	order	False positives	8	56.0
MetaScope	order	Completeness	8	0.6744186046511628
MetaScope	order	Purity	8	0.3411764705882353
MetaScope	order	F1 score	8	0.453125
MetaScope	order	Jaccard index	8	0.29292929292929293
MetaScope	family	True positives	8	44.0
MetaScope	family	False negatives	8	30.0
MetaScope	family	False positives	8	117.0
MetaScope	family	Completeness	8	0.5945945945945946
MetaScope	family	Purity	8	0.2732919254658385
MetaScope	family	F1 score	8	0.374468085106383
MetaScope	family	Jaccard index	8	0.23036649214659685
MetaScope	genus	True positives	8	81.0
MetaScope	genus	False negatives	8	77.0
MetaScope	genus	False positives	8	430.0
MetaScope	genus	Completeness	8	0.5126582278481012
MetaScope	genus	Purity	8	0.15851272015655576
MetaScope	genus	F1 score	8	0.24215246636771298
MetaScope	genus	Jaccard index	8	0.1377551020408163
MetaScope	species	True positives	8	102.0
MetaScope	species	False negatives	8	151.0
MetaScope	species	False positives	8	1204.0
MetaScope	species	Completeness	8	0.4031620553359684
MetaScope	species	Purity	8	0.0781010719754977
MetaScope	species	F1 score	8	0.13085311096856958
MetaScope	species	Jaccard index	8	0.07000686341798215
MetaScope	strain	True positives	8	3.0
MetaScope	strain	False negatives	8	320.0
MetaScope	strain	False positives	8	190.0
MetaScope	strain	Completeness	8	0.009287925696594427
MetaScope	strain	Purity	8	0.015544041450777202
MetaScope	strain	F1 score	8	0.011627906976744188
MetaScope	strain	Jaccard index	8	0.005847953216374269
MetaScope	cellular root	L1 norm error	8	0.505496
MetaScope	domain	L1 norm error	8	0.50549698
MetaScope	kingdom	L1 norm error	8	0.9719527800000001
MetaScope	phylum	L1 norm error	8	0.97200586
MetaScope	class	L1 norm error	8	0.98178238
MetaScope	order	L1 norm error	8	0.6928058700000003
MetaScope	family	L1 norm error	8	0.8313523900000004
MetaScope	genus	L1 norm error	8	0.9647114599999996
MetaScope	species	L1 norm error	8	1.1065645899999987
MetaScope	strain	L1 norm error	8	1.397172929999999
MetaScope	na	Weighted UniFrac error	8	0.14389084048769846
MetaScope	na	Unweighted UniFrac error	8	4.0911987688943325
MetaScope	na	Weighted UniFrac (CAMI)	8	10.631436800000019
MetaScope	na	Unweighted UniFrac (CAMI)	8	14086.999971000001
MetaScope	cellular root	Sum of abundances	8	1.0
MetaScope	domain	Sum of abundances	8	0.9999999799999999
MetaScope	kingdom	Sum of abundances	8	0.9999477800000001
MetaScope	phylum	Sum of abundances	8	0.9999998600000001
MetaScope	class	Sum of abundances	8	0.99999944
MetaScope	order	Sum of abundances	8	0.99999341
MetaScope	family	Sum of abundances	8	0.99804349
MetaScope	genus	Sum of abundances	8	0.99999124
MetaScope	species	Sum of abundances	8	0.99999337
MetaScope	strain	Sum of abundances	8	0.39841593000000003
MetaScope	cellular root	Taxon counts	8	1.0
MetaScope	domain	Taxon counts	8	3.0
MetaScope	kingdom	Taxon counts	8	6.0
MetaScope	phylum	Taxon counts	8	23.0
MetaScope	class	Taxon counts	8	39.0
MetaScope	order	Taxon counts	8	85.0
MetaScope	family	Taxon counts	8	161.0
MetaScope	genus	Taxon counts	8	511.0
MetaScope	species	Taxon counts	8	1306.0
MetaScope	strain	Taxon counts	8	193.0
MetaScope	cellular root	Bray-Curtis distance	9	0.34016190495973814
MetaScope	domain	Bray-Curtis distance	9	0.3401619005382887
MetaScope	kingdom	Bray-Curtis distance	9	0.496808308266174
MetaScope	phylum	Bray-Curtis distance	9	0.49709179686962046
MetaScope	class	Bray-Curtis distance	9	0.4972381279185071
MetaScope	order	Bray-Curtis distance	9	0.41253990894599313
MetaScope	family	Bray-Curtis distance	9	0.4563026920523328
MetaScope	genus	Bray-Curtis distance	9	0.5340803993703559
MetaScope	species	Bray-Curtis distance	9	0.6574831240579553
MetaScope	strain	Bray-Curtis distance	9	0.9962347351799457
MetaScope	cellular root	Shannon diversity	9	0.0
MetaScope	cellular root	Shannon equitability	9	0.0
MetaScope	domain	Shannon diversity	9	0.10248647511738776
MetaScope	domain	Shannon equitability	9	0.09328720985056164
MetaScope	kingdom	Shannon diversity	9	0.7609502489172906
MetaScope	kingdom	Shannon equitability	9	0.4246944201975566
MetaScope	phylum	Shannon diversity	9	0.9893585661587436
MetaScope	phylum	Shannon equitability	9	0.32496346681502797
MetaScope	class	Shannon diversity	9	1.301423165835337
MetaScope	class	Shannon equitability	9	0.35777109013776004
MetaScope	order	Shannon diversity	9	1.6281425706142125
MetaScope	order	Shannon equitability	9	0.3592072436741019
MetaScope	family	Shannon diversity	9	2.0227142789084
MetaScope	family	Shannon equitability	9	0.3920706721667357
MetaScope	genus	Shannon diversity	9	2.889442805377754
MetaScope	genus	Shannon equitability	9	0.4602107104797594
MetaScope	species	Shannon diversity	9	3.203892954635362
MetaScope	species	Shannon equitability	9	0.443193039810483
MetaScope	strain	Shannon diversity	9	0.7677667378223337
MetaScope	strain	Shannon equitability	9	0.1445015948658548
MetaScope	acellular root	True positives	9	0.0
MetaScope	acellular root	False negatives	9	1.0
MetaScope	acellular root	False positives	9	0.0
MetaScope	acellular root	Completeness	9	0.0
MetaScope	acellular root	Purity	9	0.0
MetaScope	acellular root	Jaccard index	9	0.0
MetaScope	cellular root	True positives	9	1.0
MetaScope	cellular root	False negatives	9	0.0
MetaScope	cellular root	False positives	9	0.0
MetaScope	cellular root	Completeness	9	1.0
MetaScope	cellular root	Purity	9	1.0
MetaScope	cellular root	F1 score	9	1.0
MetaScope	cellular root	Jaccard index	9	1.0
MetaScope	other entries	True positives	9	0.0
MetaScope	other entries	False negatives	9	1.0
MetaScope	other entries	False positives	9	0.0
MetaScope	other entries	Completeness	9	0.0
MetaScope	other entries	Purity	9	0.0
MetaScope	other entries	Jaccard index	9	0.0
MetaScope	realm	True positives	9	0.0
MetaScope	realm	False negatives	9	3.0
MetaScope	realm	False positives	9	0.0
MetaScope	realm	Completeness	9	0.0
MetaScope	realm	Purity	9	0.0
MetaScope	realm	Jaccard index	9	0.0
MetaScope	domain	True positives	9	2.0
MetaScope	domain	False negatives	9	0.0
MetaScope	domain	False positives	9	1.0
MetaScope	domain	Completeness	9	1.0
MetaScope	domain	Purity	9	0.6666666666666666
MetaScope	domain	F1 score	9	0.8
MetaScope	domain	Jaccard index	9	0.6666666666666666
MetaScope	kingdom	True positives	9	4.0
MetaScope	kingdom	False negatives	9	6.0
MetaScope	kingdom	False positives	9	2.0
MetaScope	kingdom	Completeness	9	0.4
MetaScope	kingdom	Purity	9	0.6666666666666666
MetaScope	kingdom	F1 score	9	0.5
MetaScope	kingdom	Jaccard index	9	0.3333333333333333
MetaScope	phylum	True positives	9	10.0
MetaScope	phylum	False negatives	9	9.0
MetaScope	phylum	False positives	9	11.0
MetaScope	phylum	Completeness	9	0.5263157894736842
MetaScope	phylum	Purity	9	0.47619047619047616
MetaScope	phylum	F1 score	9	0.5
MetaScope	phylum	Jaccard index	9	0.3333333333333333
MetaScope	class	True positives	9	17.0
MetaScope	class	False negatives	9	11.0
MetaScope	class	False positives	9	21.0
MetaScope	class	Completeness	9	0.6071428571428571
MetaScope	class	Purity	9	0.4473684210526316
MetaScope	class	F1 score	9	0.5151515151515151
MetaScope	class	Jaccard index	9	0.3469387755102041
MetaScope	order	True positives	9	28.0
MetaScope	order	False negatives	9	14.0
MetaScope	order	False positives	9	65.0
MetaScope	order	Completeness	9	0.6666666666666666
MetaScope	order	Purity	9	0.3010752688172043
MetaScope	order	F1 score	9	0.4148148148148148
MetaScope	order	Jaccard index	9	0.2616822429906542
MetaScope	family	True positives	9	45.0
MetaScope	family	False negatives	9	30.0
MetaScope	family	False positives	9	129.0
MetaScope	family	Completeness	9	0.6
MetaScope	family	Purity	9	0.25862068965517243
MetaScope	family	F1 score	9	0.3614457831325301
MetaScope	family	Jaccard index	9	0.22058823529411764
MetaScope	genus	True positives	9	81.0
MetaScope	genus	False negatives	9	78.0
MetaScope	genus	False positives	9	452.0
MetaScope	genus	Completeness	9	0.5094339622641509
MetaScope	genus	Purity	9	0.15196998123827393
MetaScope	genus	F1 score	9	0.23410404624277462
MetaScope	genus	Jaccard index	9	0.132569558101473
MetaScope	species	True positives	9	105.0
MetaScope	species	False negatives	9	148.0
MetaScope	species	False positives	9	1274.0
MetaScope	species	Completeness	9	0.4150197628458498
MetaScope	species	Purity	9	0.07614213197969544
MetaScope	species	F1 score	9	0.1286764705882353
MetaScope	species	Jaccard index	9	0.068762278978389
MetaScope	strain	True positives	9	2.0
MetaScope	strain	False negatives	9	321.0
MetaScope	strain	False positives	9	201.0
MetaScope	strain	Completeness	9	0.006191950464396285
MetaScope	strain	Purity	9	0.009852216748768473
MetaScope	strain	F1 score	9	0.0076045627376425855
MetaScope	strain	Jaccard index	9	0.003816793893129771
MetaScope	cellular root	L1 norm error	9	0.507643
MetaScope	domain	L1 norm error	9	0.5076429899999999
MetaScope	kingdom	L1 norm error	9	0.9722023799999999
MetaScope	phylum	L1 norm error	9	0.9727815500000001
MetaScope	class	L1 norm error	9	0.9730610500000002
MetaScope	order	L1 norm error	9	0.6908907999999997
MetaScope	family	L1 norm error	9	0.8123191100000006
MetaScope	genus	L1 norm error	9	1.0309709699999996
MetaScope	species	L1 norm error	9	1.3149649199999986
MetaScope	strain	L1 norm error	9	1.1948684299999994
MetaScope	na	Weighted UniFrac error	9	0.14444680169464288
MetaScope	na	Unweighted UniFrac error	9	4.494302288610269
MetaScope	na	Weighted UniFrac (CAMI)	9	10.736533570808689
MetaScope	na	Unweighted UniFrac (CAMI)	9	14880.000049000051
MetaScope	cellular root	Sum of abundances	9	1.0
MetaScope	domain	Sum of abundances	9	0.9999999899999998
MetaScope	kingdom	Sum of abundances	9	0.99994838
MetaScope	phylum	Sum of abundances	9	0.99999949
MetaScope	class	Sum of abundances	9	0.99998369
MetaScope	order	Sum of abundances	9	0.9999787600000001
MetaScope	family	Sum of abundances	9	0.99974385
MetaScope	genus	Sum of abundances	9	0.99999161
MetaScope	species	Sum of abundances	9	0.9999929799999999
MetaScope	strain	Sum of abundances	9	0.19937443
MetaScope	cellular root	Taxon counts	9	1.0
MetaScope	domain	Taxon counts	9	3.0
MetaScope	kingdom	Taxon counts	9	6.0
MetaScope	phylum	Taxon counts	9	21.0
MetaScope	class	Taxon counts	9	38.0
MetaScope	order	Taxon counts	9	93.0
MetaScope	family	Taxon counts	9	174.0
MetaScope	genus	Taxon counts	9	533.0
MetaScope	species	Taxon counts	9	1379.0
MetaScope	strain	Taxon counts	9	203.0
mOTUs-precision	domain	Bray-Curtis distance	0	0.3496514056697194
mOTUs-precision	phylum	Bray-Curtis distance	0	0.5099564482779709
mOTUs-precision	class	Bray-Curtis distance	0	0.5160682468481971
mOTUs-precision	order	Bray-Curtis distance	0	0.5168278014333249
mOTUs-precision	family	Bray-Curtis distance	0	0.5781406032227615
mOTUs-precision	genus	Bray-Curtis distance	0	0.5713361293063928
mOTUs-precision	species	Bray-Curtis distance	0	0.6921731218117808
mOTUs-precision	domain	Shannon diversity	0	0.0
mOTUs-precision	domain	Shannon equitability	0	0.0
mOTUs-precision	phylum	Shannon diversity	0	0.8077170260021149
mOTUs-precision	phylum	Shannon equitability	0	0.5826446739274166
mOTUs-precision	class	Shannon diversity	0	1.2058984694654276
mOTUs-precision	class	Shannon equitability	0	0.5237150510244122
mOTUs-precision	order	Shannon diversity	0	1.215338969067201
mOTUs-precision	order	Shannon equitability	0	0.47382571727263656
mOTUs-precision	family	Shannon diversity	0	2.0837017565888427
mOTUs-precision	family	Shannon equitability	0	0.639545738523204
mOTUs-precision	genus	Shannon diversity	0	2.3962188980637555
mOTUs-precision	genus	Shannon equitability	0	0.6410997072460052
mOTUs-precision	species	Shannon diversity	0	2.1907310358943493
mOTUs-precision	species	Shannon equitability	0	0.5517808472511928
mOTUs-precision	acellular root	True positives	0	0.0
mOTUs-precision	acellular root	False negatives	0	1.0
mOTUs-precision	acellular root	False positives	0	0.0
mOTUs-precision	acellular root	Completeness	0	0.0
mOTUs-precision	acellular root	Purity	0	0.0
mOTUs-precision	acellular root	Jaccard index	0	0.0
mOTUs-precision	cellular root	True positives	0	0.0
mOTUs-precision	cellular root	False negatives	0	1.0
mOTUs-precision	cellular root	False positives	0	0.0
mOTUs-precision	cellular root	Completeness	0	0.0
mOTUs-precision	cellular root	Purity	0	0.0
mOTUs-precision	cellular root	Jaccard index	0	0.0
mOTUs-precision	other entries	True positives	0	0.0
mOTUs-precision	other entries	False negatives	0	1.0
mOTUs-precision	other entries	False positives	0	0.0
mOTUs-precision	other entries	Completeness	0	0.0
mOTUs-precision	other entries	Purity	0	0.0
mOTUs-precision	other entries	Jaccard index	0	0.0
mOTUs-precision	realm	True positives	0	0.0
mOTUs-precision	realm	False negatives	0	3.0
mOTUs-precision	realm	False positives	0	0.0
mOTUs-precision	realm	Completeness	0	0.0
mOTUs-precision	realm	Purity	0	0.0
mOTUs-precision	realm	Jaccard index	0	0.0
mOTUs-precision	domain	True positives	0	1.0
mOTUs-precision	domain	False negatives	0	1.0
mOTUs-precision	domain	False positives	0	0.0
mOTUs-precision	domain	Completeness	0	0.5
mOTUs-precision	domain	Purity	0	1.0
mOTUs-precision	domain	F1 score	0	0.6666666666666666
mOTUs-precision	domain	Jaccard index	0	0.5
mOTUs-precision	kingdom	True positives	0	0.0
mOTUs-precision	kingdom	False negatives	0	10.0
mOTUs-precision	kingdom	False positives	0	0.0
mOTUs-precision	kingdom	Completeness	0	0.0
mOTUs-precision	kingdom	Purity	0	0.0
mOTUs-precision	kingdom	Jaccard index	0	0.0
mOTUs-precision	phylum	True positives	0	4.0
mOTUs-precision	phylum	False negatives	0	14.0
mOTUs-precision	phylum	False positives	0	0.0
mOTUs-precision	phylum	Completeness	0	0.2222222222222222
mOTUs-precision	phylum	Purity	0	1.0
mOTUs-precision	phylum	F1 score	0	0.3636363636363636
mOTUs-precision	phylum	Jaccard index	0	0.2222222222222222
mOTUs-precision	class	True positives	0	9.0
mOTUs-precision	class	False negatives	0	17.0
mOTUs-precision	class	False positives	0	1.0
mOTUs-precision	class	Completeness	0	0.34615384615384615
mOTUs-precision	class	Purity	0	0.9
mOTUs-precision	class	F1 score	0	0.5
mOTUs-precision	class	Jaccard index	0	0.3333333333333333
mOTUs-precision	order	True positives	0	13.0
mOTUs-precision	order	False negatives	0	30.0
mOTUs-precision	order	False positives	0	0.0
mOTUs-precision	order	Completeness	0	0.3023255813953488
mOTUs-precision	order	Purity	0	1.0
mOTUs-precision	order	F1 score	0	0.46428571428571425
mOTUs-precision	order	Jaccard index	0	0.3023255813953488
mOTUs-precision	family	True positives	0	24.0
mOTUs-precision	family	False negatives	0	51.0
mOTUs-precision	family	False positives	0	2.0
mOTUs-precision	family	Completeness	0	0.32
mOTUs-precision	family	Purity	0	0.9230769230769231
mOTUs-precision	family	F1 score	0	0.4752475247524752
mOTUs-precision	family	Jaccard index	0	0.3116883116883117
mOTUs-precision	genus	True positives	0	40.0
mOTUs-precision	genus	False negatives	0	118.0
mOTUs-precision	genus	False positives	0	2.0
mOTUs-precision	genus	Completeness	0	0.25316455696202533
mOTUs-precision	genus	Purity	0	0.9523809523809523
mOTUs-precision	genus	F1 score	0	0.4
mOTUs-precision	genus	Jaccard index	0	0.25
mOTUs-precision	species	True positives	0	45.0
mOTUs-precision	species	False negatives	0	209.0
mOTUs-precision	species	False positives	0	8.0
mOTUs-precision	species	Completeness	0	0.17716535433070865
mOTUs-precision	species	Purity	0	0.8490566037735849
mOTUs-precision	species	F1 score	0	0.2931596091205212
mOTUs-precision	species	Jaccard index	0	0.1717557251908397
mOTUs-precision	strain	True positives	0	0.0
mOTUs-precision	strain	False negatives	0	311.0
mOTUs-precision	strain	False positives	0	0.0
mOTUs-precision	strain	Completeness	0	0.0
mOTUs-precision	strain	Purity	0	0.0
mOTUs-precision	strain	Jaccard index	0	0.0
mOTUs-precision	domain	L1 norm error	0	0.523282
mOTUs-precision	phylum	L1 norm error	0	1.008983
mOTUs-precision	class	L1 norm error	0	1.0210756029616965
mOTUs-precision	order	L1 norm error	0	0.8272046029616963
mOTUs-precision	family	L1 norm error	0	1.0234111985910581
mOTUs-precision	genus	L1 norm error	0	1.104412734713783
mOTUs-precision	species	L1 norm error	0	1.3843393218923432
mOTUs-precision	na	Weighted UniFrac error	0	0.1334792067480671
mOTUs-precision	na	Unweighted UniFrac error	0	0.8389606396166619
mOTUs-precision	na	Weighted UniFrac (CAMI)	0	10.10169575175649
mOTUs-precision	na	Unweighted UniFrac (CAMI)	0	3062.413634432828
mOTUs-precision	domain	Sum of abundances	0	1.0
mOTUs-precision	phylum	Sum of abundances	0	1.0000000000000002
mOTUs-precision	class	Sum of abundances	0	1.0000000000000002
mOTUs-precision	order	Sum of abundances	0	1.0
mOTUs-precision	family	Sum of abundances	0	0.9999999999999997
mOTUs-precision	genus	Sum of abundances	0	0.9999999999999999
mOTUs-precision	species	Sum of abundances	0	0.9999999999999997
mOTUs-precision	domain	Taxon counts	0	1.0
mOTUs-precision	phylum	Taxon counts	0	4.0
mOTUs-precision	class	Taxon counts	0	10.0
mOTUs-precision	order	Taxon counts	0	13.0
mOTUs-precision	family	Taxon counts	0	26.0
mOTUs-precision	genus	Taxon counts	0	42.0
mOTUs-precision	species	Taxon counts	0	53.0
mOTUs-precision	domain	Bray-Curtis distance	10	0.3446138076093612
mOTUs-precision	phylum	Bray-Curtis distance	10	0.5066074708443391
mOTUs-precision	class	Bray-Curtis distance	10	0.5066360242181146
mOTUs-precision	order	Bray-Curtis distance	10	0.596840760914146
mOTUs-precision	family	Bray-Curtis distance	10	0.6227784558605612
mOTUs-precision	genus	Bray-Curtis distance	10	0.7062613992959934
mOTUs-precision	species	Bray-Curtis distance	10	0.8950701049298951
mOTUs-precision	domain	Shannon diversity	10	0.0
mOTUs-precision	domain	Shannon equitability	10	0.0
mOTUs-precision	phylum	Shannon diversity	10	0.8961129472466367
mOTUs-precision	phylum	Shannon equitability	10	0.5001301584485052
mOTUs-precision	class	Shannon diversity	10	1.1740472078187814
mOTUs-precision	class	Shannon equitability	10	0.4577272468960967
mOTUs-precision	order	Shannon diversity	10	1.1837799205111967
mOTUs-precision	order	Shannon equitability	10	0.4178223722525671
mOTUs-precision	family	Shannon diversity	10	2.1740082597653703
mOTUs-precision	family	Shannon equitability	10	0.6330857194010182
mOTUs-precision	genus	Shannon diversity	10	2.2771233727743287
mOTUs-precision	genus	Shannon equitability	10	0.6054246790201507
mOTUs-precision	species	Shannon diversity	10	2.5447578682092
mOTUs-precision	species	Shannon equitability	10	0.6538734251025442
mOTUs-precision	acellular root	True positives	10	0.0
mOTUs-precision	acellular root	False negatives	10	1.0
mOTUs-precision	acellular root	False positives	10	0.0
mOTUs-precision	acellular root	Completeness	10	0.0
mOTUs-precision	acellular root	Purity	10	0.0
mOTUs-precision	acellular root	Jaccard index	10	0.0
mOTUs-precision	cellular root	True positives	10	0.0
mOTUs-precision	cellular root	False negatives	10	1.0
mOTUs-precision	cellular root	False positives	10	0.0
mOTUs-precision	cellular root	Completeness	10	0.0
mOTUs-precision	cellular root	Purity	10	0.0
mOTUs-precision	cellular root	Jaccard index	10	0.0
mOTUs-precision	other entries	True positives	10	0.0
mOTUs-precision	other entries	False negatives	10	1.0
mOTUs-precision	other entries	False positives	10	0.0
mOTUs-precision	other entries	Completeness	10	0.0
mOTUs-precision	other entries	Purity	10	0.0
mOTUs-precision	other entries	Jaccard index	10	0.0
mOTUs-precision	realm	True positives	10	0.0
mOTUs-precision	realm	False negatives	10	3.0
mOTUs-precision	realm	False positives	10	0.0
mOTUs-precision	realm	Completeness	10	0.0
mOTUs-precision	realm	Purity	10	0.0
mOTUs-precision	realm	Jaccard index	10	0.0
mOTUs-precision	domain	True positives	10	1.0
mOTUs-precision	domain	False negatives	10	1.0
mOTUs-precision	domain	False positives	10	0.0
mOTUs-precision	domain	Completeness	10	0.5
mOTUs-precision	domain	Purity	10	1.0
mOTUs-precision	domain	F1 score	10	0.6666666666666666
mOTUs-precision	domain	Jaccard index	10	0.5
mOTUs-precision	kingdom	True positives	10	0.0
mOTUs-precision	kingdom	False negatives	10	11.0
mOTUs-precision	kingdom	False positives	10	0.0
mOTUs-precision	kingdom	Completeness	10	0.0
mOTUs-precision	kingdom	Purity	10	0.0
mOTUs-precision	kingdom	Jaccard index	10	0.0
mOTUs-precision	phylum	True positives	10	6.0
mOTUs-precision	phylum	False negatives	10	14.0
mOTUs-precision	phylum	False positives	10	0.0
mOTUs-precision	phylum	Completeness	10	0.3
mOTUs-precision	phylum	Purity	10	1.0
mOTUs-precision	phylum	F1 score	10	0.4615384615384615
mOTUs-precision	phylum	Jaccard index	10	0.3
mOTUs-precision	class	True positives	10	11.0
mOTUs-precision	class	False negatives	10	19.0
mOTUs-precision	class	False positives	10	2.0
mOTUs-precision	class	Completeness	10	0.36666666666666664
mOTUs-precision	class	Purity	10	0.8461538461538461
mOTUs-precision	class	F1 score	10	0.5116279069767441
mOTUs-precision	class	Jaccard index	10	0.34375
mOTUs-precision	order	True positives	10	17.0
mOTUs-precision	order	False negatives	10	26.0
mOTUs-precision	order	False positives	10	0.0
mOTUs-precision	order	Completeness	10	0.3953488372093023
mOTUs-precision	order	Purity	10	1.0
mOTUs-precision	order	F1 score	10	0.5666666666666667
mOTUs-precision	order	Jaccard index	10	0.3953488372093023
mOTUs-precision	family	True positives	10	29.0
mOTUs-precision	family	False negatives	10	49.0
mOTUs-precision	family	False positives	10	2.0
mOTUs-precision	family	Completeness	10	0.3717948717948718
mOTUs-precision	family	Purity	10	0.9354838709677419
mOTUs-precision	family	F1 score	10	0.5321100917431193
mOTUs-precision	family	Jaccard index	10	0.3625
mOTUs-precision	genus	True positives	10	41.0
mOTUs-precision	genus	False negatives	10	133.0
mOTUs-precision	genus	False positives	10	2.0
mOTUs-precision	genus	Completeness	10	0.23563218390804597
mOTUs-precision	genus	Purity	10	0.9534883720930233
mOTUs-precision	genus	F1 score	10	0.37788018433179726
mOTUs-precision	genus	Jaccard index	10	0.23295454545454544
mOTUs-precision	species	True positives	10	42.0
mOTUs-precision	species	False negatives	10	222.0
mOTUs-precision	species	False positives	10	7.0
mOTUs-precision	species	Completeness	10	0.1590909090909091
mOTUs-precision	species	Purity	10	0.8571428571428571
mOTUs-precision	species	F1 score	10	0.268370607028754
mOTUs-precision	species	Jaccard index	10	0.15498154981549817
mOTUs-precision	strain	True positives	10	0.0
mOTUs-precision	strain	False negatives	10	346.0
mOTUs-precision	strain	False positives	10	0.0
mOTUs-precision	strain	Completeness	10	0.0
mOTUs-precision	strain	Purity	10	0.0
mOTUs-precision	strain	Jaccard index	10	0.0
mOTUs-precision	domain	L1 norm error	10	0.517734
mOTUs-precision	phylum	L1 norm error	10	1.0023320000000002
mOTUs-precision	class	L1 norm error	10	1.002389
mOTUs-precision	order	L1 norm error	10	0.9968129999999998
mOTUs-precision	family	L1 norm error	10	1.1203217692536664
mOTUs-precision	genus	L1 norm error	10	1.3675501914690156
mOTUs-precision	species	L1 norm error	10	1.790142
mOTUs-precision	na	Weighted UniFrac error	10	0.10643298658082331
mOTUs-precision	na	Unweighted UniFrac error	10	0.8516820857411163
mOTUs-precision	na	Weighted UniFrac (CAMI)	10	9.653785081105102
mOTUs-precision	na	Unweighted UniFrac (CAMI)	10	3417.88218996242
mOTUs-precision	domain	Sum of abundances	10	1.0
mOTUs-precision	phylum	Sum of abundances	10	1.0000000000000002
mOTUs-precision	class	Sum of abundances	10	0.9999999999999999
mOTUs-precision	order	Sum of abundances	10	0.9999999999999999
mOTUs-precision	family	Sum of abundances	10	0.9999999999999999
mOTUs-precision	genus	Sum of abundances	10	1.0
mOTUs-precision	species	Sum of abundances	10	1.0
mOTUs-precision	domain	Taxon counts	10	1.0
mOTUs-precision	phylum	Taxon counts	10	6.0
mOTUs-precision	class	Taxon counts	10	13.0
mOTUs-precision	order	Taxon counts	10	17.0
mOTUs-precision	family	Taxon counts	10	31.0
mOTUs-precision	genus	Taxon counts	10	43.0
mOTUs-precision	species	Taxon counts	10	49.0
mOTUs-precision	domain	Bray-Curtis distance	11	0.34210036804273014
mOTUs-precision	phylum	Bray-Curtis distance	11	0.4999228594509313
mOTUs-precision	class	Bray-Curtis distance	11	0.49992235368981836
mOTUs-precision	order	Bray-Curtis distance	11	0.5919009448346125
mOTUs-precision	family	Bray-Curtis distance	11	0.5173539427846909
mOTUs-precision	genus	Bray-Curtis distance	11	0.5853496170539404
mOTUs-precision	species	Bray-Curtis distance	11	0.6586691466728669
mOTUs-precision	domain	Shannon diversity	11	0.0
mOTUs-precision	domain	Shannon equitability	11	0.0
mOTUs-precision	phylum	Shannon diversity	11	0.8642065321481535
mOTUs-precision	phylum	Shannon equitability	11	0.48232284912688655
mOTUs-precision	class	Shannon diversity	11	1.1460699094186886
mOTUs-precision	class	Shannon equitability	11	0.4612124602412994
mOTUs-precision	order	Shannon diversity	11	1.155652380157881
mOTUs-precision	order	Shannon equitability	11	0.42674702990643093
mOTUs-precision	family	Shannon diversity	11	1.6112531372134393
mOTUs-precision	family	Shannon equitability	11	0.4835396904041527
mOTUs-precision	genus	Shannon diversity	11	1.9889971135064977
mOTUs-precision	genus	Shannon equitability	11	0.5288198054677896
mOTUs-precision	species	Shannon diversity	11	2.7626518634592565
mOTUs-precision	species	Shannon equitability	11	0.6958309171245749
mOTUs-precision	acellular root	True positives	11	0.0
mOTUs-precision	acellular root	False negatives	11	1.0
mOTUs-precision	acellular root	False positives	11	0.0
mOTUs-precision	acellular root	Completeness	11	0.0
mOTUs-precision	acellular root	Purity	11	0.0
mOTUs-precision	acellular root	Jaccard index	11	0.0
mOTUs-precision	cellular root	True positives	11	0.0
mOTUs-precision	cellular root	False negatives	11	1.0
mOTUs-precision	cellular root	False positives	11	0.0
mOTUs-precision	cellular root	Completeness	11	0.0
mOTUs-precision	cellular root	Purity	11	0.0
mOTUs-precision	cellular root	Jaccard index	11	0.0
mOTUs-precision	other entries	True positives	11	0.0
mOTUs-precision	other entries	False negatives	11	1.0
mOTUs-precision	other entries	False positives	11	0.0
mOTUs-precision	other entries	Completeness	11	0.0
mOTUs-precision	other entries	Purity	11	0.0
mOTUs-precision	other entries	Jaccard index	11	0.0
mOTUs-precision	realm	True positives	11	0.0
mOTUs-precision	realm	False negatives	11	4.0
mOTUs-precision	realm	False positives	11	0.0
mOTUs-precision	realm	Completeness	11	0.0
mOTUs-precision	realm	Purity	11	0.0
mOTUs-precision	realm	Jaccard index	11	0.0
mOTUs-precision	domain	True positives	11	1.0
mOTUs-precision	domain	False negatives	11	1.0
mOTUs-precision	domain	False positives	11	0.0
mOTUs-precision	domain	Completeness	11	0.5
mOTUs-precision	domain	Purity	11	1.0
mOTUs-precision	domain	F1 score	11	0.6666666666666666
mOTUs-precision	domain	Jaccard index	11	0.5
mOTUs-precision	kingdom	True positives	11	0.0
mOTUs-precision	kingdom	False negatives	11	11.0
mOTUs-precision	kingdom	False positives	11	0.0
mOTUs-precision	kingdom	Completeness	11	0.0
mOTUs-precision	kingdom	Purity	11	0.0
mOTUs-precision	kingdom	Jaccard index	11	0.0
mOTUs-precision	phylum	True positives	11	6.0
mOTUs-precision	phylum	False negatives	11	14.0
mOTUs-precision	phylum	False positives	11	0.0
mOTUs-precision	phylum	Completeness	11	0.3
mOTUs-precision	phylum	Purity	11	1.0
mOTUs-precision	phylum	F1 score	11	0.4615384615384615
mOTUs-precision	phylum	Jaccard index	11	0.3
mOTUs-precision	class	True positives	11	11.0
mOTUs-precision	class	False negatives	11	18.0
mOTUs-precision	class	False positives	11	1.0
mOTUs-precision	class	Completeness	11	0.3793103448275862
mOTUs-precision	class	Purity	11	0.9166666666666666
mOTUs-precision	class	F1 score	11	0.5365853658536586
mOTUs-precision	class	Jaccard index	11	0.36666666666666664
mOTUs-precision	order	True positives	11	15.0
mOTUs-precision	order	False negatives	11	28.0
mOTUs-precision	order	False positives	11	0.0
mOTUs-precision	order	Completeness	11	0.3488372093023256
mOTUs-precision	order	Purity	11	1.0
mOTUs-precision	order	F1 score	11	0.5172413793103449
mOTUs-precision	order	Jaccard index	11	0.3488372093023256
mOTUs-precision	family	True positives	11	26.0
mOTUs-precision	family	False negatives	11	47.0
mOTUs-precision	family	False positives	11	2.0
mOTUs-precision	family	Completeness	11	0.3561643835616438
mOTUs-precision	family	Purity	11	0.9285714285714286
mOTUs-precision	family	F1 score	11	0.5148514851485149
mOTUs-precision	family	Jaccard index	11	0.3466666666666667
mOTUs-precision	genus	True positives	11	40.0
mOTUs-precision	genus	False negatives	11	112.0
mOTUs-precision	genus	False positives	11	3.0
mOTUs-precision	genus	Completeness	11	0.2631578947368421
mOTUs-precision	genus	Purity	11	0.9302325581395349
mOTUs-precision	genus	F1 score	11	0.41025641025641024
mOTUs-precision	genus	Jaccard index	11	0.25806451612903225
mOTUs-precision	species	True positives	11	44.0
mOTUs-precision	species	False negatives	11	191.0
mOTUs-precision	species	False positives	11	9.0
mOTUs-precision	species	Completeness	11	0.18723404255319148
mOTUs-precision	species	Purity	11	0.8301886792452831
mOTUs-precision	species	F1 score	11	0.3055555555555555
mOTUs-precision	species	Jaccard index	11	0.18032786885245902
mOTUs-precision	strain	True positives	11	0.0
mOTUs-precision	strain	False negatives	11	268.0
mOTUs-precision	strain	False positives	11	0.0
mOTUs-precision	strain	Completeness	11	0.0
mOTUs-precision	strain	Purity	11	0.0
mOTUs-precision	strain	Jaccard index	11	0.0
mOTUs-precision	domain	L1 norm error	11	0.51495
mOTUs-precision	phylum	L1 norm error	11	0.9883030000000003
mOTUs-precision	class	L1 norm error	11	0.988303
mOTUs-precision	order	L1 norm error	11	1.001584
mOTUs-precision	family	L1 norm error	11	0.9267407738957018
mOTUs-precision	genus	L1 norm error	11	1.1316570000000006
mOTUs-precision	species	L1 norm error	11	1.3173350000000006
mOTUs-precision	na	Weighted UniFrac error	11	0.13041174456069438
mOTUs-precision	na	Unweighted UniFrac error	11	0.7469862273994938
mOTUs-precision	na	Weighted UniFrac (CAMI)	11	9.750300363787234
mOTUs-precision	na	Unweighted UniFrac (CAMI)	11	2460.265971094044
mOTUs-precision	domain	Sum of abundances	11	1.0
mOTUs-precision	phylum	Sum of abundances	11	1.0
mOTUs-precision	class	Sum of abundances	11	1.0000000000000002
mOTUs-precision	order	Sum of abundances	11	1.0
mOTUs-precision	family	Sum of abundances	11	1.0
mOTUs-precision	genus	Sum of abundances	11	1.0000000000000004
mOTUs-precision	species	Sum of abundances	11	1.0000000000000002
mOTUs-precision	domain	Taxon counts	11	1.0
mOTUs-precision	phylum	Taxon counts	11	6.0
mOTUs-precision	class	Taxon counts	11	12.0
mOTUs-precision	order	Taxon counts	11	15.0
mOTUs-precision	family	Taxon counts	11	28.0
mOTUs-precision	genus	Taxon counts	11	43.0
mOTUs-precision	species	Taxon counts	11	53.0
mOTUs-precision	domain	Bray-Curtis distance	12	0.3672865862123375
mOTUs-precision	phylum	Bray-Curtis distance	12	0.5178373244379452
mOTUs-precision	class	Bray-Curtis distance	12	0.5178365305912177
mOTUs-precision	order	Bray-Curtis distance	12	0.6307144989248096
mOTUs-precision	family	Bray-Curtis distance	12	0.5938951688601991
mOTUs-precision	genus	Bray-Curtis distance	12	0.5570014669407664
mOTUs-precision	species	Bray-Curtis distance	12	0.7578123632814548
mOTUs-precision	domain	Shannon diversity	12	0.0
mOTUs-precision	domain	Shannon equitability	12	0.0
mOTUs-precision	phylum	Shannon diversity	12	0.8504649999091403
mOTUs-precision	phylum	Shannon equitability	12	0.528423615063786
mOTUs-precision	class	Shannon diversity	12	1.1627635539691246
mOTUs-precision	class	Shannon equitability	12	0.4679304770134225
mOTUs-precision	order	Shannon diversity	12	1.1682886487930597
mOTUs-precision	order	Shannon equitability	12	0.44269165193292015
mOTUs-precision	family	Shannon diversity	12	1.9688426142863578
mOTUs-precision	family	Shannon equitability	12	0.6116553484528946
mOTUs-precision	genus	Shannon diversity	12	2.6813268155516186
mOTUs-precision	genus	Shannon equitability	12	0.7318907321743294
mOTUs-precision	species	Shannon diversity	12	2.6376276545594135
mOTUs-precision	species	Shannon equitability	12	0.667543650156405
mOTUs-precision	acellular root	True positives	12	0.0
mOTUs-precision	acellular root	False negatives	12	1.0
mOTUs-precision	acellular root	False positives	12	0.0
mOTUs-precision	acellular root	Completeness	12	0.0
mOTUs-precision	acellular root	Purity	12	0.0
mOTUs-precision	acellular root	Jaccard index	12	0.0
mOTUs-precision	cellular root	True positives	12	0.0
mOTUs-precision	cellular root	False negatives	12	1.0
mOTUs-precision	cellular root	False positives	12	0.0
mOTUs-precision	cellular root	Completeness	12	0.0
mOTUs-precision	cellular root	Purity	12	0.0
mOTUs-precision	cellular root	Jaccard index	12	0.0
mOTUs-precision	other entries	True positives	12	0.0
mOTUs-precision	other entries	False negatives	12	1.0
mOTUs-precision	other entries	False positives	12	0.0
mOTUs-precision	other entries	Completeness	12	0.0
mOTUs-precision	other entries	Purity	12	0.0
mOTUs-precision	other entries	Jaccard index	12	0.0
mOTUs-precision	realm	True positives	12	0.0
mOTUs-precision	realm	False negatives	12	3.0
mOTUs-precision	realm	False positives	12	0.0
mOTUs-precision	realm	Completeness	12	0.0
mOTUs-precision	realm	Purity	12	0.0
mOTUs-precision	realm	Jaccard index	12	0.0
mOTUs-precision	domain	True positives	12	1.0
mOTUs-precision	domain	False negatives	12	1.0
mOTUs-precision	domain	False positives	12	0.0
mOTUs-precision	domain	Completeness	12	0.5
mOTUs-precision	domain	Purity	12	1.0
mOTUs-precision	domain	F1 score	12	0.6666666666666666
mOTUs-precision	domain	Jaccard index	12	0.5
mOTUs-precision	kingdom	True positives	12	0.0
mOTUs-precision	kingdom	False negatives	12	10.0
mOTUs-precision	kingdom	False positives	12	0.0
mOTUs-precision	kingdom	Completeness	12	0.0
mOTUs-precision	kingdom	Purity	12	0.0
mOTUs-precision	kingdom	Jaccard index	12	0.0
mOTUs-precision	phylum	True positives	12	5.0
mOTUs-precision	phylum	False negatives	12	14.0
mOTUs-precision	phylum	False positives	12	0.0
mOTUs-precision	phylum	Completeness	12	0.2631578947368421
mOTUs-precision	phylum	Purity	12	1.0
mOTUs-precision	phylum	F1 score	12	0.4166666666666667
mOTUs-precision	phylum	Jaccard index	12	0.2631578947368421
mOTUs-precision	class	True positives	12	10.0
mOTUs-precision	class	False negatives	12	17.0
mOTUs-precision	class	False positives	12	2.0
mOTUs-precision	class	Completeness	12	0.37037037037037035
mOTUs-precision	class	Purity	12	0.8333333333333334
mOTUs-precision	class	F1 score	12	0.5128205128205128
mOTUs-precision	class	Jaccard index	12	0.3448275862068966
mOTUs-precision	order	True positives	12	14.0
mOTUs-precision	order	False negatives	12	25.0
mOTUs-precision	order	False positives	12	0.0
mOTUs-precision	order	Completeness	12	0.358974358974359
mOTUs-precision	order	Purity	12	1.0
mOTUs-precision	order	F1 score	12	0.5283018867924528
mOTUs-precision	order	Jaccard index	12	0.358974358974359
mOTUs-precision	family	True positives	12	24.0
mOTUs-precision	family	False negatives	12	50.0
mOTUs-precision	family	False positives	12	1.0
mOTUs-precision	family	Completeness	12	0.32432432432432434
mOTUs-precision	family	Purity	12	0.96
mOTUs-precision	family	F1 score	12	0.4848484848484848
mOTUs-precision	family	Jaccard index	12	0.32
mOTUs-precision	genus	True positives	12	37.0
mOTUs-precision	genus	False negatives	12	119.0
mOTUs-precision	genus	False positives	12	2.0
mOTUs-precision	genus	Completeness	12	0.23717948717948717
mOTUs-precision	genus	Purity	12	0.9487179487179487
mOTUs-precision	genus	F1 score	12	0.37948717948717947
mOTUs-precision	genus	Jaccard index	12	0.23417721518987342
mOTUs-precision	species	True positives	12	45.0
mOTUs-precision	species	False negatives	12	200.0
mOTUs-precision	species	False positives	12	7.0
mOTUs-precision	species	Completeness	12	0.1836734693877551
mOTUs-precision	species	Purity	12	0.8653846153846154
mOTUs-precision	species	F1 score	12	0.30303030303030304
mOTUs-precision	species	Jaccard index	12	0.17857142857142858
mOTUs-precision	strain	True positives	12	0.0
mOTUs-precision	strain	False negatives	12	310.0
mOTUs-precision	strain	False positives	12	0.0
mOTUs-precision	strain	Completeness	12	0.0
mOTUs-precision	strain	Purity	12	0.0
mOTUs-precision	strain	Jaccard index	12	0.0
mOTUs-precision	domain	L1 norm error	12	0.542371
mOTUs-precision	phylum	L1 norm error	12	0.9901060000000003
mOTUs-precision	class	L1 norm error	12	0.9901050000000003
mOTUs-precision	order	L1 norm error	12	1.0353620000000006
mOTUs-precision	family	L1 norm error	12	1.0377914227117158
mOTUs-precision	genus	L1 norm error	12	1.0458331953470534
mOTUs-precision	species	L1 norm error	12	1.5156269999999994
mOTUs-precision	na	Weighted UniFrac error	12	0.15321376748434784
mOTUs-precision	na	Unweighted UniFrac error	12	0.8521085335335318
mOTUs-precision	na	Weighted UniFrac (CAMI)	12	11.525776730389216
mOTUs-precision	na	Unweighted UniFrac (CAMI)	12	3029.371718397071
mOTUs-precision	domain	Sum of abundances	12	1.0
mOTUs-precision	phylum	Sum of abundances	12	1.0000000000000002
mOTUs-precision	class	Sum of abundances	12	1.0000000000000002
mOTUs-precision	order	Sum of abundances	12	1.0000000000000002
mOTUs-precision	family	Sum of abundances	12	1.0000000000000002
mOTUs-precision	genus	Sum of abundances	12	1.0
mOTUs-precision	species	Sum of abundances	12	0.9999999999999997
mOTUs-precision	domain	Taxon counts	12	1.0
mOTUs-precision	phylum	Taxon counts	12	5.0
mOTUs-precision	class	Taxon counts	12	12.0
mOTUs-precision	order	Taxon counts	12	14.0
mOTUs-precision	family	Taxon counts	12	25.0
mOTUs-precision	genus	Taxon counts	12	39.0
mOTUs-precision	species	Taxon counts	12	52.0
mOTUs-precision	domain	Bray-Curtis distance	13	0.34892557888248454
mOTUs-precision	phylum	Bray-Curtis distance	13	0.5042974274426125
mOTUs-precision	class	Bray-Curtis distance	13	0.5042966624457766
mOTUs-precision	order	Bray-Curtis distance	13	0.6160447520965624
mOTUs-precision	family	Bray-Curtis distance	13	0.5175946522082352
mOTUs-precision	genus	Bray-Curtis distance	13	0.5941997076803172
mOTUs-precision	species	Bray-Curtis distance	13	0.6584104628470827
mOTUs-precision	domain	Shannon diversity	13	0.0
mOTUs-precision	domain	Shannon equitability	13	0.0
mOTUs-precision	phylum	Shannon diversity	13	0.8669601336718022
mOTUs-precision	phylum	Shannon equitability	13	0.48385966339852265
mOTUs-precision	class	Shannon diversity	13	1.1943484768967163
mOTUs-precision	class	Shannon equitability	13	0.4806411850516043
mOTUs-precision	order	Shannon diversity	13	1.1978633005692385
mOTUs-precision	order	Shannon equitability	13	0.4423342300233922
mOTUs-precision	family	Shannon diversity	13	1.6735945840286286
mOTUs-precision	family	Shannon equitability	13	0.5022484601164628
mOTUs-precision	genus	Shannon diversity	13	2.0073379524743378
mOTUs-precision	genus	Shannon equitability	13	0.5336961317476154
mOTUs-precision	species	Shannon diversity	13	2.8848801538007303
mOTUs-precision	species	Shannon equitability	13	0.7135403344380211
mOTUs-precision	acellular root	True positives	13	0.0
mOTUs-precision	acellular root	False negatives	13	1.0
mOTUs-precision	acellular root	False positives	13	0.0
mOTUs-precision	acellular root	Completeness	13	0.0
mOTUs-precision	acellular root	Purity	13	0.0
mOTUs-precision	acellular root	Jaccard index	13	0.0
mOTUs-precision	cellular root	True positives	13	0.0
mOTUs-precision	cellular root	False negatives	13	1.0
mOTUs-precision	cellular root	False positives	13	0.0
mOTUs-precision	cellular root	Completeness	13	0.0
mOTUs-precision	cellular root	Purity	13	0.0
mOTUs-precision	cellular root	Jaccard index	13	0.0
mOTUs-precision	other entries	True positives	13	0.0
mOTUs-precision	other entries	False negatives	13	1.0
mOTUs-precision	other entries	False positives	13	0.0
mOTUs-precision	other entries	Completeness	13	0.0
mOTUs-precision	other entries	Purity	13	0.0
mOTUs-precision	other entries	Jaccard index	13	0.0
mOTUs-precision	realm	True positives	13	0.0
mOTUs-precision	realm	False negatives	13	4.0
mOTUs-precision	realm	False positives	13	0.0
mOTUs-precision	realm	Completeness	13	0.0
mOTUs-precision	realm	Purity	13	0.0
mOTUs-precision	realm	Jaccard index	13	0.0
mOTUs-precision	domain	True positives	13	1.0
mOTUs-precision	domain	False negatives	13	1.0
mOTUs-precision	domain	False positives	13	0.0
mOTUs-precision	domain	Completeness	13	0.5
mOTUs-precision	domain	Purity	13	1.0
mOTUs-precision	domain	F1 score	13	0.6666666666666666
mOTUs-precision	domain	Jaccard index	13	0.5
mOTUs-precision	kingdom	True positives	13	0.0
mOTUs-precision	kingdom	False negatives	13	11.0
mOTUs-precision	kingdom	False positives	13	0.0
mOTUs-precision	kingdom	Completeness	13	0.0
mOTUs-precision	kingdom	Purity	13	0.0
mOTUs-precision	kingdom	Jaccard index	13	0.0
mOTUs-precision	phylum	True positives	13	6.0
mOTUs-precision	phylum	False negatives	13	14.0
mOTUs-precision	phylum	False positives	13	0.0
mOTUs-precision	phylum	Completeness	13	0.3
mOTUs-precision	phylum	Purity	13	1.0
mOTUs-precision	phylum	F1 score	13	0.4615384615384615
mOTUs-precision	phylum	Jaccard index	13	0.3
mOTUs-precision	class	True positives	13	11.0
mOTUs-precision	class	False negatives	13	17.0
mOTUs-precision	class	False positives	13	1.0
mOTUs-precision	class	Completeness	13	0.39285714285714285
mOTUs-precision	class	Purity	13	0.9166666666666666
mOTUs-precision	class	F1 score	13	0.55
mOTUs-precision	class	Jaccard index	13	0.3793103448275862
mOTUs-precision	order	True positives	13	15.0
mOTUs-precision	order	False negatives	13	28.0
mOTUs-precision	order	False positives	13	0.0
mOTUs-precision	order	Completeness	13	0.3488372093023256
mOTUs-precision	order	Purity	13	1.0
mOTUs-precision	order	F1 score	13	0.5172413793103449
mOTUs-precision	order	Jaccard index	13	0.3488372093023256
mOTUs-precision	family	True positives	13	26.0
mOTUs-precision	family	False negatives	13	49.0
mOTUs-precision	family	False positives	13	2.0
mOTUs-precision	family	Completeness	13	0.3466666666666667
mOTUs-precision	family	Purity	13	0.9285714285714286
mOTUs-precision	family	F1 score	13	0.5048543689320388
mOTUs-precision	family	Jaccard index	13	0.33766233766233766
mOTUs-precision	genus	True positives	13	41.0
mOTUs-precision	genus	False negatives	13	115.0
mOTUs-precision	genus	False positives	13	2.0
mOTUs-precision	genus	Completeness	13	0.26282051282051283
mOTUs-precision	genus	Purity	13	0.9534883720930233
mOTUs-precision	genus	F1 score	13	0.4120603015075377
mOTUs-precision	genus	Jaccard index	13	0.25949367088607594
mOTUs-precision	species	True positives	13	49.0
mOTUs-precision	species	False negatives	13	199.0
mOTUs-precision	species	False positives	13	8.0
mOTUs-precision	species	Completeness	13	0.1975806451612903
mOTUs-precision	species	Purity	13	0.8596491228070176
mOTUs-precision	species	F1 score	13	0.3213114754098361
mOTUs-precision	species	Jaccard index	13	0.19140625
mOTUs-precision	strain	True positives	13	0.0
mOTUs-precision	strain	False negatives	13	299.0
mOTUs-precision	strain	False positives	13	0.0
mOTUs-precision	strain	Completeness	13	0.0
mOTUs-precision	strain	Purity	13	0.0
mOTUs-precision	strain	Jaccard index	13	0.0
mOTUs-precision	domain	L1 norm error	13	0.522485
mOTUs-precision	phylum	L1 norm error	13	0.9916549999999998
mOTUs-precision	class	L1 norm error	13	0.991654
mOTUs-precision	order	L1 norm error	13	1.03342
mOTUs-precision	family	L1 norm error	13	0.9115017807568775
mOTUs-precision	genus	L1 norm error	13	1.149698
mOTUs-precision	species	L1 norm error	13	1.3168149999999994
mOTUs-precision	na	Weighted UniFrac error	13	0.12870992902314346
mOTUs-precision	na	Unweighted UniFrac error	13	0.774784941762132
mOTUs-precision	na	Weighted UniFrac (CAMI)	13	9.69719589462125
mOTUs-precision	na	Unweighted UniFrac (CAMI)	13	2792.179792823785
mOTUs-precision	domain	Sum of abundances	13	1.0
mOTUs-precision	phylum	Sum of abundances	13	1.0
mOTUs-precision	class	Sum of abundances	13	1.0
mOTUs-precision	order	Sum of abundances	13	1.0
mOTUs-precision	family	Sum of abundances	13	1.0
mOTUs-precision	genus	Sum of abundances	13	0.9999999999999999
mOTUs-precision	species	Sum of abundances	13	1.0
mOTUs-precision	domain	Taxon counts	13	1.0
mOTUs-precision	phylum	Taxon counts	13	6.0
mOTUs-precision	class	Taxon counts	13	12.0
mOTUs-precision	order	Taxon counts	13	15.0
mOTUs-precision	family	Taxon counts	13	28.0
mOTUs-precision	genus	Taxon counts	13	43.0
mOTUs-precision	species	Taxon counts	13	57.0
mOTUs-precision	domain	Bray-Curtis distance	14	0.44339174118010954
mOTUs-precision	phylum	Bray-Curtis distance	14	0.5608278446739161
mOTUs-precision	class	Bray-Curtis distance	14	0.5624562479270565
mOTUs-precision	order	Bray-Curtis distance	14	0.6325323761746773
mOTUs-precision	family	Bray-Curtis distance	14	0.6726408452495326
mOTUs-precision	genus	Bray-Curtis distance	14	0.6682039170611069
mOTUs-precision	species	Bray-Curtis distance	14	0.7939933090100364
mOTUs-precision	domain	Shannon diversity	14	0.0
mOTUs-precision	domain	Shannon equitability	14	0.0
mOTUs-precision	phylum	Shannon diversity	14	0.6993399724452481
mOTUs-precision	phylum	Shannon equitability	14	0.434524356014189
mOTUs-precision	class	Shannon diversity	14	0.9346218008952029
mOTUs-precision	class	Shannon equitability	14	0.38976756470456225
mOTUs-precision	order	Shannon diversity	14	0.9372081559343226
mOTUs-precision	order	Shannon equitability	14	0.3653905108137702
mOTUs-precision	family	Shannon diversity	14	2.2775684959123343
mOTUs-precision	family	Shannon equitability	14	0.6910440621029641
mOTUs-precision	genus	Shannon diversity	14	2.7530293941950474
mOTUs-precision	genus	Shannon equitability	14	0.7413426600438333
mOTUs-precision	species	Shannon diversity	14	2.698909266778588
mOTUs-precision	species	Shannon equitability	14	0.6830530989739981
mOTUs-precision	acellular root	True positives	14	0.0
mOTUs-precision	acellular root	False negatives	14	1.0
mOTUs-precision	acellular root	False positives	14	0.0
mOTUs-precision	acellular root	Completeness	14	0.0
mOTUs-precision	acellular root	Purity	14	0.0
mOTUs-precision	acellular root	Jaccard index	14	0.0
mOTUs-precision	cellular root	True positives	14	0.0
mOTUs-precision	cellular root	False negatives	14	1.0
mOTUs-precision	cellular root	False positives	14	0.0
mOTUs-precision	cellular root	Completeness	14	0.0
mOTUs-precision	cellular root	Purity	14	0.0
mOTUs-precision	cellular root	Jaccard index	14	0.0
mOTUs-precision	other entries	True positives	14	0.0
mOTUs-precision	other entries	False negatives	14	1.0
mOTUs-precision	other entries	False positives	14	0.0
mOTUs-precision	other entries	Completeness	14	0.0
mOTUs-precision	other entries	Purity	14	0.0
mOTUs-precision	other entries	Jaccard index	14	0.0
mOTUs-precision	realm	True positives	14	0.0
mOTUs-precision	realm	False negatives	14	3.0
mOTUs-precision	realm	False positives	14	0.0
mOTUs-precision	realm	Completeness	14	0.0
mOTUs-precision	realm	Purity	14	0.0
mOTUs-precision	realm	Jaccard index	14	0.0
mOTUs-precision	domain	True positives	14	1.0
mOTUs-precision	domain	False negatives	14	1.0
mOTUs-precision	domain	False positives	14	0.0
mOTUs-precision	domain	Completeness	14	0.5
mOTUs-precision	domain	Purity	14	1.0
mOTUs-precision	domain	F1 score	14	0.6666666666666666
mOTUs-precision	domain	Jaccard index	14	0.5
mOTUs-precision	kingdom	True positives	14	0.0
mOTUs-precision	kingdom	False negatives	14	9.0
mOTUs-precision	kingdom	False positives	14	0.0
mOTUs-precision	kingdom	Completeness	14	0.0
mOTUs-precision	kingdom	Purity	14	0.0
mOTUs-precision	kingdom	Jaccard index	14	0.0
mOTUs-precision	phylum	True positives	14	5.0
mOTUs-precision	phylum	False negatives	14	14.0
mOTUs-precision	phylum	False positives	14	0.0
mOTUs-precision	phylum	Completeness	14	0.2631578947368421
mOTUs-precision	phylum	Purity	14	1.0
mOTUs-precision	phylum	F1 score	14	0.4166666666666667
mOTUs-precision	phylum	Jaccard index	14	0.2631578947368421
mOTUs-precision	class	True positives	14	10.0
mOTUs-precision	class	False negatives	14	18.0
mOTUs-precision	class	False positives	14	1.0
mOTUs-precision	class	Completeness	14	0.35714285714285715
mOTUs-precision	class	Purity	14	0.9090909090909091
mOTUs-precision	class	F1 score	14	0.5128205128205129
mOTUs-precision	class	Jaccard index	14	0.3448275862068966
mOTUs-precision	order	True positives	14	13.0
mOTUs-precision	order	False negatives	14	30.0
mOTUs-precision	order	False positives	14	0.0
mOTUs-precision	order	Completeness	14	0.3023255813953488
mOTUs-precision	order	Purity	14	1.0
mOTUs-precision	order	F1 score	14	0.46428571428571425
mOTUs-precision	order	Jaccard index	14	0.3023255813953488
mOTUs-precision	family	True positives	14	26.0
mOTUs-precision	family	False negatives	14	53.0
mOTUs-precision	family	False positives	14	1.0
mOTUs-precision	family	Completeness	14	0.3291139240506329
mOTUs-precision	family	Purity	14	0.9629629629629629
mOTUs-precision	family	F1 score	14	0.4905660377358491
mOTUs-precision	family	Jaccard index	14	0.325
mOTUs-precision	genus	True positives	14	39.0
mOTUs-precision	genus	False negatives	14	129.0
mOTUs-precision	genus	False positives	14	2.0
mOTUs-precision	genus	Completeness	14	0.23214285714285715
mOTUs-precision	genus	Purity	14	0.9512195121951219
mOTUs-precision	genus	F1 score	14	0.3732057416267942
mOTUs-precision	genus	Jaccard index	14	0.22941176470588234
mOTUs-precision	species	True positives	14	45.0
mOTUs-precision	species	False negatives	14	222.0
mOTUs-precision	species	False positives	14	7.0
mOTUs-precision	species	Completeness	14	0.16853932584269662
mOTUs-precision	species	Purity	14	0.8653846153846154
mOTUs-precision	species	F1 score	14	0.28213166144200624
mOTUs-precision	species	Jaccard index	14	0.16423357664233576
mOTUs-precision	strain	True positives	14	0.0
mOTUs-precision	strain	False negatives	14	335.0
mOTUs-precision	strain	False positives	14	0.0
mOTUs-precision	strain	Completeness	14	0.0
mOTUs-precision	strain	Purity	14	0.0
mOTUs-precision	strain	Jaccard index	14	0.0
mOTUs-precision	domain	L1 norm error	14	0.619248
mOTUs-precision	phylum	L1 norm error	14	0.9888410000000001
mOTUs-precision	class	L1 norm error	14	0.9917132945887714
mOTUs-precision	order	L1 norm error	14	0.9694652945887712
mOTUs-precision	family	L1 norm error	14	1.0981850580741137
mOTUs-precision	genus	L1 norm error	14	1.169637500502103
mOTUs-precision	species	L1 norm error	14	1.587989
mOTUs-precision	na	Weighted UniFrac error	14	0.1480335880594955
mOTUs-precision	na	Unweighted UniFrac error	14	0.849346775748529
mOTUs-precision	na	Weighted UniFrac (CAMI)	14	12.12493767968116
mOTUs-precision	na	Unweighted UniFrac (CAMI)	14	3341.6597025720866
mOTUs-precision	domain	Sum of abundances	14	1.0
mOTUs-precision	phylum	Sum of abundances	14	1.0
mOTUs-precision	class	Sum of abundances	14	0.9999999999999999
mOTUs-precision	order	Sum of abundances	14	0.9999999999999997
mOTUs-precision	family	Sum of abundances	14	1.0
mOTUs-precision	genus	Sum of abundances	14	0.9999999999999997
mOTUs-precision	species	Sum of abundances	14	0.9999999999999999
mOTUs-precision	domain	Taxon counts	14	1.0
mOTUs-precision	phylum	Taxon counts	14	5.0
mOTUs-precision	class	Taxon counts	14	11.0
mOTUs-precision	order	Taxon counts	14	13.0
mOTUs-precision	family	Taxon counts	14	27.0
mOTUs-precision	genus	Taxon counts	14	41.0
mOTUs-precision	species	Taxon counts	14	52.0
mOTUs-precision	domain	Bray-Curtis distance	15	0.33508037100102483
mOTUs-precision	phylum	Bray-Curtis distance	15	0.4882210720800524
mOTUs-precision	class	Bray-Curtis distance	15	0.48822541279135606
mOTUs-precision	order	Bray-Curtis distance	15	0.5850621303580524
mOTUs-precision	family	Bray-Curtis distance	15	0.5198140220754798
mOTUs-precision	genus	Bray-Curtis distance	15	0.6364953303477145
mOTUs-precision	species	Bray-Curtis distance	15	0.8814254150110475
mOTUs-precision	domain	Shannon diversity	15	0.0
mOTUs-precision	domain	Shannon equitability	15	0.0
mOTUs-precision	phylum	Shannon diversity	15	0.8214399567234915
mOTUs-precision	phylum	Shannon equitability	15	0.45845436892117725
mOTUs-precision	class	Shannon diversity	15	1.2728571958968777
mOTUs-precision	class	Shannon equitability	15	0.49625041999136826
mOTUs-precision	order	Shannon diversity	15	1.2846180810916579
mOTUs-precision	order	Shannon equitability	15	0.46332803375680776
mOTUs-precision	family	Shannon diversity	15	2.0297780758709636
mOTUs-precision	family	Shannon equitability	15	0.6027917291362894
mOTUs-precision	genus	Shannon diversity	15	2.1728689206871072
mOTUs-precision	genus	Shannon equitability	15	0.570806822650098
mOTUs-precision	species	Shannon diversity	15	2.650096588860049
mOTUs-precision	species	Shannon equitability	15	0.6674815470908468
mOTUs-precision	acellular root	True positives	15	0.0
mOTUs-precision	acellular root	False negatives	15	1.0
mOTUs-precision	acellular root	False positives	15	0.0
mOTUs-precision	acellular root	Completeness	15	0.0
mOTUs-precision	acellular root	Purity	15	0.0
mOTUs-precision	acellular root	Jaccard index	15	0.0
mOTUs-precision	cellular root	True positives	15	0.0
mOTUs-precision	cellular root	False negatives	15	1.0
mOTUs-precision	cellular root	False positives	15	0.0
mOTUs-precision	cellular root	Completeness	15	0.0
mOTUs-precision	cellular root	Purity	15	0.0
mOTUs-precision	cellular root	Jaccard index	15	0.0
mOTUs-precision	other entries	True positives	15	0.0
mOTUs-precision	other entries	False negatives	15	1.0
mOTUs-precision	other entries	False positives	15	0.0
mOTUs-precision	other entries	Completeness	15	0.0
mOTUs-precision	other entries	Purity	15	0.0
mOTUs-precision	other entries	Jaccard index	15	0.0
mOTUs-precision	realm	True positives	15	0.0
mOTUs-precision	realm	False negatives	15	3.0
mOTUs-precision	realm	False positives	15	0.0
mOTUs-precision	realm	Completeness	15	0.0
mOTUs-precision	realm	Purity	15	0.0
mOTUs-precision	realm	Jaccard index	15	0.0
mOTUs-precision	domain	True positives	15	1.0
mOTUs-precision	domain	False negatives	15	1.0
mOTUs-precision	domain	False positives	15	0.0
mOTUs-precision	domain	Completeness	15	0.5
mOTUs-precision	domain	Purity	15	1.0
mOTUs-precision	domain	F1 score	15	0.6666666666666666
mOTUs-precision	domain	Jaccard index	15	0.5
mOTUs-precision	kingdom	True positives	15	0.0
mOTUs-precision	kingdom	False negatives	15	10.0
mOTUs-precision	kingdom	False positives	15	0.0
mOTUs-precision	kingdom	Completeness	15	0.0
mOTUs-precision	kingdom	Purity	15	0.0
mOTUs-precision	kingdom	Jaccard index	15	0.0
mOTUs-precision	phylum	True positives	15	6.0
mOTUs-precision	phylum	False negatives	15	13.0
mOTUs-precision	phylum	False positives	15	0.0
mOTUs-precision	phylum	Completeness	15	0.3157894736842105
mOTUs-precision	phylum	Purity	15	1.0
mOTUs-precision	phylum	F1 score	15	0.4799999999999999
mOTUs-precision	phylum	Jaccard index	15	0.3157894736842105
mOTUs-precision	class	True positives	15	11.0
mOTUs-precision	class	False negatives	15	17.0
mOTUs-precision	class	False positives	15	2.0
mOTUs-precision	class	Completeness	15	0.39285714285714285
mOTUs-precision	class	Purity	15	0.8461538461538461
mOTUs-precision	class	F1 score	15	0.5365853658536585
mOTUs-precision	class	Jaccard index	15	0.36666666666666664
mOTUs-precision	order	True positives	15	16.0
mOTUs-precision	order	False negatives	15	25.0
mOTUs-precision	order	False positives	15	0.0
mOTUs-precision	order	Completeness	15	0.3902439024390244
mOTUs-precision	order	Purity	15	1.0
mOTUs-precision	order	F1 score	15	0.5614035087719299
mOTUs-precision	order	Jaccard index	15	0.3902439024390244
mOTUs-precision	family	True positives	15	27.0
mOTUs-precision	family	False negatives	15	48.0
mOTUs-precision	family	False positives	15	2.0
mOTUs-precision	family	Completeness	15	0.36
mOTUs-precision	family	Purity	15	0.9310344827586207
mOTUs-precision	family	F1 score	15	0.5192307692307692
mOTUs-precision	family	Jaccard index	15	0.35064935064935066
mOTUs-precision	genus	True positives	15	41.0
mOTUs-precision	genus	False negatives	15	120.0
mOTUs-precision	genus	False positives	15	4.0
mOTUs-precision	genus	Completeness	15	0.2546583850931677
mOTUs-precision	genus	Purity	15	0.9111111111111111
mOTUs-precision	genus	F1 score	15	0.3980582524271844
mOTUs-precision	genus	Jaccard index	15	0.24848484848484848
mOTUs-precision	species	True positives	15	48.0
mOTUs-precision	species	False negatives	15	196.0
mOTUs-precision	species	False positives	15	5.0
mOTUs-precision	species	Completeness	15	0.19672131147540983
mOTUs-precision	species	Purity	15	0.9056603773584906
mOTUs-precision	species	F1 score	15	0.3232323232323232
mOTUs-precision	species	Jaccard index	15	0.1927710843373494
mOTUs-precision	strain	True positives	15	0.0
mOTUs-precision	strain	False negatives	15	312.0
mOTUs-precision	strain	False positives	15	0.0
mOTUs-precision	strain	Completeness	15	0.0
mOTUs-precision	strain	Purity	15	0.0
mOTUs-precision	strain	Jaccard index	15	0.0
mOTUs-precision	domain	L1 norm error	15	0.507117
mOTUs-precision	phylum	L1 norm error	15	0.9573610000000002
mOTUs-precision	class	L1 norm error	15	0.9573700000000005
mOTUs-precision	order	L1 norm error	15	0.9683650000000007
mOTUs-precision	family	L1 norm error	15	0.9279038965722546
mOTUs-precision	genus	L1 norm error	15	1.2341994527873874
mOTUs-precision	species	L1 norm error	15	1.7628570000000006
mOTUs-precision	na	Weighted UniFrac error	15	0.11877579050022087
mOTUs-precision	na	Unweighted UniFrac error	15	0.8424344785688401
mOTUs-precision	na	Weighted UniFrac (CAMI)	15	9.892940277860662
mOTUs-precision	na	Unweighted UniFrac (CAMI)	15	3025.016607495652
mOTUs-precision	domain	Sum of abundances	15	1.0
mOTUs-precision	phylum	Sum of abundances	15	1.0000000000000002
mOTUs-precision	class	Sum of abundances	15	1.0000000000000002
mOTUs-precision	order	Sum of abundances	15	1.0000000000000002
mOTUs-precision	family	Sum of abundances	15	0.9999999999999999
mOTUs-precision	genus	Sum of abundances	15	1.0000000000000002
mOTUs-precision	species	Sum of abundances	15	1.0000000000000002
mOTUs-precision	domain	Taxon counts	15	1.0
mOTUs-precision	phylum	Taxon counts	15	6.0
mOTUs-precision	class	Taxon counts	15	13.0
mOTUs-precision	order	Taxon counts	15	16.0
mOTUs-precision	family	Taxon counts	15	29.0
mOTUs-precision	genus	Taxon counts	15	45.0
mOTUs-precision	species	Taxon counts	15	53.0
mOTUs-precision	domain	Bray-Curtis distance	16	0.4510363197869047
mOTUs-precision	phylum	Bray-Curtis distance	16	0.5687919586753292
mOTUs-precision	class	Bray-Curtis distance	16	0.5709797437301872
mOTUs-precision	order	Bray-Curtis distance	16	0.6635014029720068
mOTUs-precision	family	Bray-Curtis distance	16	0.6706896589012167
mOTUs-precision	genus	Bray-Curtis distance	16	0.672921984689395
mOTUs-precision	species	Bray-Curtis distance	16	0.7929251816326305
mOTUs-precision	domain	Shannon diversity	16	0.0
mOTUs-precision	domain	Shannon equitability	16	0.0
mOTUs-precision	phylum	Shannon diversity	16	0.6099949557947884
mOTUs-precision	phylum	Shannon equitability	16	0.37901117594044814
mOTUs-precision	class	Shannon diversity	16	0.891658693423049
mOTUs-precision	class	Shannon equitability	16	0.37185055725243304
mOTUs-precision	order	Shannon diversity	16	0.8975033058178641
mOTUs-precision	order	Shannon equitability	16	0.3237058921212208
mOTUs-precision	family	Shannon diversity	16	2.1719908085696544
mOTUs-precision	family	Shannon equitability	16	0.6324982241438778
mOTUs-precision	genus	Shannon diversity	16	2.7423519126996707
mOTUs-precision	genus	Shannon equitability	16	0.7083982218883855
mOTUs-precision	species	Shannon diversity	16	2.7185085465416594
mOTUs-precision	species	Shannon equitability	16	0.6561477543138808
mOTUs-precision	acellular root	True positives	16	0.0
mOTUs-precision	acellular root	False negatives	16	1.0
mOTUs-precision	acellular root	False positives	16	0.0
mOTUs-precision	acellular root	Completeness	16	0.0
mOTUs-precision	acellular root	Purity	16	0.0
mOTUs-precision	acellular root	Jaccard index	16	0.0
mOTUs-precision	cellular root	True positives	16	0.0
mOTUs-precision	cellular root	False negatives	16	1.0
mOTUs-precision	cellular root	False positives	16	0.0
mOTUs-precision	cellular root	Completeness	16	0.0
mOTUs-precision	cellular root	Purity	16	0.0
mOTUs-precision	cellular root	Jaccard index	16	0.0
mOTUs-precision	other entries	True positives	16	0.0
mOTUs-precision	other entries	False negatives	16	1.0
mOTUs-precision	other entries	False positives	16	0.0
mOTUs-precision	other entries	Completeness	16	0.0
mOTUs-precision	other entries	Purity	16	0.0
mOTUs-precision	other entries	Jaccard index	16	0.0
mOTUs-precision	realm	True positives	16	0.0
mOTUs-precision	realm	False negatives	16	3.0
mOTUs-precision	realm	False positives	16	0.0
mOTUs-precision	realm	Completeness	16	0.0
mOTUs-precision	realm	Purity	16	0.0
mOTUs-precision	realm	Jaccard index	16	0.0
mOTUs-precision	domain	True positives	16	1.0
mOTUs-precision	domain	False negatives	16	1.0
mOTUs-precision	domain	False positives	16	0.0
mOTUs-precision	domain	Completeness	16	0.5
mOTUs-precision	domain	Purity	16	1.0
mOTUs-precision	domain	F1 score	16	0.6666666666666666
mOTUs-precision	domain	Jaccard index	16	0.5
mOTUs-precision	kingdom	True positives	16	0.0
mOTUs-precision	kingdom	False negatives	16	10.0
mOTUs-precision	kingdom	False positives	16	0.0
mOTUs-precision	kingdom	Completeness	16	0.0
mOTUs-precision	kingdom	Purity	16	0.0
mOTUs-precision	kingdom	Jaccard index	16	0.0
mOTUs-precision	phylum	True positives	16	5.0
mOTUs-precision	phylum	False negatives	16	14.0
mOTUs-precision	phylum	False positives	16	0.0
mOTUs-precision	phylum	Completeness	16	0.2631578947368421
mOTUs-precision	phylum	Purity	16	1.0
mOTUs-precision	phylum	F1 score	16	0.4166666666666667
mOTUs-precision	phylum	Jaccard index	16	0.2631578947368421
mOTUs-precision	class	True positives	16	10.0
mOTUs-precision	class	False negatives	16	17.0
mOTUs-precision	class	False positives	16	1.0
mOTUs-precision	class	Completeness	16	0.37037037037037035
mOTUs-precision	class	Purity	16	0.9090909090909091
mOTUs-precision	class	F1 score	16	0.5263157894736842
mOTUs-precision	class	Jaccard index	16	0.35714285714285715
mOTUs-precision	order	True positives	16	16.0
mOTUs-precision	order	False negatives	16	27.0
mOTUs-precision	order	False positives	16	0.0
mOTUs-precision	order	Completeness	16	0.37209302325581395
mOTUs-precision	order	Purity	16	1.0
mOTUs-precision	order	F1 score	16	0.5423728813559322
mOTUs-precision	order	Jaccard index	16	0.37209302325581395
mOTUs-precision	family	True positives	16	29.0
mOTUs-precision	family	False negatives	16	49.0
mOTUs-precision	family	False positives	16	2.0
mOTUs-precision	family	Completeness	16	0.3717948717948718
mOTUs-precision	family	Purity	16	0.9354838709677419
mOTUs-precision	family	F1 score	16	0.5321100917431193
mOTUs-precision	family	Jaccard index	16	0.3625
mOTUs-precision	genus	True positives	16	46.0
mOTUs-precision	genus	False negatives	16	127.0
mOTUs-precision	genus	False positives	16	2.0
mOTUs-precision	genus	Completeness	16	0.2658959537572254
mOTUs-precision	genus	Purity	16	0.9583333333333334
mOTUs-precision	genus	F1 score	16	0.416289592760181
mOTUs-precision	genus	Jaccard index	16	0.26285714285714284
mOTUs-precision	species	True positives	16	55.0
mOTUs-precision	species	False negatives	16	217.0
mOTUs-precision	species	False positives	16	8.0
mOTUs-precision	species	Completeness	16	0.20220588235294118
mOTUs-precision	species	Purity	16	0.873015873015873
mOTUs-precision	species	F1 score	16	0.32835820895522394
mOTUs-precision	species	Jaccard index	16	0.19642857142857142
mOTUs-precision	strain	True positives	16	0.0
mOTUs-precision	strain	False negatives	16	343.0
mOTUs-precision	strain	False positives	16	0.0
mOTUs-precision	strain	Completeness	16	0.0
mOTUs-precision	strain	Purity	16	0.0
mOTUs-precision	strain	Jaccard index	16	0.0
mOTUs-precision	domain	L1 norm error	16	0.6265120000000001
mOTUs-precision	phylum	L1 norm error	16	1.0032290000000001
mOTUs-precision	class	L1 norm error	16	1.0070895041533545
mOTUs-precision	order	L1 norm error	16	1.0270305041533545
mOTUs-precision	family	L1 norm error	16	1.1234789545220167
mOTUs-precision	genus	L1 norm error	16	1.1761619804854662
mOTUs-precision	species	L1 norm error	16	1.5858606712926209
mOTUs-precision	na	Weighted UniFrac error	16	0.14682563421278977
mOTUs-precision	na	Unweighted UniFrac error	16	0.8317671686480492
mOTUs-precision	na	Weighted UniFrac (CAMI)	16	12.002545358366106
mOTUs-precision	na	Unweighted UniFrac (CAMI)	16	3230.2501138305665
mOTUs-precision	domain	Sum of abundances	16	1.0
mOTUs-precision	phylum	Sum of abundances	16	1.0
mOTUs-precision	class	Sum of abundances	16	1.0
mOTUs-precision	order	Sum of abundances	16	1.0000000000000002
mOTUs-precision	family	Sum of abundances	16	1.0
mOTUs-precision	genus	Sum of abundances	16	1.0
mOTUs-precision	species	Sum of abundances	16	1.0
mOTUs-precision	domain	Taxon counts	16	1.0
mOTUs-precision	phylum	Taxon counts	16	5.0
mOTUs-precision	class	Taxon counts	16	11.0
mOTUs-precision	order	Taxon counts	16	16.0
mOTUs-precision	family	Taxon counts	16	31.0
mOTUs-precision	genus	Taxon counts	16	48.0
mOTUs-precision	species	Taxon counts	16	63.0
mOTUs-precision	domain	Bray-Curtis distance	17	0.3520791103565911
mOTUs-precision	phylum	Bray-Curtis distance	17	0.5071291083482871
mOTUs-precision	class	Bray-Curtis distance	17	0.5071344528826612
mOTUs-precision	order	Bray-Curtis distance	17	0.6105911111056981
mOTUs-precision	family	Bray-Curtis distance	17	0.6708543322616262
mOTUs-precision	genus	Bray-Curtis distance	17	0.623425705898263
mOTUs-precision	species	Bray-Curtis distance	17	0.5858840755627338
mOTUs-precision	domain	Shannon diversity	17	0.0
mOTUs-precision	domain	Shannon equitability	17	0.0
mOTUs-precision	phylum	Shannon diversity	17	0.5303670199136524
mOTUs-precision	phylum	Shannon equitability	17	0.3295355576106256
mOTUs-precision	class	Shannon diversity	17	0.956447733413619
mOTUs-precision	class	Shannon equitability	17	0.3849028829695547
mOTUs-precision	order	Shannon diversity	17	0.964642188164799
mOTUs-precision	order	Shannon equitability	17	0.34047636765106903
mOTUs-precision	family	Shannon diversity	17	1.898825280703143
mOTUs-precision	family	Shannon equitability	17	0.5529505987159995
mOTUs-precision	genus	Shannon diversity	17	2.4538901501925725
mOTUs-precision	genus	Shannon equitability	17	0.6272688444796122
mOTUs-precision	species	Shannon diversity	17	2.5966980773248007
mOTUs-precision	species	Shannon equitability	17	0.6112041862784866
mOTUs-precision	acellular root	True positives	17	0.0
mOTUs-precision	acellular root	False negatives	17	1.0
mOTUs-precision	acellular root	False positives	17	0.0
mOTUs-precision	acellular root	Completeness	17	0.0
mOTUs-precision	acellular root	Purity	17	0.0
mOTUs-precision	acellular root	Jaccard index	17	0.0
mOTUs-precision	cellular root	True positives	17	0.0
mOTUs-precision	cellular root	False negatives	17	1.0
mOTUs-precision	cellular root	False positives	17	0.0
mOTUs-precision	cellular root	Completeness	17	0.0
mOTUs-precision	cellular root	Purity	17	0.0
mOTUs-precision	cellular root	Jaccard index	17	0.0
mOTUs-precision	other entries	True positives	17	0.0
mOTUs-precision	other entries	False negatives	17	1.0
mOTUs-precision	other entries	False positives	17	0.0
mOTUs-precision	other entries	Completeness	17	0.0
mOTUs-precision	other entries	Purity	17	0.0
mOTUs-precision	other entries	Jaccard index	17	0.0
mOTUs-precision	realm	True positives	17	0.0
mOTUs-precision	realm	False negatives	17	3.0
mOTUs-precision	realm	False positives	17	0.0
mOTUs-precision	realm	Completeness	17	0.0
mOTUs-precision	realm	Purity	17	0.0
mOTUs-precision	realm	Jaccard index	17	0.0
mOTUs-precision	domain	True positives	17	1.0
mOTUs-precision	domain	False negatives	17	1.0
mOTUs-precision	domain	False positives	17	0.0
mOTUs-precision	domain	Completeness	17	0.5
mOTUs-precision	domain	Purity	17	1.0
mOTUs-precision	domain	F1 score	17	0.6666666666666666
mOTUs-precision	domain	Jaccard index	17	0.5
mOTUs-precision	kingdom	True positives	17	0.0
mOTUs-precision	kingdom	False negatives	17	9.0
mOTUs-precision	kingdom	False positives	17	0.0
mOTUs-precision	kingdom	Completeness	17	0.0
mOTUs-precision	kingdom	Purity	17	0.0
mOTUs-precision	kingdom	Jaccard index	17	0.0
mOTUs-precision	phylum	True positives	17	5.0
mOTUs-precision	phylum	False negatives	17	13.0
mOTUs-precision	phylum	False positives	17	0.0
mOTUs-precision	phylum	Completeness	17	0.2777777777777778
mOTUs-precision	phylum	Purity	17	1.0
mOTUs-precision	phylum	F1 score	17	0.4347826086956522
mOTUs-precision	phylum	Jaccard index	17	0.2777777777777778
mOTUs-precision	class	True positives	17	10.0
mOTUs-precision	class	False negatives	17	18.0
mOTUs-precision	class	False positives	17	2.0
mOTUs-precision	class	Completeness	17	0.35714285714285715
mOTUs-precision	class	Purity	17	0.8333333333333334
mOTUs-precision	class	F1 score	17	0.5
mOTUs-precision	class	Jaccard index	17	0.3333333333333333
mOTUs-precision	order	True positives	17	17.0
mOTUs-precision	order	False negatives	17	25.0
mOTUs-precision	order	False positives	17	0.0
mOTUs-precision	order	Completeness	17	0.40476190476190477
mOTUs-precision	order	Purity	17	1.0
mOTUs-precision	order	F1 score	17	0.576271186440678
mOTUs-precision	order	Jaccard index	17	0.40476190476190477
mOTUs-precision	family	True positives	17	30.0
mOTUs-precision	family	False negatives	17	45.0
mOTUs-precision	family	False positives	17	1.0
mOTUs-precision	family	Completeness	17	0.4
mOTUs-precision	family	Purity	17	0.967741935483871
mOTUs-precision	family	F1 score	17	0.5660377358490567
mOTUs-precision	family	Jaccard index	17	0.39473684210526316
mOTUs-precision	genus	True positives	17	47.0
mOTUs-precision	genus	False negatives	17	116.0
mOTUs-precision	genus	False positives	17	3.0
mOTUs-precision	genus	Completeness	17	0.2883435582822086
mOTUs-precision	genus	Purity	17	0.94
mOTUs-precision	genus	F1 score	17	0.4413145539906103
mOTUs-precision	genus	Jaccard index	17	0.28313253012048195
mOTUs-precision	species	True positives	17	63.0
mOTUs-precision	species	False negatives	17	187.0
mOTUs-precision	species	False positives	17	7.0
mOTUs-precision	species	Completeness	17	0.252
mOTUs-precision	species	Purity	17	0.9
mOTUs-precision	species	F1 score	17	0.39374999999999993
mOTUs-precision	species	Jaccard index	17	0.245136186770428
mOTUs-precision	strain	True positives	17	0.0
mOTUs-precision	strain	False negatives	17	322.0
mOTUs-precision	strain	False positives	17	0.0
mOTUs-precision	strain	Completeness	17	0.0
mOTUs-precision	strain	Purity	17	0.0
mOTUs-precision	strain	Jaccard index	17	0.0
mOTUs-precision	domain	L1 norm error	17	0.52594
mOTUs-precision	phylum	L1 norm error	17	0.995641
mOTUs-precision	class	L1 norm error	17	0.9956519999999999
mOTUs-precision	order	L1 norm error	17	1.0026479999999998
mOTUs-precision	family	L1 norm error	17	1.1961265658791567
mOTUs-precision	genus	L1 norm error	17	1.2103099374710056
mOTUs-precision	species	L1 norm error	17	1.171772838198072
mOTUs-precision	na	Weighted UniFrac error	17	0.1327563043828021
mOTUs-precision	na	Unweighted UniFrac error	17	0.7933834661321011
mOTUs-precision	na	Weighted UniFrac (CAMI)	17	9.843485314029424
mOTUs-precision	na	Unweighted UniFrac (CAMI)	17	2957.1802891517646
mOTUs-precision	domain	Sum of abundances	17	1.0
mOTUs-precision	phylum	Sum of abundances	17	1.0
mOTUs-precision	class	Sum of abundances	17	0.9999999999999999
mOTUs-precision	order	Sum of abundances	17	1.0000000000000002
mOTUs-precision	family	Sum of abundances	17	0.9999999999999996
mOTUs-precision	genus	Sum of abundances	17	0.9999999999999997
mOTUs-precision	species	Sum of abundances	17	0.9999999999999997
mOTUs-precision	domain	Taxon counts	17	1.0
mOTUs-precision	phylum	Taxon counts	17	5.0
mOTUs-precision	class	Taxon counts	17	12.0
mOTUs-precision	order	Taxon counts	17	17.0
mOTUs-precision	family	Taxon counts	17	31.0
mOTUs-precision	genus	Taxon counts	17	50.0
mOTUs-precision	species	Taxon counts	17	70.0
mOTUs-precision	domain	Bray-Curtis distance	18	0.34912746020688207
mOTUs-precision	phylum	Bray-Curtis distance	18	0.49592146516626834
mOTUs-precision	class	Bray-Curtis distance	18	0.49595019608350704
mOTUs-precision	order	Bray-Curtis distance	18	0.6275318196848635
mOTUs-precision	family	Bray-Curtis distance	18	0.6239801779280286
mOTUs-precision	genus	Bray-Curtis distance	18	0.632928585825575
mOTUs-precision	species	Bray-Curtis distance	18	0.6290338145169072
mOTUs-precision	domain	Shannon diversity	18	0.0
mOTUs-precision	domain	Shannon equitability	18	0.0
mOTUs-precision	phylum	Shannon diversity	18	0.7159939137188205
mOTUs-precision	phylum	Shannon equitability	18	0.4448720315255637
mOTUs-precision	class	Shannon diversity	18	0.9625487817771055
mOTUs-precision	class	Shannon equitability	18	0.38735812544878706
mOTUs-precision	order	Shannon diversity	18	0.9671568451151017
mOTUs-precision	order	Shannon equitability	18	0.3413639312210974
mOTUs-precision	family	Shannon diversity	18	1.8012104261389146
mOTUs-precision	family	Shannon equitability	18	0.534913033211623
mOTUs-precision	genus	Shannon diversity	18	2.3814013423267606
mOTUs-precision	genus	Shannon equitability	18	0.6151582766218239
mOTUs-precision	species	Shannon diversity	18	2.5234987693120474
mOTUs-precision	species	Shannon equitability	18	0.6090795824807491
mOTUs-precision	acellular root	True positives	18	0.0
mOTUs-precision	acellular root	False negatives	18	1.0
mOTUs-precision	acellular root	False positives	18	0.0
mOTUs-precision	acellular root	Completeness	18	0.0
mOTUs-precision	acellular root	Purity	18	0.0
mOTUs-precision	acellular root	Jaccard index	18	0.0
mOTUs-precision	cellular root	True positives	18	0.0
mOTUs-precision	cellular root	False negatives	18	1.0
mOTUs-precision	cellular root	False positives	18	0.0
mOTUs-precision	cellular root	Completeness	18	0.0
mOTUs-precision	cellular root	Purity	18	0.0
mOTUs-precision	cellular root	Jaccard index	18	0.0
mOTUs-precision	other entries	True positives	18	0.0
mOTUs-precision	other entries	False negatives	18	1.0
mOTUs-precision	other entries	False positives	18	0.0
mOTUs-precision	other entries	Completeness	18	0.0
mOTUs-precision	other entries	Purity	18	0.0
mOTUs-precision	other entries	Jaccard index	18	0.0
mOTUs-precision	realm	True positives	18	0.0
mOTUs-precision	realm	False negatives	18	3.0
mOTUs-precision	realm	False positives	18	0.0
mOTUs-precision	realm	Completeness	18	0.0
mOTUs-precision	realm	Purity	18	0.0
mOTUs-precision	realm	Jaccard index	18	0.0
mOTUs-precision	domain	True positives	18	1.0
mOTUs-precision	domain	False negatives	18	1.0
mOTUs-precision	domain	False positives	18	0.0
mOTUs-precision	domain	Completeness	18	0.5
mOTUs-precision	domain	Purity	18	1.0
mOTUs-precision	domain	F1 score	18	0.6666666666666666
mOTUs-precision	domain	Jaccard index	18	0.5
mOTUs-precision	kingdom	True positives	18	0.0
mOTUs-precision	kingdom	False negatives	18	10.0
mOTUs-precision	kingdom	False positives	18	0.0
mOTUs-precision	kingdom	Completeness	18	0.0
mOTUs-precision	kingdom	Purity	18	0.0
mOTUs-precision	kingdom	Jaccard index	18	0.0
mOTUs-precision	phylum	True positives	18	5.0
mOTUs-precision	phylum	False negatives	18	15.0
mOTUs-precision	phylum	False positives	18	0.0
mOTUs-precision	phylum	Completeness	18	0.25
mOTUs-precision	phylum	Purity	18	1.0
mOTUs-precision	phylum	F1 score	18	0.4
mOTUs-precision	phylum	Jaccard index	18	0.25
mOTUs-precision	class	True positives	18	10.0
mOTUs-precision	class	False negatives	18	20.0
mOTUs-precision	class	False positives	18	2.0
mOTUs-precision	class	Completeness	18	0.3333333333333333
mOTUs-precision	class	Purity	18	0.8333333333333334
mOTUs-precision	class	F1 score	18	0.47619047619047616
mOTUs-precision	class	Jaccard index	18	0.3125
mOTUs-precision	order	True positives	18	17.0
mOTUs-precision	order	False negatives	18	26.0
mOTUs-precision	order	False positives	18	0.0
mOTUs-precision	order	Completeness	18	0.3953488372093023
mOTUs-precision	order	Purity	18	1.0
mOTUs-precision	order	F1 score	18	0.5666666666666667
mOTUs-precision	order	Jaccard index	18	0.3953488372093023
mOTUs-precision	family	True positives	18	28.0
mOTUs-precision	family	False negatives	18	51.0
mOTUs-precision	family	False positives	18	1.0
mOTUs-precision	family	Completeness	18	0.35443037974683544
mOTUs-precision	family	Purity	18	0.9655172413793104
mOTUs-precision	family	F1 score	18	0.5185185185185186
mOTUs-precision	family	Jaccard index	18	0.35
mOTUs-precision	genus	True positives	18	46.0
mOTUs-precision	genus	False negatives	18	121.0
mOTUs-precision	genus	False positives	18	2.0
mOTUs-precision	genus	Completeness	18	0.2754491017964072
mOTUs-precision	genus	Purity	18	0.9583333333333334
mOTUs-precision	genus	F1 score	18	0.4279069767441861
mOTUs-precision	genus	Jaccard index	18	0.27218934911242604
mOTUs-precision	species	True positives	18	55.0
mOTUs-precision	species	False negatives	18	200.0
mOTUs-precision	species	False positives	18	8.0
mOTUs-precision	species	Completeness	18	0.21568627450980393
mOTUs-precision	species	Purity	18	0.873015873015873
mOTUs-precision	species	F1 score	18	0.34591194968553457
mOTUs-precision	species	Jaccard index	18	0.20912547528517111
mOTUs-precision	strain	True positives	18	0.0
mOTUs-precision	strain	False negatives	18	338.0
mOTUs-precision	strain	False positives	18	0.0
mOTUs-precision	strain	Completeness	18	0.0
mOTUs-precision	strain	Purity	18	0.0
mOTUs-precision	strain	Jaccard index	18	0.0
mOTUs-precision	domain	L1 norm error	18	0.522707
mOTUs-precision	phylum	L1 norm error	18	0.9579100000000002
mOTUs-precision	class	L1 norm error	18	0.957965
mOTUs-precision	order	L1 norm error	18	1.0371274861795508
mOTUs-precision	family	L1 norm error	18	1.0847414928541776
mOTUs-precision	genus	L1 norm error	18	1.202689
mOTUs-precision	species	L1 norm error	18	1.258067
mOTUs-precision	na	Weighted UniFrac error	18	0.12309156360920723
mOTUs-precision	na	Unweighted UniFrac error	18	0.8083184429431306
mOTUs-precision	na	Weighted UniFrac (CAMI)	18	9.532142719937669
mOTUs-precision	na	Unweighted UniFrac (CAMI)	18	3286.26817005132
mOTUs-precision	domain	Sum of abundances	18	1.0
mOTUs-precision	phylum	Sum of abundances	18	1.0
mOTUs-precision	class	Sum of abundances	18	1.0000000000000002
mOTUs-precision	order	Sum of abundances	18	0.9999999999999999
mOTUs-precision	family	Sum of abundances	18	1.0000000000000002
mOTUs-precision	genus	Sum of abundances	18	0.9999999999999999
mOTUs-precision	species	Sum of abundances	18	1.0000000000000002
mOTUs-precision	domain	Taxon counts	18	1.0
mOTUs-precision	phylum	Taxon counts	18	5.0
mOTUs-precision	class	Taxon counts	18	12.0
mOTUs-precision	order	Taxon counts	18	17.0
mOTUs-precision	family	Taxon counts	18	29.0
mOTUs-precision	genus	Taxon counts	18	48.0
mOTUs-precision	species	Taxon counts	18	63.0
mOTUs-precision	domain	Bray-Curtis distance	19	0.4761121808680565
mOTUs-precision	phylum	Bray-Curtis distance	19	0.5826439482342005
mOTUs-precision	class	Bray-Curtis distance	19	0.5826453636110273
mOTUs-precision	order	Bray-Curtis distance	19	0.6404204071550766
mOTUs-precision	family	Bray-Curtis distance	19	0.6812598740225788
mOTUs-precision	genus	Bray-Curtis distance	19	0.6302563491991785
mOTUs-precision	species	Bray-Curtis distance	19	0.8075595773212682
mOTUs-precision	domain	Shannon diversity	19	0.0
mOTUs-precision	domain	Shannon equitability	19	0.0
mOTUs-precision	phylum	Shannon diversity	19	0.9113395883418641
mOTUs-precision	phylum	Shannon equitability	19	0.5662471234839758
mOTUs-precision	class	Shannon diversity	19	1.4715459587915438
mOTUs-precision	class	Shannon equitability	19	0.573713455398548
mOTUs-precision	order	Shannon diversity	19	1.482357322407887
mOTUs-precision	order	Shannon equitability	19	0.5232070946996339
mOTUs-precision	family	Shannon diversity	19	2.25111196659428
mOTUs-precision	family	Shannon equitability	19	0.6383669369255175
mOTUs-precision	genus	Shannon diversity	19	2.622553741019693
mOTUs-precision	genus	Shannon equitability	19	0.6703830057698424
mOTUs-precision	species	Shannon diversity	19	2.764662920677888
mOTUs-precision	species	Shannon equitability	19	0.6507393237291915
mOTUs-precision	acellular root	True positives	19	0.0
mOTUs-precision	acellular root	False negatives	19	1.0
mOTUs-precision	acellular root	False positives	19	0.0
mOTUs-precision	acellular root	Completeness	19	0.0
mOTUs-precision	acellular root	Purity	19	0.0
mOTUs-precision	acellular root	Jaccard index	19	0.0
mOTUs-precision	cellular root	True positives	19	0.0
mOTUs-precision	cellular root	False negatives	19	1.0
mOTUs-precision	cellular root	False positives	19	0.0
mOTUs-precision	cellular root	Completeness	19	0.0
mOTUs-precision	cellular root	Purity	19	0.0
mOTUs-precision	cellular root	Jaccard index	19	0.0
mOTUs-precision	other entries	True positives	19	0.0
mOTUs-precision	other entries	False negatives	19	1.0
mOTUs-precision	other entries	False positives	19	0.0
mOTUs-precision	other entries	Completeness	19	0.0
mOTUs-precision	other entries	Purity	19	0.0
mOTUs-precision	other entries	Jaccard index	19	0.0
mOTUs-precision	realm	True positives	19	0.0
mOTUs-precision	realm	False negatives	19	3.0
mOTUs-precision	realm	False positives	19	0.0
mOTUs-precision	realm	Completeness	19	0.0
mOTUs-precision	realm	Purity	19	0.0
mOTUs-precision	realm	Jaccard index	19	0.0
mOTUs-precision	domain	True positives	19	1.0
mOTUs-precision	domain	False negatives	19	1.0
mOTUs-precision	domain	False positives	19	0.0
mOTUs-precision	domain	Completeness	19	0.5
mOTUs-precision	domain	Purity	19	1.0
mOTUs-precision	domain	F1 score	19	0.6666666666666666
mOTUs-precision	domain	Jaccard index	19	0.5
mOTUs-precision	kingdom	True positives	19	0.0
mOTUs-precision	kingdom	False negatives	19	10.0
mOTUs-precision	kingdom	False positives	19	0.0
mOTUs-precision	kingdom	Completeness	19	0.0
mOTUs-precision	kingdom	Purity	19	0.0
mOTUs-precision	kingdom	Jaccard index	19	0.0
mOTUs-precision	phylum	True positives	19	5.0
mOTUs-precision	phylum	False negatives	19	14.0
mOTUs-precision	phylum	False positives	19	0.0
mOTUs-precision	phylum	Completeness	19	0.2631578947368421
mOTUs-precision	phylum	Purity	19	1.0
mOTUs-precision	phylum	F1 score	19	0.4166666666666667
mOTUs-precision	phylum	Jaccard index	19	0.2631578947368421
mOTUs-precision	class	True positives	19	11.0
mOTUs-precision	class	False negatives	19	19.0
mOTUs-precision	class	False positives	19	2.0
mOTUs-precision	class	Completeness	19	0.36666666666666664
mOTUs-precision	class	Purity	19	0.8461538461538461
mOTUs-precision	class	F1 score	19	0.5116279069767441
mOTUs-precision	class	Jaccard index	19	0.34375
mOTUs-precision	order	True positives	19	17.0
mOTUs-precision	order	False negatives	19	28.0
mOTUs-precision	order	False positives	19	0.0
mOTUs-precision	order	Completeness	19	0.37777777777777777
mOTUs-precision	order	Purity	19	1.0
mOTUs-precision	order	F1 score	19	0.5483870967741935
mOTUs-precision	order	Jaccard index	19	0.37777777777777777
mOTUs-precision	family	True positives	19	32.0
mOTUs-precision	family	False negatives	19	51.0
mOTUs-precision	family	False positives	19	2.0
mOTUs-precision	family	Completeness	19	0.3855421686746988
mOTUs-precision	family	Purity	19	0.9411764705882353
mOTUs-precision	family	F1 score	19	0.547008547008547
mOTUs-precision	family	Jaccard index	19	0.3764705882352941
mOTUs-precision	genus	True positives	19	46.0
mOTUs-precision	genus	False negatives	19	130.0
mOTUs-precision	genus	False positives	19	4.0
mOTUs-precision	genus	Completeness	19	0.26136363636363635
mOTUs-precision	genus	Purity	19	0.92
mOTUs-precision	genus	F1 score	19	0.4070796460176991
mOTUs-precision	genus	Jaccard index	19	0.25555555555555554
mOTUs-precision	species	True positives	19	59.0
mOTUs-precision	species	False negatives	19	225.0
mOTUs-precision	species	False positives	19	11.0
mOTUs-precision	species	Completeness	19	0.20774647887323944
mOTUs-precision	species	Purity	19	0.8428571428571429
mOTUs-precision	species	F1 score	19	0.33333333333333337
mOTUs-precision	species	Jaccard index	19	0.2
mOTUs-precision	strain	True positives	19	0.0
mOTUs-precision	strain	False negatives	19	422.0
mOTUs-precision	strain	False positives	19	0.0
mOTUs-precision	strain	Completeness	19	0.0
mOTUs-precision	strain	Purity	19	0.0
mOTUs-precision	strain	Jaccard index	19	0.0
mOTUs-precision	domain	L1 norm error	19	0.649796
mOTUs-precision	phylum	L1 norm error	19	0.995111
mOTUs-precision	class	L1 norm error	19	0.9951140000000003
mOTUs-precision	order	L1 norm error	19	0.9800520000000005
mOTUs-precision	family	L1 norm error	19	1.1019507901691274
mOTUs-precision	genus	L1 norm error	19	1.0685536313537163
mOTUs-precision	species	L1 norm error	19	1.6151239999999993
mOTUs-precision	na	Weighted UniFrac error	19	0.12087292816211515
mOTUs-precision	na	Unweighted UniFrac error	19	0.7770833330913117
mOTUs-precision	na	Weighted UniFrac (CAMI)	19	10.930861830334525
mOTUs-precision	na	Unweighted UniFrac (CAMI)	19	3826.4155300040047
mOTUs-precision	domain	Sum of abundances	19	1.0
mOTUs-precision	phylum	Sum of abundances	19	1.0000000000000002
mOTUs-precision	class	Sum of abundances	19	1.0000000000000002
mOTUs-precision	order	Sum of abundances	19	1.0000000000000004
mOTUs-precision	family	Sum of abundances	19	1.0
mOTUs-precision	genus	Sum of abundances	19	1.0000000000000002
mOTUs-precision	species	Sum of abundances	19	1.0000000000000004
mOTUs-precision	domain	Taxon counts	19	1.0
mOTUs-precision	phylum	Taxon counts	19	5.0
mOTUs-precision	class	Taxon counts	19	13.0
mOTUs-precision	order	Taxon counts	19	17.0
mOTUs-precision	family	Taxon counts	19	34.0
mOTUs-precision	genus	Taxon counts	19	50.0
mOTUs-precision	species	Taxon counts	19	70.0
mOTUs-precision	domain	Bray-Curtis distance	1	0.3501364947714882
mOTUs-precision	phylum	Bray-Curtis distance	1	0.5076195413717984
mOTUs-precision	class	Bray-Curtis distance	1	0.5221798333438984
mOTUs-precision	order	Bray-Curtis distance	1	0.6225803262657583
mOTUs-precision	family	Bray-Curtis distance	1	0.5742826028812749
mOTUs-precision	genus	Bray-Curtis distance	1	0.6193330526176736
mOTUs-precision	species	Bray-Curtis distance	1	0.7079966481579434
mOTUs-precision	domain	Shannon diversity	1	0.0
mOTUs-precision	domain	Shannon equitability	1	0.0
mOTUs-precision	phylum	Shannon diversity	1	0.7763496573527747
mOTUs-precision	phylum	Shannon equitability	1	0.4823731635466634
mOTUs-precision	class	Shannon diversity	1	1.0637145929828518
mOTUs-precision	class	Shannon equitability	1	0.42807024282928396
mOTUs-precision	order	Shannon diversity	1	1.0671066471584063
mOTUs-precision	order	Shannon equitability	1	0.39404980259379263
mOTUs-precision	family	Shannon diversity	1	2.1828622346587436
mOTUs-precision	family	Shannon equitability	1	0.6550805114131398
mOTUs-precision	genus	Shannon diversity	1	2.7075946589238344
mOTUs-precision	genus	Shannon equitability	1	0.6994198057126559
mOTUs-precision	species	Shannon diversity	1	2.645586478923132
mOTUs-precision	species	Shannon equitability	1	0.6410226157184429
mOTUs-precision	acellular root	True positives	1	0.0
mOTUs-precision	acellular root	False negatives	1	1.0
mOTUs-precision	acellular root	False positives	1	0.0
mOTUs-precision	acellular root	Completeness	1	0.0
mOTUs-precision	acellular root	Purity	1	0.0
mOTUs-precision	acellular root	Jaccard index	1	0.0
mOTUs-precision	cellular root	True positives	1	0.0
mOTUs-precision	cellular root	False negatives	1	1.0
mOTUs-precision	cellular root	False positives	1	0.0
mOTUs-precision	cellular root	Completeness	1	0.0
mOTUs-precision	cellular root	Purity	1	0.0
mOTUs-precision	cellular root	Jaccard index	1	0.0
mOTUs-precision	other entries	True positives	1	0.0
mOTUs-precision	other entries	False negatives	1	1.0
mOTUs-precision	other entries	False positives	1	0.0
mOTUs-precision	other entries	Completeness	1	0.0
mOTUs-precision	other entries	Purity	1	0.0
mOTUs-precision	other entries	Jaccard index	1	0.0
mOTUs-precision	realm	True positives	1	0.0
mOTUs-precision	realm	False negatives	1	3.0
mOTUs-precision	realm	False positives	1	0.0
mOTUs-precision	realm	Completeness	1	0.0
mOTUs-precision	realm	Purity	1	0.0
mOTUs-precision	realm	Jaccard index	1	0.0
mOTUs-precision	domain	True positives	1	1.0
mOTUs-precision	domain	False negatives	1	1.0
mOTUs-precision	domain	False positives	1	0.0
mOTUs-precision	domain	Completeness	1	0.5
mOTUs-precision	domain	Purity	1	1.0
mOTUs-precision	domain	F1 score	1	0.6666666666666666
mOTUs-precision	domain	Jaccard index	1	0.5
mOTUs-precision	kingdom	True positives	1	0.0
mOTUs-precision	kingdom	False negatives	1	10.0
mOTUs-precision	kingdom	False positives	1	0.0
mOTUs-precision	kingdom	Completeness	1	0.0
mOTUs-precision	kingdom	Purity	1	0.0
mOTUs-precision	kingdom	Jaccard index	1	0.0
mOTUs-precision	phylum	True positives	1	5.0
mOTUs-precision	phylum	False negatives	1	14.0
mOTUs-precision	phylum	False positives	1	0.0
mOTUs-precision	phylum	Completeness	1	0.2631578947368421
mOTUs-precision	phylum	Purity	1	1.0
mOTUs-precision	phylum	F1 score	1	0.4166666666666667
mOTUs-precision	phylum	Jaccard index	1	0.2631578947368421
mOTUs-precision	class	True positives	1	10.0
mOTUs-precision	class	False negatives	1	16.0
mOTUs-precision	class	False positives	1	2.0
mOTUs-precision	class	Completeness	1	0.38461538461538464
mOTUs-precision	class	Purity	1	0.8333333333333334
mOTUs-precision	class	F1 score	1	0.5263157894736842
mOTUs-precision	class	Jaccard index	1	0.35714285714285715
mOTUs-precision	order	True positives	1	15.0
mOTUs-precision	order	False negatives	1	27.0
mOTUs-precision	order	False positives	1	0.0
mOTUs-precision	order	Completeness	1	0.35714285714285715
mOTUs-precision	order	Purity	1	1.0
mOTUs-precision	order	F1 score	1	0.5263157894736842
mOTUs-precision	order	Jaccard index	1	0.35714285714285715
mOTUs-precision	family	True positives	1	27.0
mOTUs-precision	family	False negatives	1	48.0
mOTUs-precision	family	False positives	1	1.0
mOTUs-precision	family	Completeness	1	0.36
mOTUs-precision	family	Purity	1	0.9642857142857143
mOTUs-precision	family	F1 score	1	0.5242718446601942
mOTUs-precision	family	Jaccard index	1	0.35526315789473684
mOTUs-precision	genus	True positives	1	46.0
mOTUs-precision	genus	False negatives	1	117.0
mOTUs-precision	genus	False positives	1	2.0
mOTUs-precision	genus	Completeness	1	0.2822085889570552
mOTUs-precision	genus	Purity	1	0.9583333333333334
mOTUs-precision	genus	F1 score	1	0.43601895734597157
mOTUs-precision	genus	Jaccard index	1	0.2787878787878788
mOTUs-precision	species	True positives	1	53.0
mOTUs-precision	species	False negatives	1	207.0
mOTUs-precision	species	False positives	1	9.0
mOTUs-precision	species	Completeness	1	0.20384615384615384
mOTUs-precision	species	Purity	1	0.8548387096774194
mOTUs-precision	species	F1 score	1	0.32919254658385094
mOTUs-precision	species	Jaccard index	1	0.1970260223048327
mOTUs-precision	strain	True positives	1	0.0
mOTUs-precision	strain	False negatives	1	331.0
mOTUs-precision	strain	False positives	1	0.0
mOTUs-precision	strain	Completeness	1	0.0
mOTUs-precision	strain	Purity	1	0.0
mOTUs-precision	strain	Jaccard index	1	0.0
mOTUs-precision	domain	L1 norm error	1	0.523814
mOTUs-precision	phylum	L1 norm error	1	0.9938150000000001
mOTUs-precision	class	L1 norm error	1	1.0223210668215175
mOTUs-precision	order	L1 norm error	1	1.0472230668215174
mOTUs-precision	family	L1 norm error	1	1.0411232478720946
mOTUs-precision	genus	L1 norm error	1	1.2002080000000006
mOTUs-precision	species	L1 norm error	1	1.4159883403393498
mOTUs-precision	na	Weighted UniFrac error	1	0.13016468048025512
mOTUs-precision	na	Unweighted UniFrac error	1	0.8446641113434926
mOTUs-precision	na	Weighted UniFrac (CAMI)	1	10.066680215752232
mOTUs-precision	na	Unweighted UniFrac (CAMI)	1	3277.1819000316295
mOTUs-precision	domain	Sum of abundances	1	1.0
mOTUs-precision	phylum	Sum of abundances	1	1.0
mOTUs-precision	class	Sum of abundances	1	1.0000000000000002
mOTUs-precision	order	Sum of abundances	1	1.0000000000000004
mOTUs-precision	family	Sum of abundances	1	1.0
mOTUs-precision	genus	Sum of abundances	1	1.0000000000000002
mOTUs-precision	species	Sum of abundances	1	1.0000000000000002
mOTUs-precision	domain	Taxon counts	1	1.0
mOTUs-precision	phylum	Taxon counts	1	5.0
mOTUs-precision	class	Taxon counts	1	12.0
mOTUs-precision	order	Taxon counts	1	15.0
mOTUs-precision	family	Taxon counts	1	28.0
mOTUs-precision	genus	Taxon counts	1	48.0
mOTUs-precision	species	Taxon counts	1	62.0
mOTUs-precision	domain	Bray-Curtis distance	2	0.33140851881965205
mOTUs-precision	phylum	Bray-Curtis distance	2	0.49144705123314464
mOTUs-precision	class	Bray-Curtis distance	2	0.4914598801328412
mOTUs-precision	order	Bray-Curtis distance	2	0.6505430582418501
mOTUs-precision	family	Bray-Curtis distance	2	0.5165338570540696
mOTUs-precision	genus	Bray-Curtis distance	2	0.5342303592267014
mOTUs-precision	species	Bray-Curtis distance	2	0.6072824638591348
mOTUs-precision	domain	Shannon diversity	2	0.0
mOTUs-precision	domain	Shannon equitability	2	0.0
mOTUs-precision	phylum	Shannon diversity	2	0.8953364602784342
mOTUs-precision	phylum	Shannon equitability	2	0.4996967928201728
mOTUs-precision	class	Shannon diversity	2	1.2233848547503636
mOTUs-precision	class	Shannon equitability	2	0.49232628310392934
mOTUs-precision	order	Shannon diversity	2	1.2311348949612204
mOTUs-precision	order	Shannon equitability	2	0.4546204108255206
mOTUs-precision	family	Shannon diversity	2	1.6069881559416503
mOTUs-precision	family	Shannon equitability	2	0.5198855014740126
mOTUs-precision	genus	Shannon diversity	2	2.142534625099029
mOTUs-precision	genus	Shannon equitability	2	0.5769470974614662
mOTUs-precision	species	Shannon diversity	2	2.6875944974727277
mOTUs-precision	species	Shannon equitability	2	0.6870088682360874
mOTUs-precision	acellular root	True positives	2	0.0
mOTUs-precision	acellular root	False negatives	2	1.0
mOTUs-precision	acellular root	False positives	2	0.0
mOTUs-precision	acellular root	Completeness	2	0.0
mOTUs-precision	acellular root	Purity	2	0.0
mOTUs-precision	acellular root	Jaccard index	2	0.0
mOTUs-precision	cellular root	True positives	2	0.0
mOTUs-precision	cellular root	False negatives	2	1.0
mOTUs-precision	cellular root	False positives	2	0.0
mOTUs-precision	cellular root	Completeness	2	0.0
mOTUs-precision	cellular root	Purity	2	0.0
mOTUs-precision	cellular root	Jaccard index	2	0.0
mOTUs-precision	other entries	True positives	2	0.0
mOTUs-precision	other entries	False negatives	2	1.0
mOTUs-precision	other entries	False positives	2	0.0
mOTUs-precision	other entries	Completeness	2	0.0
mOTUs-precision	other entries	Purity	2	0.0
mOTUs-precision	other entries	Jaccard index	2	0.0
mOTUs-precision	realm	True positives	2	0.0
mOTUs-precision	realm	False negatives	2	3.0
mOTUs-precision	realm	False positives	2	0.0
mOTUs-precision	realm	Completeness	2	0.0
mOTUs-precision	realm	Purity	2	0.0
mOTUs-precision	realm	Jaccard index	2	0.0
mOTUs-precision	domain	True positives	2	1.0
mOTUs-precision	domain	False negatives	2	1.0
mOTUs-precision	domain	False positives	2	0.0
mOTUs-precision	domain	Completeness	2	0.5
mOTUs-precision	domain	Purity	2	1.0
mOTUs-precision	domain	F1 score	2	0.6666666666666666
mOTUs-precision	domain	Jaccard index	2	0.5
mOTUs-precision	kingdom	True positives	2	0.0
mOTUs-precision	kingdom	False negatives	2	10.0
mOTUs-precision	kingdom	False positives	2	0.0
mOTUs-precision	kingdom	Completeness	2	0.0
mOTUs-precision	kingdom	Purity	2	0.0
mOTUs-precision	kingdom	Jaccard index	2	0.0
mOTUs-precision	phylum	True positives	2	6.0
mOTUs-precision	phylum	False negatives	2	13.0
mOTUs-precision	phylum	False positives	2	0.0
mOTUs-precision	phylum	Completeness	2	0.3157894736842105
mOTUs-precision	phylum	Purity	2	1.0
mOTUs-precision	phylum	F1 score	2	0.4799999999999999
mOTUs-precision	phylum	Jaccard index	2	0.3157894736842105
mOTUs-precision	class	True positives	2	11.0
mOTUs-precision	class	False negatives	2	17.0
mOTUs-precision	class	False positives	2	1.0
mOTUs-precision	class	Completeness	2	0.39285714285714285
mOTUs-precision	class	Purity	2	0.9166666666666666
mOTUs-precision	class	F1 score	2	0.55
mOTUs-precision	class	Jaccard index	2	0.3793103448275862
mOTUs-precision	order	True positives	2	15.0
mOTUs-precision	order	False negatives	2	28.0
mOTUs-precision	order	False positives	2	0.0
mOTUs-precision	order	Completeness	2	0.3488372093023256
mOTUs-precision	order	Purity	2	1.0
mOTUs-precision	order	F1 score	2	0.5172413793103449
mOTUs-precision	order	Jaccard index	2	0.3488372093023256
mOTUs-precision	family	True positives	2	21.0
mOTUs-precision	family	False negatives	2	53.0
mOTUs-precision	family	False positives	2	1.0
mOTUs-precision	family	Completeness	2	0.28378378378378377
mOTUs-precision	family	Purity	2	0.9545454545454546
mOTUs-precision	family	F1 score	2	0.43749999999999994
mOTUs-precision	family	Jaccard index	2	0.28
mOTUs-precision	genus	True positives	2	39.0
mOTUs-precision	genus	False negatives	2	125.0
mOTUs-precision	genus	False positives	2	2.0
mOTUs-precision	genus	Completeness	2	0.23780487804878048
mOTUs-precision	genus	Purity	2	0.9512195121951219
mOTUs-precision	genus	F1 score	2	0.3804878048780488
mOTUs-precision	genus	Jaccard index	2	0.23493975903614459
mOTUs-precision	species	True positives	2	47.0
mOTUs-precision	species	False negatives	2	213.0
mOTUs-precision	species	False positives	2	3.0
mOTUs-precision	species	Completeness	2	0.18076923076923077
mOTUs-precision	species	Purity	2	0.94
mOTUs-precision	species	F1 score	2	0.30322580645161284
mOTUs-precision	species	Jaccard index	2	0.17870722433460076
mOTUs-precision	strain	True positives	2	0.0
mOTUs-precision	strain	False negatives	2	321.0
mOTUs-precision	strain	False positives	2	0.0
mOTUs-precision	strain	Completeness	2	0.0
mOTUs-precision	strain	Purity	2	0.0
mOTUs-precision	strain	Jaccard index	2	0.0
mOTUs-precision	domain	L1 norm error	2	0.502986
mOTUs-precision	phylum	L1 norm error	2	0.9765220000000001
mOTUs-precision	class	L1 norm error	2	0.976547
mOTUs-precision	order	L1 norm error	2	1.113651
mOTUs-precision	family	L1 norm error	2	0.9509677567325373
mOTUs-precision	genus	L1 norm error	2	1.0479029999999998
mOTUs-precision	species	L1 norm error	2	1.2145691786955164
mOTUs-precision	na	Weighted UniFrac error	2	0.13674749609483478
mOTUs-precision	na	Unweighted UniFrac error	2	0.8289283967484796
mOTUs-precision	na	Weighted UniFrac (CAMI)	2	9.986595379352153
mOTUs-precision	na	Unweighted UniFrac (CAMI)	2	3039.394625283571
mOTUs-precision	domain	Sum of abundances	2	1.0
mOTUs-precision	phylum	Sum of abundances	2	1.0
mOTUs-precision	class	Sum of abundances	2	1.0000000000000002
mOTUs-precision	order	Sum of abundances	2	0.9999999999999999
mOTUs-precision	family	Sum of abundances	2	1.0000000000000002
mOTUs-precision	genus	Sum of abundances	2	1.0000000000000002
mOTUs-precision	species	Sum of abundances	2	0.9999999999999999
mOTUs-precision	domain	Taxon counts	2	1.0
mOTUs-precision	phylum	Taxon counts	2	6.0
mOTUs-precision	class	Taxon counts	2	12.0
mOTUs-precision	order	Taxon counts	2	15.0
mOTUs-precision	family	Taxon counts	2	22.0
mOTUs-precision	genus	Taxon counts	2	41.0
mOTUs-precision	species	Taxon counts	2	50.0
mOTUs-precision	domain	Bray-Curtis distance	3	0.3450906938356424
mOTUs-precision	phylum	Bray-Curtis distance	3	0.5014451879353458
mOTUs-precision	class	Bray-Curtis distance	3	0.50144493485991
mOTUs-precision	order	Bray-Curtis distance	3	0.673040544510996
mOTUs-precision	family	Bray-Curtis distance	3	0.5862620067586101
mOTUs-precision	genus	Bray-Curtis distance	3	0.5098050419516417
mOTUs-precision	species	Bray-Curtis distance	3	0.5841126238310643
mOTUs-precision	domain	Shannon diversity	3	0.0
mOTUs-precision	domain	Shannon equitability	3	0.0
mOTUs-precision	phylum	Shannon diversity	3	0.7004613678261985
mOTUs-precision	phylum	Shannon equitability	3	0.4352211181398272
mOTUs-precision	class	Shannon diversity	3	0.9479464189277993
mOTUs-precision	class	Shannon equitability	3	0.3953243620275106
mOTUs-precision	order	Shannon diversity	3	0.9613712211189168
mOTUs-precision	order	Shannon equitability	3	0.35500494810902206
mOTUs-precision	family	Shannon diversity	3	1.6435524157576267
mOTUs-precision	family	Shannon equitability	3	0.4986752932799641
mOTUs-precision	genus	Shannon diversity	3	2.1961031778414375
mOTUs-precision	genus	Shannon equitability	3	0.5735985563587354
mOTUs-precision	species	Shannon diversity	3	2.2964467279562437
mOTUs-precision	species	Shannon equitability	3	0.5704959229380635
mOTUs-precision	acellular root	True positives	3	0.0
mOTUs-precision	acellular root	False negatives	3	1.0
mOTUs-precision	acellular root	False positives	3	0.0
mOTUs-precision	acellular root	Completeness	3	0.0
mOTUs-precision	acellular root	Purity	3	0.0
mOTUs-precision	acellular root	Jaccard index	3	0.0
mOTUs-precision	cellular root	True positives	3	0.0
mOTUs-precision	cellular root	False negatives	3	1.0
mOTUs-precision	cellular root	False positives	3	0.0
mOTUs-precision	cellular root	Completeness	3	0.0
mOTUs-precision	cellular root	Purity	3	0.0
mOTUs-precision	cellular root	Jaccard index	3	0.0
mOTUs-precision	other entries	True positives	3	0.0
mOTUs-precision	other entries	False negatives	3	1.0
mOTUs-precision	other entries	False positives	3	0.0
mOTUs-precision	other entries	Completeness	3	0.0
mOTUs-precision	other entries	Purity	3	0.0
mOTUs-precision	other entries	Jaccard index	3	0.0
mOTUs-precision	realm	True positives	3	0.0
mOTUs-precision	realm	False negatives	3	3.0
mOTUs-precision	realm	False positives	3	0.0
mOTUs-precision	realm	Completeness	3	0.0
mOTUs-precision	realm	Purity	3	0.0
mOTUs-precision	realm	Jaccard index	3	0.0
mOTUs-precision	domain	True positives	3	1.0
mOTUs-precision	domain	False negatives	3	1.0
mOTUs-precision	domain	False positives	3	0.0
mOTUs-precision	domain	Completeness	3	0.5
mOTUs-precision	domain	Purity	3	1.0
mOTUs-precision	domain	F1 score	3	0.6666666666666666
mOTUs-precision	domain	Jaccard index	3	0.5
mOTUs-precision	kingdom	True positives	3	0.0
mOTUs-precision	kingdom	False negatives	3	10.0
mOTUs-precision	kingdom	False positives	3	0.0
mOTUs-precision	kingdom	Completeness	3	0.0
mOTUs-precision	kingdom	Purity	3	0.0
mOTUs-precision	kingdom	Jaccard index	3	0.0
mOTUs-precision	phylum	True positives	3	5.0
mOTUs-precision	phylum	False negatives	3	14.0
mOTUs-precision	phylum	False positives	3	0.0
mOTUs-precision	phylum	Completeness	3	0.2631578947368421
mOTUs-precision	phylum	Purity	3	1.0
mOTUs-precision	phylum	F1 score	3	0.4166666666666667
mOTUs-precision	phylum	Jaccard index	3	0.2631578947368421
mOTUs-precision	class	True positives	3	10.0
mOTUs-precision	class	False negatives	3	18.0
mOTUs-precision	class	False positives	3	1.0
mOTUs-precision	class	Completeness	3	0.35714285714285715
mOTUs-precision	class	Purity	3	0.9090909090909091
mOTUs-precision	class	F1 score	3	0.5128205128205129
mOTUs-precision	class	Jaccard index	3	0.3448275862068966
mOTUs-precision	order	True positives	3	15.0
mOTUs-precision	order	False negatives	3	26.0
mOTUs-precision	order	False positives	3	0.0
mOTUs-precision	order	Completeness	3	0.36585365853658536
mOTUs-precision	order	Purity	3	1.0
mOTUs-precision	order	F1 score	3	0.5357142857142857
mOTUs-precision	order	Jaccard index	3	0.36585365853658536
mOTUs-precision	family	True positives	3	26.0
mOTUs-precision	family	False negatives	3	51.0
mOTUs-precision	family	False positives	3	1.0
mOTUs-precision	family	Completeness	3	0.33766233766233766
mOTUs-precision	family	Purity	3	0.9629629629629629
mOTUs-precision	family	F1 score	3	0.5
mOTUs-precision	family	Jaccard index	3	0.3333333333333333
mOTUs-precision	genus	True positives	3	45.0
mOTUs-precision	genus	False negatives	3	116.0
mOTUs-precision	genus	False positives	3	1.0
mOTUs-precision	genus	Completeness	3	0.2795031055900621
mOTUs-precision	genus	Purity	3	0.9782608695652174
mOTUs-precision	genus	F1 score	3	0.43478260869565216
mOTUs-precision	genus	Jaccard index	3	0.2777777777777778
mOTUs-precision	species	True positives	3	52.0
mOTUs-precision	species	False negatives	3	207.0
mOTUs-precision	species	False positives	3	4.0
mOTUs-precision	species	Completeness	3	0.20077220077220076
mOTUs-precision	species	Purity	3	0.9285714285714286
mOTUs-precision	species	F1 score	3	0.33015873015873015
mOTUs-precision	species	Jaccard index	3	0.19771863117870722
mOTUs-precision	strain	True positives	3	0.0
mOTUs-precision	strain	False negatives	3	329.0
mOTUs-precision	strain	False positives	3	0.0
mOTUs-precision	strain	Completeness	3	0.0
mOTUs-precision	strain	Purity	3	0.0
mOTUs-precision	strain	Jaccard index	3	0.0
mOTUs-precision	domain	L1 norm error	3	0.518261
mOTUs-precision	phylum	L1 norm error	3	0.9878399999999998
mOTUs-precision	class	L1 norm error	3	0.9878389999999997
mOTUs-precision	order	L1 norm error	3	1.1338989999999993
mOTUs-precision	family	L1 norm error	3	1.0417365812154626
mOTUs-precision	genus	L1 norm error	3	0.9992760000000008
mOTUs-precision	species	L1 norm error	3	1.1682269999999992
mOTUs-precision	na	Weighted UniFrac error	3	0.13922130771492328
mOTUs-precision	na	Unweighted UniFrac error	3	0.8235742727080103
mOTUs-precision	na	Weighted UniFrac (CAMI)	3	10.143453973031926
mOTUs-precision	na	Unweighted UniFrac (CAMI)	3	3153.6835568395427
mOTUs-precision	domain	Sum of abundances	3	1.0
mOTUs-precision	phylum	Sum of abundances	3	0.9999999999999997
mOTUs-precision	class	Sum of abundances	3	0.9999999999999997
mOTUs-precision	order	Sum of abundances	3	0.9999999999999997
mOTUs-precision	family	Sum of abundances	3	1.0000000000000002
mOTUs-precision	genus	Sum of abundances	3	1.0000000000000007
mOTUs-precision	species	Sum of abundances	3	1.0000000000000002
mOTUs-precision	domain	Taxon counts	3	1.0
mOTUs-precision	phylum	Taxon counts	3	5.0
mOTUs-precision	class	Taxon counts	3	11.0
mOTUs-precision	order	Taxon counts	3	15.0
mOTUs-precision	family	Taxon counts	3	27.0
mOTUs-precision	genus	Taxon counts	3	46.0
mOTUs-precision	species	Taxon counts	3	56.0
mOTUs-precision	domain	Bray-Curtis distance	4	0.33452790996423537
mOTUs-precision	phylum	Bray-Curtis distance	4	0.49923597093257976
mOTUs-precision	class	Bray-Curtis distance	4	0.49923571822553403
mOTUs-precision	order	Bray-Curtis distance	4	0.5852709674789399
mOTUs-precision	family	Bray-Curtis distance	4	0.6159141914601088
mOTUs-precision	genus	Bray-Curtis distance	4	0.5114133425850836
mOTUs-precision	species	Bray-Curtis distance	4	0.5802256044609955
mOTUs-precision	domain	Shannon diversity	4	0.0
mOTUs-precision	domain	Shannon equitability	4	0.0
mOTUs-precision	phylum	Shannon diversity	4	0.9219023342096032
mOTUs-precision	phylum	Shannon equitability	4	0.514523489364779
mOTUs-precision	class	Shannon diversity	4	1.2079562802518549
mOTUs-precision	class	Shannon equitability	4	0.4709474191908949
mOTUs-precision	order	Shannon diversity	4	1.213119722294332
mOTUs-precision	order	Shannon equitability	4	0.42817803496490286
mOTUs-precision	family	Shannon diversity	4	2.050272946522355
mOTUs-precision	family	Shannon equitability	4	0.5970531701004838
mOTUs-precision	genus	Shannon diversity	4	2.4034398613446557
mOTUs-precision	genus	Shannon equitability	4	0.6208512176382673
mOTUs-precision	species	Shannon diversity	4	2.281015528399823
mOTUs-precision	species	Shannon equitability	4	0.5692103508651722
mOTUs-precision	acellular root	True positives	4	0.0
mOTUs-precision	acellular root	False negatives	4	1.0
mOTUs-precision	acellular root	False positives	4	0.0
mOTUs-precision	acellular root	Completeness	4	0.0
mOTUs-precision	acellular root	Purity	4	0.0
mOTUs-precision	acellular root	Jaccard index	4	0.0
mOTUs-precision	cellular root	True positives	4	0.0
mOTUs-precision	cellular root	False negatives	4	1.0
mOTUs-precision	cellular root	False positives	4	0.0
mOTUs-precision	cellular root	Completeness	4	0.0
mOTUs-precision	cellular root	Purity	4	0.0
mOTUs-precision	cellular root	Jaccard index	4	0.0
mOTUs-precision	other entries	True positives	4	0.0
mOTUs-precision	other entries	False negatives	4	1.0
mOTUs-precision	other entries	False positives	4	0.0
mOTUs-precision	other entries	Completeness	4	0.0
mOTUs-precision	other entries	Purity	4	0.0
mOTUs-precision	other entries	Jaccard index	4	0.0
mOTUs-precision	realm	True positives	4	0.0
mOTUs-precision	realm	False negatives	4	3.0
mOTUs-precision	realm	False positives	4	0.0
mOTUs-precision	realm	Completeness	4	0.0
mOTUs-precision	realm	Purity	4	0.0
mOTUs-precision	realm	Jaccard index	4	0.0
mOTUs-precision	domain	True positives	4	1.0
mOTUs-precision	domain	False negatives	4	1.0
mOTUs-precision	domain	False positives	4	0.0
mOTUs-precision	domain	Completeness	4	0.5
mOTUs-precision	domain	Purity	4	1.0
mOTUs-precision	domain	F1 score	4	0.6666666666666666
mOTUs-precision	domain	Jaccard index	4	0.5
mOTUs-precision	kingdom	True positives	4	0.0
mOTUs-precision	kingdom	False negatives	4	11.0
mOTUs-precision	kingdom	False positives	4	0.0
mOTUs-precision	kingdom	Completeness	4	0.0
mOTUs-precision	kingdom	Purity	4	0.0
mOTUs-precision	kingdom	Jaccard index	4	0.0
mOTUs-precision	phylum	True positives	4	6.0
mOTUs-precision	phylum	False negatives	4	14.0
mOTUs-precision	phylum	False positives	4	0.0
mOTUs-precision	phylum	Completeness	4	0.3
mOTUs-precision	phylum	Purity	4	1.0
mOTUs-precision	phylum	F1 score	4	0.4615384615384615
mOTUs-precision	phylum	Jaccard index	4	0.3
mOTUs-precision	class	True positives	4	11.0
mOTUs-precision	class	False negatives	4	18.0
mOTUs-precision	class	False positives	4	2.0
mOTUs-precision	class	Completeness	4	0.3793103448275862
mOTUs-precision	class	Purity	4	0.8461538461538461
mOTUs-precision	class	F1 score	4	0.5238095238095238
mOTUs-precision	class	Jaccard index	4	0.3548387096774194
mOTUs-precision	order	True positives	4	17.0
mOTUs-precision	order	False negatives	4	25.0
mOTUs-precision	order	False positives	4	0.0
mOTUs-precision	order	Completeness	4	0.40476190476190477
mOTUs-precision	order	Purity	4	1.0
mOTUs-precision	order	F1 score	4	0.576271186440678
mOTUs-precision	order	Jaccard index	4	0.40476190476190477
mOTUs-precision	family	True positives	4	28.0
mOTUs-precision	family	False negatives	4	43.0
mOTUs-precision	family	False positives	4	3.0
mOTUs-precision	family	Completeness	4	0.39436619718309857
mOTUs-precision	family	Purity	4	0.9032258064516129
mOTUs-precision	family	F1 score	4	0.5490196078431372
mOTUs-precision	family	Jaccard index	4	0.3783783783783784
mOTUs-precision	genus	True positives	4	45.0
mOTUs-precision	genus	False negatives	4	108.0
mOTUs-precision	genus	False positives	4	3.0
mOTUs-precision	genus	Completeness	4	0.29411764705882354
mOTUs-precision	genus	Purity	4	0.9375
mOTUs-precision	genus	F1 score	4	0.44776119402985076
mOTUs-precision	genus	Jaccard index	4	0.28846153846153844
mOTUs-precision	species	True positives	4	49.0
mOTUs-precision	species	False negatives	4	192.0
mOTUs-precision	species	False positives	4	6.0
mOTUs-precision	species	Completeness	4	0.2033195020746888
mOTUs-precision	species	Purity	4	0.8909090909090909
mOTUs-precision	species	F1 score	4	0.33108108108108114
mOTUs-precision	species	Jaccard index	4	0.19838056680161945
mOTUs-precision	strain	True positives	4	0.0
mOTUs-precision	strain	False negatives	4	296.0
mOTUs-precision	strain	False positives	4	0.0
mOTUs-precision	strain	Completeness	4	0.0
mOTUs-precision	strain	Purity	4	0.0
mOTUs-precision	strain	Jaccard index	4	0.0
mOTUs-precision	domain	L1 norm error	4	0.506497
mOTUs-precision	phylum	L1 norm error	4	0.989286
mOTUs-precision	class	L1 norm error	4	0.989285
mOTUs-precision	order	L1 norm error	4	0.9906630000000001
mOTUs-precision	family	L1 norm error	4	1.1333843540423825
mOTUs-precision	genus	L1 norm error	4	0.9973429583091523
mOTUs-precision	species	L1 norm error	4	1.160455270501222
mOTUs-precision	na	Weighted UniFrac error	4	0.13969264129862574
mOTUs-precision	na	Unweighted UniFrac error	4	0.8251164029389767
mOTUs-precision	na	Weighted UniFrac (CAMI)	4	10.118177424863756
mOTUs-precision	na	Unweighted UniFrac (CAMI)	4	2783.273723198752
mOTUs-precision	domain	Sum of abundances	4	1.0
mOTUs-precision	phylum	Sum of abundances	4	0.9999999999999999
mOTUs-precision	class	Sum of abundances	4	1.0
mOTUs-precision	order	Sum of abundances	4	1.0
mOTUs-precision	family	Sum of abundances	4	1.0
mOTUs-precision	genus	Sum of abundances	4	1.0
mOTUs-precision	species	Sum of abundances	4	0.9999999999999997
mOTUs-precision	domain	Taxon counts	4	1.0
mOTUs-precision	phylum	Taxon counts	4	6.0
mOTUs-precision	class	Taxon counts	4	13.0
mOTUs-precision	order	Taxon counts	4	17.0
mOTUs-precision	family	Taxon counts	4	31.0
mOTUs-precision	genus	Taxon counts	4	48.0
mOTUs-precision	species	Taxon counts	4	55.0
mOTUs-precision	domain	Bray-Curtis distance	5	0.3404175137074644
mOTUs-precision	phylum	Bray-Curtis distance	5	0.4960076422741954
mOTUs-precision	class	Bray-Curtis distance	5	0.49601170083723095
mOTUs-precision	order	Bray-Curtis distance	5	0.6186405265280152
mOTUs-precision	family	Bray-Curtis distance	5	0.5941663980326223
mOTUs-precision	genus	Bray-Curtis distance	5	0.5056785040490754
mOTUs-precision	species	Bray-Curtis distance	5	0.6382198293189761
mOTUs-precision	domain	Shannon diversity	5	0.0
mOTUs-precision	domain	Shannon equitability	5	0.0
mOTUs-precision	phylum	Shannon diversity	5	0.4057516573744757
mOTUs-precision	phylum	Shannon equitability	5	0.22645431172147565
mOTUs-precision	class	Shannon diversity	5	0.9875017572535962
mOTUs-precision	class	Shannon equitability	5	0.38499853978828685
mOTUs-precision	order	Shannon diversity	5	1.0019192803324368
mOTUs-precision	order	Shannon equitability	5	0.3466402816853258
mOTUs-precision	family	Shannon diversity	5	1.7045140779643217
mOTUs-precision	family	Shannon equitability	5	0.49636587921412406
mOTUs-precision	genus	Shannon diversity	5	2.22480433013915
mOTUs-precision	genus	Shannon equitability	5	0.5747064861448202
mOTUs-precision	species	Shannon diversity	5	2.3664182047348334
mOTUs-precision	species	Shannon equitability	5	0.5756484589221799
mOTUs-precision	acellular root	True positives	5	0.0
mOTUs-precision	acellular root	False negatives	5	1.0
mOTUs-precision	acellular root	False positives	5	0.0
mOTUs-precision	acellular root	Completeness	5	0.0
mOTUs-precision	acellular root	Purity	5	0.0
mOTUs-precision	acellular root	Jaccard index	5	0.0
mOTUs-precision	cellular root	True positives	5	0.0
mOTUs-precision	cellular root	False negatives	5	1.0
mOTUs-precision	cellular root	False positives	5	0.0
mOTUs-precision	cellular root	Completeness	5	0.0
mOTUs-precision	cellular root	Purity	5	0.0
mOTUs-precision	cellular root	Jaccard index	5	0.0
mOTUs-precision	other entries	True positives	5	0.0
mOTUs-precision	other entries	False negatives	5	1.0
mOTUs-precision	other entries	False positives	5	0.0
mOTUs-precision	other entries	Completeness	5	0.0
mOTUs-precision	other entries	Purity	5	0.0
mOTUs-precision	other entries	Jaccard index	5	0.0
mOTUs-precision	realm	True positives	5	0.0
mOTUs-precision	realm	False negatives	5	3.0
mOTUs-precision	realm	False positives	5	0.0
mOTUs-precision	realm	Completeness	5	0.0
mOTUs-precision	realm	Purity	5	0.0
mOTUs-precision	realm	Jaccard index	5	0.0
mOTUs-precision	domain	True positives	5	1.0
mOTUs-precision	domain	False negatives	5	1.0
mOTUs-precision	domain	False positives	5	0.0
mOTUs-precision	domain	Completeness	5	0.5
mOTUs-precision	domain	Purity	5	1.0
mOTUs-precision	domain	F1 score	5	0.6666666666666666
mOTUs-precision	domain	Jaccard index	5	0.5
mOTUs-precision	kingdom	True positives	5	0.0
mOTUs-precision	kingdom	False negatives	5	10.0
mOTUs-precision	kingdom	False positives	5	0.0
mOTUs-precision	kingdom	Completeness	5	0.0
mOTUs-precision	kingdom	Purity	5	0.0
mOTUs-precision	kingdom	Jaccard index	5	0.0
mOTUs-precision	phylum	True positives	5	6.0
mOTUs-precision	phylum	False negatives	5	13.0
mOTUs-precision	phylum	False positives	5	0.0
mOTUs-precision	phylum	Completeness	5	0.3157894736842105
mOTUs-precision	phylum	Purity	5	1.0
mOTUs-precision	phylum	F1 score	5	0.4799999999999999
mOTUs-precision	phylum	Jaccard index	5	0.3157894736842105
mOTUs-precision	class	True positives	5	11.0
mOTUs-precision	class	False negatives	5	18.0
mOTUs-precision	class	False positives	5	2.0
mOTUs-precision	class	Completeness	5	0.3793103448275862
mOTUs-precision	class	Purity	5	0.8461538461538461
mOTUs-precision	class	F1 score	5	0.5238095238095238
mOTUs-precision	class	Jaccard index	5	0.3548387096774194
mOTUs-precision	order	True positives	5	18.0
mOTUs-precision	order	False negatives	5	26.0
mOTUs-precision	order	False positives	5	0.0
mOTUs-precision	order	Completeness	5	0.4090909090909091
mOTUs-precision	order	Purity	5	1.0
mOTUs-precision	order	F1 score	5	0.5806451612903226
mOTUs-precision	order	Jaccard index	5	0.4090909090909091
mOTUs-precision	family	True positives	5	29.0
mOTUs-precision	family	False negatives	5	47.0
mOTUs-precision	family	False positives	5	2.0
mOTUs-precision	family	Completeness	5	0.3815789473684211
mOTUs-precision	family	Purity	5	0.9354838709677419
mOTUs-precision	family	F1 score	5	0.5420560747663552
mOTUs-precision	family	Jaccard index	5	0.3717948717948718
mOTUs-precision	genus	True positives	5	46.0
mOTUs-precision	genus	False negatives	5	108.0
mOTUs-precision	genus	False positives	5	2.0
mOTUs-precision	genus	Completeness	5	0.2987012987012987
mOTUs-precision	genus	Purity	5	0.9583333333333334
mOTUs-precision	genus	F1 score	5	0.4554455445544554
mOTUs-precision	genus	Jaccard index	5	0.2948717948717949
mOTUs-precision	species	True positives	5	58.0
mOTUs-precision	species	False negatives	5	197.0
mOTUs-precision	species	False positives	5	3.0
mOTUs-precision	species	Completeness	5	0.22745098039215686
mOTUs-precision	species	Purity	5	0.9508196721311475
mOTUs-precision	species	F1 score	5	0.36708860759493667
mOTUs-precision	species	Jaccard index	5	0.2248062015503876
mOTUs-precision	strain	True positives	5	0.0
mOTUs-precision	strain	False negatives	5	302.0
mOTUs-precision	strain	False positives	5	0.0
mOTUs-precision	strain	Completeness	5	0.0
mOTUs-precision	strain	Purity	5	0.0
mOTUs-precision	strain	Jaccard index	5	0.0
mOTUs-precision	domain	L1 norm error	5	0.51308
mOTUs-precision	phylum	L1 norm error	5	0.977701
mOTUs-precision	class	L1 norm error	5	0.9777090000000002
mOTUs-precision	order	L1 norm error	5	1.014117
mOTUs-precision	family	L1 norm error	5	1.059347589381935
mOTUs-precision	genus	L1 norm error	5	0.9909189999999997
mOTUs-precision	species	L1 norm error	5	1.2764319999999996
mOTUs-precision	na	Weighted UniFrac error	5	0.13852843922878338
mOTUs-precision	na	Unweighted UniFrac error	5	0.8074528172095671
mOTUs-precision	na	Weighted UniFrac (CAMI)	5	10.194467158699727
mOTUs-precision	na	Unweighted UniFrac (CAMI)	5	2884.8796826743237
mOTUs-precision	domain	Sum of abundances	5	1.0
mOTUs-precision	phylum	Sum of abundances	5	1.0
mOTUs-precision	class	Sum of abundances	5	1.0
mOTUs-precision	order	Sum of abundances	5	1.0
mOTUs-precision	family	Sum of abundances	5	1.0000000000000002
mOTUs-precision	genus	Sum of abundances	5	0.9999999999999997
mOTUs-precision	species	Sum of abundances	5	1.0000000000000004
mOTUs-precision	domain	Taxon counts	5	1.0
mOTUs-precision	phylum	Taxon counts	5	6.0
mOTUs-precision	class	Taxon counts	5	13.0
mOTUs-precision	order	Taxon counts	5	18.0
mOTUs-precision	family	Taxon counts	5	31.0
mOTUs-precision	genus	Taxon counts	5	48.0
mOTUs-precision	species	Taxon counts	5	61.0
mOTUs-precision	domain	Bray-Curtis distance	6	0.34013871679009133
mOTUs-precision	phylum	Bray-Curtis distance	6	0.5018482336832589
mOTUs-precision	class	Bray-Curtis distance	6	0.5072675668736031
mOTUs-precision	order	Bray-Curtis distance	6	0.6042451349397038
mOTUs-precision	family	Bray-Curtis distance	6	0.6412813933592544
mOTUs-precision	genus	Bray-Curtis distance	6	0.5898168440958959
mOTUs-precision	species	Bray-Curtis distance	6	0.7602724794550412
mOTUs-precision	domain	Shannon diversity	6	0.0
mOTUs-precision	domain	Shannon equitability	6	0.0
mOTUs-precision	phylum	Shannon diversity	6	0.7670901255976991
mOTUs-precision	phylum	Shannon equitability	6	0.4766198929895708
mOTUs-precision	class	Shannon diversity	6	1.057252497094557
mOTUs-precision	class	Shannon equitability	6	0.41219234758728024
mOTUs-precision	order	Shannon diversity	6	1.0691117972170905
mOTUs-precision	order	Shannon equitability	6	0.3773495559238328
mOTUs-precision	family	Shannon diversity	6	2.070023535409574
mOTUs-precision	family	Shannon equitability	6	0.5972825378117664
mOTUs-precision	genus	Shannon diversity	6	2.4680267760517847
mOTUs-precision	genus	Shannon equitability	6	0.6308824801457615
mOTUs-precision	species	Shannon diversity	6	2.5515628519728684
mOTUs-precision	species	Shannon equitability	6	0.6112424859030052
mOTUs-precision	acellular root	True positives	6	0.0
mOTUs-precision	acellular root	False negatives	6	1.0
mOTUs-precision	acellular root	False positives	6	0.0
mOTUs-precision	acellular root	Completeness	6	0.0
mOTUs-precision	acellular root	Purity	6	0.0
mOTUs-precision	acellular root	Jaccard index	6	0.0
mOTUs-precision	cellular root	True positives	6	0.0
mOTUs-precision	cellular root	False negatives	6	1.0
mOTUs-precision	cellular root	False positives	6	0.0
mOTUs-precision	cellular root	Completeness	6	0.0
mOTUs-precision	cellular root	Purity	6	0.0
mOTUs-precision	cellular root	Jaccard index	6	0.0
mOTUs-precision	other entries	True positives	6	0.0
mOTUs-precision	other entries	False negatives	6	1.0
mOTUs-precision	other entries	False positives	6	0.0
mOTUs-precision	other entries	Completeness	6	0.0
mOTUs-precision	other entries	Purity	6	0.0
mOTUs-precision	other entries	Jaccard index	6	0.0
mOTUs-precision	realm	True positives	6	0.0
mOTUs-precision	realm	False negatives	6	3.0
mOTUs-precision	realm	False positives	6	0.0
mOTUs-precision	realm	Completeness	6	0.0
mOTUs-precision	realm	Purity	6	0.0
mOTUs-precision	realm	Jaccard index	6	0.0
mOTUs-precision	domain	True positives	6	1.0
mOTUs-precision	domain	False negatives	6	1.0
mOTUs-precision	domain	False positives	6	0.0
mOTUs-precision	domain	Completeness	6	0.5
mOTUs-precision	domain	Purity	6	1.0
mOTUs-precision	domain	F1 score	6	0.6666666666666666
mOTUs-precision	domain	Jaccard index	6	0.5
mOTUs-precision	kingdom	True positives	6	0.0
mOTUs-precision	kingdom	False negatives	6	10.0
mOTUs-precision	kingdom	False positives	6	0.0
mOTUs-precision	kingdom	Completeness	6	0.0
mOTUs-precision	kingdom	Purity	6	0.0
mOTUs-precision	kingdom	Jaccard index	6	0.0
mOTUs-precision	phylum	True positives	6	5.0
mOTUs-precision	phylum	False negatives	6	14.0
mOTUs-precision	phylum	False positives	6	0.0
mOTUs-precision	phylum	Completeness	6	0.2631578947368421
mOTUs-precision	phylum	Purity	6	1.0
mOTUs-precision	phylum	F1 score	6	0.4166666666666667
mOTUs-precision	phylum	Jaccard index	6	0.2631578947368421
mOTUs-precision	class	True positives	6	11.0
mOTUs-precision	class	False negatives	6	18.0
mOTUs-precision	class	False positives	6	2.0
mOTUs-precision	class	Completeness	6	0.3793103448275862
mOTUs-precision	class	Purity	6	0.8461538461538461
mOTUs-precision	class	F1 score	6	0.5238095238095238
mOTUs-precision	class	Jaccard index	6	0.3548387096774194
mOTUs-precision	order	True positives	6	17.0
mOTUs-precision	order	False negatives	6	27.0
mOTUs-precision	order	False positives	6	0.0
mOTUs-precision	order	Completeness	6	0.38636363636363635
mOTUs-precision	order	Purity	6	1.0
mOTUs-precision	order	F1 score	6	0.5573770491803279
mOTUs-precision	order	Jaccard index	6	0.38636363636363635
mOTUs-precision	family	True positives	6	31.0
mOTUs-precision	family	False negatives	6	50.0
mOTUs-precision	family	False positives	6	1.0
mOTUs-precision	family	Completeness	6	0.38271604938271603
mOTUs-precision	family	Purity	6	0.96875
mOTUs-precision	family	F1 score	6	0.5486725663716814
mOTUs-precision	family	Jaccard index	6	0.3780487804878049
mOTUs-precision	genus	True positives	6	46.0
mOTUs-precision	genus	False negatives	6	128.0
mOTUs-precision	genus	False positives	6	4.0
mOTUs-precision	genus	Completeness	6	0.26436781609195403
mOTUs-precision	genus	Purity	6	0.92
mOTUs-precision	genus	F1 score	6	0.41071428571428575
mOTUs-precision	genus	Jaccard index	6	0.25842696629213485
mOTUs-precision	species	True positives	6	56.0
mOTUs-precision	species	False negatives	6	213.0
mOTUs-precision	species	False positives	6	9.0
mOTUs-precision	species	Completeness	6	0.20817843866171004
mOTUs-precision	species	Purity	6	0.8615384615384616
mOTUs-precision	species	F1 score	6	0.33532934131736525
mOTUs-precision	species	Jaccard index	6	0.2014388489208633
mOTUs-precision	strain	True positives	6	0.0
mOTUs-precision	strain	False negatives	6	369.0
mOTUs-precision	strain	False positives	6	0.0
mOTUs-precision	strain	Completeness	6	0.0
mOTUs-precision	strain	Purity	6	0.0
mOTUs-precision	strain	Jaccard index	6	0.0
mOTUs-precision	domain	L1 norm error	6	0.51277
mOTUs-precision	phylum	L1 norm error	6	0.9958309999999997
mOTUs-precision	class	L1 norm error	6	1.0065842219040295
mOTUs-precision	order	L1 norm error	6	1.0212232219040294
mOTUs-precision	family	L1 norm error	6	1.121194584581946
mOTUs-precision	genus	L1 norm error	6	1.1535354724742364
mOTUs-precision	species	L1 norm error	6	1.520548
mOTUs-precision	na	Weighted UniFrac error	6	0.10083722324571893
mOTUs-precision	na	Unweighted UniFrac error	6	0.7366854768401704
mOTUs-precision	na	Weighted UniFrac (CAMI)	6	8.75626368720221
mOTUs-precision	na	Unweighted UniFrac (CAMI)	6	3263.4793954611955
mOTUs-precision	domain	Sum of abundances	6	1.0
mOTUs-precision	phylum	Sum of abundances	6	0.9999999999999999
mOTUs-precision	class	Sum of abundances	6	1.0000000000000002
mOTUs-precision	order	Sum of abundances	6	1.0000000000000002
mOTUs-precision	family	Sum of abundances	6	0.9999999999999997
mOTUs-precision	genus	Sum of abundances	6	1.0
mOTUs-precision	species	Sum of abundances	6	0.9999999999999996
mOTUs-precision	domain	Taxon counts	6	1.0
mOTUs-precision	phylum	Taxon counts	6	5.0
mOTUs-precision	class	Taxon counts	6	13.0
mOTUs-precision	order	Taxon counts	6	17.0
mOTUs-precision	family	Taxon counts	6	32.0
mOTUs-precision	genus	Taxon counts	6	50.0
mOTUs-precision	species	Taxon counts	6	65.0
mOTUs-precision	domain	Bray-Curtis distance	7	0.33746536231711377
mOTUs-precision	phylum	Bray-Curtis distance	7	0.4996257359483251
mOTUs-precision	class	Bray-Curtis distance	7	0.49967580471777995
mOTUs-precision	order	Bray-Curtis distance	7	0.7877430863073335
mOTUs-precision	family	Bray-Curtis distance	7	0.473711120560508
mOTUs-precision	genus	Bray-Curtis distance	7	0.5428586940488092
mOTUs-precision	species	Bray-Curtis distance	7	0.6366010901967294
mOTUs-precision	domain	Shannon diversity	7	0.0
mOTUs-precision	domain	Shannon equitability	7	0.0
mOTUs-precision	phylum	Shannon diversity	7	0.5003445883731429
mOTUs-precision	phylum	Shannon equitability	7	0.3108815720740827
mOTUs-precision	class	Shannon diversity	7	0.9991014047726678
mOTUs-precision	class	Shannon equitability	7	0.4339042269545568
mOTUs-precision	order	Shannon diversity	7	1.0041893938486135
mOTUs-precision	order	Shannon equitability	7	0.38051064013642016
mOTUs-precision	family	Shannon diversity	7	1.1511435113502484
mOTUs-precision	family	Shannon equitability	7	0.3781031458618611
mOTUs-precision	genus	Shannon diversity	7	1.9262347832847786
mOTUs-precision	genus	Shannon equitability	7	0.5187013335637939
mOTUs-precision	species	Shannon diversity	7	2.4973471035425368
mOTUs-precision	species	Shannon equitability	7	0.6486367178321502
mOTUs-precision	acellular root	True positives	7	0.0
mOTUs-precision	acellular root	False negatives	7	1.0
mOTUs-precision	acellular root	False positives	7	0.0
mOTUs-precision	acellular root	Completeness	7	0.0
mOTUs-precision	acellular root	Purity	7	0.0
mOTUs-precision	acellular root	Jaccard index	7	0.0
mOTUs-precision	cellular root	True positives	7	0.0
mOTUs-precision	cellular root	False negatives	7	1.0
mOTUs-precision	cellular root	False positives	7	0.0
mOTUs-precision	cellular root	Completeness	7	0.0
mOTUs-precision	cellular root	Purity	7	0.0
mOTUs-precision	cellular root	Jaccard index	7	0.0
mOTUs-precision	other entries	True positives	7	0.0
mOTUs-precision	other entries	False negatives	7	1.0
mOTUs-precision	other entries	False positives	7	0.0
mOTUs-precision	other entries	Completeness	7	0.0
mOTUs-precision	other entries	Purity	7	0.0
mOTUs-precision	other entries	Jaccard index	7	0.0
mOTUs-precision	realm	True positives	7	0.0
mOTUs-precision	realm	False negatives	7	3.0
mOTUs-precision	realm	False positives	7	0.0
mOTUs-precision	realm	Completeness	7	0.0
mOTUs-precision	realm	Purity	7	0.0
mOTUs-precision	realm	Jaccard index	7	0.0
mOTUs-precision	domain	True positives	7	1.0
mOTUs-precision	domain	False negatives	7	1.0
mOTUs-precision	domain	False positives	7	0.0
mOTUs-precision	domain	Completeness	7	0.5
mOTUs-precision	domain	Purity	7	1.0
mOTUs-precision	domain	F1 score	7	0.6666666666666666
mOTUs-precision	domain	Jaccard index	7	0.5
mOTUs-precision	kingdom	True positives	7	0.0
mOTUs-precision	kingdom	False negatives	7	10.0
mOTUs-precision	kingdom	False positives	7	0.0
mOTUs-precision	kingdom	Completeness	7	0.0
mOTUs-precision	kingdom	Purity	7	0.0
mOTUs-precision	kingdom	Jaccard index	7	0.0
mOTUs-precision	phylum	True positives	7	5.0
mOTUs-precision	phylum	False negatives	7	14.0
mOTUs-precision	phylum	False positives	7	0.0
mOTUs-precision	phylum	Completeness	7	0.2631578947368421
mOTUs-precision	phylum	Purity	7	1.0
mOTUs-precision	phylum	F1 score	7	0.4166666666666667
mOTUs-precision	phylum	Jaccard index	7	0.2631578947368421
mOTUs-precision	class	True positives	7	9.0
mOTUs-precision	class	False negatives	7	19.0
mOTUs-precision	class	False positives	7	1.0
mOTUs-precision	class	Completeness	7	0.32142857142857145
mOTUs-precision	class	Purity	7	0.9
mOTUs-precision	class	F1 score	7	0.4736842105263158
mOTUs-precision	class	Jaccard index	7	0.3103448275862069
mOTUs-precision	order	True positives	7	14.0
mOTUs-precision	order	False negatives	7	28.0
mOTUs-precision	order	False positives	7	0.0
mOTUs-precision	order	Completeness	7	0.3333333333333333
mOTUs-precision	order	Purity	7	1.0
mOTUs-precision	order	F1 score	7	0.5
mOTUs-precision	order	Jaccard index	7	0.3333333333333333
mOTUs-precision	family	True positives	7	20.0
mOTUs-precision	family	False negatives	7	54.0
mOTUs-precision	family	False positives	7	1.0
mOTUs-precision	family	Completeness	7	0.2702702702702703
mOTUs-precision	family	Purity	7	0.9523809523809523
mOTUs-precision	family	F1 score	7	0.42105263157894735
mOTUs-precision	family	Jaccard index	7	0.26666666666666666
mOTUs-precision	genus	True positives	7	38.0
mOTUs-precision	genus	False negatives	7	121.0
mOTUs-precision	genus	False positives	7	3.0
mOTUs-precision	genus	Completeness	7	0.2389937106918239
mOTUs-precision	genus	Purity	7	0.926829268292683
mOTUs-precision	genus	F1 score	7	0.38
mOTUs-precision	genus	Jaccard index	7	0.2345679012345679
mOTUs-precision	species	True positives	7	42.0
mOTUs-precision	species	False negatives	7	204.0
mOTUs-precision	species	False positives	7	5.0
mOTUs-precision	species	Completeness	7	0.17073170731707318
mOTUs-precision	species	Purity	7	0.8936170212765957
mOTUs-precision	species	F1 score	7	0.2866894197952219
mOTUs-precision	species	Jaccard index	7	0.16733067729083664
mOTUs-precision	strain	True positives	7	0.0
mOTUs-precision	strain	False negatives	7	291.0
mOTUs-precision	strain	False positives	7	0.0
mOTUs-precision	strain	Completeness	7	0.0
mOTUs-precision	strain	Purity	7	0.0
mOTUs-precision	strain	Jaccard index	7	0.0
mOTUs-precision	domain	L1 norm error	7	0.509788
mOTUs-precision	phylum	L1 norm error	7	0.9978790000000001
mOTUs-precision	class	L1 norm error	7	0.9979790000000002
mOTUs-precision	order	L1 norm error	7	1.3261710000000009
mOTUs-precision	family	L1 norm error	7	0.8609728038854466
mOTUs-precision	genus	L1 norm error	7	1.059886
mOTUs-precision	species	L1 norm error	7	1.2732059999999996
mOTUs-precision	na	Weighted UniFrac error	7	0.1407941216645025
mOTUs-precision	na	Unweighted UniFrac error	7	0.8521127074803792
mOTUs-precision	na	Weighted UniFrac (CAMI)	7	10.260728391506996
mOTUs-precision	na	Unweighted UniFrac (CAMI)	7	2842.333610141949
mOTUs-precision	domain	Sum of abundances	7	1.0
mOTUs-precision	phylum	Sum of abundances	7	0.9999999999999999
mOTUs-precision	class	Sum of abundances	7	1.0
mOTUs-precision	order	Sum of abundances	7	1.0000000000000002
mOTUs-precision	family	Sum of abundances	7	1.0000000000000002
mOTUs-precision	genus	Sum of abundances	7	1.0
mOTUs-precision	species	Sum of abundances	7	1.0
mOTUs-precision	domain	Taxon counts	7	1.0
mOTUs-precision	phylum	Taxon counts	7	5.0
mOTUs-precision	class	Taxon counts	7	10.0
mOTUs-precision	order	Taxon counts	7	14.0
mOTUs-precision	family	Taxon counts	7	21.0
mOTUs-precision	genus	Taxon counts	7	41.0
mOTUs-precision	species	Taxon counts	7	47.0
mOTUs-precision	domain	Bray-Curtis distance	8	0.35147269694339855
mOTUs-precision	phylum	Bray-Curtis distance	8	0.5064278757158374
mOTUs-precision	class	Bray-Curtis distance	8	0.5064301671960758
mOTUs-precision	order	Bray-Curtis distance	8	0.6389388618290736
mOTUs-precision	family	Bray-Curtis distance	8	0.6066186501835593
mOTUs-precision	genus	Bray-Curtis distance	8	0.5236665689127077
mOTUs-precision	species	Bray-Curtis distance	8	0.539308466196564
mOTUs-precision	domain	Shannon diversity	8	0.0
mOTUs-precision	domain	Shannon equitability	8	0.0
mOTUs-precision	phylum	Shannon diversity	8	0.802549230287494
mOTUs-precision	phylum	Shannon equitability	8	0.49865187348154694
mOTUs-precision	class	Shannon diversity	8	1.0607980425895995
mOTUs-precision	class	Shannon equitability	8	0.42689653660836774
mOTUs-precision	order	Shannon diversity	8	1.0672536548180376
mOTUs-precision	order	Shannon equitability	8	0.37669371318507433
mOTUs-precision	family	Shannon diversity	8	1.763046422103491
mOTUs-precision	family	Shannon equitability	8	0.5183605137441024
mOTUs-precision	genus	Shannon diversity	8	2.268564232329505
mOTUs-precision	genus	Shannon equitability	8	0.5860104463543399
mOTUs-precision	species	Shannon diversity	8	2.3552091699230893
mOTUs-precision	species	Shannon equitability	8	0.5825326007267116
mOTUs-precision	acellular root	True positives	8	0.0
mOTUs-precision	acellular root	False negatives	8	1.0
mOTUs-precision	acellular root	False positives	8	0.0
mOTUs-precision	acellular root	Completeness	8	0.0
mOTUs-precision	acellular root	Purity	8	0.0
mOTUs-precision	acellular root	Jaccard index	8	0.0
mOTUs-precision	cellular root	True positives	8	0.0
mOTUs-precision	cellular root	False negatives	8	1.0
mOTUs-precision	cellular root	False positives	8	0.0
mOTUs-precision	cellular root	Completeness	8	0.0
mOTUs-precision	cellular root	Purity	8	0.0
mOTUs-precision	cellular root	Jaccard index	8	0.0
mOTUs-precision	other entries	True positives	8	0.0
mOTUs-precision	other entries	False negatives	8	1.0
mOTUs-precision	other entries	False positives	8	0.0
mOTUs-precision	other entries	Completeness	8	0.0
mOTUs-precision	other entries	Purity	8	0.0
mOTUs-precision	other entries	Jaccard index	8	0.0
mOTUs-precision	realm	True positives	8	0.0
mOTUs-precision	realm	False negatives	8	3.0
mOTUs-precision	realm	False positives	8	0.0
mOTUs-precision	realm	Completeness	8	0.0
mOTUs-precision	realm	Purity	8	0.0
mOTUs-precision	realm	Jaccard index	8	0.0
mOTUs-precision	domain	True positives	8	1.0
mOTUs-precision	domain	False negatives	8	1.0
mOTUs-precision	domain	False positives	8	0.0
mOTUs-precision	domain	Completeness	8	0.5
mOTUs-precision	domain	Purity	8	1.0
mOTUs-precision	domain	F1 score	8	0.6666666666666666
mOTUs-precision	domain	Jaccard index	8	0.5
mOTUs-precision	kingdom	True positives	8	0.0
mOTUs-precision	kingdom	False negatives	8	11.0
mOTUs-precision	kingdom	False positives	8	0.0
mOTUs-precision	kingdom	Completeness	8	0.0
mOTUs-precision	kingdom	Purity	8	0.0
mOTUs-precision	kingdom	Jaccard index	8	0.0
mOTUs-precision	phylum	True positives	8	5.0
mOTUs-precision	phylum	False negatives	8	15.0
mOTUs-precision	phylum	False positives	8	0.0
mOTUs-precision	phylum	Completeness	8	0.25
mOTUs-precision	phylum	Purity	8	1.0
mOTUs-precision	phylum	F1 score	8	0.4
mOTUs-precision	phylum	Jaccard index	8	0.25
mOTUs-precision	class	True positives	8	10.0
mOTUs-precision	class	False negatives	8	20.0
mOTUs-precision	class	False positives	8	2.0
mOTUs-precision	class	Completeness	8	0.3333333333333333
mOTUs-precision	class	Purity	8	0.8333333333333334
mOTUs-precision	class	F1 score	8	0.47619047619047616
mOTUs-precision	class	Jaccard index	8	0.3125
mOTUs-precision	order	True positives	8	17.0
mOTUs-precision	order	False negatives	8	26.0
mOTUs-precision	order	False positives	8	0.0
mOTUs-precision	order	Completeness	8	0.3953488372093023
mOTUs-precision	order	Purity	8	1.0
mOTUs-precision	order	F1 score	8	0.5666666666666667
mOTUs-precision	order	Jaccard index	8	0.3953488372093023
mOTUs-precision	family	True positives	8	27.0
mOTUs-precision	family	False negatives	8	47.0
mOTUs-precision	family	False positives	8	3.0
mOTUs-precision	family	Completeness	8	0.36486486486486486
mOTUs-precision	family	Purity	8	0.9
mOTUs-precision	family	F1 score	8	0.5192307692307692
mOTUs-precision	family	Jaccard index	8	0.35064935064935066
mOTUs-precision	genus	True positives	8	44.0
mOTUs-precision	genus	False negatives	8	114.0
mOTUs-precision	genus	False positives	8	4.0
mOTUs-precision	genus	Completeness	8	0.27848101265822783
mOTUs-precision	genus	Purity	8	0.9166666666666666
mOTUs-precision	genus	F1 score	8	0.42718446601941745
mOTUs-precision	genus	Jaccard index	8	0.2716049382716049
mOTUs-precision	species	True positives	8	49.0
mOTUs-precision	species	False negatives	8	204.0
mOTUs-precision	species	False positives	8	8.0
mOTUs-precision	species	Completeness	8	0.19367588932806323
mOTUs-precision	species	Purity	8	0.8596491228070176
mOTUs-precision	species	F1 score	8	0.31612903225806455
mOTUs-precision	species	Jaccard index	8	0.18773946360153257
mOTUs-precision	strain	True positives	8	0.0
mOTUs-precision	strain	False negatives	8	323.0
mOTUs-precision	strain	False positives	8	0.0
mOTUs-precision	strain	Completeness	8	0.0
mOTUs-precision	strain	Purity	8	0.0
mOTUs-precision	strain	Jaccard index	8	0.0
mOTUs-precision	domain	L1 norm error	8	0.525277
mOTUs-precision	phylum	L1 norm error	8	0.9931
mOTUs-precision	class	L1 norm error	8	0.9931050000000002
mOTUs-precision	order	L1 norm error	8	1.0683159999999998
mOTUs-precision	family	L1 norm error	8	1.0994404945418845
mOTUs-precision	genus	L1 norm error	8	1.0177328850176248
mOTUs-precision	species	L1 norm error	8	1.0786109999999995
mOTUs-precision	na	Weighted UniFrac error	8	0.14341405038852947
mOTUs-precision	na	Unweighted UniFrac error	8	0.8472100229347455
mOTUs-precision	na	Weighted UniFrac (CAMI)	8	10.353640194089344
mOTUs-precision	na	Unweighted UniFrac (CAMI)	8	3185.250069829338
mOTUs-precision	domain	Sum of abundances	8	1.0
mOTUs-precision	phylum	Sum of abundances	8	0.9999999999999999
mOTUs-precision	class	Sum of abundances	8	1.0
mOTUs-precision	order	Sum of abundances	8	0.9999999999999999
mOTUs-precision	family	Sum of abundances	8	1.0
mOTUs-precision	genus	Sum of abundances	8	0.9999999999999999
mOTUs-precision	species	Sum of abundances	8	0.9999999999999999
mOTUs-precision	domain	Taxon counts	8	1.0
mOTUs-precision	phylum	Taxon counts	8	5.0
mOTUs-precision	class	Taxon counts	8	12.0
mOTUs-precision	order	Taxon counts	8	17.0
mOTUs-precision	family	Taxon counts	8	30.0
mOTUs-precision	genus	Taxon counts	8	48.0
mOTUs-precision	species	Taxon counts	8	57.0
mOTUs-precision	domain	Bray-Curtis distance	9	0.3533584792378767
mOTUs-precision	phylum	Bray-Curtis distance	9	0.5109645335129328
mOTUs-precision	class	Bray-Curtis distance	9	0.5109640113074034
mOTUs-precision	order	Bray-Curtis distance	9	0.6369765922713055
mOTUs-precision	family	Bray-Curtis distance	9	0.5332692801641694
mOTUs-precision	genus	Bray-Curtis distance	9	0.524428799043342
mOTUs-precision	species	Bray-Curtis distance	9	0.7703005742485644
mOTUs-precision	domain	Shannon diversity	9	0.0
mOTUs-precision	domain	Shannon equitability	9	0.0
mOTUs-precision	phylum	Shannon diversity	9	0.8451461012803021
mOTUs-precision	phylum	Shannon equitability	9	0.5251187975323076
mOTUs-precision	class	Shannon diversity	9	1.1708922810173856
mOTUs-precision	class	Shannon equitability	9	0.4564972316553599
mOTUs-precision	order	Shannon diversity	9	1.1757092709551484
mOTUs-precision	order	Shannon equitability	9	0.40676749201663953
mOTUs-precision	family	Shannon diversity	9	1.9049180310748648
mOTUs-precision	family	Shannon equitability	9	0.5600727677098049
mOTUs-precision	genus	Shannon diversity	9	2.5250871227481912
mOTUs-precision	genus	Shannon equitability	9	0.6595256283504961
mOTUs-precision	species	Shannon diversity	9	2.7428449425314008
mOTUs-precision	species	Shannon equitability	9	0.6784096368880483
mOTUs-precision	acellular root	True positives	9	0.0
mOTUs-precision	acellular root	False negatives	9	1.0
mOTUs-precision	acellular root	False positives	9	0.0
mOTUs-precision	acellular root	Completeness	9	0.0
mOTUs-precision	acellular root	Purity	9	0.0
mOTUs-precision	acellular root	Jaccard index	9	0.0
mOTUs-precision	cellular root	True positives	9	0.0
mOTUs-precision	cellular root	False negatives	9	1.0
mOTUs-precision	cellular root	False positives	9	0.0
mOTUs-precision	cellular root	Completeness	9	0.0
mOTUs-precision	cellular root	Purity	9	0.0
mOTUs-precision	cellular root	Jaccard index	9	0.0
mOTUs-precision	other entries	True positives	9	0.0
mOTUs-precision	other entries	False negatives	9	1.0
mOTUs-precision	other entries	False positives	9	0.0
mOTUs-precision	other entries	Completeness	9	0.0
mOTUs-precision	other entries	Purity	9	0.0
mOTUs-precision	other entries	Jaccard index	9	0.0
mOTUs-precision	realm	True positives	9	0.0
mOTUs-precision	realm	False negatives	9	3.0
mOTUs-precision	realm	False positives	9	0.0
mOTUs-precision	realm	Completeness	9	0.0
mOTUs-precision	realm	Purity	9	0.0
mOTUs-precision	realm	Jaccard index	9	0.0
mOTUs-precision	domain	True positives	9	1.0
mOTUs-precision	domain	False negatives	9	1.0
mOTUs-precision	domain	False positives	9	0.0
mOTUs-precision	domain	Completeness	9	0.5
mOTUs-precision	domain	Purity	9	1.0
mOTUs-precision	domain	F1 score	9	0.6666666666666666
mOTUs-precision	domain	Jaccard index	9	0.5
mOTUs-precision	kingdom	True positives	9	0.0
mOTUs-precision	kingdom	False negatives	9	10.0
mOTUs-precision	kingdom	False positives	9	0.0
mOTUs-precision	kingdom	Completeness	9	0.0
mOTUs-precision	kingdom	Purity	9	0.0
mOTUs-precision	kingdom	Jaccard index	9	0.0
mOTUs-precision	phylum	True positives	9	5.0
mOTUs-precision	phylum	False negatives	9	14.0
mOTUs-precision	phylum	False positives	9	0.0
mOTUs-precision	phylum	Completeness	9	0.2631578947368421
mOTUs-precision	phylum	Purity	9	1.0
mOTUs-precision	phylum	F1 score	9	0.4166666666666667
mOTUs-precision	phylum	Jaccard index	9	0.2631578947368421
mOTUs-precision	class	True positives	9	11.0
mOTUs-precision	class	False negatives	9	17.0
mOTUs-precision	class	False positives	9	2.0
mOTUs-precision	class	Completeness	9	0.39285714285714285
mOTUs-precision	class	Purity	9	0.8461538461538461
mOTUs-precision	class	F1 score	9	0.5365853658536585
mOTUs-precision	class	Jaccard index	9	0.36666666666666664
mOTUs-precision	order	True positives	9	18.0
mOTUs-precision	order	False negatives	9	24.0
mOTUs-precision	order	False positives	9	0.0
mOTUs-precision	order	Completeness	9	0.42857142857142855
mOTUs-precision	order	Purity	9	1.0
mOTUs-precision	order	F1 score	9	0.6
mOTUs-precision	order	Jaccard index	9	0.42857142857142855
mOTUs-precision	family	True positives	9	28.0
mOTUs-precision	family	False negatives	9	47.0
mOTUs-precision	family	False positives	9	2.0
mOTUs-precision	family	Completeness	9	0.37333333333333335
mOTUs-precision	family	Purity	9	0.9333333333333333
mOTUs-precision	family	F1 score	9	0.5333333333333333
mOTUs-precision	family	Jaccard index	9	0.36363636363636365
mOTUs-precision	genus	True positives	9	44.0
mOTUs-precision	genus	False negatives	9	115.0
mOTUs-precision	genus	False positives	9	2.0
mOTUs-precision	genus	Completeness	9	0.27672955974842767
mOTUs-precision	genus	Purity	9	0.9565217391304348
mOTUs-precision	genus	F1 score	9	0.4292682926829269
mOTUs-precision	genus	Jaccard index	9	0.2732919254658385
mOTUs-precision	species	True positives	9	49.0
mOTUs-precision	species	False negatives	9	204.0
mOTUs-precision	species	False positives	9	8.0
mOTUs-precision	species	Completeness	9	0.19367588932806323
mOTUs-precision	species	Purity	9	0.8596491228070176
mOTUs-precision	species	F1 score	9	0.31612903225806455
mOTUs-precision	species	Jaccard index	9	0.18773946360153257
mOTUs-precision	strain	True positives	9	0.0
mOTUs-precision	strain	False negatives	9	323.0
mOTUs-precision	strain	False positives	9	0.0
mOTUs-precision	strain	Completeness	9	0.0
mOTUs-precision	strain	Purity	9	0.0
mOTUs-precision	strain	Jaccard index	9	0.0
mOTUs-precision	domain	L1 norm error	9	0.527337
mOTUs-precision	phylum	L1 norm error	9	0.9999300000000001
mOTUs-precision	class	L1 norm error	9	0.9999300000000005
mOTUs-precision	order	L1 norm error	9	1.0667740000000006
mOTUs-precision	family	L1 norm error	9	0.9494731548695802
mOTUs-precision	genus	L1 norm error	9	1.0123442429532918
mOTUs-precision	species	L1 norm error	9	1.5406050000000011
mOTUs-precision	na	Weighted UniFrac error	9	0.1413239387083332
mOTUs-precision	na	Unweighted UniFrac error	9	0.815231377138644
mOTUs-precision	na	Weighted UniFrac (CAMI)	9	10.637478147131963
mOTUs-precision	na	Unweighted UniFrac (CAMI)	9	3013.5110111457698
mOTUs-precision	domain	Sum of abundances	9	1.0
mOTUs-precision	phylum	Sum of abundances	9	1.0
mOTUs-precision	class	Sum of abundances	9	1.0000000000000004
mOTUs-precision	order	Sum of abundances	9	1.0000000000000002
mOTUs-precision	family	Sum of abundances	9	0.9999999999999999
mOTUs-precision	genus	Sum of abundances	9	0.9999999999999999
mOTUs-precision	species	Sum of abundances	9	1.0000000000000002
mOTUs-precision	domain	Taxon counts	9	1.0
mOTUs-precision	phylum	Taxon counts	9	5.0
mOTUs-precision	class	Taxon counts	9	13.0
mOTUs-precision	order	Taxon counts	9	18.0
mOTUs-precision	family	Taxon counts	9	30.0
mOTUs-precision	genus	Taxon counts	9	46.0
mOTUs-precision	species	Taxon counts	9	57.0
mOTUs-recall	domain	Bray-Curtis distance	0	0.3496514056697194
mOTUs-recall	phylum	Bray-Curtis distance	0	0.5099564482779709
mOTUs-recall	class	Bray-Curtis distance	0	0.5157697892036468
mOTUs-recall	order	Bray-Curtis distance	0	0.5164588523858116
mOTUs-recall	family	Bray-Curtis distance	0	0.5786234115212965
mOTUs-recall	genus	Bray-Curtis distance	0	0.5513238691766382
mOTUs-recall	species	Bray-Curtis distance	0	0.6710823794170347
mOTUs-recall	domain	Shannon diversity	0	0.0
mOTUs-recall	domain	Shannon equitability	0	0.0
mOTUs-recall	phylum	Shannon diversity	0	0.8077170260021149
mOTUs-recall	phylum	Shannon equitability	0	0.5826446739274166
mOTUs-recall	class	Shannon diversity	0	1.2073709418678775
mOTUs-recall	class	Shannon equitability	0	0.524354537663551
mOTUs-recall	order	Shannon diversity	0	1.2168058537314845
mOTUs-recall	order	Shannon equitability	0	0.4743976134233408
mOTUs-recall	family	Shannon diversity	0	2.086592523326578
mOTUs-recall	family	Shannon equitability	0	0.6404329948411186
mOTUs-recall	genus	Shannon diversity	0	2.4682239831673494
mOTUs-recall	genus	Shannon equitability	0	0.6562330924293857
mOTUs-recall	species	Shannon diversity	0	2.770112233408662
mOTUs-recall	species	Shannon equitability	0	0.6321532168447942
mOTUs-recall	acellular root	True positives	0	0.0
mOTUs-recall	acellular root	False negatives	0	1.0
mOTUs-recall	acellular root	False positives	0	0.0
mOTUs-recall	acellular root	Completeness	0	0.0
mOTUs-recall	acellular root	Purity	0	0.0
mOTUs-recall	acellular root	Jaccard index	0	0.0
mOTUs-recall	cellular root	True positives	0	0.0
mOTUs-recall	cellular root	False negatives	0	1.0
mOTUs-recall	cellular root	False positives	0	0.0
mOTUs-recall	cellular root	Completeness	0	0.0
mOTUs-recall	cellular root	Purity	0	0.0
mOTUs-recall	cellular root	Jaccard index	0	0.0
mOTUs-recall	other entries	True positives	0	0.0
mOTUs-recall	other entries	False negatives	0	1.0
mOTUs-recall	other entries	False positives	0	0.0
mOTUs-recall	other entries	Completeness	0	0.0
mOTUs-recall	other entries	Purity	0	0.0
mOTUs-recall	other entries	Jaccard index	0	0.0
mOTUs-recall	realm	True positives	0	0.0
mOTUs-recall	realm	False negatives	0	3.0
mOTUs-recall	realm	False positives	0	0.0
mOTUs-recall	realm	Completeness	0	0.0
mOTUs-recall	realm	Purity	0	0.0
mOTUs-recall	realm	Jaccard index	0	0.0
mOTUs-recall	domain	True positives	0	1.0
mOTUs-recall	domain	False negatives	0	1.0
mOTUs-recall	domain	False positives	0	0.0
mOTUs-recall	domain	Completeness	0	0.5
mOTUs-recall	domain	Purity	0	1.0
mOTUs-recall	domain	F1 score	0	0.6666666666666666
mOTUs-recall	domain	Jaccard index	0	0.5
mOTUs-recall	kingdom	True positives	0	0.0
mOTUs-recall	kingdom	False negatives	0	10.0
mOTUs-recall	kingdom	False positives	0	0.0
mOTUs-recall	kingdom	Completeness	0	0.0
mOTUs-recall	kingdom	Purity	0	0.0
mOTUs-recall	kingdom	Jaccard index	0	0.0
mOTUs-recall	phylum	True positives	0	4.0
mOTUs-recall	phylum	False negatives	0	14.0
mOTUs-recall	phylum	False positives	0	0.0
mOTUs-recall	phylum	Completeness	0	0.2222222222222222
mOTUs-recall	phylum	Purity	0	1.0
mOTUs-recall	phylum	F1 score	0	0.3636363636363636
mOTUs-recall	phylum	Jaccard index	0	0.2222222222222222
mOTUs-recall	class	True positives	0	9.0
mOTUs-recall	class	False negatives	0	17.0
mOTUs-recall	class	False positives	0	1.0
mOTUs-recall	class	Completeness	0	0.34615384615384615
mOTUs-recall	class	Purity	0	0.9
mOTUs-recall	class	F1 score	0	0.5
mOTUs-recall	class	Jaccard index	0	0.3333333333333333
mOTUs-recall	order	True positives	0	13.0
mOTUs-recall	order	False negatives	0	30.0
mOTUs-recall	order	False positives	0	0.0
mOTUs-recall	order	Completeness	0	0.3023255813953488
mOTUs-recall	order	Purity	0	1.0
mOTUs-recall	order	F1 score	0	0.46428571428571425
mOTUs-recall	order	Jaccard index	0	0.3023255813953488
mOTUs-recall	family	True positives	0	24.0
mOTUs-recall	family	False negatives	0	51.0
mOTUs-recall	family	False positives	0	2.0
mOTUs-recall	family	Completeness	0	0.32
mOTUs-recall	family	Purity	0	0.9230769230769231
mOTUs-recall	family	F1 score	0	0.4752475247524752
mOTUs-recall	family	Jaccard index	0	0.3116883116883117
mOTUs-recall	genus	True positives	0	41.0
mOTUs-recall	genus	False negatives	0	117.0
mOTUs-recall	genus	False positives	0	2.0
mOTUs-recall	genus	Completeness	0	0.25949367088607594
mOTUs-recall	genus	Purity	0	0.9534883720930233
mOTUs-recall	genus	F1 score	0	0.4079601990049751
mOTUs-recall	genus	Jaccard index	0	0.25625
mOTUs-recall	species	True positives	0	50.0
mOTUs-recall	species	False negatives	0	204.0
mOTUs-recall	species	False positives	0	30.0
mOTUs-recall	species	Completeness	0	0.1968503937007874
mOTUs-recall	species	Purity	0	0.625
mOTUs-recall	species	F1 score	0	0.29940119760479045
mOTUs-recall	species	Jaccard index	0	0.176056338028169
mOTUs-recall	strain	True positives	0	0.0
mOTUs-recall	strain	False negatives	0	311.0
mOTUs-recall	strain	False positives	0	0.0
mOTUs-recall	strain	Completeness	0	0.0
mOTUs-recall	strain	Purity	0	0.0
mOTUs-recall	strain	Jaccard index	0	0.0
mOTUs-recall	domain	L1 norm error	0	0.523282
mOTUs-recall	phylum	L1 norm error	0	1.008983
mOTUs-recall	class	L1 norm error	0	1.0204850845152917
mOTUs-recall	order	L1 norm error	0	0.8266140845152917
mOTUs-recall	family	L1 norm error	0	1.024265854736534
mOTUs-recall	genus	L1 norm error	0	1.065728335453863
mOTUs-recall	species	L1 norm error	0	1.342158048010276
mOTUs-recall	na	Weighted UniFrac error	0	0.12809755993221805
mOTUs-recall	na	Unweighted UniFrac error	0	0.8213356175002814
mOTUs-recall	na	Weighted UniFrac (CAMI)	0	9.86367222534599
mOTUs-recall	na	Unweighted UniFrac (CAMI)	0	3044.598790300657
mOTUs-recall	domain	Sum of abundances	0	1.0
mOTUs-recall	phylum	Sum of abundances	0	1.0000000000000002
mOTUs-recall	class	Sum of abundances	0	1.0
mOTUs-recall	order	Sum of abundances	0	1.0
mOTUs-recall	family	Sum of abundances	0	1.0
mOTUs-recall	genus	Sum of abundances	0	1.0
mOTUs-recall	species	Sum of abundances	0	1.0
mOTUs-recall	domain	Taxon counts	0	1.0
mOTUs-recall	phylum	Taxon counts	0	4.0
mOTUs-recall	class	Taxon counts	0	10.0
mOTUs-recall	order	Taxon counts	0	13.0
mOTUs-recall	family	Taxon counts	0	26.0
mOTUs-recall	genus	Taxon counts	0	43.0
mOTUs-recall	species	Taxon counts	0	80.0
mOTUs-recall	domain	Bray-Curtis distance	10	0.3446138076093612
mOTUs-recall	phylum	Bray-Curtis distance	10	0.5066074708443391
mOTUs-recall	class	Bray-Curtis distance	10	0.5066360242181146
mOTUs-recall	order	Bray-Curtis distance	10	0.5968407609141461
mOTUs-recall	family	Bray-Curtis distance	10	0.5845506914986144
mOTUs-recall	genus	Bray-Curtis distance	10	0.6117331271755532
mOTUs-recall	species	Bray-Curtis distance	10	0.7509215145247138
mOTUs-recall	domain	Shannon diversity	10	0.0
mOTUs-recall	domain	Shannon equitability	10	0.0
mOTUs-recall	phylum	Shannon diversity	10	0.8968498545438841
mOTUs-recall	phylum	Shannon equitability	10	0.5005414342418821
mOTUs-recall	class	Shannon diversity	10	1.1876897159427924
mOTUs-recall	class	Shannon equitability	10	0.4500431660254772
mOTUs-recall	order	Shannon diversity	10	1.1976096042644406
mOTUs-recall	order	Shannon equitability	10	0.41434448734586077
mOTUs-recall	family	Shannon diversity	10	2.137358953435039
mOTUs-recall	family	Shannon equitability	10	0.6011672883975394
mOTUs-recall	genus	Shannon diversity	10	2.4721531982115335
mOTUs-recall	genus	Shannon equitability	10	0.6256645690028668
mOTUs-recall	species	Shannon diversity	10	2.8887688049477016
mOTUs-recall	species	Shannon equitability	10	0.6485279689299052
mOTUs-recall	acellular root	True positives	10	0.0
mOTUs-recall	acellular root	False negatives	10	1.0
mOTUs-recall	acellular root	False positives	10	0.0
mOTUs-recall	acellular root	Completeness	10	0.0
mOTUs-recall	acellular root	Purity	10	0.0
mOTUs-recall	acellular root	Jaccard index	10	0.0
mOTUs-recall	cellular root	True positives	10	0.0
mOTUs-recall	cellular root	False negatives	10	1.0
mOTUs-recall	cellular root	False positives	10	0.0
mOTUs-recall	cellular root	Completeness	10	0.0
mOTUs-recall	cellular root	Purity	10	0.0
mOTUs-recall	cellular root	Jaccard index	10	0.0
mOTUs-recall	other entries	True positives	10	0.0
mOTUs-recall	other entries	False negatives	10	1.0
mOTUs-recall	other entries	False positives	10	0.0
mOTUs-recall	other entries	Completeness	10	0.0
mOTUs-recall	other entries	Purity	10	0.0
mOTUs-recall	other entries	Jaccard index	10	0.0
mOTUs-recall	realm	True positives	10	0.0
mOTUs-recall	realm	False negatives	10	3.0
mOTUs-recall	realm	False positives	10	0.0
mOTUs-recall	realm	Completeness	10	0.0
mOTUs-recall	realm	Purity	10	0.0
mOTUs-recall	realm	Jaccard index	10	0.0
mOTUs-recall	domain	True positives	10	1.0
mOTUs-recall	domain	False negatives	10	1.0
mOTUs-recall	domain	False positives	10	0.0
mOTUs-recall	domain	Completeness	10	0.5
mOTUs-recall	domain	Purity	10	1.0
mOTUs-recall	domain	F1 score	10	0.6666666666666666
mOTUs-recall	domain	Jaccard index	10	0.5
mOTUs-recall	kingdom	True positives	10	0.0
mOTUs-recall	kingdom	False negatives	10	11.0
mOTUs-recall	kingdom	False positives	10	0.0
mOTUs-recall	kingdom	Completeness	10	0.0
mOTUs-recall	kingdom	Purity	10	0.0
mOTUs-recall	kingdom	Jaccard index	10	0.0
mOTUs-recall	phylum	True positives	10	6.0
mOTUs-recall	phylum	False negatives	10	14.0
mOTUs-recall	phylum	False positives	10	0.0
mOTUs-recall	phylum	Completeness	10	0.3
mOTUs-recall	phylum	Purity	10	1.0
mOTUs-recall	phylum	F1 score	10	0.4615384615384615
mOTUs-recall	phylum	Jaccard index	10	0.3
mOTUs-recall	class	True positives	10	11.0
mOTUs-recall	class	False negatives	10	19.0
mOTUs-recall	class	False positives	10	3.0
mOTUs-recall	class	Completeness	10	0.36666666666666664
mOTUs-recall	class	Purity	10	0.7857142857142857
mOTUs-recall	class	F1 score	10	0.5
mOTUs-recall	class	Jaccard index	10	0.3333333333333333
mOTUs-recall	order	True positives	10	17.0
mOTUs-recall	order	False negatives	10	26.0
mOTUs-recall	order	False positives	10	1.0
mOTUs-recall	order	Completeness	10	0.3953488372093023
mOTUs-recall	order	Purity	10	0.9444444444444444
mOTUs-recall	order	F1 score	10	0.5573770491803278
mOTUs-recall	order	Jaccard index	10	0.38636363636363635
mOTUs-recall	family	True positives	10	30.0
mOTUs-recall	family	False negatives	10	48.0
mOTUs-recall	family	False positives	10	5.0
mOTUs-recall	family	Completeness	10	0.38461538461538464
mOTUs-recall	family	Purity	10	0.8571428571428571
mOTUs-recall	family	F1 score	10	0.5309734513274336
mOTUs-recall	family	Jaccard index	10	0.3614457831325301
mOTUs-recall	genus	True positives	10	44.0
mOTUs-recall	genus	False negatives	10	130.0
mOTUs-recall	genus	False positives	10	8.0
mOTUs-recall	genus	Completeness	10	0.25287356321839083
mOTUs-recall	genus	Purity	10	0.8461538461538461
mOTUs-recall	genus	F1 score	10	0.3893805309734513
mOTUs-recall	genus	Jaccard index	10	0.24175824175824176
mOTUs-recall	species	True positives	10	50.0
mOTUs-recall	species	False negatives	10	214.0
mOTUs-recall	species	False positives	10	36.0
mOTUs-recall	species	Completeness	10	0.1893939393939394
mOTUs-recall	species	Purity	10	0.5813953488372093
mOTUs-recall	species	F1 score	10	0.28571428571428575
mOTUs-recall	species	Jaccard index	10	0.16666666666666666
mOTUs-recall	strain	True positives	10	0.0
mOTUs-recall	strain	False negatives	10	346.0
mOTUs-recall	strain	False positives	10	0.0
mOTUs-recall	strain	Completeness	10	0.0
mOTUs-recall	strain	Purity	10	0.0
mOTUs-recall	strain	Jaccard index	10	0.0
mOTUs-recall	domain	L1 norm error	10	0.517734
mOTUs-recall	phylum	L1 norm error	10	1.0023320000000004
mOTUs-recall	class	L1 norm error	10	1.002389
mOTUs-recall	order	L1 norm error	10	0.9968129999999998
mOTUs-recall	family	L1 norm error	10	1.0515534998930816
mOTUs-recall	genus	L1 norm error	10	1.184512924011948
mOTUs-recall	species	L1 norm error	10	1.5018445308924582
mOTUs-recall	na	Weighted UniFrac error	10	0.11793660259727476
mOTUs-recall	na	Unweighted UniFrac error	10	0.7613985040464478
mOTUs-recall	na	Weighted UniFrac (CAMI)	10	10.62917310674127
mOTUs-recall	na	Unweighted UniFrac (CAMI)	10	3355.1429433933527
mOTUs-recall	domain	Sum of abundances	10	1.0
mOTUs-recall	phylum	Sum of abundances	10	1.0000000000000002
mOTUs-recall	class	Sum of abundances	10	0.9999999999999999
mOTUs-recall	order	Sum of abundances	10	0.9999999999999997
mOTUs-recall	family	Sum of abundances	10	1.0000000000000002
mOTUs-recall	genus	Sum of abundances	10	1.0000000000000002
mOTUs-recall	species	Sum of abundances	10	1.0
mOTUs-recall	domain	Taxon counts	10	1.0
mOTUs-recall	phylum	Taxon counts	10	6.0
mOTUs-recall	class	Taxon counts	10	14.0
mOTUs-recall	order	Taxon counts	10	18.0
mOTUs-recall	family	Taxon counts	10	35.0
mOTUs-recall	genus	Taxon counts	10	52.0
mOTUs-recall	species	Taxon counts	10	86.0
mOTUs-recall	domain	Bray-Curtis distance	11	0.34210036804273014
mOTUs-recall	phylum	Bray-Curtis distance	11	0.4999228594509313
mOTUs-recall	class	Bray-Curtis distance	11	0.49992235368981836
mOTUs-recall	order	Bray-Curtis distance	11	0.5919009448346125
mOTUs-recall	family	Bray-Curtis distance	11	0.5173575503977837
mOTUs-recall	genus	Bray-Curtis distance	11	0.5853496170539404
mOTUs-recall	species	Bray-Curtis distance	11	0.5935596004093139
mOTUs-recall	domain	Shannon diversity	11	0.0
mOTUs-recall	domain	Shannon equitability	11	0.0
mOTUs-recall	phylum	Shannon diversity	11	0.8642065321481535
mOTUs-recall	phylum	Shannon equitability	11	0.48232284912688655
mOTUs-recall	class	Shannon diversity	11	1.1460699094186886
mOTUs-recall	class	Shannon equitability	11	0.4612124602412994
mOTUs-recall	order	Shannon diversity	11	1.155652380157881
mOTUs-recall	order	Shannon equitability	11	0.42674702990643093
mOTUs-recall	family	Shannon diversity	11	1.6140146917415579
mOTUs-recall	family	Shannon equitability	11	0.4843684374152338
mOTUs-recall	genus	Shannon diversity	11	1.9889971135064977
mOTUs-recall	genus	Shannon equitability	11	0.5288198054677896
mOTUs-recall	species	Shannon diversity	11	2.9794668587619593
mOTUs-recall	species	Shannon equitability	11	0.7061171745478795
mOTUs-recall	acellular root	True positives	11	0.0
mOTUs-recall	acellular root	False negatives	11	1.0
mOTUs-recall	acellular root	False positives	11	0.0
mOTUs-recall	acellular root	Completeness	11	0.0
mOTUs-recall	acellular root	Purity	11	0.0
mOTUs-recall	acellular root	Jaccard index	11	0.0
mOTUs-recall	cellular root	True positives	11	0.0
mOTUs-recall	cellular root	False negatives	11	1.0
mOTUs-recall	cellular root	False positives	11	0.0
mOTUs-recall	cellular root	Completeness	11	0.0
mOTUs-recall	cellular root	Purity	11	0.0
mOTUs-recall	cellular root	Jaccard index	11	0.0
mOTUs-recall	other entries	True positives	11	0.0
mOTUs-recall	other entries	False negatives	11	1.0
mOTUs-recall	other entries	False positives	11	0.0
mOTUs-recall	other entries	Completeness	11	0.0
mOTUs-recall	other entries	Purity	11	0.0
mOTUs-recall	other entries	Jaccard index	11	0.0
mOTUs-recall	realm	True positives	11	0.0
mOTUs-recall	realm	False negatives	11	4.0
mOTUs-recall	realm	False positives	11	0.0
mOTUs-recall	realm	Completeness	11	0.0
mOTUs-recall	realm	Purity	11	0.0
mOTUs-recall	realm	Jaccard index	11	0.0
mOTUs-recall	domain	True positives	11	1.0
mOTUs-recall	domain	False negatives	11	1.0
mOTUs-recall	domain	False positives	11	0.0
mOTUs-recall	domain	Completeness	11	0.5
mOTUs-recall	domain	Purity	11	1.0
mOTUs-recall	domain	F1 score	11	0.6666666666666666
mOTUs-recall	domain	Jaccard index	11	0.5
mOTUs-recall	kingdom	True positives	11	0.0
mOTUs-recall	kingdom	False negatives	11	11.0
mOTUs-recall	kingdom	False positives	11	0.0
mOTUs-recall	kingdom	Completeness	11	0.0
mOTUs-recall	kingdom	Purity	11	0.0
mOTUs-recall	kingdom	Jaccard index	11	0.0
mOTUs-recall	phylum	True positives	11	6.0
mOTUs-recall	phylum	False negatives	11	14.0
mOTUs-recall	phylum	False positives	11	0.0
mOTUs-recall	phylum	Completeness	11	0.3
mOTUs-recall	phylum	Purity	11	1.0
mOTUs-recall	phylum	F1 score	11	0.4615384615384615
mOTUs-recall	phylum	Jaccard index	11	0.3
mOTUs-recall	class	True positives	11	11.0
mOTUs-recall	class	False negatives	11	18.0
mOTUs-recall	class	False positives	11	1.0
mOTUs-recall	class	Completeness	11	0.3793103448275862
mOTUs-recall	class	Purity	11	0.9166666666666666
mOTUs-recall	class	F1 score	11	0.5365853658536586
mOTUs-recall	class	Jaccard index	11	0.36666666666666664
mOTUs-recall	order	True positives	11	15.0
mOTUs-recall	order	False negatives	11	28.0
mOTUs-recall	order	False positives	11	0.0
mOTUs-recall	order	Completeness	11	0.3488372093023256
mOTUs-recall	order	Purity	11	1.0
mOTUs-recall	order	F1 score	11	0.5172413793103449
mOTUs-recall	order	Jaccard index	11	0.3488372093023256
mOTUs-recall	family	True positives	11	26.0
mOTUs-recall	family	False negatives	11	47.0
mOTUs-recall	family	False positives	11	2.0
mOTUs-recall	family	Completeness	11	0.3561643835616438
mOTUs-recall	family	Purity	11	0.9285714285714286
mOTUs-recall	family	F1 score	11	0.5148514851485149
mOTUs-recall	family	Jaccard index	11	0.3466666666666667
mOTUs-recall	genus	True positives	11	40.0
mOTUs-recall	genus	False negatives	11	112.0
mOTUs-recall	genus	False positives	11	3.0
mOTUs-recall	genus	Completeness	11	0.2631578947368421
mOTUs-recall	genus	Purity	11	0.9302325581395349
mOTUs-recall	genus	F1 score	11	0.41025641025641024
mOTUs-recall	genus	Jaccard index	11	0.25806451612903225
mOTUs-recall	species	True positives	11	49.0
mOTUs-recall	species	False negatives	11	186.0
mOTUs-recall	species	False positives	11	19.0
mOTUs-recall	species	Completeness	11	0.20851063829787234
mOTUs-recall	species	Purity	11	0.7205882352941176
mOTUs-recall	species	F1 score	11	0.3234323432343234
mOTUs-recall	species	Jaccard index	11	0.19291338582677164
mOTUs-recall	strain	True positives	11	0.0
mOTUs-recall	strain	False negatives	11	268.0
mOTUs-recall	strain	False positives	11	0.0
mOTUs-recall	strain	Completeness	11	0.0
mOTUs-recall	strain	Purity	11	0.0
mOTUs-recall	strain	Jaccard index	11	0.0
mOTUs-recall	domain	L1 norm error	11	0.51495
mOTUs-recall	phylum	L1 norm error	11	0.9883030000000003
mOTUs-recall	class	L1 norm error	11	0.988303
mOTUs-recall	order	L1 norm error	11	1.001584
mOTUs-recall	family	L1 norm error	11	0.9267472362455038
mOTUs-recall	genus	L1 norm error	11	1.1316570000000006
mOTUs-recall	species	L1 norm error	11	1.1871162330206269
mOTUs-recall	na	Weighted UniFrac error	11	0.12201968820672227
mOTUs-recall	na	Unweighted UniFrac error	11	0.7414221437199919
mOTUs-recall	na	Weighted UniFrac (CAMI)	11	9.088604057311233
mOTUs-recall	na	Unweighted UniFrac (CAMI)	11	2448.1484676142118
mOTUs-recall	domain	Sum of abundances	11	1.0
mOTUs-recall	phylum	Sum of abundances	11	1.0
mOTUs-recall	class	Sum of abundances	11	1.0000000000000002
mOTUs-recall	order	Sum of abundances	11	1.0
mOTUs-recall	family	Sum of abundances	11	1.0
mOTUs-recall	genus	Sum of abundances	11	1.0000000000000004
mOTUs-recall	species	Sum of abundances	11	1.0
mOTUs-recall	domain	Taxon counts	11	1.0
mOTUs-recall	phylum	Taxon counts	11	6.0
mOTUs-recall	class	Taxon counts	11	12.0
mOTUs-recall	order	Taxon counts	11	15.0
mOTUs-recall	family	Taxon counts	11	28.0
mOTUs-recall	genus	Taxon counts	11	43.0
mOTUs-recall	species	Taxon counts	11	68.0
mOTUs-recall	domain	Bray-Curtis distance	12	0.3672865862123375
mOTUs-recall	phylum	Bray-Curtis distance	12	0.5178373244379452
mOTUs-recall	class	Bray-Curtis distance	12	0.5178365305912178
mOTUs-recall	order	Bray-Curtis distance	12	0.6307144989248099
mOTUs-recall	family	Bray-Curtis distance	12	0.5868379028853956
mOTUs-recall	genus	Bray-Curtis distance	12	0.5569967463197567
mOTUs-recall	species	Bray-Curtis distance	12	0.7570901985645249
mOTUs-recall	domain	Shannon diversity	12	0.0
mOTUs-recall	domain	Shannon equitability	12	0.0
mOTUs-recall	phylum	Shannon diversity	12	0.8506815316092693
mOTUs-recall	phylum	Shannon equitability	12	0.5285581537735157
mOTUs-recall	class	Shannon diversity	12	1.163651295523215
mOTUs-recall	class	Shannon equitability	12	0.4536741796239011
mOTUs-recall	order	Shannon diversity	12	1.1691755360552256
mOTUs-recall	order	Shannon equitability	12	0.4317407172065557
mOTUs-recall	family	Shannon diversity	12	1.9867763478523426
mOTUs-recall	family	Shannon equitability	12	0.6028139221165363
mOTUs-recall	genus	Shannon diversity	12	2.682770308437939
mOTUs-recall	genus	Shannon equitability	12	0.7089418258513963
mOTUs-recall	species	Shannon diversity	12	2.7794179472653853
mOTUs-recall	species	Shannon equitability	12	0.632483810697899
mOTUs-recall	acellular root	True positives	12	0.0
mOTUs-recall	acellular root	False negatives	12	1.0
mOTUs-recall	acellular root	False positives	12	0.0
mOTUs-recall	acellular root	Completeness	12	0.0
mOTUs-recall	acellular root	Purity	12	0.0
mOTUs-recall	acellular root	Jaccard index	12	0.0
mOTUs-recall	cellular root	True positives	12	0.0
mOTUs-recall	cellular root	False negatives	12	1.0
mOTUs-recall	cellular root	False positives	12	0.0
mOTUs-recall	cellular root	Completeness	12	0.0
mOTUs-recall	cellular root	Purity	12	0.0
mOTUs-recall	cellular root	Jaccard index	12	0.0
mOTUs-recall	other entries	True positives	12	0.0
mOTUs-recall	other entries	False negatives	12	1.0
mOTUs-recall	other entries	False positives	12	0.0
mOTUs-recall	other entries	Completeness	12	0.0
mOTUs-recall	other entries	Purity	12	0.0
mOTUs-recall	other entries	Jaccard index	12	0.0
mOTUs-recall	realm	True positives	12	0.0
mOTUs-recall	realm	False negatives	12	3.0
mOTUs-recall	realm	False positives	12	0.0
mOTUs-recall	realm	Completeness	12	0.0
mOTUs-recall	realm	Purity	12	0.0
mOTUs-recall	realm	Jaccard index	12	0.0
mOTUs-recall	domain	True positives	12	1.0
mOTUs-recall	domain	False negatives	12	1.0
mOTUs-recall	domain	False positives	12	0.0
mOTUs-recall	domain	Completeness	12	0.5
mOTUs-recall	domain	Purity	12	1.0
mOTUs-recall	domain	F1 score	12	0.6666666666666666
mOTUs-recall	domain	Jaccard index	12	0.5
mOTUs-recall	kingdom	True positives	12	0.0
mOTUs-recall	kingdom	False negatives	12	10.0
mOTUs-recall	kingdom	False positives	12	0.0
mOTUs-recall	kingdom	Completeness	12	0.0
mOTUs-recall	kingdom	Purity	12	0.0
mOTUs-recall	kingdom	Jaccard index	12	0.0
mOTUs-recall	phylum	True positives	12	5.0
mOTUs-recall	phylum	False negatives	12	14.0
mOTUs-recall	phylum	False positives	12	0.0
mOTUs-recall	phylum	Completeness	12	0.2631578947368421
mOTUs-recall	phylum	Purity	12	1.0
mOTUs-recall	phylum	F1 score	12	0.4166666666666667
mOTUs-recall	phylum	Jaccard index	12	0.2631578947368421
mOTUs-recall	class	True positives	12	10.0
mOTUs-recall	class	False negatives	12	17.0
mOTUs-recall	class	False positives	12	3.0
mOTUs-recall	class	Completeness	12	0.37037037037037035
mOTUs-recall	class	Purity	12	0.7692307692307693
mOTUs-recall	class	F1 score	12	0.5
mOTUs-recall	class	Jaccard index	12	0.3333333333333333
mOTUs-recall	order	True positives	12	14.0
mOTUs-recall	order	False negatives	12	25.0
mOTUs-recall	order	False positives	12	1.0
mOTUs-recall	order	Completeness	12	0.358974358974359
mOTUs-recall	order	Purity	12	0.9333333333333333
mOTUs-recall	order	F1 score	12	0.5185185185185185
mOTUs-recall	order	Jaccard index	12	0.35
mOTUs-recall	family	True positives	12	24.0
mOTUs-recall	family	False negatives	12	50.0
mOTUs-recall	family	False positives	12	3.0
mOTUs-recall	family	Completeness	12	0.32432432432432434
mOTUs-recall	family	Purity	12	0.8888888888888888
mOTUs-recall	family	F1 score	12	0.4752475247524753
mOTUs-recall	family	Jaccard index	12	0.3116883116883117
mOTUs-recall	genus	True positives	12	38.0
mOTUs-recall	genus	False negatives	12	118.0
mOTUs-recall	genus	False positives	12	6.0
mOTUs-recall	genus	Completeness	12	0.24358974358974358
mOTUs-recall	genus	Purity	12	0.8636363636363636
mOTUs-recall	genus	F1 score	12	0.38000000000000006
mOTUs-recall	genus	Jaccard index	12	0.2345679012345679
mOTUs-recall	species	True positives	12	50.0
mOTUs-recall	species	False negatives	12	195.0
mOTUs-recall	species	False positives	12	31.0
mOTUs-recall	species	Completeness	12	0.20408163265306123
mOTUs-recall	species	Purity	12	0.6172839506172839
mOTUs-recall	species	F1 score	12	0.3067484662576687
mOTUs-recall	species	Jaccard index	12	0.18115942028985507
mOTUs-recall	strain	True positives	12	0.0
mOTUs-recall	strain	False negatives	12	310.0
mOTUs-recall	strain	False positives	12	0.0
mOTUs-recall	strain	Completeness	12	0.0
mOTUs-recall	strain	Purity	12	0.0
mOTUs-recall	strain	Jaccard index	12	0.0
mOTUs-recall	domain	L1 norm error	12	0.542371
mOTUs-recall	phylum	L1 norm error	12	0.9901060000000003
mOTUs-recall	class	L1 norm error	12	0.9901050000000001
mOTUs-recall	order	L1 norm error	12	1.0353620000000006
mOTUs-recall	family	L1 norm error	12	1.0254593303148325
mOTUs-recall	genus	L1 norm error	12	1.045824331847678
mOTUs-recall	species	L1 norm error	12	1.5141826683996444
mOTUs-recall	na	Weighted UniFrac error	12	0.1585607172044156
mOTUs-recall	na	Unweighted UniFrac error	12	0.7979754930615806
mOTUs-recall	na	Weighted UniFrac (CAMI)	12	12.15278485176279
mOTUs-recall	na	Unweighted UniFrac (CAMI)	12	3054.433237295904
mOTUs-recall	domain	Sum of abundances	12	1.0
mOTUs-recall	phylum	Sum of abundances	12	1.0000000000000002
mOTUs-recall	class	Sum of abundances	12	1.0
mOTUs-recall	order	Sum of abundances	12	1.0000000000000002
mOTUs-recall	family	Sum of abundances	12	1.0
mOTUs-recall	genus	Sum of abundances	12	1.0
mOTUs-recall	species	Sum of abundances	12	1.0
mOTUs-recall	domain	Taxon counts	12	1.0
mOTUs-recall	phylum	Taxon counts	12	5.0
mOTUs-recall	class	Taxon counts	12	13.0
mOTUs-recall	order	Taxon counts	12	15.0
mOTUs-recall	family	Taxon counts	12	27.0
mOTUs-recall	genus	Taxon counts	12	44.0
mOTUs-recall	species	Taxon counts	12	81.0
mOTUs-recall	domain	Bray-Curtis distance	13	0.34892557888248454
mOTUs-recall	phylum	Bray-Curtis distance	13	0.5042974274426125
mOTUs-recall	class	Bray-Curtis distance	13	0.5042966624457766
mOTUs-recall	order	Bray-Curtis distance	13	0.6160447520965624
mOTUs-recall	family	Bray-Curtis distance	13	0.515189947516116
mOTUs-recall	genus	Bray-Curtis distance	13	0.5920073100593942
mOTUs-recall	species	Bray-Curtis distance	13	0.6051300800287739
mOTUs-recall	domain	Shannon diversity	13	0.0
mOTUs-recall	domain	Shannon equitability	13	0.0
mOTUs-recall	phylum	Shannon diversity	13	0.8669601336718022
mOTUs-recall	phylum	Shannon equitability	13	0.48385966339852265
mOTUs-recall	class	Shannon diversity	13	1.1943484768967163
mOTUs-recall	class	Shannon equitability	13	0.4806411850516043
mOTUs-recall	order	Shannon diversity	13	1.1978633005692385
mOTUs-recall	order	Shannon equitability	13	0.4423342300233922
mOTUs-recall	family	Shannon diversity	13	1.6976721402772483
mOTUs-recall	family	Shannon equitability	13	0.5041648331456722
mOTUs-recall	genus	Shannon diversity	13	2.0270535699101555
mOTUs-recall	genus	Shannon equitability	13	0.5356638451047404
mOTUs-recall	species	Shannon diversity	13	3.0639424425303687
mOTUs-recall	species	Shannon equitability	13	0.7096585704368729
mOTUs-recall	acellular root	True positives	13	0.0
mOTUs-recall	acellular root	False negatives	13	1.0
mOTUs-recall	acellular root	False positives	13	0.0
mOTUs-recall	acellular root	Completeness	13	0.0
mOTUs-recall	acellular root	Purity	13	0.0
mOTUs-recall	acellular root	Jaccard index	13	0.0
mOTUs-recall	cellular root	True positives	13	0.0
mOTUs-recall	cellular root	False negatives	13	1.0
mOTUs-recall	cellular root	False positives	13	0.0
mOTUs-recall	cellular root	Completeness	13	0.0
mOTUs-recall	cellular root	Purity	13	0.0
mOTUs-recall	cellular root	Jaccard index	13	0.0
mOTUs-recall	other entries	True positives	13	0.0
mOTUs-recall	other entries	False negatives	13	1.0
mOTUs-recall	other entries	False positives	13	0.0
mOTUs-recall	other entries	Completeness	13	0.0
mOTUs-recall	other entries	Purity	13	0.0
mOTUs-recall	other entries	Jaccard index	13	0.0
mOTUs-recall	realm	True positives	13	0.0
mOTUs-recall	realm	False negatives	13	4.0
mOTUs-recall	realm	False positives	13	0.0
mOTUs-recall	realm	Completeness	13	0.0
mOTUs-recall	realm	Purity	13	0.0
mOTUs-recall	realm	Jaccard index	13	0.0
mOTUs-recall	domain	True positives	13	1.0
mOTUs-recall	domain	False negatives	13	1.0
mOTUs-recall	domain	False positives	13	0.0
mOTUs-recall	domain	Completeness	13	0.5
mOTUs-recall	domain	Purity	13	1.0
mOTUs-recall	domain	F1 score	13	0.6666666666666666
mOTUs-recall	domain	Jaccard index	13	0.5
mOTUs-recall	kingdom	True positives	13	0.0
mOTUs-recall	kingdom	False negatives	13	11.0
mOTUs-recall	kingdom	False positives	13	0.0
mOTUs-recall	kingdom	Completeness	13	0.0
mOTUs-recall	kingdom	Purity	13	0.0
mOTUs-recall	kingdom	Jaccard index	13	0.0
mOTUs-recall	phylum	True positives	13	6.0
mOTUs-recall	phylum	False negatives	13	14.0
mOTUs-recall	phylum	False positives	13	0.0
mOTUs-recall	phylum	Completeness	13	0.3
mOTUs-recall	phylum	Purity	13	1.0
mOTUs-recall	phylum	F1 score	13	0.4615384615384615
mOTUs-recall	phylum	Jaccard index	13	0.3
mOTUs-recall	class	True positives	13	11.0
mOTUs-recall	class	False negatives	13	17.0
mOTUs-recall	class	False positives	13	1.0
mOTUs-recall	class	Completeness	13	0.39285714285714285
mOTUs-recall	class	Purity	13	0.9166666666666666
mOTUs-recall	class	F1 score	13	0.55
mOTUs-recall	class	Jaccard index	13	0.3793103448275862
mOTUs-recall	order	True positives	13	15.0
mOTUs-recall	order	False negatives	13	28.0
mOTUs-recall	order	False positives	13	0.0
mOTUs-recall	order	Completeness	13	0.3488372093023256
mOTUs-recall	order	Purity	13	1.0
mOTUs-recall	order	F1 score	13	0.5172413793103449
mOTUs-recall	order	Jaccard index	13	0.3488372093023256
mOTUs-recall	family	True positives	13	27.0
mOTUs-recall	family	False negatives	13	48.0
mOTUs-recall	family	False positives	13	2.0
mOTUs-recall	family	Completeness	13	0.36
mOTUs-recall	family	Purity	13	0.9310344827586207
mOTUs-recall	family	F1 score	13	0.5192307692307692
mOTUs-recall	family	Jaccard index	13	0.35064935064935066
mOTUs-recall	genus	True positives	13	42.0
mOTUs-recall	genus	False negatives	13	114.0
mOTUs-recall	genus	False positives	13	2.0
mOTUs-recall	genus	Completeness	13	0.2692307692307692
mOTUs-recall	genus	Purity	13	0.9545454545454546
mOTUs-recall	genus	F1 score	13	0.42
mOTUs-recall	genus	Jaccard index	13	0.26582278481012656
mOTUs-recall	species	True positives	13	55.0
mOTUs-recall	species	False negatives	13	193.0
mOTUs-recall	species	False positives	13	20.0
mOTUs-recall	species	Completeness	13	0.2217741935483871
mOTUs-recall	species	Purity	13	0.7333333333333333
mOTUs-recall	species	F1 score	13	0.34055727554179566
mOTUs-recall	species	Jaccard index	13	0.20522388059701493
mOTUs-recall	strain	True positives	13	0.0
mOTUs-recall	strain	False negatives	13	299.0
mOTUs-recall	strain	False positives	13	0.0
mOTUs-recall	strain	Completeness	13	0.0
mOTUs-recall	strain	Purity	13	0.0
mOTUs-recall	strain	Jaccard index	13	0.0
mOTUs-recall	domain	L1 norm error	13	0.522485
mOTUs-recall	phylum	L1 norm error	13	0.9916549999999998
mOTUs-recall	class	L1 norm error	13	0.991654
mOTUs-recall	order	L1 norm error	13	1.03342
mOTUs-recall	family	L1 norm error	13	0.9072670140340959
mOTUs-recall	genus	L1 norm error	13	1.1454560000000003
mOTUs-recall	species	L1 norm error	13	1.2102547138868274
mOTUs-recall	na	Weighted UniFrac error	13	0.12952982297051902
mOTUs-recall	na	Unweighted UniFrac error	13	0.7524414381576563
mOTUs-recall	na	Weighted UniFrac (CAMI)	13	9.612829256035704
mOTUs-recall	na	Unweighted UniFrac (CAMI)	13	2740.18774658076
mOTUs-recall	domain	Sum of abundances	13	1.0
mOTUs-recall	phylum	Sum of abundances	13	1.0
mOTUs-recall	class	Sum of abundances	13	1.0
mOTUs-recall	order	Sum of abundances	13	1.0
mOTUs-recall	family	Sum of abundances	13	0.9999999999999999
mOTUs-recall	genus	Sum of abundances	13	0.9999999999999999
mOTUs-recall	species	Sum of abundances	13	1.0000000000000002
mOTUs-recall	domain	Taxon counts	13	1.0
mOTUs-recall	phylum	Taxon counts	13	6.0
mOTUs-recall	class	Taxon counts	13	12.0
mOTUs-recall	order	Taxon counts	13	15.0
mOTUs-recall	family	Taxon counts	13	29.0
mOTUs-recall	genus	Taxon counts	13	44.0
mOTUs-recall	species	Taxon counts	13	75.0
mOTUs-recall	domain	Bray-Curtis distance	14	0.44339174118010954
mOTUs-recall	phylum	Bray-Curtis distance	14	0.5608278446739161
mOTUs-recall	class	Bray-Curtis distance	14	0.5608283428322529
mOTUs-recall	order	Bray-Curtis distance	14	0.6306596384225468
mOTUs-recall	family	Bray-Curtis distance	14	0.6615212422712491
mOTUs-recall	genus	Bray-Curtis distance	14	0.6474171913026587
mOTUs-recall	species	Bray-Curtis distance	14	0.7746605009534789
mOTUs-recall	domain	Shannon diversity	14	0.0
mOTUs-recall	domain	Shannon equitability	14	0.0
mOTUs-recall	phylum	Shannon diversity	14	0.6993399724452481
mOTUs-recall	phylum	Shannon equitability	14	0.434524356014189
mOTUs-recall	class	Shannon diversity	14	0.942762506767778
mOTUs-recall	class	Shannon equitability	14	0.39316250274248365
mOTUs-recall	order	Shannon diversity	14	0.9453412427268373
mOTUs-recall	order	Shannon equitability	14	0.3685613674893046
mOTUs-recall	family	Shannon diversity	14	2.3014520350897216
mOTUs-recall	family	Shannon equitability	14	0.6906695036460153
mOTUs-recall	genus	Shannon diversity	14	2.815292791312323
mOTUs-recall	genus	Shannon equitability	14	0.7485091738579789
mOTUs-recall	species	Shannon diversity	14	3.200687089691263
mOTUs-recall	species	Shannon equitability	14	0.7095514912550973
mOTUs-recall	acellular root	True positives	14	0.0
mOTUs-recall	acellular root	False negatives	14	1.0
mOTUs-recall	acellular root	False positives	14	0.0
mOTUs-recall	acellular root	Completeness	14	0.0
mOTUs-recall	acellular root	Purity	14	0.0
mOTUs-recall	acellular root	Jaccard index	14	0.0
mOTUs-recall	cellular root	True positives	14	0.0
mOTUs-recall	cellular root	False negatives	14	1.0
mOTUs-recall	cellular root	False positives	14	0.0
mOTUs-recall	cellular root	Completeness	14	0.0
mOTUs-recall	cellular root	Purity	14	0.0
mOTUs-recall	cellular root	Jaccard index	14	0.0
mOTUs-recall	other entries	True positives	14	0.0
mOTUs-recall	other entries	False negatives	14	1.0
mOTUs-recall	other entries	False positives	14	0.0
mOTUs-recall	other entries	Completeness	14	0.0
mOTUs-recall	other entries	Purity	14	0.0
mOTUs-recall	other entries	Jaccard index	14	0.0
mOTUs-recall	realm	True positives	14	0.0
mOTUs-recall	realm	False negatives	14	3.0
mOTUs-recall	realm	False positives	14	0.0
mOTUs-recall	realm	Completeness	14	0.0
mOTUs-recall	realm	Purity	14	0.0
mOTUs-recall	realm	Jaccard index	14	0.0
mOTUs-recall	domain	True positives	14	1.0
mOTUs-recall	domain	False negatives	14	1.0
mOTUs-recall	domain	False positives	14	0.0
mOTUs-recall	domain	Completeness	14	0.5
mOTUs-recall	domain	Purity	14	1.0
mOTUs-recall	domain	F1 score	14	0.6666666666666666
mOTUs-recall	domain	Jaccard index	14	0.5
mOTUs-recall	kingdom	True positives	14	0.0
mOTUs-recall	kingdom	False negatives	14	9.0
mOTUs-recall	kingdom	False positives	14	0.0
mOTUs-recall	kingdom	Completeness	14	0.0
mOTUs-recall	kingdom	Purity	14	0.0
mOTUs-recall	kingdom	Jaccard index	14	0.0
mOTUs-recall	phylum	True positives	14	5.0
mOTUs-recall	phylum	False negatives	14	14.0
mOTUs-recall	phylum	False positives	14	0.0
mOTUs-recall	phylum	Completeness	14	0.2631578947368421
mOTUs-recall	phylum	Purity	14	1.0
mOTUs-recall	phylum	F1 score	14	0.4166666666666667
mOTUs-recall	phylum	Jaccard index	14	0.2631578947368421
mOTUs-recall	class	True positives	14	10.0
mOTUs-recall	class	False negatives	14	18.0
mOTUs-recall	class	False positives	14	1.0
mOTUs-recall	class	Completeness	14	0.35714285714285715
mOTUs-recall	class	Purity	14	0.9090909090909091
mOTUs-recall	class	F1 score	14	0.5128205128205129
mOTUs-recall	class	Jaccard index	14	0.3448275862068966
mOTUs-recall	order	True positives	14	13.0
mOTUs-recall	order	False negatives	14	30.0
mOTUs-recall	order	False positives	14	0.0
mOTUs-recall	order	Completeness	14	0.3023255813953488
mOTUs-recall	order	Purity	14	1.0
mOTUs-recall	order	F1 score	14	0.46428571428571425
mOTUs-recall	order	Jaccard index	14	0.3023255813953488
mOTUs-recall	family	True positives	14	26.0
mOTUs-recall	family	False negatives	14	53.0
mOTUs-recall	family	False positives	14	2.0
mOTUs-recall	family	Completeness	14	0.3291139240506329
mOTUs-recall	family	Purity	14	0.9285714285714286
mOTUs-recall	family	F1 score	14	0.48598130841121495
mOTUs-recall	family	Jaccard index	14	0.32098765432098764
mOTUs-recall	genus	True positives	14	40.0
mOTUs-recall	genus	False negatives	14	128.0
mOTUs-recall	genus	False positives	14	3.0
mOTUs-recall	genus	Completeness	14	0.23809523809523808
mOTUs-recall	genus	Purity	14	0.9302325581395349
mOTUs-recall	genus	F1 score	14	0.37914691943127965
mOTUs-recall	genus	Jaccard index	14	0.23391812865497075
mOTUs-recall	species	True positives	14	52.0
mOTUs-recall	species	False negatives	14	215.0
mOTUs-recall	species	False positives	14	39.0
mOTUs-recall	species	Completeness	14	0.1947565543071161
mOTUs-recall	species	Purity	14	0.5714285714285714
mOTUs-recall	species	F1 score	14	0.2905027932960894
mOTUs-recall	species	Jaccard index	14	0.16993464052287582
mOTUs-recall	strain	True positives	14	0.0
mOTUs-recall	strain	False negatives	14	335.0
mOTUs-recall	strain	False positives	14	0.0
mOTUs-recall	strain	Completeness	14	0.0
mOTUs-recall	strain	Purity	14	0.0
mOTUs-recall	strain	Jaccard index	14	0.0
mOTUs-recall	domain	L1 norm error	14	0.619248
mOTUs-recall	phylum	L1 norm error	14	0.9888410000000001
mOTUs-recall	class	L1 norm error	14	0.9888430000000002
mOTUs-recall	order	L1 norm error	14	0.9665950000000002
mOTUs-recall	family	L1 norm error	14	1.0800306716304282
mOTUs-recall	genus	L1 norm error	14	1.133252
mOTUs-recall	species	L1 norm error	14	1.5493233258884618
mOTUs-recall	na	Weighted UniFrac error	14	0.1253331612614083
mOTUs-recall	na	Unweighted UniFrac error	14	0.8250088728676966
mOTUs-recall	na	Weighted UniFrac (CAMI)	14	10.793270760590651
mOTUs-recall	na	Unweighted UniFrac (CAMI)	14	3291.954588046221
mOTUs-recall	domain	Sum of abundances	14	1.0
mOTUs-recall	phylum	Sum of abundances	14	1.0
mOTUs-recall	class	Sum of abundances	14	1.0
mOTUs-recall	order	Sum of abundances	14	1.0
mOTUs-recall	family	Sum of abundances	14	1.0000000000000002
mOTUs-recall	genus	Sum of abundances	14	0.9999999999999996
mOTUs-recall	species	Sum of abundances	14	0.9999999999999996
mOTUs-recall	domain	Taxon counts	14	1.0
mOTUs-recall	phylum	Taxon counts	14	5.0
mOTUs-recall	class	Taxon counts	14	11.0
mOTUs-recall	order	Taxon counts	14	13.0
mOTUs-recall	family	Taxon counts	14	28.0
mOTUs-recall	genus	Taxon counts	14	43.0
mOTUs-recall	species	Taxon counts	14	91.0
mOTUs-recall	domain	Bray-Curtis distance	15	0.33508037100102483
mOTUs-recall	phylum	Bray-Curtis distance	15	0.4882210720800524
mOTUs-recall	class	Bray-Curtis distance	15	0.488225412791356
mOTUs-recall	order	Bray-Curtis distance	15	0.5850113796401412
mOTUs-recall	family	Bray-Curtis distance	15	0.5074631162674561
mOTUs-recall	genus	Bray-Curtis distance	15	0.5510269679907235
mOTUs-recall	species	Bray-Curtis distance	15	0.730707322086724
mOTUs-recall	domain	Shannon diversity	15	0.0
mOTUs-recall	domain	Shannon equitability	15	0.0
mOTUs-recall	phylum	Shannon diversity	15	0.8214399567234915
mOTUs-recall	phylum	Shannon equitability	15	0.45845436892117725
mOTUs-recall	class	Shannon diversity	15	1.2890380274892854
mOTUs-recall	class	Shannon equitability	15	0.5025588609535014
mOTUs-recall	order	Shannon diversity	15	1.3026482622747915
mOTUs-recall	order	Shannon equitability	15	0.4597776814116772
mOTUs-recall	family	Shannon diversity	15	2.0383131022106507
mOTUs-recall	family	Shannon equitability	15	0.5881328408676609
mOTUs-recall	genus	Shannon diversity	15	2.405070428826354
mOTUs-recall	genus	Shannon equitability	15	0.6116930539363473
mOTUs-recall	species	Shannon diversity	15	2.9393888788499987
mOTUs-recall	species	Shannon equitability	15	0.6565038550025989
mOTUs-recall	acellular root	True positives	15	0.0
mOTUs-recall	acellular root	False negatives	15	1.0
mOTUs-recall	acellular root	False positives	15	0.0
mOTUs-recall	acellular root	Completeness	15	0.0
mOTUs-recall	acellular root	Purity	15	0.0
mOTUs-recall	acellular root	Jaccard index	15	0.0
mOTUs-recall	cellular root	True positives	15	0.0
mOTUs-recall	cellular root	False negatives	15	1.0
mOTUs-recall	cellular root	False positives	15	0.0
mOTUs-recall	cellular root	Completeness	15	0.0
mOTUs-recall	cellular root	Purity	15	0.0
mOTUs-recall	cellular root	Jaccard index	15	0.0
mOTUs-recall	other entries	True positives	15	0.0
mOTUs-recall	other entries	False negatives	15	1.0
mOTUs-recall	other entries	False positives	15	0.0
mOTUs-recall	other entries	Completeness	15	0.0
mOTUs-recall	other entries	Purity	15	0.0
mOTUs-recall	other entries	Jaccard index	15	0.0
mOTUs-recall	realm	True positives	15	0.0
mOTUs-recall	realm	False negatives	15	3.0
mOTUs-recall	realm	False positives	15	0.0
mOTUs-recall	realm	Completeness	15	0.0
mOTUs-recall	realm	Purity	15	0.0
mOTUs-recall	realm	Jaccard index	15	0.0
mOTUs-recall	domain	True positives	15	1.0
mOTUs-recall	domain	False negatives	15	1.0
mOTUs-recall	domain	False positives	15	0.0
mOTUs-recall	domain	Completeness	15	0.5
mOTUs-recall	domain	Purity	15	1.0
mOTUs-recall	domain	F1 score	15	0.6666666666666666
mOTUs-recall	domain	Jaccard index	15	0.5
mOTUs-recall	kingdom	True positives	15	0.0
mOTUs-recall	kingdom	False negatives	15	10.0
mOTUs-recall	kingdom	False positives	15	0.0
mOTUs-recall	kingdom	Completeness	15	0.0
mOTUs-recall	kingdom	Purity	15	0.0
mOTUs-recall	kingdom	Jaccard index	15	0.0
mOTUs-recall	phylum	True positives	15	6.0
mOTUs-recall	phylum	False negatives	15	13.0
mOTUs-recall	phylum	False positives	15	0.0
mOTUs-recall	phylum	Completeness	15	0.3157894736842105
mOTUs-recall	phylum	Purity	15	1.0
mOTUs-recall	phylum	F1 score	15	0.4799999999999999
mOTUs-recall	phylum	Jaccard index	15	0.3157894736842105
mOTUs-recall	class	True positives	15	11.0
mOTUs-recall	class	False negatives	15	17.0
mOTUs-recall	class	False positives	15	2.0
mOTUs-recall	class	Completeness	15	0.39285714285714285
mOTUs-recall	class	Purity	15	0.8461538461538461
mOTUs-recall	class	F1 score	15	0.5365853658536585
mOTUs-recall	class	Jaccard index	15	0.36666666666666664
mOTUs-recall	order	True positives	15	17.0
mOTUs-recall	order	False negatives	15	24.0
mOTUs-recall	order	False positives	15	0.0
mOTUs-recall	order	Completeness	15	0.4146341463414634
mOTUs-recall	order	Purity	15	1.0
mOTUs-recall	order	F1 score	15	0.5862068965517241
mOTUs-recall	order	Jaccard index	15	0.4146341463414634
mOTUs-recall	family	True positives	15	29.0
mOTUs-recall	family	False negatives	15	46.0
mOTUs-recall	family	False positives	15	3.0
mOTUs-recall	family	Completeness	15	0.38666666666666666
mOTUs-recall	family	Purity	15	0.90625
mOTUs-recall	family	F1 score	15	0.5420560747663551
mOTUs-recall	family	Jaccard index	15	0.3717948717948718
mOTUs-recall	genus	True positives	15	45.0
mOTUs-recall	genus	False negatives	15	116.0
mOTUs-recall	genus	False positives	15	6.0
mOTUs-recall	genus	Completeness	15	0.2795031055900621
mOTUs-recall	genus	Purity	15	0.8823529411764706
mOTUs-recall	genus	F1 score	15	0.4245283018867924
mOTUs-recall	genus	Jaccard index	15	0.2694610778443114
mOTUs-recall	species	True positives	15	55.0
mOTUs-recall	species	False negatives	15	189.0
mOTUs-recall	species	False positives	15	33.0
mOTUs-recall	species	Completeness	15	0.22540983606557377
mOTUs-recall	species	Purity	15	0.625
mOTUs-recall	species	F1 score	15	0.3313253012048193
mOTUs-recall	species	Jaccard index	15	0.19855595667870035
mOTUs-recall	strain	True positives	15	0.0
mOTUs-recall	strain	False negatives	15	312.0
mOTUs-recall	strain	False positives	15	0.0
mOTUs-recall	strain	Completeness	15	0.0
mOTUs-recall	strain	Purity	15	0.0
mOTUs-recall	strain	Jaccard index	15	0.0
mOTUs-recall	domain	L1 norm error	15	0.507117
mOTUs-recall	phylum	L1 norm error	15	0.9573610000000002
mOTUs-recall	class	L1 norm error	15	0.9573700000000003
mOTUs-recall	order	L1 norm error	15	0.9682810000000007
mOTUs-recall	family	L1 norm error	15	0.905856677492432
mOTUs-recall	genus	L1 norm error	15	1.0684715974172523
mOTUs-recall	species	L1 norm error	15	1.4614197591247033
mOTUs-recall	na	Weighted UniFrac error	15	0.12348251505290878
mOTUs-recall	na	Unweighted UniFrac error	15	0.7477870754736302
mOTUs-recall	na	Weighted UniFrac (CAMI)	15	10.670527351899542
mOTUs-recall	na	Unweighted UniFrac (CAMI)	15	2907.623631006662
mOTUs-recall	domain	Sum of abundances	15	1.0
mOTUs-recall	phylum	Sum of abundances	15	1.0000000000000002
mOTUs-recall	class	Sum of abundances	15	1.0000000000000002
mOTUs-recall	order	Sum of abundances	15	1.0000000000000002
mOTUs-recall	family	Sum of abundances	15	1.0000000000000002
mOTUs-recall	genus	Sum of abundances	15	1.0000000000000002
mOTUs-recall	species	Sum of abundances	15	1.0000000000000002
mOTUs-recall	domain	Taxon counts	15	1.0
mOTUs-recall	phylum	Taxon counts	15	6.0
mOTUs-recall	class	Taxon counts	15	13.0
mOTUs-recall	order	Taxon counts	15	17.0
mOTUs-recall	family	Taxon counts	15	32.0
mOTUs-recall	genus	Taxon counts	15	51.0
mOTUs-recall	species	Taxon counts	15	88.0
mOTUs-recall	domain	Bray-Curtis distance	16	0.4510363197869047
mOTUs-recall	phylum	Bray-Curtis distance	16	0.5687919586753293
mOTUs-recall	class	Bray-Curtis distance	16	0.5687904242677142
mOTUs-recall	order	Bray-Curtis distance	16	0.6610067220321791
mOTUs-recall	family	Bray-Curtis distance	16	0.6628183278687678
mOTUs-recall	genus	Bray-Curtis distance	16	0.6604278358002271
mOTUs-recall	species	Bray-Curtis distance	16	0.784309213401349
mOTUs-recall	domain	Shannon diversity	16	0.0
mOTUs-recall	domain	Shannon equitability	16	0.0
mOTUs-recall	phylum	Shannon diversity	16	0.611073852939697
mOTUs-recall	phylum	Shannon equitability	16	0.3796815324273765
mOTUs-recall	class	Shannon diversity	16	0.9060534582550626
mOTUs-recall	class	Shannon equitability	16	0.36462273475438706
mOTUs-recall	order	Shannon diversity	16	0.9118712164657844
mOTUs-recall	order	Shannon equitability	16	0.32185053002760783
mOTUs-recall	family	Shannon diversity	16	2.211764914148813
mOTUs-recall	family	Shannon equitability	16	0.6272089591263673
mOTUs-recall	genus	Shannon diversity	16	2.801789901415835
mOTUs-recall	genus	Shannon equitability	16	0.6960360526670266
mOTUs-recall	species	Shannon diversity	16	3.1812710549951473
mOTUs-recall	species	Shannon equitability	16	0.668029160327226
mOTUs-recall	acellular root	True positives	16	0.0
mOTUs-recall	acellular root	False negatives	16	1.0
mOTUs-recall	acellular root	False positives	16	0.0
mOTUs-recall	acellular root	Completeness	16	0.0
mOTUs-recall	acellular root	Purity	16	0.0
mOTUs-recall	acellular root	Jaccard index	16	0.0
mOTUs-recall	cellular root	True positives	16	0.0
mOTUs-recall	cellular root	False negatives	16	1.0
mOTUs-recall	cellular root	False positives	16	0.0
mOTUs-recall	cellular root	Completeness	16	0.0
mOTUs-recall	cellular root	Purity	16	0.0
mOTUs-recall	cellular root	Jaccard index	16	0.0
mOTUs-recall	other entries	True positives	16	0.0
mOTUs-recall	other entries	False negatives	16	1.0
mOTUs-recall	other entries	False positives	16	0.0
mOTUs-recall	other entries	Completeness	16	0.0
mOTUs-recall	other entries	Purity	16	0.0
mOTUs-recall	other entries	Jaccard index	16	0.0
mOTUs-recall	realm	True positives	16	0.0
mOTUs-recall	realm	False negatives	16	3.0
mOTUs-recall	realm	False positives	16	0.0
mOTUs-recall	realm	Completeness	16	0.0
mOTUs-recall	realm	Purity	16	0.0
mOTUs-recall	realm	Jaccard index	16	0.0
mOTUs-recall	domain	True positives	16	1.0
mOTUs-recall	domain	False negatives	16	1.0
mOTUs-recall	domain	False positives	16	0.0
mOTUs-recall	domain	Completeness	16	0.5
mOTUs-recall	domain	Purity	16	1.0
mOTUs-recall	domain	F1 score	16	0.6666666666666666
mOTUs-recall	domain	Jaccard index	16	0.5
mOTUs-recall	kingdom	True positives	16	0.0
mOTUs-recall	kingdom	False negatives	16	10.0
mOTUs-recall	kingdom	False positives	16	0.0
mOTUs-recall	kingdom	Completeness	16	0.0
mOTUs-recall	kingdom	Purity	16	0.0
mOTUs-recall	kingdom	Jaccard index	16	0.0
mOTUs-recall	phylum	True positives	16	5.0
mOTUs-recall	phylum	False negatives	16	14.0
mOTUs-recall	phylum	False positives	16	0.0
mOTUs-recall	phylum	Completeness	16	0.2631578947368421
mOTUs-recall	phylum	Purity	16	1.0
mOTUs-recall	phylum	F1 score	16	0.4166666666666667
mOTUs-recall	phylum	Jaccard index	16	0.2631578947368421
mOTUs-recall	class	True positives	16	10.0
mOTUs-recall	class	False negatives	16	17.0
mOTUs-recall	class	False positives	16	2.0
mOTUs-recall	class	Completeness	16	0.37037037037037035
mOTUs-recall	class	Purity	16	0.8333333333333334
mOTUs-recall	class	F1 score	16	0.5128205128205128
mOTUs-recall	class	Jaccard index	16	0.3448275862068966
mOTUs-recall	order	True positives	16	16.0
mOTUs-recall	order	False negatives	16	27.0
mOTUs-recall	order	False positives	16	1.0
mOTUs-recall	order	Completeness	16	0.37209302325581395
mOTUs-recall	order	Purity	16	0.9411764705882353
mOTUs-recall	order	F1 score	16	0.5333333333333333
mOTUs-recall	order	Jaccard index	16	0.36363636363636365
mOTUs-recall	family	True positives	16	29.0
mOTUs-recall	family	False negatives	16	49.0
mOTUs-recall	family	False positives	16	5.0
mOTUs-recall	family	Completeness	16	0.3717948717948718
mOTUs-recall	family	Purity	16	0.8529411764705882
mOTUs-recall	family	F1 score	16	0.5178571428571428
mOTUs-recall	family	Jaccard index	16	0.3493975903614458
mOTUs-recall	genus	True positives	16	49.0
mOTUs-recall	genus	False negatives	16	124.0
mOTUs-recall	genus	False positives	16	7.0
mOTUs-recall	genus	Completeness	16	0.2832369942196532
mOTUs-recall	genus	Purity	16	0.875
mOTUs-recall	genus	F1 score	16	0.42794759825327505
mOTUs-recall	genus	Jaccard index	16	0.2722222222222222
mOTUs-recall	species	True positives	16	63.0
mOTUs-recall	species	False negatives	16	209.0
mOTUs-recall	species	False positives	16	54.0
mOTUs-recall	species	Completeness	16	0.23161764705882354
mOTUs-recall	species	Purity	16	0.5384615384615384
mOTUs-recall	species	F1 score	16	0.3239074550128535
mOTUs-recall	species	Jaccard index	16	0.19325153374233128
mOTUs-recall	strain	True positives	16	0.0
mOTUs-recall	strain	False negatives	16	343.0
mOTUs-recall	strain	False positives	16	0.0
mOTUs-recall	strain	Completeness	16	0.0
mOTUs-recall	strain	Purity	16	0.0
mOTUs-recall	strain	Jaccard index	16	0.0
mOTUs-recall	domain	L1 norm error	16	0.6265120000000001
mOTUs-recall	phylum	L1 norm error	16	1.0032290000000001
mOTUs-recall	class	L1 norm error	16	1.0032280000000002
mOTUs-recall	order	L1 norm error	16	1.0231690000000002
mOTUs-recall	family	L1 norm error	16	1.1102936091962514
mOTUs-recall	genus	L1 norm error	16	1.1543241698085762
mOTUs-recall	species	L1 norm error	16	1.5686286228224713
mOTUs-recall	na	Weighted UniFrac error	16	0.12923544518878255
mOTUs-recall	na	Unweighted UniFrac error	16	0.7494921530362769
mOTUs-recall	na	Weighted UniFrac (CAMI)	16	11.080725189834792
mOTUs-recall	na	Unweighted UniFrac (CAMI)	16	3193.9746389131337
mOTUs-recall	domain	Sum of abundances	16	1.0
mOTUs-recall	phylum	Sum of abundances	16	1.0
mOTUs-recall	class	Sum of abundances	16	1.0
mOTUs-recall	order	Sum of abundances	16	1.0000000000000002
mOTUs-recall	family	Sum of abundances	16	1.0000000000000002
mOTUs-recall	genus	Sum of abundances	16	1.0
mOTUs-recall	species	Sum of abundances	16	1.0000000000000002
mOTUs-recall	domain	Taxon counts	16	1.0
mOTUs-recall	phylum	Taxon counts	16	5.0
mOTUs-recall	class	Taxon counts	16	12.0
mOTUs-recall	order	Taxon counts	16	17.0
mOTUs-recall	family	Taxon counts	16	34.0
mOTUs-recall	genus	Taxon counts	16	56.0
mOTUs-recall	species	Taxon counts	16	117.0
mOTUs-recall	domain	Bray-Curtis distance	17	0.3520791103565911
mOTUs-recall	phylum	Bray-Curtis distance	17	0.5071291083482871
mOTUs-recall	class	Bray-Curtis distance	17	0.5071344528826612
mOTUs-recall	order	Bray-Curtis distance	17	0.6105911111056981
mOTUs-recall	family	Bray-Curtis distance	17	0.6708543827706129
mOTUs-recall	genus	Bray-Curtis distance	17	0.623425705898263
mOTUs-recall	species	Bray-Curtis distance	17	0.5816486907599588
mOTUs-recall	domain	Shannon diversity	17	0.0
mOTUs-recall	domain	Shannon equitability	17	0.0
mOTUs-recall	phylum	Shannon diversity	17	0.5303670199136524
mOTUs-recall	phylum	Shannon equitability	17	0.3295355576106256
mOTUs-recall	class	Shannon diversity	17	0.956447733413619
mOTUs-recall	class	Shannon equitability	17	0.3849028829695547
mOTUs-recall	order	Shannon diversity	17	0.964642188164799
mOTUs-recall	order	Shannon equitability	17	0.34047636765106903
mOTUs-recall	family	Shannon diversity	17	1.8990232882810982
mOTUs-recall	family	Shannon equitability	17	0.5530082598446422
mOTUs-recall	genus	Shannon diversity	17	2.4538901501925725
mOTUs-recall	genus	Shannon equitability	17	0.6272688444796122
mOTUs-recall	species	Shannon diversity	17	2.638939719241556
mOTUs-recall	species	Shannon equitability	17	0.5988445306289577
mOTUs-recall	acellular root	True positives	17	0.0
mOTUs-recall	acellular root	False negatives	17	1.0
mOTUs-recall	acellular root	False positives	17	0.0
mOTUs-recall	acellular root	Completeness	17	0.0
mOTUs-recall	acellular root	Purity	17	0.0
mOTUs-recall	acellular root	Jaccard index	17	0.0
mOTUs-recall	cellular root	True positives	17	0.0
mOTUs-recall	cellular root	False negatives	17	1.0
mOTUs-recall	cellular root	False positives	17	0.0
mOTUs-recall	cellular root	Completeness	17	0.0
mOTUs-recall	cellular root	Purity	17	0.0
mOTUs-recall	cellular root	Jaccard index	17	0.0
mOTUs-recall	other entries	True positives	17	0.0
mOTUs-recall	other entries	False negatives	17	1.0
mOTUs-recall	other entries	False positives	17	0.0
mOTUs-recall	other entries	Completeness	17	0.0
mOTUs-recall	other entries	Purity	17	0.0
mOTUs-recall	other entries	Jaccard index	17	0.0
mOTUs-recall	realm	True positives	17	0.0
mOTUs-recall	realm	False negatives	17	3.0
mOTUs-recall	realm	False positives	17	0.0
mOTUs-recall	realm	Completeness	17	0.0
mOTUs-recall	realm	Purity	17	0.0
mOTUs-recall	realm	Jaccard index	17	0.0
mOTUs-recall	domain	True positives	17	1.0
mOTUs-recall	domain	False negatives	17	1.0
mOTUs-recall	domain	False positives	17	0.0
mOTUs-recall	domain	Completeness	17	0.5
mOTUs-recall	domain	Purity	17	1.0
mOTUs-recall	domain	F1 score	17	0.6666666666666666
mOTUs-recall	domain	Jaccard index	17	0.5
mOTUs-recall	kingdom	True positives	17	0.0
mOTUs-recall	kingdom	False negatives	17	9.0
mOTUs-recall	kingdom	False positives	17	0.0
mOTUs-recall	kingdom	Completeness	17	0.0
mOTUs-recall	kingdom	Purity	17	0.0
mOTUs-recall	kingdom	Jaccard index	17	0.0
mOTUs-recall	phylum	True positives	17	5.0
mOTUs-recall	phylum	False negatives	17	13.0
mOTUs-recall	phylum	False positives	17	0.0
mOTUs-recall	phylum	Completeness	17	0.2777777777777778
mOTUs-recall	phylum	Purity	17	1.0
mOTUs-recall	phylum	F1 score	17	0.4347826086956522
mOTUs-recall	phylum	Jaccard index	17	0.2777777777777778
mOTUs-recall	class	True positives	17	10.0
mOTUs-recall	class	False negatives	17	18.0
mOTUs-recall	class	False positives	17	2.0
mOTUs-recall	class	Completeness	17	0.35714285714285715
mOTUs-recall	class	Purity	17	0.8333333333333334
mOTUs-recall	class	F1 score	17	0.5
mOTUs-recall	class	Jaccard index	17	0.3333333333333333
mOTUs-recall	order	True positives	17	17.0
mOTUs-recall	order	False negatives	17	25.0
mOTUs-recall	order	False positives	17	0.0
mOTUs-recall	order	Completeness	17	0.40476190476190477
mOTUs-recall	order	Purity	17	1.0
mOTUs-recall	order	F1 score	17	0.576271186440678
mOTUs-recall	order	Jaccard index	17	0.40476190476190477
mOTUs-recall	family	True positives	17	30.0
mOTUs-recall	family	False negatives	17	45.0
mOTUs-recall	family	False positives	17	1.0
mOTUs-recall	family	Completeness	17	0.4
mOTUs-recall	family	Purity	17	0.967741935483871
mOTUs-recall	family	F1 score	17	0.5660377358490567
mOTUs-recall	family	Jaccard index	17	0.39473684210526316
mOTUs-recall	genus	True positives	17	47.0
mOTUs-recall	genus	False negatives	17	116.0
mOTUs-recall	genus	False positives	17	3.0
mOTUs-recall	genus	Completeness	17	0.2883435582822086
mOTUs-recall	genus	Purity	17	0.94
mOTUs-recall	genus	F1 score	17	0.4413145539906103
mOTUs-recall	genus	Jaccard index	17	0.28313253012048195
mOTUs-recall	species	True positives	17	68.0
mOTUs-recall	species	False negatives	17	182.0
mOTUs-recall	species	False positives	17	14.0
mOTUs-recall	species	Completeness	17	0.272
mOTUs-recall	species	Purity	17	0.8292682926829268
mOTUs-recall	species	F1 score	17	0.40963855421686746
mOTUs-recall	species	Jaccard index	17	0.25757575757575757
mOTUs-recall	strain	True positives	17	0.0
mOTUs-recall	strain	False negatives	17	322.0
mOTUs-recall	strain	False positives	17	0.0
mOTUs-recall	strain	Completeness	17	0.0
mOTUs-recall	strain	Purity	17	0.0
mOTUs-recall	strain	Jaccard index	17	0.0
mOTUs-recall	domain	L1 norm error	17	0.52594
mOTUs-recall	phylum	L1 norm error	17	0.995641
mOTUs-recall	class	L1 norm error	17	0.9956519999999999
mOTUs-recall	order	L1 norm error	17	1.0026479999999998
mOTUs-recall	family	L1 norm error	17	1.1961266559361752
mOTUs-recall	genus	L1 norm error	17	1.2103099374710056
mOTUs-recall	species	L1 norm error	17	1.1633020347094438
mOTUs-recall	na	Weighted UniFrac error	17	0.13254639176114918
mOTUs-recall	na	Unweighted UniFrac error	17	0.7857942200682146
mOTUs-recall	na	Weighted UniFrac (CAMI)	17	9.82080242132714
mOTUs-recall	na	Unweighted UniFrac (CAMI)	17	2935.1311449251825
mOTUs-recall	domain	Sum of abundances	17	1.0
mOTUs-recall	phylum	Sum of abundances	17	1.0
mOTUs-recall	class	Sum of abundances	17	0.9999999999999999
mOTUs-recall	order	Sum of abundances	17	1.0000000000000002
mOTUs-recall	family	Sum of abundances	17	0.9999999999999997
mOTUs-recall	genus	Sum of abundances	17	0.9999999999999997
mOTUs-recall	species	Sum of abundances	17	0.9999999999999999
mOTUs-recall	domain	Taxon counts	17	1.0
mOTUs-recall	phylum	Taxon counts	17	5.0
mOTUs-recall	class	Taxon counts	17	12.0
mOTUs-recall	order	Taxon counts	17	17.0
mOTUs-recall	family	Taxon counts	17	31.0
mOTUs-recall	genus	Taxon counts	17	50.0
mOTUs-recall	species	Taxon counts	17	82.0
mOTUs-recall	domain	Bray-Curtis distance	18	0.34912746020688207
mOTUs-recall	phylum	Bray-Curtis distance	18	0.49592146516626834
mOTUs-recall	class	Bray-Curtis distance	18	0.49595019608350704
mOTUs-recall	order	Bray-Curtis distance	18	0.6275318196848635
mOTUs-recall	family	Bray-Curtis distance	18	0.6239801779280286
mOTUs-recall	genus	Bray-Curtis distance	18	0.632928585825575
mOTUs-recall	species	Bray-Curtis distance	18	0.6206585794084498
mOTUs-recall	domain	Shannon diversity	18	0.0
mOTUs-recall	domain	Shannon equitability	18	0.0
mOTUs-recall	phylum	Shannon diversity	18	0.7159939137188205
mOTUs-recall	phylum	Shannon equitability	18	0.4448720315255637
mOTUs-recall	class	Shannon diversity	18	0.9625487817771055
mOTUs-recall	class	Shannon equitability	18	0.38735812544878706
mOTUs-recall	order	Shannon diversity	18	0.9671568451151017
mOTUs-recall	order	Shannon equitability	18	0.3413639312210974
mOTUs-recall	family	Shannon diversity	18	1.8012104261389146
mOTUs-recall	family	Shannon equitability	18	0.534913033211623
mOTUs-recall	genus	Shannon diversity	18	2.3814013423267606
mOTUs-recall	genus	Shannon equitability	18	0.6151582766218239
mOTUs-recall	species	Shannon diversity	18	2.5963056122690564
mOTUs-recall	species	Shannon equitability	18	0.5941953537225908
mOTUs-recall	acellular root	True positives	18	0.0
mOTUs-recall	acellular root	False negatives	18	1.0
mOTUs-recall	acellular root	False positives	18	0.0
mOTUs-recall	acellular root	Completeness	18	0.0
mOTUs-recall	acellular root	Purity	18	0.0
mOTUs-recall	acellular root	Jaccard index	18	0.0
mOTUs-recall	cellular root	True positives	18	0.0
mOTUs-recall	cellular root	False negatives	18	1.0
mOTUs-recall	cellular root	False positives	18	0.0
mOTUs-recall	cellular root	Completeness	18	0.0
mOTUs-recall	cellular root	Purity	18	0.0
mOTUs-recall	cellular root	Jaccard index	18	0.0
mOTUs-recall	other entries	True positives	18	0.0
mOTUs-recall	other entries	False negatives	18	1.0
mOTUs-recall	other entries	False positives	18	0.0
mOTUs-recall	other entries	Completeness	18	0.0
mOTUs-recall	other entries	Purity	18	0.0
mOTUs-recall	other entries	Jaccard index	18	0.0
mOTUs-recall	realm	True positives	18	0.0
mOTUs-recall	realm	False negatives	18	3.0
mOTUs-recall	realm	False positives	18	0.0
mOTUs-recall	realm	Completeness	18	0.0
mOTUs-recall	realm	Purity	18	0.0
mOTUs-recall	realm	Jaccard index	18	0.0
mOTUs-recall	domain	True positives	18	1.0
mOTUs-recall	domain	False negatives	18	1.0
mOTUs-recall	domain	False positives	18	0.0
mOTUs-recall	domain	Completeness	18	0.5
mOTUs-recall	domain	Purity	18	1.0
mOTUs-recall	domain	F1 score	18	0.6666666666666666
mOTUs-recall	domain	Jaccard index	18	0.5
mOTUs-recall	kingdom	True positives	18	0.0
mOTUs-recall	kingdom	False negatives	18	10.0
mOTUs-recall	kingdom	False positives	18	0.0
mOTUs-recall	kingdom	Completeness	18	0.0
mOTUs-recall	kingdom	Purity	18	0.0
mOTUs-recall	kingdom	Jaccard index	18	0.0
mOTUs-recall	phylum	True positives	18	5.0
mOTUs-recall	phylum	False negatives	18	15.0
mOTUs-recall	phylum	False positives	18	0.0
mOTUs-recall	phylum	Completeness	18	0.25
mOTUs-recall	phylum	Purity	18	1.0
mOTUs-recall	phylum	F1 score	18	0.4
mOTUs-recall	phylum	Jaccard index	18	0.25
mOTUs-recall	class	True positives	18	10.0
mOTUs-recall	class	False negatives	18	20.0
mOTUs-recall	class	False positives	18	2.0
mOTUs-recall	class	Completeness	18	0.3333333333333333
mOTUs-recall	class	Purity	18	0.8333333333333334
mOTUs-recall	class	F1 score	18	0.47619047619047616
mOTUs-recall	class	Jaccard index	18	0.3125
mOTUs-recall	order	True positives	18	17.0
mOTUs-recall	order	False negatives	18	26.0
mOTUs-recall	order	False positives	18	0.0
mOTUs-recall	order	Completeness	18	0.3953488372093023
mOTUs-recall	order	Purity	18	1.0
mOTUs-recall	order	F1 score	18	0.5666666666666667
mOTUs-recall	order	Jaccard index	18	0.3953488372093023
mOTUs-recall	family	True positives	18	28.0
mOTUs-recall	family	False negatives	18	51.0
mOTUs-recall	family	False positives	18	1.0
mOTUs-recall	family	Completeness	18	0.35443037974683544
mOTUs-recall	family	Purity	18	0.9655172413793104
mOTUs-recall	family	F1 score	18	0.5185185185185186
mOTUs-recall	family	Jaccard index	18	0.35
mOTUs-recall	genus	True positives	18	46.0
mOTUs-recall	genus	False negatives	18	121.0
mOTUs-recall	genus	False positives	18	2.0
mOTUs-recall	genus	Completeness	18	0.2754491017964072
mOTUs-recall	genus	Purity	18	0.9583333333333334
mOTUs-recall	genus	F1 score	18	0.4279069767441861
mOTUs-recall	genus	Jaccard index	18	0.27218934911242604
mOTUs-recall	species	True positives	18	61.0
mOTUs-recall	species	False negatives	18	194.0
mOTUs-recall	species	False positives	18	18.0
mOTUs-recall	species	Completeness	18	0.23921568627450981
mOTUs-recall	species	Purity	18	0.7721518987341772
mOTUs-recall	species	F1 score	18	0.36526946107784436
mOTUs-recall	species	Jaccard index	18	0.22344322344322345
mOTUs-recall	strain	True positives	18	0.0
mOTUs-recall	strain	False negatives	18	338.0
mOTUs-recall	strain	False positives	18	0.0
mOTUs-recall	strain	Completeness	18	0.0
mOTUs-recall	strain	Purity	18	0.0
mOTUs-recall	strain	Jaccard index	18	0.0
mOTUs-recall	domain	L1 norm error	18	0.522707
mOTUs-recall	phylum	L1 norm error	18	0.9579100000000002
mOTUs-recall	class	L1 norm error	18	0.957965
mOTUs-recall	order	L1 norm error	18	1.0371274861795508
mOTUs-recall	family	L1 norm error	18	1.0847414928541776
mOTUs-recall	genus	L1 norm error	18	1.202689
mOTUs-recall	species	L1 norm error	18	1.2413165381583207
mOTUs-recall	na	Weighted UniFrac error	18	0.12290656192113933
mOTUs-recall	na	Unweighted UniFrac error	18	0.8062938963328338
mOTUs-recall	na	Weighted UniFrac (CAMI)	18	9.49826044434171
mOTUs-recall	na	Unweighted UniFrac (CAMI)	18	3280.1857821835947
mOTUs-recall	domain	Sum of abundances	18	1.0
mOTUs-recall	phylum	Sum of abundances	18	1.0
mOTUs-recall	class	Sum of abundances	18	1.0000000000000002
mOTUs-recall	order	Sum of abundances	18	0.9999999999999999
mOTUs-recall	family	Sum of abundances	18	1.0000000000000002
mOTUs-recall	genus	Sum of abundances	18	0.9999999999999999
mOTUs-recall	species	Sum of abundances	18	1.0000000000000004
mOTUs-recall	domain	Taxon counts	18	1.0
mOTUs-recall	phylum	Taxon counts	18	5.0
mOTUs-recall	class	Taxon counts	18	12.0
mOTUs-recall	order	Taxon counts	18	17.0
mOTUs-recall	family	Taxon counts	18	29.0
mOTUs-recall	genus	Taxon counts	18	48.0
mOTUs-recall	species	Taxon counts	18	79.0
mOTUs-recall	domain	Bray-Curtis distance	19	0.4761121808680565
mOTUs-recall	phylum	Bray-Curtis distance	19	0.5826439482342004
mOTUs-recall	class	Bray-Curtis distance	19	0.5826453636110271
mOTUs-recall	order	Bray-Curtis distance	19	0.6404204071550769
mOTUs-recall	family	Bray-Curtis distance	19	0.6777143908952885
mOTUs-recall	genus	Bray-Curtis distance	19	0.6219668420045248
mOTUs-recall	species	Bray-Curtis distance	19	0.803180880077427
mOTUs-recall	domain	Shannon diversity	19	0.0
mOTUs-recall	domain	Shannon equitability	19	0.0
mOTUs-recall	phylum	Shannon diversity	19	0.9279979172976917
mOTUs-recall	phylum	Shannon equitability	19	0.5765975252156174
mOTUs-recall	class	Shannon diversity	19	1.509532381116928
mOTUs-recall	class	Shannon equitability	19	0.5719968127168343
mOTUs-recall	order	Shannon diversity	19	1.520105419660093
mOTUs-recall	order	Shannon equitability	19	0.5259203822163495
mOTUs-recall	family	Shannon diversity	19	2.31239720186293
mOTUs-recall	family	Shannon equitability	19	0.6452867255835355
mOTUs-recall	genus	Shannon diversity	19	2.7009762353827953
mOTUs-recall	genus	Shannon equitability	19	0.6624037847695721
mOTUs-recall	species	Shannon diversity	19	2.9853730199552735
mOTUs-recall	species	Shannon equitability	19	0.6315058409505395
mOTUs-recall	acellular root	True positives	19	0.0
mOTUs-recall	acellular root	False negatives	19	1.0
mOTUs-recall	acellular root	False positives	19	0.0
mOTUs-recall	acellular root	Completeness	19	0.0
mOTUs-recall	acellular root	Purity	19	0.0
mOTUs-recall	acellular root	Jaccard index	19	0.0
mOTUs-recall	cellular root	True positives	19	0.0
mOTUs-recall	cellular root	False negatives	19	1.0
mOTUs-recall	cellular root	False positives	19	0.0
mOTUs-recall	cellular root	Completeness	19	0.0
mOTUs-recall	cellular root	Purity	19	0.0
mOTUs-recall	cellular root	Jaccard index	19	0.0
mOTUs-recall	other entries	True positives	19	0.0
mOTUs-recall	other entries	False negatives	19	1.0
mOTUs-recall	other entries	False positives	19	0.0
mOTUs-recall	other entries	Completeness	19	0.0
mOTUs-recall	other entries	Purity	19	0.0
mOTUs-recall	other entries	Jaccard index	19	0.0
mOTUs-recall	realm	True positives	19	0.0
mOTUs-recall	realm	False negatives	19	3.0
mOTUs-recall	realm	False positives	19	0.0
mOTUs-recall	realm	Completeness	19	0.0
mOTUs-recall	realm	Purity	19	0.0
mOTUs-recall	realm	Jaccard index	19	0.0
mOTUs-recall	domain	True positives	19	1.0
mOTUs-recall	domain	False negatives	19	1.0
mOTUs-recall	domain	False positives	19	0.0
mOTUs-recall	domain	Completeness	19	0.5
mOTUs-recall	domain	Purity	19	1.0
mOTUs-recall	domain	F1 score	19	0.6666666666666666
mOTUs-recall	domain	Jaccard index	19	0.5
mOTUs-recall	kingdom	True positives	19	0.0
mOTUs-recall	kingdom	False negatives	19	10.0
mOTUs-recall	kingdom	False positives	19	0.0
mOTUs-recall	kingdom	Completeness	19	0.0
mOTUs-recall	kingdom	Purity	19	0.0
mOTUs-recall	kingdom	Jaccard index	19	0.0
mOTUs-recall	phylum	True positives	19	5.0
mOTUs-recall	phylum	False negatives	19	14.0
mOTUs-recall	phylum	False positives	19	0.0
mOTUs-recall	phylum	Completeness	19	0.2631578947368421
mOTUs-recall	phylum	Purity	19	1.0
mOTUs-recall	phylum	F1 score	19	0.4166666666666667
mOTUs-recall	phylum	Jaccard index	19	0.2631578947368421
mOTUs-recall	class	True positives	19	11.0
mOTUs-recall	class	False negatives	19	19.0
mOTUs-recall	class	False positives	19	3.0
mOTUs-recall	class	Completeness	19	0.36666666666666664
mOTUs-recall	class	Purity	19	0.7857142857142857
mOTUs-recall	class	F1 score	19	0.5
mOTUs-recall	class	Jaccard index	19	0.3333333333333333
mOTUs-recall	order	True positives	19	17.0
mOTUs-recall	order	False negatives	19	28.0
mOTUs-recall	order	False positives	19	1.0
mOTUs-recall	order	Completeness	19	0.37777777777777777
mOTUs-recall	order	Purity	19	0.9444444444444444
mOTUs-recall	order	F1 score	19	0.5396825396825397
mOTUs-recall	order	Jaccard index	19	0.3695652173913043
mOTUs-recall	family	True positives	19	32.0
mOTUs-recall	family	False negatives	19	51.0
mOTUs-recall	family	False positives	19	4.0
mOTUs-recall	family	Completeness	19	0.3855421686746988
mOTUs-recall	family	Purity	19	0.8888888888888888
mOTUs-recall	family	F1 score	19	0.5378151260504203
mOTUs-recall	family	Jaccard index	19	0.367816091954023
mOTUs-recall	genus	True positives	19	49.0
mOTUs-recall	genus	False negatives	19	127.0
mOTUs-recall	genus	False positives	19	10.0
mOTUs-recall	genus	Completeness	19	0.2784090909090909
mOTUs-recall	genus	Purity	19	0.8305084745762712
mOTUs-recall	genus	F1 score	19	0.41702127659574467
mOTUs-recall	genus	Jaccard index	19	0.26344086021505375
mOTUs-recall	species	True positives	19	71.0
mOTUs-recall	species	False negatives	19	213.0
mOTUs-recall	species	False positives	19	42.0
mOTUs-recall	species	Completeness	19	0.25
mOTUs-recall	species	Purity	19	0.6283185840707964
mOTUs-recall	species	F1 score	19	0.35768261964735515
mOTUs-recall	species	Jaccard index	19	0.21779141104294478
mOTUs-recall	strain	True positives	19	0.0
mOTUs-recall	strain	False negatives	19	422.0
mOTUs-recall	strain	False positives	19	0.0
mOTUs-recall	strain	Completeness	19	0.0
mOTUs-recall	strain	Purity	19	0.0
mOTUs-recall	strain	Jaccard index	19	0.0
mOTUs-recall	domain	L1 norm error	19	0.649796
mOTUs-recall	phylum	L1 norm error	19	0.995111
mOTUs-recall	class	L1 norm error	19	0.9951139999999998
mOTUs-recall	order	L1 norm error	19	0.9800520000000003
mOTUs-recall	family	L1 norm error	19	1.0962159038465564
mOTUs-recall	genus	L1 norm error	19	1.0544993770392057
mOTUs-recall	species	L1 norm error	19	1.6063665792401338
mOTUs-recall	na	Weighted UniFrac error	19	0.15334885976612683
mOTUs-recall	na	Unweighted UniFrac error	19	0.7072976278236023
mOTUs-recall	na	Weighted UniFrac (CAMI)	19	13.717170934693062
mOTUs-recall	na	Unweighted UniFrac (CAMI)	19	3754.852054223104
mOTUs-recall	domain	Sum of abundances	19	1.0
mOTUs-recall	phylum	Sum of abundances	19	1.0000000000000002
mOTUs-recall	class	Sum of abundances	19	1.0
mOTUs-recall	order	Sum of abundances	19	1.0000000000000002
mOTUs-recall	family	Sum of abundances	19	1.0
mOTUs-recall	genus	Sum of abundances	19	1.0000000000000002
mOTUs-recall	species	Sum of abundances	19	1.0000000000000002
mOTUs-recall	domain	Taxon counts	19	1.0
mOTUs-recall	phylum	Taxon counts	19	5.0
mOTUs-recall	class	Taxon counts	19	14.0
mOTUs-recall	order	Taxon counts	19	18.0
mOTUs-recall	family	Taxon counts	19	36.0
mOTUs-recall	genus	Taxon counts	19	59.0
mOTUs-recall	species	Taxon counts	19	113.0
mOTUs-recall	domain	Bray-Curtis distance	1	0.3501364947714882
mOTUs-recall	phylum	Bray-Curtis distance	1	0.5076195413717984
mOTUs-recall	class	Bray-Curtis distance	1	0.5208024236975712
mOTUs-recall	order	Bray-Curtis distance	1	0.6209771306070005
mOTUs-recall	family	Bray-Curtis distance	1	0.5749906790322369
mOTUs-recall	genus	Bray-Curtis distance	1	0.5845823055449452
mOTUs-recall	species	Bray-Curtis distance	1	0.6715263497767048
mOTUs-recall	domain	Shannon diversity	1	0.0
mOTUs-recall	domain	Shannon equitability	1	0.0
mOTUs-recall	phylum	Shannon diversity	1	0.7763496573527747
mOTUs-recall	phylum	Shannon equitability	1	0.4823731635466634
mOTUs-recall	class	Shannon diversity	1	1.0697628100544272
mOTUs-recall	class	Shannon equitability	1	0.43050422443261355
mOTUs-recall	order	Shannon diversity	1	1.0731456880767176
mOTUs-recall	order	Shannon equitability	1	0.3962798354476346
mOTUs-recall	family	Shannon diversity	1	2.160739319685275
mOTUs-recall	family	Shannon equitability	1	0.6484413886024257
mOTUs-recall	genus	Shannon diversity	1	2.7737955759595487
mOTUs-recall	genus	Shannon equitability	1	0.71272447427908
mOTUs-recall	species	Shannon diversity	1	3.2478341809680056
mOTUs-recall	species	Shannon equitability	1	0.716550003121617
mOTUs-recall	acellular root	True positives	1	0.0
mOTUs-recall	acellular root	False negatives	1	1.0
mOTUs-recall	acellular root	False positives	1	0.0
mOTUs-recall	acellular root	Completeness	1	0.0
mOTUs-recall	acellular root	Purity	1	0.0
mOTUs-recall	acellular root	Jaccard index	1	0.0
mOTUs-recall	cellular root	True positives	1	0.0
mOTUs-recall	cellular root	False negatives	1	1.0
mOTUs-recall	cellular root	False positives	1	0.0
mOTUs-recall	cellular root	Completeness	1	0.0
mOTUs-recall	cellular root	Purity	1	0.0
mOTUs-recall	cellular root	Jaccard index	1	0.0
mOTUs-recall	other entries	True positives	1	0.0
mOTUs-recall	other entries	False negatives	1	1.0
mOTUs-recall	other entries	False positives	1	0.0
mOTUs-recall	other entries	Completeness	1	0.0
mOTUs-recall	other entries	Purity	1	0.0
mOTUs-recall	other entries	Jaccard index	1	0.0
mOTUs-recall	realm	True positives	1	0.0
mOTUs-recall	realm	False negatives	1	3.0
mOTUs-recall	realm	False positives	1	0.0
mOTUs-recall	realm	Completeness	1	0.0
mOTUs-recall	realm	Purity	1	0.0
mOTUs-recall	realm	Jaccard index	1	0.0
mOTUs-recall	domain	True positives	1	1.0
mOTUs-recall	domain	False negatives	1	1.0
mOTUs-recall	domain	False positives	1	0.0
mOTUs-recall	domain	Completeness	1	0.5
mOTUs-recall	domain	Purity	1	1.0
mOTUs-recall	domain	F1 score	1	0.6666666666666666
mOTUs-recall	domain	Jaccard index	1	0.5
mOTUs-recall	kingdom	True positives	1	0.0
mOTUs-recall	kingdom	False negatives	1	10.0
mOTUs-recall	kingdom	False positives	1	0.0
mOTUs-recall	kingdom	Completeness	1	0.0
mOTUs-recall	kingdom	Purity	1	0.0
mOTUs-recall	kingdom	Jaccard index	1	0.0
mOTUs-recall	phylum	True positives	1	5.0
mOTUs-recall	phylum	False negatives	1	14.0
mOTUs-recall	phylum	False positives	1	0.0
mOTUs-recall	phylum	Completeness	1	0.2631578947368421
mOTUs-recall	phylum	Purity	1	1.0
mOTUs-recall	phylum	F1 score	1	0.4166666666666667
mOTUs-recall	phylum	Jaccard index	1	0.2631578947368421
mOTUs-recall	class	True positives	1	10.0
mOTUs-recall	class	False negatives	1	16.0
mOTUs-recall	class	False positives	1	2.0
mOTUs-recall	class	Completeness	1	0.38461538461538464
mOTUs-recall	class	Purity	1	0.8333333333333334
mOTUs-recall	class	F1 score	1	0.5263157894736842
mOTUs-recall	class	Jaccard index	1	0.35714285714285715
mOTUs-recall	order	True positives	1	15.0
mOTUs-recall	order	False negatives	1	27.0
mOTUs-recall	order	False positives	1	0.0
mOTUs-recall	order	Completeness	1	0.35714285714285715
mOTUs-recall	order	Purity	1	1.0
mOTUs-recall	order	F1 score	1	0.5263157894736842
mOTUs-recall	order	Jaccard index	1	0.35714285714285715
mOTUs-recall	family	True positives	1	27.0
mOTUs-recall	family	False negatives	1	48.0
mOTUs-recall	family	False positives	1	1.0
mOTUs-recall	family	Completeness	1	0.36
mOTUs-recall	family	Purity	1	0.9642857142857143
mOTUs-recall	family	F1 score	1	0.5242718446601942
mOTUs-recall	family	Jaccard index	1	0.35526315789473684
mOTUs-recall	genus	True positives	1	47.0
mOTUs-recall	genus	False negatives	1	116.0
mOTUs-recall	genus	False positives	1	2.0
mOTUs-recall	genus	Completeness	1	0.2883435582822086
mOTUs-recall	genus	Purity	1	0.9591836734693877
mOTUs-recall	genus	F1 score	1	0.4433962264150943
mOTUs-recall	genus	Jaccard index	1	0.28484848484848485
mOTUs-recall	species	True positives	1	60.0
mOTUs-recall	species	False negatives	1	200.0
mOTUs-recall	species	False positives	1	33.0
mOTUs-recall	species	Completeness	1	0.23076923076923078
mOTUs-recall	species	Purity	1	0.6451612903225806
mOTUs-recall	species	F1 score	1	0.339943342776204
mOTUs-recall	species	Jaccard index	1	0.20477815699658702
mOTUs-recall	strain	True positives	1	0.0
mOTUs-recall	strain	False negatives	1	331.0
mOTUs-recall	strain	False positives	1	0.0
mOTUs-recall	strain	Completeness	1	0.0
mOTUs-recall	strain	Purity	1	0.0
mOTUs-recall	strain	Jaccard index	1	0.0
mOTUs-recall	domain	L1 norm error	1	0.523814
mOTUs-recall	phylum	L1 norm error	1	0.9938150000000001
mOTUs-recall	class	L1 norm error	1	1.0196243811029866
mOTUs-recall	order	L1 norm error	1	1.0445263811029861
mOTUs-recall	family	L1 norm error	1	1.0424069269150111
mOTUs-recall	genus	L1 norm error	1	1.1328643882447718
mOTUs-recall	species	L1 norm error	1	1.343047998868962
mOTUs-recall	na	Weighted UniFrac error	1	0.1215280162603656
mOTUs-recall	na	Unweighted UniFrac error	1	0.8041159443332241
mOTUs-recall	na	Weighted UniFrac (CAMI)	1	9.688294810021604
mOTUs-recall	na	Unweighted UniFrac (CAMI)	1	3198.0506239365213
mOTUs-recall	domain	Sum of abundances	1	1.0
mOTUs-recall	phylum	Sum of abundances	1	1.0
mOTUs-recall	class	Sum of abundances	1	1.0000000000000002
mOTUs-recall	order	Sum of abundances	1	1.0000000000000002
mOTUs-recall	family	Sum of abundances	1	1.0
mOTUs-recall	genus	Sum of abundances	1	1.0000000000000002
mOTUs-recall	species	Sum of abundances	1	1.0000000000000007
mOTUs-recall	domain	Taxon counts	1	1.0
mOTUs-recall	phylum	Taxon counts	1	5.0
mOTUs-recall	class	Taxon counts	1	12.0
mOTUs-recall	order	Taxon counts	1	15.0
mOTUs-recall	family	Taxon counts	1	28.0
mOTUs-recall	genus	Taxon counts	1	49.0
mOTUs-recall	species	Taxon counts	1	93.0
mOTUs-recall	domain	Bray-Curtis distance	2	0.33140851881965205
mOTUs-recall	phylum	Bray-Curtis distance	2	0.49144705123314464
mOTUs-recall	class	Bray-Curtis distance	2	0.4914598801328412
mOTUs-recall	order	Bray-Curtis distance	2	0.6505430582418501
mOTUs-recall	family	Bray-Curtis distance	2	0.5165338570540696
mOTUs-recall	genus	Bray-Curtis distance	2	0.5342303592267014
mOTUs-recall	species	Bray-Curtis distance	2	0.5997045356300769
mOTUs-recall	domain	Shannon diversity	2	0.0
mOTUs-recall	domain	Shannon equitability	2	0.0
mOTUs-recall	phylum	Shannon diversity	2	0.8953364602784342
mOTUs-recall	phylum	Shannon equitability	2	0.4996967928201728
mOTUs-recall	class	Shannon diversity	2	1.2233848547503636
mOTUs-recall	class	Shannon equitability	2	0.49232628310392934
mOTUs-recall	order	Shannon diversity	2	1.2311348949612204
mOTUs-recall	order	Shannon equitability	2	0.4546204108255206
mOTUs-recall	family	Shannon diversity	2	1.6069881559416503
mOTUs-recall	family	Shannon equitability	2	0.5198855014740126
mOTUs-recall	genus	Shannon diversity	2	2.142534625099029
mOTUs-recall	genus	Shannon equitability	2	0.5769470974614662
mOTUs-recall	species	Shannon diversity	2	2.782568640727074
mOTUs-recall	species	Shannon equitability	2	0.661776946047038
mOTUs-recall	acellular root	True positives	2	0.0
mOTUs-recall	acellular root	False negatives	2	1.0
mOTUs-recall	acellular root	False positives	2	0.0
mOTUs-recall	acellular root	Completeness	2	0.0
mOTUs-recall	acellular root	Purity	2	0.0
mOTUs-recall	acellular root	Jaccard index	2	0.0
mOTUs-recall	cellular root	True positives	2	0.0
mOTUs-recall	cellular root	False negatives	2	1.0
mOTUs-recall	cellular root	False positives	2	0.0
mOTUs-recall	cellular root	Completeness	2	0.0
mOTUs-recall	cellular root	Purity	2	0.0
mOTUs-recall	cellular root	Jaccard index	2	0.0
mOTUs-recall	other entries	True positives	2	0.0
mOTUs-recall	other entries	False negatives	2	1.0
mOTUs-recall	other entries	False positives	2	0.0
mOTUs-recall	other entries	Completeness	2	0.0
mOTUs-recall	other entries	Purity	2	0.0
mOTUs-recall	other entries	Jaccard index	2	0.0
mOTUs-recall	realm	True positives	2	0.0
mOTUs-recall	realm	False negatives	2	3.0
mOTUs-recall	realm	False positives	2	0.0
mOTUs-recall	realm	Completeness	2	0.0
mOTUs-recall	realm	Purity	2	0.0
mOTUs-recall	realm	Jaccard index	2	0.0
mOTUs-recall	domain	True positives	2	1.0
mOTUs-recall	domain	False negatives	2	1.0
mOTUs-recall	domain	False positives	2	0.0
mOTUs-recall	domain	Completeness	2	0.5
mOTUs-recall	domain	Purity	2	1.0
mOTUs-recall	domain	F1 score	2	0.6666666666666666
mOTUs-recall	domain	Jaccard index	2	0.5
mOTUs-recall	kingdom	True positives	2	0.0
mOTUs-recall	kingdom	False negatives	2	10.0
mOTUs-recall	kingdom	False positives	2	0.0
mOTUs-recall	kingdom	Completeness	2	0.0
mOTUs-recall	kingdom	Purity	2	0.0
mOTUs-recall	kingdom	Jaccard index	2	0.0
mOTUs-recall	phylum	True positives	2	6.0
mOTUs-recall	phylum	False negatives	2	13.0
mOTUs-recall	phylum	False positives	2	0.0
mOTUs-recall	phylum	Completeness	2	0.3157894736842105
mOTUs-recall	phylum	Purity	2	1.0
mOTUs-recall	phylum	F1 score	2	0.4799999999999999
mOTUs-recall	phylum	Jaccard index	2	0.3157894736842105
mOTUs-recall	class	True positives	2	11.0
mOTUs-recall	class	False negatives	2	17.0
mOTUs-recall	class	False positives	2	1.0
mOTUs-recall	class	Completeness	2	0.39285714285714285
mOTUs-recall	class	Purity	2	0.9166666666666666
mOTUs-recall	class	F1 score	2	0.55
mOTUs-recall	class	Jaccard index	2	0.3793103448275862
mOTUs-recall	order	True positives	2	15.0
mOTUs-recall	order	False negatives	2	28.0
mOTUs-recall	order	False positives	2	0.0
mOTUs-recall	order	Completeness	2	0.3488372093023256
mOTUs-recall	order	Purity	2	1.0
mOTUs-recall	order	F1 score	2	0.5172413793103449
mOTUs-recall	order	Jaccard index	2	0.3488372093023256
mOTUs-recall	family	True positives	2	21.0
mOTUs-recall	family	False negatives	2	53.0
mOTUs-recall	family	False positives	2	1.0
mOTUs-recall	family	Completeness	2	0.28378378378378377
mOTUs-recall	family	Purity	2	0.9545454545454546
mOTUs-recall	family	F1 score	2	0.43749999999999994
mOTUs-recall	family	Jaccard index	2	0.28
mOTUs-recall	genus	True positives	2	39.0
mOTUs-recall	genus	False negatives	2	125.0
mOTUs-recall	genus	False positives	2	2.0
mOTUs-recall	genus	Completeness	2	0.23780487804878048
mOTUs-recall	genus	Purity	2	0.9512195121951219
mOTUs-recall	genus	F1 score	2	0.3804878048780488
mOTUs-recall	genus	Jaccard index	2	0.23493975903614459
mOTUs-recall	species	True positives	2	51.0
mOTUs-recall	species	False negatives	2	209.0
mOTUs-recall	species	False positives	2	16.0
mOTUs-recall	species	Completeness	2	0.19615384615384615
mOTUs-recall	species	Purity	2	0.7611940298507462
mOTUs-recall	species	F1 score	2	0.3119266055045872
mOTUs-recall	species	Jaccard index	2	0.18478260869565216
mOTUs-recall	strain	True positives	2	0.0
mOTUs-recall	strain	False negatives	2	321.0
mOTUs-recall	strain	False positives	2	0.0
mOTUs-recall	strain	Completeness	2	0.0
mOTUs-recall	strain	Purity	2	0.0
mOTUs-recall	strain	Jaccard index	2	0.0
mOTUs-recall	domain	L1 norm error	2	0.502986
mOTUs-recall	phylum	L1 norm error	2	0.9765220000000001
mOTUs-recall	class	L1 norm error	2	0.976547
mOTUs-recall	order	L1 norm error	2	1.113651
mOTUs-recall	family	L1 norm error	2	0.9509677567325373
mOTUs-recall	genus	L1 norm error	2	1.0479029999999998
mOTUs-recall	species	L1 norm error	2	1.199413269191903
mOTUs-recall	na	Weighted UniFrac error	2	0.13615867825009792
mOTUs-recall	na	Unweighted UniFrac error	2	0.8281164912100798
mOTUs-recall	na	Weighted UniFrac (CAMI)	2	9.933966764010497
mOTUs-recall	na	Unweighted UniFrac (CAMI)	2	3043.304277805272
mOTUs-recall	domain	Sum of abundances	2	1.0
mOTUs-recall	phylum	Sum of abundances	2	1.0
mOTUs-recall	class	Sum of abundances	2	1.0000000000000002
mOTUs-recall	order	Sum of abundances	2	0.9999999999999999
mOTUs-recall	family	Sum of abundances	2	1.0000000000000002
mOTUs-recall	genus	Sum of abundances	2	1.0000000000000002
mOTUs-recall	species	Sum of abundances	2	1.0
mOTUs-recall	domain	Taxon counts	2	1.0
mOTUs-recall	phylum	Taxon counts	2	6.0
mOTUs-recall	class	Taxon counts	2	12.0
mOTUs-recall	order	Taxon counts	2	15.0
mOTUs-recall	family	Taxon counts	2	22.0
mOTUs-recall	genus	Taxon counts	2	41.0
mOTUs-recall	species	Taxon counts	2	67.0
mOTUs-recall	domain	Bray-Curtis distance	3	0.3450906938356424
mOTUs-recall	phylum	Bray-Curtis distance	3	0.5014451879353458
mOTUs-recall	class	Bray-Curtis distance	3	0.50144493485991
mOTUs-recall	order	Bray-Curtis distance	3	0.6730405445109959
mOTUs-recall	family	Bray-Curtis distance	3	0.5862817807023664
mOTUs-recall	genus	Bray-Curtis distance	3	0.5098050419516418
mOTUs-recall	species	Bray-Curtis distance	3	0.5657874989081318
mOTUs-recall	domain	Shannon diversity	3	0.0
mOTUs-recall	domain	Shannon equitability	3	0.0
mOTUs-recall	phylum	Shannon diversity	3	0.7004613678261985
mOTUs-recall	phylum	Shannon equitability	3	0.4352211181398272
mOTUs-recall	class	Shannon diversity	3	0.9482419849182488
mOTUs-recall	class	Shannon equitability	3	0.3954476226193314
mOTUs-recall	order	Shannon diversity	3	0.9616646594528288
mOTUs-recall	order	Shannon equitability	3	0.35511330589862006
mOTUs-recall	family	Shannon diversity	3	1.6595329975145996
mOTUs-recall	family	Shannon equitability	3	0.5035240107398021
mOTUs-recall	genus	Shannon diversity	3	2.2182425247244093
mOTUs-recall	genus	Shannon equitability	3	0.5761448012380533
mOTUs-recall	species	Shannon diversity	3	2.491685874103399
mOTUs-recall	species	Shannon equitability	3	0.5654287768957074
mOTUs-recall	acellular root	True positives	3	0.0
mOTUs-recall	acellular root	False negatives	3	1.0
mOTUs-recall	acellular root	False positives	3	0.0
mOTUs-recall	acellular root	Completeness	3	0.0
mOTUs-recall	acellular root	Purity	3	0.0
mOTUs-recall	acellular root	Jaccard index	3	0.0
mOTUs-recall	cellular root	True positives	3	0.0
mOTUs-recall	cellular root	False negatives	3	1.0
mOTUs-recall	cellular root	False positives	3	0.0
mOTUs-recall	cellular root	Completeness	3	0.0
mOTUs-recall	cellular root	Purity	3	0.0
mOTUs-recall	cellular root	Jaccard index	3	0.0
mOTUs-recall	other entries	True positives	3	0.0
mOTUs-recall	other entries	False negatives	3	1.0
mOTUs-recall	other entries	False positives	3	0.0
mOTUs-recall	other entries	Completeness	3	0.0
mOTUs-recall	other entries	Purity	3	0.0
mOTUs-recall	other entries	Jaccard index	3	0.0
mOTUs-recall	realm	True positives	3	0.0
mOTUs-recall	realm	False negatives	3	3.0
mOTUs-recall	realm	False positives	3	0.0
mOTUs-recall	realm	Completeness	3	0.0
mOTUs-recall	realm	Purity	3	0.0
mOTUs-recall	realm	Jaccard index	3	0.0
mOTUs-recall	domain	True positives	3	1.0
mOTUs-recall	domain	False negatives	3	1.0
mOTUs-recall	domain	False positives	3	0.0
mOTUs-recall	domain	Completeness	3	0.5
mOTUs-recall	domain	Purity	3	1.0
mOTUs-recall	domain	F1 score	3	0.6666666666666666
mOTUs-recall	domain	Jaccard index	3	0.5
mOTUs-recall	kingdom	True positives	3	0.0
mOTUs-recall	kingdom	False negatives	3	10.0
mOTUs-recall	kingdom	False positives	3	0.0
mOTUs-recall	kingdom	Completeness	3	0.0
mOTUs-recall	kingdom	Purity	3	0.0
mOTUs-recall	kingdom	Jaccard index	3	0.0
mOTUs-recall	phylum	True positives	3	5.0
mOTUs-recall	phylum	False negatives	3	14.0
mOTUs-recall	phylum	False positives	3	0.0
mOTUs-recall	phylum	Completeness	3	0.2631578947368421
mOTUs-recall	phylum	Purity	3	1.0
mOTUs-recall	phylum	F1 score	3	0.4166666666666667
mOTUs-recall	phylum	Jaccard index	3	0.2631578947368421
mOTUs-recall	class	True positives	3	10.0
mOTUs-recall	class	False negatives	3	18.0
mOTUs-recall	class	False positives	3	1.0
mOTUs-recall	class	Completeness	3	0.35714285714285715
mOTUs-recall	class	Purity	3	0.9090909090909091
mOTUs-recall	class	F1 score	3	0.5128205128205129
mOTUs-recall	class	Jaccard index	3	0.3448275862068966
mOTUs-recall	order	True positives	3	15.0
mOTUs-recall	order	False negatives	3	26.0
mOTUs-recall	order	False positives	3	0.0
mOTUs-recall	order	Completeness	3	0.36585365853658536
mOTUs-recall	order	Purity	3	1.0
mOTUs-recall	order	F1 score	3	0.5357142857142857
mOTUs-recall	order	Jaccard index	3	0.36585365853658536
mOTUs-recall	family	True positives	3	26.0
mOTUs-recall	family	False negatives	3	51.0
mOTUs-recall	family	False positives	3	1.0
mOTUs-recall	family	Completeness	3	0.33766233766233766
mOTUs-recall	family	Purity	3	0.9629629629629629
mOTUs-recall	family	F1 score	3	0.5
mOTUs-recall	family	Jaccard index	3	0.3333333333333333
mOTUs-recall	genus	True positives	3	45.0
mOTUs-recall	genus	False negatives	3	116.0
mOTUs-recall	genus	False positives	3	2.0
mOTUs-recall	genus	Completeness	3	0.2795031055900621
mOTUs-recall	genus	Purity	3	0.9574468085106383
mOTUs-recall	genus	F1 score	3	0.43269230769230765
mOTUs-recall	genus	Jaccard index	3	0.27607361963190186
mOTUs-recall	species	True positives	3	62.0
mOTUs-recall	species	False negatives	3	197.0
mOTUs-recall	species	False positives	3	20.0
mOTUs-recall	species	Completeness	3	0.23938223938223938
mOTUs-recall	species	Purity	3	0.7560975609756098
mOTUs-recall	species	F1 score	3	0.36363636363636365
mOTUs-recall	species	Jaccard index	3	0.2222222222222222
mOTUs-recall	strain	True positives	3	0.0
mOTUs-recall	strain	False negatives	3	329.0
mOTUs-recall	strain	False positives	3	0.0
mOTUs-recall	strain	Completeness	3	0.0
mOTUs-recall	strain	Purity	3	0.0
mOTUs-recall	strain	Jaccard index	3	0.0
mOTUs-recall	domain	L1 norm error	3	0.518261
mOTUs-recall	phylum	L1 norm error	3	0.9878399999999998
mOTUs-recall	class	L1 norm error	3	0.9878389999999997
mOTUs-recall	order	L1 norm error	3	1.1338989999999995
mOTUs-recall	family	L1 norm error	3	1.0417717177931842
mOTUs-recall	genus	L1 norm error	3	0.9992760000000009
mOTUs-recall	species	L1 norm error	3	1.13157669517876
mOTUs-recall	na	Weighted UniFrac error	3	0.14028993027781733
mOTUs-recall	na	Unweighted UniFrac error	3	0.7968589266224045
mOTUs-recall	na	Weighted UniFrac (CAMI)	3	10.29913134776492
mOTUs-recall	na	Unweighted UniFrac (CAMI)	3	3099.6751941795324
mOTUs-recall	domain	Sum of abundances	3	1.0
mOTUs-recall	phylum	Sum of abundances	3	0.9999999999999997
mOTUs-recall	class	Sum of abundances	3	0.9999999999999999
mOTUs-recall	order	Sum of abundances	3	0.9999999999999999
mOTUs-recall	family	Sum of abundances	3	1.0000000000000002
mOTUs-recall	genus	Sum of abundances	3	1.0000000000000009
mOTUs-recall	species	Sum of abundances	3	1.0000000000000007
mOTUs-recall	domain	Taxon counts	3	1.0
mOTUs-recall	phylum	Taxon counts	3	5.0
mOTUs-recall	class	Taxon counts	3	11.0
mOTUs-recall	order	Taxon counts	3	15.0
mOTUs-recall	family	Taxon counts	3	27.0
mOTUs-recall	genus	Taxon counts	3	47.0
mOTUs-recall	species	Taxon counts	3	82.0
mOTUs-recall	domain	Bray-Curtis distance	4	0.33452790996423537
mOTUs-recall	phylum	Bray-Curtis distance	4	0.49923597093257976
mOTUs-recall	class	Bray-Curtis distance	4	0.499235718225534
mOTUs-recall	order	Bray-Curtis distance	4	0.5852709674789399
mOTUs-recall	family	Bray-Curtis distance	4	0.6159150437322174
mOTUs-recall	genus	Bray-Curtis distance	4	0.5113696806966307
mOTUs-recall	species	Bray-Curtis distance	4	0.5506924873833681
mOTUs-recall	domain	Shannon diversity	4	0.0
mOTUs-recall	domain	Shannon equitability	4	0.0
mOTUs-recall	phylum	Shannon diversity	4	0.9224312991550069
mOTUs-recall	phylum	Shannon equitability	4	0.5148187103218819
mOTUs-recall	class	Shannon diversity	4	1.2097467560182789
mOTUs-recall	class	Shannon equitability	4	0.45840108982954336
mOTUs-recall	order	Shannon diversity	4	1.214908699755951
mOTUs-recall	order	Shannon equitability	4	0.42032956364071844
mOTUs-recall	family	Shannon diversity	4	2.0521900218144817
mOTUs-recall	family	Shannon equitability	4	0.5869256638912478
mOTUs-recall	genus	Shannon diversity	4	2.405604038750952
mOTUs-recall	genus	Shannon equitability	4	0.6059010498799111
mOTUs-recall	species	Shannon diversity	4	2.57828264519734
mOTUs-recall	species	Shannon equitability	4	0.5648742245424965
mOTUs-recall	acellular root	True positives	4	0.0
mOTUs-recall	acellular root	False negatives	4	1.0
mOTUs-recall	acellular root	False positives	4	0.0
mOTUs-recall	acellular root	Completeness	4	0.0
mOTUs-recall	acellular root	Purity	4	0.0
mOTUs-recall	acellular root	Jaccard index	4	0.0
mOTUs-recall	cellular root	True positives	4	0.0
mOTUs-recall	cellular root	False negatives	4	1.0
mOTUs-recall	cellular root	False positives	4	0.0
mOTUs-recall	cellular root	Completeness	4	0.0
mOTUs-recall	cellular root	Purity	4	0.0
mOTUs-recall	cellular root	Jaccard index	4	0.0
mOTUs-recall	other entries	True positives	4	0.0
mOTUs-recall	other entries	False negatives	4	1.0
mOTUs-recall	other entries	False positives	4	0.0
mOTUs-recall	other entries	Completeness	4	0.0
mOTUs-recall	other entries	Purity	4	0.0
mOTUs-recall	other entries	Jaccard index	4	0.0
mOTUs-recall	realm	True positives	4	0.0
mOTUs-recall	realm	False negatives	4	3.0
mOTUs-recall	realm	False positives	4	0.0
mOTUs-recall	realm	Completeness	4	0.0
mOTUs-recall	realm	Purity	4	0.0
mOTUs-recall	realm	Jaccard index	4	0.0
mOTUs-recall	domain	True positives	4	1.0
mOTUs-recall	domain	False negatives	4	1.0
mOTUs-recall	domain	False positives	4	0.0
mOTUs-recall	domain	Completeness	4	0.5
mOTUs-recall	domain	Purity	4	1.0
mOTUs-recall	domain	F1 score	4	0.6666666666666666
mOTUs-recall	domain	Jaccard index	4	0.5
mOTUs-recall	kingdom	True positives	4	0.0
mOTUs-recall	kingdom	False negatives	4	11.0
mOTUs-recall	kingdom	False positives	4	0.0
mOTUs-recall	kingdom	Completeness	4	0.0
mOTUs-recall	kingdom	Purity	4	0.0
mOTUs-recall	kingdom	Jaccard index	4	0.0
mOTUs-recall	phylum	True positives	4	6.0
mOTUs-recall	phylum	False negatives	4	14.0
mOTUs-recall	phylum	False positives	4	0.0
mOTUs-recall	phylum	Completeness	4	0.3
mOTUs-recall	phylum	Purity	4	1.0
mOTUs-recall	phylum	F1 score	4	0.4615384615384615
mOTUs-recall	phylum	Jaccard index	4	0.3
mOTUs-recall	class	True positives	4	11.0
mOTUs-recall	class	False negatives	4	18.0
mOTUs-recall	class	False positives	4	3.0
mOTUs-recall	class	Completeness	4	0.3793103448275862
mOTUs-recall	class	Purity	4	0.7857142857142857
mOTUs-recall	class	F1 score	4	0.5116279069767441
mOTUs-recall	class	Jaccard index	4	0.34375
mOTUs-recall	order	True positives	4	17.0
mOTUs-recall	order	False negatives	4	25.0
mOTUs-recall	order	False positives	4	1.0
mOTUs-recall	order	Completeness	4	0.40476190476190477
mOTUs-recall	order	Purity	4	0.9444444444444444
mOTUs-recall	order	F1 score	4	0.5666666666666667
mOTUs-recall	order	Jaccard index	4	0.3953488372093023
mOTUs-recall	family	True positives	4	28.0
mOTUs-recall	family	False negatives	4	43.0
mOTUs-recall	family	False positives	4	5.0
mOTUs-recall	family	Completeness	4	0.39436619718309857
mOTUs-recall	family	Purity	4	0.8484848484848485
mOTUs-recall	family	F1 score	4	0.5384615384615384
mOTUs-recall	family	Jaccard index	4	0.3684210526315789
mOTUs-recall	genus	True positives	4	46.0
mOTUs-recall	genus	False negatives	4	107.0
mOTUs-recall	genus	False positives	4	7.0
mOTUs-recall	genus	Completeness	4	0.3006535947712418
mOTUs-recall	genus	Purity	4	0.8679245283018868
mOTUs-recall	genus	F1 score	4	0.4466019417475728
mOTUs-recall	genus	Jaccard index	4	0.2875
mOTUs-recall	species	True positives	4	57.0
mOTUs-recall	species	False negatives	4	184.0
mOTUs-recall	species	False positives	4	39.0
mOTUs-recall	species	Completeness	4	0.23651452282157676
mOTUs-recall	species	Purity	4	0.59375
mOTUs-recall	species	F1 score	4	0.3382789317507418
mOTUs-recall	species	Jaccard index	4	0.20357142857142857
mOTUs-recall	strain	True positives	4	0.0
mOTUs-recall	strain	False negatives	4	296.0
mOTUs-recall	strain	False positives	4	0.0
mOTUs-recall	strain	Completeness	4	0.0
mOTUs-recall	strain	Purity	4	0.0
mOTUs-recall	strain	Jaccard index	4	0.0
mOTUs-recall	domain	L1 norm error	4	0.506497
mOTUs-recall	phylum	L1 norm error	4	0.989286
mOTUs-recall	class	L1 norm error	4	0.989285
mOTUs-recall	order	L1 norm error	4	0.990663
mOTUs-recall	family	L1 norm error	4	1.1333859223645393
mOTUs-recall	genus	L1 norm error	4	0.9972578102041482
mOTUs-recall	species	L1 norm error	4	1.1013888296141472
mOTUs-recall	na	Weighted UniFrac error	4	0.13087778850330428
mOTUs-recall	na	Unweighted UniFrac error	4	0.7685715534513129
mOTUs-recall	na	Weighted UniFrac (CAMI)	4	9.600288830771184
mOTUs-recall	na	Unweighted UniFrac (CAMI)	4	2804.5294189547226
mOTUs-recall	domain	Sum of abundances	4	1.0
mOTUs-recall	phylum	Sum of abundances	4	1.0
mOTUs-recall	class	Sum of abundances	4	1.0
mOTUs-recall	order	Sum of abundances	4	1.0
mOTUs-recall	family	Sum of abundances	4	1.0
mOTUs-recall	genus	Sum of abundances	4	1.0
mOTUs-recall	species	Sum of abundances	4	0.9999999999999996
mOTUs-recall	domain	Taxon counts	4	1.0
mOTUs-recall	phylum	Taxon counts	4	6.0
mOTUs-recall	class	Taxon counts	4	14.0
mOTUs-recall	order	Taxon counts	4	18.0
mOTUs-recall	family	Taxon counts	4	33.0
mOTUs-recall	genus	Taxon counts	4	53.0
mOTUs-recall	species	Taxon counts	4	96.0
mOTUs-recall	domain	Bray-Curtis distance	5	0.3404175137074644
mOTUs-recall	phylum	Bray-Curtis distance	5	0.4960076422741954
mOTUs-recall	class	Bray-Curtis distance	5	0.4960117008372308
mOTUs-recall	order	Bray-Curtis distance	5	0.6186405265280152
mOTUs-recall	family	Bray-Curtis distance	5	0.594167484836468
mOTUs-recall	genus	Bray-Curtis distance	5	0.5056785040490757
mOTUs-recall	species	Bray-Curtis distance	5	0.6258765467406324
mOTUs-recall	domain	Shannon diversity	5	0.0
mOTUs-recall	domain	Shannon equitability	5	0.0
mOTUs-recall	phylum	Shannon diversity	5	0.4057516573744757
mOTUs-recall	phylum	Shannon equitability	5	0.22645431172147565
mOTUs-recall	class	Shannon diversity	5	0.9877107211264949
mOTUs-recall	class	Shannon equitability	5	0.3850800087936264
mOTUs-recall	order	Shannon diversity	5	1.002126111261981
mOTUs-recall	order	Shannon equitability	5	0.34671184027600854
mOTUs-recall	family	Shannon diversity	5	1.7221033277201998
mOTUs-recall	family	Shannon equitability	5	0.5014879861727362
mOTUs-recall	genus	Shannon diversity	5	2.2463172020277464
mOTUs-recall	genus	Shannon equitability	5	0.5771893432793577
mOTUs-recall	species	Shannon diversity	5	2.53230227257153
mOTUs-recall	species	Shannon equitability	5	0.5613791050049567
mOTUs-recall	acellular root	True positives	5	0.0
mOTUs-recall	acellular root	False negatives	5	1.0
mOTUs-recall	acellular root	False positives	5	0.0
mOTUs-recall	acellular root	Completeness	5	0.0
mOTUs-recall	acellular root	Purity	5	0.0
mOTUs-recall	acellular root	Jaccard index	5	0.0
mOTUs-recall	cellular root	True positives	5	0.0
mOTUs-recall	cellular root	False negatives	5	1.0
mOTUs-recall	cellular root	False positives	5	0.0
mOTUs-recall	cellular root	Completeness	5	0.0
mOTUs-recall	cellular root	Purity	5	0.0
mOTUs-recall	cellular root	Jaccard index	5	0.0
mOTUs-recall	other entries	True positives	5	0.0
mOTUs-recall	other entries	False negatives	5	1.0
mOTUs-recall	other entries	False positives	5	0.0
mOTUs-recall	other entries	Completeness	5	0.0
mOTUs-recall	other entries	Purity	5	0.0
mOTUs-recall	other entries	Jaccard index	5	0.0
mOTUs-recall	realm	True positives	5	0.0
mOTUs-recall	realm	False negatives	5	3.0
mOTUs-recall	realm	False positives	5	0.0
mOTUs-recall	realm	Completeness	5	0.0
mOTUs-recall	realm	Purity	5	0.0
mOTUs-recall	realm	Jaccard index	5	0.0
mOTUs-recall	domain	True positives	5	1.0
mOTUs-recall	domain	False negatives	5	1.0
mOTUs-recall	domain	False positives	5	0.0
mOTUs-recall	domain	Completeness	5	0.5
mOTUs-recall	domain	Purity	5	1.0
mOTUs-recall	domain	F1 score	5	0.6666666666666666
mOTUs-recall	domain	Jaccard index	5	0.5
mOTUs-recall	kingdom	True positives	5	0.0
mOTUs-recall	kingdom	False negatives	5	10.0
mOTUs-recall	kingdom	False positives	5	0.0
mOTUs-recall	kingdom	Completeness	5	0.0
mOTUs-recall	kingdom	Purity	5	0.0
mOTUs-recall	kingdom	Jaccard index	5	0.0
mOTUs-recall	phylum	True positives	5	6.0
mOTUs-recall	phylum	False negatives	5	13.0
mOTUs-recall	phylum	False positives	5	0.0
mOTUs-recall	phylum	Completeness	5	0.3157894736842105
mOTUs-recall	phylum	Purity	5	1.0
mOTUs-recall	phylum	F1 score	5	0.4799999999999999
mOTUs-recall	phylum	Jaccard index	5	0.3157894736842105
mOTUs-recall	class	True positives	5	11.0
mOTUs-recall	class	False negatives	5	18.0
mOTUs-recall	class	False positives	5	2.0
mOTUs-recall	class	Completeness	5	0.3793103448275862
mOTUs-recall	class	Purity	5	0.8461538461538461
mOTUs-recall	class	F1 score	5	0.5238095238095238
mOTUs-recall	class	Jaccard index	5	0.3548387096774194
mOTUs-recall	order	True positives	5	18.0
mOTUs-recall	order	False negatives	5	26.0
mOTUs-recall	order	False positives	5	0.0
mOTUs-recall	order	Completeness	5	0.4090909090909091
mOTUs-recall	order	Purity	5	1.0
mOTUs-recall	order	F1 score	5	0.5806451612903226
mOTUs-recall	order	Jaccard index	5	0.4090909090909091
mOTUs-recall	family	True positives	5	29.0
mOTUs-recall	family	False negatives	5	47.0
mOTUs-recall	family	False positives	5	2.0
mOTUs-recall	family	Completeness	5	0.3815789473684211
mOTUs-recall	family	Purity	5	0.9354838709677419
mOTUs-recall	family	F1 score	5	0.5420560747663552
mOTUs-recall	family	Jaccard index	5	0.3717948717948718
mOTUs-recall	genus	True positives	5	46.0
mOTUs-recall	genus	False negatives	5	108.0
mOTUs-recall	genus	False positives	5	3.0
mOTUs-recall	genus	Completeness	5	0.2987012987012987
mOTUs-recall	genus	Purity	5	0.9387755102040817
mOTUs-recall	genus	F1 score	5	0.4532019704433497
mOTUs-recall	genus	Jaccard index	5	0.2929936305732484
mOTUs-recall	species	True positives	5	68.0
mOTUs-recall	species	False negatives	5	187.0
mOTUs-recall	species	False positives	5	23.0
mOTUs-recall	species	Completeness	5	0.26666666666666666
mOTUs-recall	species	Purity	5	0.7472527472527473
mOTUs-recall	species	F1 score	5	0.3930635838150289
mOTUs-recall	species	Jaccard index	5	0.2446043165467626
mOTUs-recall	strain	True positives	5	0.0
mOTUs-recall	strain	False negatives	5	302.0
mOTUs-recall	strain	False positives	5	0.0
mOTUs-recall	strain	Completeness	5	0.0
mOTUs-recall	strain	Purity	5	0.0
mOTUs-recall	strain	Jaccard index	5	0.0
mOTUs-recall	domain	L1 norm error	5	0.51308
mOTUs-recall	phylum	L1 norm error	5	0.977701
mOTUs-recall	class	L1 norm error	5	0.9777089999999998
mOTUs-recall	order	L1 norm error	5	1.0141169999999997
mOTUs-recall	family	L1 norm error	5	1.0593495270597264
mOTUs-recall	genus	L1 norm error	5	0.9909189999999991
mOTUs-recall	species	L1 norm error	5	1.251745582962704
mOTUs-recall	na	Weighted UniFrac error	5	0.14023271417261518
mOTUs-recall	na	Unweighted UniFrac error	5	0.7764869572010633
mOTUs-recall	na	Weighted UniFrac (CAMI)	5	10.375822878468323
mOTUs-recall	na	Unweighted UniFrac (CAMI)	5	2824.9199117013923
mOTUs-recall	domain	Sum of abundances	5	1.0
mOTUs-recall	phylum	Sum of abundances	5	1.0
mOTUs-recall	class	Sum of abundances	5	0.9999999999999999
mOTUs-recall	order	Sum of abundances	5	0.9999999999999999
mOTUs-recall	family	Sum of abundances	5	1.0
mOTUs-recall	genus	Sum of abundances	5	0.9999999999999996
mOTUs-recall	species	Sum of abundances	5	1.0
mOTUs-recall	domain	Taxon counts	5	1.0
mOTUs-recall	phylum	Taxon counts	5	6.0
mOTUs-recall	class	Taxon counts	5	13.0
mOTUs-recall	order	Taxon counts	5	18.0
mOTUs-recall	family	Taxon counts	5	31.0
mOTUs-recall	genus	Taxon counts	5	49.0
mOTUs-recall	species	Taxon counts	5	91.0
mOTUs-recall	domain	Bray-Curtis distance	6	0.34013871679009133
mOTUs-recall	phylum	Bray-Curtis distance	6	0.5018482336832587
mOTUs-recall	class	Bray-Curtis distance	6	0.5018489905388531
mOTUs-recall	order	Bray-Curtis distance	6	0.5979068458849014
mOTUs-recall	family	Bray-Curtis distance	6	0.6350009270407485
mOTUs-recall	genus	Bray-Curtis distance	6	0.5836926404986233
mOTUs-recall	species	Bray-Curtis distance	6	0.750258559331729
mOTUs-recall	domain	Shannon diversity	6	0.0
mOTUs-recall	domain	Shannon equitability	6	0.0
mOTUs-recall	phylum	Shannon diversity	6	0.7846825579180328
mOTUs-recall	phylum	Shannon equitability	6	0.48755068577406974
mOTUs-recall	class	Shannon diversity	6	1.1069704906406432
mOTUs-recall	class	Shannon equitability	6	0.4194567803504389
mOTUs-recall	order	Shannon diversity	6	1.118653240210511
mOTUs-recall	order	Shannon equitability	6	0.3870274601024863
mOTUs-recall	family	Shannon diversity	6	2.1312944406098335
mOTUs-recall	family	Shannon equitability	6	0.6043892635855267
mOTUs-recall	genus	Shannon diversity	6	2.5394842663510695
mOTUs-recall	genus	Shannon equitability	6	0.6227985153506262
mOTUs-recall	species	Shannon diversity	6	2.861572225033231
mOTUs-recall	species	Shannon equitability	6	0.6087829333057583
mOTUs-recall	acellular root	True positives	6	0.0
mOTUs-recall	acellular root	False negatives	6	1.0
mOTUs-recall	acellular root	False positives	6	0.0
mOTUs-recall	acellular root	Completeness	6	0.0
mOTUs-recall	acellular root	Purity	6	0.0
mOTUs-recall	acellular root	Jaccard index	6	0.0
mOTUs-recall	cellular root	True positives	6	0.0
mOTUs-recall	cellular root	False negatives	6	1.0
mOTUs-recall	cellular root	False positives	6	0.0
mOTUs-recall	cellular root	Completeness	6	0.0
mOTUs-recall	cellular root	Purity	6	0.0
mOTUs-recall	cellular root	Jaccard index	6	0.0
mOTUs-recall	other entries	True positives	6	0.0
mOTUs-recall	other entries	False negatives	6	1.0
mOTUs-recall	other entries	False positives	6	0.0
mOTUs-recall	other entries	Completeness	6	0.0
mOTUs-recall	other entries	Purity	6	0.0
mOTUs-recall	other entries	Jaccard index	6	0.0
mOTUs-recall	realm	True positives	6	0.0
mOTUs-recall	realm	False negatives	6	3.0
mOTUs-recall	realm	False positives	6	0.0
mOTUs-recall	realm	Completeness	6	0.0
mOTUs-recall	realm	Purity	6	0.0
mOTUs-recall	realm	Jaccard index	6	0.0
mOTUs-recall	domain	True positives	6	1.0
mOTUs-recall	domain	False negatives	6	1.0
mOTUs-recall	domain	False positives	6	0.0
mOTUs-recall	domain	Completeness	6	0.5
mOTUs-recall	domain	Purity	6	1.0
mOTUs-recall	domain	F1 score	6	0.6666666666666666
mOTUs-recall	domain	Jaccard index	6	0.5
mOTUs-recall	kingdom	True positives	6	0.0
mOTUs-recall	kingdom	False negatives	6	10.0
mOTUs-recall	kingdom	False positives	6	0.0
mOTUs-recall	kingdom	Completeness	6	0.0
mOTUs-recall	kingdom	Purity	6	0.0
mOTUs-recall	kingdom	Jaccard index	6	0.0
mOTUs-recall	phylum	True positives	6	5.0
mOTUs-recall	phylum	False negatives	6	14.0
mOTUs-recall	phylum	False positives	6	0.0
mOTUs-recall	phylum	Completeness	6	0.2631578947368421
mOTUs-recall	phylum	Purity	6	1.0
mOTUs-recall	phylum	F1 score	6	0.4166666666666667
mOTUs-recall	phylum	Jaccard index	6	0.2631578947368421
mOTUs-recall	class	True positives	6	11.0
mOTUs-recall	class	False negatives	6	18.0
mOTUs-recall	class	False positives	6	3.0
mOTUs-recall	class	Completeness	6	0.3793103448275862
mOTUs-recall	class	Purity	6	0.7857142857142857
mOTUs-recall	class	F1 score	6	0.5116279069767441
mOTUs-recall	class	Jaccard index	6	0.34375
mOTUs-recall	order	True positives	6	17.0
mOTUs-recall	order	False negatives	6	27.0
mOTUs-recall	order	False positives	6	1.0
mOTUs-recall	order	Completeness	6	0.38636363636363635
mOTUs-recall	order	Purity	6	0.9444444444444444
mOTUs-recall	order	F1 score	6	0.5483870967741935
mOTUs-recall	order	Jaccard index	6	0.37777777777777777
mOTUs-recall	family	True positives	6	31.0
mOTUs-recall	family	False negatives	6	50.0
mOTUs-recall	family	False positives	6	3.0
mOTUs-recall	family	Completeness	6	0.38271604938271603
mOTUs-recall	family	Purity	6	0.9117647058823529
mOTUs-recall	family	F1 score	6	0.5391304347826087
mOTUs-recall	family	Jaccard index	6	0.36904761904761907
mOTUs-recall	genus	True positives	6	49.0
mOTUs-recall	genus	False negatives	6	125.0
mOTUs-recall	genus	False positives	6	10.0
mOTUs-recall	genus	Completeness	6	0.28160919540229884
mOTUs-recall	genus	Purity	6	0.8305084745762712
mOTUs-recall	genus	F1 score	6	0.4206008583690987
mOTUs-recall	genus	Jaccard index	6	0.266304347826087
mOTUs-recall	species	True positives	6	68.0
mOTUs-recall	species	False negatives	6	201.0
mOTUs-recall	species	False positives	6	42.0
mOTUs-recall	species	Completeness	6	0.2527881040892193
mOTUs-recall	species	Purity	6	0.6181818181818182
mOTUs-recall	species	F1 score	6	0.3588390501319261
mOTUs-recall	species	Jaccard index	6	0.21864951768488747
mOTUs-recall	strain	True positives	6	0.0
mOTUs-recall	strain	False negatives	6	369.0
mOTUs-recall	strain	False positives	6	0.0
mOTUs-recall	strain	Completeness	6	0.0
mOTUs-recall	strain	Purity	6	0.0
mOTUs-recall	strain	Jaccard index	6	0.0
mOTUs-recall	domain	L1 norm error	6	0.51277
mOTUs-recall	phylum	L1 norm error	6	0.9958309999999999
mOTUs-recall	class	L1 norm error	6	0.9958320000000004
mOTUs-recall	order	L1 norm error	6	1.0105109999999997
mOTUs-recall	family	L1 norm error	6	1.1102140308065251
mOTUs-recall	genus	L1 norm error	6	1.1415580490404644
mOTUs-recall	species	L1 norm error	6	1.5005201196976956
mOTUs-recall	na	Weighted UniFrac error	6	0.10048382192731672
mOTUs-recall	na	Unweighted UniFrac error	6	0.6577872436289366
mOTUs-recall	na	Weighted UniFrac (CAMI)	6	8.68949108065965
mOTUs-recall	na	Unweighted UniFrac (CAMI)	6	3208.5790980246293
mOTUs-recall	domain	Sum of abundances	6	1.0
mOTUs-recall	phylum	Sum of abundances	6	1.0
mOTUs-recall	class	Sum of abundances	6	1.0000000000000002
mOTUs-recall	order	Sum of abundances	6	1.0
mOTUs-recall	family	Sum of abundances	6	0.9999999999999999
mOTUs-recall	genus	Sum of abundances	6	0.9999999999999999
mOTUs-recall	species	Sum of abundances	6	0.9999999999999997
mOTUs-recall	domain	Taxon counts	6	1.0
mOTUs-recall	phylum	Taxon counts	6	5.0
mOTUs-recall	class	Taxon counts	6	14.0
mOTUs-recall	order	Taxon counts	6	18.0
mOTUs-recall	family	Taxon counts	6	34.0
mOTUs-recall	genus	Taxon counts	6	59.0
mOTUs-recall	species	Taxon counts	6	110.0
mOTUs-recall	domain	Bray-Curtis distance	7	0.33746536231711377
mOTUs-recall	phylum	Bray-Curtis distance	7	0.4996257359483251
mOTUs-recall	class	Bray-Curtis distance	7	0.49967580471777995
mOTUs-recall	order	Bray-Curtis distance	7	0.7877430863073335
mOTUs-recall	family	Bray-Curtis distance	7	0.47364846159292967
mOTUs-recall	genus	Bray-Curtis distance	7	0.5428003048530642
mOTUs-recall	species	Bray-Curtis distance	7	0.6332982633659007
mOTUs-recall	domain	Shannon diversity	7	0.0
mOTUs-recall	domain	Shannon equitability	7	0.0
mOTUs-recall	phylum	Shannon diversity	7	0.5003445883731429
mOTUs-recall	phylum	Shannon equitability	7	0.3108815720740827
mOTUs-recall	class	Shannon diversity	7	0.9991014047726678
mOTUs-recall	class	Shannon equitability	7	0.4339042269545568
mOTUs-recall	order	Shannon diversity	7	1.0041893938486135
mOTUs-recall	order	Shannon equitability	7	0.38051064013642016
mOTUs-recall	family	Shannon diversity	7	1.152758886428345
mOTUs-recall	family	Shannon equitability	7	0.3676482260984636
mOTUs-recall	genus	Shannon diversity	7	1.9277690949929343
mOTUs-recall	genus	Shannon equitability	7	0.5125409538698409
mOTUs-recall	species	Shannon diversity	7	2.576892538343754
mOTUs-recall	species	Shannon equitability	7	0.6150608336517436
mOTUs-recall	acellular root	True positives	7	0.0
mOTUs-recall	acellular root	False negatives	7	1.0
mOTUs-recall	acellular root	False positives	7	0.0
mOTUs-recall	acellular root	Completeness	7	0.0
mOTUs-recall	acellular root	Purity	7	0.0
mOTUs-recall	acellular root	Jaccard index	7	0.0
mOTUs-recall	cellular root	True positives	7	0.0
mOTUs-recall	cellular root	False negatives	7	1.0
mOTUs-recall	cellular root	False positives	7	0.0
mOTUs-recall	cellular root	Completeness	7	0.0
mOTUs-recall	cellular root	Purity	7	0.0
mOTUs-recall	cellular root	Jaccard index	7	0.0
mOTUs-recall	other entries	True positives	7	0.0
mOTUs-recall	other entries	False negatives	7	1.0
mOTUs-recall	other entries	False positives	7	0.0
mOTUs-recall	other entries	Completeness	7	0.0
mOTUs-recall	other entries	Purity	7	0.0
mOTUs-recall	other entries	Jaccard index	7	0.0
mOTUs-recall	realm	True positives	7	0.0
mOTUs-recall	realm	False negatives	7	3.0
mOTUs-recall	realm	False positives	7	0.0
mOTUs-recall	realm	Completeness	7	0.0
mOTUs-recall	realm	Purity	7	0.0
mOTUs-recall	realm	Jaccard index	7	0.0
mOTUs-recall	domain	True positives	7	1.0
mOTUs-recall	domain	False negatives	7	1.0
mOTUs-recall	domain	False positives	7	0.0
mOTUs-recall	domain	Completeness	7	0.5
mOTUs-recall	domain	Purity	7	1.0
mOTUs-recall	domain	F1 score	7	0.6666666666666666
mOTUs-recall	domain	Jaccard index	7	0.5
mOTUs-recall	kingdom	True positives	7	0.0
mOTUs-recall	kingdom	False negatives	7	10.0
mOTUs-recall	kingdom	False positives	7	0.0
mOTUs-recall	kingdom	Completeness	7	0.0
mOTUs-recall	kingdom	Purity	7	0.0
mOTUs-recall	kingdom	Jaccard index	7	0.0
mOTUs-recall	phylum	True positives	7	5.0
mOTUs-recall	phylum	False negatives	7	14.0
mOTUs-recall	phylum	False positives	7	0.0
mOTUs-recall	phylum	Completeness	7	0.2631578947368421
mOTUs-recall	phylum	Purity	7	1.0
mOTUs-recall	phylum	F1 score	7	0.4166666666666667
mOTUs-recall	phylum	Jaccard index	7	0.2631578947368421
mOTUs-recall	class	True positives	7	9.0
mOTUs-recall	class	False negatives	7	19.0
mOTUs-recall	class	False positives	7	1.0
mOTUs-recall	class	Completeness	7	0.32142857142857145
mOTUs-recall	class	Purity	7	0.9
mOTUs-recall	class	F1 score	7	0.4736842105263158
mOTUs-recall	class	Jaccard index	7	0.3103448275862069
mOTUs-recall	order	True positives	7	14.0
mOTUs-recall	order	False negatives	7	28.0
mOTUs-recall	order	False positives	7	0.0
mOTUs-recall	order	Completeness	7	0.3333333333333333
mOTUs-recall	order	Purity	7	1.0
mOTUs-recall	order	F1 score	7	0.5
mOTUs-recall	order	Jaccard index	7	0.3333333333333333
mOTUs-recall	family	True positives	7	21.0
mOTUs-recall	family	False negatives	7	53.0
mOTUs-recall	family	False positives	7	2.0
mOTUs-recall	family	Completeness	7	0.28378378378378377
mOTUs-recall	family	Purity	7	0.9130434782608695
mOTUs-recall	family	F1 score	7	0.4329896907216494
mOTUs-recall	family	Jaccard index	7	0.27631578947368424
mOTUs-recall	genus	True positives	7	39.0
mOTUs-recall	genus	False negatives	7	120.0
mOTUs-recall	genus	False positives	7	4.0
mOTUs-recall	genus	Completeness	7	0.24528301886792453
mOTUs-recall	genus	Purity	7	0.9069767441860465
mOTUs-recall	genus	F1 score	7	0.3861386138613861
mOTUs-recall	genus	Jaccard index	7	0.2392638036809816
mOTUs-recall	species	True positives	7	46.0
mOTUs-recall	species	False negatives	7	200.0
mOTUs-recall	species	False positives	7	20.0
mOTUs-recall	species	Completeness	7	0.18699186991869918
mOTUs-recall	species	Purity	7	0.696969696969697
mOTUs-recall	species	F1 score	7	0.2948717948717949
mOTUs-recall	species	Jaccard index	7	0.17293233082706766
mOTUs-recall	strain	True positives	7	0.0
mOTUs-recall	strain	False negatives	7	291.0
mOTUs-recall	strain	False positives	7	0.0
mOTUs-recall	strain	Completeness	7	0.0
mOTUs-recall	strain	Purity	7	0.0
mOTUs-recall	strain	Jaccard index	7	0.0
mOTUs-recall	domain	L1 norm error	7	0.509788
mOTUs-recall	phylum	L1 norm error	7	0.9978790000000001
mOTUs-recall	class	L1 norm error	7	0.9979790000000002
mOTUs-recall	order	L1 norm error	7	1.3261710000000009
mOTUs-recall	family	L1 norm error	7	0.8608589208359195
mOTUs-recall	genus	L1 norm error	7	1.0597720000000002
mOTUs-recall	species	L1 norm error	7	1.2666003265213814
mOTUs-recall	na	Weighted UniFrac error	7	0.1406630225867917
mOTUs-recall	na	Unweighted UniFrac error	7	0.8341595464736576
mOTUs-recall	na	Weighted UniFrac (CAMI)	7	10.243783154299289
mOTUs-recall	na	Unweighted UniFrac (CAMI)	7	2830.2200596699763
mOTUs-recall	domain	Sum of abundances	7	1.0
mOTUs-recall	phylum	Sum of abundances	7	0.9999999999999999
mOTUs-recall	class	Sum of abundances	7	1.0
mOTUs-recall	order	Sum of abundances	7	1.0000000000000002
mOTUs-recall	family	Sum of abundances	7	1.0
mOTUs-recall	genus	Sum of abundances	7	1.0000000000000002
mOTUs-recall	species	Sum of abundances	7	1.0
mOTUs-recall	domain	Taxon counts	7	1.0
mOTUs-recall	phylum	Taxon counts	7	5.0
mOTUs-recall	class	Taxon counts	7	10.0
mOTUs-recall	order	Taxon counts	7	14.0
mOTUs-recall	family	Taxon counts	7	23.0
mOTUs-recall	genus	Taxon counts	7	43.0
mOTUs-recall	species	Taxon counts	7	66.0
mOTUs-recall	domain	Bray-Curtis distance	8	0.35147269694339855
mOTUs-recall	phylum	Bray-Curtis distance	8	0.5064278757158375
mOTUs-recall	class	Bray-Curtis distance	8	0.5064301671960758
mOTUs-recall	order	Bray-Curtis distance	8	0.6389388618290734
mOTUs-recall	family	Bray-Curtis distance	8	0.606619377715414
mOTUs-recall	genus	Bray-Curtis distance	8	0.5236552883723564
mOTUs-recall	species	Bray-Curtis distance	8	0.5368572431307014
mOTUs-recall	domain	Shannon diversity	8	0.0
mOTUs-recall	domain	Shannon equitability	8	0.0
mOTUs-recall	phylum	Shannon diversity	8	0.8027625536840798
mOTUs-recall	phylum	Shannon equitability	8	0.49878441876020463
mOTUs-recall	class	Shannon diversity	8	1.0615573808489775
mOTUs-recall	class	Shannon equitability	8	0.4138706979772782
mOTUs-recall	order	Shannon diversity	8	1.068012793808862
mOTUs-recall	order	Shannon equitability	8	0.3695070680410481
mOTUs-recall	family	Shannon diversity	8	1.763900629644296
mOTUs-recall	family	Shannon equitability	8	0.5089541382017492
mOTUs-recall	genus	Shannon diversity	8	2.2695557175317878
mOTUs-recall	genus	Shannon equitability	8	0.5716344709528606
mOTUs-recall	species	Shannon diversity	8	2.4420543398909405
mOTUs-recall	species	Shannon equitability	8	0.5350280560225198
mOTUs-recall	acellular root	True positives	8	0.0
mOTUs-recall	acellular root	False negatives	8	1.0
mOTUs-recall	acellular root	False positives	8	0.0
mOTUs-recall	acellular root	Completeness	8	0.0
mOTUs-recall	acellular root	Purity	8	0.0
mOTUs-recall	acellular root	Jaccard index	8	0.0
mOTUs-recall	cellular root	True positives	8	0.0
mOTUs-recall	cellular root	False negatives	8	1.0
mOTUs-recall	cellular root	False positives	8	0.0
mOTUs-recall	cellular root	Completeness	8	0.0
mOTUs-recall	cellular root	Purity	8	0.0
mOTUs-recall	cellular root	Jaccard index	8	0.0
mOTUs-recall	other entries	True positives	8	0.0
mOTUs-recall	other entries	False negatives	8	1.0
mOTUs-recall	other entries	False positives	8	0.0
mOTUs-recall	other entries	Completeness	8	0.0
mOTUs-recall	other entries	Purity	8	0.0
mOTUs-recall	other entries	Jaccard index	8	0.0
mOTUs-recall	realm	True positives	8	0.0
mOTUs-recall	realm	False negatives	8	3.0
mOTUs-recall	realm	False positives	8	0.0
mOTUs-recall	realm	Completeness	8	0.0
mOTUs-recall	realm	Purity	8	0.0
mOTUs-recall	realm	Jaccard index	8	0.0
mOTUs-recall	domain	True positives	8	1.0
mOTUs-recall	domain	False negatives	8	1.0
mOTUs-recall	domain	False positives	8	0.0
mOTUs-recall	domain	Completeness	8	0.5
mOTUs-recall	domain	Purity	8	1.0
mOTUs-recall	domain	F1 score	8	0.6666666666666666
mOTUs-recall	domain	Jaccard index	8	0.5
mOTUs-recall	kingdom	True positives	8	0.0
mOTUs-recall	kingdom	False negatives	8	11.0
mOTUs-recall	kingdom	False positives	8	0.0
mOTUs-recall	kingdom	Completeness	8	0.0
mOTUs-recall	kingdom	Purity	8	0.0
mOTUs-recall	kingdom	Jaccard index	8	0.0
mOTUs-recall	phylum	True positives	8	5.0
mOTUs-recall	phylum	False negatives	8	15.0
mOTUs-recall	phylum	False positives	8	0.0
mOTUs-recall	phylum	Completeness	8	0.25
mOTUs-recall	phylum	Purity	8	1.0
mOTUs-recall	phylum	F1 score	8	0.4
mOTUs-recall	phylum	Jaccard index	8	0.25
mOTUs-recall	class	True positives	8	10.0
mOTUs-recall	class	False negatives	8	20.0
mOTUs-recall	class	False positives	8	3.0
mOTUs-recall	class	Completeness	8	0.3333333333333333
mOTUs-recall	class	Purity	8	0.7692307692307693
mOTUs-recall	class	F1 score	8	0.4651162790697674
mOTUs-recall	class	Jaccard index	8	0.30303030303030304
mOTUs-recall	order	True positives	8	17.0
mOTUs-recall	order	False negatives	8	26.0
mOTUs-recall	order	False positives	8	1.0
mOTUs-recall	order	Completeness	8	0.3953488372093023
mOTUs-recall	order	Purity	8	0.9444444444444444
mOTUs-recall	order	F1 score	8	0.5573770491803278
mOTUs-recall	order	Jaccard index	8	0.38636363636363635
mOTUs-recall	family	True positives	8	27.0
mOTUs-recall	family	False negatives	8	47.0
mOTUs-recall	family	False positives	8	5.0
mOTUs-recall	family	Completeness	8	0.36486486486486486
mOTUs-recall	family	Purity	8	0.84375
mOTUs-recall	family	F1 score	8	0.5094339622641509
mOTUs-recall	family	Jaccard index	8	0.34177215189873417
mOTUs-recall	genus	True positives	8	45.0
mOTUs-recall	genus	False negatives	8	113.0
mOTUs-recall	genus	False positives	8	8.0
mOTUs-recall	genus	Completeness	8	0.2848101265822785
mOTUs-recall	genus	Purity	8	0.8490566037735849
mOTUs-recall	genus	F1 score	8	0.42654028436018965
mOTUs-recall	genus	Jaccard index	8	0.2710843373493976
mOTUs-recall	species	True positives	8	57.0
mOTUs-recall	species	False negatives	8	196.0
mOTUs-recall	species	False positives	8	39.0
mOTUs-recall	species	Completeness	8	0.22529644268774704
mOTUs-recall	species	Purity	8	0.59375
mOTUs-recall	species	F1 score	8	0.326647564469914
mOTUs-recall	species	Jaccard index	8	0.1952054794520548
mOTUs-recall	strain	True positives	8	0.0
mOTUs-recall	strain	False negatives	8	323.0
mOTUs-recall	strain	False positives	8	0.0
mOTUs-recall	strain	Completeness	8	0.0
mOTUs-recall	strain	Purity	8	0.0
mOTUs-recall	strain	Jaccard index	8	0.0
mOTUs-recall	domain	L1 norm error	8	0.525277
mOTUs-recall	phylum	L1 norm error	8	0.9931000000000002
mOTUs-recall	class	L1 norm error	8	0.993105
mOTUs-recall	order	L1 norm error	8	1.068316
mOTUs-recall	family	L1 norm error	8	1.0994418131264379
mOTUs-recall	genus	L1 norm error	8	1.017710961569465
mOTUs-recall	species	L1 norm error	8	1.0737085808317284
mOTUs-recall	na	Weighted UniFrac error	8	0.14488592230553793
mOTUs-recall	na	Unweighted UniFrac error	8	0.7919727343742379
mOTUs-recall	na	Weighted UniFrac (CAMI)	8	10.538000681505896
mOTUs-recall	na	Unweighted UniFrac (CAMI)	8	3189.258513670243
mOTUs-recall	domain	Sum of abundances	8	1.0
mOTUs-recall	phylum	Sum of abundances	8	1.0
mOTUs-recall	class	Sum of abundances	8	0.9999999999999999
mOTUs-recall	order	Sum of abundances	8	0.9999999999999999
mOTUs-recall	family	Sum of abundances	8	0.9999999999999999
mOTUs-recall	genus	Sum of abundances	8	0.9999999999999999
mOTUs-recall	species	Sum of abundances	8	0.9999999999999997
mOTUs-recall	domain	Taxon counts	8	1.0
mOTUs-recall	phylum	Taxon counts	8	5.0
mOTUs-recall	class	Taxon counts	8	13.0
mOTUs-recall	order	Taxon counts	8	18.0
mOTUs-recall	family	Taxon counts	8	32.0
mOTUs-recall	genus	Taxon counts	8	53.0
mOTUs-recall	species	Taxon counts	8	96.0
mOTUs-recall	domain	Bray-Curtis distance	9	0.3533584792378767
mOTUs-recall	phylum	Bray-Curtis distance	9	0.5109645335129328
mOTUs-recall	class	Bray-Curtis distance	9	0.5109640113074033
mOTUs-recall	order	Bray-Curtis distance	9	0.6369765922713057
mOTUs-recall	family	Bray-Curtis distance	9	0.5332707280893577
mOTUs-recall	genus	Bray-Curtis distance	9	0.5243938111495394
mOTUs-recall	species	Bray-Curtis distance	9	0.7693246982947692
mOTUs-recall	domain	Shannon diversity	9	0.0
mOTUs-recall	domain	Shannon equitability	9	0.0
mOTUs-recall	phylum	Shannon diversity	9	0.8454508533541591
mOTUs-recall	phylum	Shannon equitability	9	0.5253081506421745
mOTUs-recall	class	Shannon diversity	9	1.172090550293481
mOTUs-recall	class	Shannon equitability	9	0.4441322805459316
mOTUs-recall	order	Shannon diversity	9	1.1769065657631659
mOTUs-recall	order	Shannon equitability	9	0.3997048585793222
mOTUs-recall	family	Shannon diversity	9	1.9062543539600363
mOTUs-recall	family	Shannon equitability	9	0.5500287406262279
mOTUs-recall	genus	Shannon diversity	9	2.526843755583672
mOTUs-recall	genus	Shannon equitability	9	0.6426642459810318
mOTUs-recall	species	Shannon diversity	9	2.7746245698623606
mOTUs-recall	species	Shannon equitability	9	0.6245425106931096
mOTUs-recall	acellular root	True positives	9	0.0
mOTUs-recall	acellular root	False negatives	9	1.0
mOTUs-recall	acellular root	False positives	9	0.0
mOTUs-recall	acellular root	Completeness	9	0.0
mOTUs-recall	acellular root	Purity	9	0.0
mOTUs-recall	acellular root	Jaccard index	9	0.0
mOTUs-recall	cellular root	True positives	9	0.0
mOTUs-recall	cellular root	False negatives	9	1.0
mOTUs-recall	cellular root	False positives	9	0.0
mOTUs-recall	cellular root	Completeness	9	0.0
mOTUs-recall	cellular root	Purity	9	0.0
mOTUs-recall	cellular root	Jaccard index	9	0.0
mOTUs-recall	other entries	True positives	9	0.0
mOTUs-recall	other entries	False negatives	9	1.0
mOTUs-recall	other entries	False positives	9	0.0
mOTUs-recall	other entries	Completeness	9	0.0
mOTUs-recall	other entries	Purity	9	0.0
mOTUs-recall	other entries	Jaccard index	9	0.0
mOTUs-recall	realm	True positives	9	0.0
mOTUs-recall	realm	False negatives	9	3.0
mOTUs-recall	realm	False positives	9	0.0
mOTUs-recall	realm	Completeness	9	0.0
mOTUs-recall	realm	Purity	9	0.0
mOTUs-recall	realm	Jaccard index	9	0.0
mOTUs-recall	domain	True positives	9	1.0
mOTUs-recall	domain	False negatives	9	1.0
mOTUs-recall	domain	False positives	9	0.0
mOTUs-recall	domain	Completeness	9	0.5
mOTUs-recall	domain	Purity	9	1.0
mOTUs-recall	domain	F1 score	9	0.6666666666666666
mOTUs-recall	domain	Jaccard index	9	0.5
mOTUs-recall	kingdom	True positives	9	0.0
mOTUs-recall	kingdom	False negatives	9	10.0
mOTUs-recall	kingdom	False positives	9	0.0
mOTUs-recall	kingdom	Completeness	9	0.0
mOTUs-recall	kingdom	Purity	9	0.0
mOTUs-recall	kingdom	Jaccard index	9	0.0
mOTUs-recall	phylum	True positives	9	5.0
mOTUs-recall	phylum	False negatives	9	14.0
mOTUs-recall	phylum	False positives	9	0.0
mOTUs-recall	phylum	Completeness	9	0.2631578947368421
mOTUs-recall	phylum	Purity	9	1.0
mOTUs-recall	phylum	F1 score	9	0.4166666666666667
mOTUs-recall	phylum	Jaccard index	9	0.2631578947368421
mOTUs-recall	class	True positives	9	11.0
mOTUs-recall	class	False negatives	9	17.0
mOTUs-recall	class	False positives	9	3.0
mOTUs-recall	class	Completeness	9	0.39285714285714285
mOTUs-recall	class	Purity	9	0.7857142857142857
mOTUs-recall	class	F1 score	9	0.5238095238095237
mOTUs-recall	class	Jaccard index	9	0.3548387096774194
mOTUs-recall	order	True positives	9	18.0
mOTUs-recall	order	False negatives	9	24.0
mOTUs-recall	order	False positives	9	1.0
mOTUs-recall	order	Completeness	9	0.42857142857142855
mOTUs-recall	order	Purity	9	0.9473684210526315
mOTUs-recall	order	F1 score	9	0.5901639344262295
mOTUs-recall	order	Jaccard index	9	0.4186046511627907
mOTUs-recall	family	True positives	9	28.0
mOTUs-recall	family	False negatives	9	47.0
mOTUs-recall	family	False positives	9	4.0
mOTUs-recall	family	Completeness	9	0.37333333333333335
mOTUs-recall	family	Purity	9	0.875
mOTUs-recall	family	F1 score	9	0.5233644859813085
mOTUs-recall	family	Jaccard index	9	0.35443037974683544
mOTUs-recall	genus	True positives	9	45.0
mOTUs-recall	genus	False negatives	9	114.0
mOTUs-recall	genus	False positives	9	6.0
mOTUs-recall	genus	Completeness	9	0.2830188679245283
mOTUs-recall	genus	Purity	9	0.8823529411764706
mOTUs-recall	genus	F1 score	9	0.4285714285714286
mOTUs-recall	genus	Jaccard index	9	0.2727272727272727
mOTUs-recall	species	True positives	9	55.0
mOTUs-recall	species	False negatives	9	198.0
mOTUs-recall	species	False positives	9	30.0
mOTUs-recall	species	Completeness	9	0.21739130434782608
mOTUs-recall	species	Purity	9	0.6470588235294118
mOTUs-recall	species	F1 score	9	0.3254437869822485
mOTUs-recall	species	Jaccard index	9	0.19434628975265017
mOTUs-recall	strain	True positives	9	0.0
mOTUs-recall	strain	False negatives	9	323.0
mOTUs-recall	strain	False positives	9	0.0
mOTUs-recall	strain	Completeness	9	0.0
mOTUs-recall	strain	Purity	9	0.0
mOTUs-recall	strain	Jaccard index	9	0.0
mOTUs-recall	domain	L1 norm error	9	0.527337
mOTUs-recall	phylum	L1 norm error	9	0.99993
mOTUs-recall	class	L1 norm error	9	0.9999300000000002
mOTUs-recall	order	L1 norm error	9	1.0667740000000008
mOTUs-recall	family	L1 norm error	9	0.9494757328656276
mOTUs-recall	genus	L1 norm error	9	1.0122767031977928
mOTUs-recall	species	L1 norm error	9	1.5386532432130298
mOTUs-recall	na	Weighted UniFrac error	9	0.14606169844455227
mOTUs-recall	na	Unweighted UniFrac error	9	0.7775683456665681
mOTUs-recall	na	Weighted UniFrac (CAMI)	9	11.062420027286548
mOTUs-recall	na	Unweighted UniFrac (CAMI)	9	3060.634788458032
mOTUs-recall	domain	Sum of abundances	9	1.0
mOTUs-recall	phylum	Sum of abundances	9	1.0
mOTUs-recall	class	Sum of abundances	9	1.0000000000000002
mOTUs-recall	order	Sum of abundances	9	1.0000000000000002
mOTUs-recall	family	Sum of abundances	9	0.9999999999999999
mOTUs-recall	genus	Sum of abundances	9	0.9999999999999999
mOTUs-recall	species	Sum of abundances	9	1.0000000000000004
mOTUs-recall	domain	Taxon counts	9	1.0
mOTUs-recall	phylum	Taxon counts	9	5.0
mOTUs-recall	class	Taxon counts	9	14.0
mOTUs-recall	order	Taxon counts	9	19.0
mOTUs-recall	family	Taxon counts	9	32.0
mOTUs-recall	genus	Taxon counts	9	51.0
mOTUs-recall	species	Taxon counts	9	85.0
