"TaxonomyID","Genome","read_count","Proportion","readsEM","EMProportion"
292800,"Flavonifractor plautii",3663733,0.228840287320425,3663058.5,0.228798155106747
820,"Bacteroides uniformis",2290589,0.143072392254841,2285166.9,0.142733720982498
40520,"Blautia obeum",1259411,0.0786640224859463,1252914.9,0.0782582711538743
105841,"Anaerostipes caccae",899063,0.0561563397876327,898371,0.0561131171259365
1108849,"Penicillium rubens",817038,0.0510329793878826,816956.2,0.0510278723155241
328813,"Alistipes onderdonkii",776810,0.0485202998126171,780545,0.0487535928512105
5068,"Aspergillus tubingensis",601123,0.0375467207995003,600617.6,0.037515155390531
2584599,"Akkermansia sp. BIOML-A43",564040,0.0352304809494066,564118.3,0.0352353705074224
626937,"Christensenella minuta",475666,0.0297105559025609,475494,0.0296998130104905
330879,"Aspergillus fumigatus",338652,0.0211525296689569,338675.9,0.021154024638281
2293021,"Clostridium sp. AF50-3",327312,0.0204442223610244,319330,0.0199456608833479
2881264,"Blautia fusiformis",273433,0.0170788881948782,270992.8,0.0169264711344088
487174,"Barnesiella intestinihominis",259415,0.0162033104309806,259811.9,0.0162280984845879
562,"Escherichia coli",248669,0.015532104934416,245515.6,0.0153351430630815
35833,"Bilophila wadsworthia",224149,0.0140005621486571,224162.9,0.014001428871517
39486,"Dorea formicigenerans",199317,0.0124495315427858,199449.2,0.0124577875647725
187327,"Acidaminococcus intestini",180037,0.0112452841973766,181069.1,0.0113097521666015
208479,"Enterocloster bolteae",167513,0.0104630231105559,163874.4,0.0102357512383738
301301,"Roseburia hominis",141070,0.00881136789506558,144327,0.00901480602611186
626939,"Phascolarctobacterium succinatutens",135836,0.0084844472204872,136595.8,0.00853190809891857
39483,"Faecalitalea cylindroides",122782,0.00766908182386009,122628.4,0.0076594864983262
823,"Parabacteroides distasonis",116605,0.00728326046221112,109667,0.00684990642023024
2965279,"Clostridium sp. DFI.5.61",116172,0.00725621486570893,114465.6,0.0071496328704655
853,"Faecalibacterium prausnitzii",112298,0.00701424109931293,115773.1,0.00723130032082637
1186058,"Trichosporon asahii",102344,0.00639250468457214,102344,0.00639250468450258
89153,"[Clostridium] hylemonae",79296,0.0049529044347283,79840.9,0.00498693923538667
1496,"Clostridioides difficile",79015,0.00493535290443473,79905.8,0.0049909961670482
817,"Bacteroides fragilis",64062,0.00400137414116177,54666.7,0.00341453293409588
1351,"Enterococcus faecalis",54641,0.00341292941911305,54254.7,0.00338879897822108
1352,"Enterococcus faecium",46006,0.0028735790131168,47475.1,0.00296533739076517
2126740,"Clostridium fessum",41148,0.00257014366021237,47129.1,0.0029437300866561
2652274,"Eisenbergiella porci",39998,0.00249831355402873,34564.8,0.00215895304530529
2163605,"Wroclawvirus PA5oct",38284,0.00239125546533417,38284,0.00239125546533438
1679,"Bifidobacterium longum",33899,0.00211736414740787,33589.7,0.00209804191731254
246787,"Bacteroides cellulosilyticus",33353,0.00208326046221112,48575.3,0.00303406277184005
2878202,"Ruminococcus sp. FMB-CY1",32903,0.00205515302935665,32910,0.00205558720632355
594,"Salmonella enterica",31712,0.00198076202373517,33852.8,0.0021144777676888
573,"Klebsiella pneumoniae",31173,0.00194709556527171,32140.9,0.0020075497478736
1150298,"Fusicatenibacter saccharivorans",30935,0.00193222985633979,30965.4,0.00193412640202916
28118,"Odoribacter splanchnicus",30697,0.00191736414740787,30859.9,0.00192753791486083
2941519,"Vermiculatibacterium agrestimuris",28984,0.0018103685196752,32645.8,0.00203908533583135
36656,"Penicillium crustosum",28548,0.00178313554028732,28535.6,0.00178236230854216
858893,"Exophiala dermatitidis",26213,0.00163728919425359,26213,0.0016372892611068
1680,"Bifidobacterium adolescentis",25082,0.00156664584634603,25432,0.00158850602821149
2986997,"Romboutsia sp. 1001216sp1",23027,0.00143828856964397,23032.2,0.00143861433322797
39491,"Agathobacter rectalis",21556,0.00134640849469082,18091.9,0.00113003650178618
5480,"Candida parapsilosis",21197,0.00132398500936914,21197.2,0.00132399744689399
1304,"Streptococcus salivarius",20709,0.00129350405996252,20718.7,0.00129411118892704
1448317,"Aspergillus costaricensis",20708,0.00129344159900062,19231.9,0.00120124544422339
1297617,"Intestinimonas butyriciproducens",20535,0.00128263585259213,20378,0.00127283019216159
328814,"Alistipes shahii",19801,0.0012367895065584,19134.9,0.00119518617552937
1439894,"Alcyoneusvirus K641",19780,0.00123547782635853,19780,0.00123547782635864
2292913,"Bacteroides sp. AF04-22",19435,0.00121392879450344,19400.9,0.00121179703032253
28116,"Bacteroides ovatus",19086,0.00119212991880075,20299.6,0.00126793428449624
700939,"Gaprivervirus vr7",17657,0.00110287320424735,17540.6,0.00109560176900127
2292004,"Butyricicoccus sp. AM05-1",16320,0.00101936289818863,15674.1,0.000979018606472225
33038,"Mediterraneibacter gnavus",15018,0.000938038725796377,15258.5,0.000953060229581771
1196081,"Talaromyces amestolkiae",14275,0.000891630231105559,14274.4,0.000891591286546122
3438945,"Oribacterium sp. HCP28S3_H8",14027,0.000876139912554653,13978,0.000873081070471162
2003188,"Parolsenella catena",13360,0.000834478450968145,13356.4,0.000834254808713492
592978,"Mediterraneibacter faecis",12830,0.000801374141161774,14075,0.000879137960048972
1673721,"Intestinimonas massiliensis (ex Afouda et al. 2020)",12715,0.00079419113054341,13494.5,0.000842876424225448
1522,"[Clostridium] innocuum",11684,0.000729793878825734,13942.5,0.000870862984494748
665942,"Desulfovibrio sp. 6_1_46AFAA",11377,0.000710618363522798,11377.2,0.000710633256999155
89014,"Blautia luti",10868,0.000678825733916302,11388.5,0.000711337399174725
1897495,"Phapecoctavirus ESCO5",10346,0.000646221111805122,10343.6,0.00064606881124812
2981792,"Oscillibacter acetigenes",9985,0.00062367270455965,10023.7,0.000626091804565359
2763669,"Qiania dongpingensis",9958,0.000621986258588382,9977.5,0.000623207276285598
2292921,"Bacteroides sp. AF20-13LB",9461,0.000590943160524672,9855.6,0.000615592896945364
1547,"Thomasclavelia ramosa",9378,0.000585758900687071,9451.4,0.000590344308064078
2865787,"Escherichia phage vB_EcoS-22664BS2",8967,0.000560087445346658,8514.4,0.000531820731007757
626935,"Collinsella tanakaei",8941,0.000558463460337289,8945.8,0.000558760191687838
357276,"Phocaeicola dorei",8654,0.00054053716427233,8873.7,0.000554260904396264
1604356,"Gamaleyavirus ECBP1",7788,0.000486445971267958,7375.5,0.000460677870292291
2547410,"Enterocloster alcoholdehydrogenati",7602,0.000474828232354778,7582.8,0.000473632031040994
418240,"Blautia wexlerae",7278,0.000454590880699563,6447.5,0.000402716415470075
NA,"unknown genome; accession ID isNZ_CALIRI010000010.1",7221,0.00045103060587133,7221.2,0.000451040776382711
2508180,"Tequatrovirus kaw",7114,0.000444347282948157,7112.3,0.000444240756235554
39488,"Anaerobutyricum hallii",6803,0.000424921923797626,7931.2,0.000495391018850114
762660,"Acinetobacter phage Ac42",6735,0.000420674578388507,6735,0.000420674578388545
1211280,"Tulanevirus ime13",6606,0.00041261711430356,6606,0.000412617114303597
180164,"Blautia schinkii",6280,0.000392254840724547,6093.5,0.00038060512476639
1448310,"Aspergillus neoniger",6036,0.000377014366021237,6815.4,0.000425696350509914
2972460,"Barnesiella sp. ET7",6029,0.000376577139287945,6883.2,0.000429930478996711
3143187,"Bacteroides sp. RTP31139st1_H2_RTP31139_211217",6013,0.000375577763897564,6072.2,0.000379278440458518
1329832,"Enterobacter roggenkampii",5675,0.000354465958775765,5681,0.000354839268297734
1929886,"Eggerthella sp.",5560,0.000347282948157402,5562.3,0.000347425159609919
2293034,"Clostridium sp. AM48-13",5227,0.000326483447845097,5544.4,0.000346310796744307
53443,"Blautia hydrogenotrophica",5033,0.000314366021236727,5383.1,0.000336235189664356
2049025,"Flavonifractor sp.",4959,0.000309743910056215,4958.8,0.000309734027820779
1572753,"Berlinvirus P483",4533,0.00028313554028732,4525.1,0.000282639487333408
154288,"Turicibacter sanguinis",4469,0.000279138038725796,4463.5,0.000278794979363655
2931395,"Blautia sp. NSJ-140",4377,0.000273391630231106,4409.2,0.000275405360430575
1211819,"Holdemania massiliensis",4298,0.000268457214241099,4355.2,0.000272030220937167
1448311,"Aspergillus vadensis",4295,0.000268269831355403,4789.8,0.000299174714389639
1689270,"Intestinimonas timonensis",4167,0.000260274828232355,4726.3,0.000295209989244565
3133035,"Zongyangia sp. HA2173",4161,0.000259900062460962,4481.3,0.000279908777752623
5076,"Penicillium chrysogenum",3988,0.000249094316052467,4001.3,0.000249922505523721
518,"Bordetella bronchiseptica",3887,0.000242785758900687,2910.8,0.000181814314699233
1245,"Leuconostoc mesenteroides",3818,0.000238475952529669,3818.1,0.000238483466007327
2293009,"Clostridium sp. AF29-8BH",3788,0.000236602123672705,3373.1,0.000210685419725581
1805467,"Kayfunavirus SH4",3787,0.000236539662710806,3787,0.000236539078541904
2315629,"Tlsvirus blueshaddow",3732,0.000233104309806371,3731.9,0.000233095433472525
2500819,"Skunavirus MV10L",3672,0.000229356652092442,3630.3,0.000226751708430014
40545,"Sutterella wadsworthensis",3476,0.000217114303560275,3476,0.000217115396116287
3014267,"Agathobaculum massiliense",3378,0.000210993129294191,3162.3,0.000197519829515552
1737424,"Blautia massiliensis (ex Durand et al. 2017)",3356,0.000209618988132417,4359.8,0.000272315557666719
1328,"Streptococcus anginosus",3284,0.000205121798875703,3281.4,0.000204961751609093
2886925,"Enquatrovirus N4",3256,0.000203372891942536,3256,0.000203372891942554
88431,"Dorea longicatena",3086,0.000192754528419738,3609,0.000225419203249613
342942,"Mediterraneibacter glycyrrhizinilyticus",3026,0.000189006870705809,3028.6,0.000189169075370847
371601,"Bacteroides xylanisolvens",2959,0.000184821986258588,3216.9,0.000200932034526857
2853091,"Gamaleyavirus U1g",2939,0.000183572767020612,3230.1,0.00020175437590543
2863832,"Escherichia phage vB_EcoS-phiEc3",2842,0.000177514053716427,3295.8,0.000205861686794077
3133155,"Faecalibacterium intestinale",2703,0.000168831980012492,2967.5,0.000185351564375421
2516960,"Bacteroides muris (ex Afrizal et al. 2022)",2671,0.00016683322923173,2612.1,0.00016315388358335
3144490,"Blautia sp. 1033sp1_1033st1_G9_1033SCRN_220408",2645,0.000165209244222361,2771.9,0.000173134065923472
2293003,"Clostridium sp. AF21-20LB",2610,0.000163023110555903,3084.3,0.000192646862255398
1033732,"Alistipes senegalensis",2566,0.000160274828232355,2571.6,0.000160627384129881
2293250,"Veillonella sp. AF13-2",2560,0.000159900062460962,2559.7,0.000159879220836916
1069201,"Aspergillus luchuensis",2545,0.00015896314803248,2995.1,0.000187073805237894
1540095,"Moonvirus moon",2531,0.000158088694565896,2516.2,0.00015716701607227
1527506,"Teseptimavirus CICC80001",2513,0.000156964397251718,2519,0.000157339000716543
1965293,"Intestinimonas sp.",2375,0.000148344784509681,2387.1,0.00014909815199717
60171,"Penicillium verrucosum",2333,0.000145721424109931,2363.2,0.000147607649975596
1501392,"Coprobacter secundus",2313,0.000144472204871955,2344.5,0.000146441825625575
2293051,"Clostridium sp. TF06-15AC",2215,0.000138351030605871,2953.4,0.000184471821378227
2292980,"Blautia sp. OF03-13",2215,0.000138351030605871,2135.3,0.000133370255697658
2787098,"Clostridium sp. J1101437_171009_A5",2183,0.000136352279825109,2156.5,0.00013469578689252
2894753,"Dhillonvirus JLBYU60",2161,0.000134978138663335,2056.8,0.000128471983061421
103621,"Actinomyces urogenitalis",2092,0.000130668332292317,2092,0.000130668332292329
2182345,"Tequintavirus gostya9",2077,0.000129731417863835,2021.5,0.000126265752354447
47858,"Micromonospora echinofusca",2060,0.000128669581511555,1938.3,0.000121067375877426
2986396,"Kingevirus communis",2059,0.000128607120549656,2059,0.000128607120549668
2172043,"Bifidobacterium tibiigranuli",1948,0.000121673953778888,2660.4,0.000166172145539989
2508187,"Dhillonvirus WF1",1847,0.000115365396627108,1846.4,0.000115328028021531
2986411,"Cohcovirus splanchnicus",1847,0.000115365396627108,1537.3,9.60223578459682e-05
1314,"Streptococcus pyogenes",1800,0.000112429731417864,1804.2,0.000112693370026132
2986405,"Kahnovirus copri",1792,0.000111930043722673,1792,0.000111930043722683
2986996,"Ruminococcus sp. 1001136sp1",1750,0.000109306683322923,1956.6,0.000122211119541113
2584568,"Akkermansia sp. BIOML-A12",1724,0.000107682698313554,1696.2,0.000105949269396861
563193,"Parabacteroides sp. D13",1703,0.000106371018113679,1664.5,0.000103963336348221
53346,"Enterococcus mundtii",1695,0.000105871330418488,1694.5,0.000105838161894676
2981769,"Waltera acetigignens",1684,0.000105184259837601,1455.6,9.09212889182862e-05
1675603,"Mooglevirus mordin",1636,0.000102186133666458,1636,0.000102186133666468
1567028,"Gaprivervirus vr25",1528,9.54403497813866e-05,1643.7,0.000102668035119677
2981774,"Suilimivivens aceti",1463,9.13803872579638e-05,1424.4,8.89668286240057e-05
1391223,"Gamaleyavirus APEC7",1442,9.00687070580887e-05,1563.5,9.76551991490039e-05
3078042,"Pilosibacter fragilis",1432,8.94440974391006e-05,1418.9,8.862835005194e-05
1971605,"Faecalibacterium sp.",1405,8.77576514678326e-05,1310.4,8.18517836802905e-05
239935,"Akkermansia muciniphila",1352,8.44472204871955e-05,1317.3,8.22808079614769e-05
2109687,"Oscillibacter sp. PEA192",1325,8.27607745159275e-05,1503,9.38799179890228e-05
3438735,"Agathobaculum sp. LCP25S3_E8",1300,8.11992504684572e-05,1344.3,8.39684162731208e-05
2892404,"Vescimonas sp.",1285,8.0262336039975e-05,1361.5,8.50376369831521e-05
NA,"unknown genome; accession ID isNZ_CALIRI010000006.1",1274,7.95752654590881e-05,1268.4,7.92284230956979e-05
1912855,"Faecalimonas umbilicata",1244,7.77014366021237e-05,1240.2,7.7466146595975e-05
1933774,"Loudonvirus EC3a",1189,7.42660836976889e-05,1189,7.42660836976955e-05
2949656,"Barnesiella sp. B2-R-119",1186,7.40787008119925e-05,1242.8,7.7627415003089e-05
585543,"Bacteroides sp. D20",1173,7.32667083073079e-05,1072.7,6.70031535135468e-05
2029659,"Skunavirus sv16802",1162,7.2579637726421e-05,987,6.16497132786252e-05
2714735,"Hanrivervirus PGN590",1155,7.21424109931293e-05,1155,7.21420610712861e-05
1322,"Blautia hansenii",1129,7.05184259837602e-05,1185.9,7.40712803911996e-05
1596,"Lactobacillus gasseri",1089,6.80199875078076e-05,1089.2,6.80353208792177e-05
2905675,"Skunavirus sk1",1087,6.789506558401e-05,953.3,5.95430731268757e-05
2763028,"Blautia intestinalis",1082,6.75827607745159e-05,1184.6,7.39932238523595e-05
691816,"Bacteroides rodentium",1078,6.73329169269207e-05,1082.6,6.76228096330229e-05
2292234,"Faecalibacterium sp. AF28-13AC",1071,6.6895690193629e-05,1207.8,7.54374133181325e-05
2885348,"Hominifimenecus microfluidus",1065,6.65209244222361e-05,1140.6,7.12421228387587e-05
1448314,"Aspergillus eucalypticola",1062,6.63335415365397e-05,1184.6,7.39907978047938e-05
821,"Phocaeicola vulgatus",1057,6.60212367270456e-05,981.8,6.13211592676077e-05
2762819,"Eowynvirus eowyn",1033,6.45221736414741e-05,1033,6.45221736414798e-05
1502,"Clostridium perfringens",1030,6.43347907557776e-05,1116.2,6.97163732879634e-05
2927224,"Akkermansia massiliensis",1030,6.43347907557776e-05,1096.6,6.8491767677845e-05
33894,"Mycobacterium tuberculosis",1029,6.42723297938788e-05,980.9,6.12676565413725e-05
2024334,"Ceduovirus cv05802",1023,6.38975640224859e-05,1022,6.38335114460444e-05
310298,"Phocaeicola coprocola",1003,6.26483447845097e-05,983.1,6.14054495058758e-05
1871006,"Bacteroides congonensis",1003,6.26483447845097e-05,979.4,6.1171217069973e-05
371674,"Moryella indoligenes",1000,6.24609618988132e-05,1051.7,6.56915240159155e-05
360807,"Roseburia inulinivorans",991,6.18988132417239e-05,1235.2,7.71533568002047e-05
317735,"Enterococcus caccae",930,5.80886945658963e-05,930,5.8088757823207e-05
169435,"Anaerotruncus colihominis",919,5.74016239850094e-05,947,5.9153408617207e-05
1930076,"Leuconostoc sp.",898,5.60899437851343e-05,855.2,5.34163039077296e-05
1280669,"Dorea sp. AGR2135",884,5.52154903185509e-05,925.5,5.78087970954945e-05
2508193,"Wifcevirus WFC",883,5.51530293566521e-05,883,5.5153029356657e-05
2860374,"Suseptimavirus IME267",857,5.35290443472829e-05,843.9,5.270830487716e-05
948870,"Justusliebigvirus phi92",836,5.22173641474079e-05,837.4,5.23033396879965e-05
1096246,"Hungatella effluvii",811,5.06558400999375e-05,923.3,5.76733055025335e-05
1541883,"Jilinvirus ep3",800,4.99687695190506e-05,800,4.99687825594234e-05
2316022,"Mediterraneibacter sp.",788,4.92192379762648e-05,859.5,5.36844950702768e-05
1527524,"Pseudotevenvirus miller",758,4.73454091193004e-05,757.5,4.73113560239665e-05
387661,"Parabacteroides johnsonii",752,4.69706433479076e-05,718.5,4.48802187313674e-05
93974,"Bacteroides sp. AR20",745,4.65334166146159e-05,923.7,5.76923606943917e-05
1262980,"Veillonella sp. CAG:933",735,4.59088069956277e-05,1016.9,6.35158621704912e-05
1531,"Enterocloster clostridioformis",728,4.5471580262336e-05,726.8,4.53971348034325e-05
1653435,"Merdimonas faecis",723,4.5159275452842e-05,802.4,5.01181012808494e-05
352165,"Pyramidobacter piscolens",715,4.46595877576515e-05,715.1,4.46679893646048e-05
154046,"Hungatella hathewayi",709,4.42848219862586e-05,718.2,4.48612550667316e-05
1518575,"Burkina Faso astrovirus",706,4.40974391005621e-05,706,4.40974391005661e-05
1852563,"Vilniusvirus NBD2",706,4.40974391005621e-05,705.1,4.40389822495535e-05
1463164,"Klebsiella quasipneumoniae",700,4.37226733291693e-05,699.5,4.36935060008689e-05
188913,"Cetobacterium somerae",691,4.316052467208e-05,691,4.31617009076279e-05
670,"Vibrio parahaemolyticus",689,4.30356027482823e-05,688.7,4.3016371361627e-05
1448313,"Aspergillus piperis",677,4.22860712054966e-05,825.2,5.15411034849716e-05
2029667,"Skunavirus sv57001",677,4.22860712054966e-05,818.6,5.11287858569178e-05
2591382,"Dysosmobacter sp.",646,4.03497813866334e-05,673.6,4.20756948205828e-05
536633,"Blautia glucerasea",644,4.02248594628357e-05,706.8,4.41444191105697e-05
2601632,"Pawinskivirus PS119XW",640,3.99750156152405e-05,640,3.9975015615244e-05
2986402,"Diorhovirus copri",635,3.96627108057464e-05,635,3.96627108057499e-05
2293116,"Parabacteroides sp. AF27-14",634,3.96002498438476e-05,587.9,3.67189611734419e-05
1965294,"Collinsella sp.",630,3.93504059962523e-05,549.3,3.43069992683316e-05
2562174,"Bimevirus IME346",620,3.87257963772642e-05,620,3.87259911918118e-05
197,"Campylobacter jejuni",616,3.8475952529669e-05,625.7,3.90834560101215e-05
2508185,"Dhillonvirus PTXU06",607,3.79138038725796e-05,635,3.96598412102222e-05
1330491,"Cosavirus asiani",595,3.71642723297939e-05,595,3.71642723297972e-05
2029662,"Skunavirus sv38503",582,3.63522798251093e-05,640.8,4.00258171087962e-05
2997950,"Coprococcus sp. AM11-30B",578,3.61024359775141e-05,551.1,3.44248069982645e-05
2033407,"Barnesiella sp.",550,3.43535290443473e-05,583.6,3.64518742670269e-05
1280,"Staphylococcus aureus",540,3.37289194253591e-05,637.2,3.98029274103556e-05
2929492,"Faecalibacterium sp. I3-3-33",538,3.36039975015615e-05,548.2,3.42396456360978e-05
1639133,"Citrobacter portucalensis",537,3.35415365396627e-05,517.7,3.23377872804018e-05
3029762,"Bacillus sp. 159",537,3.35415365396627e-05,557.1,3.47962193148183e-05
2292993,"Clostridium sp. AF02-29",535,3.34166146158651e-05,579.9,3.62198454193941e-05
2293129,"Roseburia sp. AF20-18LB",531,3.31667707682698e-05,572.8,3.57776413509319e-05
259315,"uncultured Faecalibacterium sp.",529,3.30418488444722e-05,567.8,3.54674167775849e-05
166486,"Roseburia intestinalis",529,3.30418488444722e-05,817.6,5.10662943933431e-05
1841865,"Mediterranea massiliensis",527,3.29169269206746e-05,481.4,3.0065874723133e-05
1540098,"Seuratvirus seurat",508,3.17301686445971e-05,508,3.17301694767393e-05
NA,"unknown genome; accession ID isNZ_CALIRI010000050.1",506,3.16052467207995e-05,505.8,3.1593681200556e-05
1599,"Latilactobacillus sakei",499,3.11680199875078e-05,499.5,3.11997700104092e-05
2293032,"Clostridium sp. AM43-3BH",492,3.07307932542161e-05,520.8,3.25315187305288e-05
28117,"Alistipes putredinis",489,3.05434103685197e-05,462.6,2.88936696559282e-05
2890409,"Candidatus Nitrotoga sp. M5",478,2.98563397876327e-05,404.5,2.52666733809597e-05
1871018,"Angelakisella massiliensis",474,2.96064959400375e-05,514.9,3.21588423734408e-05
331117,"Aspergillus fischeri",471,2.9419113054341e-05,422.5,2.63910046041627e-05
1544364,"Microviridae IME-16",456,2.84821986258588e-05,456,2.84821986258614e-05
3438912,"Blautia sp. HCP3S3_D9",453,2.82948157401624e-05,430.8,2.69050799891491e-05
2498453,"Geminicoccus harenae",445,2.77951280449719e-05,551.6,3.44548175084119e-05
457393,"Bacteroides sp. 4_1_36",441,2.75452841973766e-05,527.1,3.29247597982482e-05
NA,"unknown genome; accession ID isNZ_CALIRI010000080.1",440,2.74828232354778e-05,527.1,3.29246180029321e-05
2292287,"Blautia sp. OF03-15BH",439,2.7420362273579e-05,442.3,2.76240265142834e-05
268346,"Penicillium mononematosum",439,2.7420362273579e-05,431.8,2.69684906522808e-05
538949,"uncultured Alistipes sp.",439,2.7420362273579e-05,442.4,2.76316235592986e-05
28026,"Bifidobacterium pseudocatenulatum",437,2.72954403497814e-05,425.5,2.65772648039343e-05
437897,"Megamonas funiformis",429,2.67957526545909e-05,428.6,2.67712221672742e-05
1703332,"Butyribacter intestini",418,2.61086820737039e-05,429.6,2.68341494878827e-05
2894747,"Dhillonvirus JLBYU37",417,2.60462211118051e-05,479.8,2.99668979826768e-05
2681630,"Eganvirus ev186",416,2.59837601499063e-05,415.5,2.59519654813672e-05
410072,"Coprococcus comes",411,2.56714553404122e-05,451.4,2.81918473075874e-05
3420550,"Bariatricus sp. SGI.161",408,2.54840724547158e-05,505.2,3.15533072471185e-05
2518605,"Segatella hominis",395,2.46720799500312e-05,461.9,2.88506018705715e-05
2292931,"Bacteroides sp. AF34-31BH",390,2.43597751405372e-05,439.8,2.74733623463741e-05
2881265,"Faecalibacterium hominis (ex Afrizal et al. 2022)",390,2.43597751405372e-05,468.5,2.92644835087653e-05
2883209,"Enterocloster sp. 210928-DFI.2.20",382,2.38600874453467e-05,385.4,2.40723060520659e-05
338106,"Alphatrevirus NC28",377,2.35477826358526e-05,373.7,2.33394169984731e-05
1636564,"Skunavirus sv193",374,2.33603997501562e-05,389.8,2.43480774910914e-05
1981500,"Vequintavirus V18",368,2.29856339787633e-05,368,2.29857424357212e-05
3003366,"Carltongylesvirus DE15",364,2.2735790131168e-05,359.6,2.24631276106709e-05
60172,"Penicillium solitum",356,2.22361024359775e-05,309,1.92983431278745e-05
1041524,"Przondovirus K30",354,2.21111805121799e-05,354,2.21111805121819e-05
1673717,"Anaeromassilibacillus senegalensis",347,2.16739537788882e-05,327.4,2.04496928151596e-05
2981773,"Muriventricola aceti",345,2.15490318550906e-05,363.8,2.27250594485154e-05
358742,"Enterocloster aldenensis",339,2.11742660836977e-05,316.1,1.97460241475123e-05
1567007,"Tequintavirus DT5712",334,2.08619612742036e-05,389.1,2.43050631588335e-05
2931882,"Blautia sp. NSJ-166",333,2.07995003123048e-05,323.2,2.01860339786513e-05
46228,"[Ruminococcus] lactaris",331,2.06745783885072e-05,359,2.24249173400615e-05
2025876,"Parabacteroides sp. CT06",311,1.94253591505309e-05,242.5,1.51487595481896e-05
2292910,"Alistipes sp. AF14-19",308,1.92379762648345e-05,354,2.21122317806245e-05
2885687,"Escherichia phage NTEC3",308,1.92379762648345e-05,312.7,1.95290411236886e-05
683174,"Astrovirus VA3",308,1.92379762648345e-05,308,1.92379762648362e-05
2293015,"Clostridium sp. AF36-4",304,1.89881324172392e-05,312.1,1.94958995466361e-05
1720200,"Anaerotruncus rubiinfantis",302,1.88632104934416e-05,309.6,1.93361330997897e-05
2711185,"Kuravirus MN05",302,1.88632104934416e-05,303.5,1.89541752905416e-05
1969738,"Butyricimonas sp.",301,1.88007495315428e-05,291.9,1.82321059083475e-05
1006551,"Klebsiella michiganensis",298,1.86133666458463e-05,299,1.86782280309783e-05
1675602,"Moonvirus merlin",298,1.86133666458463e-05,312.8,1.95350451394884e-05
1880822,"Klebsiella virus PMBT1",297,1.85509056839475e-05,297.5,1.85849587792873e-05
2963958,"Citrobacter sp. Igbk 16",290,1.81136789506558e-05,327.4,2.04468459433395e-05
2885262,"Blautia sp. DFI.6.71",281,1.75515302935665e-05,281.5,1.75828312415842e-05
2929494,"Faecalibacterium sp. I4-1-79",279,1.74266083697689e-05,291.9,1.8229406481579e-05
1874589,"Skunavirus sv3R16S",279,1.74266083697689e-05,305.9,1.9106460414503e-05
2929491,"Faecalibacterium wellingii",270,1.68644597126796e-05,265.6,1.65883114657918e-05
2606636,"Bilifractor porci",270,1.68644597126796e-05,278.5,1.7398418896046e-05
3143057,"Blautia sp. 2227st1_G12_2227SCRN_220401",266,1.66146158650843e-05,255.3,1.59464312835878e-05
3053355,"Streptococcus raffinosi",261,1.63023110555903e-05,245.5,1.5336340299438e-05
1945593,"Oscillibacter sp.",257,1.6052467207995e-05,275.7,1.7218164502797e-05
2293174,"Ruminococcus sp. AF31-8BH",255,1.59275452841974e-05,289.8,1.8100124215977e-05
1511807,"Rosavirus acaliforni",255,1.59275452841974e-05,255,1.59275452841988e-05
3680479,"unknown genome; accession ID isNZ_JBWQEV010000001.1",253,1.58026233603997e-05,282.3,1.76315874981553e-05
397865,"Barnesiella viscericola",253,1.58026233603997e-05,344.8,2.1535381929953e-05
40994,"Penicillium hordei",252,1.57401623985009e-05,263.7,1.64706977233094e-05
2763059,"Pseudoflavonifractor hominis",251,1.56777014366021e-05,250.9,1.56691878845964e-05
36651,"Penicillium digitatum",251,1.56777014366021e-05,234.6,1.46524463819099e-05
2293117,"Parabacteroides sp. AF39-10AC",249,1.55527795128045e-05,303.9,1.89844693176371e-05
2935520,"Faecalibacterium hattorii",245,1.53029356652092e-05,243.3,1.51972515865202e-05
3420582,"Candidatus Pseudoscillospira sp. SGI.172",242,1.51155527795128e-05,243.1,1.518415920784e-05
2292346,"Dorea sp. AM58-8",239,1.49281698938164e-05,262.6,1.64040530035121e-05
261299,"Intestinibacter bartlettii",235,1.46783260462211e-05,235.1,1.46837543142825e-05
3380806,"Coprococcus sp. OB7620",234,1.46158650843223e-05,218.6,1.36564197709181e-05
2789016,"Qubevirus durum",231,1.44284821986259e-05,231,1.44284821986271e-05
2589652,"Henuseptimavirus henu7",225,1.4053716427233e-05,226.1,1.41210496121133e-05
2724310,"Tequatrovirus ime537",223,1.39287945034354e-05,225.9,1.41130508994968e-05
1882272,"Penicillium samsonianum",222,1.38663335415365e-05,233.7,1.45963180863023e-05
2652286,"Sharpea porci",222,1.38663335415365e-05,222.1,1.38753312836548e-05
626930,"Bacteroides fluxus",219,1.36789506558401e-05,306.9,1.9170600848036e-05
2011087,"Psecadovirus PSH1",219,1.36789506558401e-05,219,1.36789506558413e-05
2841533,"Kineothrix sp. MSJ-39",216,1.34915677701437e-05,218.2,1.36263684647023e-05
2305483,"Ceduovirus blBB94p4",214,1.3366645846346e-05,214.6,1.34063353333633e-05
2986398,"Jahgtovirus intestinalis",214,1.3366645846346e-05,214,1.33666458463472e-05
2929489,"Faecalibacterium sp. IP-3-29",212,1.32417239225484e-05,220.1,1.37463853154658e-05
2817017,"Faecalibacterium sp. Marseille-P9590",211,1.31792629606496e-05,218.2,1.3630597816408e-05
858632,"Streptomyces sp. JV178",210,1.31168019987508e-05,188.5,1.17763561464805e-05
78346,"Bifidobacterium ruminantium",209,1.3054341036852e-05,212.3,1.32592265658731e-05
329854,"Bacteroides intestinalis",207,1.29294191130543e-05,241,1.5052188422646e-05
293939,"Aspergillus lentulus",206,1.28669581511555e-05,254.2,1.58781670311095e-05
2293160,"Ruminococcus sp. AF20-12LB",199,1.24297314178638e-05,216.5,1.3522489469859e-05
1354,"Enterococcus hirae",196,1.22423485321674e-05,195.8,1.22318919335561e-05
213774,"Skunavirus P475",189,1.18051217988757e-05,251.6,1.57124973864881e-05
2321391,"Berlinvirus PYPS50",187,1.16801998750781e-05,189,1.18021086403496e-05
2293109,"Faecalibacterium sp. OF04-11AC",185,1.15552779512804e-05,204.1,1.2749546943971e-05
126998,"Penicillium bovifimosum",184,1.14928169893816e-05,223.9,1.39860049873069e-05
2824910,"Heyndrickxia faecalis",183,1.14303560274828e-05,183.5,1.14615174691399e-05
2762573,"Streptococcus sp. 2.1",183,1.14303560274828e-05,133.7,8.35249727382114e-06
2592644,"Clostridium sp. MCC344",183,1.14303560274828e-05,254.6,1.59033661168139e-05
28139,"Rikenella microfusus",182,1.1367895065584e-05,230.3,1.43834164338984e-05
1685,"Bifidobacterium breve",180,1.12429731417864e-05,164.6,1.02789470139384e-05
2998082,"Allofournierella sp. CML151",176,1.09931292941911e-05,199.6,1.24670160722465e-05
1078089,"Bacteroides sp. HPS0048",174,1.08682073703935e-05,171.5,1.07144630069241e-05
1920491,"Pseudomonas sp. FSL W5-0203",174,1.08682073703935e-05,221,1.38047268883297e-05
3376993,"Vescimonas sanitatis",172,1.07432854465959e-05,174.8,1.09179187506726e-05
3438901,"Bariatricus sp. HCP28S3_D3",170,1.06183635227983e-05,172,1.07403984953182e-05
2592647,"Pseudoflavonifractor sp. MCC625",170,1.06183635227983e-05,168.8,1.05404189024908e-05
2763025,"Bacteroides parvus",169,1.05559025608994e-05,221.2,1.38190551710628e-05
2212480,"Blautia sp. BCRC 81119",169,1.05559025608994e-05,192.2,1.20073761606211e-05
2763672,"Simiaoa sunii",165,1.03060587133042e-05,167.4,1.04543466510997e-05
2816910,"Lactococcus sp. LG1267",164,1.02435977514054e-05,163.8,1.02334058493742e-05
2873413,"Escherichia phage 26",159,9.93129294191131e-06,162.4,1.014390263463e-05
2592642,"Clostridium sp. MCC328",157,9.80637101811368e-06,167.5,1.04649855856029e-05
53442,"Eubacterium callanderi",154,9.61898813241724e-06,211.9,1.32373264782882e-05
84112,"Eggerthella lenta",153,9.55652717051843e-06,142.9,8.92631581422332e-06
5083,"Penicillium canescens",151,9.4316052467208e-06,161.3,1.00751782547039e-05
2883231,"Mediterraneibacter sp. 210702-DFI.3.120",151,9.4316052467208e-06,195.8,1.22285244586409e-05
1297123,"Mycobacterium leprae",149,9.30668332292317e-06,148.6,9.28356513162596e-06
2029675,"Skunavirus sv96403",149,9.30668332292317e-06,169.6,1.05955202696173e-05
3133172,"Alistipes intestinihominis",148,9.24422236102436e-06,223.4,1.39557024151797e-05
1397112,"Patiriisocius marinus",147,9.18176139912555e-06,152.5,9.52613562827176e-06
2897708,"Mediterraneibacter sp. NSJ-151",147,9.18176139912555e-06,152.3,9.51511569660949e-06
1971762,"Holdemanella sp.",146,9.11930043722673e-06,170.6,1.06544552396269e-05
333367,"Enterocloster asparagiformis",143,8.93191755153029e-06,143.8,8.98166153608962e-06
2293002,"Clostridium sp. AF20-7",143,8.93191755153029e-06,140.9,8.80301520646899e-06
1604355,"Suseptimavirus ECBP2",142,8.86945658963148e-06,147.4,9.20668672817122e-06
2929488,"Faecalibacterium sp. IP-1-18",139,8.68207370393504e-06,156.4,9.76927633870273e-06
2292961,"Blautia sp. AF19-10LB",136,8.4946908182386e-06,136.1,8.50201631255706e-06
574649,"Agrococcus terreus",135,8.43222985633979e-06,129.8,8.10673480017497e-06
2838426,"Candidatus Agathobaculum pullicola",135,8.43222985633979e-06,131.9,8.24107643704153e-06
550,"Enterobacter cloacae",134,8.36976889444097e-06,133.7,8.35277658157642e-06
1341132,"Aspergillus welwitschiae",134,8.36976889444097e-06,132.9,8.30227352857357e-06
2883208,"Dorea sp. 210702-DFI.3.17",133,8.30730793254216e-06,133.9,8.36088193100554e-06
61647,"Pluralibacter gergoviae",129,8.05746408494691e-06,129,8.05751979815184e-06
2763027,"Blautia difficilis",129,8.05746408494691e-06,150.9,9.42352422747591e-06
1432052,"Eisenbergiella tayi",126,7.87008119925047e-06,137.4,8.5828615973066e-06
2293144,"Roseburia sp. TF10-5",126,7.87008119925047e-06,159.6,9.96884457921335e-06
1750560,"Parabacteroides massiliensis",126,7.87008119925047e-06,121.3,7.57686974974786e-06
2892346,"Skunavirus sv712",125,7.80762023735166e-06,136,8.49425561282244e-06
76860,"Streptococcus constellatus",121,7.5577763897564e-06,117.2,7.31837025208643e-06
2049040,"Roseburia sp.",121,7.5577763897564e-06,142.4,8.89240492950208e-06
2883263,"Blautia sp. 210820-DFI.6.14",120,7.49531542785759e-06,121.7,7.60330177831459e-06
2293027,"Clostridium sp. AM28-20LB",120,7.49531542785759e-06,107.9,6.73972672455982e-06
2736295,"Prevotella sp. PTAC",117,7.30793254216115e-06,112.4,7.02011850573918e-06
2985152,"Citrobacter sp. Cpo147",117,7.30793254216115e-06,128.7,8.03683881375613e-06
2787105,"Clostridium sp. 1001271B_150615_H5",116,7.24547158026234e-06,115.4,7.21052057456585e-06
647910,"Listeria rocourtiae",114,7.12054965646471e-06,106.1,6.62443502508009e-06
1650661,"Clostridium phoceensis",113,7.0580886945659e-06,131.4,8.21041792149114e-06
2511171,"Sporolactobacillus sp. THM19-2",113,7.0580886945659e-06,102.8,6.41928431628295e-06
3420949,"Kitasatospora sp. LaBMicrA B282",112,6.99562773266708e-06,106.2,6.63614632938678e-06
3438797,"Parolsenella sp. LCP21S3_E11",111,6.93316677076827e-06,109,6.80681593046066e-06
384639,"Bacteroides galacturonicus",109,6.80824484697064e-06,124.6,7.78285406330027e-06
2488596,"Dhillonvirus PNS1",109,6.80824484697064e-06,105.3,6.57506199772655e-06
1681,"Bifidobacterium bifidum",108,6.74578388507183e-06,126.1,7.87488779957886e-06
2040332,"Dorea sp.",108,6.74578388507183e-06,118.3,7.38875179393455e-06
1768767,"Streptococcus sp. CCH8-H5",106,6.6208619612742e-06,95.2,5.94357815307759e-06
2292955,"Bacteroides sp. AM54-2NS",104,6.49594003747658e-06,104.5,6.52894331749505e-06
2585119,"Alistipes dispar",104,6.49594003747658e-06,115,7.18451793832558e-06
1965472,"Audreyjarvisvirus AM4",103,6.43347907557776e-06,103,6.43347907557834e-06
2316726,"Corallococcus sicarius",103,6.43347907557776e-06,93.6,5.84765018011305e-06
2963704,"Flavonifractor sp. DFI.6.63",102,6.37101811367895e-06,105.2,6.5715399866957e-06
2596884,"Epseptimavirus OSYSTA",102,6.37101811367895e-06,90.6,5.66168256253173e-06
NA,"unknown genome; accession ID isNZ_CALIRI010000126.1",101,6.30855715178014e-06,101,6.30855787644793e-06
2957767,"Vibrio sp. Y28_XK_CS4",101,6.30855715178014e-06,106.5,6.64999899546689e-06
3133156,"Faecalibacterium tardum",101,6.30855715178014e-06,112.9,7.05157471023093e-06
69789,"Penicillium soppii",100,6.24609618988132e-06,103.4,6.45777743209026e-06
39482,"Faecalicatena contorta",98,6.1211742660837e-06,101.4,6.33601311398233e-06
672,"Vibrio vulnificus",96,5.99625234228607e-06,89.9,5.61651486615865e-06
716544,"Waddlia chondrophila",96,5.99625234228607e-06,94.3,5.88752448337336e-06
2508195,"Phapecoctavirus schickermooser",95,5.93379138038726e-06,95.9,5.99179093024595e-06
3114282,"Streptococcus parasalivarius",94,5.87133041848844e-06,94.1,5.87684545993403e-06
2029658,"Skunavirus sv05601",94,5.87133041848844e-06,98.1,6.13010648381385e-06
2849168,"Bacteroides sp. MSK.17.76",92,5.74640849469082e-06,91.9,5.73993960974551e-06
1870988,"Pseudoflavonifractor phocaeensis",90,5.62148657089319e-06,87.9,5.48994841634973e-06
2981789,"Dorea amylophila",90,5.62148657089319e-06,91.9,5.74115892404625e-06
1559,"Clostridium tertium",89,5.55902560899438e-06,88.9,5.5551739030207e-06
1636586,"Skunavirus M1127",89,5.55902560899438e-06,96.9,6.05320785348562e-06
2358141,"Anaerotignum faecicola",88,5.49656464709557e-06,76.7,4.79138677641875e-06
2997951,"Coprococcus sp. TM115-141",87,5.43410368519675e-06,103.1,6.44189836780463e-06
1965576,"Pseudoflavonifractor sp. An184",86,5.37164272329794e-06,79.1,4.94321852042227e-06
3153446,"Klebsiella sp. GG_Kp135",85,5.30918176139913e-06,85,5.31075932861282e-06
2021738,"Hudisavirus sp.",85,5.30918176139913e-06,85,5.3091817613996e-06
665943,"Eggerthella sp. 1_3_56FAA",85,5.30918176139913e-06,90.3,5.63961081202639e-06
28111,"Bacteroides eggerthii",84,5.24672079950031e-06,77.5,4.84017194385058e-06
2292368,"Roseburia sp. OM02-15",84,5.24672079950031e-06,84.1,5.25317825868353e-06
2836105,"Dhillonvirus sponge",84,5.24672079950031e-06,101.8,6.35671364775111e-06
2763050,"Hungatella hominis",82,5.12179887570269e-06,93.4,5.83679859904423e-06
2041842,"Neobittarella massiliensis (ex Bilen et al. 2018)",80,4.99687695190506e-06,83.2,5.19455856513047e-06
2293043,"Clostridium sp. OM05-5BH",79,4.93441599000625e-06,102.5,6.40076428375686e-06
2292357,"Faecalibacterium sp. OM04-11BH",79,4.93441599000625e-06,87.6,5.47215461007849e-06
3143207,"Coprococcus sp. RTP21204st1_G4_RTP21204_210225",79,4.93441599000625e-06,93.5,5.83822710315402e-06
3159658,"Salmonella sp. s52026",79,4.93441599000625e-06,106.3,6.63809654969194e-06
2083006,"Parolsenella sp.",78,4.87195502810743e-06,60,3.74962451210018e-06
1654717,"Menderavirus IMESM1",78,4.87195502810743e-06,78,4.87195502810787e-06
658662,"Parabacteroides sp. D26",77,4.80949406620862e-06,85.7,5.35008839945493e-06
657323,"Ruminococcus sp. SR1/5",77,4.80949406620862e-06,78.4,4.89391390335266e-06
1969173,"Blautia sp. LMAG:89",76,4.74703310430981e-06,96.8,6.04401685719595e-06
2496633,"Porprismacovirus humas4",76,4.74703310430981e-06,76,4.74703310431023e-06
1579339,"Streptococcus sp. 449_SSPC",75,4.68457214241099e-06,81.6,5.09950000936557e-06
2293123,"Parabacteroides sp. OF01-14",75,4.68457214241099e-06,78.9,4.92728293194122e-06
2292248,"Ruminococcus sp. AF17-22AC",75,4.68457214241099e-06,70.6,4.40850818341114e-06
767769,"Aspergillus brasiliensis",74,4.62211118051218e-06,75.6,4.7210856620087e-06
1318,"Streptococcus parasanguinis",73,4.55965021861337e-06,66.9,4.17610411115615e-06
2787078,"Anaeromassilibacillus sp. D41t1_190614_C2",72,4.49718925671455e-06,81.2,5.07322939398352e-06
2305243,"Desulfotomaculum sp. OF05-3",72,4.49718925671455e-06,76.9,4.80167616389058e-06
2732864,"Modestobacter italicus",72,4.49718925671455e-06,81,5.06017357238132e-06
338102,"Alphatrevirus ID32",72,4.49718925671455e-06,75.3,4.7055563899074e-06
1965624,"Muribaculum sp. An289",71,4.43472829481574e-06,71.2,4.44909365721128e-06
2293013,"Clostridium sp. AF35-15",71,4.43472829481574e-06,88.8,5.54384505720904e-06
286142,"uncultured Catenibacterium sp.",70,4.37226733291693e-06,68.1,4.25457484571525e-06
1637502,"Odoribacter sp. N15.MGS-14",69,4.30980637101811e-06,64.4,4.02176532960851e-06
2316720,"Corallococcus interemptor",69,4.30980637101811e-06,73.9,4.61626958769172e-06
1739381,"Streptococcus sp. HMSC072D03",68,4.2473454091193e-06,78.7,4.91802393250312e-06
2937758,"Hungatella sp. SB206",68,4.2473454091193e-06,67.1,4.18835730415321e-06
3025328,"Pseudoalteromonas sp. CST3",67,4.18488444722049e-06,63.1,3.93940722725906e-06
1676614,"Xylanibacter rarus",66,4.12242348532167e-06,64.6,4.03736474908919e-06
3133164,"Hominiventricola aquisgranensis",65,4.05996252342286e-06,60.2,3.75869242490328e-06
45851,"Eshraghiella crossota",64,3.99750156152405e-06,65.3,4.07856783360327e-06
75553,"Aspergillus viridinutans",64,3.99750156152405e-06,61.6,3.84687149891156e-06
2910155,"Carltongylesvirus SKA49",64,3.99750156152405e-06,68.4,4.27016408202354e-06
2584624,"Blautia sp. BIOML-A1",64,3.99750156152405e-06,72,4.49478170627109e-06
1358,"Lactococcus lactis",63,3.93504059962523e-06,62.2,3.88563788762865e-06
3112950,"Sphingomonas sp. MJ1 (PH-R8)",63,3.93504059962523e-06,61.5,3.84309373966358e-06
147206,"Collinsella stercoris",62,3.87257963772642e-06,61.9,3.86892145185317e-06
1820159,"Porprismacovirus humas3",62,3.87257963772642e-06,62,3.87257963772676e-06
2954513,"Streptococcus sp. FSL K6-1323",62,3.87257963772642e-06,60.5,3.77965315248958e-06
1965233,"Odoribacter sp.",62,3.87257963772642e-06,62.8,3.92200062730706e-06
357441,"Enterococcus lactis",61,3.81011867582761e-06,61.1,3.81482027239422e-06
3153379,"Klebsiella sp. JB_Kp027",61,3.81011867582761e-06,61,3.81127487702646e-06
3435293,"Faecalibacterium langellae",61,3.81011867582761e-06,67.4,4.21239880823911e-06
39496,"Eubacterium ventriosum",60,3.74765771392879e-06,64.1,4.00557838076807e-06
1776379,"Leyella lascolaii",60,3.74765771392879e-06,68.2,4.25712000211861e-06
214856,"Alistipes finegoldii",59,3.68519675202998e-06,59,3.68596408749439e-06
2885357,"Hominenteromicrobium mulieris",59,3.68519675202998e-06,61.6,3.84456832805628e-06
1905700,"Brucella sp. CMUL 036",59,3.68519675202998e-06,57.2,3.57099862205768e-06
1628085,"Agathobaculum butyriciproducens",58,3.62273579013117e-06,58,3.62548638422043e-06
1296538,"Lactiplantibacillus mudanjiangensis",58,3.62273579013117e-06,63.4,3.95852599661128e-06
2865794,"Suseptimavirus 101114UKE3",58,3.62273579013117e-06,64.3,4.0152803246221e-06
2762571,"Streptococcus sp. 9.1",58,3.62273579013117e-06,63.6,3.97399522907102e-06
1686,"Bifidobacterium catenulatum",57,3.56027482823235e-06,62.8,3.9251793764903e-06
2447885,"Bacteroides faecalis",57,3.56027482823235e-06,52.9,3.30138643088163e-06
116085,"Coprococcus catus",56,3.49781386633354e-06,58.3,3.64231216349709e-06
3133175,"Blautia caccae",56,3.49781386633354e-06,57.5,3.58921561206438e-06
477641,"Modestobacter marinus",56,3.49781386633354e-06,73.6,4.59892709343744e-06
1133319,"Bacteroides reticulotermitis",55,3.43535290443473e-06,55.9,3.49286421576842e-06
2584646,"Faecalibacterium sp. BIOML-A2",55,3.43535290443473e-06,56.1,3.50355252176387e-06
2763023,"Bacteroides hominis",54,3.37289194253591e-06,59.6,3.72564289299389e-06
2789289,"Amycolatopsis sp. lyj-346",54,3.37289194253591e-06,62.9,3.92755353019005e-06
2080749,"Dorea sp. Marseille-P4042",54,3.37289194253591e-06,56.3,3.51869300372888e-06
408139,"Leptospira kmetyi",54,3.37289194253591e-06,72.3,4.51473848582341e-06
2492962,"Tunavirus T1",54,3.37289194253591e-06,54,3.37289194253621e-06
78257,"Bifidobacterium pullorum",53,3.3104309806371e-06,57.6,3.59496369181651e-06
89139,"Rasamsonia byssochlamydoides",53,3.3104309806371e-06,53,3.31043098571308e-06
2763052,"Lawsonibacter faecis",53,3.3104309806371e-06,53.1,3.31482955425966e-06
2021311,"Agathobacter sp.",52,3.24797001873829e-06,54.4,3.39840062480215e-06
45133,"Lasiodiplodia theobromae",52,3.24797001873829e-06,57.5,3.59074692258563e-06
2849172,"Bacteroides sp. MSK.18.83",51,3.18550905683948e-06,52.7,3.29018465046754e-06
1965660,"Flavonifractor sp. An82",51,3.18550905683948e-06,66.5,4.15256851745225e-06
2580425,"Faecalibacterium sp. Marseille-P9312",51,3.18550905683948e-06,60.7,3.79330832095825e-06
358743,"Enterocloster citroniae",50,3.12304809494066e-06,53.9,3.36631938078151e-06
2293100,"Dorea sp. OM07-5",50,3.12304809494066e-06,48,3.00015445059694e-06
351091,"Oscillibacter valericigenes",50,3.12304809494066e-06,48.6,3.03866885834297e-06
1642588,"Septimatrevirus DLP1",47,2.93566520924422e-06,47,2.93566520924448e-06
391612,"Crocosphaera chwakensis",47,2.93566520924422e-06,49,3.0592349716989e-06
291644,"Bacteroides salyersiae",45,2.8107432854466e-06,52,3.24942975430067e-06
3088696,"Pseudomonas sp. EL_65y_Pfl1_R32",45,2.8107432854466e-06,57,3.55754407893528e-06
3567997,"unknown genome; accession ID isNZ_CM136898.1",45,2.8107432854466e-06,45.7,2.85281145527495e-06
2292936,"Bacteroides sp. AF39-16AC",45,2.8107432854466e-06,45.8,2.85958421587441e-06
2597346,"Microbacterium sp. ANT_H45B",45,2.8107432854466e-06,46.1,2.87692670456272e-06
2024338,"Ceduovirus cv62402",44,2.74828232354778e-06,44.4,2.77264541297917e-06
69359,"Thiohalocapsa halophila",44,2.74828232354778e-06,46,2.87155817811527e-06
2786956,"Phocaeicola faecalis",43,2.68582136164897e-06,43.4,2.71336568660741e-06
2293103,"Eubacterium sp. AF15-50",43,2.68582136164897e-06,46,2.87013093892617e-06
2490633,"Streptococcus periodonticum",43,2.68582136164897e-06,47.7,2.97797948112557e-06
2584648,"Faecalibacterium sp. BIOML-A4",43,2.68582136164897e-06,38.9,2.42677126726091e-06
1343,"Streptococcus vestibularis",42,2.62336039975016e-06,56.6,3.53470032828845e-06
2824767,"Pantoea sp. GbtcB22",42,2.62336039975016e-06,42.3,2.64439217639112e-06
2509240,"Blautia faecicola",42,2.62336039975016e-06,42.3,2.64091428309123e-06
2584640,"Eggerthella sp. BIOML-A3",42,2.62336039975016e-06,53.6,3.34479529702741e-06
2949662,"Coprococcus sp. B2-R-112",41,2.56089943785134e-06,40.9,2.55645687067722e-06
2603894,"Methylobacterium sp. WL64",40,2.49843847595253e-06,44,2.7503441192113e-06
2888525,"Thermomonas alba",40,2.49843847595253e-06,47,2.93351106593747e-06
2817019,"Faecalibacterium sp. Marseille-Q0746",40,2.49843847595253e-06,40.2,2.50923990865808e-06
3155664,"Micromonospora sp. NPDC050200",40,2.49843847595253e-06,41.5,2.59493103624341e-06
2941327,"Flintibacter muris",40,2.49843847595253e-06,35,2.1869400668243e-06
2978683,"Burkholderia orbicola",39,2.43597751405372e-06,45.7,2.85712082485007e-06
2709718,"Blautia sp. MSK.20.85",39,2.43597751405372e-06,53.2,3.32314115459015e-06
1835702,"Penicillium arizonense",39,2.43597751405372e-06,42.3,2.64101176645173e-06
91492,"Aspergillus udagawae",39,2.43597751405372e-06,37.5,2.33989500104636e-06
2448031,"Ruminococcus sp. B05",39,2.43597751405372e-06,53.1,3.31681475282372e-06
532075,"Kayfunavirus EcoDS1",39,2.43597751405372e-06,38.9,2.4267254568372e-06
3143218,"Bacteroides sp. 2201st1_D9_2201SCRN_220225",39,2.43597751405372e-06,40.7,2.54019145496785e-06
3133171,"Pseudoflavonifractor intestinihominis",38,2.3735165521549e-06,36.4,2.27085066270468e-06
2774780,"Enterococcus sp. DIV0733a",37,2.31105559025609e-06,37,2.31112869401769e-06
3030638,"Faecalibacterium taiwanense",36,2.24859462835728e-06,43.2,2.6969529298676e-06
2774671,"Enterococcus sp. AZ084",36,2.24859462835728e-06,35.3,2.20541269277944e-06
1965590,"Barnesiella sp. An22",36,2.24859462835728e-06,49.5,3.09113765069487e-06
39490,"Eubacterium ramulus",35,2.18613366645846e-06,39.6,2.47048773785638e-06
2083008,"uncultured Parolsenella sp.",35,2.18613366645846e-06,52.6,3.28842398670049e-06
1965537,"Flavonifractor sp. An10",35,2.18613366645846e-06,37.7,2.35402218439781e-06
1415628,"Gyrovirus homsa2",35,2.18613366645846e-06,35,2.18613366645866e-06
2919919,"Atopomonas sediminilitoris",35,2.18613366645846e-06,43.1,2.69492488178412e-06
3695678,"unknown genome; accession ID isNZ_JBWLUQ010000001.1",35,2.18613366645846e-06,35.8,2.23440763075987e-06
2841517,"Blautia sp. MSJ-19",34,2.12367270455965e-06,35.1,2.18936744373584e-06
1495854,"Brevundimonas sp. EAKA",34,2.12367270455965e-06,40.9,2.55207691764606e-06
2086583,"Pseudoruminococcus massiliensis",34,2.12367270455965e-06,35.1,2.19367107163529e-06
209559,"Aspergillus alliaceus",34,2.12367270455965e-06,34,2.12408287417933e-06
1517512,"Aspergillus pseudoviridinutans",34,2.12367270455965e-06,35.5,2.21438164470564e-06
2965274,"Blautia sp. MSK.18.38",34,2.12367270455965e-06,31.1,1.94444826516577e-06
2650157,"Bacteroides zhangwenhongii",32,1.99875078076202e-06,33.5,2.09157935474604e-06
2903556,"Faecalibacterium gallinarum",32,1.99875078076202e-06,34.1,2.12694204505241e-06
1739483,"Streptococcus sp. HMSC078H12",32,1.99875078076202e-06,36.3,2.26806563302316e-06
3048889,"Candidatus Ventrimonas sp.",32,1.99875078076202e-06,33.6,2.09669320922765e-06
2774852,"Enterococcus sp. DIV0802",32,1.99875078076202e-06,32,1.99948960471546e-06
626933,"Odoribacter laneus",31,1.93628981886321e-06,35.1,2.18997010110831e-06
29466,"Veillonella parvula",31,1.93628981886321e-06,31.1,1.94334825154959e-06
78345,"Bifidobacterium merycicum",31,1.93628981886321e-06,30.9,1.92909749298433e-06
1262916,"Porphyromonas sp. CAG:1061",31,1.93628981886321e-06,31,1.93628982024315e-06
2769487,"Nocardia sp. XZ_19_369",31,1.93628981886321e-06,30.6,1.91270116237962e-06
2985107,"Citrobacter sp. CK198",31,1.93628981886321e-06,32.2,2.01296337967334e-06
166122,"Human endogenous retrovirus K",31,1.93628981886321e-06,32.4,2.02161256098316e-06
676599,"Stenotrophomonas panacihumi",30,1.8738288569644e-06,33.7,2.10219866305378e-06
1263636,"Microbacterium kyungheense",30,1.8738288569644e-06,30.6,1.91189355551077e-06
2949657,"Parabacteroides sp. B2-S-102",30,1.8738288569644e-06,31.9,1.99202888464511e-06
1595998,"Human smacovirus 1",30,1.8738288569644e-06,30,1.87382885696456e-06
1445553,"Sherbrookevirus CDHM11",30,1.8738288569644e-06,30,1.8738723621259e-06
1743235,"Chelatococcus composti",29,1.81136789506558e-06,37.5,2.34392993848426e-06
2841504,"Dysosmobacter acutus",29,1.81136789506558e-06,29.7,1.85606152721445e-06
665944,"Klebsiella sp. 4_1_44FAA",29,1.81136789506558e-06,29.1,1.81612145198005e-06
2817021,"Faecalibacterium sp. Marseille-Q4137",29,1.81136789506558e-06,34.6,2.16321372255066e-06
1882221,"Novosphingobium sp. PY1",29,1.81136789506558e-06,31.5,1.96551739747581e-06
3469800,"unknown genome; accession ID isNZ_CM132206.1",29,1.81136789506558e-06,28.8,1.79652022167557e-06
2762566,"Streptococcus sp. 21.1",29,1.81136789506558e-06,40.7,2.54443603308136e-06
1867125,"Protoparvovirus primate3",29,1.81136789506558e-06,29,1.81136789506575e-06
818,"Bacteroides thetaiotaomicron",28,1.74890693316677e-06,28.8,1.79723380561785e-06
1637510,"Odoribacter sp. N54.MGS-14",28,1.74890693316677e-06,34.1,2.12911987207658e-06
133926,"Olsenella uli",28,1.74890693316677e-06,28.1,1.75506110820006e-06
1965305,"Terrisporobacter sp.",28,1.74890693316677e-06,28,1.74894551715386e-06
2049041,"Slackia sp.",28,1.74890693316677e-06,26.1,1.6312027819647e-06
2479767,"Blautia sp. SC05B48",28,1.74890693316677e-06,31,1.93323409642523e-06
1851428,"Faecalibacterium longum",28,1.74890693316677e-06,31.8,1.98780011971529e-06
3143190,"Intestinimonas sp. RTP31139st1_F5_RTP31139_211217",28,1.74890693316677e-06,30.6,1.90835508026612e-06
1495066,"Pseudomonas capeferrum",28,1.74890693316677e-06,28.4,1.77506346571452e-06
1869337,"Parabacteroides sp.",27,1.68644597126796e-06,25.6,1.60113414775141e-06
3377167,"Stenotrophomonas maltophilia group sp. Smal17",27,1.68644597126796e-06,27,1.68593558680372e-06
876091,"uncultured Oscillibacter sp.",27,1.68644597126796e-06,31.5,1.96798814688056e-06
2185275,"Lawsonibacter sp.",27,1.68644597126796e-06,23.9,1.49552618873737e-06
2419761,"Epseptimavirus mar003J3",27,1.68644597126796e-06,32.6,2.03352372447944e-06
39485,"Lachnospira eligens",26,1.62398500936914e-06,27.7,1.73200168834581e-06
33035,"Blautia producta",26,1.62398500936914e-06,27.1,1.69474406467318e-06
537273,"Alistipes sp. DJF_B185",26,1.62398500936914e-06,27.5,1.71741787646663e-06
2585118,"Alistipes communis",26,1.62398500936914e-06,23.1,1.44440215337206e-06
1720300,"Mediterraneibacter massiliensis",26,1.62398500936914e-06,26.5,1.65709506018465e-06
2017081,"Human fecal virus Jorvi2",26,1.62398500936914e-06,26,1.62398500936929e-06
317,"Pseudomonas syringae",25,1.56152404747033e-06,24.4,1.52317806371723e-06
1839799,"Streptococcus sp. FDAARGOS_192",25,1.56152404747033e-06,33,2.06208347792378e-06
871664,"Blautia stercoris",25,1.56152404747033e-06,24.9,1.55356848005681e-06
3342383,"Flintibacter porci",25,1.56152404747033e-06,26.4,1.6512612021451e-06
1917870,"Enterocloster hominis (ex Hitch et al. 2024)",25,1.56152404747033e-06,25.1,1.56596610127285e-06
1638242,"Thermococcus sp. Bubb.Bath",25,1.56152404747033e-06,23.8,1.48966816070873e-06
41047,"Aspergillus thermomutatus",25,1.56152404747033e-06,27.7,1.72945877731386e-06
1851427,"Faecalibacterium butyricigenerans",25,1.56152404747033e-06,28,1.74952066355103e-06
1216470,"Enterobacter sp. SST3",25,1.56152404747033e-06,24.8,1.54676047593376e-06
2293231,"Ruminococcus sp. OM04-4AA",25,1.56152404747033e-06,22.3,1.39305012897131e-06
1313,"Streptococcus pneumoniae",24,1.49906308557152e-06,24.8,1.54614699794862e-06
3438910,"Blautia sp. HCP3S3_C12",24,1.49906308557152e-06,36.7,2.29351620045193e-06
2758403,"Faecalibacterium sp. Marseille-Q3530",24,1.49906308557152e-06,28.4,1.77599581239658e-06
1177179,"Alcanivorax hongdengensis",24,1.49906308557152e-06,23.8,1.48438930040465e-06
2767462,"Leuconostoc sp. S51",24,1.49906308557152e-06,29,1.80878447238833e-06
1147150,"Nochtlivirus mEp235",24,1.49906308557152e-06,23.7,1.47883034336376e-06
879566,"Acetatifactor muris",23,1.4366021236727e-06,23,1.4381785000709e-06
2994035,"Sellimonas catena",23,1.4366021236727e-06,23.4,1.4614852987161e-06
3038130,"Hominisplanchenecus sp.",23,1.4366021236727e-06,21.3,1.32837549689305e-06
214851,"Subdoligranulum variabile",23,1.4366021236727e-06,24.7,1.54311165294707e-06
1520805,"Blautia sp. SF-50",23,1.4366021236727e-06,29.4,1.83347477575861e-06
1871035,"Negativibacillus massiliensis",23,1.4366021236727e-06,23,1.43506901541683e-06
2292441,"Paratractidigestivibacter faecalis",23,1.4366021236727e-06,25.4,1.58512244145744e-06
2949661,"Parabacteroides sp. B2-Q-110",23,1.4366021236727e-06,23.6,1.47311781425827e-06
2302957,"Faecalibacterium sp. AM43-5AT",23,1.4366021236727e-06,27.4,1.70854177918241e-06
3391011,"Klebsiella sp. 1SOBk13mer",23,1.4366021236727e-06,22.4,1.40021974916461e-06
1161417,"Streptococcus sp. SR4",22,1.37414116177389e-06,32.2,2.01009330113792e-06
376804,"Phocaeicola barnesiae",22,1.37414116177389e-06,22.3,1.39575606449949e-06
1247113,"Astrovirus VA4",22,1.37414116177389e-06,22,1.37414116177401e-06
2292041,"Dorea sp. AF36-15AT",22,1.37414116177389e-06,22.4,1.39819859813958e-06
2981724,"Alitiscatomonas aceti",22,1.37414116177389e-06,20.2,1.2644674068636e-06
54291,"Raoultella ornithinolytica",21,1.31168019987508e-06,20.7,1.2914064684735e-06
3025326,"Pseudoalteromonas sp. GAB2316C",21,1.31168019987508e-06,20.6,1.28430649942391e-06
2773926,"Phocaeicola sp.",21,1.31168019987508e-06,21.6,1.35198010578531e-06
40518,"Ruminococcus bromii",21,1.31168019987508e-06,19.8,1.23679156241139e-06
162156,"uncultured Bacteroides sp.",21,1.31168019987508e-06,21.1,1.31916105632773e-06
2981770,"Gallintestinimicrobium propionicum",21,1.31168019987508e-06,21.8,1.36444005355438e-06
1918949,"Solemya elarraichensis gill symbiont",21,1.31168019987508e-06,27,1.68855209601668e-06
2774716,"Enterococcus sp. DIV0546",21,1.31168019987508e-06,21,1.31172940779515e-06
1211813,"Alistipes ihumii",21,1.31168019987508e-06,21,1.31239691700302e-06
2954545,"Streptococcus sp. FSL W7-1342",21,1.31168019987508e-06,21.7,1.35445644203751e-06
743300,"Circovirus eniyan",21,1.31168019987508e-06,21,1.31168019987519e-06
2981794,"Roseburia amylophila",20,1.24921923797626e-06,22.2,1.38913320146264e-06
745368,"Gemmiger formicilis",20,1.24921923797626e-06,20.3,1.26868993729615e-06
155148,"Lederbergvirus HK620",20,1.24921923797626e-06,20,1.24644853429445e-06
469591,"Parabacteroides sp. 20_3",20,1.24921923797626e-06,22,1.37184572933773e-06
1506151,"Aspergillus pseudonomiae",20,1.24921923797626e-06,20.2,1.26135963160973e-06
1689265,"uncultured Intestinimonas sp.",20,1.24921923797626e-06,20,1.25006888206563e-06
3238988,"Enterococcus hailinensis",20,1.24921923797626e-06,19.8,1.23711012103203e-06
NA,"unknown genome; accession ID isNZ_CAKVCW010000001.1",20,1.24921923797626e-06,20,1.24926369554929e-06
115778,"Leuconostoc gasicomitatum",19,1.18675827607745e-06,16.8,1.04927991459619e-06
2764323,"Catenibacterium faecis",19,1.18675827607745e-06,21.8,1.36341757554303e-06
2267834,"Parasaccharibacter sp. TMW 2.1884",19,1.18675827607745e-06,21.5,1.34589322200748e-06
3402107,"Faecalibacterium sp. 3",19,1.18675827607745e-06,22,1.37386299691201e-06
1003335,"Kluyveromyces marxianus",19,1.18675827607745e-06,15.6,9.71806463638035e-07
2774982,"Enterococcus sp. DIV2314",19,1.18675827607745e-06,19,1.18681257374036e-06
674529,"Bacteroides faecis",18,1.12429731417864e-06,19.7,1.22983365354932e-06
904190,"uncultured Robinsoniella sp.",18,1.12429731417864e-06,19.8,1.23591370343123e-06
2582605,"Salmonella sp. gx-f5",18,1.12429731417864e-06,18,1.12466808488605e-06
1872530,"Anaerostipes sp.",18,1.12429731417864e-06,19,1.18910744736346e-06
626929,"Bacteroides clarus",18,1.12429731417864e-06,19.6,1.22661952934327e-06
2763067,"Streptococcus hominis",18,1.12429731417864e-06,17.7,1.10819183978133e-06
3133422,"Flavonifractor porci",18,1.12429731417864e-06,18.2,1.13468089543406e-06
2231352,"Epseptimavirus S126",18,1.12429731417864e-06,19.6,1.22562556745894e-06
3018255,"Streptococcus sp. SS9",18,1.12429731417864e-06,24.2,1.51342660412736e-06
2883207,"Dorea sp. 210702-DFI.3.125",18,1.12429731417864e-06,18.7,1.16817740597887e-06
1969376,"Shewanella sp. Shew256",18,1.12429731417864e-06,19.7,1.23268912581322e-06
2219062,"Acidovorax sp. ST3",18,1.12429731417864e-06,19.7,1.22748252085784e-06
1346893,"Scuticavirus SMA6",18,1.12429731417864e-06,18,1.12429731417874e-06
1918624,"Flintibacter sp.",17,1.06183635227983e-06,18.3,1.14232855428392e-06
2985148,"Citrobacter sp. Cpo126",17,1.06183635227983e-06,16.1,1.00570566988666e-06
2320086,"Parabacteroides sp. CH2-D42-20",17,1.06183635227983e-06,16.8,1.04856932934378e-06
2293005,"Clostridium sp. AF23-6LB",17,1.06183635227983e-06,20.1,1.25345816593133e-06
46503,"Parabacteroides merdae",16,9.99375390381012e-07,18.9,1.18070143562341e-06
41978,"Ruminococcus sp.",16,9.99375390381012e-07,16,1.00112304038754e-06
1623,"Ligilactobacillus ruminis",16,9.99375390381012e-07,16,1.00019979447589e-06
2584602,"Akkermansia sp. BIOML-A46",16,9.99375390381012e-07,11.5,7.21369494775433e-07
1850975,"Penicillium nucicola",16,9.99375390381012e-07,16.3,1.01646576720428e-06
2981782,"Blautia ammoniilytica",16,9.99375390381012e-07,16.1,1.00665466450609e-06
1849735,"Hymenobacter sp. UV11",16,9.99375390381012e-07,17,1.06325633093544e-06
1736395,"Arthrobacter sp. Soil736",16,9.99375390381012e-07,16.7,1.04453585643059e-06
453220,"Desulfogranum marinum",16,9.99375390381012e-07,16.1,1.00814204443799e-06
2739389,"Phocaeicola faecicola",16,9.99375390381012e-07,16.1,1.00399793958654e-06
10843,"Gequatrovirus G4",16,9.99375390381012e-07,16,9.99375390381101e-07
2292986,"Blautia sp. TF10-30",16,9.99375390381012e-07,16,9.99126676166555e-07
671267,"Phocaeicola sartorii",15,9.36914428482199e-07,15,9.36207820194514e-07
204516,"Phocaeicola massiliensis",15,9.36914428482199e-07,14.6,9.12377236511296e-07
2773922,"Fusicatenibacter sp.",15,9.36914428482199e-07,15.1,9.40617461747366e-07
1076124,"Phytohabitans flavus",15,9.36914428482199e-07,16.7,1.04152498525922e-06
1121029,"Parazoarcus communis",15,9.36914428482199e-07,16.4,1.02392560219357e-06
2763065,"Ruminococcus hominis",15,9.36914428482199e-07,15.1,9.45754283898155e-07
1735,"Holdemanella biformis",15,9.36914428482199e-07,15.7,9.82722916533056e-07
94136,"Alkalibacillus haloalkaliphilus",15,9.36914428482199e-07,17.4,1.08677699427199e-06
2923501,"Enterococcus sp. FR133",15,9.36914428482199e-07,14.7,9.15161483769823e-07
2774733,"Enterococcus sp. DIV1537a",15,9.36914428482199e-07,15,9.36942584748371e-07
3692808,"unknown genome; accession ID isNZ_JBHDYP010000002.1",15,9.36914428482199e-07,16.1,1.00651394558449e-06
864178,"Clostridium phage phiCD6356",15,9.36914428482199e-07,15,9.36914908377061e-07
56957,"Thermus oshimai",14,8.74453466583385e-07,14,8.73877620037875e-07
1308,"Streptococcus thermophilus",14,8.74453466583385e-07,15.5,9.66413112853766e-07
3143031,"Ruminococcus sp. RTP21484sp1_RTP21277st1_D2_RTP21277_210401",14,8.74453466583385e-07,16.2,1.01100545635205e-06
68891,"Streptococcus peroris",14,8.74453466583385e-07,14.5,9.04360721666289e-07
5074,"Penicillium brevicompactum",14,8.74453466583385e-07,13.3,8.31866700791808e-07
2841528,"Eubacterium sp. MSJ-33",14,8.74453466583385e-07,13.9,8.68598227666539e-07
3088692,"Pseudomonas sp. EA_65y_Pfl1_P113",14,8.74453466583385e-07,14.9,9.30254817026722e-07
1316412,"Streptococcus sp. HSISS3",14,8.74453466583385e-07,15,9.33935911821977e-07
2857012,"Streptomyces sp. DH1",14,8.74453466583385e-07,13.9,8.70274297762159e-07
NA,"unknown genome; accession ID isNZ_CAMMSH010000001.1",14,8.74453466583385e-07,14.1,8.78936338119521e-07
29845,"Penicillium vulpinum",14,8.74453466583385e-07,14.9,9.33169450381416e-07
2774705,"Enterococcus sp. DIV2389",14,8.74453466583385e-07,15,9.38406242988489e-07
244366,"Klebsiella variicola",13,8.11992504684572e-07,13.3,8.32619071380296e-07
411486,"Clostridium sp. M62/1",13,8.11992504684572e-07,13.7,8.53209076734863e-07
348802,"Exophiala xenobiotica",13,8.11992504684572e-07,12.1,7.52855613596978e-07
83302,"Microbispora corallina",13,8.11992504684572e-07,15.7,9.83545060431504e-07
2763014,"Agathobaculum hominis",13,8.11992504684572e-07,12.9,8.06825318007213e-07
510516,"Aspergillus oryzae",13,8.11992504684572e-07,13.2,8.25303812703533e-07
59298,"Streptomyces thermocarboxydovorans",13,8.11992504684572e-07,15.9,9.90398584422013e-07
3159681,"Salmonella sp. s55431",13,8.11992504684572e-07,13,8.11994656111449e-07
2584627,"Clostridium sp. BIOML-A1",13,8.11992504684572e-07,13.6,8.47200231707732e-07
5061,"Aspergillus niger",13,8.11992504684572e-07,13.2,8.23426486509319e-07
44276,"Leptospira interrogans",13,8.11992504684572e-07,13.1,8.16122962585646e-07
29347,"[Clostridium] scindens",13,8.11992504684572e-07,13.3,8.30409213319953e-07
1720550,"uncultured Coprobacter sp.",13,8.11992504684572e-07,17.2,1.07380187620234e-06
3438916,"Bulleidia sp. HCP3S3_G12",13,8.11992504684572e-07,13,8.13338165594997e-07
3141608,"Ruminococcus sp. RTP21484sp1_RTP21281st1_A2_RTP21281_210402",13,8.11992504684572e-07,13.9,8.67298599166513e-07
2292927,"Bacteroides sp. AF27-10BH",13,8.11992504684572e-07,13.3,8.27736454795933e-07
2292310,"Clostridium sp. OF09-36",13,8.11992504684572e-07,12.7,7.91920118551153e-07
178001,"Leuconostoc inhae",13,8.11992504684572e-07,15.9,9.9063449376045e-07
1597,"Lacticaseibacillus paracasei",12,7.49531542785759e-07,10.9,6.82626922008738e-07
105984,"Apiotrichum porosum",12,7.49531542785759e-07,12,7.49531589528961e-07
2292985,"Blautia sp. OM07-19",12,7.49531542785759e-07,13,8.09008572227226e-07
2086273,"Subdoligranulum sp. APC924/74",12,7.49531542785759e-07,12.2,7.63026841715286e-07
3034501,"Enterococcus spodopteracolus",12,7.49531542785759e-07,9.1,5.66800172791103e-07
1160721,"Ruminococcus bicirculans (ex Wegman et al. 2014)",12,7.49531542785759e-07,12,7.49592030548622e-07
2497436,"Enterobacter quasiroggenkampii",12,7.49531542785759e-07,10.6,6.59765277012803e-07
2093870,"Escherichia sp. MOD1-EC5434",12,7.49531542785759e-07,12,7.49532103711012e-07
2292356,"Faecalibacterium sp. OF03-6AC",12,7.49531542785759e-07,12.9,8.05211678846641e-07
2985150,"Citrobacter sp. Cpo137",12,7.49531542785759e-07,13.8,8.61593258973519e-07
2293053,"Clostridium sp. TF11-13AC",12,7.49531542785759e-07,11.3,7.03483884187729e-07
2049033,"Megamonas sp.",12,7.49531542785759e-07,11.2,6.96896254338511e-07
1307437,"Pseudoalteromonas agarivorans",12,7.49531542785759e-07,13.6,8.51492161285543e-07
2804423,"Staphylococcus sp. GDY8P64P",12,7.49531542785759e-07,11.8,7.38078527030882e-07
2841515,"Falcatimonas sp. MSJ-15",12,7.49531542785759e-07,12,7.49893894162634e-07
1605838,"Pseudomonas coleopterorum",12,7.49531542785759e-07,11.9,7.42290474998071e-07
1512,"[Clostridium] symbiosum",11,6.87070580886946e-07,11.9,7.41376053534856e-07
290055,"Faecalicatena fissicatena",11,6.87070580886946e-07,10.1,6.29684850741886e-07
2785133,"Flavonifractor sp. AGMB03687",11,6.87070580886946e-07,16.6,1.03798783558854e-06
1141139,"Vectrevirus ACGC91",11,6.87070580886946e-07,11,6.87070580887007e-07
2293115,"Parabacteroides sp. AF21-43",11,6.87070580886946e-07,9.8,6.11861811056193e-07
1497974,"Georgenia sp. SUBG003",11,6.87070580886946e-07,12.1,7.54064017885328e-07
1926662,"uncultured Mediterranea sp.",11,6.87070580886946e-07,11,6.88416673741895e-07
1285465,"Winogradskyella undariae",11,6.87070580886946e-07,10.6,6.64073598865333e-07
2293030,"Clostridium sp. AM34-9AC",11,6.87070580886946e-07,11.1,6.92755076527616e-07
2909341,"Octadecabacter dasysiphoniae",11,6.87070580886946e-07,10.6,6.6236165351165e-07
1715116,"Streptococcus sp. HMSC065H07",11,6.87070580886946e-07,14,8.75135312199702e-07
2302940,"Parabacteroides sp. 52",11,6.87070580886946e-07,13,8.12748198399093e-07
2824764,"Mesorhizobium sp. GbtcB19",11,6.87070580886946e-07,11,6.87070581175068e-07
2107694,"Aphanothece hegewaldii",11,6.87070580886946e-07,12.1,7.57561997717073e-07
165179,"Segatella copri",10,6.24609618988132e-07,10.6,6.60732056889674e-07
1408163,"Rasamsonia emersonii",10,6.24609618988132e-07,10,6.2460961934841e-07
272560,"Burkholderia pseudomallei",10,6.24609618988132e-07,10.2,6.36277059273956e-07
3409964,"Klebsiella sp. R34",10,6.24609618988132e-07,10,6.27215067078054e-07
33039,"[Ruminococcus] torques",10,6.24609618988132e-07,14.2,8.88374717347397e-07
1982628,"Faecalibacillus faecis",10,6.24609618988132e-07,10.3,6.4105655480561e-07
1305,"Streptococcus sanguinis",10,6.24609618988132e-07,9.3,5.78964677591742e-07
39778,"Veillonella dispar",10,6.24609618988132e-07,10.8,6.71761299266441e-07
1511882,"Bocaparvovirus primate2",10,6.24609618988132e-07,10,6.24609618988188e-07
2293025,"Clostridium sp. AM27-28",10,6.24609618988132e-07,12.7,7.90625092895631e-07
535290,"Legionella nagasakiensis",10,6.24609618988132e-07,9,5.63419934686831e-07
3453885,"unknown genome; accession ID isNZ_JBQEPK010000129.1",10,6.24609618988132e-07,9.6,5.97084622827527e-07
2738409,"Mycobacterium ostraviense",10,6.24609618988132e-07,10.4,6.48390285465043e-07
1965581,"Faecalibacterium sp. An192",10,6.24609618988132e-07,10.1,6.3295909469723e-07
990412,"Limosilactobacillus alvi",10,6.24609618988132e-07,10.4,6.51959037028585e-07
742915,"Cyclovirus insaan",10,6.24609618988132e-07,10,6.24609618988188e-07
3369477,"unknown genome; accession ID isNZ_CBCPLV010000002.1",10,6.24609618988132e-07,10.1,6.32630435768312e-07
2883226,"Longicatena sp. 210702-DFI.1.213",10,6.24609618988132e-07,9.9,6.19825411311136e-07
37734,"Enterococcus casseliflavus",9,5.62148657089319e-07,8.8,5.49476466013177e-07
2608867,"Escherichia ruysiae",9,5.62148657089319e-07,9,5.62149118553106e-07
2943498,"Candidatus Mycobacterium methanotrophicum",9,5.62148657089319e-07,10.9,6.82915029948013e-07
2815806,"Waltera sp.",9,5.62148657089319e-07,10.7,6.66026782028125e-07
1852384,"Massiliimalia massiliensis",9,5.62148657089319e-07,8.5,5.29961533665504e-07
2929493,"Faecalibacterium sp. I3-3-89",9,5.62148657089319e-07,10,6.27364124291438e-07
2963703,"Hungatella sp. SL.1.14",9,5.62148657089319e-07,9.1,5.67257272217914e-07
1736699,"Citrobacter sp. 50677481",9,5.62148657089319e-07,10.6,6.6036055937796e-07
93975,"Bacteroides sp. AR29",9,5.62148657089319e-07,9.1,5.66829175140169e-07
1941478,"Coprobacter sp.",9,5.62148657089319e-07,8.9,5.57819486439257e-07
581037,"Pbunavirus pv141",9,5.62148657089319e-07,9,5.62148657089369e-07
2029671,"Skunavirus sv66901",9,5.62148657089319e-07,9.1,5.70588991164188e-07
3409939,"Klebsiella sp. C310",9,5.62148657089319e-07,8.3,5.20530379325157e-07
3681944,"unknown genome; accession ID isNZ_CEEDOR010000140.1",9,5.62148657089319e-07,8.5,5.32033314029385e-07
2293011,"Clostridium sp. AF34-10BH",9,5.62148657089319e-07,10.2,6.38887644458518e-07
1955243,"Blautia sp.",9,5.62148657089319e-07,10.5,6.55311304046074e-07
3453885,"unknown genome; accession ID isNZ_JBQEPK010000144.1",9,5.62148657089319e-07,9,5.62207972355894e-07
3079010,"Diplocloster hominis",9,5.62148657089319e-07,9.6,5.99610350279419e-07
2580568,"Pseudomonas sp. 9.1(2019)",9,5.62148657089319e-07,8.2,5.14538150204086e-07
2292994,"Clostridium sp. AF12-41",9,5.62148657089319e-07,8.9,5.55178151271971e-07
1768764,"Streptococcus sp. CCH5-D3",9,5.62148657089319e-07,12.4,7.74024981175908e-07
2886918,"Epseptimavirus EPS7",9,5.62148657089319e-07,11.3,7.03932781234612e-07
2293139,"Roseburia sp. OM03-18",9,5.62148657089319e-07,9.5,5.94418779250076e-07
2774654,"Enterococcus sp. DIV0238e",9,5.62148657089319e-07,9,5.62148819293244e-07
1715176,"Streptococcus sp. HMSC064D12",9,5.62148657089319e-07,10.2,6.3572706114144e-07
215243,"Exophiala oligosperma",9,5.62148657089319e-07,9.2,5.75794446568874e-07
2292367,"Roseburia sp. OF03-24",9,5.62148657089319e-07,11.7,7.29568930802537e-07
559292,"Saccharomyces cerevisiae",9,5.62148657089319e-07,8.7,5.42567443332445e-07
1609975,"Clostridium sp. FS41",9,5.62148657089319e-07,10.1,6.33062794777722e-07
33959,"Lactobacillus johnsonii",8,4.99687695190506e-07,8,4.97958002901695e-07
3156680,"Streptomyces sp. NPDC004491",8,4.99687695190506e-07,7.7,4.83581040487652e-07
626931,"Bacteroides oleiciplenus",8,4.99687695190506e-07,8,5.00455751095696e-07
85831,"Bacteroides acidifaciens",8,4.99687695190506e-07,8.4,5.25708824458335e-07
3159897,"Salmonella sp. SAL4442",8,4.99687695190506e-07,8.2,5.10207948252752e-07
1841864,"Marseilla massiliensis",8,4.99687695190506e-07,8.9,5.56321100302291e-07
310300,"Bacteroides pyogenes",8,4.99687695190506e-07,8.2,5.13368050283796e-07
2579922,"Pseudomonas yangonensis",8,4.99687695190506e-07,8.1,5.06834716776722e-07
78343,"Bifidobacterium boum",8,4.99687695190506e-07,8,4.99702922681463e-07
3681944,"unknown genome; accession ID isNZ_CEEDOR010000062.1",8,4.99687695190506e-07,7.9,4.93785365532219e-07
301302,"Roseburia faecis",8,4.99687695190506e-07,9.4,5.88026435121126e-07
2965276,"Blautia sp. DFI.9.10",8,4.99687695190506e-07,7.6,4.77451504952877e-07
1196034,"Klebsiella sp. 10982",8,4.99687695190506e-07,8,4.98016511360379e-07
2925014,"Desulforhabdus sp. TSK",8,4.99687695190506e-07,8.5,5.28903451654887e-07
2793807,"Bradyrhizobium sp. IC4060",8,4.99687695190506e-07,8.7,5.40768253534749e-07
5059,"Aspergillus flavus",8,4.99687695190506e-07,8,4.99720830487431e-07
2789276,"Kribbella sp. C-35",8,4.99687695190506e-07,8.1,5.07365396226764e-07
2994968,"Bacteroides sp. LFL-34",8,4.99687695190506e-07,8,4.99970693791004e-07
2480805,"Alteromonas sp. KUL150",8,4.99687695190506e-07,8.2,5.11389254153035e-07
1639,"Listeria monocytogenes",7,4.37226733291693e-07,7.7,4.78138104962573e-07
2927804,"Marinobacterium sedimentorum",7,4.37226733291693e-07,7.4,4.61650291693519e-07
1890295,"Pseudoduganella danionis",7,4.37226733291693e-07,7.8,4.87200383265542e-07
1796620,"Acutalibacter muris",7,4.37226733291693e-07,7,4.35467735627761e-07
1796635,"Longicatena caecimuris",7,4.37226733291693e-07,7.4,4.63621501277959e-07
74706,"Staphylococcus coagulans",7,4.37226733291693e-07,7,4.37227174289471e-07
28037,"Streptococcus mitis",7,4.37226733291693e-07,6.5,4.07907094473829e-07
1415627,"Gyrovirus homsa4",7,4.37226733291693e-07,7,4.37226733291732e-07
1131564,"Penicillium cosmopolitanum",7,4.37226733291693e-07,7,4.37231656358629e-07
NA,"unknown genome; accession ID isNZ_CAKUNW010000004.1",7,4.37226733291693e-07,7,4.37237741904799e-07
2601703,"Heminiphilus faecis",7,4.37226733291693e-07,7.1,4.42974482063811e-07
1896967,"Akkermansia sp. 54_46",7,4.37226733291693e-07,7.4,4.62640006668747e-07
2885351,"Hominisplanchenecus faecis",7,4.37226733291693e-07,9.7,6.04741249718545e-07
2742600,"Limosilactobacillus urinaemulieris",7,4.37226733291693e-07,7,4.38717585308759e-07
2941515,"Otoolea muris",7,4.37226733291693e-07,7,4.37226748615769e-07
3133153,"Blautia aquisgranensis",7,4.37226733291693e-07,7.5,4.66882985840978e-07
3002516,"Butyricicoccus sp. AM78-15b2TA",7,4.37226733291693e-07,7,4.39937702747575e-07
411483,"Faecalibacterium duncaniae",7,4.37226733291693e-07,6.8,4.23219701795687e-07
1930509,"Husavirus sp.",7,4.37226733291693e-07,7,4.37226733291732e-07
5077,"Penicillium citrinum",7,4.37226733291693e-07,7,4.37250295483231e-07
1792511,"Penicillium robsamsonii",7,4.37226733291693e-07,6.8,4.22846216134662e-07
2736645,"Streptomyces sp. JJ36",7,4.37226733291693e-07,6.9,4.31060763710568e-07
2584636,"Coprococcus sp. BIOML-A2",7,4.37226733291693e-07,7.4,4.60597034257518e-07
3003646,"Streptococcus sp. 27098_8_74",7,4.37226733291693e-07,7.1,4.41738836384277e-07
3020524,"Agrobacterium sp. ST15.16.024",7,4.37226733291693e-07,7.4,4.59339872297101e-07
1169350,"Citrobacter sp. KTE32",7,4.37226733291693e-07,7,4.3728539137842e-07
28985,"Kluyveromyces lactis",7,4.37226733291693e-07,9.4,5.86815672727985e-07
3018068,"Bacillus cereus group sp. m1-21",7,4.37226733291693e-07,7,4.37226733291732e-07
2292206,"Clostridium sp. AF27-2AA",7,4.37226733291693e-07,7.2,4.47700223437863e-07
502558,"Eggerthella sp. YY7918",7,4.37226733291693e-07,6.7,4.19977316098e-07
2293033,"Clostridium sp. AM46-21",7,4.37226733291693e-07,8.5,5.293472865047e-07
2849167,"Bifidobacterium sp. MSK.17.10",7,4.37226733291693e-07,7.1,4.42098475245655e-07
2923523,"Streptococcus sp. IsoGale021",7,4.37226733291693e-07,7.3,4.57344521513933e-07
2933339,"Salmonella sp. 17E11",7,4.37226733291693e-07,6.4,3.99416726044917e-07
3160131,"Salmonella sp. s58313",7,4.37226733291693e-07,7.4,4.62809336776507e-07
3132707,"Alistipes sp. i18-0019-D1",7,4.37226733291693e-07,7,4.38884045001223e-07
3085307,"Clostridium sp. CM74B_53",7,4.37226733291693e-07,8.5,5.28532579817387e-07
546,"Citrobacter freundii",6,3.74765771392879e-07,5.8,3.62222959919077e-07
1404,"Priestia megaterium",6,3.74765771392879e-07,5.7,3.58836716600256e-07
133448,"Citrobacter youngae",6,3.74765771392879e-07,6.4,3.99573501169729e-07
46506,"Bacteroides stercoris",6,3.74765771392879e-07,6.4,3.98876700177796e-07
1736554,"Streptomyces sp. Root55",6,3.74765771392879e-07,5.6,3.46743499860423e-07
2293114,"Parabacteroides sp. AF19-14",6,3.74765771392879e-07,7.2,4.50962002663848e-07
1547597,"Sanguibacteroides justesenii",6,3.74765771392879e-07,6.7,4.16546780985553e-07
61171,"Holdemania filiformis",6,3.74765771392879e-07,8.1,5.04910480824872e-07
2785791,"Streptococcus sp. HF-100",6,3.74765771392879e-07,5.9,3.70214485754803e-07
147802,"Lactobacillus iners",6,3.74765771392879e-07,6,3.74930083117895e-07
2496676,"Mesorhizobium sp. M6A.T.Cr.TU.014.01.1.1",6,3.74765771392879e-07,6.8,4.27305961592475e-07
3143211,"Butyricimonas sp. RTP31023st2_F12_RTP31023_210422",6,3.74765771392879e-07,6,3.74768457286534e-07
3159657,"Salmonella sp. s51992",6,3.74765771392879e-07,6.4,3.97318923447681e-07
1796618,"Cuneatibacter caecimuris",6,3.74765771392879e-07,6,3.7510649523678e-07
1917876,"Blautia sp. Marseille-P3087",6,3.74765771392879e-07,6.6,4.11242050191763e-07
42260,"Zygotorulaspora mrakii",6,3.74765771392879e-07,6.8,4.21768787042106e-07
3160132,"Salmonella sp. s60732",6,3.74765771392879e-07,8,4.99760713791202e-07
2607659,"Nocardioides antri",6,3.74765771392879e-07,6.1,3.78666055657687e-07
3062492,"Blautia massiliensis (ex Liu et al. 2021)",6,3.74765771392879e-07,6.8,4.26011871676924e-07
2292984,"Blautia sp. OM06-15AC",6,3.74765771392879e-07,5.6,3.46675200389392e-07
501571,"Butyricicoccus pullicaecorum",6,3.74765771392879e-07,5.8,3.63484789073718e-07
1965664,"Flavonifractor sp. An9",6,3.74765771392879e-07,6,3.74933096727794e-07
2919917,"Peteryoungia algae",6,3.74765771392879e-07,6.3,3.91661359845348e-07
197461,"Pseudovibrio exalbescens",6,3.74765771392879e-07,6.3,3.92019912831426e-07
2293190,"Ruminococcus sp. AM26-12LB",6,3.74765771392879e-07,7.3,4.54517446353577e-07
2774710,"Enterococcus sp. AZ078",6,3.74765771392879e-07,5.5,3.4637786448705e-07
327277,"Bifidobacterium crudilactis",6,3.74765771392879e-07,6.1,3.80718066990175e-07
293559,"Penicillium concentricum",6,3.74765771392879e-07,5.8,3.59862497992115e-07
3416216,"Candidatus Avelusimicrobium fimicolum",6,3.74765771392879e-07,6.2,3.87563754030576e-07
2303987,"Motilimonas pumila",6,3.74765771392879e-07,5.9,3.66514567432101e-07
3458240,"unknown genome; accession ID isNZ_JBQSUN010000001.1",6,3.74765771392879e-07,7,4.38756221624118e-07
1590,"Lactiplantibacillus plantarum",5,3.12304809494066e-07,6.5,4.04925911603765e-07
630,"Yersinia enterocolitica",5,3.12304809494066e-07,5.8,3.62928873315547e-07
1450537,"Aspergillus homomorphus",5,3.12304809494066e-07,5,3.12377372214066e-07
1712678,"Pseudomonas sp. 2822-17",5,3.12304809494066e-07,5.9,3.66198281564579e-07
1796613,"Bacteroides caecimuris",5,3.12304809494066e-07,5.2,3.25826287559359e-07
544644,"Butyricimonas synergistica",5,3.12304809494066e-07,5.5,3.42136586759953e-07
1796628,"Longibaculum muris",5,3.12304809494066e-07,4.3,2.71292486015259e-07
2762564,"Streptococcus sp. 23.2",5,3.12304809494066e-07,4.8,3.02711629157804e-07
1946109,"Bifidobacterium sp. UBA6881",5,3.12304809494066e-07,5,3.123051866492e-07
143361,"Filifactor alocis",5,3.12304809494066e-07,5.1,3.20873191638133e-07
33033,"Parvimonas micra",5,3.12304809494066e-07,5.4,3.34666627018315e-07
1245769,"Lachancea lanzarotensis",5,3.12304809494066e-07,4.5,2.81085821674594e-07
2816080,"Alicyclobacillus suci",5,3.12304809494066e-07,5,3.12944330260703e-07
2137581,"Ellagibacter isourolithinifaciens",5,3.12304809494066e-07,4.9,3.03827679854919e-07
2697537,"Tequatrovirus teqhad",5,3.12304809494066e-07,5,3.14961709495502e-07
1147145,"Kwaitsingvirus HK446",5,3.12304809494066e-07,5,3.09561538481758e-07
2292932,"Bacteroides sp. AF35-22",5,3.12304809494066e-07,5.1,3.20301467237919e-07
2883262,"Blautia sp. 210702-DFI.1.159",5,3.12304809494066e-07,5,3.12528589793316e-07
2584622,"Akkermansia sp. BIOML-A66",5,3.12304809494066e-07,9.2,5.73817530946352e-07
2293088,"Coprococcus sp. AF16-5",5,3.12304809494066e-07,4.4,2.77695466674703e-07
2709398,"Parabacteroides sp. ZJ-118",5,3.12304809494066e-07,5,3.15376173226475e-07
2070686,"Enteroscipio rubneri",5,3.12304809494066e-07,4,2.48746851524351e-07
3402017,"Faecalibacterium sp. 7",5,3.12304809494066e-07,6.1,3.83399767846108e-07
2293023,"Clostridium sp. AM18-55",5,3.12304809494066e-07,6.2,3.89821722846064e-07
930854,"Enterococcus viikkiensis",5,3.12304809494066e-07,5.3,3.30690082742525e-07
1965550,"Faecalibacterium sp. An121",5,3.12304809494066e-07,5,3.12319229622871e-07
3143055,"Collinsella sp. 1033st1_B10_1033SCRN_220408",5,3.12304809494066e-07,6.1,3.80303119920882e-07
2231342,"Epseptimavirus S113",5,3.12304809494066e-07,5.8,3.64761638459963e-07
1868595,"Colneyvirus CDKM15",5,3.12304809494066e-07,5,3.12305245798435e-07
1247510,"Verticiella sediminum",5,3.12304809494066e-07,5.1,3.18169981499852e-07
2650158,"Bacteroides luhongzhouii",5,3.12304809494066e-07,5.1,3.1793899063599e-07
3159675,"Salmonella sp. s55004",5,3.12304809494066e-07,5.2,3.24560493438407e-07
2705458,"Enterobacter sp. SES19",5,3.12304809494066e-07,5.7,3.54831681699691e-07
2710601,"Streptococcus sp. IMAU 99161",5,3.12304809494066e-07,5,3.13560744735673e-07
1392255,"Aspergillus novofumigatus",5,3.12304809494066e-07,5,3.13878398124416e-07
1736517,"Massilia sp. Root335",5,3.12304809494066e-07,5.1,3.19907047075546e-07
3049087,"Sinorhizobium sp. 7-81",5,3.12304809494066e-07,5.1,3.15808463206734e-07
1712679,"Pseudomonas sp. 2995-1",5,3.12304809494066e-07,5.3,3.31351527871988e-07
3699536,"unknown genome; accession ID isNZ_JBXAYL010000171.1",5,3.12304809494066e-07,5,3.14182753781565e-07
29364,"[Clostridium] polysaccharolyticum",5,3.12304809494066e-07,5,3.12304809494094e-07
5088,"Thermoascus crustaceus",5,3.12304809494066e-07,5,3.12305177642446e-07
1206725,"Nocardia brevicatena",5,3.12304809494066e-07,5.1,3.16489156346471e-07
2582606,"Salmonella sp. gx-f7",5,3.12304809494066e-07,5.7,3.54714704301479e-07
3159638,"Salmonella sp. s31506",5,3.12304809494066e-07,5,3.14125766033179e-07
1980281,"Pseudoflavonifractor sp.",5,3.12304809494066e-07,5.8,3.65165539530302e-07
27334,"Penicillium expansum",5,3.12304809494066e-07,5.5,3.42276188587071e-07
2758579,"Klebsiella sp. Kps",5,3.12304809494066e-07,6.2,3.84332969578132e-07
91915,"Asaia bogorensis",5,3.12304809494066e-07,5.2,3.22066118823924e-07
1905697,"Brucella sp. CMUL 015",5,3.12304809494066e-07,5.1,3.15873894602544e-07
1169675,"Streptococcus sp. GMD6S",5,3.12304809494066e-07,5.6,3.49768012369787e-07
623,"Shigella flexneri",4,2.49843847595253e-07,4.1,2.5375501659526e-07
416450,"Penicillium antarcticum",4,2.49843847595253e-07,4.1,2.55673150220619e-07
2793822,"Bradyrhizobium sp. BRP20",4,2.49843847595253e-07,4,2.49878526204777e-07
1924109,"Eisenbergiella sp.",4,2.49843847595253e-07,4.8,3.01077566916295e-07
1031537,"Bremerella cremea",4,2.49843847595253e-07,4.1,2.56514006059655e-07
1194083,"Nostocoides japonicum",4,2.49843847595253e-07,4,2.49878532409751e-07
2994648,"Enterobacter nematophilus",4,2.49843847595253e-07,6.6,4.14261921174839e-07
1577792,"Terrisporobacter othiniensis",4,2.49843847595253e-07,4,2.49844863113467e-07
2292972,"Blautia sp. AM28-10",4,2.49843847595253e-07,4.2,2.5922466883207e-07
1926283,"Lachnoclostridium edouardi",4,2.49843847595253e-07,4,2.46956280356625e-07
2981772,"Muricoprocola aceti",4,2.49843847595253e-07,4,2.49870244705908e-07
1227812,"Piscirickettsia salmonis",4,2.49843847595253e-07,4.2,2.62980115507864e-07
2736294,"Xylanibacter caecicola",4,2.49843847595253e-07,4,2.49858378993965e-07
2981726,"Hominimerdicola aceti",4,2.49843847595253e-07,4,2.49844793611261e-07
106588,"Pseudoflavonifractor capillosus",4,2.49843847595253e-07,4.2,2.62411709242953e-07
491921,"Megamonas rupellensis",4,2.49843847595253e-07,5.2,3.25295790195512e-07
312540,"Acidiplasma cupricumulans",4,2.49843847595253e-07,3.4,2.09278708300427e-07
1965292,"Fenollaria sp.",4,2.49843847595253e-07,4,2.49853608820993e-07
189396,"Xanthomonas euvesicatoria",4,2.49843847595253e-07,3.6,2.25988959370339e-07
2487519,"Phytopseudomonas daroniae",4,2.49843847595253e-07,4.4,2.73366283144202e-07
3377164,"Stenotrophomonas maltophilia group sp. Smal32",4,2.49843847595253e-07,3.8,2.40037144628275e-07
1841855,"Bacteroides bouchesdurhonensis",4,2.49843847595253e-07,4.1,2.55240329185243e-07
2981768,"Anthropogastromicrobium aceti",4,2.49843847595253e-07,4.2,2.60323140765433e-07
2779352,"Pseudoflavonifractor gallinarum",4,2.49843847595253e-07,4.8,2.99876577433218e-07
1544694,"Rosenbergiella epipactidis",4,2.49843847595253e-07,4.1,2.53446836170576e-07
2315463,"Faecalibacterium sp. BCRC 81149",4,2.49843847595253e-07,4.1,2.56668655562858e-07
2292003,"Butyricicoccus sp. AF35-5AC",4,2.49843847595253e-07,3.5,2.19020225587528e-07
2792040,"Salinibacterium sp. NG22",4,2.49843847595253e-07,4.8,2.99811237347094e-07
2316716,"Corallococcus sp. AB030",4,2.49843847595253e-07,5.2,3.24881278112184e-07
1462440,"Pseudoduganella ginsengisoli",4,2.49843847595253e-07,4,2.50800717460285e-07
2787141,"Clostridium sp. 1001283B150225_161107_B6",4,2.49843847595253e-07,4.5,2.80312947449997e-07
2202154,"Dyella sp. C9",4,2.49843847595253e-07,3.8,2.37143393007976e-07
1581080,"Streptococcus sp. HMSC10E12",4,2.49843847595253e-07,4.9,3.087159701143e-07
2724526,"Leuconostoc sp. DB-1",4,2.49843847595253e-07,4,2.50138577311337e-07
5078,"Penicillium griseofulvum",4,2.49843847595253e-07,4.6,2.86066133670039e-07
92003,"Aromatoleum toluclasticum",4,2.49843847595253e-07,4.3,2.69264482641548e-07
2292002,"Bacteroides sp. AM16-24",4,2.49843847595253e-07,4,2.52408915108567e-07
3153401,"Klebsiella sp. GB_Kp050",4,2.49843847595253e-07,4,2.4984744167309e-07
1437816,"Methylopila turkensis",4,2.49843847595253e-07,5,3.11033531896632e-07
69781,"Penicillium oxalicum",4,2.49843847595253e-07,4,2.49882630369672e-07
638574,"Nonomuraea rosea",4,2.49843847595253e-07,4,2.5014307918235e-07
1570016,"Thioflexithrix psekupsensis",4,2.49843847595253e-07,4.2,2.61812155285735e-07
1739371,"Streptococcus sp. HMSC064H09",4,2.49843847595253e-07,3.9,2.4203812991463e-07
3391667,"Streptococcus sp. IMAU11619",4,2.49843847595253e-07,3.4,2.12934501368364e-07
3110692,"Parvimonas sp. C2",4,2.49843847595253e-07,4,2.49843855406088e-07
698487,"Kagunavirus K1H",4,2.49843847595253e-07,4,2.50432113024485e-07
2681617,"Byrnievirus HK97",4,2.49843847595253e-07,4,2.52185162876772e-07
394095,"Pyxidicoccus fallax",4,2.49843847595253e-07,4.8,3.01686352292009e-07
2857010,"Streptomyces sp. DH12",4,2.49843847595253e-07,4.5,2.80935972659957e-07
396014,"Brachybacterium phenoliresistens",4,2.49843847595253e-07,4,2.49843847595275e-07
2981720,"Bovifimicola ammoniilytica",4,2.49843847595253e-07,4.1,2.59065971526731e-07
3458240,"unknown genome; accession ID isNZ_JBQSUN010000005.1",4,2.49843847595253e-07,4,2.50697874416426e-07
2713174,"Fructobacillus parabroussonetiae",4,2.49843847595253e-07,4.1,2.54250023336442e-07
376805,"Phocaeicola salanitronis",3,1.8738288569644e-07,3.1,1.94699676126961e-07
2698683,"Leuconostoc sp. MTCC 10508",3,1.8738288569644e-07,3.1,1.9503411507563e-07
2489010,"Klebsiella africana",3,1.8738288569644e-07,3,1.88532347564215e-07
1261635,"Roseburia sp. 831b",3,1.8738288569644e-07,3,1.87941911999319e-07
3117552,"Bacteroides maternus",3,1.8738288569644e-07,3,1.8765817133493e-07
3133180,"Enterobacter intestinihominis",3,1.8738288569644e-07,3.6,2.27952193155729e-07
2838470,"Candidatus Bacteroides intestinigallinarum",3,1.8738288569644e-07,3,1.88511851020617e-07
29389,"Streptococcus alactolyticus",3,1.8738288569644e-07,3.3,2.03816330716513e-07
212818,"Exophiala mesophila",3,1.8738288569644e-07,3.7,2.30247849191051e-07
2691581,"Azoarcus sp. TTM-91",3,1.8738288569644e-07,3,1.88858986744495e-07
2933304,"Salmonella sp. 14ESS1566",3,1.8738288569644e-07,3,1.87384027942032e-07
71451,"Enterococcus malodoratus",3,1.8738288569644e-07,3.2,1.99313476471367e-07
2764325,"[Eubacterium] hominis",3,1.8738288569644e-07,3.5,2.20309513914628e-07
1202712,"Ureibacillus chungkukjangi",3,1.8738288569644e-07,3.2,1.98155313850305e-07
2292278,"Absiella sp. AM29-15",3,1.8738288569644e-07,2.4,1.47874913205094e-07
105843,"Anaerobutyricum soehngenii",3,1.8738288569644e-07,3.1,1.91246851973394e-07
1872531,"Anaerotruncus sp.",3,1.8738288569644e-07,3,1.87402849050554e-07
2174932,"Nesterenkonia natronophila",3,1.8738288569644e-07,3.1,1.91261094337302e-07
1788294,"Kayfunavirus 101118UKE1",3,1.8738288569644e-07,3.2,1.97219556001576e-07
36646,"Penicillium coprophilum",3,1.8738288569644e-07,3,1.87383916604272e-07
1071383,"Huiozyma naganishii",3,1.8738288569644e-07,2.8,1.72187663987856e-07
2813559,"Pseudomonas sp. 32_A",3,1.8738288569644e-07,3.5,2.19825428065247e-07
3048621,"Glaciimonas sp. Cout2",3,1.8738288569644e-07,3,1.87531784380153e-07
2949649,"Parabacteroides sp. Y3-G-102",3,1.8738288569644e-07,3.8,2.39847967136349e-07
1938366,"Pseudoalteromonas sp. SK18",3,1.8738288569644e-07,3,1.87382885696456e-07
2292281,"Bacteroides sp. OF04-15BH",3,1.8738288569644e-07,3,1.87816858651772e-07
1650663,"Allofournierella massiliensis",3,1.8738288569644e-07,3,1.87426639833859e-07
NA,"unknown genome; accession ID isNZ_CAKUNW010000008.1",3,1.8738288569644e-07,2.8,1.73975133848995e-07
2817020,"Faecalibacterium sp. Marseille-Q4164",3,1.8738288569644e-07,3.3,2.03234704965351e-07
33040,"Streptococcus milleri",3,1.8738288569644e-07,3.1,1.95885896113006e-07
5082,"Penicillium roqueforti",3,1.8738288569644e-07,3.3,2.06900182161335e-07
1537797,"Streptomyces sp. B15",3,1.8738288569644e-07,3.3,2.04158961581028e-07
1121405,"Desulfococcus multivorans",3,1.8738288569644e-07,3,1.87403602094539e-07
2763064,"Roseburia zhanii",3,1.8738288569644e-07,3,1.89164207474834e-07
2602760,"Mesonia sp. K4-1",3,1.8738288569644e-07,3,1.87382885696456e-07
2691898,"Flavobacterium sp. SaA2.13",3,1.8738288569644e-07,3.1,1.91509830578647e-07
1777878,"Streptococcus sp. DD10",3,1.8738288569644e-07,3,1.88262130812328e-07
159268,"uncultured Veillonella sp.",3,1.8738288569644e-07,3,1.88841009389715e-07
1813783,"Epseptimavirus 100268sal2",3,1.8738288569644e-07,2.4,1.50636696904653e-07
3453885,"unknown genome; accession ID isNZ_JBQEPK010000151.1",3,1.8738288569644e-07,3.1,1.91049789952446e-07
150340,"Vibrio antiquarius",3,1.8738288569644e-07,3,1.87403361609866e-07
3681968,"unknown genome; accession ID isNZ_CEEDBN010000058.1",3,1.8738288569644e-07,3,1.87382885696456e-07
2861964,"Pseudoalteromonas sp. CR1",3,1.8738288569644e-07,3.1,1.94376473449406e-07
2293044,"Clostridium sp. OM05-6BH",3,1.8738288569644e-07,3.4,2.12306839747948e-07
645466,"Anaerostipes butyraticus",3,1.8738288569644e-07,3,1.87393998156649e-07
2774905,"Enterococcus sp. DIV1217",3,1.8738288569644e-07,3.3,2.09165270294674e-07
176090,"Streptococcus sinensis",3,1.8738288569644e-07,3,1.87809823904579e-07
1925550,"Rhodococcus sp. M8",3,1.8738288569644e-07,3.1,1.91102102314189e-07
2662198,"Pseudomonas sp. FSL R10-2172",3,1.8738288569644e-07,2.3,1.42165582932712e-07
2665560,"Salmonella sp. S056_01185",3,1.8738288569644e-07,3.2,2.00204910952636e-07
2607660,"Nocardioides humilatus",3,1.8738288569644e-07,3,1.88442341671493e-07
3136600,"Mediterraneibacter flintii",3,1.8738288569644e-07,3.7,2.32825766994709e-07
2292982,"Blautia sp. OF11-22",3,1.8738288569644e-07,3.1,1.95299859745206e-07
2774692,"Enterococcus sp. AZ062",3,1.8738288569644e-07,2.8,1.73746186832498e-07
3438911,"Blautia sp. HCP3S3_C4",3,1.8738288569644e-07,3,1.87416668957975e-07
208602,"Nocardia puris",3,1.8738288569644e-07,3.7,2.29037977846194e-07
2789205,"Bacteroides sp. 1001302B_160321_D4",3,1.8738288569644e-07,3.3,2.03090906507828e-07
2985140,"Citrobacter sp. Cpo091",3,1.8738288569644e-07,2.9,1.80767886201504e-07
76305,"Roseibium denhamense",3,1.8738288569644e-07,3.2,1.98122173151427e-07
3159680,"Salmonella sp. s55408",3,1.8738288569644e-07,3.1,1.92734300553964e-07
3044279,"Massilia hydrophila",3,1.8738288569644e-07,3,1.87382885696456e-07
2763038,"Clostridium segne",3,1.8738288569644e-07,3,1.88447004377152e-07
3141190,"Dialister sp. i34-0019-2H8",3,1.8738288569644e-07,3,1.87382896023901e-07
5478,"Nakaseomyces glabratus",3,1.8738288569644e-07,2.9,1.79838098027202e-07
1485586,"Streptomyces calidiresistens",3,1.8738288569644e-07,3,1.90495102239956e-07
3384759,"Pseudomonas sp. PHC1",3,1.8738288569644e-07,3.7,2.32920566758782e-07
3153453,"Klebsiella sp. GG_Kp142",3,1.8738288569644e-07,3.1,1.93380983525706e-07
3273430,"Acidovorax sp. BLS4",3,1.8738288569644e-07,3.5,2.16974262229705e-07
2789271,"Rhodococcus sp. 077-4",3,1.8738288569644e-07,3,1.87382885747866e-07
2985132,"Citrobacter sp. Cpo069",3,1.8738288569644e-07,3.4,2.11606584867394e-07
60216,"Xanthobacter tagetidis",3,1.8738288569644e-07,3.5,2.18128596717783e-07
2202832,"Enterobacter sp. HPCN14",3,1.8738288569644e-07,3,1.88021981168506e-07
2058896,"Arthrobacter sp. SX1312",3,1.8738288569644e-07,2.7,1.66800115824063e-07
3391774,"Agathobaculum sp. TL06",3,1.8738288569644e-07,3,1.87478275786364e-07
NA,"unknown genome; accession ID isNZ_CALJQE010000013.1",3,1.8738288569644e-07,3,1.87393351232351e-07
1965650,"Alistipes sp. An66",3,1.8738288569644e-07,3.6,2.25820421337102e-07
1311,"Streptococcus agalactiae",2,1.24921923797626e-07,2.5,1.56435367485869e-07
33964,"Leuconostoc citreum",2,1.24921923797626e-07,2.6,1.59508605394988e-07
1307,"Streptococcus suis",2,1.24921923797626e-07,2,1.2526323143541e-07
53354,"Streptococcus gallolyticus",2,1.24921923797626e-07,2,1.24963647604222e-07
158836,"Enterobacter hormaechei",2,1.24921923797626e-07,2.4,1.4901776909256e-07
1511761,"Leuconostoc suionicum",2,1.24921923797626e-07,2.1,1.34059668452978e-07
1303,"Streptococcus oralis",2,1.24921923797626e-07,2.2,1.37845781969829e-07
47678,"Bacteroides caccae",2,1.24921923797626e-07,1.5,9.61448124371469e-08
29523,"Bacteroides sp.",2,1.24921923797626e-07,2.3,1.46595132595645e-07
332648,"Botrytis cinerea",2,1.24921923797626e-07,2,1.24921923801161e-07
1316194,"Penicillium subrubescens",2,1.24921923797626e-07,2.2,1.3866111550588e-07
2745137,"Myxococcus sp. AM009",2,1.24921923797626e-07,2.1,1.3410998980981e-07
68183,"Streptomyces capoamus",2,1.24921923797626e-07,2,1.24933128965904e-07
2841667,"Streptomyces sp. CHA16",2,1.24921923797626e-07,2,1.24930372161394e-07
2813575,"Pseudomonas sp. 30_B",2,1.24921923797626e-07,2,1.26231707914574e-07
2849180,"Parabacteroides sp. MSK.9.14",2,1.24921923797626e-07,2,1.24943281678251e-07
2292952,"Bacteroides sp. AM41-16",2,1.24921923797626e-07,2.1,1.3347690667297e-07
2985130,"Citrobacter sp. Cpo061",2,1.24921923797626e-07,2.2,1.36182765257051e-07
2779553,"Enterobacter cloacae complex sp. P38RS",2,1.24921923797626e-07,2,1.24944364529495e-07
2942477,"Algibacter sp. L4_22",2,1.24921923797626e-07,2,1.24921923797638e-07
40837,"Mycoplana ramosa",2,1.24921923797626e-07,2.1,1.30281344139439e-07
1736,"Eubacterium limosum",2,1.24921923797626e-07,2,1.25451202451085e-07
2787821,"Blautia sp. 1001283B150304_161114_C9",2,1.24921923797626e-07,2,1.25100028760378e-07
2292968,"Blautia sp. AF34-10",2,1.24921923797626e-07,2.1,1.30021434693441e-07
2774869,"Enterococcus sp. DIV0806c",2,1.24921923797626e-07,2.1,1.30667096723299e-07
2584641,"Eggerthella sp. BIOML-A4",2,1.24921923797626e-07,2,1.25228902885977e-07
2774994,"Enterococcus sp. DIV2417",2,1.24921923797626e-07,2.6,1.64932547715421e-07
2293004,"Clostridium sp. AF22-10",2,1.24921923797626e-07,2.4,1.47398111529666e-07
387090,"Phocaeicola coprophilus",2,1.24921923797626e-07,2.1,1.31662144050062e-07
2981786,"Coprococcus aceti",2,1.24921923797626e-07,2.4,1.50344819905653e-07
3032319,"Iodidimonas sp. MBR-14",2,1.24921923797626e-07,2,1.26719391387033e-07
3473541,"unknown genome; accession ID isNZ_CDRVLZ010000033.1",2,1.24921923797626e-07,2,1.24921923850323e-07
2804917,"Corynebacterium pseudokroppenstedtii",2,1.24921923797626e-07,2.2,1.35552632034871e-07
368003,"uncultured Rikenella sp.",2,1.24921923797626e-07,2.1,1.28447880873988e-07
1118060,"Enorma massiliensis",2,1.24921923797626e-07,3.9,2.441760763135e-07
992075,"Helicobacter pylori",2,1.24921923797626e-07,2.2,1.35598106883448e-07
2100454,"Penicillium cataractarum",2,1.24921923797626e-07,2,1.24927795523986e-07
273131,"Nakaseomyces bracarensis",2,1.24921923797626e-07,2.5,1.53974973113321e-07
1522057,"Micromonospora zhanjiangensis",2,1.24921923797626e-07,2,1.24921923797638e-07
2048670,"Janthinobacterium sp. ROICE36",2,1.24921923797626e-07,2.1,1.34152294378257e-07
3409926,"Klebsiella sp. C228",2,1.24921923797626e-07,2.3,1.45462993847001e-07
2961620,"Klebsiella sp. SWET4",2,1.24921923797626e-07,2.1,1.30000358452599e-07
3445266,"Bacillus cereus group sp. BC87",2,1.24921923797626e-07,2,1.24921923797638e-07
1867106,"Hymenobacter seoulensis",2,1.24921923797626e-07,2,1.25617468305794e-07
871665,"Blautia faecis",2,1.24921923797626e-07,2,1.25249090755472e-07
658225,"Sphingomonas glacialis",2,1.24921923797626e-07,2.2,1.3502274969797e-07
1720313,"Bittarella massiliensis (ex Durand et al. 2017)",2,1.24921923797626e-07,2,1.26337717947937e-07
932217,"Anaerosalibacter bizertensis",2,1.24921923797626e-07,2,1.24921924023344e-07
2292336,"Collinsella sp. TF11-5AC",2,1.24921923797626e-07,1.8,1.15010139304009e-07
40091,"Helcococcus kunzii",2,1.24921923797626e-07,2,1.24995343474691e-07
2785792,"Streptococcus sp. HF-2466",2,1.24921923797626e-07,2,1.26484220598941e-07
NA,"unknown genome; accession ID isNZ_CASEUO010000035.1",2,1.24921923797626e-07,2,1.24922007942439e-07
NA,"unknown genome; accession ID isNZ_CASEUO010000056.1",2,1.24921923797626e-07,2,1.24921985073772e-07
NA,"unknown genome; accession ID isNZ_CASEUO010000068.1",2,1.24921923797626e-07,2,1.24921957618737e-07
NA,"unknown genome; accession ID isNZ_CASEUO010000110.1",2,1.24921923797626e-07,2,1.24921931764597e-07
1206557,"Epseptimavirus R201",2,1.24921923797626e-07,2,1.2571569895691e-07
36914,"Lodderomyces elongisporus",2,1.24921923797626e-07,2,1.24921933830074e-07
3367358,"Herbidospora sp. RD11066",2,1.24921923797626e-07,2.3,1.41908573594615e-07
249586,"Streptomyces asoensis",2,1.24921923797626e-07,2,1.24921923797638e-07
1776032,"Hymenobacter gummosus",2,1.24921923797626e-07,2,1.25106155793304e-07
3049088,"Sinorhizobium sp. 6-70",2,1.24921923797626e-07,2,1.24922009342265e-07
3391025,"Klebsiella sp. 2HUCk3cef",2,1.24921923797626e-07,2.1,1.29985873939065e-07
1173496,"Klebsiella sp. K1",2,1.24921923797626e-07,2,1.26287010776217e-07
2887193,"Enterobacter cloacae complex sp. 2021EL-01169",2,1.24921923797626e-07,1.7,1.03685479593179e-07
1852016,"Algoriphagus aestuariicola",2,1.24921923797626e-07,2,1.2492431701911e-07
2292924,"Bacteroides sp. AF25-38AC",2,1.24921923797626e-07,2,1.25203209985465e-07
2024555,"Virgibacillus profundi",2,1.24921923797626e-07,2,1.25465180672377e-07
457396,"Clostridium sp. 7_2_43FAA",2,1.24921923797626e-07,2.1,1.2877440786536e-07
2364880,"Butyrivibrio sp. XB500-5",2,1.24921923797626e-07,2.8,1.77696221375311e-07
NA,"unknown genome; accession ID isNZ_CAKTZV010000068.1",2,1.24921923797626e-07,2,1.2492214115421e-07
2978477,"Eubacterium album",2,1.24921923797626e-07,2.1,1.31271986579413e-07
2714355,"Vescimonas coprocola",2,1.24921923797626e-07,2.1,1.29189594917725e-07
100886,"Catenibacterium mitsuokai",2,1.24921923797626e-07,2.2,1.38529319853641e-07
3133177,"Bifidobacterium hominis",2,1.24921923797626e-07,2,1.26589245496407e-07
2866597,"Streptococcus sp. Marseille-Q3604",2,1.24921923797626e-07,3.6,2.24964949666347e-07
1306,"Streptococcus sp.",2,1.24921923797626e-07,2,1.2502980895305e-07
314261,"Candidatus Pelagibacter communis",2,1.24921923797626e-07,2,1.24993864554184e-07
2681403,"Rhizobium sp. 18055",2,1.24921923797626e-07,2,1.24927174114714e-07
2603896,"Methylobacterium sp. WL19",2,1.24921923797626e-07,2,1.26205694533549e-07
2292946,"Bacteroides sp. AM26-2",2,1.24921923797626e-07,2,1.25349493763503e-07
2981783,"Blautia acetigignens",2,1.24921923797626e-07,2.1,1.29494974009678e-07
3134673,"Phocaeicola sp. HCN-6420",2,1.24921923797626e-07,2,1.26075268869152e-07
2518119,"Halorubrum sp. SS7",2,1.24921923797626e-07,2.8,1.73719366254829e-07
2293098,"Dorea sp. AM10-31",2,1.24921923797626e-07,2.1,1.2936770281222e-07
3388842,"unknown genome; accession ID isNZ_JBKESZ010000012.1",2,1.24921923797626e-07,2,1.24936943967635e-07
1234680,"Streptococcus rubneri",2,1.24921923797626e-07,2.4,1.47809162024135e-07
2938946,"Streptomyces sp. AS02",2,1.24921923797626e-07,2.2,1.37727515352551e-07
2200763,"Microbispora triticiradicis",2,1.24921923797626e-07,2.1,1.28797789145965e-07
2775058,"Janthinobacterium sp. EB271-G4-3-2",2,1.24921923797626e-07,2.1,1.30892750347851e-07
2021693,"Bacillus sp. 7884-1",2,1.24921923797626e-07,2,1.25341884505279e-07
427369,"Streptomonospora halophila",2,1.24921923797626e-07,2,1.25501995888975e-07
2965272,"Bacteroides sp. SL.2.06",2,1.24921923797626e-07,2.2,1.38102291347297e-07
2758578,"Klebsiella sp. Kpp",2,1.24921923797626e-07,2,1.26634522041014e-07
3374532,"Klebsiella sp. NA21",2,1.24921923797626e-07,2,1.24923007303946e-07
2025877,"Parabacteroides sp. AT13",2,1.24921923797626e-07,2,1.27237878880264e-07
2985161,"Citrobacter sp. Cy070",2,1.24921923797626e-07,2.7,1.69663134411085e-07
2026339,"Oceanibium sediminis",2,1.24921923797626e-07,2.1,1.30127856621756e-07
2292976,"Blautia sp. AM42-2",2,1.24921923797626e-07,2.6,1.63960824984703e-07
NA,"unknown genome; accession ID isNZ_CAMMSH010000012.1",2,1.24921923797626e-07,2,1.24922455382753e-07
2293010,"Clostridium sp. AF32-7AC",2,1.24921923797626e-07,3.2,2.02062291142196e-07
3018246,"Streptococcus sp. SN3",2,1.24921923797626e-07,2.1,1.29218963646577e-07
1945965,"Akkermansia sp. UBA7059",2,1.24921923797626e-07,2,1.25052482634294e-07
1505062,"Clostridium sp. AUH-JLR23",2,1.24921923797626e-07,2,1.24921961314321e-07
1581058,"Aerococcus sp. HMSC23C02",2,1.24921923797626e-07,2.4,1.48261561662856e-07
1002107,"Penicillium psychrosexuale",2,1.24921923797626e-07,2,1.24928926194214e-07
2789285,"Amycolatopsis sp. lyj-90",2,1.24921923797626e-07,2,1.25083045531029e-07
3446591,"unknown genome; accession ID isNZ_JBPSDK010000099.1",2,1.24921923797626e-07,2,1.24991996754425e-07
35764,"Streptosporangium nondiastaticum",2,1.24921923797626e-07,2,1.24921923797638e-07
2921771,"Caballeronia sp. AAUFL_F1_KS47",2,1.24921923797626e-07,2.2,1.34964045254343e-07
67344,"Streptomyces prasinopilosus",2,1.24921923797626e-07,2,1.25130293358873e-07
3088685,"Pseudomonas sp. EA_15y_Pfl1_P102",2,1.24921923797626e-07,2,1.24930965328493e-07
3153488,"Klebsiella sp. GG_Kp177",2,1.24921923797626e-07,2.3,1.42450695766789e-07
NA,"unknown genome; accession ID isNZ_CAKVCW010000003.1",2,1.24921923797626e-07,2.1,1.2865956146671e-07
1506996,"Desulfoprunum benzoelyticum",2,1.24921923797626e-07,2,1.25128620748879e-07
1816676,"Alistipes provencensis",2,1.24921923797626e-07,2,1.25035240281841e-07
3142838,"Bacillus sp. Je.9.29.b",2,1.24921923797626e-07,2,1.2513388149412e-07
3380348,"Pilosibacter sp. YYHA0881",2,1.24921923797626e-07,2,1.25043295000388e-07
3141188,"Faecalibacterium sp. i20-0019-C2",2,1.24921923797626e-07,2,1.266031697254e-07
2316025,"Mediterraneibacter butyricigenes",2,1.24921923797626e-07,2.4,1.52845793676333e-07
2763047,"Flintibacter faecis",2,1.24921923797626e-07,2,1.2518218850878e-07
1965540,"Massilimicrobiota sp. An105",2,1.24921923797626e-07,2,1.24921980038797e-07
2841531,"Pseudoflavonifractor sp. MSJ-37",2,1.24921923797626e-07,2,1.25149627117326e-07
39441,"Methanobrevibacter arboriphilus",2,1.24921923797626e-07,2.1,1.30537203491466e-07
1448316,"Aspergillus ibericus",2,1.24921923797626e-07,2,1.24922061454079e-07
1080349,"Saccharomyces eubayanus",2,1.24921923797626e-07,2.1,1.31017670971312e-07
2841673,"Streptomyces sp. Vc714c-19",2,1.24921923797626e-07,2,1.24924699703168e-07
631128,"Frankia sp. AgPm24",2,1.24921923797626e-07,2,1.24973639149025e-07
3241256,"Pseudomonas sp. MD332_6",2,1.24921923797626e-07,2,1.24921923809689e-07
3409962,"Klebsiella sp. R32",2,1.24921923797626e-07,2,1.24922834618573e-07
1608613,"Modestobacter lapidis",2,1.24921923797626e-07,2,1.25062385895018e-07
633415,"Aeromonas sanarellii",2,1.24921923797626e-07,2,1.25234169501045e-07
NA,"unknown genome; accession ID isNZ_CALJQE010000001.1",2,1.24921923797626e-07,2,1.24944539202907e-07
NA,"unknown genome; accession ID isNZ_CALJQE010000005.1",2,1.24921923797626e-07,2,1.24986549184692e-07
3231324,"Enterococcus sp. C63",2,1.24921923797626e-07,2.7,1.70302409075015e-07
3402018,"Faecalibacterium sp. 9",2,1.24921923797626e-07,2,1.27234882672015e-07
1907659,"Blautia sp. Marseille-P3201T",2,1.24921923797626e-07,2,1.24938985238436e-07
3133091,"unknown genome; accession ID isNZ_JBBMER010000003.1",2,1.24921923797626e-07,2.4,1.48866826182341e-07
3458240,"unknown genome; accession ID isNZ_JBQSUN010000002.1",2,1.24921923797626e-07,2.3,1.44577683135291e-07
548,"Klebsiella aerogenes",1,6.24609618988132e-08,1,6.35081173250605e-08
1598,"Limosilactobacillus reuteri",1,6.24609618988132e-08,1,6.31774288847624e-08
564,"Escherichia fergusonii",1,6.24609618988132e-08,1,6.24610339155234e-08
571,"Klebsiella oxytoca",1,6.24609618988132e-08,1.3,7.95907378129881e-08
1604,"Lactobacillus amylovorus",1,6.24609618988132e-08,1,6.43297365595292e-08
36809,"Mycobacteroides abscessus",1,6.24609618988132e-08,1,6.24609623057978e-08
666,"Vibrio cholerae",1,6.24609618988132e-08,1,6.24828463077964e-08
57706,"Citrobacter braakii",1,6.24609618988132e-08,1,6.49301320959328e-08
2996112,"Enterobacter pseudoroggenkampii",1,6.24609618988132e-08,1.1,6.65207232901276e-08
1366,"Pseudolactococcus raffinolactis",1,6.24609618988132e-08,1,6.24649739217055e-08
2077148,"Citrobacter freundii complex sp. CFNIH4",1,6.24609618988132e-08,1,6.31516536896288e-08
2603296,"Enterococcus sp. DA9",1,6.24609618988132e-08,1,6.24617408466006e-08
485,"Neisseria gonorrhoeae",1,6.24609618988132e-08,1,6.37532259777435e-08
525326,"Lactobacillus paragasseri",1,6.24609618988132e-08,1,6.24888197727446e-08
218144,"Vagococcus carniphilus",1,6.24609618988132e-08,1,6.24609762471734e-08
53345,"Enterococcus durans",1,6.24609618988132e-08,1,6.31294584577794e-08
2816911,"Lactococcus sp. LG592",1,6.24609618988132e-08,1,6.31801339364593e-08
1396,"Bacillus cereus",1,6.24609618988132e-08,1,6.24952439500441e-08
469590,"Bacteroides sp. 2_2_4",1,6.24609618988132e-08,1.5,9.12532134744311e-08
2972763,"Bacteroides sp. BFG-606",1,6.24609618988132e-08,1.1,6.79254697872393e-08
628,"Xenorhabdus nematophila",1,6.24609618988132e-08,1.1,7.05721493184444e-08
1377,"Aerococcus viridans",1,6.24609618988132e-08,1,6.2461006618118e-08
486041,"Laccaria bicolor",1,6.24609618988132e-08,1,6.24609618999167e-08
569365,"Cladophialophora immunda",1,6.24609618988132e-08,1,6.36442018753763e-08
559295,"Lachancea thermotolerans",1,6.24609618988132e-08,1.3,7.82150918898316e-08
3425125,"Kitasatospora sp. KL5",1,6.24609618988132e-08,0.2,1.24921912055999e-08
199684,"uncultured Bradyrhizobium sp.",1,6.24609618988132e-08,1,6.24609619549145e-08
53462,"Mycolicibacterium mageritense",1,6.24609618988132e-08,1,6.35773244747748e-08
2681318,"Trichormus variabilis",1,6.24609618988132e-08,1.7,1.07678264679899e-07
2613924,"Hungatella sp.",1,6.24609618988132e-08,1.1,6.64620159279257e-08
574930,"Parabacteroides gordonii",1,6.24609618988132e-08,1,6.40483756891572e-08
2723063,"Pseudomonas sp. JAI120",1,6.24609618988132e-08,1,6.24679676919405e-08
3088697,"Pseudomonas sp. EL_65y_Pfl1_R83",1,6.24609618988132e-08,1.1,6.7293893215811e-08
3142453,"Bacteroides sp. 90-K9/2",1,6.24609618988132e-08,1,6.49331955143412e-08
2870780,"Klebsiella sp. TF21-TM",1,6.24609618988132e-08,1,6.43579926961382e-08
2653932,"Citrobacter telavivensis",1,6.24609618988132e-08,1,6.24680519299928e-08
3681963,"unknown genome; accession ID isNZ_CEEDMJ010000131.1",1,6.24609618988132e-08,1,6.25888591010126e-08
3687070,"unknown genome; accession ID isNZ_JBXWKR010000068.1",1,6.24609618988132e-08,1,6.24609618988188e-08
3153503,"Klebsiella sp. CB_Kp197",1,6.24609618988132e-08,1,6.24613155132433e-08
544645,"Butyricimonas virosa",1,6.24609618988132e-08,1,6.24655561780677e-08
2355,"unidentified bacterial endosymbiont",1,6.24609618988132e-08,1.5,9.25929512439355e-08
1776382,"Neglectibacter timonensis",1,6.24609618988132e-08,1,6.45780102761714e-08
2058891,"Arthrobacter sp. B0490",1,6.24609618988132e-08,1,6.24609618988188e-08
1796615,"Blautia caecimuris",1,6.24609618988132e-08,1.1,6.77244010917864e-08
2919915,"Chryseobacterium sp. SSA4.19",1,6.24609618988132e-08,1,6.35484213283091e-08
2743469,"Rhabdonatronobacter sediminivivens",1,6.24609618988132e-08,1,6.25598741517164e-08
3152360,"Devosia alba",1,6.24609618988132e-08,1,6.24843784407912e-08
966,"Oceanospirillum linum",1,6.24609618988132e-08,1,6.24736358217651e-08
1745713,"Bariatricus massiliensis",1,6.24609618988132e-08,1,6.24622581689489e-08
95614,"Curtobacterium sp. B18",1,6.24609618988132e-08,1,6.24609618988188e-08
1286820,"Lacrimispora indolis",1,6.24609618988132e-08,1.8,1.13033643965975e-07
2763017,"Anaerosacchariphilus hominis",1,6.24609618988132e-08,1,6.32147076270694e-08
2736290,"Xylanibacter muris",1,6.24609618988132e-08,1,6.24609660234588e-08
467210,"Lachnoanaerobaculum saburreum",1,6.24609618988132e-08,1,6.24611550240986e-08
2981728,"Huintestinicola butyrica",1,6.24609618988132e-08,1.3,7.96109305317205e-08
3073577,"Brotaphodocola sp.",1,6.24609618988132e-08,1,6.36798208890141e-08
202751,"Listeria ivanovii",1,6.24609618988132e-08,1,6.24609747197965e-08
2774954,"Enterococcus sp. DIV1409a",1,6.24609618988132e-08,1,6.24611738871889e-08
NA,"unknown genome; accession ID isNZ_CAMMBY010000045.1",1,6.24609618988132e-08,1,6.2462979823056e-08
2302956,"Faecalibacterium sp. AF27-11BH",1,6.24609618988132e-08,1,6.55662746288745e-08
43995,"Johnsonella ignava",1,6.24609618988132e-08,1,6.37762959275119e-08
2020965,"Bifidobacterium imperatoris",1,6.24609618988132e-08,1,6.2461056903682e-08
2897706,"Acidaminococcus hominis",1,6.24609618988132e-08,1,6.24609695554287e-08
246144,"Enterococcus italicus",1,6.24609618988132e-08,1,6.24611625462373e-08
3436758,"Neisseria sp. P0015.S002",1,6.24609618988132e-08,1.1,6.71075955014568e-08
74426,"Collinsella aerofaciens",1,6.24609618988132e-08,1.5,9.09063713212503e-08
2841521,"Anaerotignum sp. MSJ-24",1,6.24609618988132e-08,1,6.25849831243207e-08
2559927,"Enterococcus songbeiensis",1,6.24609618988132e-08,1.2,7.51363957882252e-08
NA,"unknown genome; accession ID isNZ_CASEXS010000024.1",1,6.24609618988132e-08,1,6.24630488105821e-08
2897707,"Merdimmobilis hominis",1,6.24609618988132e-08,1,6.40164696075297e-08
2013021,"Bifidobacterium sp. N5G01",1,6.24609618988132e-08,1,6.29699602342385e-08
1161942,"Ruminococcus champanellensis",1,6.24609618988132e-08,1,6.24663157903221e-08
1683,"Bifidobacterium angulatum",1,6.24609618988132e-08,1.1,6.59427762688814e-08
1338,"Streptococcus intermedius",1,6.24609618988132e-08,1.3,7.92864631470945e-08
712633,"Streptococcus sp. oral taxon 431",1,6.24609618988132e-08,1,6.30452397216629e-08
84136,"Gemella bergeri",1,6.24609618988132e-08,1,6.26080713076466e-08
2754717,"Candidatus Hakubella thermalkaliphila",1,6.24609618988132e-08,1,6.24609619269132e-08
2024325,"Epseptimavirus saus132",1,6.24609618988132e-08,1.5,9.3157660596878e-08
1226758,"Streptomyces mordarskii",1,6.24609618988132e-08,1,6.24609618988188e-08
3075527,"Streptomyces edwardsiae",1,6.24609618988132e-08,1,6.30974398563846e-08
457387,"Bacteroides sp. 1_1_30",1,6.24609618988132e-08,1,6.24662486812844e-08
3162404,"Bacteroides sp. L008",1,6.24609618988132e-08,1.1,6.78791107130103e-08
1619950,"Pseudomonas sp. 2(2015)",1,6.24609618988132e-08,1,6.28569922280829e-08
2508299,"Pandoraea pneumonica",1,6.24609618988132e-08,1,6.24609619025048e-08
3048612,"Pseudomonas sp. CCC4.4",1,6.24609618988132e-08,1.2,7.66464010870783e-08
460384,"Enterocloster lavalensis",1,6.24609618988132e-08,1.8,1.10704164647259e-07
2058897,"Arthrobacter sp. Y81",1,6.24609618988132e-08,1,6.24609619460648e-08
2082634,"Escherichia sp. R20",1,6.24609618988132e-08,1,6.28747399390206e-08
3159635,"Salmonella sp. s29923",1,6.24609618988132e-08,1,6.24611197529246e-08
200446,"uncultured Citrobacter sp.",1,6.24609618988132e-08,1,6.31015122062427e-08
2747601,"Ruegeria haliotis",1,6.24609618988132e-08,1,6.3206621894294e-08
414052,"Caenispirillum bisanense",1,6.24609618988132e-08,1,6.24711390393949e-08
871325,"Bacteroides faecichinchillae",1,6.24609618988132e-08,1,6.25915650607349e-08
3436835,"Neisseria sp. P0022.S010",1,6.24609618988132e-08,1,6.25058667079614e-08
3438747,"Blautia sp. HCP3S3_H10_2",1,6.24609618988132e-08,1,6.24732726834879e-08
3438749,"Blautia sp. Sow4_E7",1,6.24609618988132e-08,1,6.24730460721441e-08
579748,"Vibrio galatheae",1,6.24609618988132e-08,1,6.24609618988188e-08
290053,"Bacteroides helcogenes",1,6.24609618988132e-08,1,6.24609859033033e-08
2951805,"Parabacteroides absconsus",1,6.24609618988132e-08,1,6.25619948556217e-08
298659,"uncultured Algibacter sp.",1,6.24609618988132e-08,1,6.24610458160459e-08
1852371,"Raoultibacter massiliensis",1,6.24609618988132e-08,1.1,7.03872003730338e-08
2883184,"Blautia sp. MSK17_66",1,6.24609618988132e-08,1,6.41046456700502e-08
2293028,"Clostridium sp. AM29-11AC",1,6.24609618988132e-08,1,6.29828798841868e-08
3031725,"Faecalibacterium sp. DFI.5.82",1,6.24609618988132e-08,1.2,7.27711126539323e-08
1099853,"Coprobacter fastidiosus",1,6.24609618988132e-08,1.1,6.89582068933042e-08
649756,"Anaerostipes hadrus",1,6.24609618988132e-08,1,6.24751023341709e-08
2929490,"Faecalibacterium sp. I2-3-92",1,6.24609618988132e-08,1,6.31474944518503e-08
575256,"Thermolongibacillus altinsuensis",1,6.24609618988132e-08,1,6.24617655259512e-08
2916441,"Adlercreutzia rubneri",1,6.24609618988132e-08,1.1,6.82868523209489e-08
1262805,"Clostridium sp. CAG:43",1,6.24609618988132e-08,1,6.2740952630717e-08
1316411,"Streptococcus sp. HSISS2",1,6.24609618988132e-08,1,6.51993767310533e-08
NA,"unknown genome; accession ID isNZ_CASEUO010000006.1",1,6.24609618988132e-08,1,6.32757350425837e-08
NA,"unknown genome; accession ID isNZ_CASEUO010000018.1",1,6.24609618988132e-08,1,6.25571494047461e-08
NA,"unknown genome; accession ID isNZ_CASEUO010000028.1",1,6.24609618988132e-08,1,6.24610029035917e-08
NA,"unknown genome; accession ID isNZ_CASEUO010000033.1",1,6.24609618988132e-08,1,6.24609679805324e-08
1608868,"Streptococcus sp. HMSC36C04",1,6.24609618988132e-08,1.1,6.76765192169818e-08
3713250,"unknown genome; accession ID isNZ_JBYQGR010000001.1",1,6.24609618988132e-08,1.1,7.11307173208762e-08
91928,"Exophiala spinifera",1,6.24609618988132e-08,1,6.24609618988188e-08
182096,"Aspergillus chevalieri",1,6.24609618988132e-08,1,6.24613141782021e-08
2781224,"Neodothiora populina",1,6.24609618988132e-08,1,6.31880007833444e-08
2316732,"Corallococcus sp. CA053C",1,6.24609618988132e-08,1.1,6.79924683969682e-08
48254,"Torulaspora globosa",1,6.24609618988132e-08,1.2,7.19023614402501e-08
111803,"Actinocorallia longicatena",1,6.24609618988132e-08,1,6.29636680608385e-08
2821406,"Bradyrhizobium australafricanum",1,6.24609618988132e-08,1,6.24609618988188e-08
1836972,"Frankia canadensis",1,6.24609618988132e-08,1,6.31048860710427e-08
1163670,"Bacteroides sp. 14(A)",1,6.24609618988132e-08,1,6.24632880892691e-08
67314,"Streptomyces lavendofoliae",1,6.24609618988132e-08,1,6.28696627476998e-08
2849174,"Bacteroides sp. MSK.20.82",1,6.24609618988132e-08,1,6.25327579276261e-08
2807620,"Pseudomonas sp. MIL9",1,6.24609618988132e-08,1,6.37837859476693e-08
936565,"Klebsiella sp. OBRC7",1,6.24609618988132e-08,1,6.27406311860966e-08
2813565,"Pseudomonas sp. 74_A",1,6.24609618988132e-08,1,6.27852041442208e-08
1929999,"Bacteroides sp. Phil13",1,6.24609618988132e-08,1,6.28739106041714e-08
708087,"Cyclobacterium jeungdonense",1,6.24609618988132e-08,1,6.24986472640725e-08
2605433,"Sphingobacterium phlebotomi",1,6.24609618988132e-08,1.1,6.82012406643652e-08
2364150,"Enterobacter genomosp. O",1,6.24609618988132e-08,1,6.37340320233503e-08
3025336,"Pseudoalteromonas sp. Angola-7",1,6.24609618988132e-08,1.2,7.37225253587443e-08
114847,"uncultured Roseobacter sp.",1,6.24609618988132e-08,1.8,1.10286072727838e-07
3681944,"unknown genome; accession ID isNZ_CEEDOR010000139.1",1,6.24609618988132e-08,1,6.28909248683934e-08
3681944,"unknown genome; accession ID isNZ_CEEDOR010000147.1",1,6.24609618988132e-08,1,6.24609618988188e-08
3681944,"unknown genome; accession ID isNZ_CEEDOR010000334.1",1,6.24609618988132e-08,1,6.24609618988188e-08
3449452,"unknown genome; accession ID isNZ_CDRJTA010000007.1",1,6.24609618988132e-08,1,6.29799595450219e-08
2480799,"Alteromonas sp. KUL106",1,6.24609618988132e-08,1,6.40933479435523e-08
3025320,"Pseudoalteromonas sp. GABNB9D",1,6.24609618988132e-08,1,6.51678269193454e-08
2746063,"Bacteroides sp. L10-4",1,6.24609618988132e-08,1,6.3595743460265e-08
3416685,"unknown genome; accession ID isNZ_JBNDHX010000708.1",1,6.24609618988132e-08,1,6.24609618988188e-08
2883186,"Blautia sp. MSK20_18",1,6.24609618988132e-08,1,6.37149913936124e-08
NA,"unknown genome; accession ID isNZ_CALIRI010000118.1",1,6.24609618988132e-08,1,6.24609620722529e-08
3038777,"Fictibacillus sp. UD",1,6.24609618988132e-08,1.1,7.10414623813005e-08
2981649,"Anthropogastromicrobium sp.",1,6.24609618988132e-08,1,6.24609634854208e-08
3101048,"Candidatus Pseudoruminococcus sp.",1,6.24609618988132e-08,1,6.2461159006847e-08
1871030,"Merdibacter massiliensis",1,6.24609618988132e-08,1.1,6.97208343815073e-08
2975324,"Streptococcus sp. FSL R7-0248",1,6.24609618988132e-08,1,6.33674941224331e-08
2725308,"Streptococcus sp. WB01_FAA12",1,6.24609618988132e-08,1,6.24758171505436e-08
114527,"Mogibacterium diversum",1,6.24609618988132e-08,1,6.24975388415918e-08
2069609,"Moineauvirus VA460",1,6.24609618988132e-08,1,6.24609618988188e-08
2705254,"Catenulispora pinistramenti",1,6.24609618988132e-08,1,6.24609618988188e-08
3684508,"unknown genome; accession ID isNZ_JBVHRM010000067.1",1,6.24609618988132e-08,1,6.24833519671205e-08
2903532,"Streptomyces sp. IBSBF 2394",1,6.24609618988132e-08,1.1,6.84285604149479e-08
1940758,"Streptomyces sp. MH60",1,6.24609618988132e-08,1,6.28574617362913e-08
573499,"Parafrankia sp. Ea1.12",1,6.24609618988132e-08,1,6.24894237106405e-08
103729,"Actinokineospora globicatena",1,6.24609618988132e-08,1,6.25690483097776e-08
2496651,"Mesorhizobium sp. M4B.F.Ca.ET.019.03.1.1",1,6.24609618988132e-08,1,6.25439934420715e-08
2291999,"Bacteroides sp. AF39-11AC",1,6.24609618988132e-08,1,6.24609881516434e-08
3681991,"unknown genome; accession ID isNZ_CEEDDH010000233.1",1,6.24609618988132e-08,1,6.24609618988188e-08
3681991,"unknown genome; accession ID isNZ_CEEDDH010000326.1",1,6.24609618988132e-08,1,6.24609618988188e-08
1265311,"Mycobacterium arosiense",1,6.24609618988132e-08,1,6.24609618988188e-08
3401594,"unknown genome; accession ID isNZ_JBLWFX010000257.1",1,6.24609618988132e-08,1,6.24609618988188e-08
1273686,"Mycobacterium sp. VKM Ac-1816D",1,6.24609618988132e-08,1,6.24609618988188e-08
3399684,"Rahnella sp. PAMC25617",1,6.24609618988132e-08,1,6.2460970254477e-08
1786003,"Pararhodobacter sp. CCB-MM2",1,6.24609618988132e-08,1,6.2461643842931e-08
3159655,"Salmonella sp. s51944",1,6.24609618988132e-08,1,6.24700406028069e-08
3159720,"Salmonella sp. s59944",1,6.24609618988132e-08,1,6.36051695599682e-08
3412363,"Enterobacter cloacae complex sp. IR5422",1,6.24609618988132e-08,1.3,7.88018050720483e-08
2592638,"Blautia sp. MCC269",1,6.24609618988132e-08,1,6.25977308924456e-08
2292990,"Blautia sp. TM10-2",1,6.24609618988132e-08,1,6.26041978732119e-08
2292967,"Blautia sp. AF32-4BH",1,6.24609618988132e-08,1,6.25491667531833e-08
2592640,"Blautia sp. MCC283",1,6.24609618988132e-08,1,6.29444210213721e-08
1033731,"Alistipes timonensis",1,6.24609618988132e-08,1,6.31286039805348e-08
1131292,"Enterococcus ureilyticus",1,6.24609618988132e-08,1,6.25077145393682e-08
3710686,"unknown genome; accession ID isNZ_JBYFCG010000040.1",1,6.24609618988132e-08,1,6.24609618988188e-08
118246,"Ureibacillus terrenus",1,6.24609618988132e-08,1,6.24610581337561e-08
2817018,"Faecalibacterium sp. Marseille-Q4896",1,6.24609618988132e-08,1,6.25774873936304e-08
1715072,"Enterococcus sp. HMSC035C10",1,6.24609618988132e-08,1,6.24611623844089e-08
1739400,"Corynebacterium sp. HMSC069E04",1,6.24609618988132e-08,1,6.25869409494236e-08
3388842,"unknown genome; accession ID isNZ_JBKESZ010000010.1",1,6.24609618988132e-08,1,6.24662126196602e-08
3018253,"Streptococcus sp. SS4",1,6.24609618988132e-08,1.4,8.55739238891588e-08
3438915,"Bulleidia sp. HCP3S3_F2",1,6.24609618988132e-08,1.2,7.4099574589102e-08
1739430,"Streptococcus sp. HMSC078D09",1,6.24609618988132e-08,1,6.32475834560392e-08
1337,"Streptococcus hyointestinalis",1,6.24609618988132e-08,1,6.24990356892064e-08
2766953,"Streptococcus sp. GS001",1,6.24609618988132e-08,1.1,7.10552952213628e-08
2508069,"Epseptimavirus ev329",1,6.24609618988132e-08,1.6,9.97951016454592e-08
164115,"Streptomyces niveiscabiei",1,6.24609618988132e-08,1,6.24735321043372e-08
2316717,"Corallococcus sp. AB032C",1,6.24609618988132e-08,1,6.24624575812726e-08
401106,"Amycolatopsis tucumanensis",1,6.24609618988132e-08,1,6.44664399123448e-08
2585199,"Nocardia aurantia",1,6.24609618988132e-08,1,6.24609618988188e-08
2773304,"Dyadobacter subterraneus",1,6.24609618988132e-08,1,6.24634915800017e-08
3141586,"Bacteroides sp. MSSM.1001136sp1_RTP21357st2_D2_RTP21359_211015",1,6.24609618988132e-08,1,6.24742244683577e-08
3374540,"Klebsiella sp. H32",1,6.24609618988132e-08,1.3,7.83878521715272e-08
1737357,"Rhizobium wenxiniae",1,6.24609618988132e-08,1,6.24609619087746e-08
2603411,"Pseudonocardia sp. EV170527-09",1,6.24609618988132e-08,1,6.42936778287986e-08
3153424,"Klebsiella sp. CN_Kp105",1,6.24609618988132e-08,1,6.24613334193558e-08
2992766,"Vibrio sp. VP6",1,6.24609618988132e-08,1,6.31416353093602e-08
1777270,"Pseudoalteromonas sp. CO342X",1,6.24609618988132e-08,1.4,8.54376012114253e-08
3372857,"unknown genome; accession ID isNZ_CP173709.1",1,6.24609618988132e-08,1,6.36998877976722e-08
1181883,"Kineococcus endophyticus",1,6.24609618988132e-08,1,6.24609619003585e-08
365590,"Shewanella hafniensis",1,6.24609618988132e-08,1.5,9.67000514068645e-08
1449966,"Enterobacter sp. T1-1",1,6.24609618988132e-08,1,6.32108687661827e-08
3159721,"Salmonella sp. s60093",1,6.24609618988132e-08,1,6.24609829983085e-08
2985138,"Citrobacter sp. Cpo089",1,6.24609618988132e-08,1.2,7.59752255858624e-08
152297,"Pseudoalteromonas issachenkonii",1,6.24609618988132e-08,1,6.24609618988188e-08
1965592,"Gordonibacter sp. An230",1,6.24609618988132e-08,1.1,6.72768047706742e-08
2305242,"Clostridium sp. AM34-11AC",1,6.24609618988132e-08,1,6.31079910745604e-08
3699536,"unknown genome; accession ID isNZ_JBXAYL010000246.1",1,6.24609618988132e-08,1,6.24674174794092e-08
2774655,"Enterococcus sp. DIV0086",1,6.24609618988132e-08,1,6.24611514713444e-08
NA,"unknown genome; accession ID isNZ_CAMMSH010000003.1",1,6.24609618988132e-08,1,6.24609918159023e-08
NA,"unknown genome; accession ID isNZ_CAMMSH010000020.1",1,6.24609618988132e-08,1.2,7.58699235734276e-08
2774783,"Enterococcus sp. DIV0765f",1,6.24609618988132e-08,1,6.2709051452016e-08
2841532,"Intestinimonas sp. MSJ-38",1,6.24609618988132e-08,1,6.25488199835998e-08
2605776,"Bifidobacterium sp. WCA-178-WT-4B",1,6.24609618988132e-08,1,6.24618421965179e-08
2883191,"Streptococcus sp. MSK15_114",1,6.24609618988132e-08,1.1,6.91763044168086e-08
1739525,"Peptoniphilus sp. HMSC075B08",1,6.24609618988132e-08,1,6.24609618988188e-08
936578,"Streptococcus sp. AS20",1,6.24609618988132e-08,1,6.40404315763955e-08
2749044,"Gardnerella sp. DNF00186",1,6.24609618988132e-08,1,6.24611793955119e-08
112416,"Letharia columbiana",1,6.24609618988132e-08,1,6.31797062923298e-08
1231522,"Candidozyma duobushaemuli",1,6.24609618988132e-08,1,6.24609618988188e-08
4950,"Torulaspora delbrueckii",1,6.24609618988132e-08,1.5,9.40837986531066e-08
2292938,"Bacteroides sp. AM16-13",1,6.24609618988132e-08,1.1,7.17491773992215e-08
3699689,"unknown genome; accession ID isNZ_JBXWDG010000004.1",1,6.24609618988132e-08,1,6.24609659196522e-08
2545719,"Lysobacter sp. N42",1,6.24609618988132e-08,1,6.55113124782366e-08
2998568,"Citrobacter sp. W4",1,6.24609618988132e-08,1.2,7.52454438908487e-08
699437,"Arcticibacter tournemirensis",1,6.24609618988132e-08,1,6.47083431639079e-08
2933296,"Salmonella sp. L-S1409",1,6.24609618988132e-08,1,6.24611744411272e-08
2608359,"Pantoea sp. Ap-959",1,6.24609618988132e-08,1,6.24609618988188e-08
3159699,"Salmonella sp. s58078",1,6.24609618988132e-08,1,6.32401512219952e-08
3159708,"Salmonella sp. s58760",1,6.24609618988132e-08,1,6.24609848049727e-08
2292930,"Bacteroides sp. AF33-23",1,6.24609618988132e-08,1,6.26386705156062e-08
3159639,"Salmonella sp. s32443",1,6.24609618988132e-08,1,6.24609807030828e-08
3156066,"Sanguibacter sp. 26GB23",1,6.24609618988132e-08,1,6.41523859701623e-08
1177154,"Alcanivorax nanhaiticus",1,6.24609618988132e-08,1,6.24939249940007e-08
NA,"unknown genome; accession ID isNZ_CAKVCW010000054.1",1,6.24609618988132e-08,1,6.24609719425409e-08
1049,"Allochromatium vinosum",1,6.24609618988132e-08,1,6.24614500000446e-08
3682029,"unknown genome; accession ID isNZ_CEEDCJ010000076.1",1,6.24609618988132e-08,1,6.24609618988188e-08
84031,"Clostridium sartagoforme",1,6.24609618988132e-08,1,6.24609619028223e-08
2495408,"Clostridium sp. Marseille-P7770",1,6.24609618988132e-08,1,6.26279929965314e-08
2997294,"Gemmiger qucibialis",1,6.24609618988132e-08,1.1,6.55893030052737e-08
2762213,"Phocaeicola faecium",1,6.24609618988132e-08,1,6.24617114993447e-08
3053469,"Halalkalicoccus sp. NIPERK01",1,6.24609618988132e-08,1.5,9.42067921703645e-08
2304569,"Emergencia sp. 1XD21-10",1,6.24609618988132e-08,1,6.24627172407193e-08
3112112,"Clostridium sp. CTA-17",1,6.24609618988132e-08,1,6.25141961101166e-08
2763051,"Lachnospira hominis (ex Liu et al. 2021)",1,6.24609618988132e-08,1,6.3071651665786e-08
1516,"Thermoanaerobacter thermohydrosulfuricus",1,6.24609618988132e-08,1,6.24609618988188e-08
3438869,"Candidatus Merdisoma sp. HCP28S3_D10",1,6.24609618988132e-08,1,6.24611004067389e-08
NA,"unknown genome; accession ID isNZ_CACZIQ010000003.1",1,6.24609618988132e-08,1,6.24609978677787e-08
40543,"Sneathia sanguinegens",1,6.24609618988132e-08,1,6.36857227399006e-08
2480623,"Epseptimavirus STG2",1,6.24609618988132e-08,1.7,1.05024932188575e-07
1132637,"Penicillium atrosanguineum",1,6.24609618988132e-08,1,6.25689713335931e-08
3014558,"Streptomyces sp. ActVer",1,6.24609618988132e-08,1,6.30789639444882e-08
2651864,"Myxococcus sp. CA018",1,6.24609618988132e-08,1,6.24609618988188e-08
46165,"Actinomadura verrucosospora",1,6.24609618988132e-08,1,6.24609618988188e-08
2681412,"Roseomonas sp. 18066",1,6.24609618988132e-08,1,6.24609619189915e-08
2605744,"Pseudomonas sp. CAH-1",1,6.24609618988132e-08,1,6.24609618988188e-08
3048619,"Pseudomonas sp. CCI3.2",1,6.24609618988132e-08,1,6.24609618988188e-08
3153394,"Klebsiella sp. JB_Kp042",1,6.24609618988132e-08,1,6.26208262309626e-08
2920185,"Klebsiella sp. K4-172",1,6.24609618988132e-08,1,6.24612874029866e-08
3153396,"Klebsiella sp. JB_Kp044",1,6.24609618988132e-08,1,6.39150360538732e-08
NA,"unknown genome; accession ID isNZ_ADJX01000025.1",1,6.24609618988132e-08,1,6.24609618988188e-08
2054178,"Halomonas sp. ND22Bw",1,6.24609618988132e-08,1.1,6.87819117378016e-08
3133152,"Blautia intestinihominis",1,6.24609618988132e-08,1,6.32149518001093e-08
2583810,"Alteribacter natronophilus",1,6.24609618988132e-08,1,6.29733904642793e-08
393006,"Tamlana crocina",1,6.24609618988132e-08,1,6.40243275853595e-08
2941517,"Hominisplanchenecus murintestinalis",1,6.24609618988132e-08,1,6.24611523486466e-08
NA,"unknown genome; accession ID isNZ_CALJQE010000012.1",1,6.24609618988132e-08,1,6.24609635448824e-08
NA,"unknown genome; accession ID isNZ_CALJQE010000015.1",1,6.24609618988132e-08,1,6.24713938641063e-08
637390,"Acidithiobacillus thiooxidans",1,6.24609618988132e-08,1,6.24609618988188e-08
2584637,"Dorea sp. BIOML-A1",1,6.24609618988132e-08,1,6.25062172597481e-08
2914163,"Lawsonibacter sp. OA9",1,6.24609618988132e-08,1,6.26572332593501e-08
2762565,"Streptococcus sp. 22.1",1,6.24609618988132e-08,1.1,6.56584479903103e-08
3458240,"unknown genome; accession ID isNZ_JBQSUN010000007.1",1,6.24609618988132e-08,1,6.25068088824543e-08
3692808,"unknown genome; accession ID isNZ_JBJLQV010000003.1",1,6.24609618988132e-08,1,6.25516983582928e-08
3018254,"Streptococcus sp. SS6",1,6.24609618988132e-08,1.1,6.70789964035024e-08
563038,"Streptococcus sp. M334",1,6.24609618988132e-08,1,6.25065623806434e-08
286140,"uncultured Megamonas sp.",1,6.24609618988132e-08,1,6.32422148378861e-08
3003648,"Streptococcus sp. 27098_8_98",1,6.24609618988132e-08,1,6.26315642297535e-08
2598457,"Streptococcus sp. KS 6",1,6.24609618988132e-08,1,6.5262348115561e-08
2316014,"Epseptimavirus Sw2",1,6.24609618988132e-08,1.2,7.74207049630467e-08
