"TaxonomyID","Genome","read_count","Proportion","readsEM","EMProportion"
649756,"Anaerostipes hadrus",2641107,0.164416751003876,2637794.3,0.164210524023605
1160721,"Ruminococcus bicirculans (ex Wegman et al. 2014)",2052963,0.127803041069964,2051803.3,0.12773084505165
817,"Bacteroides fragilis",1751397,0.109029662356707,1751036.3,0.109007207933462
1196081,"Talaromyces amestolkiae",1430427,0.0890483270417371,1430425.8,0.0890482504823566
562,"Escherichia coli",995656,0.0619825416529944,995660.5,0.0619828228104739
89153,"[Clostridium] hylemonae",647709,0.0403218080054952,646604.7,0.0402530605643529
180164,"Blautia schinkii",580965,0.0361667958727029,527433.7,0.032834312924388
328813,"Alistipes onderdonkii",445874,0.0277569800985352,445843.3,0.0277550693288013
3144490,"Blautia sp. 1033sp1_1033st1_G9_1033SCRN_220408",399235,0.0248535638984079,397354.4,0.0247364894051346
858893,"Exophiala dermatitidis",395785,0.024638791156916,395784.8,0.0246387760208669
1150298,"Fusicatenibacter saccharivorans",319756,0.0199057602111521,308810.2,0.0192243527545297
853,"Faecalibacterium prausnitzii",299899,0.0186696030146872,301885.2,0.0187932491015626
626935,"Collinsella tanakaei",292821,0.0182289765033018,292814.5,0.0182285708947071
1304,"Streptococcus salivarius",283670,0.0176592995881157,283616.5,0.0176559685474218
2293160,"Ruminococcus sp. AF20-12LB",272105,0.0169393440068538,294171.9,0.0183130722852044
239935,"Akkermansia muciniphila",239603,0.0149159980230947,239590,0.0149151871793676
823,"Parabacteroides distasonis",227044,0.0141341629910958,227088.1,0.0141369082756728
39486,"Dorea formicigenerans",207980,0.0129473723986897,213045,0.0132626853558077
36656,"Penicillium crustosum",162161,0.010095003632772,160870.7,0.0100146811603103
39491,"Agathobacter rectalis",161305,0.0100417150916946,160546.9,0.0099945199483619
437897,"Megamonas funiformis",150719,0.00938270516664155,150720.6,0.00938280291621654
871665,"Blautia faecis",135065,0.00840819719698539,161620.7,0.0100613684606512
2787108,"Romboutsia sp. 1001713B170131_170501_G6",118600,0.0073832020698365,118580.5,0.00738198530605174
1720300,"Mediterraneibacter massiliensis",115008,0.00715958940681076,115911.4,0.00721582981313059
53443,"Blautia hydrogenotrophica",110482,0.00687783247116085,110775.2,0.00689608392193134
1186058,"Trichosporon asahii",100518,0.0062575438925449,100518.6,0.00625757978829672
1108849,"Penicillium rubens",98479,0.00613061008967478,99754.5,0.0062100152505627
5068,"Aspergillus tubingensis",81243,0.0050576179237751,81166.7,0.00505286888442602
301301,"Roseburia hominis",80401,0.00500520092425737,81869.5,0.00509661833567209
1309,"Streptococcus mutans",79706,0.00496193511111626,79722.8,0.00496298238372995
626937,"Christensenella minuta",78487,0.0048860487424558,78466.8,0.00488479158419641
330879,"Aspergillus fumigatus",75578,0.00470495485694859,75590.8,0.004705752275778
40520,"Blautia obeum",59911,0.0037296375987013,68556.2,0.00426782534764721
5480,"Candida parapsilosis",51959,0.00323460199280468,51959.3,0.00323462159072047
2883190,"Ruminococcus sp. TM463",49941,0.00310897550227407,40836.4,0.00254218609476497
2293154,"Ruminococcus sp. AF17-6",41724,0.00259744285971213,39353,0.00244984263142383
28118,"Odoribacter splanchnicus",37283,0.00232097742638882,36659.9,0.00228218939399837
84112,"Eggerthella lenta",33035,0.00205652681599535,32935.8,0.00205035415983991
187327,"Acidaminococcus intestini",32230,0.00200641317631392,32243.8,0.00200727028988095
33038,"Mediterraneibacter gnavus",28493,0.00177377383284866,28671.7,0.00178489610645076
1323,"Faecalicoccus pleomorphus",27969,0.00174115327732932,27994.8,0.00174276059267433
2981726,"Hominimerdicola aceti",27733,0.0017264615767519,33094.5,0.00206022791378941
2293216,"Ruminococcus sp. AM43-6",24865,0.00154792006295518,31156.1,0.00193956208346555
2292004,"Butyricicoccus sp. AM05-1",23767,0.00147956630348907,23817.3,0.00148269478558598
2003188,"Parolsenella catena",23667,0.00147334100663424,23673.3,0.00147373024323271
35833,"Bilophila wadsworthia",22944,0.00142833211037377,22944,0.00142833223255748
2292960,"Blautia sp. AF19-1",22534,0.00140280839326894,24079.6,0.00149902390907461
1496,"Clostridioides difficile",19633,0.00122221253151012,20445.7,0.00127280821893808
1311,"Streptococcus agalactiae",19278,0.00120011272767545,18953.3,0.00117990159903333
2109687,"Oscillibacter sp. PEA192",17427,0.00108488248289242,17449,0.00108625284068774
342942,"Mediterraneibacter glycyrrhizinilyticus",13562,0.000844274759452973,13665.7,0.000850728093030698
2981728,"Huintestinicola butyrica",12644,0.000787126534325571,12378.2,0.000770581295204765
261299,"Intestinibacter bartlettii",12124,0.000754754990680419,12160.2,0.000757009885042966
2292375,"Ruminococcus sp. OM06-36AC",10850,0.000675444708749798,11313.1,0.000704273835333468
1965472,"Audreyjarvisvirus AM4",10239,0.000637408144966745,10224.7,0.000636515221824871
28116,"Bacteroides ovatus",8988,0.000559529681312736,9387.9,0.00058442380306568
2508195,"Phapecoctavirus schickermooser",8852,0.000551063277590158,8789.9,0.000547200183101988
1495285,"Tequatrovirus e112",8805,0.000548137388068384,8433.6,0.000525013917532621
948870,"Justusliebigvirus phi92",8477,0.00052771841438452,8510.9,0.00052982830528078
2892346,"Skunavirus sv712",8475,0.000527593908447423,8155.3,0.000507693636752825
2163605,"Wroclawvirus PA5oct",8132,0.000506241140235332,8132,0.000506241140235336
2293123,"Parabacteroides sp. OF01-14",8064,0.000502007938374043,8342.2,0.000519326809669912
208479,"Enterocloster bolteae",7829,0.000487378490765177,7920.3,0.000493059104543988
2986411,"Cohcovirus splanchnicus",7708,0.000479845881570824,7610.6,0.000473785257958297
2589652,"Henuseptimavirus henu7",7025,0.000437327104052288,7019,0.000436953034473756
1579,"Lactobacillus acidophilus",6928,0.000431288566103097,6927,0.000431228057920578
1041524,"Przondovirus K30",6854,0.000426681846430518,6854,0.00042668184643052
2231352,"Epseptimavirus S126",6701,0.000417157142242617,5719.7,0.000356067955080365
2841536,"Ruminococcus sp. MSJ-25",6641,0.000413421964129715,7197.7,0.000448080027825494
2086583,"Pseudoruminococcus massiliensis",6313,0.00039300299044585,6013.4,0.000374354873057121
1358,"Lactococcus lactis",6186,0.000385096863440207,6129.3,0.000381566752631198
39483,"Faecalitalea cylindroides",6056,0.000377003977528919,6154.6,0.0003831415241924
2860374,"Suseptimavirus IME267",6034,0.000375634412220855,6003.2,0.000373717728593151
571,"Klebsiella oxytoca",5907,0.000367728285215213,5831.1,0.000363002056902028
2859655,"Philippevirus philippe",5880,0.000366047455064407,5880,0.000366047455064409
1880822,"Klebsiella virus PMBT1",5726,0.000356460497907958,5726,0.000356460422982299
47715,"Lacticaseibacillus rhamnosus",5559,0.00034606425216038,5560.6,0.000346163798886696
3141606,"Ruminococcus sp. RTP21359st1_H3_RTP21359_211015",5529,0.000344196663103929,6274.4,0.000390598364256923
594,"Salmonella enterica",5330,0.000331808322362804,5309.7,0.000330546195829679
2585119,"Alistipes dispar",5249,0.000326765831910386,5319.8,0.000331171997391308
27288,"Naumovozyma castellii",4771,0.000297008912944266,4772,0.0002970706231336
2601632,"Pawinskivirus PS119XW",4601,0.000286425908291043,4601,0.000286425908291045
1982628,"Faecalibacillus faecis",4543,0.000282815236115238,4563.8,0.000284109867583339
246787,"Bacteroides cellulosilyticus",4516,0.000281134405964432,4640.3,0.000288873659422191
2293202,"Ruminococcus sp. AM31-15AC",4250,0.000264575116330566,4434.1,0.000276037160829542
2029659,"Skunavirus sv16802",4078,0.000253867605740247,3828.1,0.000238311423332781
1211280,"Tulanevirus ime13",3639,0.000226538552547513,3639,0.000226538552547514
3114282,"Streptococcus parasalivarius",3390,0.000211037563378969,2845.7,0.000177154097954371
2562174,"Bimevirus IME346",3213,0.000200018787945908,3193.3,0.000198791044798679
103621,"Actinomyces urogenitalis",3209,0.000199769776071714,3209.2,0.000199782582532876
2883233,"Ruminococcus sp. 210702-SL.1.03",3139,0.000195412068273329,3474.3,0.000216284495788213
1933774,"Loudonvirus EC3a",3020,0.000188003965016073,3020,0.000188003948166535
1141139,"Vectrevirus ACGC91",2990,0.000186136375959622,2991.5,0.000186232768558897
1414766,"Murrayvirus EC2",2923,0.000181965427066881,2923,0.000181965427066882
1448317,"Aspergillus costaricensis",2916,0.000181529656287042,2761.2,0.000171889931971324
2873413,"Escherichia phage 26",2705,0.000168394279923337,2705.6,0.000168433934310766
2029673,"Skunavirus sv88605",2675,0.000166526690866886,2846.4,0.000177199947056155
2865806,"Dhillonvirus CHD5UKE2",2567,0.000159803370263662,2479.4,0.000154349675067444
3143190,"Intestinimonas sp. RTP31139st1_F5_RTP31139_211217",2538,0.000157998034175759,2474.9,0.00015406720388964
666,"Vibrio cholerae",2510,0.000156254951056405,2509.7,0.000156234936916794
1351,"Enterococcus faecalis",2504,0.000155881433245115,2849,0.000177358452095035
1211819,"Holdemania massiliensis",2457,0.000152955543723341,2463.7,0.000153371224966903
47858,"Micromonospora echinofusca",2352,0.000146418982025763,2234.5,0.000139102599781571
154288,"Turicibacter sanguinis",2324,0.000144675898906408,2324.8,0.00014472288378365
573,"Klebsiella pneumoniae",2259,0.000140629455950764,2115.8,0.000131714966143922
1679,"Bifidobacterium longum",2250,0.000140069179233829,2175.6,0.000135439530384099
2894753,"Dhillonvirus JLBYU60",2157,0.000134279653158831,1867.4,0.000116249444125586
2172043,"Bifidobacterium tibiigranuli",2106,0.000131104751762864,1879.8,0.000117023957969359
2419761,"Epseptimavirus mar003J3",2066,0.000128614633020929,2874.7,0.000178958368737895
1768767,"Streptococcus sp. CCH8-H5",2064,0.000128490127083833,1987.1,0.000123704761049537
2315629,"Tlsvirus blueshaddow",2055,0.000127929850366897,2061,0.000128303912382988
2763051,"Lachnospira hominis (ex Liu et al. 2021)",2026,0.000126124514278995,1982.7,0.000123431705340041
166486,"Roseburia intestinalis",1998,0.00012438143115964,1850.3,0.000115185930634924
2293178,"Ruminococcus sp. AF37-20",1972,0.000122762853977383,2056.1,0.000127996945209489
1141141,"Tequatrovirus c40",1952,0.000121517794606415,2317.7,0.000144280624422997
1686,"Bifidobacterium catenulatum",1939,0.000120708506015286,1777.6,0.000110660479701613
1896967,"Akkermansia sp. 54_46",1910,0.000118903169927384,1825.6,0.000113646607743338
3038130,"Hominisplanchenecus sp.",1858,0.000115666015562869,1808.4,0.000112578774622
29363,"Clostridium paraputrificum",1836,0.000114296450254805,1836.1,0.00011430456115793
1331216,"Bordetella bronchiseptica",1765,0.00010987648948787,1882.6,0.000117200074599121
2709391,"Bacteroides sp. ZJ-21",1739,0.000108257912305613,1708.1,0.000106334363870431
2021311,"Agathobacter sp.",1704,0.00010607905840642,1603.5,9.98217218503284e-05
1675602,"Moonvirus merlin",1690,0.000105207516846743,1686.8,0.000105010850128637
1971758,"Faecalicoccus sp.",1682,0.000104709493098356,1780.3,0.00011083051188873
762660,"Acinetobacter phage Ac42",1668,0.000103837951538679,1668,0.000103837951538679
1703332,"Butyribacter intestini",1650,0.000102717398104808,1716.5,0.0001068566097841
1579339,"Streptococcus sp. 449_SSPC",1626,0.000101223326859647,1697.6,0.000105678728372544
188913,"Cetobacterium somerae",1614,0.000100476291237067,1613.9,0.000100471476389436
3141601,"Ruminococcus sp. RTP21198st1_G1_RTP21198_201120",1568,9.76126546838418e-05,1667.5,0.000103808432286403
328812,"Parabacteroides goldsteinii",1560,9.71146309354548e-05,1551,9.65571571696334e-05
3133162,"Ruminococcoides intestinale",1409,8.77144326846512e-05,1414.5,8.8056924403058e-05
626939,"Phascolarctobacterium succinatutens",1394,8.67806381564256e-05,1395.6,8.68774650842664e-05
2910155,"Carltongylesvirus SKA49",1382,8.60336025338452e-05,1382,8.60336025338458e-05
2981789,"Dorea amylophila",1360,8.46640372257811e-05,1532.2,9.53838935818207e-05
46503,"Parabacteroides merdae",1358,8.45395312886844e-05,1357.7,8.451876416521e-05
1314,"Streptococcus pyogenes",1333,8.29832070749752e-05,1336.1,8.31766387304069e-05
581037,"Pbunavirus pv141",1332,8.29209541064268e-05,1332,8.29209541064274e-05
2952921,"Faecousia sp.",1298,8.08043531757823e-05,1461.8,9.10024434327365e-05
1776384,"Emergencia timonensis",1277,7.94970408362665e-05,1286,8.00555100761579e-05
1929886,"Eggerthella sp.",1258,7.83142344338475e-05,1306,8.1301368592793e-05
1765,"Mycobacterium tuberculosis",1227,7.63843924088481e-05,1202.6,7.48636496306646e-05
536633,"Blautia glucerasea",1217,7.57618627233644e-05,841.2,5.23698624230543e-05
2584622,"Akkermansia sp. BIOML-A66",1213,7.55128508491709e-05,1157.4,7.20542632182109e-05
1596,"Lactobacillus gasseri",1206,7.50770800693324e-05,1200.1,7.47128671941789e-05
1839799,"Streptococcus sp. FDAARGOS_192",1160,7.22134435161074e-05,1112.1,6.92290399506624e-05
818,"Bacteroides thetaiotaomicron",1147,7.14041549249786e-05,1141.9,7.10860088564536e-05
3438734,"Agathobacter sp. LCP21S3_B2",1093,6.80424946233667e-05,1247.2,7.76420907867088e-05
1511882,"Bocaparvovirus primate2",1076,6.69841941580445e-05,1076,6.69841941580449e-05
1930509,"Husavirus sp.",1071,6.66729293153026e-05,1071,6.66729293153031e-05
2894747,"Dhillonvirus JLBYU37",1067,6.64239174411092e-05,1342.2,8.35576362630013e-05
1318,"Streptococcus parasanguinis",1061,6.60503996298189e-05,904.8,5.63261293803782e-05
2012495,"Lactobacillus panisapium",1055,6.56768818185287e-05,1056.5,6.57697478513609e-05
1930076,"Leuconostoc sp.",1001,6.23152215169168e-05,1009.2,6.28286368789895e-05
1675603,"Mooglevirus mordin",983,6.11946680830462e-05,983,6.11946680830466e-05
871324,"Bacteroides stercorirosoris",971,6.04476324604658e-05,968.4,6.02866771497747e-05
1624,"Ligilactobacillus salivarius",969,6.03231265233691e-05,977.9,6.08785583958377e-05
169435,"Anaerotruncus colihominis",951,5.92025730894984e-05,966,6.0137873272754e-05
1559,"Clostridium tertium",949,5.90780671524017e-05,949.5,5.91111012892681e-05
2886925,"Enquatrovirus N4",933,5.80820196556278e-05,933,5.80820196556282e-05
2025877,"Parabacteroides sp. AT13",894,5.56541538822414e-05,920.6,5.73112699520725e-05
2029658,"Skunavirus sv05601",848,5.27905173290165e-05,806,5.01773033964478e-05
1945963,"Akkermansia sp. UBA3271",839,5.22302406120811e-05,902.5,5.61804305166411e-05
2847072,"Tequintavirus VEc33",812,5.05494104612752e-05,805.1,5.01200671087061e-05
2762566,"Streptococcus sp. 21.1",810,5.04249045241785e-05,720,4.48251677144272e-05
1448310,"Aspergillus neoniger",799,4.97401218701464e-05,866.7,5.39577133125512e-05
1265,"Ruminococcus flavefaciens",790,4.91798451532111e-05,824.4,5.13189337999879e-05
2853091,"Gamaleyavirus U1g",769,4.78725328136954e-05,699,4.35122171720233e-05
1636560,"Skunavirus sv155",762,4.74367620338568e-05,718,4.46997292846798e-05
2508193,"Wifcevirus WFC",758,4.71877501596633e-05,758,4.71877501596636e-05
2949657,"Parabacteroides sp. B2-S-102",753,4.68764853169215e-05,846.5,5.26954838713991e-05
1604355,"Suseptimavirus ECBP2",744,4.63162085999861e-05,758.2,4.72014543622118e-05
1305,"Streptococcus sanguinis",726,4.51956551661155e-05,778.3,4.84496863870729e-05
3101048,"Candidatus Pseudoruminococcus sp.",712,4.43241136064383e-05,909.4,5.6612205355306e-05
2596884,"Epseptimavirus OSYSTA",688,4.28300423612775e-05,631.3,3.92972558632162e-05
1788294,"Kayfunavirus 101118UKE1",686,4.27055364241808e-05,605,3.7663789092431e-05
1547,"Thomasclavelia ramosa",653,4.06511884620846e-05,650.5,4.04940545049621e-05
2681630,"Eganvirus ev186",653,4.06511884620846e-05,663.7,4.13189983577004e-05
1161417,"Streptococcus sp. SR4",643,4.00286587766009e-05,653.8,4.07039318640572e-05
2292002,"Bacteroides sp. AM16-24",632,3.93438761225689e-05,640.2,3.98558918621397e-05
2498453,"Geminicoccus harenae",631,3.92816231540205e-05,848.6,5.28274460607311e-05
698487,"Kagunavirus K1H",624,3.88458523741819e-05,629.4,3.91849577093557e-05
592978,"Mediterraneibacter faecis",621,3.86590934685368e-05,726.2,4.52052807701974e-05
28026,"Bifidobacterium pseudocatenulatum",615,3.82855756572466e-05,849.9,5.29075381635321e-05
1448311,"Aspergillus vadensis",590,3.67292514435374e-05,661.5,4.11819285695047e-05
3029762,"Bacillus sp. 159",569,3.54219391040217e-05,629.8,3.92052061727466e-05
360807,"Roseburia inulinivorans",560,3.48616623870863e-05,490.6,3.05425397724407e-05
2292966,"Blautia sp. AF26-2",549,3.41768797330543e-05,513.4,3.19628680176353e-05
1579342,"Streptococcus sp. 343_SSPC",537,3.34298441104739e-05,566.2,3.52452155157917e-05
37734,"Enterococcus casseliflavus",526,3.27450614564418e-05,520.4,3.23966921893628e-05
1308,"Streptococcus thermophilus",518,3.22470377080549e-05,557.8,3.47225041709503e-05
1118062,"Peptoniphilus obesi",511,3.18112669282163e-05,505.1,3.14429044333507e-05
1262962,"Ruminococcus sp. CAG:57",510,3.17490139596679e-05,514.3,3.20157535041096e-05
1897495,"Phapecoctavirus ESCO5",505,3.14377491169261e-05,533.2,3.31907779765531e-05
2292248,"Ruminococcus sp. AF17-22AC",499,3.10642313056359e-05,736.8,4.58696588615875e-05
2675249,"Skunavirus CHPC361",493,3.06907134943457e-05,471.5,2.93552890603227e-05
88431,"Dorea longicatena",492,3.06284605257973e-05,547.4,3.40746522241179e-05
821,"Phocaeicola vulgatus",491,3.05662075572489e-05,455.9,2.83803827921427e-05
46228,"[Ruminococcus] lactaris",483,3.0068183808862e-05,524.1,3.26276310696143e-05
1346893,"Scuticavirus SMA6",479,2.98191719346685e-05,479,2.9817475594547e-05
5076,"Penicillium chrysogenum",478,2.97569189661201e-05,475.2,2.95810969891934e-05
3053355,"Streptococcus raffinosi",472,2.93834011548299e-05,501.5,3.12212294839554e-05
28025,"Bifidobacterium animalis",462,2.87608714693462e-05,462.4,2.87829834101769e-05
1872530,"Anaerostipes sp.",459,2.85741125637011e-05,458.3,2.8532745084309e-05
2029671,"Skunavirus sv66901",452,2.81383417838625e-05,457.9,2.85074984513333e-05
1262980,"Veillonella sp. CAG:933",448,2.78893299096691e-05,432.4,2.69154925770171e-05
2231342,"Epseptimavirus S113",443,2.75780650669272e-05,501.9,3.12423641626426e-05
338106,"Alphatrevirus NC28",442,2.75158120983789e-05,410.7,2.5569742321051e-05
1280,"Staphylococcus aureus",436,2.71422942870887e-05,580.5,3.61368891872818e-05
2997954,"Coprococcus sp. LG101-27",428,2.66442705387017e-05,436.4,2.71668888835776e-05
2478954,"Catenibacterium sp. co_0103",425,2.64575116330566e-05,400.1,2.49054912079953e-05
2836105,"Dhillonvirus sponge",408,2.53992111677343e-05,504.8,3.14273653990065e-05
1078089,"Bacteroides sp. HPS0048",402,2.50256933564441e-05,378,2.35342895643348e-05
1739483,"Streptococcus sp. HMSC078H12",396,2.46521755451539e-05,446.1,2.77716940997327e-05
2963958,"Citrobacter sp. Igbk 16",383,2.38428869540251e-05,361.5,2.25013504747447e-05
2714735,"Hanrivervirus PGN590",382,2.37806339854768e-05,382,2.37806339854769e-05
820,"Bacteroides uniformis",373,2.32203572685414e-05,414.9,2.58269144354644e-05
1033731,"Alistipes timonensis",372,2.31581042999931e-05,362.9,2.25929568715255e-05
1415628,"Gyrovirus homsa2",372,2.31581042999931e-05,372,2.31581042999932e-05
2591382,"Dysosmobacter sp.",364,2.26600805516061e-05,353.1,2.19819840326117e-05
45851,"Eshraghiella crossota",363,2.25978275830578e-05,358.6,2.23235245914807e-05
1604356,"Gamaleyavirus ECBP1",363,2.25978275830578e-05,433,2.69561970118522e-05
1870993,"Coprococcus phoceensis",361,2.2473321645961e-05,351.6,2.18893701683501e-05
2029667,"Skunavirus sv57001",360,2.24110686774127e-05,421,2.62059744862758e-05
1264,"Ruminococcus albus",359,2.23488157088643e-05,360,2.24130876110584e-05
1527506,"Teseptimavirus CICC80001",359,2.23488157088643e-05,358.9,2.23444792028774e-05
2763023,"Bacteroides hominis",349,2.17262860233806e-05,388,2.41514789389062e-05
1768764,"Streptococcus sp. CCH5-D3",343,2.13527682120904e-05,515.9,3.2118809666259e-05
1069201,"Aspergillus luchuensis",335,2.08547444637034e-05,388.8,2.42045568896358e-05
2986396,"Kingevirus communis",333,2.07302385266067e-05,333,2.07302385266068e-05
1118056,"Anaerococcus obesiensis",332,2.06679855580583e-05,315.6,1.96489234521958e-05
2592644,"Clostridium sp. MCC344",327,2.03567207153165e-05,339.5,2.11335673223155e-05
2291999,"Bacteroides sp. AF39-11AC",324,2.01699618096714e-05,360.1,2.24196679591949e-05
1874589,"Skunavirus sv3R16S",321,1.99832029040263e-05,400.6,2.49365171728246e-05
548,"Klebsiella aerogenes",317,1.97341910298328e-05,318.7,1.98386179131607e-05
60171,"Penicillium verrucosum",313,1.94851791556393e-05,312.1,1.94282939717973e-05
214856,"Alistipes finegoldii",309,1.92361672814459e-05,300.5,1.87098898768917e-05
78345,"Bifidobacterium merycicum",309,1.92361672814459e-05,310.5,1.93291776311481e-05
1735,"Holdemanella biformis",306,1.90494083758008e-05,282.9,1.76106796326737e-05
2883208,"Dorea sp. 210702-DFI.3.17",306,1.90494083758008e-05,319.9,1.99165546135014e-05
2762571,"Streptococcus sp. 9.1",304,1.8924902438704e-05,359.6,2.2384354756145e-05
1297617,"Intestinimonas butyriciproducens",301,1.87381435330589e-05,348.8,2.17154871401783e-05
2981794,"Roseburia amylophila",291,1.81156138475752e-05,302.6,1.88379102608708e-05
3438916,"Bulleidia sp. HCP3S3_G12",288,1.79288549419301e-05,283,1.76161113413959e-05
1637508,"Ruminococcus sp. N15.MGS-57",284,1.76798430677366e-05,296.2,1.84376142848314e-05
116085,"Coprococcus catus",283,1.76175900991883e-05,314.1,1.95555944945848e-05
1352,"Enterococcus faecium",274,1.7057313382253e-05,237.7,1.47987115293204e-05
3438938,"Dysosmobacter sp. HCP28S3_G4",267,1.66215426024144e-05,252,1.5686084873741e-05
3141602,"Ruminococcus sp. RTP21204st1_B2_RTP21204_210225",265,1.64970366653176e-05,276.2,1.71947392956621e-05
2975324,"Streptococcus sp. FSL R7-0248",263,1.63725307282209e-05,299.3,1.86342609180795e-05
2080749,"Dorea sp. Marseille-P4042",261,1.62480247911242e-05,261.9,1.6306712390692e-05
1261635,"Roseburia sp. 831b",260,1.61857718225758e-05,257.1,1.6002947111332e-05
1234680,"Streptococcus rubneri",260,1.61857718225758e-05,349.5,2.17552049694425e-05
2943492,"Corynebacterium intestinale",254,1.58122540112856e-05,254,1.58122239671891e-05
2865794,"Suseptimavirus 101114UKE3",249,1.55009891685438e-05,263.4,1.63977298650435e-05
532075,"Kayfunavirus EcoDS1",247,1.5376483231447e-05,328,2.04182305631971e-05
3018253,"Streptococcus sp. SS4",246,1.53142302628986e-05,313.5,1.95176282505602e-05
3458240,"unknown genome; accession ID isNZ_JBQSUN010000001.1",246,1.53142302628986e-05,285,1.77410713033791e-05
338102,"Alphatrevirus ID32",245,1.52519772943503e-05,274.4,1.70852554724704e-05
2764326,"Fusobacterium hominis",244,1.51897243258019e-05,244.2,1.52006223756224e-05
1531,"Enterocloster clostridioformis",242,1.50652183887052e-05,247.2,1.5386499119579e-05
2480623,"Epseptimavirus STG2",241,1.50029654201568e-05,284.6,1.77198857658915e-05
2292972,"Blautia sp. AM28-10",237,1.47539535459633e-05,253.7,1.57950731816481e-05
2305483,"Ceduovirus blBB94p4",236,1.4691700577415e-05,235.7,1.46707903175103e-05
1550024,"Ruthenibacterium lactatiformans",230,1.43181827661247e-05,227.2,1.41424666939625e-05
3438797,"Parolsenella sp. LCP21S3_E11",228,1.4193676829028e-05,223.9,1.39384635367442e-05
1316412,"Streptococcus sp. HSISS3",226,1.40691708919313e-05,256.7,1.59807073158248e-05
1920491,"Pseudomonas sp. FSL W5-0203",223,1.38824119862862e-05,208.2,1.29598324479753e-05
2021738,"Hudisavirus sp.",222,1.38201590177378e-05,222,1.38201590177379e-05
684066,"Streptococcus lactarius",221,1.37579060491894e-05,235,1.46265223880757e-05
1969173,"Blautia sp. LMAG:89",221,1.37579060491894e-05,208.2,1.29594850922801e-05
310297,"Phocaeicola plebeius",219,1.36334001120927e-05,219,1.36323665419462e-05
1262954,"Ruminococcus sp. CAG:330",218,1.35711471435443e-05,218.1,1.35771316828373e-05
1739381,"Streptococcus sp. HMSC072D03",217,1.3508894174996e-05,282.1,1.75601359876036e-05
858632,"Streptomyces sp. JV178",216,1.34466412064476e-05,189.9,1.18189187044831e-05
457387,"Bacteroides sp. 1_1_30",214,1.33221352693509e-05,215.9,1.34401814865937e-05
2711185,"Kuravirus MN05",208,1.29486174580606e-05,210.2,1.30833146270343e-05
1118059,"Kallipyga massiliensis",205,1.27618585524155e-05,205.4,1.27850624216339e-05
1567028,"Gaprivervirus vr25",202,1.25750996467704e-05,202.1,1.25805665848446e-05
1428,"Bacillus thuringiensis",198,1.2326087772577e-05,222.8,1.38725686624608e-05
2714353,"Vescimonas fastidiosa",198,1.2326087772577e-05,205.8,1.28141971020145e-05
2083008,"uncultured Parolsenella sp.",198,1.2326087772577e-05,155.2,9.66108649318808e-06
1439894,"Alcyoneusvirus K641",196,1.22015818354802e-05,196,1.22015818354803e-05
1290,"Staphylococcus hominis",195,1.21393288669319e-05,195.6,1.21791943804531e-05
210,"Helicobacter pylori",195,1.21393288669319e-05,196.9,1.22554621455998e-05
1816688,"Ruminococcus sp. Marseille-P328",194,1.20770758983835e-05,195.3,1.21604439401722e-05
328814,"Alistipes shahii",193,1.20148229298351e-05,211.3,1.31561488106172e-05
3133167,"Faecousia intestinalis",190,1.182806402419e-05,206.6,1.28623297505754e-05
1737424,"Blautia massiliensis (ex Durand et al. 2017)",189,1.17658110556416e-05,208.1,1.29523340250304e-05
1868853,"Vedamuthuvirus vv62503",189,1.17658110556416e-05,188.9,1.17567842112746e-05
2937417,"Bacteroides muris (ex Fokt et al. 2023)",185,1.15167991814482e-05,185.1,1.15232126137646e-05
2981770,"Gallintestinimicrobium propionicum",185,1.15167991814482e-05,197.4,1.22914357123258e-05
358742,"Enterocloster aldenensis",184,1.14545462128998e-05,179.7,1.11868723829645e-05
3420949,"Kitasatospora sp. LaBMicrA B282",180,1.12055343387063e-05,149.1,9.28188995751932e-06
2509240,"Blautia faecicola",178,1.10810284016096e-05,172,1.07074576634956e-05
348802,"Exophiala xenobiotica",175,1.08942694959645e-05,159.5,9.92961293442404e-06
2927224,"Akkermansia massiliensis",171,1.0645257621771e-05,166.2,1.03484885834687e-05
2883207,"Dorea sp. 210702-DFI.3.125",168,1.04584987161259e-05,173.8,1.08165457038774e-05
2508180,"Tequatrovirus kaw",167,1.03962457475775e-05,170.2,1.05930678691238e-05
2292366,"Roseburia sp. AM51-8",166,1.03339927790292e-05,170.7,1.06275442103727e-05
10843,"Gequatrovirus G4",166,1.03339927790292e-05,166,1.03339927790292e-05
3133499,"Maccoyibacter intestinihominis",164,1.02094868419324e-05,170,1.05841059236987e-05
2762819,"Eowynvirus eowyn",163,1.01472338733841e-05,163,1.01472338733841e-05
1006551,"Klebsiella michiganensis",161,1.00227279362873e-05,160.3,9.97898102818725e-06
1867125,"Protoparvovirus primate3",161,1.00227279362873e-05,161,1.00227279362874e-05
1297123,"Mycobacterium leprae",158,9.83596903064222e-06,166.5,1.03661285176109e-05
2358141,"Anaerotignum faecicola",158,9.83596903064222e-06,150.5,9.36819383443896e-06
2293152,"Ruminococcus sp. AF17-1AC",155,9.64921012499711e-06,152.4,9.48644763108828e-06
76860,"Streptococcus constellatus",153,9.52470418790038e-06,150.4,9.36281936298557e-06
2565517,"Epseptimavirus Sds2",153,9.52470418790038e-06,205.9,1.28187639507615e-05
2601697,"Epseptimavirus ev23",151,9.40019825080364e-06,183.6,1.1427167439935e-05
2890409,"Candidatus Nitrotoga sp. M5",149,9.2756923137069e-06,163.6,1.01851243796777e-05
1518575,"Burkina Faso astrovirus",148,9.21343934515853e-06,148,9.21343934515859e-06
1448314,"Aspergillus eucalypticola",147,9.15118637661017e-06,164,1.02065988933257e-05
1581080,"Streptococcus sp. HMSC10E12",147,9.15118637661017e-06,178.7,1.11241854650595e-05
574649,"Agrococcus terreus",146,9.0889334080618e-06,140.2,8.72520449377777e-06
1397112,"Patiriisocius marinus",146,9.0889334080618e-06,157.2,9.78535952686092e-06
3381956,"Escherichia sp. WS2055",144,8.96442747096506e-06,144.4,8.98739044250409e-06
1303,"Streptococcus oralis",143,8.90217450241669e-06,147.2,9.16201082054364e-06
1511807,"Rosavirus acaliforni",137,8.52865669112648e-06,137,8.52865669112654e-06
53345,"Enterococcus durans",136,8.46640372257811e-06,183.9,1.14471570481765e-05
213774,"Skunavirus P475",136,8.46640372257811e-06,168.2,1.04738634847626e-05
2815806,"Waltera sp.",135,8.40415075402974e-06,154,9.58946334401028e-06
2058896,"Arthrobacter sp. SX1312",134,8.34189778548137e-06,120.8,7.52090735714152e-06
195,"Campylobacter coli",133,8.27964481693301e-06,138.3,8.60967103933634e-06
683174,"Astrovirus VA3",131,8.15513887983627e-06,131,8.15513887983632e-06
3369477,"unknown genome; accession ID isNZ_CBCPLV010000002.1",127,7.9061270056428e-06,125,7.78314713568163e-06
2986398,"Jahgtovirus intestinalis",126,7.84387403709443e-06,126,7.84387403709448e-06
1971762,"Holdemanella sp.",124,7.71936809999769e-06,155.7,9.69261527523335e-06
3438232,"unknown genome; accession ID isNZ_CP195165.1",124,7.71936809999769e-06,118.8,7.39385418499205e-06
1156431,"Streptococcus ilei",122,7.59486216290095e-06,128.5,8.00173129084594e-06
1673717,"Anaeromassilibacillus senegalensis",122,7.59486216290095e-06,118.3,7.36236304553724e-06
1872421,"Akkermansia sp.",120,7.47035622580422e-06,123,7.66015084995098e-06
2316726,"Corallococcus sicarius",119,7.40810325725585e-06,108.6,6.76196256571517e-06
1540095,"Moonvirus moon",119,7.40810325725585e-06,122.2,7.60691154117581e-06
1415627,"Gyrovirus homsa4",118,7.34585028870748e-06,118,7.34585028870753e-06
2957767,"Vibrio sp. Y28_XK_CS4",117,7.28359732015911e-06,119,7.40794240701763e-06
2885687,"Escherichia phage NTEC3",116,7.22134435161074e-06,118.4,7.36851783820288e-06
1965304,"Intestinibacter sp.",113,7.03458544596564e-06,113.1,7.04254824856864e-06
1437363,"Sherbrookevirus CDHM13",111,6.9100795088689e-06,111.2,6.92247728032732e-06
647910,"Listeria rocourtiae",110,6.84782654032053e-06,134.5,8.37268035031215e-06
3252638,"Catenibacterium sp. GCM10023432",109,6.78557357177216e-06,122,7.59582168546528e-06
60172,"Penicillium solitum",108,6.72332060322379e-06,109.1,6.79302400714013e-06
2488596,"Dhillonvirus PNS1",104,6.47430872903032e-06,109.2,6.79531481261127e-06
215243,"Exophiala oligosperma",104,6.47430872903032e-06,106,6.59580229526183e-06
1912855,"Faecalimonas umbilicata",103,6.41205576048195e-06,111.6,6.94504651845201e-06
743300,"Circovirus eniyan",101,6.28754982338522e-06,101,6.28754982338526e-06
331117,"Aspergillus fischeri",100,6.22529685483685e-06,91.7,5.70574122758023e-06
2316025,"Mediterraneibacter butyricigenes",100,6.22529685483685e-06,77,4.79478859393458e-06
1917868,"Blautia marasmi",98,6.10079091774011e-06,148.1,9.21756800985569e-06
3159658,"Salmonella sp. s52026",98,6.10079091774011e-06,125.1,7.7853236688366e-06
990718,"uncultured Phocaeicola sp.",97,6.03853794919174e-06,95.9,5.96756810117145e-06
1623,"Ligilactobacillus ruminis",95,5.91403201209501e-06,95.9,5.97015391888693e-06
2507160,"Aminipila luticellarii",95,5.91403201209501e-06,95,5.91433333462534e-06
665942,"Desulfovibrio sp. 6_1_46AFAA",93,5.78952607499827e-06,93,5.78953200220759e-06
1261,"Peptostreptococcus anaerobius",92,5.7272731064499e-06,92.3,5.74892435159547e-06
2500819,"Skunavirus MV10L",92,5.7272731064499e-06,109.4,6.8113642002009e-06
1322,"Blautia hansenii",91,5.66502013790153e-06,93,5.78707465322987e-06
2083006,"Parolsenella sp.",91,5.66502013790153e-06,132.7,8.2609724830191e-06
1715116,"Streptococcus sp. HMSC065H07",91,5.66502013790153e-06,102.5,6.38196738464348e-06
2316720,"Corallococcus interemptor",91,5.66502013790153e-06,101.2,6.29783199239277e-06
672,"Vibrio vulnificus",90,5.60276716935316e-06,89.2,5.55152416638625e-06
716544,"Waddlia chondrophila",89,5.54051420080479e-06,87.3,5.43417154204495e-06
301302,"Roseburia faecis",88,5.47826123225643e-06,90.2,5.61611600503173e-06
1448313,"Aspergillus piperis",87,5.41600826370806e-06,106.7,6.64410359997578e-06
2292346,"Dorea sp. AM58-8",86,5.35375529515969e-06,85.8,5.34274260564874e-06
477641,"Modestobacter marinus",86,5.35375529515969e-06,88.5,5.50787693780531e-06
1945634,"Butyricicoccus porcorum",85,5.29150232661132e-06,89.1,5.54644532783034e-06
1502,"Clostridium perfringens",79,4.91798451532111e-06,81.2,5.05800907479999e-06
357276,"Phocaeicola dorei",79,4.91798451532111e-06,87.2,5.42546574839063e-06
1590,"Lactiplantibacillus plantarum",78,4.85573154677274e-06,79.3,4.93928292857906e-06
1186124,"Salmonella phage SP-3",77,4.79347857822437e-06,78.3,4.8712988638895e-06
2886918,"Epseptimavirus EPS7",77,4.79347857822437e-06,90.5,5.63462844017159e-06
45133,"Lasiodiplodia theobromae",75,4.66897264112764e-06,83.5,5.19973942007175e-06
1739371,"Streptococcus sp. HMSC064H09",75,4.66897264112764e-06,103.2,6.4225551907314e-06
3025759,"uncultured Thomasclavelia sp.",74,4.60671967257927e-06,82,5.1028975615264e-06
1981500,"Vequintavirus V18",74,4.60671967257927e-06,74,4.60671973907529e-06
487174,"Barnesiella intestinihominis",73,4.5444667040309e-06,72.7,4.52418053946402e-06
1905700,"Brucella sp. CMUL 036",73,4.5444667040309e-06,69,4.29841534606477e-06
3458240,"unknown genome; accession ID isNZ_JBQSUN010000005.1",73,4.5444667040309e-06,73.6,4.5846577602686e-06
626931,"Bacteroides oleiciplenus",72,4.48221373548253e-06,71.5,4.45319177460468e-06
1683,"Bifidobacterium angulatum",71,4.41996076693416e-06,71.6,4.45471363021199e-06
NA,"unknown genome; accession ID isNZ_CASEUO010000028.1",71,4.41996076693416e-06,70.6,4.39807109654294e-06
2997952,"Coprococcus sp. TM115-187",70,4.35770779838579e-06,83.1,5.17332669779252e-06
1572753,"Berlinvirus P483",70,4.35770779838579e-06,70.1,4.36204437538472e-06
29391,"Gemella morbillorum",69,4.29545482983742e-06,69.2,4.30520509147602e-06
1341,"Streptococcus ratti",69,4.29545482983742e-06,69,4.29548959933333e-06
1673721,"Intestinimonas massiliensis (ex Afouda et al. 2020)",68,4.23320186128906e-06,62.2,3.87063210220267e-06
2293132,"Roseburia sp. AF25-13LB",68,4.23320186128906e-06,65.3,4.06606860013899e-06
165179,"Segatella copri",67,4.17094889274069e-06,66.8,4.16071709013003e-06
1147150,"Nochtlivirus mEp235",67,4.17094889274069e-06,66.9,4.1651340070977e-06
2767439,"Klebsiella sp. S69",67,4.17094889274069e-06,69.5,4.32895779123205e-06
3025328,"Pseudoalteromonas sp. CST3",67,4.17094889274069e-06,64.9,4.04230493024185e-06
2905675,"Skunavirus sk1",67,4.17094889274069e-06,80.5,5.01220881938835e-06
674529,"Bacteroides faecis",66,4.10869592419232e-06,66.5,4.14012062879669e-06
2764323,"Catenibacterium faecis",66,4.10869592419232e-06,74,4.60744194770864e-06
1597,"Lacticaseibacillus paracasei",65,4.04644295564395e-06,66.1,4.11546665775806e-06
1796628,"Longibaculum muris",65,4.04644295564395e-06,72,4.48122748223108e-06
133926,"Olsenella uli",65,4.04644295564395e-06,66.3,4.12905740489134e-06
3112950,"Sphingomonas sp. MJ1 (PH-R8)",65,4.04644295564395e-06,65.3,4.0640854843271e-06
2725308,"Streptococcus sp. WB01_FAA12",64,3.98418998709558e-06,63,3.9215631733346e-06
1330491,"Cosavirus asiani",64,3.98418998709558e-06,64,3.98418998709561e-06
1965233,"Odoribacter sp.",64,3.98418998709558e-06,61.9,3.85336928407369e-06
33039,"[Ruminococcus] torques",62,3.85968404999885e-06,67.3,4.18695189698588e-06
268346,"Penicillium mononematosum",62,3.85968404999885e-06,62.2,3.87088326276813e-06
2293103,"Eubacterium sp. AF15-50",61,3.79743108145048e-06,60.5,3.76498879600057e-06
212818,"Exophiala mesophila",60,3.73517811290211e-06,72,4.48323008120596e-06
33037,"Anaerococcus vaginalis",60,3.73517811290211e-06,80.8,5.02760790417285e-06
1946007,"Alistipes sp. UBA1686",60,3.73517811290211e-06,60.3,3.75695569157543e-06
3143217,"Phocaeicola sp. RTP21198st1_B8_RTP21198_201120",59,3.67292514435374e-06,62.9,3.91411719905561e-06
2024334,"Ceduovirus cv05802",59,3.67292514435374e-06,59.3,3.69280396835397e-06
1512,"[Clostridium] symbiosum",58,3.61067217580537e-06,56.4,3.51328124650863e-06
2025819,"Epseptimavirus SH9",58,3.61067217580537e-06,67,4.17266230388628e-06
1796622,"Extibacter muris",57,3.548419207257e-06,57.1,3.55287427886974e-06
1296538,"Lactiplantibacillus mudanjiangensis",56,3.48616623870863e-06,64.5,4.01511033146724e-06
2732864,"Modestobacter italicus",56,3.48616623870863e-06,72.9,4.54134700489818e-06
2597346,"Microbacterium sp. ANT_H45B",56,3.48616623870863e-06,51,3.172454991541e-06
864178,"Clostridium phage phiCD6356",56,3.48616623870863e-06,56,3.48645570662044e-06
2763028,"Blautia intestinalis",55,3.42391327016027e-06,57.5,3.58012745833054e-06
3134671,"Coprococcus sp. HCN-4056",55,3.42391327016027e-06,59.7,3.71801401987722e-06
3420582,"Candidatus Pseudoscillospira sp. SGI.172",55,3.42391327016027e-06,55,3.42682759276139e-06
126998,"Penicillium bovifimosum",55,3.42391327016027e-06,54.7,3.40603098639419e-06
2841517,"Blautia sp. MSJ-19",54,3.3616603016119e-06,59.4,3.69801192391771e-06
1495854,"Brevundimonas sp. EAKA",54,3.3616603016119e-06,56.5,3.51699811240501e-06
1343,"Streptococcus vestibularis",54,3.3616603016119e-06,55.9,3.48124295143927e-06
2981769,"Waltera acetigignens",53,3.29940733306353e-06,74.4,4.63028341849896e-06
44273,"Lactococcus sp.",52,3.23715436451516e-06,57.5,3.58007393331417e-06
2978683,"Burkholderia orbicola",52,3.23715436451516e-06,63,3.92367217041806e-06
2954545,"Streptococcus sp. FSL W7-1342",52,3.23715436451516e-06,54.4,3.38486946354587e-06
69359,"Thiohalocapsa halophila",51,3.17490139596679e-06,48.2,2.99797573733614e-06
418240,"Blautia wexlerae",50,3.11264842741842e-06,56,3.4862555432015e-06
1638783,"Akkermansia sp. UNK.MGS-1",50,3.11264842741842e-06,55.2,3.4336863293884e-06
2789289,"Amycolatopsis sp. lyj-346",50,3.11264842741842e-06,58.3,3.62743826716121e-06
3018246,"Streptococcus sp. SN3",50,3.11264842741842e-06,62.8,3.90929023717807e-06
1681,"Bifidobacterium bifidum",49,3.05039545887006e-06,49,3.05349443789073e-06
1637502,"Odoribacter sp. N15.MGS-14",49,3.05039545887006e-06,49,3.04826882798093e-06
2963151,"Streptococcus sp. CF8_St5-16",49,3.05039545887006e-06,50.3,3.129696047068e-06
1642588,"Septimatrevirus DLP1",49,3.05039545887006e-06,49,3.05039545887008e-06
435842,"Streptococcus sp. C150",48,2.98814249032169e-06,50.1,3.11832553599287e-06
2584642,"Eggerthella sp. BIOML-A5",48,2.98814249032169e-06,45.8,2.85148069558778e-06
2293033,"Clostridium sp. AM46-21",48,2.98814249032169e-06,55.4,3.44777184305261e-06
2292441,"Paratractidigestivibacter faecalis",47,2.92588952177332e-06,49.9,3.10679847119172e-06
2292951,"Bacteroides sp. AM37-9",47,2.92588952177332e-06,44.1,2.74310787846482e-06
408139,"Leptospira kmetyi",47,2.92588952177332e-06,53,3.29861612690511e-06
2919919,"Atopomonas sediminilitoris",47,2.92588952177332e-06,57.7,3.59454676270352e-06
166122,"Human endogenous retrovirus K",47,2.92588952177332e-06,47.5,2.95880140653904e-06
2888525,"Thermomonas alba",46,2.86363655322495e-06,55.9,3.47808981066803e-06
2686067,"Fusobacterium watanabei",46,2.86363655322495e-06,45.8,2.85095401027757e-06
2883191,"Streptococcus sp. MSK15_114",46,2.86363655322495e-06,51.9,3.23238870314305e-06
40994,"Penicillium hordei",45,2.80138358467658e-06,46.6,2.90264831468883e-06
293939,"Aspergillus lentulus",45,2.80138358467658e-06,53.4,3.32572060590238e-06
1280669,"Dorea sp. AGR2135",45,2.80138358467658e-06,50.1,3.12036399947852e-06
2584641,"Eggerthella sp. BIOML-A4",44,2.73913061612821e-06,41.6,2.58929008283864e-06
197614,"Streptococcus pasteurianus",42,2.61462467903148e-06,43.2,2.68903155193974e-06
2049027,"Gemmiger sp.",42,2.61462467903148e-06,49.3,3.07085792420174e-06
3155664,"Micromonospora sp. NPDC050200",42,2.61462467903148e-06,42.7,2.65776152268623e-06
1567007,"Tequintavirus DT5712",42,2.61462467903148e-06,45.1,2.80610216810521e-06
2881264,"Blautia fusiformis",41,2.55237171048311e-06,50.4,3.13739676106447e-06
3088696,"Pseudomonas sp. EL_65y_Pfl1_R32",41,2.55237171048311e-06,49.5,3.07973759254881e-06
3438942,"Intestinimonas sp. HCP28S3_D6",41,2.55237171048311e-06,53.7,3.34554390112232e-06
1882272,"Penicillium samsonianum",40,2.49011874193474e-06,40.5,2.52050490443382e-06
28139,"Rikenella microfusus",40,2.49011874193474e-06,39.8,2.47625902296713e-06
2866597,"Streptococcus sp. Marseille-Q3604",40,2.49011874193474e-06,47.3,2.94408428845855e-06
2606629,"Floccifex porci",39,2.42786577338637e-06,43.4,2.70311433463673e-06
2292310,"Clostridium sp. OF09-36",39,2.42786577338637e-06,40.8,2.53969704586296e-06
1739525,"Peptoniphilus sp. HMSC075B08",39,2.42786577338637e-06,39,2.4307123324964e-06
2231356,"Epseptimavirus S133",39,2.42786577338637e-06,41.1,2.55889858105804e-06
28037,"Streptococcus mitis",38,2.365612804838e-06,43.6,2.71499385486487e-06
NA,"unknown genome; accession ID isNZ_CASEUO010000035.1",38,2.365612804838e-06,37.8,2.35590722204893e-06
1206557,"Epseptimavirus R201",38,2.365612804838e-06,38.5,2.39961210154827e-06
2763672,"Simiaoa sunii",38,2.365612804838e-06,56.6,3.52504187309695e-06
391612,"Crocosphaera chwakensis",38,2.365612804838e-06,37.2,2.31574912500769e-06
1971760,"uncultured Faecalicoccus sp.",38,2.365612804838e-06,37.6,2.34245229948389e-06
2773922,"Fusicatenibacter sp.",37,2.30335983628963e-06,38.6,2.40248400727636e-06
2986996,"Ruminococcus sp. 1001136sp1",37,2.30335983628963e-06,40.2,2.50491992132841e-06
39485,"Lachnospira eligens",36,2.24110686774126e-06,41.9,2.61016833264366e-06
10868,"Infulavirus If1",36,2.24110686774126e-06,35.9,2.23716560628866e-06
2292993,"Clostridium sp. AF02-29",36,2.24110686774126e-06,34.2,2.12731793130183e-06
1260,"Finegoldia magna",35,2.1788538991929e-06,35.3,2.19938152106429e-06
3039593,"Parablautia sp. Marseille-Q6255",35,2.1788538991929e-06,35.9,2.23190717446534e-06
39490,"Eubacterium ramulus",35,2.1788538991929e-06,41.2,2.56551566332217e-06
1715051,"Streptococcus sp. HMSC068F04",35,2.1788538991929e-06,39.8,2.47713497172712e-06
2792040,"Salinibacterium sp. NG22",34,2.11660093064453e-06,35.3,2.20018594520899e-06
1527524,"Pseudotevenvirus miller",34,2.11660093064453e-06,34,2.11667585630576e-06
2789205,"Bacteroides sp. 1001302B_160321_D4",34,2.11660093064453e-06,38.1,2.37470898396841e-06
3143208,"Coprococcus sp. RTP21281st1_F1_RTP21281_210402",33,2.05434796209616e-06,38.9,2.41872656536407e-06
2491052,"Streptococcus sp. OH4692_COT-348",33,2.05434796209616e-06,33.4,2.07654070137436e-06
2584624,"Blautia sp. BIOML-A1",32,1.99209499354779e-06,31.9,1.98700483793435e-06
2762565,"Streptococcus sp. 22.1",32,1.99209499354779e-06,34.3,2.13472761449493e-06
1637510,"Odoribacter sp. N54.MGS-14",31,1.92984202499942e-06,32.6,2.02843791609681e-06
2767462,"Leuconostoc sp. S51",31,1.92984202499942e-06,43.3,2.69367158296981e-06
2580568,"Pseudomonas sp. 9.1(2019)",31,1.92984202499942e-06,29.9,1.86159022343279e-06
3141608,"Ruminococcus sp. RTP21484sp1_RTP21281st1_A2_RTP21281_210402",31,1.92984202499942e-06,33.2,2.06733591280175e-06
1337,"Streptococcus hyointestinalis",31,1.92984202499942e-06,33.1,2.0599949803161e-06
2690837,"Eggerthella guodeyinii",31,1.92984202499942e-06,36.1,2.2469322120154e-06
2949662,"Coprococcus sp. B2-R-112",31,1.92984202499942e-06,28.7,1.78555076601736e-06
2293100,"Dorea sp. OM07-5",30,1.86758905645105e-06,43,2.67740738215873e-06
1813783,"Epseptimavirus 100268sal2",30,1.86758905645105e-06,30.4,1.89076790647629e-06
338110,"Alphatrevirus NC29",30,1.86758905645105e-06,31.6,1.96842490592446e-06
1736395,"Arthrobacter sp. Soil736",30,1.86758905645105e-06,31.9,1.98393594110942e-06
2758579,"Klebsiella sp. Kps",30,1.86758905645105e-06,25.4,1.58019780630156e-06
1313,"Streptococcus pneumoniae",29,1.80533608790269e-06,32,1.99015579659249e-06
1628085,"Agathobaculum butyriciproducens",29,1.80533608790269e-06,28.6,1.78324912212062e-06
1743235,"Chelatococcus composti",29,1.80533608790269e-06,36.5,2.27183480840656e-06
358743,"Enterocloster citroniae",28,1.74308311935432e-06,29.6,1.84314454853094e-06
676599,"Stenotrophomonas panacihumi",28,1.74308311935432e-06,30.8,1.91782623109566e-06
155148,"Lederbergvirus HK620",28,1.74308311935432e-06,28,1.74308317886982e-06
41977,"Parazoarcus communis",28,1.74308311935432e-06,31.3,1.94762654238453e-06
2293155,"Ruminococcus sp. AF17-6LB",28,1.74308311935432e-06,31.3,1.94717074992707e-06
37727,"Talaromyces marneffei",28,1.74308311935432e-06,27.1,1.6894463131496e-06
2049040,"Roseburia sp.",28,1.74308311935432e-06,30,1.86492531594894e-06
2011087,"Psecadovirus PSH1",28,1.74308311935432e-06,28,1.74308311935433e-06
1647454,"Epseptimavirus SE24",28,1.74308311935432e-06,30.2,1.87744521210916e-06
1328,"Streptococcus anginosus",27,1.68083015080595e-06,26.8,1.66784827841968e-06
2789016,"Qubevirus durum",27,1.68083015080595e-06,27,1.68083015080596e-06
3377167,"Stenotrophomonas maltophilia group sp. Smal17",27,1.68083015080595e-06,26.6,1.65452281220557e-06
512312,"uncultured Parabacteroides sp.",27,1.68083015080595e-06,27,1.6798142673117e-06
1965660,"Flavonifractor sp. An82",27,1.68083015080595e-06,33.6,2.0947867448647e-06
2763061,"Roseburia lenta",27,1.68083015080595e-06,38.5,2.39662223502734e-06
2603894,"Methylobacterium sp. WL64",26,1.61857718225758e-06,26.7,1.65984547338243e-06
2813560,"Pseudomonas sp. 43(2021)",26,1.61857718225758e-06,32.1,1.99946289556774e-06
1522,"[Clostridium] innocuum",26,1.61857718225758e-06,28.7,1.78661909804323e-06
2763020,"Bacteroides sp. NSJ-48",26,1.61857718225758e-06,26.3,1.6351594561298e-06
29374,"Filifactor villosus",26,1.61857718225758e-06,25.1,1.56426669663377e-06
36651,"Penicillium digitatum",26,1.61857718225758e-06,26.8,1.66797596798671e-06
2997946,"Coprococcus sp. AF102-57",26,1.61857718225758e-06,23.2,1.44320368654548e-06
1495066,"Pseudomonas capeferrum",26,1.61857718225758e-06,26.2,1.6294741503507e-06
2838470,"Candidatus Bacteroides intestinigallinarum",25,1.55632421370921e-06,25.6,1.59645224872774e-06
1526,"[Clostridium] aminophilum",25,1.55632421370921e-06,28,1.74601219820252e-06
41978,"Ruminococcus sp.",25,1.55632421370921e-06,28.3,1.75893085151904e-06
2267834,"Parasaccharibacter sp. TMW 2.1884",25,1.55632421370921e-06,25.2,1.56918400160613e-06
3438912,"Blautia sp. HCP3S3_D9",25,1.55632421370921e-06,25.1,1.56209327579797e-06
3453885,"unknown genome; accession ID isNZ_JBQEPK010000129.1",25,1.55632421370921e-06,23.4,1.45458021778723e-06
2584636,"Coprococcus sp. BIOML-A2",25,1.55632421370921e-06,23,1.4338381525245e-06
441959,"Talaromyces stipitatus",24,1.49407124516084e-06,25,1.55545168226557e-06
2126740,"Clostridium fessum",24,1.49407124516084e-06,23.6,1.47139031545859e-06
910310,"Turicibacter sp. HGF1",24,1.49407124516084e-06,24.2,1.50936378061311e-06
3048889,"Candidatus Ventrimonas sp.",24,1.49407124516084e-06,23.6,1.47222834060876e-06
27334,"Penicillium expansum",24,1.49407124516084e-06,23.6,1.47119771376973e-06
2986405,"Kahnovirus copri",23,1.43181827661247e-06,23,1.43181827661248e-06
2029675,"Skunavirus sv96403",23,1.43181827661247e-06,23.8,1.4799447997815e-06
2885351,"Hominisplanchenecus faecis",22,1.36956530806411e-06,28.4,1.76821834366756e-06
2763670,"Wujia chipingensis",22,1.36956530806411e-06,21.8,1.35787299954777e-06
3239197,"Lactococcus sp. AK05",22,1.36956530806411e-06,24.4,1.51704000150483e-06
999425,"Streptococcus sp. F0442",22,1.36956530806411e-06,22.6,1.40409355255768e-06
742917,"Cyclovirus manukha",22,1.36956530806411e-06,22,1.36956530806412e-06
2017081,"Human fecal virus Jorvi2",22,1.36956530806411e-06,22,1.36956530806412e-06
3078042,"Pilosibacter fragilis",22,1.36956530806411e-06,22,1.37192095599602e-06
283354,"Alternaria metachromatica",21,1.30731233951574e-06,21.5,1.33614622223062e-06
69789,"Penicillium soppii",21,1.30731233951574e-06,20.5,1.27367853065391e-06
2292922,"Bacteroides sp. AF25-17LB",21,1.30731233951574e-06,18.5,1.14913123077945e-06
1918949,"Solemya elarraichensis gill symbiont",21,1.30731233951574e-06,27.2,1.69457524960596e-06
1262694,"Alistipes sp. CAG:29",21,1.30731233951574e-06,21.1,1.31453352594235e-06
1341132,"Aspergillus welwitschiae",21,1.30731233951574e-06,21.1,1.31048548669179e-06
502558,"Eggerthella sp. YY7918",21,1.30731233951574e-06,19.7,1.22426485665513e-06
2762564,"Streptococcus sp. 23.2",20,1.24505937096737e-06,21.3,1.32770574530114e-06
40518,"Ruminococcus bromii",20,1.24505937096737e-06,20.4,1.27029813433717e-06
3143211,"Butyricimonas sp. RTP31023st2_F12_RTP31023_210422",20,1.24505937096737e-06,20.6,1.28550385565264e-06
2713277,"Epseptimavirus atrejo",20,1.24505937096737e-06,24.9,1.55072405849138e-06
1211813,"Alistipes ihumii",20,1.24505937096737e-06,20.2,1.2578261398379e-06
3438778,"Faecalicoccus sp. LCP19S3_E2",20,1.24505937096737e-06,20.8,1.29294818894738e-06
5083,"Penicillium canescens",19,1.182806402419e-06,19.8,1.2349441353047e-06
1352374,"Ruminococcus sp. YE78",19,1.182806402419e-06,19,1.18307194320645e-06
68891,"Streptococcus peroris",19,1.182806402419e-06,19.3,1.20272984327736e-06
1882221,"Novosphingobium sp. PY1",19,1.182806402419e-06,24.3,1.51124292264225e-06
NA,"unknown genome; accession ID isNZ_CAKVCW010000001.1",19,1.182806402419e-06,19,1.18283448515228e-06
205918,"Pseudomonas syringae",18,1.12055343387063e-06,18.1,1.1248782684601e-06
3025326,"Pseudoalteromonas sp. GAB2316C",18,1.12055343387063e-06,19.5,1.21684680077935e-06
59298,"Streptomyces thermocarboxydovorans",18,1.12055343387063e-06,18.9,1.1745887308658e-06
2787078,"Anaeromassilibacillus sp. D41t1_190614_C2",18,1.12055343387063e-06,22.2,1.37953913225265e-06
3020524,"Agrobacterium sp. ST15.16.024",18,1.12055343387063e-06,17.8,1.10904111517728e-06
3018255,"Streptococcus sp. SS9",18,1.12055343387063e-06,22.3,1.38643333155418e-06
1683649,"Lactococcus sp. EKM203L",18,1.12055343387063e-06,18.3,1.13679025358455e-06
3458240,"unknown genome; accession ID isNZ_JBQSUN010000010.1",18,1.12055343387063e-06,19.3,1.19981345667406e-06
2606633,"Oliverpabstia intestinalis",17,1.05830046532226e-06,24.6,1.53409305000848e-06
40519,"Ruminococcus callidus",17,1.05830046532226e-06,17.6,1.09673731041668e-06
257758,"Streptococcus pseudopneumoniae",17,1.05830046532226e-06,15.4,9.56544822344044e-07
329854,"Bacteroides intestinalis",17,1.05830046532226e-06,15.2,9.47026569976238e-07
NA,"unknown genome; accession ID isNZ_CASEUO010000068.1",17,1.05830046532226e-06,17,1.05831539754719e-06
2292911,"Alistipes sp. AM16-43",17,1.05830046532226e-06,17,1.05875395724832e-06
2965527,"Clostridium sp. DFI.1.208",17,1.05830046532226e-06,18.2,1.13105456235338e-06
2857012,"Streptomyces sp. DH1",17,1.05830046532226e-06,17,1.05888303538724e-06
2804423,"Staphylococcus sp. GDY8P64P",17,1.05830046532226e-06,17.2,1.07121230124912e-06
1605838,"Pseudomonas coleopterorum",17,1.05830046532226e-06,17.6,1.09851851275278e-06
2650157,"Bacteroides zhangwenhongii",16,9.96047496773895e-07,16.5,1.02712833134862e-06
454155,"Paraprevotella xylaniphila",16,9.96047496773895e-07,14.7,9.14053337607148e-07
2981773,"Muriventricola aceti",16,9.96047496773895e-07,16,9.97115755862944e-07
1715086,"Streptococcus sp. HMSC078H03",16,9.96047496773895e-07,17.5,1.08870315568596e-06
3695678,"unknown genome; accession ID isNZ_JBWJVN010000001.1",16,9.96047496773895e-07,20.1,1.25396487503061e-06
2293096,"Coprococcus sp. TF11-13",16,9.96047496773895e-07,18.3,1.13766066758941e-06
3018252,"Streptococcus sp. SP8",16,9.96047496773895e-07,15.6,9.69762799641618e-07
NA,"unknown genome; accession ID isNZ_CASEUO010000033.1",16,9.96047496773895e-07,16,9.96146181139797e-07
2231351,"Epseptimavirus S124",16,9.96047496773895e-07,15.1,9.3765488340823e-07
457396,"Clostridium sp. 7_2_43FAA",16,9.96047496773895e-07,16.3,1.01466411658788e-06
2302940,"Parabacteroides sp. 52",16,9.96047496773895e-07,18.2,1.1325596347559e-06
2293093,"Coprococcus sp. OM04-5BH",16,9.96047496773895e-07,16.5,1.02996349139582e-06
2710601,"Streptococcus sp. IMAU 99161",16,9.96047496773895e-07,16.6,1.03349372733652e-06
2738446,"Anaerostipes faecalis",16,9.96047496773895e-07,21.1,1.31382629487782e-06
2787114,"Ruminococcus sp. D54t1_190329_F1",15,9.33794528225527e-07,19.2,1.19485006989601e-06
2292985,"Blautia sp. OM07-19",15,9.33794528225527e-07,16.3,1.01775431762507e-06
2839759,"Enterococcus innesii",15,9.33794528225527e-07,15.6,9.68421547748357e-07
1316411,"Streptococcus sp. HSISS2",15,9.33794528225527e-07,15.5,9.62036691281598e-07
1763549,"uncultured Holdemanella sp.",15,9.33794528225527e-07,15.3,9.51684908174483e-07
1163670,"Bacteroides sp. 14(A)",15,9.33794528225527e-07,15,9.35580332235881e-07
44276,"Leptospira interrogans",15,9.33794528225527e-07,15.4,9.60235863317465e-07
1285465,"Winogradskyella undariae",15,9.33794528225527e-07,14.7,9.16368277962433e-07
1177179,"Alcanivorax hongdengensis",15,9.33794528225527e-07,16.1,1.00348642283878e-06
990412,"Limosilactobacillus alvi",15,9.33794528225527e-07,15.4,9.59737701804298e-07
2841511,"Blautia sp. MSJ-9",15,9.33794528225527e-07,17.5,1.09223223638963e-06
29845,"Penicillium vulpinum",15,9.33794528225527e-07,16.5,1.02460568838219e-06
1750560,"Parabacteroides massiliensis",15,9.33794528225527e-07,14.2,8.83860559231166e-07
871664,"Blautia stercoris",14,8.71541559677159e-07,14.1,8.77008804051385e-07
3159681,"Salmonella sp. s55431",14,8.71541559677159e-07,14,8.71559877880945e-07
290053,"Bacteroides helcogenes",14,8.71541559677159e-07,14.1,8.75628922604432e-07
78257,"Bifidobacterium pullorum",14,8.71541559677159e-07,19.2,1.19447181624273e-06
1638242,"Thermococcus sp. Bubb.Bath",14,8.71541559677159e-07,17,1.05723495795156e-06
535290,"Legionella nagasakiensis",14,8.71541559677159e-07,12.3,7.67408249918212e-07
453220,"Desulfogranum marinum",14,8.71541559677159e-07,14.1,8.78414038374963e-07
2763050,"Hungatella hominis",14,8.71541559677159e-07,15.5,9.63381838852958e-07
457388,"Parabacteroides sp. 2_1_7",14,8.71541559677159e-07,14,8.72891628818338e-07
105984,"Apiotrichum porosum",13,8.0928859112879e-07,13,8.09288650447587e-07
1540098,"Seuratvirus seurat",13,8.0928859112879e-07,13,8.09288591128795e-07
2949649,"Parabacteroides sp. Y3-G-102",13,8.0928859112879e-07,13,8.09141952096412e-07
1852371,"Raoultibacter massiliensis",13,8.0928859112879e-07,13.8,8.58659291478723e-07
2981771,"Laedolimicola ammoniilytica",13,8.0928859112879e-07,13.9,8.66927876585601e-07
2607659,"Nocardioides antri",13,8.0928859112879e-07,13.2,8.23655751457288e-07
2981782,"Blautia ammoniilytica",13,8.0928859112879e-07,13.9,8.63658036087195e-07
2293030,"Clostridium sp. AM34-9AC",13,8.0928859112879e-07,14.8,9.22777185235471e-07
1849735,"Hymenobacter sp. UV11",13,8.0928859112879e-07,13.8,8.56256996623422e-07
1820159,"Porprismacovirus humas3",13,8.0928859112879e-07,13,8.09288591128795e-07
1307437,"Pseudoalteromonas agarivorans",13,8.0928859112879e-07,14.2,8.83862460932129e-07
89139,"Rasamsonia byssochlamydoides",13,8.0928859112879e-07,13,8.09288591145204e-07
2293144,"Roseburia sp. TF10-5",13,8.0928859112879e-07,14.5,9.03934091428852e-07
2933339,"Salmonella sp. 17E11",13,8.0928859112879e-07,13.2,8.19023298549458e-07
525326,"Lactobacillus paragasseri",12,7.47035622580422e-07,11.6,7.22165118690502e-07
46506,"Bacteroides stercoris",12,7.47035622580422e-07,12.4,7.73066376619164e-07
2927804,"Marinobacterium sedimentorum",12,7.47035622580422e-07,13.6,8.45973087289386e-07
2764712,"Lentihominibacter faecis",12,7.47035622580422e-07,12,7.47054631060527e-07
2496676,"Mesorhizobium sp. M6A.T.Cr.TU.014.01.1.1",12,7.47035622580422e-07,12.9,8.05789247714878e-07
2813559,"Pseudomonas sp. 32_A",12,7.47035622580422e-07,14.6,9.11534206280019e-07
NA,"unknown genome; accession ID isNZ_CASEUO010000049.1",12,7.47035622580422e-07,12,7.4703576095859e-07
2292932,"Bacteroides sp. AF35-22",12,7.47035622580422e-07,13.1,8.18511050527348e-07
3133164,"Hominiventricola aquisgranensis",12,7.47035622580422e-07,11.4,7.11712680126027e-07
2292041,"Dorea sp. AF36-15AT",12,7.47035622580422e-07,14.6,9.06211853500984e-07
2954690,"Streptococcus sp. FSL L8-0526",12,7.47035622580422e-07,12.2,7.58735131898079e-07
2603411,"Pseudonocardia sp. EV170527-09",12,7.47035622580422e-07,13.7,8.54109474125244e-07
1715176,"Streptococcus sp. HMSC064D12",12,7.47035622580422e-07,13.1,8.17173060252029e-07
2997294,"Gemmiger qucibialis",12,7.47035622580422e-07,13,8.09057911537686e-07
1470345,"Bacteroides timonensis",12,7.47035622580422e-07,12.5,7.76129688028063e-07
91915,"Asaia bogorensis",12,7.47035622580422e-07,11.8,7.37468498276563e-07
706562,"[Lactobacillus] rogosae",12,7.47035622580422e-07,14.1,8.76786997933731e-07
82348,"Streptococcus pluranimalium",11,6.84782654032053e-07,9.9,6.15107664765194e-07
2883263,"Blautia sp. 210820-DFI.6.14",11,6.84782654032053e-07,11.8,7.32954906440549e-07
2981786,"Coprococcus aceti",11,6.84782654032053e-07,16.3,1.01503125612638e-06
2946555,"Akkermansia biwaensis",11,6.84782654032053e-07,11.6,7.19183012216829e-07
213810,"Ruminococcus champanellensis",11,6.84782654032053e-07,13.4,8.36437462674923e-07
1329,"Streptococcus canis",11,6.84782654032053e-07,10.9,6.76417684635566e-07
2137581,"Ellagibacter isourolithinifaciens",11,6.84782654032053e-07,11.2,6.98993261716802e-07
NA,"unknown genome; accession ID isNZ_CASEUO010000051.1",11,6.84782654032053e-07,11,6.84907988312892e-07
2981774,"Suilimivivens aceti",11,6.84782654032053e-07,8.5,5.27330839336913e-07
41047,"Aspergillus thermomutatus",11,6.84782654032053e-07,10.3,6.41986859610369e-07
1636586,"Skunavirus M1127",11,6.84782654032053e-07,11.6,7.20976759745091e-07
2789276,"Kribbella sp. C-35",11,6.84782654032053e-07,11.3,7.04255938498342e-07
2841515,"Falcatimonas sp. MSJ-15",11,6.84782654032053e-07,11.1,6.91118270587009e-07
3369477,"unknown genome; accession ID isNZ_CBCPLV010000001.1",11,6.84782654032053e-07,11.3,7.04875981918426e-07
1391223,"Gamaleyavirus APEC7",11,6.84782654032053e-07,11,6.86726493808966e-07
396014,"Brachybacterium phenoliresistens",11,6.84782654032053e-07,11,6.84782654032058e-07
3458240,"unknown genome; accession ID isNZ_JBQSUN010000002.1",11,6.84782654032053e-07,10.9,6.76932516439175e-07
2793822,"Bradyrhizobium sp. BRP20",10,6.22529685483685e-07,9.1,5.63404098191537e-07
2582605,"Salmonella sp. gx-f5",10,6.22529685483685e-07,9.9,6.19309242961953e-07
2943498,"Candidatus Mycobacterium methanotrophicum",10,6.22529685483685e-07,9.5,5.90744408271784e-07
2762573,"Streptococcus sp. 2.1",10,6.22529685483685e-07,13,8.0892330490726e-07
2316022,"Mediterraneibacter sp.",10,6.22529685483685e-07,15.2,9.43592072341219e-07
1497974,"Georgenia sp. SUBG003",10,6.22529685483685e-07,11.2,6.97428804029876e-07
3438902,"Bariatricus sp. HCP28S3_E2",10,6.22529685483685e-07,10.3,6.42885693115151e-07
39778,"Veillonella dispar",10,6.22529685483685e-07,9.9,6.15451592019645e-07
NA,"unknown genome; accession ID isNZ_CASEUO010000056.1",10,6.22529685483685e-07,10,6.22540656398028e-07
1247113,"Astrovirus VA4",10,6.22529685483685e-07,10,6.22529685483689e-07
2738409,"Mycobacterium ostraviense",10,6.22529685483685e-07,10.7,6.67795523357377e-07
3159675,"Salmonella sp. s55004",10,6.22529685483685e-07,11.1,6.90834184466502e-07
2925014,"Desulforhabdus sp. TSK",10,6.22529685483685e-07,11.1,6.9115686735741e-07
3003646,"Streptococcus sp. 27098_8_74",10,6.22529685483685e-07,10.4,6.48628365057621e-07
742915,"Cyclovirus insaan",10,6.22529685483685e-07,10,6.22529685483689e-07
2763042,"Dysosmobacter segnis",10,6.22529685483685e-07,10.2,6.3657271327388e-07
2219062,"Acidovorax sp. ST3",10,6.22529685483685e-07,11.3,7.05439131356482e-07
3402018,"Faecalibacterium sp. 9",10,6.22529685483685e-07,10,6.22655772625436e-07
485,"Neisseria gonorrhoeae",9,5.60276716935316e-07,10.4,6.45920101280305e-07
1639,"Listeria monocytogenes",9,5.60276716935316e-07,9.1,5.64678849645598e-07
1685,"Bifidobacterium breve",9,5.60276716935316e-07,9,5.58086184978088e-07
3156680,"Streptomyces sp. NPDC004491",9,5.60276716935316e-07,8.5,5.31742585706811e-07
2587528,"Klebsiella spallanzanii",9,5.60276716935316e-07,8.6,5.36641174022622e-07
1796613,"Bacteroides caecimuris",9,5.60276716935316e-07,8.9,5.56056207294305e-07
1965305,"Terrisporobacter sp.",9,5.60276716935316e-07,8.9,5.53047721657406e-07
286142,"uncultured Catenibacterium sp.",9,5.60276716935316e-07,9.8,6.09892372349546e-07
NA,"unknown genome; accession ID isNZ_CASEUO010000079.1",9,5.60276716935316e-07,9.1,5.66075897411565e-07
2049033,"Megamonas sp.",9,5.60276716935316e-07,8.2,5.08294565728568e-07
75553,"Aspergillus viridinutans",9,5.60276716935316e-07,9.4,5.86184466255301e-07
2293140,"Roseburia sp. OM03-7AC",9,5.60276716935316e-07,11.1,6.90456994444515e-07
2713297,"Epseptimavirus faergetype",9,5.60276716935316e-07,13,8.10292887467698e-07
1969376,"Shewanella sp. Shew256",9,5.60276716935316e-07,8.9,5.56276452564834e-07
2480805,"Alteromonas sp. KUL150",9,5.60276716935316e-07,9.7,6.04299044929564e-07
371601,"Bacteroides xylanisolvens",8,4.98023748386948e-07,8.5,5.30166382013074e-07
1712678,"Pseudomonas sp. 2822-17",8,4.98023748386948e-07,7.8,4.84306249333591e-07
2487519,"Phytopseudomonas daroniae",8,4.98023748386948e-07,9.1,5.64509776411515e-07
387661,"Parabacteroides johnsonii",8,4.98023748386948e-07,9,5.60480722569154e-07
3025757,"Thomasclavelia sp.",8,4.98023748386948e-07,8.2,5.08363821179992e-07
1529,"Clostridium cadaveris",8,4.98023748386948e-07,8,4.98145464451886e-07
3064195,"Brotocaccenecus cirricatena",8,4.98023748386948e-07,10.6,6.57910311476698e-07
1262881,"Eubacterium sp. CAG:161",8,4.98023748386948e-07,9.6,5.98023987323135e-07
2949660,"Bacteroides sp. B1-V-101",8,4.98023748386948e-07,8.6,5.36614112569205e-07
1520805,"Blautia sp. SF-50",8,4.98023748386948e-07,8.4,5.20264897264011e-07
3014267,"Agathobaculum massiliense",8,4.98023748386948e-07,8,4.98988884090372e-07
2652395,"Klebsiella sp. JL973",8,4.98023748386948e-07,7.3,4.54226644379325e-07
3160132,"Salmonella sp. s60732",8,4.98023748386948e-07,8,4.9848098463895e-07
3681944,"unknown genome; accession ID isNZ_CEEDOR010000140.1",8,4.98023748386948e-07,8.1,5.03133904043806e-07
2861965,"Sulfitobacter sp. CW3",8,4.98023748386948e-07,9.3,5.77753487305173e-07
1263636,"Microbacterium kyungheense",8,4.98023748386948e-07,8.5,5.30508002380302e-07
2909341,"Octadecabacter dasysiphoniae",8,4.98023748386948e-07,8,5.0015594245852e-07
2994522,"Akkermansia sp. NBRC 115031",8,4.98023748386948e-07,8.3,5.16688773665806e-07
3681968,"unknown genome; accession ID isNZ_CEEDBN010000058.1",8,4.98023748386948e-07,8,4.96336531138333e-07
2508069,"Epseptimavirus ev329",8,4.98023748386948e-07,8.7,5.44629962268462e-07
1852563,"Vilniusvirus NBD2",8,4.98023748386948e-07,8,4.98031310832999e-07
2793807,"Bradyrhizobium sp. IC4060",8,4.98023748386948e-07,7.1,4.43442371717447e-07
1206725,"Nocardia brevicatena",8,4.98023748386948e-07,8,4.99884043002528e-07
3133172,"Alistipes intestinihominis",8,4.98023748386948e-07,8,4.98907708662318e-07
NA,"unknown genome; accession ID isNZ_CABPDN010000014.1",8,4.98023748386948e-07,8,4.98024411249961e-07
2316014,"Epseptimavirus Sw2",8,4.98023748386948e-07,8.7,5.4173603659105e-07
2813575,"Pseudomonas sp. 30_B",7,4.35770779838579e-07,6.8,4.21060743143353e-07
544644,"Butyricimonas synergistica",7,4.35770779838579e-07,7,4.33612336121649e-07
3134656,"Phocaeicola sp. ICN-14070",7,4.35770779838579e-07,7.3,4.51698177812922e-07
333963,"Leucobacter iarius",7,4.35770779838579e-07,7.2,4.49083728419505e-07
2013021,"Bifidobacterium sp. N5G01",7,4.35770779838579e-07,6.7,4.19972121850169e-07
2041204,"Epseptimavirus LVR16A",7,4.35770779838579e-07,7.4,4.60162058408503e-07
2883209,"Enterocloster sp. 210928-DFI.2.20",7,4.35770779838579e-07,6.7,4.17962425505119e-07
2824767,"Pantoea sp. GbtcB22",7,4.35770779838579e-07,7,4.35770785206391e-07
91492,"Aspergillus udagawae",7,4.35770779838579e-07,7,4.3859161154396e-07
2781224,"Neodothiora populina",7,4.35770779838579e-07,7,4.35887320354704e-07
3681944,"unknown genome; accession ID isNZ_CEEDOR010000062.1",7,4.35770779838579e-07,7,4.35770779838582e-07
2736645,"Streptomyces sp. JJ36",7,4.35770779838579e-07,7.1,4.44116871179136e-07
3438462,"Streptococcus sp. W151",7,4.35770779838579e-07,7.4,4.61099328767703e-07
1517512,"Aspergillus pseudoviridinutans",7,4.35770779838579e-07,7.3,4.52087217639873e-07
1437816,"Methylopila turkensis",7,4.35770779838579e-07,8.7,5.39904089597535e-07
2713309,"Epseptimavirus oselot",7,4.35770779838579e-07,7.5,4.67344017871358e-07
3053469,"Halalkalicoccus sp. NIPERK01",7,4.35770779838579e-07,6.8,4.24140600092429e-07
1739549,"Streptococcus sp. HMSC072D05",7,4.35770779838579e-07,7.2,4.452320126972e-07
3388845,"Parvimonas sp. G1604",7,4.35770779838579e-07,6.7,4.18288070906587e-07
2681617,"Byrnievirus HK97",7,4.35770779838579e-07,6.8,4.24405239839115e-07
767769,"Aspergillus brasiliensis",7,4.35770779838579e-07,7,4.36595925656476e-07
3018250,"Streptococcus sp. SP1",7,4.35770779838579e-07,7,4.36620451714733e-07
569365,"Cladophialophora immunda",6,3.73517811290211e-07,6,3.75140196361719e-07
3159897,"Salmonella sp. SAL4442",6,3.73517811290211e-07,4.6,2.86379190134228e-07
310300,"Bacteroides pyogenes",6,3.73517811290211e-07,6,3.73916162522103e-07
2292968,"Blautia sp. AF34-10",6,3.73517811290211e-07,5.4,3.37498101577609e-07
1547597,"Sanguibacteroides justesenii",6,3.73517811290211e-07,6.4,3.97893224192364e-07
3073571,"Hominilimicola sp.",6,3.73517811290211e-07,6,3.73554068953533e-07
2847316,"Paratractidigestivibacter sp.",6,3.73517811290211e-07,6,3.76417963117802e-07
106588,"Pseudoflavonifractor capillosus",6,3.73517811290211e-07,5.3,3.32637185306443e-07
936576,"Streptococcus sp. ACS2",6,3.73517811290211e-07,5.8,3.59604302647636e-07
312540,"Acidiplasma cupricumulans",6,3.73517811290211e-07,6,3.73517811290213e-07
58351,"Kitasatospora kifunensis",6,3.73517811290211e-07,5.9,3.6644182485686e-07
1033732,"Alistipes senegalensis",6,3.73517811290211e-07,6.1,3.77036211258041e-07
100884,"Coprobacillus cateniformis",6,3.73517811290211e-07,6,3.75550659120455e-07
2584627,"Clostridium sp. BIOML-A1",6,3.73517811290211e-07,5.2,3.2331847751877e-07
2903961,"Blautia sp. XA-2221",6,3.73517811290211e-07,6.1,3.77853622059682e-07
3378068,"Oribacterium sp. P9",6,3.73517811290211e-07,6.1,3.77677095137424e-07
NA,"unknown genome; accession ID isNZ_CASEUO010000037.1",6,3.73517811290211e-07,6,3.73519634370428e-07
3713250,"unknown genome; accession ID isNZ_JBYQGR010000001.1",6,3.73517811290211e-07,6,3.74034188800291e-07
209559,"Aspergillus alliaceus",6,3.73517811290211e-07,6,3.73517814419965e-07
1506151,"Aspergillus pseudonomiae",6,3.73517811290211e-07,5.8,3.59152664353658e-07
3153451,"Klebsiella sp. GG_Kp140",6,3.73517811290211e-07,5.8,3.61559864434685e-07
114847,"uncultured Roseobacter sp.",6,3.73517811290211e-07,6.4,4.00214160222486e-07
1121405,"Desulfococcus multivorans",6,3.73517811290211e-07,6,3.73576976160751e-07
29347,"[Clostridium] scindens",6,3.73517811290211e-07,6,3.76005643636189e-07
1352223,"Streptococcus dentiloxodontae",6,3.73517811290211e-07,6,3.76559138062835e-07
3143055,"Collinsella sp. 1033st1_B10_1033SCRN_220408",6,3.73517811290211e-07,6.8,4.21249148280218e-07
2847284,"Tequintavirus VSe12",6,3.73517811290211e-07,7.2,4.46068194096072e-07
1792511,"Penicillium robsamsonii",6,3.73517811290211e-07,6.1,3.80485044885339e-07
1261634,"Roseburia sp. 499",6,3.73517811290211e-07,6.4,3.97330273201744e-07
92003,"Aromatoleum toluclasticum",6,3.73517811290211e-07,6.9,4.27412348918356e-07
2841925,"Vibrio ostreae",6,3.73517811290211e-07,5.7,3.55076367204301e-07
1579350,"Streptococcus sp. 1004_SSPC",6,3.73517811290211e-07,6.2,3.88760032461161e-07
2941327,"Flintibacter muris",6,3.73517811290211e-07,6,3.73569989978204e-07
3384759,"Pseudomonas sp. PHC1",6,3.73517811290211e-07,6.9,4.27671139411494e-07
2303987,"Motilimonas pumila",6,3.73517811290211e-07,6.4,3.9877804070904e-07
2763043,"Eggerthella hominis",6,3.73517811290211e-07,6.9,4.31224850588271e-07
338103,"Alphatrevirus NC35",6,3.73517811290211e-07,6.2,3.85473681827057e-07
1396,"Bacillus cereus",5,3.11264842741842e-07,5.1,3.16650697957558e-07
244366,"Klebsiella variicola",5,3.11264842741842e-07,4.7,2.89511933251784e-07
2603296,"Enterococcus sp. DA9",5,3.11264842741842e-07,5,3.11831289913693e-07
2613924,"Hungatella sp.",5,3.11264842741842e-07,5.1,3.15519513984187e-07
40837,"Mycoplana ramosa",5,3.11264842741842e-07,5.2,3.25205463569213e-07
1796615,"Blautia caecimuris",5,3.11264842741842e-07,5.2,3.22773771238235e-07
292800,"Flavonifractor plautii",5,3.11264842741842e-07,5.1,3.18280227580497e-07
33043,"Coprococcus eutactus",5,3.11264842741842e-07,5.8,3.61799480507234e-07
105843,"Anaerobutyricum soehngenii",5,3.11264842741842e-07,5.3,3.28076393691454e-07
5074,"Penicillium brevicompactum",5,3.11264842741842e-07,5.3,3.32361981268569e-07
1835702,"Penicillium arizonense",5,3.11264842741842e-07,5.2,3.24699065039988e-07
658225,"Sphingomonas glacialis",5,3.11264842741842e-07,5.2,3.22707153198762e-07
1411144,"Bacteroides caecigallinarum",5,3.11264842741842e-07,5.3,3.29466965999548e-07
351091,"Oscillibacter valericigenes",5,3.11264842741842e-07,5.5,3.40149716470072e-07
2841509,"Butyricicoccus intestinisimiae",5,3.11264842741842e-07,5,3.11279854897964e-07
114652,"Streptococcus orisratti",5,3.11264842741842e-07,5.4,3.34797576336369e-07
NA,"unknown genome; accession ID isNZ_CASEUO010000009.1",5,3.11264842741842e-07,5,3.11510564634663e-07
254253,"Vedamuthuvirus Q33",5,3.11264842741842e-07,5.1,3.16306838026155e-07
1690606,"Exophiala bonariae",5,3.11264842741842e-07,4.8,2.96239420836695e-07
3062492,"Blautia massiliensis (ex Liu et al. 2021)",5,3.11264842741842e-07,6.1,3.7970868764358e-07
2691898,"Flavobacterium sp. SaA2.13",5,3.11264842741842e-07,5,3.12590054236646e-07
2293015,"Clostridium sp. AF36-4",5,3.11264842741842e-07,5.2,3.21038341362272e-07
314261,"Candidatus Pelagibacter communis",5,3.11264842741842e-07,5,3.11331749820636e-07
3453885,"unknown genome; accession ID isNZ_JBQEPK010000144.1",5,3.11264842741842e-07,5,3.1129631687032e-07
2603896,"Methylobacterium sp. WL19",5,3.11264842741842e-07,5.5,3.39450020330667e-07
2320086,"Parabacteroides sp. CH2-D42-20",5,3.11264842741842e-07,5.2,3.26213139835847e-07
3108533,"Anaerofustis butyriciformans",5,3.11264842741842e-07,6.4,3.9625082739515e-07
2994041,"Rtpvirus Rtp",5,3.11264842741842e-07,5,3.112816922805e-07
1736517,"Massilia sp. Root335",5,3.11264842741842e-07,5.2,3.21266465834388e-07
2931396,"Blautia sp. NSJ-175",5,3.11264842741842e-07,5,3.13516434731875e-07
1925550,"Rhodococcus sp. M8",5,3.11264842741842e-07,5,3.13556281473526e-07
2992766,"Vibrio sp. VP6",5,3.11264842741842e-07,5.2,3.20639774663168e-07
3446591,"unknown genome; accession ID isNZ_JBPSDK010000099.1",5,3.11264842741842e-07,5.3,3.27335765286763e-07
208602,"Nocardia puris",5,3.11264842741842e-07,6.1,3.8150588526879e-07
46257,"Pseudomonas avellanae",5,3.11264842741842e-07,4.8,2.98536462896639e-07
2545719,"Lysobacter sp. N42",5,3.11264842741842e-07,5,3.10489782613376e-07
3018068,"Bacillus cereus group sp. m1-21",5,3.11264842741842e-07,5,3.11264842741844e-07
76305,"Roseibium denhamense",5,3.11264842741842e-07,6.5,4.05198905857589e-07
94136,"Alkalibacillus haloalkaliphilus",5,3.11264842741842e-07,6.2,3.88668042856831e-07
2763040,"Dorea hominis",5,3.11264842741842e-07,5,3.11978632119082e-07
585544,"Bacteroides sp. D22",5,3.11264842741842e-07,5.2,3.23213722313105e-07
2582653,"Streptococcus sp. 714",5,3.11264842741842e-07,5.6,3.46805550783938e-07
623,"Shigella flexneri",4,2.49011874193474e-07,4,2.49065719680524e-07
76859,"Fusobacterium animalis",4,2.49011874193474e-07,4.2,2.61774029749225e-07
1408163,"Rasamsonia emersonii",4,2.49011874193474e-07,4,2.49011874778826e-07
83302,"Microbispora corallina",4,2.49011874193474e-07,4.8,2.97360859658108e-07
1890295,"Pseudoduganella danionis",4,2.49011874193474e-07,3.8,2.33558042339575e-07
204516,"Phocaeicola massiliensis",4,2.49011874193474e-07,4.3,2.70282608810461e-07
2942477,"Algibacter sp. L4_22",4,2.49011874193474e-07,4.3,2.66768773226498e-07
1926557,"Emergencia sp.",4,2.49011874193474e-07,4,2.49047136763325e-07
1501392,"Coprobacter secundus",4,2.49011874193474e-07,4.2,2.58395108834497e-07
691816,"Bacteroides rodentium",4,2.49011874193474e-07,4,2.49313205217156e-07
1945593,"Oscillibacter sp.",4,2.49011874193474e-07,3.8,2.38839852137326e-07
2174932,"Nesterenkonia natronophila",4,2.49011874193474e-07,4.4,2.75968003958824e-07
2879150,"Lactococcus sp. SK2-659",4,2.49011874193474e-07,4,2.51421546357852e-07
1680,"Bifidobacterium adolescentis",4,2.49011874193474e-07,3.6,2.24162133981469e-07
491921,"Megamonas rupellensis",4,2.49011874193474e-07,4.8,3.01015053415245e-07
1310,"Streptococcus sobrinus",4,2.49011874193474e-07,4.1,2.57990489803743e-07
2060878,"Solobacterium sp.",4,2.49011874193474e-07,4.3,2.69208232266791e-07
1076124,"Phytohabitans flavus",4,2.49011874193474e-07,4.7,2.93601501256448e-07
945052,"Streptomyces heilongjiangensis",4,2.49011874193474e-07,3.9,2.4313463297449e-07
3075527,"Streptomyces edwardsiae",4,2.49011874193474e-07,4,2.47054435799289e-07
3048621,"Glaciimonas sp. Cout2",4,2.49011874193474e-07,4,2.49240849977228e-07
3159657,"Salmonella sp. s51992",4,2.49011874193474e-07,4.6,2.86262787206279e-07
2763027,"Blautia difficilis",4,2.49011874193474e-07,4,2.51251387425928e-07
2293026,"Clostridium sp. AM27-31LB",4,2.49011874193474e-07,3.9,2.42469398001372e-07
2974253,"Segatella sp.",4,2.49011874193474e-07,4.2,2.58980771269313e-07
876091,"uncultured Oscillibacter sp.",4,2.49011874193474e-07,4,2.49043679564026e-07
2511171,"Sporolactobacillus sp. THM19-2",4,2.49011874193474e-07,4.3,2.70281202782137e-07
2033407,"Barnesiella sp.",4,2.49011874193474e-07,4.4,2.7529085496674e-07
1339,"Streptococcus macacae",4,2.49011874193474e-07,4.1,2.56210325975973e-07
NA,"unknown genome; accession ID isNZ_CASEUO010000018.1",4,2.49011874193474e-07,4.2,2.58493914706574e-07
NA,"unknown genome; accession ID isNZ_CASEUO010000038.1",4,2.49011874193474e-07,4,2.49051035905059e-07
3088692,"Pseudomonas sp. EA_65y_Pfl1_P113",4,2.49011874193474e-07,4.4,2.72160307346449e-07
3133153,"Blautia aquisgranensis",4,2.49011874193474e-07,4,2.51935708564001e-07
1780376,"Alistipes sp. CHKCI003",4,2.49011874193474e-07,3.8,2.37242321613508e-07
3143215,"Lactobacillus sp. RTP31084st1_F9_RTP31084_210423",4,2.49011874193474e-07,4.4,2.75290481357071e-07
2315527,"Justusliebigvirus PD06",4,2.49011874193474e-07,4,2.49188979612834e-07
1868595,"Colneyvirus CDKM15",4,2.49011874193474e-07,4,2.49014376610933e-07
2316716,"Corallococcus sp. AB030",4,2.49011874193474e-07,4.5,2.81372312647133e-07
469585,"Bacteroides sp. 1_1_14",4,2.49011874193474e-07,4,2.49900422795129e-07
2448031,"Ruminococcus sp. B05",4,2.49011874193474e-07,4.3,2.69218727734177e-07
2605778,"Clostridium porci",4,2.49011874193474e-07,4,2.46759473300002e-07
2582642,"Streptococcus sp. 2106",4,2.49011874193474e-07,4.6,2.86154589601164e-07
1969168,"Blautia sp. LMAG:36",4,2.49011874193474e-07,4.9,3.07711691089629e-07
638574,"Nonomuraea rosea",4,2.49011874193474e-07,4.2,2.62256900436195e-07
2292938,"Bacteroides sp. AM16-13",4,2.49011874193474e-07,4.9,3.06749048560123e-07
2066049,"Citrobacter freundii complex sp. CFNIH2",4,2.49011874193474e-07,3.7,2.28601708565613e-07
2924040,"Parabacteroides faecalis",4,2.49011874193474e-07,4,2.49890053041006e-07
1816676,"Alistipes provencensis",4,2.49011874193474e-07,4,2.49233332788185e-07
2787129,"Clostridium sp. 1001283B150210_160208_E6",4,2.49011874193474e-07,4,2.49317018512475e-07
2293131,"Roseburia sp. AF22-8AC",4,2.49011874193474e-07,7.5,4.67143851172133e-07
2591135,"Epseptimavirus SB13",4,2.49011874193474e-07,6.1,3.79991374273414e-07
631128,"Frankia sp. AgPm24",4,2.49011874193474e-07,4,2.49011874193476e-07
2107694,"Aphanothece hegewaldii",4,2.49011874193474e-07,4.4,2.72752290517407e-07
3367179,"Vibrio sp. GLN_1",4,2.49011874193474e-07,3.4,2.14317675520131e-07
1169675,"Streptococcus sp. GMD6S",4,2.49011874193474e-07,4.9,3.05699837359681e-07
1359,"Lactococcus cremoris",3,1.86758905645105e-07,3.1,1.94877617994579e-07
158836,"Enterobacter hormaechei",3,1.86758905645105e-07,3.3,2.03798019658824e-07
2060307,"Enterococcus sp. FDAARGOS_375",3,1.86758905645105e-07,3.4,2.11446566610276e-07
47678,"Bacteroides caccae",3,1.86758905645105e-07,3,1.87394466101191e-07
69218,"Enterobacter cancerogenus",3,1.86758905645105e-07,3,1.86785371073519e-07
3117552,"Bacteroides maternus",3,1.86758905645105e-07,4,2.50100403635329e-07
698441,"Drepanopeziza brunnea",3,1.86758905645105e-07,3,1.87339796877681e-07
3088697,"Pseudomonas sp. EL_65y_Pfl1_R83",3,1.86758905645105e-07,3,1.87207640087512e-07
2691581,"Azoarcus sp. TTM-91",3,1.86758905645105e-07,3.1,1.93927066322139e-07
544645,"Butyricimonas virosa",3,1.86758905645105e-07,3,1.86956042922688e-07
3002754,"Stenotrophomonas sp. Sm10",3,1.86758905645105e-07,3,1.8675890982062e-07
585543,"Bacteroides sp. D20",3,1.86758905645105e-07,3.8,2.37425294245025e-07
674,"Vibrio mimicus",3,1.86758905645105e-07,3,1.8686413316534e-07
2763668,"Jutongia huaianensis",3,1.86758905645105e-07,3,1.88276360583366e-07
745368,"Gemmiger formicilis",3,1.86758905645105e-07,3.1,1.95117859194536e-07
2302956,"Faecalibacterium sp. AF27-11BH",3,1.86758905645105e-07,3,1.89572672720108e-07
2763664,"Jutongia hominis",3,1.86758905645105e-07,3.5,2.14817560519509e-07
2144175,"Megasphaera stantonii",3,1.86758905645105e-07,3.1,1.94410874891599e-07
2024325,"Epseptimavirus saus132",3,1.86758905645105e-07,4.1,2.53821421429539e-07
2025659,"Bacteroides sp. KFT8",3,1.86758905645105e-07,3.1,1.93079047952909e-07
189396,"Xanthomonas euvesicatoria",3,1.86758905645105e-07,3.2,2.02123955075054e-07
2981768,"Anthropogastromicrobium aceti",3,1.86758905645105e-07,2.6,1.59155620277688e-07
537273,"Alistipes sp. DJF_B185",3,1.86758905645105e-07,2.8,1.73784918914944e-07
1862567,"Acinetobacter sp. SA01",3,1.86758905645105e-07,3,1.86758905645107e-07
1544694,"Rosenbergiella epipactidis",3,1.86758905645105e-07,3.2,1.96674289987052e-07
2841528,"Eubacterium sp. MSJ-33",3,1.86758905645105e-07,3,1.85303371531851e-07
39496,"Eubacterium ventriosum",3,1.86758905645105e-07,4.2,2.62088345784391e-07
2049022,"Catenibacterium sp.",3,1.86758905645105e-07,3.1,1.95700315482888e-07
NA,"unknown genome; accession ID isNZ_CASEUO010000114.1",3,1.86758905645105e-07,3,1.86758905934335e-07
1105032,"Streptococcus sp. BS35b",3,1.86758905645105e-07,3.1,1.92433601308312e-07
2490633,"Streptococcus periodonticum",3,1.86758905645105e-07,4.3,2.66105283557813e-07
1813782,"Epseptimavirus 118970sal2",3,1.86758905645105e-07,3.1,1.92424455226072e-07
255431,"Klebsiella phage phiKO2",3,1.86758905645105e-07,3,1.86781525565951e-07
682382,"HMO Astrovirus A",3,1.86758905645105e-07,3,1.86758905645107e-07
91928,"Exophiala spinifera",3,1.86758905645105e-07,3,1.86758905684055e-07
1182542,"Capronia epimyces",3,1.86758905645105e-07,3.3,2.07802476613268e-07
2813565,"Pseudomonas sp. 74_A",3,1.86758905645105e-07,3,1.8692636840856e-07
2949966,"Clostridium sp. ZBS20",3,1.86758905645105e-07,2.8,1.75929315630346e-07
NA,"unknown genome; accession ID isNZ_CAKTZV010000002.1",3,1.86758905645105e-07,3,1.86760430073814e-07
2185275,"Lawsonibacter sp.",3,1.86758905645105e-07,2.8,1.72437711521114e-07
3684508,"unknown genome; accession ID isNZ_JBVHRM010000067.1",3,1.86758905645105e-07,3,1.86874979901365e-07
2985104,"Citrobacter sp. CK195",3,1.86758905645105e-07,3,1.86759001495218e-07
197461,"Pseudovibrio exalbescens",3,1.86758905645105e-07,2.7,1.65368624424977e-07
2861964,"Pseudoalteromonas sp. CR1",3,1.86758905645105e-07,3.5,2.1767028843804e-07
2981783,"Blautia acetigignens",3,1.86758905645105e-07,3.3,2.07409162541683e-07
2718931,"Clostridium sp. K13",3,1.86758905645105e-07,2.8,1.73667228236768e-07
2963704,"Flavonifractor sp. DFI.6.63",3,1.86758905645105e-07,2.6,1.62031168966786e-07
2518119,"Halorubrum sp. SS7",3,1.86758905645105e-07,3.9,2.43504791123384e-07
397865,"Barnesiella viscericola",3,1.86758905645105e-07,3.2,2.01457313077398e-07
2763669,"Qiania dongpingensis",3,1.86758905645105e-07,3,1.88091542694289e-07
2200763,"Microbispora triticiradicis",3,1.86758905645105e-07,3,1.8935117635121e-07
1290412,"Burkholderia pseudomallei",3,1.86758905645105e-07,3,1.88876388411888e-07
2930089,"Pseudomonas sp. RGM 3321",3,1.86758905645105e-07,3,1.87954799006149e-07
1581146,"Klebsiella sp. HMSC09D12",3,1.86758905645105e-07,3,1.86876918177764e-07
3123295,"Blautia sp. JLR.GB0024",3,1.86758905645105e-07,3,1.867658646697e-07
365590,"Shewanella hafniensis",3,1.86758905645105e-07,3.2,1.98956190335757e-07
3699536,"unknown genome; accession ID isNZ_JBXAYL010000171.1",3,1.86758905645105e-07,3,1.88879228727136e-07
NA,"unknown genome; accession ID isNZ_JAQEUC010000070.1",3,1.86758905645105e-07,3,1.86845851816211e-07
2923500,"Enterococcus sp. FR128",3,1.86758905645105e-07,2.8,1.74471408227432e-07
2841525,"Pseudoflavonifractor sp. MSJ-30",3,1.86758905645105e-07,3,1.87035463933277e-07
2993455,"Lactobacillus isalae",3,1.86758905645105e-07,3.1,1.91727662883614e-07
1581058,"Aerococcus sp. HMSC23C02",3,1.86758905645105e-07,3.2,2.02178841051347e-07
2024339,"Ceduovirus cv62403",3,1.86758905645105e-07,3,1.87790341549617e-07
2769487,"Nocardia sp. XZ_19_369",3,1.86758905645105e-07,4.7,2.92844969450504e-07
2824764,"Mesorhizobium sp. GbtcB19",3,1.86758905645105e-07,3,1.86758905772696e-07
3373370,"Antrihabitans spumae",3,1.86758905645105e-07,3.2,1.98268962499552e-07
2582606,"Salmonella sp. gx-f7",3,1.86758905645105e-07,3.2,1.97812260892053e-07
3159680,"Salmonella sp. s55408",3,1.86758905645105e-07,4.5,2.77099902883558e-07
3044279,"Massilia hydrophila",3,1.86758905645105e-07,3,1.86758905645107e-07
2292367,"Roseburia sp. OF03-24",3,1.86758905645105e-07,3.2,1.97796708019251e-07
2582661,"Streptococcus sp. 1453",3,1.86758905645105e-07,3,1.86883512985048e-07
2508185,"Dhillonvirus PTXU06",3,1.86758905645105e-07,3,1.87781663478352e-07
3153427,"Klebsiella sp. CN_Kp109",3,1.86758905645105e-07,2.8,1.74579385992821e-07
2293117,"Parabacteroides sp. AF39-10AC",3,1.86758905645105e-07,3,1.8692356106961e-07
3381934,"Escherichia sp. WS1368",3,1.86758905645105e-07,3,1.86758968624608e-07
2292961,"Blautia sp. AF19-10LB",3,1.86758905645105e-07,2.8,1.76333652095848e-07
2583810,"Alteribacter natronophilus",3,1.86758905645105e-07,3.2,1.97998035062969e-07
1905697,"Brucella sp. CMUL 015",3,1.86758905645105e-07,3,1.89157025158673e-07
2787103,"Clostridium sp. 1001270J_160509_D11",3,1.86758905645105e-07,3.1,1.95409906409708e-07
3458240,"unknown genome; accession ID isNZ_JBQSUN010000006.1",3,1.86758905645105e-07,3.2,1.97115751257977e-07
56957,"Thermus oshimai",2,1.24505937096737e-07,2.2,1.37234316942095e-07
54291,"Raoultella ornithinolytica",2,1.24505937096737e-07,2.7,1.68684890229325e-07
35703,"Citrobacter amalonaticus",2,1.24505937096737e-07,2.3,1.45440244735284e-07
670,"Vibrio parahaemolyticus",2,1.24505937096737e-07,2.9,1.78838284404224e-07
28038,"Latilactobacillus curvatus",2,1.24505937096737e-07,2,1.24517405126817e-07
1259973,"Klebsiella electrica",2,1.24505937096737e-07,2.2,1.37993755067363e-07
1307,"Streptococcus suis",2,1.24505937096737e-07,2,1.24611976980392e-07
2608867,"Escherichia ruysiae",2,1.24505937096737e-07,2,1.24505942745196e-07
2769349,"Klebsiella sp. K4",2,1.24505937096737e-07,2,1.24618459177246e-07
2745137,"Myxococcus sp. AM009",2,1.24505937096737e-07,2,1.24593544937286e-07
199684,"uncultured Bradyrhizobium sp.",2,1.24505937096737e-07,2,1.2450593709712e-07
1031537,"Bremerella cremea",2,1.24505937096737e-07,2.1,1.28774888749139e-07
2681430,"Raoultella sp. 18098",2,1.24505937096737e-07,2,1.25548013287617e-07
671267,"Phocaeicola sartorii",2,1.24505937096737e-07,2,1.2722967492829e-07
1194083,"Nostocoides japonicum",2,1.24505937096737e-07,2,1.24527551969179e-07
2797505,"Enterobacter vonholyi",2,1.24505937096737e-07,2,1.24658586792146e-07
626930,"Bacteroides fluxus",2,1.24505937096737e-07,1.8,1.10367012934856e-07
3152360,"Devosia alba",2,1.24505937096737e-07,2,1.24508138304819e-07
471189,"Gordonibacter pamelaeae",2,1.24505937096737e-07,2.1,1.32075722383734e-07
2774736,"Enterococcus sp. DIV1368d",2,1.24505937096737e-07,2,1.26148495463513e-07
1286820,"Lacrimispora indolis",2,1.24505937096737e-07,2.1,1.28518033189045e-07
2885356,"Hominilimicola fabiformis",2,1.24505937096737e-07,2,1.25770855435782e-07
3032319,"Iodidimonas sp. MBR-14",2,1.24505937096737e-07,2.3,1.44070126635762e-07
3034501,"Enterococcus spodopteracolus",2,1.24505937096737e-07,2.2,1.36396778554618e-07
512298,"uncultured Subdoligranulum sp.",2,1.24505937096737e-07,2,1.24511800701994e-07
2981785,"Coprococcus ammoniilyticus",2,1.24505937096737e-07,3,1.85285990446877e-07
1872531,"Anaerotruncus sp.",2,1.24505937096737e-07,2,1.24517095865749e-07
1870988,"Pseudoflavonifractor phocaeensis",2,1.24505937096737e-07,3,1.85534975897243e-07
1121321,"Asaccharospora irregularis",2,1.24505937096737e-07,2.5,1.58741277248014e-07
2921712,"Lactococcus sp. FSL W8-0209",2,1.24505937096737e-07,2,1.24767231931524e-07
2804917,"Corynebacterium pseudokroppenstedtii",2,1.24505937096737e-07,2.2,1.34154396469322e-07
74426,"Collinsella aerofaciens",2,1.24505937096737e-07,1.6,1.01193657844389e-07
2841521,"Anaerotignum sp. MSJ-24",2,1.24505937096737e-07,2,1.24517791588105e-07
NA,"unknown genome; accession ID isNZ_CASEXS010000024.1",2,1.24505937096737e-07,2,1.24505944469967e-07
142586,"Eubacterium sp.",2,1.24505937096737e-07,3,1.89799357222548e-07
712633,"Streptococcus sp. oral taxon 431",2,1.24505937096737e-07,2.1,1.28105045862491e-07
510516,"Aspergillus oryzae",2,1.24505937096737e-07,2,1.2514311205544e-07
1380048,"Ferruginibacter profundus",2,1.24505937096737e-07,2.5,1.56343235677873e-07
3445266,"Bacillus cereus group sp. BC87",2,1.24505937096737e-07,2,1.24513520181648e-07
2654282,"Methylocystis sp. MJC1",2,1.24505937096737e-07,2,1.24507982575437e-07
1907662,"Raoultibacter timonensis",2,1.24505937096737e-07,2.3,1.45763841159162e-07
2841504,"Dysosmobacter acutus",2,1.24505937096737e-07,2,1.245673905549e-07
1720313,"Bittarella massiliensis (ex Durand et al. 2017)",2,1.24505937096737e-07,2.2,1.34312712430657e-07
3133157,"Faecalibacterium faecis",2,1.24505937096737e-07,2.1,1.30132850613655e-07
3003643,"Streptococcus sp. 27098_8_82",2,1.24505937096737e-07,2,1.24784844046346e-07
2590867,"Enorma burkinafasonensis",2,1.24505937096737e-07,2.4,1.46398978587133e-07
904996,"uncultured Anaerofustis sp.",2,1.24505937096737e-07,2,1.24505941791762e-07
2762568,"Streptococcus sp. 16.1",2,1.24505937096737e-07,2.5,1.56474302898927e-07
2742600,"Limosilactobacillus urinaemulieris",2,1.24505937096737e-07,2,1.24707656849791e-07
NA,"unknown genome; accession ID isNZ_CASEUO010000030.1",2,1.24505937096737e-07,2,1.24512486881785e-07
620903,"Negativicoccus succinicivorans",2,1.24505937096737e-07,2,1.24507322746743e-07
1283291,"Pseudomonas sp. URMO17WK12:I11",2,1.24505937096737e-07,2,1.24839096350305e-07
1965649,"Butyricimonas sp. An62",2,1.24505937096737e-07,2.7,1.67092717587425e-07
3048608,"Pseudomonas sp. CCC3.2",2,1.24505937096737e-07,2,1.24506552708024e-07
2480799,"Alteromonas sp. KUL106",2,1.24505937096737e-07,2.2,1.35017743936382e-07
2293011,"Clostridium sp. AF34-10BH",2,1.24505937096737e-07,2,1.26008825098198e-07
2763064,"Roseburia zhanii",2,1.24505937096737e-07,2.3,1.42435812670644e-07
501571,"Butyricicoccus pullicaecorum",2,1.24505937096737e-07,2.1,1.32519550422866e-07
665943,"Eggerthella sp. 1_3_56FAA",2,1.24505937096737e-07,2.1,1.27897736812637e-07
2602760,"Mesonia sp. K4-1",2,1.24505937096737e-07,2,1.24900494821647e-07
2293128,"Roseburia sp. AF15-21",2,1.24505937096737e-07,2.1,1.31082078423435e-07
2709398,"Parabacteroides sp. ZJ-118",2,1.24505937096737e-07,2,1.24506015906161e-07
2293087,"Coprococcus sp. AF16-22",2,1.24505937096737e-07,2.3,1.4314696945917e-07
2800793,"Enterococcus sp. 2CBP",2,1.24505937096737e-07,2.1,1.30427242224145e-07
150056,"Mammaliicoccus fleurettii",2,1.24505937096737e-07,2,1.25477332833987e-07
3133177,"Bifidobacterium hominis",2,1.24505937096737e-07,1.9,1.2096896121718e-07
2499078,"Vibrio ouci",2,1.24505937096737e-07,3.3,2.05160949931511e-07
2759926,"Modicisalibacter radicis",2,1.24505937096737e-07,2,1.27333896657002e-07
2774669,"Enterococcus sp. DIV0213h",2,1.24505937096737e-07,1.7,1.05130871074559e-07
2774668,"Enterococcus sp. DIV2449a",2,1.24505937096737e-07,1.7,1.06212522617757e-07
3133154,"Coprococcus intestinihominis",2,1.24505937096737e-07,2,1.24575531978667e-07
2293002,"Clostridium sp. AF20-7",2,1.24505937096737e-07,2,1.26855761297695e-07
2763662,"Yeguia hominis",2,1.24505937096737e-07,2.1,1.31678995944806e-07
295089,"Pontixanthobacter luteolus",2,1.24505937096737e-07,2,1.25092024787127e-07
1739430,"Streptococcus sp. HMSC078D09",2,1.24505937096737e-07,1.6,9.84822285606839e-08
2836736,"Campylobacter sp. 2018MI10",2,1.24505937096737e-07,2.3,1.4079357026553e-07
3049087,"Sinorhizobium sp. 7-81",2,1.24505937096737e-07,1.5,9.37870202973671e-08
2758578,"Klebsiella sp. Kpp",2,1.24505937096737e-07,2,1.24515099997026e-07
2026339,"Oceanibium sediminis",2,1.24505937096737e-07,2.1,1.28668512350758e-07
2981787,"Dorea acetigenes",2,1.24505937096737e-07,2.1,1.27953618021859e-07
2516961,"Muribaculum sp. NM65_B17",2,1.24505937096737e-07,2.2,1.38876709593412e-07
NA,"unknown genome; accession ID isNZ_JAQEUC010000058.1",2,1.24505937096737e-07,2,1.24508432159943e-07
2849165,"Bifidobacterium sp. MSK.13.1",2,1.24505937096737e-07,2,1.24855878987675e-07
5059,"Aspergillus flavus",2,1.24505937096737e-07,2,1.24585768404393e-07
2741325,"Streptomyces sp. CHD11",2,1.24505937096737e-07,2,1.24573128799255e-07
2025876,"Parabacteroides sp. CT06",2,1.24505937096737e-07,2,1.24514674037176e-07
1686384,"Citrobacter sp. BIDMC107",2,1.24505937096737e-07,2,1.2450593714939e-07
3160599,"Bacteroides sp. AN502(2024)",2,1.24505937096737e-07,2,1.2481831598592e-07
3159639,"Salmonella sp. s32443",2,1.24505937096737e-07,2,1.24506452749296e-07
382777,"Thiocapsa imhoffii",2,1.24505937096737e-07,2,1.24505937096738e-07
2582691,"Streptococcus sp. 2741",2,1.24505937096737e-07,3.2,1.9626355572325e-07
3158786,"Ligilactobacillus sp. WC1T17",2,1.24505937096737e-07,2,1.24512941373879e-07
1187925,"Alternaria hordeiaustralica",2,1.24505937096737e-07,2,1.24519826818549e-07
394095,"Pyxidicoccus fallax",2,1.24505937096737e-07,2.2,1.36171302201682e-07
66882,"Streptomyces cuspidosporus",2,1.24505937096737e-07,2,1.26209189591446e-07
2857010,"Streptomyces sp. DH12",2,1.24505937096737e-07,2.1,1.29100583787918e-07
2841668,"Streptomyces sp. CHA15",2,1.24505937096737e-07,2,1.2471671046107e-07
1485586,"Streptomyces calidiresistens",2,1.24505937096737e-07,2,1.27293507820115e-07
2044270,"Klebsiella sp. KG9",2,1.24505937096737e-07,2,1.2476352200228e-07
3153422,"Klebsiella sp. CN_Kp100",2,1.24505937096737e-07,2.2,1.34456618837159e-07
2605744,"Pseudomonas sp. CAH-1",2,1.24505937096737e-07,2,1.24506462294855e-07
60216,"Xanthobacter tagetidis",2,1.24505937096737e-07,2.2,1.37084418489777e-07
3159636,"Salmonella sp. s30044",2,1.24505937096737e-07,2,1.2450650811871e-07
3133171,"Pseudoflavonifractor intestinihominis",2,1.24505937096737e-07,2,1.26385031402717e-07
2897708,"Mediterraneibacter sp. NSJ-151",2,1.24505937096737e-07,2.2,1.36474633319849e-07
3391774,"Agathobaculum sp. TL06",2,1.24505937096737e-07,2.1,1.27755920709949e-07
2292992,"Catenibacterium sp. AM22-6LB",2,1.24505937096737e-07,2,1.27587358262803e-07
3458240,"unknown genome; accession ID isNZ_JBQSUN010000008.1",2,1.24505937096737e-07,2,1.24636566412959e-07
3018254,"Streptococcus sp. SS6",2,1.24505937096737e-07,2,1.27321846583297e-07
3003652,"Streptococcus sp. 27098_8_148",2,1.24505937096737e-07,2,1.24732243903205e-07
1334,"Streptococcus dysgalactiae",1,6.22529685483685e-08,1,6.22728700063834e-08
67824,"Citrobacter farmeri",1,6.22529685483685e-08,1,6.22530554969235e-08
60520,"Lactiplantibacillus paraplantarum",1,6.22529685483685e-08,1,6.23737042503531e-08
1217282,"Parabacteroides faecis",1,6.22529685483685e-08,1,6.41045701941714e-08
2993714,"Vibrio misgurnus",1,6.22529685483685e-08,1,6.22534099941332e-08
2518605,"Segatella hominis",1,6.22529685483685e-08,1.1,6.79357891711576e-08
2972764,"Bacteroides sp. BFG-637",1,6.22529685483685e-08,1,6.42696038208542e-08
688661,"Lichtheimia ornata",1,6.22529685483685e-08,1,6.22529685484118e-08
515849,"Podospora anserina",1,6.22529685483685e-08,1,6.2252968560367e-08
1450537,"Aspergillus homomorphus",1,6.22529685483685e-08,1,6.22683519480818e-08
416450,"Penicillium antarcticum",1,6.22529685483685e-08,1,6.22536729301688e-08
3691821,"unknown genome; accession ID isNZ_JBVVPO010000305.1",1,6.22529685483685e-08,1,6.22529685483689e-08
1938802,"Paraburkholderia sp. BL23I1N1",1,6.22529685483685e-08,0.3,2.0750989516123e-08
882444,"Amycolatopsis magusensis",1,6.22529685483685e-08,1.1,6.66779552326465e-08
1670621,"Saccharothrix lopnurensis",1,6.22529685483685e-08,1,6.24168896145393e-08
1736554,"Streptomyces sp. Root55",1,6.22529685483685e-08,1.3,8.10294168814147e-08
556259,"Bacteroides sp. D2",1,6.22529685483685e-08,1.3,7.8314317285203e-08
1720294,"Eisenbergiella massiliensis",1,6.22529685483685e-08,1,6.50720070876746e-08
2020689,"Klebsiella sp. CVUAS 11263",1,6.22529685483685e-08,1,6.24362417505129e-08
3681963,"unknown genome; accession ID isNZ_CEEDMJ010000111.1",1,6.22529685483685e-08,1,6.22529685483689e-08
1398493,"Pseudocitrobacter faecalis",1,6.22529685483685e-08,1.3,7.78887227717923e-08
1268785,"uncultured Butyricimonas sp.",1,6.22529685483685e-08,1,6.22529685483689e-08
3159645,"Salmonella sp. s41069",1,6.22529685483685e-08,1,6.2253154496011e-08
3048573,"Pseudomonas sp. 10B1",1,6.22529685483685e-08,1,6.22529688790318e-08
2994672,"Escherichia sp. Lx600-2",1,6.22529685483685e-08,1,6.22529699638516e-08
2608358,"Pantoea sp. Ap-870",1,6.22529685483685e-08,1,6.24939753244761e-08
1472416,"Butyricimonas faecihominis",1,6.22529685483685e-08,1,6.49183618360719e-08
3435200,"Vibrio sp. C8",1,6.22529685483685e-08,1,6.22529685483689e-08
630,"Yersinia enterocolitica",1,6.22529685483685e-08,1,6.22880922093198e-08
628,"Xenorhabdus nematophila",1,6.22529685483685e-08,1.1,6.54224714943279e-08
2743469,"Rhabdonatronobacter sediminivivens",1,6.22529685483685e-08,1,6.2596429378254e-08
84024,"Clostridium disporicum",1,6.22529685483685e-08,1,6.22530166794633e-08
2024554,"Virgibacillus indicus",1,6.22529685483685e-08,1,6.43482404492949e-08
650003,"Vibrio paracholerae",1,6.22529685483685e-08,1,6.22803053196861e-08
2849177,"Erysipelatoclostridium sp. MSK.23.68",1,6.22529685483685e-08,1,6.24638904704093e-08
89014,"Blautia luti",1,6.22529685483685e-08,1.6,1.02119147973009e-07
3457758,"unknown genome; accession ID isNZ_CM176874.1",1,6.22529685483685e-08,1,6.39510354419629e-08
1805476,"Blautia sp. Marseille-P2398",1,6.22529685483685e-08,1,6.47033149230976e-08
533243,"Cylindrospermopsis raciborskii",1,6.22529685483685e-08,1,6.37493977871432e-08
3342383,"Flintibacter porci",1,6.22529685483685e-08,1.2,7.67042778148286e-08
2785133,"Flavonifractor sp. AGMB03687",1,6.22529685483685e-08,1.2,7.72253944485394e-08
2293051,"Clostridium sp. TF06-15AC",1,6.22529685483685e-08,1,6.27483057811258e-08
2293137,"Roseburia sp. AF42-8",1,6.22529685483685e-08,1.1,6.88957023821214e-08
2584588,"Akkermansia sp. BIOML-A32",1,6.22529685483685e-08,1,6.2657636776813e-08
1227812,"Piscirickettsia salmonis",1,6.22529685483685e-08,1.1,6.92103794971862e-08
2774727,"Enterococcus sp. AZ107",1,6.22529685483685e-08,1.2,7.45656500853147e-08
3002517,"Butyricicoccus sp. OF27-2pH9A",1,6.22529685483685e-08,1,6.2946340669168e-08
2293153,"Ruminococcus sp. AF17-24",1,6.22529685483685e-08,1,6.30703756441301e-08
659425,"Thermoclostridium caenicola",1,6.22529685483685e-08,1,6.22530110307954e-08
1981334,"Finegoldia sp.",1,6.22529685483685e-08,1,6.26555261827381e-08
2040291,"Dorea phocaeensis",1,6.22529685483685e-08,1,6.23124186170929e-08
102148,"Solobacterium moorei",1,6.22529685483685e-08,1,6.24082533132068e-08
1759399,"Streptococcus sp. A12",1,6.22529685483685e-08,1.5,9.39623617695842e-08
3003687,"Gemella sp. 27098_8_92",1,6.22529685483685e-08,1,6.31757988885007e-08
2713279,"Epseptimavirus bastian",1,6.22529685483685e-08,1.1,6.66282944484546e-08
344612,"Aspergillus clavatus",1,6.22529685483685e-08,1,6.29860049086034e-08
3153559,"Nonomuraea sp. B10E8",1,6.22529685483685e-08,1,6.22529685483689e-08
2316721,"Corallococcus sp. AB049A",1,6.22529685483685e-08,1,6.2592081866582e-08
2841670,"Streptomyces sp. CHB9.2",1,6.22529685483685e-08,1,6.24744224982932e-08
3369401,"Klebsiella sp. K792",1,6.22529685483685e-08,1,6.28510384166054e-08
2813561,"Pseudomonas sp. 21_B",1,6.22529685483685e-08,1,6.22603255406149e-08
2822693,"Bacillus sp. WL1",1,6.22529685483685e-08,1,6.22529685483689e-08
2057910,"Bacillus sp. BA3",1,6.22529685483685e-08,1.1,6.55808137129319e-08
2853535,"Mycolicibacterium sp. PAM1",1,6.22529685483685e-08,1,6.22529685483689e-08
2763032,"Butyricimonas hominis",1,6.22529685483685e-08,1,6.22550439526511e-08
2813573,"Pseudomonas sp. 51_B",1,6.22529685483685e-08,1,6.48153563744735e-08
2652721,"Agarivorans sp. B2Z047",1,6.22529685483685e-08,1,6.23721873345725e-08
2058897,"Arthrobacter sp. Y81",1,6.22529685483685e-08,1,6.22529838280472e-08
2926025,"Serratia sp. Ser99",1,6.22529685483685e-08,1,6.22529685483689e-08
1867106,"Hymenobacter seoulensis",1,6.22529685483685e-08,1,6.38974812313434e-08
3098146,"Natrialba sp. PRR66",1,6.22529685483685e-08,1,6.22529685483689e-08
3159635,"Salmonella sp. s29923",1,6.22529685483685e-08,1.1,6.87669372959601e-08
3377164,"Stenotrophomonas maltophilia group sp. Smal32",1,6.22529685483685e-08,1.2,7.17763544676083e-08
3683196,"unknown genome; accession ID isNZ_JAROAU010000005.1",1,6.22529685483685e-08,1,6.23144691441069e-08
372463,"Oceanobacillus profundus",1,6.22529685483685e-08,1,6.22529685536452e-08
93974,"Bacteroides sp. AR20",1,6.22529685483685e-08,1.1,7.08656499916889e-08
2653163,"Pseudomonas sp. 8AS",1,6.22529685483685e-08,1,6.23041537036566e-08
579748,"Vibrio galatheae",1,6.22529685483685e-08,1,6.22529685483689e-08
1938366,"Pseudoalteromonas sp. SK18",1,6.22529685483685e-08,1,6.22529685483689e-08
2816080,"Alicyclobacillus suci",1,6.22529685483685e-08,1,6.46264292031834e-08
3695678,"unknown genome; accession ID isNZ_JBWJVN010000002.1",1,6.22529685483685e-08,1,6.22544434952386e-08
2774828,"Enterococcus sp. DIV0765a",1,6.22529685483685e-08,1.1,6.65081215018207e-08
1650661,"Clostridium phoceensis",1,6.22529685483685e-08,1.3,8.28778640453411e-08
NA,"unknown genome; accession ID isNZ_JAQESG010000045.1",1,6.22529685483685e-08,0.8,5.14093468142253e-08
2585118,"Alistipes communis",1,6.22529685483685e-08,1.2,7.4079314391671e-08
2944204,"Jutongia sp.",1,6.22529685483685e-08,1,6.22778406645101e-08
1324766,"Rothia endophytica",1,6.22529685483685e-08,1,6.22529685486312e-08
159447,"uncultured Corynebacterium sp.",1,6.22529685483685e-08,1,6.22530770882709e-08
837,"Porphyromonas gingivalis",1,6.22529685483685e-08,1,6.22727632933628e-08
1494462,"Lactococcus hircilactis",1,6.22529685483685e-08,1,6.23049106189688e-08
2292336,"Collinsella sp. TF11-5AC",1,6.22529685483685e-08,1.2,7.16537632698513e-08
147206,"Collinsella stercoris",1,6.22529685483685e-08,1.3,8.20061770232639e-08
227943,"Limosilactobacillus antri",1,6.22529685483685e-08,1,6.22811496678149e-08
3413767,"Streptococcus sp. VTCC 12886",1,6.22529685483685e-08,1,6.22535914030499e-08
68892,"Streptococcus infantis",1,6.22529685483685e-08,1,6.23761961504687e-08
1111760,"Streptococcus troglodytae",1,6.22529685483685e-08,1,6.22530307798148e-08
31971,"Amedibacillus dolichus",1,6.22529685483685e-08,1,6.43618896299629e-08
NA,"unknown genome; accession ID isNZ_CASEUO010000001.1",1,6.22529685483685e-08,1,6.22529787881115e-08
NA,"unknown genome; accession ID isNZ_CASEUO010000002.1",1,6.22529685483685e-08,1,6.27446207471677e-08
NA,"unknown genome; accession ID isNZ_CASEUO010000029.1",1,6.22529685483685e-08,1,6.23890360023063e-08
NA,"unknown genome; accession ID isNZ_CASEUO010000036.1",1,6.22529685483685e-08,1,6.23072948635689e-08
NA,"unknown genome; accession ID isNZ_CASEUO010000059.1",1,6.22529685483685e-08,1,6.29751220599399e-08
2769485,"Parvimonas parva",1,6.22529685483685e-08,1,6.2360261999083e-08
949,"Anaplasma platys",1,6.22529685483685e-08,1,6.22529685483689e-08
2991861,"Epseptimavirus stitch",1,6.22529685483685e-08,1.4,8.6603689939341e-08
2508061,"Epseptimavirus ev123",1,6.22529685483685e-08,1.3,8.20482467853045e-08
2057004,"Paraburkholderia azotifigens",1,6.22529685483685e-08,1,6.22762886204934e-08
3367358,"Herbidospora sp. RD11066",1,6.22529685483685e-08,1,6.5135945004101e-08
111803,"Actinocorallia longicatena",1,6.22529685483685e-08,1,6.42592728993694e-08
1928661,"Bradyrhizobium cajani",1,6.22529685483685e-08,1.2,7.17051984856057e-08
2785796,"Amycolatopsis sp. cmx-11-32",1,6.22529685483685e-08,1,6.22645640747793e-08
1537797,"Streptomyces sp. B15",1,6.22529685483685e-08,1,6.23302340726898e-08
67314,"Streptomyces lavendofoliae",1,6.22529685483685e-08,1,6.22892512514594e-08
2849174,"Bacteroides sp. MSK.20.82",1,6.22529685483685e-08,1.1,6.67572512005697e-08
2292280,"Bacteroides sp. OF02-3LB",1,6.22529685483685e-08,1,6.48360287031617e-08
3049088,"Sinorhizobium sp. 6-70",1,6.22529685483685e-08,1,6.22530099977682e-08
457389,"Bacteroides sp. 3_1_13",1,6.22529685483685e-08,1.1,6.90299587888502e-08
1929999,"Bacteroides sp. Phil13",1,6.22529685483685e-08,1,6.22551344790959e-08
2920198,"Klebsiella sp. K5-233",1,6.22529685483685e-08,1,6.2257214812896e-08
1173496,"Klebsiella sp. K1",1,6.22529685483685e-08,1,6.43411404804319e-08
861298,"Vibrio xiamenensis",1,6.22529685483685e-08,1,6.22529899536931e-08
3445310,"Bacillus cereus group sp. BC326",1,6.22529685483685e-08,1,6.22529685483689e-08
2985095,"Citrobacter sp. CK186",1,6.22529685483685e-08,1,6.2254259042162e-08
1872678,"Pseudoalteromonas fuliginea",1,6.22529685483685e-08,1,6.22529685483689e-08
2890318,"Yersinia vastinensis",1,6.22529685483685e-08,1,6.22529685483689e-08
3681944,"unknown genome; accession ID isNZ_CEEDOR010000139.1",1,6.22529685483685e-08,1,6.23747179128344e-08
3449452,"unknown genome; accession ID isNZ_CDRJTA010000007.1",1,6.22529685483685e-08,1,6.41725509364978e-08
3025320,"Pseudoalteromonas sp. GABNB9D",1,6.22529685483685e-08,1,6.3878077411704e-08
NA,"unknown genome; accession ID isNZ_CAKUVU010000004.1",1,6.22529685483685e-08,1,6.22529873575532e-08
1965628,"Eubacterium sp. An3",1,6.22529685483685e-08,1,6.25194195786015e-08
2885348,"Hominifimenecus microfluidus",1,6.22529685483685e-08,1.1,6.73155894345791e-08
2292365,"Prevotella sp. TF12-30",1,6.22529685483685e-08,1,6.23594642061478e-08
1720550,"uncultured Coprobacter sp.",1,6.22529685483685e-08,1,6.23049206453315e-08
2002831,"Microbacterium sp. AISO3",1,6.22529685483685e-08,1,6.25754068700775e-08
2742763,"Blautia sp. MSK.21.1",1,6.22529685483685e-08,1,6.26048587691083e-08
2885352,"Hominiventricola filiformis",1,6.22529685483685e-08,1,6.29824638083355e-08
2841596,"Hallella faecis",1,6.22529685483685e-08,1,6.22538123567406e-08
2981649,"Anthropogastromicrobium sp.",1,6.22529685483685e-08,1,6.22529700351222e-08
2997951,"Coprococcus sp. TM115-141",1,6.22529685483685e-08,1,6.38214006918297e-08
512294,"uncultured Akkermansia sp.",1,6.22529685483685e-08,1.2,7.19928393901635e-08
376804,"Phocaeicola barnesiae",1,6.22529685483685e-08,1.4,8.50564316980989e-08
3073587,"unknown genome; accession ID isNZ_DBLYVB010000038.1",1,6.22529685483685e-08,1,6.22532806538004e-08
2978477,"Eubacterium album",1,6.22529685483685e-08,1.1,6.86409518971759e-08
1689265,"uncultured Intestinimonas sp.",1,6.22529685483685e-08,1,6.22599255907258e-08
1955243,"Blautia sp.",1,6.22529685483685e-08,1.3,8.29450707061287e-08
2735723,"Turicibacter bilis",1,6.22529685483685e-08,1,6.22534925455364e-08
1720204,"Collinsella ihumii",1,6.22529685483685e-08,1.3,7.96601609948743e-08
1945966,"Akkermansia sp. UBA7090",1,6.22529685483685e-08,1,6.24612744146993e-08
100886,"Catenibacterium mitsuokai",1,6.22529685483685e-08,1.2,7.70332528295645e-08
3436658,"Neisseria sp. P0003.S003",1,6.22529685483685e-08,1,6.22529685483689e-08
1739421,"Streptococcus sp. HMSC061E03",1,6.22529685483685e-08,1,6.22725378733323e-08
1777878,"Streptococcus sp. DD10",1,6.22529685483685e-08,1,6.22649635083704e-08
293425,"uncultured Mobiluncus sp.",1,6.22529685483685e-08,1,6.22530638357379e-08
3047018,"Streptococcus sp. OMI870",1,6.22529685483685e-08,1,6.48338987800167e-08
78535,"Streptococcus viridans",1,6.22529685483685e-08,1,6.50735351431143e-08
1442370,"Cladophialophora bantiana",1,6.22529685483685e-08,1,6.23773010986572e-08
1509407,"Aspergillus nomiae",1,6.22529685483685e-08,1.3,7.94117716892308e-08
2736302,"Streptomyces brasiliscabiei",1,6.22529685483685e-08,1,6.22529685483689e-08
1729892,"Bradyrhizobium campsiandrae",1,6.22529685483685e-08,1,6.32743959712568e-08
2605638,"Bradyrhizobium hipponense",1,6.22529685483685e-08,1.1,7.15076960568618e-08
1940758,"Streptomyces sp. MH60",1,6.22529685483685e-08,1,6.25250361735269e-08
573499,"Parafrankia sp. Ea1.12",1,6.22529685483685e-08,1,6.22675444280631e-08
1462440,"Pseudoduganella ginsengisoli",1,6.22529685483685e-08,1,6.40644146157494e-08
2715212,"Bacteroides faecium",1,6.22529685483685e-08,1,6.2259944748935e-08
2496651,"Mesorhizobium sp. M4B.F.Ca.ET.019.03.1.1",1,6.22529685483685e-08,1,6.4954977605351e-08
3153432,"Klebsiella sp. CN_Kp118",1,6.22529685483685e-08,1.2,7.56456290838242e-08
2775055,"Janthinobacterium sp. FW305-128",1,6.22529685483685e-08,1,6.23627179982352e-08
3681991,"unknown genome; accession ID isNZ_CEEDDH010000153.1",1,6.22529685483685e-08,1,6.28432124379151e-08
3681991,"unknown genome; accession ID isNZ_CEEDDH010000333.1",1,6.22529685483685e-08,1,6.22860717036813e-08
1247510,"Verticiella sediminum",1,6.22529685483685e-08,1,6.22647770953809e-08
1265311,"Mycobacterium arosiense",1,6.22529685483685e-08,1,6.22529685483689e-08
2292942,"Bacteroides sp. AM23-12",1,6.22529685483685e-08,1,6.38231018553407e-08
3118753,"Pseudomonas sp. 10C3",1,6.22529685483685e-08,1,6.22587582794137e-08
2972477,"Rhodococcus sp. PAE-6",1,6.22529685483685e-08,1,6.22529878002709e-08
3153472,"Klebsiella sp. GG_Kp161",1,6.22529685483685e-08,1,6.22546015316424e-08
3391442,"Klebsiella sp. CIP107",1,6.22529685483685e-08,1,6.2257604269852e-08
3159655,"Salmonella sp. s51944",1,6.22529685483685e-08,1,6.22648857125615e-08
3159712,"Salmonella sp. s58998",1,6.22529685483685e-08,1,6.25740488563607e-08
3025339,"Pseudoalteromonas sp. Angola-20",1,6.22529685483685e-08,1,6.43090336535442e-08
671622,"Microbacterium yannicii",1,6.22529685483685e-08,1,6.22674676566363e-08
1202712,"Ureibacillus chungkukjangi",1,6.22529685483685e-08,1,6.32570579421598e-08
2981793,"Phocaeicola fibrisolvens",1,6.22529685483685e-08,1,6.23094304074616e-08
1965586,"Mediterranea sp. An20",1,6.22529685483685e-08,1,6.2683772038753e-08
2591021,"Vibrio sp. 2017_1457_13",1,6.22529685483685e-08,0.8,4.68578635744293e-08
1965665,"Flavonifractor sp. An91",1,6.22529685483685e-08,1,6.23850051002799e-08
657323,"Ruminococcus sp. SR1/5",1,6.22529685483685e-08,1,6.24784614468359e-08
1121306,"Clostridium collagenovorans",1,6.22529685483685e-08,1.2,7.53448334981387e-08
410072,"Coprococcus comes",1,6.22529685483685e-08,1.2,7.4429300793584e-08
2883232,"Mediterraneibacter sp. 210702-DFI.5.30",1,6.22529685483685e-08,1.1,6.69460840371528e-08
3710686,"unknown genome; accession ID isNZ_JBYFCG010000040.1",1,6.22529685483685e-08,1,6.22529685483689e-08
2949745,"Dorea sp. MB18-49",1,6.22529685483685e-08,1,6.45420807273618e-08
2610895,"Flintibacter sp. KGMB00164",1,6.22529685483685e-08,1,6.22538448259491e-08
2528639,"Mariprofundus erugo",1,6.22529685483685e-08,1.1,6.72831269438806e-08
2881262,"Coprococcus hominis (ex Arizal et al. 2022)",1,6.22529685483685e-08,1.3,7.79167180048375e-08
1739400,"Corynebacterium sp. HMSC069E04",1,6.22529685483685e-08,1,6.23320254727721e-08
2892404,"Vescimonas sp.",1,6.22529685483685e-08,1.2,7.51214370217971e-08
2981724,"Alitiscatomonas aceti",1,6.22529685483685e-08,1,6.3480648204246e-08
3438915,"Bulleidia sp. HCP3S3_F2",1,6.22529685483685e-08,1,6.25313949582722e-08
2292232,"Eubacterium sp. AF22-8LB",1,6.22529685483685e-08,1.3,8.38333728874405e-08
1460997,"Bartonella sp. CR84HXZ",1,6.22529685483685e-08,1,6.22529685483689e-08
316088,"uncultured Rothia sp.",1,6.22529685483685e-08,1,6.22529685915188e-08
508451,"Lactobacillus taiwanensis",1,6.22529685483685e-08,1,6.3876412531612e-08
2938946,"Streptomyces sp. AS02",1,6.22529685483685e-08,1,6.36668366503039e-08
85688,"Nocardia cerradoensis",1,6.22529685483685e-08,1,6.25726981096363e-08
2585199,"Nocardia aurantia",1,6.22529685483685e-08,1,6.27397693304611e-08
2773304,"Dyadobacter subterraneus",1,6.22529685483685e-08,1,6.2258979690581e-08
28893,"Streptomyces pilosus",1,6.22529685483685e-08,1,6.23532747230144e-08
1456735,"Streptomyces sp. S5",1,6.22529685483685e-08,1,6.25173934460745e-08
2775057,"Janthinobacterium sp. EB271-G4-3-1",1,6.22529685483685e-08,1,6.29404976546809e-08
3153429,"Klebsiella sp. CN_Kp114",1,6.22529685483685e-08,1,6.28868408839348e-08
427369,"Streptomonospora halophila",1,6.22529685483685e-08,1,6.22719084303677e-08
3048599,"Pseudomonas sp. AH2 (2023)",1,6.22529685483685e-08,1.1,6.67772192937573e-08
2665560,"Salmonella sp. S056_01185",1,6.22529685483685e-08,1.1,6.79226608630212e-08
1895906,"Enterobacter sp. 56-7",1,6.22529685483685e-08,1.2,7.69693124191584e-08
2292934,"Bacteroides sp. AF37-16AC",1,6.22529685483685e-08,1,6.24413829691039e-08
2949863,"Providencia sp. PROV153",1,6.22529685483685e-08,1,6.22529897644015e-08
908340,"Clostridium sp. HGF2",1,6.22529685483685e-08,1.1,7.1569849650626e-08
508535,"Leptospira borgpetersenii",1,6.22529685483685e-08,1,6.22529685485018e-08
1054,"Ectothiorhodospira shaposhnikovii",1,6.22529685483685e-08,1,6.22529685483689e-08
3085167,"Segatella sinensis",1,6.22529685483685e-08,1,6.24393683929091e-08
3699536,"unknown genome; accession ID isNZ_JBXAYL010000246.1",1,6.22529685483685e-08,1.2,7.42067062993874e-08
3143207,"Coprococcus sp. RTP21204st1_G4_RTP21204_210225",1,6.22529685483685e-08,1.2,7.18378495614269e-08
3438911,"Blautia sp. HCP3S3_C4",1,6.22529685483685e-08,1,6.22795779880609e-08
2972460,"Barnesiella sp. ET7",1,6.22529685483685e-08,1,6.22529685515439e-08
3047475,"Gordonibacter faecis",1,6.22529685483685e-08,1,6.25606377144577e-08
3078043,"Neglectibacter sp. CSJ-5",1,6.22529685483685e-08,1,6.2430511094824e-08
2822465,"Butyribacter sp.",1,6.22529685483685e-08,1.1,6.89691926329698e-08
2592333,"Sellimonas caecigallum",1,6.22529685483685e-08,1,6.22881726158908e-08
931097,"Bartonella pachyuromydis",1,6.22529685483685e-08,1,6.22529685483689e-08
2910950,"Epseptimavirus RN29",1,6.22529685483685e-08,1.2,7.32256602757911e-08
181014,"Alternaria ethzedia",1,6.22529685483685e-08,1.3,7.96181522590368e-08
69781,"Penicillium oxalicum",1,6.22529685483685e-08,1,6.22543011478051e-08
293559,"Penicillium concentricum",1,6.22529685483685e-08,1.1,6.7508405457847e-08
1497615,"Bradyrhizobium neotropicale",1,6.22529685483685e-08,1,6.22529719915365e-08
2977365,"Paenibacillus sp. MDMC362",1,6.22529685483685e-08,1,6.39293925006162e-08
67344,"Streptomyces prasinopilosus",1,6.22529685483685e-08,1,6.50978428609565e-08
2292363,"Parabacteroides sp. TM07-1AC",1,6.22529685483685e-08,1.4,8.79146851564349e-08
2697371,"Klebsiella sp. MPUS7",1,6.22529685483685e-08,1.4,8.57663340183344e-08
1549810,"Microvirga sp. BSC39",1,6.22529685483685e-08,1,6.46599527153088e-08
3062672,"Motilimonas sp. 1_MG-2023",1,6.22529685483685e-08,1.6,1.0009324600051e-07
3159638,"Salmonella sp. s31506",1,6.22529685483685e-08,1,6.23534399674517e-08
3057126,"Bacteroides sp. ET489",1,6.22529685483685e-08,1,6.29790509241401e-08
NA,"unknown genome; accession ID isNZ_CAKVCW010000003.1",1,6.22529685483685e-08,1,6.32686438121199e-08
1506996,"Desulfoprunum benzoelyticum",1,6.22529685483685e-08,1,6.25348965050561e-08
1570016,"Thioflexithrix psekupsensis",1,6.22529685483685e-08,1,6.29500369602884e-08
3682029,"unknown genome; accession ID isNZ_CEEDCJ010000069.1",1,6.22529685483685e-08,1,6.22529685483689e-08
1736556,"Microbacterium sp. Root553",1,6.22529685483685e-08,1,6.24070227982844e-08
2849178,"Erysipelatoclostridium sp. MSK.7.34",1,6.22529685483685e-08,1,6.2426463913951e-08
2997947,"Coprococcus sp. AF51-11b1",1,6.22529685483685e-08,1.3,8.29177053417608e-08
3438894,"Bariatricus sp. HCP28S3_A7",1,6.22529685483685e-08,1,6.22540376974977e-08
2292231,"Coprococcus sp. AF21-14LB",1,6.22529685483685e-08,1,6.23367601582218e-08
2767459,"Lactococcus sp. S64",1,6.22529685483685e-08,1,6.31296737754054e-08
3369472,"unknown genome; accession ID isNZ_CBCOPQ010000004.1",1,6.22529685483685e-08,1,6.22533984634279e-08
2599927,"Francisella salimarina",1,6.22529685483685e-08,1,6.22529685483689e-08
40543,"Sneathia sanguinegens",1,6.22529685483685e-08,1,6.27103462125388e-08
232088,"Alternaria arbusti",1,6.22529685483685e-08,1,6.22575266452567e-08
2511130,"Paraburkholderia sp. UYCP14C",1,6.22529685483685e-08,1,6.22529685535984e-08
2651864,"Myxococcus sp. CA018",1,6.22529685483685e-08,1,6.22529685487462e-08
1462993,"Paraburkholderia ginsengiterrae",1,6.22529685483685e-08,1.5,9.34596447297907e-08
1509279,"Streptomyces sp. R1",1,6.22529685483685e-08,1,6.22529685485012e-08
2292194,"Bacteroides sp. AF27-33",1,6.22529685483685e-08,1,6.31113779253291e-08
2841673,"Streptomyces sp. Vc714c-19",1,6.22529685483685e-08,1,6.22548233339592e-08
2866564,"unknown genome; accession ID isNZ_JAIFJW010000001.1",1,6.22529685483685e-08,1,6.23591704267095e-08
3273430,"Acidovorax sp. BLS4",1,6.22529685483685e-08,1.1,6.55491690588836e-08
2605731,"Pseudocitrobacter sp. 73",1,6.22529685483685e-08,1,6.22529717583523e-08
2789271,"Rhodococcus sp. 077-4",1,6.22529685483685e-08,1,6.22529685688778e-08
1816677,"Butyricimonas sp. Marseille-P2440",1,6.22529685483685e-08,1.1,6.65583081851205e-08
3376150,"Enterobacter sp. BNK-13",1,6.22529685483685e-08,1,6.23056227505099e-08
3160131,"Salmonella sp. s58313",1,6.22529685483685e-08,1.1,6.58756083048502e-08
2202832,"Enterobacter sp. HPCN14",1,6.22529685483685e-08,1,6.23305888502101e-08
1608613,"Modestobacter lapidis",1,6.22529685483685e-08,1.1,6.82137148800664e-08
NA,"unknown genome; accession ID isNZ_ADJX01000023.1",1,6.22529685483685e-08,1,6.22561975538484e-08
NA,"unknown genome; accession ID isNZ_ADJX01000029.1",1,6.22529685483685e-08,1,6.22529685483689e-08
1851410,"Sphingomonas sp. UV9",1,6.22529685483685e-08,1,6.24895993111248e-08
633415,"Aeromonas sanarellii",1,6.22529685483685e-08,1,6.22648228754581e-08
3098147,"Halostella sp. PRR32",1,6.22529685483685e-08,1,6.22553220447593e-08
3058488,"Acinetobacter sp. 12966",1,6.22529685483685e-08,1,6.22529685483689e-08
393006,"Tamlana crocina",1,6.22529685483685e-08,1.3,8.34690707997428e-08
3132707,"Alistipes sp. i18-0019-D1",1,6.22529685483685e-08,1,6.22654591619828e-08
1642702,"Paludifilum halophilum",1,6.22529685483685e-08,1.1,6.76632364457919e-08
3380806,"Coprococcus sp. OB7620",1,6.22529685483685e-08,1,6.25125524506546e-08
908612,"Alistipes sp. HGB5",1,6.22529685483685e-08,1,6.2447128161509e-08
3438825,"Candidatus Avoscillospira sp. LCP25S3_F1",1,6.22529685483685e-08,1,6.4261841276094e-08
2291998,"Alistipes sp. AF48-12",1,6.22529685483685e-08,1.1,6.76858824066239e-08
2584637,"Dorea sp. BIOML-A1",1,6.22529685483685e-08,1,6.23458435007492e-08
2914163,"Lawsonibacter sp. OA9",1,6.22529685483685e-08,1,6.26450948087498e-08
2804415,"Staphylococcus sp. GDY8P19P",1,6.22529685483685e-08,1,6.26749819749521e-08
2293107,"Eubacterium sp. AF34-35BH",1,6.22529685483685e-08,1.5,9.24129544719149e-08
3682033,"unknown genome; accession ID isNZ_CEEDKW010000083.1",1,6.22529685483685e-08,1,6.22529685483689e-08
3458240,"unknown genome; accession ID isNZ_JBQSUN010000003.1",1,6.22529685483685e-08,1.2,7.62238573048744e-08
3458240,"unknown genome; accession ID isNZ_JBQSUN010000007.1",1,6.22529685483685e-08,1,6.22607233241882e-08
3692808,"unknown genome; accession ID isNZ_JBHDYP010000001.1",1,6.22529685483685e-08,1.8,1.11195557352613e-07
2782472,"Streptococcus sp. 19428wD3_AN2",1,6.22529685483685e-08,1,6.22530182342196e-08
NA,"unknown genome; accession ID isNZ_CABPDN010000012.1",1,6.22529685483685e-08,1,6.22530014814186e-08
NA,"unknown genome; accession ID isNZ_CABPDN010000018.1",1,6.22529685483685e-08,1,6.22529947283792e-08
2231345,"Epseptimavirus S116",1,6.22529685483685e-08,1.2,7.35341931305701e-08
1863010,"Tequintavirus SHSML45",1,6.22529685483685e-08,1.3,8.19706056295655e-08
2496633,"Porprismacovirus humas4",1,6.22529685483685e-08,1,6.22529685483689e-08
