"TaxonomyID","Genome","read_count","Proportion","readsEM","EMProportion"
47678,"Bacteroides caccae",3091771,0.192144570538128,3065482,0.190510788443034
1955243,"Blautia sp.",2160629,0.134276804878895,2110916.1,0.131187295057082
818,"Bacteroides thetaiotaomicron",1552615,0.0964905041110922,1574084.5,0.0978247728783517
40520,"Blautia obeum",1312757,0.0815840274023921,1311730,0.0815202050665751
858893,"Exophiala dermatitidis",729049,0.0453082738036716,729049,0.0453082709270139
853,"Faecalibacterium prausnitzii",699425,0.0434672284100699,695231.3,0.0432066018366026
2293113,"Parabacteroides sp. AF17-3",629988,0.0391519209230484,631118.9,0.0392222038748486
33035,"Blautia producta",486897,0.0302592316705548,482693.9,0.029998022094042
623,"Shigella flexneri",445208,0.0276683816363304,444818.2,0.0276441563090948
105841,"Anaerostipes caccae",424450,0.0263783323425016,425171.9,0.026423198806466
330879,"Aspergillus fumigatus",394857,0.0245392135086892,394854.5,0.0245390593908607
1150298,"Fusicatenibacter saccharivorans",385907,0.0239829970533579,386055.3,0.0239922164873901
89153,"[Clostridium] hylemonae",349194,0.0217013909388797,348796.9,0.0216767125896629
3143190,"Intestinimonas sp. RTP31139st1_F5_RTP31139_211217",282805,0.0175755077821208,283263.2,0.0176039848759395
821,"Phocaeicola vulgatus",278466,0.0173058515586925,273507.4,0.0169976862195873
2949654,"Blautia sp. C3-R-101",260950,0.0162172831305826,300725.7,0.0186892287295953
33038,"Mediterraneibacter gnavus",201823,0.0125427121412668,201587.6,0.0125280847321082
187327,"Acidaminococcus intestini",183014,0.0113737875258112,183431.4,0.0113997252134524
5480,"Candida parapsilosis",175714,0.0109201137689488,175713.7,0.0109200957237342
1737424,"Blautia massiliensis (ex Durand et al. 2017)",172645,0.0107293843497966,175323.7,0.0108958577620034
28116,"Bacteroides ovatus",130380,0.00810273759174309,127494.6,0.00792341956087032
2927224,"Akkermansia massiliensis",107151,0.00665912283857082,107122.8,0.00665736962519363
1196081,"Talaromyces amestolkiae",98017,0.00609147131868294,98015.2,0.00609136081374136
626935,"Collinsella tanakaei",96986,0.00602739766891237,96994.7,0.00602794061094178
102148,"Solobacterium moorei",87347,0.00542836186858401,87361.9,0.00542928768293474
36656,"Penicillium crustosum",80997,0.00503372784720367,80994.1,0.00503355047215494
39483,"Faecalitalea cylindroides",76624,0.00476195862271608,75626.3,0.00469995522476895
2763028,"Blautia intestinalis",70106,0.00435688389021891,68527.8,0.00425880468133483
35833,"Bilophila wadsworthia",61096,0.00379693860948869,61096.6,0.00379697592412569
1304,"Streptococcus salivarius",59439,0.00369396088138992,59367.6,0.00368952565106988
5068,"Aspergillus tubingensis",50941,0.00316583491073006,50906.6,0.00316369499021452
1323,"Faecalicoccus pleomorphus",46955,0.00291811661006517,47914.3,0.00297773339252522
39491,"Agathobacter rectalis",42822,0.00266126268717305,47183.9,0.00293234207829547
674529,"Bacteroides faecis",42080,0.00261514954640703,49903.6,0.0031013628914295
1912855,"Faecalimonas umbilicata",41913,0.00260477098238018,43835,0.0027242204480055
2293151,"Ruminococcus sp. AF17-12",41052,0.00255126233790641,48453.9,0.00301126986199507
1681,"Bifidobacterium bifidum",35983,0.00223623873879193,35995.7,0.00223702543696009
817,"Bacteroides fragilis",31005,0.00192687052486573,31166.1,0.00193688523045993
1579,"Lactobacillus acidophilus",30734,0.00191002866348084,30733.1,0.00190997579135561
301301,"Roseburia hominis",29857,0.00185552566556737,30976.6,0.00192510776689772
1502,"Clostridium perfringens",23752,0.00147611768123241,23724.3,0.00147439382022609
2292004,"Butyricicoccus sp. AM05-1",23315,0.00144895940291065,23358.1,0.00145163621401507
2093857,"Dysosmobacter welbionis",22957,0.00142671074469739,23025.3,0.00143095372968036
1439894,"Alcyoneusvirus K641",22664,0.00140850164733291,22664,0.00140850164733291
1547,"Thomasclavelia ramosa",22133,0.00137550154255292,22123.9,0.00137493324885194
29523,"Bacteroides sp.",18768,0.00116637658476633,19821.3,0.00123183635691156
1929886,"Eggerthella sp.",15897,0.000987952289430433,15899.9,0.000988131694227611
562,"Escherichia coli",14632,0.000909336220604271,13604.8,0.000845500774748639
1351,"Enterococcus faecalis",13333,0.00082860715071875,12920.3,0.000802959259519022
469585,"Bacteroides sp. 1_1_14",10898,0.000677278986614635,10655.4,0.000662204394985099
2508195,"Phapecoctavirus schickermooser",9838,0.00061140307123461,9738.1,0.000605193128875054
1297617,"Intestinimonas butyriciproducens",9594,0.000596239181279208,9876.2,0.000613777456815447
180164,"Blautia schinkii",9117,0.000566595019358197,8244.7,0.00051238471848676
948870,"Justusliebigvirus phi92",8908,0.000553606277552135,9003,0.00055951014307512
1496,"Clostridioides difficile",8864,0.000550871805592965,9180.4,0.000570532737636085
573,"Klebsiella pneumoniae",8786,0.000546024332574434,8684.4,0.000539708966271161
1567007,"Tequintavirus DT5712",8308,0.000516318023563442,8244.8,0.000512387464201266
2981789,"Dorea amylophila",7904,0.000491210599211055,8030.7,0.000499081625212266
39486,"Dorea formicigenerans",7650,0.000475425238355842,7857.9,0.000488343917149325
2601632,"Pawinskivirus PS119XW",7359,0.000457340435171325,7359,0.000457340435171323
2886925,"Enquatrovirus N4",7297,0.000453487315592494,7297,0.000453487315592492
76857,"Fusobacterium polymorphum",6904,0.000429063509229899,6797.3,0.000422431667800756
1353,"Enterococcus gallinarum",6810,0.000423221682771671,6884.6,0.000427856794824381
2292976,"Blautia sp. AM42-2",6756,0.000419865739912688,6231.9,0.000387295993050148
1675602,"Moonvirus merlin",6108,0.000379594425604899,6105.5,0.000379437148333338
2763023,"Bacteroides hominis",6084,0.000378102895445352,5938.8,0.000369078645832498
1675603,"Mooglevirus mordin",6032,0.000374871246766332,6032,0.00037487124676633
208479,"Enterocloster bolteae",5983,0.000371826039357255,6024.2,0.000374387997071334
1211819,"Holdemania massiliensis",5896,0.000366419242528894,5997.5,0.000372729451702767
2762819,"Eowynvirus eowyn",5399,0.00033553213880826,5399,0.000335532138808258
2881264,"Blautia fusiformis",5327,0.000331057548329617,5478,0.000340441594101515
1673721,"Intestinimonas massiliensis (ex Afouda et al. 2020)",5027,0.00031241342133527,5079.1,0.000315653913363603
594,"Salmonella enterica",4851,0.000301475533498587,5516.3,0.000342819683762475
2024228,"Prevotella sp. P4-51",4745,0.000294887941960584,4386.2,0.000272587420541651
1604356,"Gamaleyavirus ECBP1",4594,0.00028550373137343,4571.7,0.000284120792153878
2231352,"Epseptimavirus S126",4528,0.000281402023434673,3894.2,0.000242012971071646
2508193,"Wifcevirus WFC",4503,0.000279848346185144,4503,0.000279848346185143
2508185,"Dhillonvirus PTXU06",4396,0.000273198607557161,4232,0.000263006133065409
2949660,"Bacteroides sp. B1-V-101",4206,0.000261390660460741,4435.9,0.000275677424333359
2711185,"Kuravirus MN05",4094,0.000254430186382852,3845.5,0.000238988569225359
2773922,"Fusicatenibacter sp.",4060,0.000252317185323492,4314.6,0.00026813765446175
2865794,"Suseptimavirus 101114UKE3",3893,0.000241938621296639,3424.6,0.000212827739864971
261299,"Intestinibacter bartlettii",3825,0.000237712619177921,3842.6,0.000238806514169593
2172043,"Bifidobacterium tibiigranuli",3678,0.000228576996950691,2637.3,0.000163899160558846
357276,"Phocaeicola dorei",3650,0.000226836878431219,3583.3,0.000222693751014857
2994968,"Bacteroides sp. LFL-34",3604,0.000223978112292085,3567.8,0.000221729666417939
626939,"Phascolarctobacterium succinatutens",3539,0.00021993855144331,3552.4,0.000220771130601037
3133172,"Alistipes intestinihominis",3352,0.000208317045616834,3381.3,0.000210136176849373
197614,"Streptococcus pasteurianus",3143,0.000195328303810773,3150.9,0.000195821722732738
1463164,"Klebsiella quasipneumoniae",3124,0.000194147509101131,3701.1,0.000230014294841642
93974,"Bacteroides sp. AR20",3102,0.000192780273121545,4978.7,0.000309411403796971
2877527,"Blautia parvula",2984,0.000185446916503769,3066.8,0.000190592701972755
2986396,"Kingevirus communis",2737,0.000170096585278423,2737,0.000170096585262948
698487,"Kagunavirus K1H",2670,0.000165932730249686,2676.7,0.000166349294475544
225992,"Comamonas kerstersii",2627,0.000163260405380496,2626.9,0.000163255815310233
89014,"Blautia luti",2611,0.000162266051940798,2883.1,0.000179174162687113
29466,"Veillonella parvula",2537,0.000157667167282192,2541.5,0.000157944280368749
2714735,"Hanrivervirus PGN590",2527,0.000157045696382381,2526.9,0.000157038593386298
592978,"Mediterraneibacter faecis",2514,0.000156237784212626,2614.3,0.000162473363459103
820,"Bacteroides uniformis",2456,0.000152633252993719,2400.7,0.000149195283063866
2292984,"Blautia sp. OM06-15AC",2447,0.000152073929183888,1941.9,0.000120681946412425
204516,"Phocaeicola massiliensis",2340,0.000145424190555904,2244.5,0.000139487462320787
2762565,"Streptococcus sp. 22.1",2264,0.000140701011717337,2264.8,0.000140748767297353
1604355,"Suseptimavirus ECBP2",2169,0.000134797038169127,2701,0.000167859821376613
1933774,"Loudonvirus EC3a",2116,0.000131503242400126,2116,0.000131503242400125
2126740,"Clostridium fessum",2104,0.000130757477320352,1892.4,0.000117605363528539
2302925,"Bacteroides sp. AF32-8BH",2066,0.000128395887901068,2014.3,0.000125183290532103
1540098,"Seuratvirus seurat",2048,0.000127277240281407,2048.5,0.00012730957018089
3132704,"Bacteroides sp. f07",2021,0.000125599268851916,2310.2,0.000143572472842828
371601,"Bacteroides xylanisolvens",1981,0.00012311338525267,2099,0.000130448041531002
2081604,"Tequatrovirus ecomg28",1967,0.000122243325992933,1961.3,0.000121889211708445
2931395,"Blautia sp. NSJ-140",1967,0.000122243325992933,2017.5,0.000125384254198089
264951,"Paecilomyces variotii",1963,0.000121994737633009,1836.5,0.000114133120732216
1897051,"Bacteroides sp. 43_46",1901,0.000118141618054177,2047.1,0.00012721895951794
709484,"Karamvirus cc31",1896,0.000117830882604271,1897.7,0.0001179371766218
3143057,"Blautia sp. 2227st1_G12_2227SCRN_220401",1863,0.000115780028634893,2136.6,0.000132783776732097
3037987,"Akkermansia sp. BCRC 18949",1838,0.000114226351385364,1774.9,0.000110304668742476
2109687,"Oscillibacter sp. PEA192",1779,0.000110559673076476,1968.1,0.00012231106573938
1448317,"Aspergillus costaricensis",1755,0.000109068142916928,1404.6,8.72897329201371e-05
47858,"Micromonospora echinofusca",1742,0.000108260230747173,1688.3,0.000104920739202281
1686,"Bifidobacterium catenulatum",1738,0.000108011642387249,1608.7,9.99739054273511e-05
2849174,"Bacteroides sp. MSK.20.82",1708,0.000106147229687814,1750.9,0.000108814108246325
1173297,"Halocynthia phage JM-2012",1700,0.000105650052967965,1700,0.000105650052967964
103621,"Actinomyces urogenitalis",1677,0.000104220669898398,1677,0.000104220669898398
3141595,"Romboutsia sp. MSSM.1001216sp_RTP31141st1_G3_RTP31141_220114",1672,0.000103909934448492,1597.5,9.9278981784428e-05
329854,"Bacteroides intestinalis",1601,9.94974910598304e-05,1749.4,0.000108719936085942
2836105,"Dhillonvirus sponge",1556,9.67008720106784e-05,1663.9,0.000103408662251927
1796613,"Bacteroides caecimuris",1555,9.66387249206972e-05,1634,0.000101547121271111
213774,"Skunavirus P475",1554,9.6576577830716e-05,1381.8,8.58728004120113e-05
1311,"Streptococcus agalactiae",1529,9.50229005811872e-05,2034.8,0.000126458761315446
2419761,"Epseptimavirus mar003J3",1464,9.0983339732412e-05,2024.3,0.000125806562387838
29391,"Gemella morbillorum",1460,9.07347513724874e-05,1463.1,9.09270357402393e-05
1880822,"Klebsiella virus PMBT1",1434,8.91189270329774e-05,1433.3,8.9075559798474e-05
1805466,"Kayfunavirus SH3",1434,8.91189270329774e-05,1419.2,8.82005571263177e-05
536633,"Blautia glucerasea",1424,8.84974561331658e-05,1441.2,8.95687520995351e-05
871665,"Blautia faecis",1412,8.77516910533919e-05,1260.4,7.83332486118522e-05
823,"Parabacteroides distasonis",1405,8.73166614235238e-05,1490.1,9.26071673398256e-05
2292986,"Blautia sp. TF10-30",1393,8.657089634375e-05,1459.2,9.06835411281467e-05
1391223,"Gamaleyavirus APEC7",1382,8.58872783539573e-05,1402.3,8.71509582185916e-05
762660,"Acinetobacter phage Ac42",1381,8.58251312639761e-05,1381,8.58251312639757e-05
2981770,"Gallintestinimicrobium propionicum",1346,8.36499831146357e-05,1376.4,8.55372037263199e-05
2771180,"Microcystis sp. M19BS1",1338,8.31528063947864e-05,1324,8.22809780017913e-05
1965472,"Audreyjarvisvirus AM4",1317,8.18477175051821e-05,1317,8.1847707833422e-05
246787,"Bacteroides cellulosilyticus",1251,7.77460095664259e-05,1074.5,6.67791299731948e-05
626937,"Christensenella minuta",1239,7.7000244486652e-05,1244.8,7.73628977052564e-05
3038130,"Hominisplanchenecus sp.",1224,7.60680381369347e-05,1296.6,8.0579896252811e-05
518,"Bordetella bronchiseptica",1222,7.59437439569723e-05,1676.2,0.00010416943016759
3374692,"unknown genome; accession ID isNZ_JBIPTC010000001.1",1160,7.20906243781407e-05,1182.6,7.34969333493042e-05
2029658,"Skunavirus sv05601",1115,6.92940053289887e-05,1062.5,6.60304733861511e-05
2866663,"Kuravirus IMEP8",1091,6.78024751694409e-05,1266.2,7.86923794021535e-05
2292980,"Blautia sp. OF03-13",1032,6.41357968605527e-05,1380,8.5761964426997e-05
33894,"Mycobacterium tuberculosis",999,6.20849428911746e-05,989.3,6.14816230002743e-05
2041760,"Kayfunavirus IMM002",992,6.16499132613065e-05,1006.6,6.25568903047053e-05
2040332,"Dorea sp.",974,6.05312656416457e-05,988.6,6.14362289878176e-05
1567028,"Gaprivervirus vr25",927,5.76103524125314e-05,928.7,5.77148978126581e-05
1511807,"Rosavirus acaliforni",906,5.63052635229271e-05,906,5.63052635229269e-05
166486,"Roseburia intestinalis",904,5.61809693429648e-05,1182.5,7.34863009559436e-05
936563,"Fusobacterium sp. CM22",885,5.50001746333228e-05,925.1,5.74926494166716e-05
1981500,"Vequintavirus V18",880,5.46894391834171e-05,887.6,5.51640289691784e-05
169435,"Anaerotruncus colihominis",852,5.29493206639447e-05,813.2,5.05390141440853e-05
2292967,"Blautia sp. AF32-4BH",832,5.17063788643216e-05,1171.1,7.27794255322855e-05
1108849,"Penicillium rubens",821,5.10227608745289e-05,816.9,5.07683264497216e-05
1930076,"Leuconostoc sp.",806,5.00905545248115e-05,786.8,4.8897660711605e-05
2910155,"Carltongylesvirus SKA49",800,4.97176719849246e-05,800,4.97176719849244e-05
410072,"Coprococcus comes",795,4.94069365350188e-05,763.6,4.74545495330926e-05
2029667,"Skunavirus sv57001",783,4.8661171455245e-05,887.6,5.51627540211669e-05
1309,"Streptococcus mutans",733,4.55538169561872e-05,733.2,4.55679030179037e-05
1506151,"Aspergillus pseudonomiae",688,4.27571979070352e-05,805.7,5.00728381507544e-05
2584601,"Akkermansia sp. BIOML-A45",687,4.2695050817054e-05,693.4,4.30931824732812e-05
2650157,"Bacteroides zhangwenhongii",686,4.26329037270729e-05,1030.9,6.40687484679159e-05
571,"Klebsiella oxytoca",683,4.24464624571294e-05,684.5,4.25402814914379e-05
1680,"Bifidobacterium adolescentis",666,4.13899619274497e-05,727.5,4.52097426050558e-05
2562174,"Bimevirus IME346",656,4.07684910276382e-05,656.1,4.07724774458481e-05
2292990,"Blautia sp. TM10-2",656,4.07684910276382e-05,714.7,4.44155358773695e-05
2292981,"Blautia sp. OF09-25XD",649,4.03334613977701e-05,700.7,4.35455634234001e-05
670,"Vibrio parahaemolyticus",646,4.01470201278266e-05,645.7,4.01260684953825e-05
1512,"[Clostridium] symbiosum",646,4.01470201278266e-05,643.6,3.99956505767066e-05
1448310,"Aspergillus neoniger",646,4.01470201278266e-05,927.3,5.76302547429814e-05
2508187,"Dhillonvirus WF1",630,3.91526666881281e-05,637.9,3.96427144110169e-05
331117,"Aspergillus fischeri",624,3.87797841482412e-05,535.6,3.32863778642833e-05
1720300,"Mediterraneibacter massiliensis",620,3.85311957883166e-05,690.6,4.29156971974833e-05
1679,"Bifidobacterium longum",617,3.83447545183731e-05,660.5,4.10508550346967e-05
3029762,"Bacillus sp. 159",605,3.75989894385992e-05,601.8,3.73993690876474e-05
292800,"Flavonifractor plautii",604,3.75368423486181e-05,636.3,3.95425200463605e-05
1940789,"Lactococcus petauri",598,3.71639598087311e-05,596.1,3.70455682884508e-05
2292971,"Blautia sp. AM23-13AC",598,3.71639598087311e-05,916.4,5.69526048633049e-05
31971,"Amedibacillus dolichus",593,3.68532243588254e-05,618.9,3.84644770547543e-05
1041524,"Przondovirus K30",585,3.63560476389761e-05,585,3.6356047638976e-05
1346893,"Scuticavirus SMA6",584,3.6293900548995e-05,584,3.62933409728244e-05
2838426,"Candidatus Agathobaculum pullicola",571,3.54859883792399e-05,587.5,3.65139721402457e-05
1841855,"Bacteroides bouchesdurhonensis",561,3.48645174794284e-05,716.4,4.452508797906e-05
46503,"Parabacteroides merdae",548,3.40566053096734e-05,560.9,3.48607994994042e-05
2885356,"Hominilimicola fabiformis",542,3.36837227697864e-05,539.5,3.35264643627888e-05
2596884,"Epseptimavirus OSYSTA",541,3.36215756798053e-05,555.7,3.45335124215574e-05
2011087,"Psecadovirus PSH1",523,3.25029280601445e-05,523,3.25029280601443e-05
2293025,"Clostridium sp. AM27-28",522,3.24407809701633e-05,599.4,3.72520195397154e-05
1203539,"Deltapolyomavirus decihominis",514,3.19436042503141e-05,514,3.19436042503139e-05
2789016,"Qubevirus durum",511,3.17571629803706e-05,511,3.17571629803705e-05
85831,"Bacteroides acidifaciens",501,3.1135692080559e-05,512,3.1821437289422e-05
1624,"Ligilactobacillus salivarius",482,2.99548973709171e-05,482.1,2.99606096145091e-05
1874589,"Skunavirus sv3R16S",479,2.97684561009736e-05,542.5,3.37155387387531e-05
290055,"Faecalicatena fissicatena",475,2.9519867741049e-05,492.8,3.06234356802584e-05
1147150,"Nochtlivirus mEp235",469,2.91469852011621e-05,457.3,2.84171452074906e-05
1715116,"Streptococcus sp. HMSC065H07",468,2.90848381111809e-05,379.5,2.35822893534061e-05
1544364,"Microviridae IME-16",466,2.89605439312186e-05,466,2.89605439312185e-05
3374692,"unknown genome; accession ID isNZ_JBIPTC010000002.1",456,2.8339073031407e-05,463.9,2.8831438003171e-05
188913,"Cetobacterium somerae",454,2.82147788514447e-05,453.4,2.81780291996757e-05
2498453,"Geminicoccus harenae",445,2.76554550416143e-05,520.5,3.23453497495574e-05
154046,"Hungatella hathewayi",437,2.71582783217651e-05,458.2,2.84737255981879e-05
2592640,"Blautia sp. MCC283",437,2.71582783217651e-05,483.9,3.00744693913618e-05
154288,"Turicibacter sanguinis",427,2.65368074219535e-05,426.7,2.65209895942907e-05
1867125,"Protoparvovirus primate3",422,2.62260719720477e-05,422,2.62260719720476e-05
1871018,"Angelakisella massiliensis",421,2.61639248820666e-05,419.2,2.60542082648208e-05
2292960,"Blautia sp. AF19-1",418,2.59774836121231e-05,420.8,2.61540632380077e-05
2292942,"Bacteroides sp. AM23-12",411,2.5542453982255e-05,422.7,2.62708902232542e-05
2883186,"Blautia sp. MSK20_18",391,2.42995121826319e-05,421.6,2.62034415407857e-05
47715,"Lacticaseibacillus rhamnosus",379,2.3553747102858e-05,379.5,2.35852288534068e-05
3141591,"Blautia sp. RTP21359st1_E11_RTP21359_211015",378,2.34916000128769e-05,386.4,2.40114102378734e-05
2021311,"Agathobacter sp.",377,2.34294529228957e-05,383.4,2.38295181890871e-05
1642588,"Septimatrevirus DLP1",376,2.33673058329146e-05,376,2.33673058329145e-05
1685,"Bifidobacterium breve",375,2.33051587429334e-05,457.6,2.84369489148208e-05
2293160,"Ruminococcus sp. AF20-12LB",374,2.32430116529523e-05,439.6,2.73172296688479e-05
1448311,"Aspergillus vadensis",372,2.31187174729899e-05,414.9,2.57833024076275e-05
1216362,"Fusobacterium hwasookii",369,2.29322762030465e-05,405.3,2.51890234370365e-05
1851428,"Faecalibacterium longum",368,2.28701291130653e-05,302.2,1.87828588165949e-05
348802,"Exophiala xenobiotica",367,2.28079820230842e-05,334.3,2.07758643166182e-05
1527524,"Pseudotevenvirus miller",360,2.23729523932161e-05,360.7,2.24163196277189e-05
2981720,"Bovifimicola ammoniilytica",360,2.23729523932161e-05,362.1,2.25059873046597e-05
1280,"Staphylococcus aureus",358,2.22486582132538e-05,494.5,3.07316428311277e-05
2894753,"Dhillonvirus JLBYU60",355,2.20622169433103e-05,368.6,2.29044968136007e-05
2994522,"Akkermansia sp. NBRC 115031",355,2.20622169433103e-05,428.9,2.66569808787867e-05
1330491,"Cosavirus asiani",351,2.18136285833857e-05,351,2.18136285833856e-05
293939,"Aspergillus lentulus",346,2.15028931334799e-05,422.7,2.62691878735418e-05
3018253,"Streptococcus sp. SS4",334,2.0757128053706e-05,331.2,2.05809047665407e-05
1595998,"Human smacovirus 1",334,2.0757128053706e-05,334,2.07571280537059e-05
3025757,"Thomasclavelia sp.",332,2.06328338737437e-05,336.8,2.09312864594187e-05
1841865,"Mediterranea massiliensis",326,2.02599513338568e-05,326.4,2.028600446185e-05
2963958,"Citrobacter sp. Igbk 16",306,1.90170095342337e-05,266.8,1.65832544260283e-05
239935,"Akkermansia muciniphila",304,1.88927153542714e-05,313,1.94531563957756e-05
2974253,"Segatella sp.",290,1.80226560945352e-05,284.6,1.76888005753613e-05
2949662,"Coprococcus sp. B2-R-112",290,1.80226560945352e-05,287.4,1.78632699467557e-05
2093856,"Butyricimonas faecalis",289,1.7960509004554e-05,289.8,1.80075776025026e-05
1965576,"Pseudoflavonifractor sp. An184",287,1.78362148245917e-05,287.6,1.78748938074201e-05
2763027,"Blautia difficilis",282,1.75254793746859e-05,265,1.64676689973524e-05
1352,"Enterococcus faecium",273,1.69661555648555e-05,272.7,1.69462794245935e-05
1390,"Bacillus amyloliquefaciens",273,1.69661555648555e-05,292.1,1.81513325107471e-05
1917876,"Blautia sp. Marseille-P3087",273,1.69661555648555e-05,271.2,1.68533336973008e-05
2231342,"Epseptimavirus S113",273,1.69661555648555e-05,259.4,1.61215321161651e-05
2292979,"Blautia sp. AM47-4",271,1.68418613848932e-05,310.5,1.92950698580016e-05
2787086,"Romboutsia sp. BSD2780061687b_171204_C1",267,1.65932730249686e-05,341.8,2.12436154844661e-05
2500819,"Skunavirus MV10L",267,1.65932730249686e-05,269.6,1.67546868102796e-05
360807,"Roseburia inulinivorans",259,1.60960963051193e-05,286.4,1.77975366724281e-05
1314,"Streptococcus pyogenes",248,1.54124783153266e-05,247.9,1.5409193572959e-05
1069201,"Aspergillus luchuensis",240,1.49153015954774e-05,295,1.83350425732533e-05
1897495,"Phapecoctavirus ESCO5",238,1.47910074155151e-05,242.9,1.50970842520569e-05
1965305,"Terrisporobacter sp.",237,1.47288603255339e-05,237,1.47315164445873e-05
3053355,"Streptococcus raffinosi",236,1.46667132355528e-05,211.8,1.31612585405853e-05
871325,"Bacteroides faecichinchillae",233,1.44802719656093e-05,235,1.46017048802977e-05
3420582,"Candidatus Pseudoscillospira sp. SGI.172",227,1.41073894257224e-05,200.5,1.24574820629397e-05
76859,"Fusobacterium animalis",220,1.36723597958543e-05,233,1.44772462425421e-05
1930509,"Husavirus sp.",219,1.36102127058731e-05,219,1.3610212705873e-05
215243,"Exophiala oligosperma",217,1.34859185259108e-05,224.7,1.39642316234677e-05
2021738,"Hudisavirus sp.",215,1.33616243459485e-05,215,1.33616243459484e-05
2883184,"Blautia sp. MSK17_66",214,1.32994772559673e-05,195,1.2121311198676e-05
29388,"Staphylococcus capitis",210,1.30508888960427e-05,211,1.3111764391794e-05
2292915,"Bacteroides sp. AF15-14LB",210,1.30508888960427e-05,210.9,1.31092697282065e-05
879566,"Acetatifactor muris",209,1.29887418060616e-05,208.2,1.29382481517692e-05
1971605,"Faecalibacterium sp.",209,1.29887418060616e-05,249.2,1.54859099555814e-05
581037,"Pbunavirus pv141",209,1.29887418060616e-05,209,1.29887418060615e-05
1965293,"Intestinimonas sp.",209,1.29887418060616e-05,212.8,1.32266601617851e-05
1920491,"Pseudomonas sp. FSL W5-0203",208,1.29265947160804e-05,194.3,1.20764770599637e-05
303,"Pseudomonas putida",205,1.27401534461369e-05,203.3,1.26346970933754e-05
2293026,"Clostridium sp. AM27-31LB",204,1.26780063561558e-05,179,1.11269407998143e-05
5076,"Penicillium chrysogenum",203,1.26158592661746e-05,202.2,1.25658894961147e-05
858632,"Streptomyces sp. JV178",201,1.24915650862123e-05,158.7,9.86189507244339e-06
2892346,"Skunavirus sv712",198,1.23051238162688e-05,201.3,1.25119301397576e-05
3567996,"unknown genome; accession ID isNZ_CM136897.1",196,1.21808296363065e-05,197.8,1.22952310444655e-05
2986405,"Kahnovirus copri",192,1.19322412763819e-05,192,1.19322412763819e-05
1354,"Enterococcus hirae",189,1.17458000064384e-05,193.2,1.20088614317673e-05
28026,"Bifidobacterium pseudocatenulatum",185,1.14972116465138e-05,210.4,1.30745035242297e-05
29363,"Clostridium paraputrificum",182,1.13107703765703e-05,182,1.13112362896895e-05
2488596,"Dhillonvirus PNS1",182,1.13107703765703e-05,215.3,1.33792821126239e-05
310297,"Phocaeicola plebeius",181,1.12486232865892e-05,186.1,1.15682853098463e-05
2860374,"Suseptimavirus IME267",181,1.12486232865892e-05,190.7,1.18484344355457e-05
2480623,"Epseptimavirus STG2",175,1.08757407467023e-05,209.2,1.3003580935023e-05
743300,"Circovirus eniyan",175,1.08757407467023e-05,175,1.08757407467022e-05
1147145,"Kwaitsingvirus HK446",171,1.06271523867776e-05,182.5,1.13397138224375e-05
2029660,"Skunavirus sv30804",169,1.05028582068153e-05,190.5,1.18367551828275e-05
2589652,"Henuseptimavirus henu7",168,1.04407111168342e-05,167.4,1.04005989946655e-05
3114282,"Streptococcus parasalivarius",167,1.0378564026853e-05,212.1,1.31834269294323e-05
2163605,"Wroclawvirus PA5oct",165,1.02542698468907e-05,164.9,1.02510509930214e-05
2972763,"Bacteroides sp. BFG-606",163,1.01299756669284e-05,153.5,9.53733234315712e-06
1211280,"Tulanevirus ime13",162,1.00678285769472e-05,162,1.00678285769472e-05
2293132,"Roseburia sp. AF25-13LB",161,1.00056814869661e-05,206,1.28028774043543e-05
39496,"Eubacterium ventriosum",155,9.63279894707914e-06,167.4,1.04020822551014e-05
1531,"Enterocloster clostridioformis",154,9.57065185709799e-06,169.8,1.05535370035629e-05
197,"Campylobacter jejuni",153,9.50850476711683e-06,155.1,9.64052353082724e-06
3133153,"Blautia aquisgranensis",153,9.50850476711683e-06,157.7,9.7998384453948e-06
1747,"Cutibacterium acnes",151,9.38421058715452e-06,160.2,9.95743032244382e-06
1636564,"Skunavirus sv193",150,9.32206349717336e-06,176.4,1.09605692554761e-05
2652274,"Eisenbergiella porci",149,9.25991640719221e-06,165.7,1.02977200841253e-05
28118,"Odoribacter splanchnicus",148,9.19776931721105e-06,150.7,9.3671661056064e-06
1987501,"Massiliimalia timonensis",145,9.01132804726759e-06,133.5,8.29677446070383e-06
1816688,"Ruminococcus sp. Marseille-P328",145,9.01132804726759e-06,167.1,1.03820415609291e-05
2943492,"Corynebacterium intestinale",143,8.88703386730527e-06,143,8.88700424422564e-06
2986996,"Ruminococcus sp. 1001136sp1",141,8.76273968734296e-06,134,8.32692568565941e-06
2937417,"Bacteroides muris (ex Fokt et al. 2023)",141,8.76273968734296e-06,141.6,8.80144784179424e-06
1839799,"Streptococcus sp. FDAARGOS_192",140,8.70059259736181e-06,143.1,8.89186222235695e-06
2890409,"Candidatus Nitrotoga sp. M5",139,8.63844550738065e-06,153.6,9.54873962725782e-06
1870993,"Coprococcus phoceensis",139,8.63844550738065e-06,137.3,8.53373052983755e-06
1596,"Lactobacillus gasseri",138,8.5762984173995e-06,138.4,8.59972233127128e-06
3141597,"Ruminococcus sp. J1101004sp1_RTP21198st1_B9_RTP21198_201120",138,8.5762984173995e-06,141.7,8.80821740064388e-06
1297123,"Mycobacterium leprae",137,8.51415132741834e-06,135.2,8.40039670799257e-06
5083,"Penicillium canescens",136,8.45200423743718e-06,134.6,8.36626275187324e-06
1397112,"Patiriisocius marinus",134,8.32771005747487e-06,131.1,8.14504785765173e-06
1918624,"Flintibacter sp.",132,8.20341587751256e-06,137.4,8.53812683365336e-06
84112,"Eggerthella lenta",132,8.20341587751256e-06,132.5,8.23718883173031e-06
2478953,"Blautia sp. aa_0143",132,8.20341587751256e-06,131.7,8.18456602231863e-06
1495285,"Tequatrovirus e112",129,8.01697460756909e-06,133.1,8.27478745359075e-06
3085754,"Bacillus sp. SIMBA_005",128,7.95482751758794e-06,127.7,7.93545154178951e-06
1813783,"Epseptimavirus 100268sal2",126,7.83053333762563e-06,135.4,8.4163106298396e-06
376,"Bradyrhizobium sp.",124,7.70623915766331e-06,127.1,7.89643036121472e-06
1971762,"Holdemanella sp.",123,7.64409206768216e-06,169,1.0503586664573e-05
2739389,"Phocaeicola faecicola",122,7.581944977701e-06,118.8,7.38571769625825e-06
78257,"Bifidobacterium pullorum",120,7.45765079773869e-06,115.4,7.16904661519964e-06
1540095,"Moonvirus moon",119,7.39550370775754e-06,119.8,7.44648696179133e-06
212818,"Exophiala mesophila",118,7.33335661777638e-06,141.9,8.81771690391672e-06
2511171,"Sporolactobacillus sp. THM19-2",118,7.33335661777638e-06,103.1,6.40631584843608e-06
2897708,"Mediterraneibacter sp. NSJ-151",117,7.27120952779522e-06,148.2,9.20819734492636e-06
1872530,"Anaerostipes sp.",116,7.20906243781407e-06,116.5,7.23934713580127e-06
510516,"Aspergillus oryzae",116,7.20906243781407e-06,128.6,7.99292186248972e-06
376804,"Phocaeicola barnesiae",116,7.20906243781407e-06,111.7,6.93875333855421e-06
2853091,"Gamaleyavirus U1g",113,7.0226211678706e-06,114.9,7.14188052278644e-06
2841525,"Pseudoflavonifractor sp. MSJ-30",112,6.96047407788945e-06,123.7,7.68464365680603e-06
1450539,"Aspergillus saccharolyticus",111,6.89832698790829e-06,111.2,6.91065132849981e-06
45851,"Eshraghiella crossota",111,6.89832698790829e-06,110.8,6.88677534815623e-06
2292958,"Blautia sp. AF14-40",106,6.58759153800251e-06,101.2,6.29127821019505e-06
1739371,"Streptococcus sp. HMSC064H09",106,6.58759153800251e-06,104.4,6.48943405279726e-06
3420949,"Kitasatospora sp. LaBMicrA B282",104,6.4632973580402e-06,100.3,6.23495746502221e-06
1511882,"Bocaparvovirus primate2",104,6.4632973580402e-06,104,6.46329735804017e-06
2316726,"Corallococcus sicarius",104,6.4632973580402e-06,93.9,5.83581962013554e-06
647910,"Listeria rocourtiae",103,6.40115026805904e-06,101.8,6.32796313183449e-06
2292248,"Ruminococcus sp. AF17-22AC",102,6.33900317807789e-06,102.6,6.37743594612382e-06
3159658,"Salmonella sp. s52026",98,6.09041481815326e-06,137,8.51356943472673e-06
2591382,"Dysosmobacter sp.",95,5.9039735482098e-06,97.1,6.03608123557906e-06
3438908,"Blautia sp. HCP28S3_G10",95,5.9039735482098e-06,96.5,5.99554927341795e-06
1739381,"Streptococcus sp. HMSC072D03",92,5.71753227826633e-06,95,5.90381272064713e-06
2763022,"Bacteroides sp. M10",92,5.71753227826633e-06,92.8,5.76841996694757e-06
1871032,"Paenibacillus sp. Marseille-P2973",92,5.71753227826633e-06,92,5.7175322782663e-06
291644,"Bacteroides salyersiae",91,5.65538518828517e-06,99.5,6.18480101338994e-06
2003188,"Parolsenella catena",91,5.65538518828517e-06,91,5.6556245204145e-06
1448314,"Aspergillus eucalypticola",91,5.65538518828517e-06,97.4,6.05438912488231e-06
2997946,"Coprococcus sp. AF102-57",91,5.65538518828517e-06,94,5.84279281332816e-06
137591,"Weissella cibaria",86,5.3446497383794e-06,85.5,5.31324410625989e-06
2981786,"Coprococcus aceti",85,5.28250264839824e-06,86.1,5.34819992089535e-06
1852563,"Vilniusvirus NBD2",85,5.28250264839824e-06,85.6,5.32042640095194e-06
2965274,"Blautia sp. MSK.18.38",85,5.28250264839824e-06,99.2,6.16635286689934e-06
29348,"Thomasclavelia spiroformis",84,5.22035555841708e-06,84.6,5.25916919582562e-06
2957767,"Vibrio sp. Y28_XK_CS4",84,5.22035555841708e-06,82.4,5.12197551172755e-06
2978683,"Burkholderia orbicola",83,5.15820846843593e-06,85.8,5.33058235409411e-06
2866597,"Streptococcus sp. Marseille-Q3604",83,5.15820846843593e-06,100.6,6.24993681965736e-06
1343,"Streptococcus vestibularis",82,5.09606137845477e-06,87.6,5.44217823139424e-06
28111,"Bacteroides eggerthii",80,4.97176719849246e-06,81.7,5.07527161949885e-06
716544,"Waddlia chondrophila",80,4.97176719849246e-06,80.6,5.01152260218001e-06
2029675,"Skunavirus sv96403",78,4.84747301853015e-06,82.7,5.14162825460578e-06
2058152,"Klebsiella grimontii",74,4.59888465860553e-06,74.6,4.63652927571196e-06
672,"Vibrio vulnificus",73,4.53673756862437e-06,81.1,5.03839705702905e-06
244366,"Klebsiella variicola",73,4.53673756862437e-06,72.5,4.50298496438107e-06
2897707,"Merdimmobilis hominis",73,4.53673756862437e-06,95.5,5.93652010372604e-06
2949744,"Blautia sp. MB18-30",73,4.53673756862437e-06,105,6.52542511879305e-06
864178,"Clostridium phage phiCD6356",73,4.53673756862437e-06,73,4.53904572271247e-06
208224,"Enterobacter kobei",71,4.41244338866206e-06,73,4.5370891112972e-06
155615,"Fusobacterium vincentii",71,4.41244338866206e-06,68.3,4.24610639019862e-06
46228,"[Ruminococcus] lactaris",70,4.3502962986809e-06,77.2,4.79901476770184e-06
2566013,"Cellulomonas shaoxiangyii",70,4.3502962986809e-06,69.7,4.33294299818691e-06
2886918,"Epseptimavirus EPS7",69,4.28814920869975e-06,88.9,5.52401028863244e-06
765821,"uncultured Blautia sp.",69,4.28814920869975e-06,72.5,4.50661285323959e-06
2565517,"Epseptimavirus Sds2",69,4.28814920869975e-06,116.5,7.24256185299976e-06
2292972,"Blautia sp. AM28-10",67,4.16385502873744e-06,83.2,5.17071786062486e-06
2841517,"Blautia sp. MSJ-19",67,4.16385502873744e-06,63.6,3.95197426978573e-06
2981794,"Roseburia amylophila",67,4.16385502873744e-06,74.1,4.60678700175495e-06
1161417,"Streptococcus sp. SR4",67,4.16385502873744e-06,67.7,4.20883451588993e-06
33037,"Anaerococcus vaginalis",66,4.10170793875628e-06,65.2,4.05500714782225e-06
3695680,"unknown genome; accession ID isNZ_JBWLUR010000006.1",66,4.10170793875628e-06,65.7,4.08392208540256e-06
330922,"Psychrobacter cryohalolentis",64,3.97741375879397e-06,64,3.97741377960412e-06
209559,"Aspergillus alliaceus",64,3.97741375879397e-06,63.9,3.97184201645295e-06
2732864,"Modestobacter italicus",64,3.97741375879397e-06,73.4,4.56353030850683e-06
1118059,"Kallipyga massiliensis",63,3.91526666881281e-06,63,3.91538967744377e-06
2696450,"Warwickvirus tonijn",63,3.91526666881281e-06,61.3,3.80884766857847e-06
2292961,"Blautia sp. AF19-10LB",63,3.91526666881281e-06,66.9,4.15576624097928e-06
75553,"Aspergillus viridinutans",62,3.85311957883166e-06,58.1,3.60884001176025e-06
1448313,"Aspergillus piperis",61,3.7909724888505e-06,73.3,4.55777810043425e-06
3134659,"Blautia sp. HCN-20427",60,3.72882539886935e-06,72.5,4.50584886161843e-06
2292959,"Blautia sp. AF17-9LB",60,3.72882539886935e-06,80,4.97473108176111e-06
1720200,"Anaerotruncus rubiinfantis",59,3.66667830888819e-06,59.2,3.68182955035503e-06
2713277,"Epseptimavirus atrejo",59,3.66667830888819e-06,57.4,3.56735905160484e-06
408139,"Leptospira kmetyi",59,3.66667830888819e-06,73.4,4.56353078539533e-06
2293043,"Clostridium sp. OM05-5BH",58,3.60453121890703e-06,61.4,3.81499584665952e-06
477641,"Modestobacter marinus",58,3.60453121890703e-06,66,4.09936275855065e-06
3458240,"unknown genome; accession ID isNZ_JBQSUN010000005.1",58,3.60453121890703e-06,56.8,3.53239125872084e-06
1296538,"Lactiplantibacillus mudanjiangensis",57,3.54238412892588e-06,70.3,4.36734326238499e-06
2762568,"Streptococcus sp. 16.1",57,3.54238412892588e-06,68.4,4.25158883485568e-06
3143217,"Phocaeicola sp. RTP21198st1_B8_RTP21198_201120",56,3.48023703894472e-06,56.3,3.49902626095297e-06
2931882,"Blautia sp. NSJ-166",56,3.48023703894472e-06,54,3.35506010054716e-06
871664,"Blautia stercoris",55,3.41808994896357e-06,57.6,3.57961559842294e-06
936576,"Streptococcus sp. ACS2",55,3.41808994896357e-06,70.8,4.39880154267806e-06
2267834,"Parasaccharibacter sp. TMW 2.1884",55,3.41808994896357e-06,51.7,3.21306227804724e-06
1303,"Streptococcus oralis",54,3.35594285898241e-06,54.4,3.38183969645936e-06
851,"Fusobacterium nucleatum",54,3.35594285898241e-06,64.9,4.03301823627477e-06
3112950,"Sphingomonas sp. MJ1 (PH-R8)",54,3.35594285898241e-06,53.9,3.34809029848507e-06
1517512,"Aspergillus pseudoviridinutans",54,3.35594285898241e-06,52.7,3.27399643410854e-06
3025328,"Pseudoalteromonas sp. CST3",54,3.35594285898241e-06,52.3,3.25088534832026e-06
2762573,"Streptococcus sp. 2.1",53,3.29379576900126e-06,62.7,3.8959497263563e-06
2305483,"Ceduovirus blBB94p4",53,3.29379576900126e-06,52.7,3.27583305932735e-06
1415627,"Gyrovirus homsa4",53,3.29379576900126e-06,53,3.29379576900124e-06
2293011,"Clostridium sp. AF34-10BH",53,3.29379576900126e-06,54.3,3.37304760422335e-06
2017081,"Human fecal virus Jorvi2",53,3.29379576900126e-06,53,3.29379576900124e-06
27334,"Penicillium expansum",53,3.29379576900126e-06,51.6,3.20485089808339e-06
3078043,"Neglectibacter sp. CSJ-5",52,3.2316486790201e-06,49.6,3.08008027321728e-06
2316720,"Corallococcus interemptor",52,3.2316486790201e-06,56.5,3.50982582403924e-06
1720313,"Bittarella massiliensis (ex Durand et al. 2017)",51,3.16950158903894e-06,53.7,3.3361001918422e-06
2292966,"Blautia sp. AF26-2",51,3.16950158903894e-06,57.9,3.59863516905036e-06
2764330,"Veillonella hominis",51,3.16950158903894e-06,46,2.85915308890269e-06
1805476,"Blautia sp. Marseille-P2398",50,3.10735449905779e-06,45.5,2.82541800457782e-06
3155664,"Micromonospora sp. NPDC050200",50,3.10735449905779e-06,50.1,3.11608314013537e-06
1743235,"Chelatococcus composti",50,3.10735449905779e-06,54.3,3.37520629763827e-06
116085,"Coprococcus catus",49,3.04520740907663e-06,57.5,3.5713038774609e-06
3039593,"Parablautia sp. Marseille-Q6255",48,2.98306031909548e-06,48.4,3.00949463027301e-06
2786956,"Phocaeicola faecalis",47,2.92091322911432e-06,48.1,2.98993703669088e-06
676599,"Stenotrophomonas panacihumi",47,2.92091322911432e-06,55.9,3.47623288387967e-06
2774945,"Enterococcus sp. DIV0712",47,2.92091322911432e-06,47,2.92209308492809e-06
2789289,"Amycolatopsis sp. lyj-346",47,2.92091322911432e-06,54.7,3.39654077899366e-06
3142453,"Bacteroides sp. 90-K9/2",46,2.85876613913316e-06,54.3,3.3760488354783e-06
1905700,"Brucella sp. CMUL 036",46,2.85876613913316e-06,41.1,2.55560286723447e-06
53354,"Streptococcus gallolyticus",44,2.73447195917085e-06,42,2.61122234266809e-06
2824767,"Pantoea sp. GbtcB22",44,2.73447195917085e-06,44.4,2.7581759730803e-06
860,"Fusobacterium periodonticum",43,2.6723248691897e-06,43.5,2.70203400616626e-06
1852371,"Raoultibacter massiliensis",43,2.6723248691897e-06,43,2.67246919027264e-06
39778,"Veillonella dispar",43,2.6723248691897e-06,44,2.73512979138114e-06
1965538,"Flavonifractor sp. An100",43,2.6723248691897e-06,42.7,2.65672846430456e-06
1392255,"Aspergillus novofumigatus",43,2.6723248691897e-06,43.1,2.67902961584486e-06
NA,"unknown genome; accession ID isNZ_JADYUJ010000076.1",42,2.61017777920854e-06,42.2,2.6197508961573e-06
3141606,"Ruminococcus sp. RTP21359st1_H3_RTP21359_211015",42,2.61017777920854e-06,41.4,2.57272055476987e-06
287,"Pseudomonas aeruginosa",41,2.54803068922739e-06,39.8,2.47306039176389e-06
60172,"Penicillium solitum",41,2.54803068922739e-06,40.9,2.54388246684698e-06
418240,"Blautia wexlerae",41,2.54803068922739e-06,45.1,2.80158417668534e-06
3088696,"Pseudomonas sp. EL_65y_Pfl1_R32",41,2.54803068922739e-06,48.9,3.03899079029462e-06
2919919,"Atopomonas sediminilitoris",41,2.54803068922739e-06,55.1,3.42416861415329e-06
2597346,"Microbacterium sp. ANT_H45B",41,2.54803068922739e-06,46.2,2.87186334159229e-06
907,"Megasphaera elsdenii",40,2.48588359924623e-06,40,2.48657899635727e-06
10843,"Gequatrovirus G4",40,2.48588359924623e-06,40,2.48588359924622e-06
76860,"Streptococcus constellatus",39,2.42373650926507e-06,40.1,2.48946767492986e-06
1186124,"Salmonella phage SP-3",39,2.42373650926507e-06,38.4,2.38902317732144e-06
767769,"Aspergillus brasiliensis",39,2.42373650926507e-06,37.2,2.31047888673662e-06
2883263,"Blautia sp. 210820-DFI.6.14",38,2.36158941928392e-06,39,2.42067725669736e-06
1703332,"Butyribacter intestini",38,2.36158941928392e-06,46,2.86082541593407e-06
2293096,"Coprococcus sp. TF11-13",38,2.36158941928392e-06,42,2.6092018703093e-06
2025819,"Epseptimavirus SH9",38,2.36158941928392e-06,44.6,2.76988646014624e-06
45133,"Lasiodiplodia theobromae",38,2.36158941928392e-06,42.7,2.65640374940564e-06
28117,"Alistipes putredinis",37,2.29944232930276e-06,36.9,2.29282752677262e-06
2986411,"Cohcovirus splanchnicus",37,2.29944232930276e-06,37,2.29946293108002e-06
165179,"Segatella copri",36,2.23729523932161e-06,41.5,2.57920910423969e-06
68891,"Streptococcus peroris",36,2.23729523932161e-06,42.5,2.64133290132502e-06
10863,"Inovirus M13",36,2.23729523932161e-06,36,2.2372985781698e-06
1882221,"Novosphingobium sp. PY1",36,2.23729523932161e-06,37.5,2.32993313558741e-06
3143206,"Bifidobacterium sp. RTP21102st3_E2_RTP21102_210122",36,2.23729523932161e-06,36.5,2.26960354077114e-06
166122,"Human endogenous retrovirus K",36,2.23729523932161e-06,36.5,2.26740192896647e-06
504,"Kingella kingae",35,2.17514814934045e-06,35,2.17514814934044e-06
1520805,"Blautia sp. SF-50",35,2.17514814934045e-06,37.4,2.32717827068569e-06
69359,"Thiohalocapsa halophila",35,2.17514814934045e-06,39.7,2.46445966253222e-06
2762566,"Streptococcus sp. 21.1",35,2.17514814934045e-06,45.6,2.83520883255888e-06
1254,"Pediococcus acidilactici",34,2.1130010593593e-06,34,2.11300583666282e-06
1308,"Streptococcus thermophilus",34,2.1130010593593e-06,43.4,2.69764559763232e-06
626931,"Bacteroides oleiciplenus",34,2.1130010593593e-06,34.3,2.13195449001315e-06
2815806,"Waltera sp.",34,2.1130010593593e-06,41,2.54495027490606e-06
1982626,"Faecalibacillus intestinalis",34,2.1130010593593e-06,37,2.29653468204571e-06
3134657,"Mediterraneibacter sp. ICN-202921",34,2.1130010593593e-06,34.1,2.11796496059742e-06
1263636,"Microbacterium kyungheense",34,2.1130010593593e-06,34.4,2.13950667240184e-06
338102,"Alphatrevirus ID32",34,2.1130010593593e-06,33.4,2.07621350353972e-06
1281486,"Lactococcus formosensis",33,2.05085396937814e-06,26.9,1.67161093643593e-06
2024334,"Ceduovirus cv05802",33,2.05085396937814e-06,33.1,2.05562522015418e-06
2841515,"Falcatimonas sp. MSJ-15",33,2.05085396937814e-06,33,2.05345128102484e-06
91492,"Aspergillus udagawae",32,1.98870687939698e-06,33.8,2.09904688879983e-06
2823317,"Phascolarctobacterium sp. Marseille-Q4147",32,1.98870687939698e-06,26.5,1.64641625780724e-06
2894747,"Dhillonvirus JLBYU37",32,1.98870687939698e-06,33.3,2.07255180066648e-06
33039,"[Ruminococcus] torques",31,1.92655978941583e-06,31.5,1.9606455506285e-06
501571,"Butyricicoccus pullicaecorum",31,1.92655978941583e-06,28.5,1.7729211147911e-06
1736395,"Arthrobacter sp. Soil736",31,1.92655978941583e-06,34.5,2.14371417935533e-06
1572753,"Berlinvirus P483",31,1.92655978941583e-06,31,1.92655978941582e-06
1341132,"Aspergillus welwitschiae",31,1.92655978941583e-06,32.8,2.03862693836942e-06
2888525,"Thermomonas alba",30,1.86441269943467e-06,37.9,2.35426599303403e-06
2029659,"Skunavirus sv16802",30,1.86441269943467e-06,30.7,1.91059648797503e-06
657323,"Ruminococcus sp. SR1/5",30,1.86441269943467e-06,34.5,2.14553555324274e-06
1768764,"Streptococcus sp. CCH5-D3",30,1.86441269943467e-06,37.3,2.32048220524979e-06
532075,"Kayfunavirus EcoDS1",30,1.86441269943467e-06,29.3,1.8205919523224e-06
3133152,"Blautia intestinihominis",30,1.86441269943467e-06,35.7,2.22175507445661e-06
556259,"Bacteroides sp. D2",29,1.80226560945352e-06,29.4,1.82860258268044e-06
457387,"Bacteroides sp. 1_1_30",29,1.80226560945352e-06,35,2.17709664390654e-06
2763671,"Jingyaoa shaoxingensis",29,1.80226560945352e-06,29.5,1.83574181767144e-06
2603894,"Methylobacterium sp. WL64",28,1.74011851947236e-06,34.7,2.15828603209965e-06
1495854,"Brevundimonas sp. EAKA",28,1.74011851947236e-06,33.4,2.07339695438885e-06
2583452,"Amedibacterium intestinale",28,1.74011851947236e-06,25.6,1.59246540922596e-06
53442,"Eubacterium callanderi",28,1.74011851947236e-06,39.5,2.45424115048353e-06
2981783,"Blautia acetigignens",28,1.74011851947236e-06,30.4,1.8919203164852e-06
391612,"Crocosphaera chwakensis",28,1.74011851947236e-06,28,1.73925694268868e-06
1245,"Leuconostoc mesenteroides",27,1.67797142949121e-06,27.6,1.71708568552408e-06
165185,"uncultured Eubacterium sp.",27,1.67797142949121e-06,27.4,1.70272550556958e-06
1261,"Peptostreptococcus anaerobius",27,1.67797142949121e-06,27.1,1.68197365467682e-06
41047,"Aspergillus thermomutatus",27,1.67797142949121e-06,29.6,1.83746119409678e-06
3003687,"Gemella sp. 27098_8_92",26,1.61582433951005e-06,26.2,1.62816645497941e-06
2292962,"Blautia sp. AF19-13LB",26,1.61582433951005e-06,29.5,1.83570713989647e-06
1177179,"Alcanivorax hongdengensis",26,1.61582433951005e-06,29,1.80235254681093e-06
3141585,"Bacteroides sp. MSSM.1001136sp1_RTP21357st2_B10_RTP21359_211015",26,1.61582433951005e-06,26,1.61652537308059e-06
3380348,"Pilosibacter sp. YYHA0881",26,1.61582433951005e-06,25.6,1.5927439512539e-06
344612,"Aspergillus clavatus",25,1.55367724952889e-06,28.4,1.76798463020916e-06
301302,"Roseburia faecis",25,1.55367724952889e-06,33.4,2.07481274066574e-06
2316716,"Corallococcus sp. AB030",25,1.55367724952889e-06,30.5,1.89591838780262e-06
2591135,"Epseptimavirus SB13",25,1.55367724952889e-06,31.2,1.93845644864809e-06
1495066,"Pseudomonas capeferrum",25,1.55367724952889e-06,26.2,1.62701669790975e-06
3025326,"Pseudoalteromonas sp. GAB2316C",24,1.49153015954774e-06,24.3,1.50825161512787e-06
1336,"Streptococcus equi",24,1.49153015954774e-06,25.1,1.55987097749507e-06
2844219,"Peduovirus P24A7b",24,1.49153015954774e-06,24,1.49157834621751e-06
1206557,"Epseptimavirus R201",24,1.49153015954774e-06,24.3,1.50712196700194e-06
2292982,"Blautia sp. OF11-22",24,1.49153015954774e-06,24.6,1.52871150306617e-06
2849178,"Erysipelatoclostridium sp. MSK.7.34",24,1.49153015954774e-06,23.9,1.48565380694742e-06
1739543,"Fusobacterium sp. HMSC064B11",24,1.49153015954774e-06,25.5,1.58231859890566e-06
205918,"Pseudomonas syringae",23,1.42938306956658e-06,25.8,1.60307787468604e-06
1322,"Blautia hansenii",23,1.42938306956658e-06,24,1.48930882215566e-06
2792040,"Salinibacterium sp. NG22",23,1.42938306956658e-06,23.2,1.44047817139466e-06
2981782,"Blautia ammoniilytica",23,1.42938306956658e-06,24.9,1.54503525641445e-06
2767462,"Leuconostoc sp. S51",23,1.42938306956658e-06,28.9,1.79616216830503e-06
2315629,"Tlsvirus blueshaddow",23,1.42938306956658e-06,23,1.43157143918146e-06
1527506,"Teseptimavirus CICC80001",23,1.42938306956658e-06,23,1.42751279398811e-06
2547410,"Enterocloster alcoholdehydrogenati",22,1.36723597958543e-06,23.4,1.45302654387409e-06
3438734,"Agathobacter sp. LCP21S3_B2",22,1.36723597958543e-06,23.9,1.4881819128701e-06
1318,"Streptococcus parasanguinis",22,1.36723597958543e-06,25.5,1.58596716328562e-06
1918949,"Solemya elarraichensis gill symbiont",22,1.36723597958543e-06,30.1,1.86991222384721e-06
665943,"Eggerthella sp. 1_3_56FAA",22,1.36723597958543e-06,19.3,1.19787357320107e-06
327277,"Bifidobacterium crudilactis",22,1.36723597958543e-06,21.1,1.3141298719394e-06
1965537,"Flavonifractor sp. An10",22,1.36723597958543e-06,20.2,1.25667968722061e-06
658662,"Parabacteroides sp. D26",21,1.30508888960427e-06,21.1,1.3119663017754e-06
40994,"Penicillium hordei",21,1.30508888960427e-06,20,1.24107437868428e-06
1926307,"Veillonella sp.",21,1.30508888960427e-06,25.2,1.56859345081137e-06
1720294,"Eisenbergiella massiliensis",20,1.24294179962312e-06,23.8,1.47605371761063e-06
1835702,"Penicillium arizonense",20,1.24294179962312e-06,22.5,1.39552487275693e-06
871324,"Bacteroides stercorirosoris",20,1.24294179962312e-06,20,1.24440990907148e-06
285729,"Fusobacterium canifelinum",20,1.24294179962312e-06,20.9,1.29879467969696e-06
1638242,"Thermococcus sp. Bubb.Bath",20,1.24294179962312e-06,22.2,1.38017544142452e-06
2580568,"Pseudomonas sp. 9.1(2019)",20,1.24294179962312e-06,19.9,1.2377691618698e-06
2804423,"Staphylococcus sp. GDY8P64P",20,1.24294179962312e-06,19.9,1.23453025206838e-06
2764325,"[Eubacterium] hominis",19,1.18079470964196e-06,20.1,1.25011860948222e-06
585543,"Bacteroides sp. D20",19,1.18079470964196e-06,18.7,1.16516288711932e-06
3134656,"Phocaeicola sp. ICN-14070",19,1.18079470964196e-06,19.3,1.20108309949483e-06
3377167,"Stenotrophomonas maltophilia group sp. Smal17",19,1.18079470964196e-06,18.2,1.13191089211102e-06
3031725,"Faecalibacterium sp. DFI.5.82",19,1.18079470964196e-06,16.9,1.04951651428727e-06
3375704,"Lacrimispora sp. HJ-01",19,1.18079470964196e-06,18.8,1.16636867141773e-06
328813,"Alistipes onderdonkii",18,1.1186476196608e-06,14.8,9.17565813907256e-07
59298,"Streptomyces thermocarboxydovorans",18,1.1186476196608e-06,19.6,1.21855740231436e-06
2292281,"Bacteroides sp. OF04-15BH",18,1.1186476196608e-06,20.4,1.26568323515814e-06
2847284,"Tequintavirus VSe12",18,1.1186476196608e-06,15.6,9.6976547919929e-07
3453885,"unknown genome; accession ID isNZ_JBQEPK010000129.1",18,1.1186476196608e-06,17.4,1.08183027308568e-06
1739483,"Streptococcus sp. HMSC078H12",18,1.1186476196608e-06,18.1,1.12222646005063e-06
NA,"unknown genome; accession ID isNZ_CACZIQ010000014.1",18,1.1186476196608e-06,16.3,1.00992049919667e-06
671267,"Phocaeicola sartorii",17,1.05650052967965e-06,17.8,1.10842578363454e-06
310298,"Phocaeicola coprocola",17,1.05650052967965e-06,14.3,8.88825201365517e-07
2320100,"Parablautia intestinalis",17,1.05650052967965e-06,17.7,1.09930316029932e-06
3073571,"Hominilimicola sp.",17,1.05650052967965e-06,17,1.05692270167746e-06
2763014,"Agathobaculum hominis",17,1.05650052967965e-06,15.4,9.54122557280616e-07
1852365,"Fusobacterium massiliense",17,1.05650052967965e-06,19.4,1.20387657562749e-06
2663009,"Fusobacterium pseudoperiodonticum",17,1.05650052967965e-06,19.5,1.2133020795515e-06
2787098,"Clostridium sp. J1101437_171009_A5",17,1.05650052967965e-06,16.5,1.02557290042696e-06
2975375,"Pseudomonas sp. GD03730",17,1.05650052967965e-06,19.1,1.18748810269176e-06
742915,"Cyclovirus insaan",17,1.05650052967965e-06,17,1.05650052967964e-06
2528203,"Bacteroides sp. A1C1",17,1.05650052967965e-06,16.3,1.01224692363107e-06
3478023,"unknown genome; accession ID isNZ_BAAJCL010000007.1",17,1.05650052967965e-06,17.1,1.06362365957871e-06
39485,"Lachnospira eligens",16,9.94353439698492e-07,16.2,1.00714396427902e-06
2994035,"Sellimonas catena",16,9.94353439698492e-07,20.3,1.26199152678953e-06
1871024,"Mordavella massiliensis",16,9.94353439698492e-07,15.1,9.3834948329607e-07
41977,"Parazoarcus communis",16,9.94353439698492e-07,18.5,1.15120827077617e-06
3159681,"Salmonella sp. s55431",16,9.94353439698492e-07,15.9,9.87260196450796e-07
3160132,"Salmonella sp. s60732",16,9.94353439698492e-07,16.3,1.01410732551135e-06
1285465,"Winogradskyella undariae",16,9.94353439698492e-07,15.8,9.81021030489546e-07
1912090,"Gluceribacter canis",16,9.94353439698492e-07,15.8,9.83987320624343e-07
2584640,"Eggerthella sp. BIOML-A3",16,9.94353439698492e-07,19.3,1.19816544595316e-06
2713297,"Epseptimavirus faergetype",16,9.94353439698492e-07,14.6,9.10441091456941e-07
3438938,"Dysosmobacter sp. HCP28S3_G4",16,9.94353439698492e-07,15.5,9.65978406226852e-07
3458240,"unknown genome; accession ID isNZ_JBQSUN010000008.1",16,9.94353439698492e-07,16.4,1.01714651947424e-06
2885262,"Blautia sp. DFI.6.71",15,9.32206349717336e-07,28.5,1.7712676888969e-06
574649,"Agrococcus terreus",15,9.32206349717336e-07,22.5,1.39639777753031e-06
1579339,"Streptococcus sp. 449_SSPC",15,9.32206349717336e-07,18.1,1.12264446913144e-06
2763672,"Simiaoa sunii",15,9.32206349717336e-07,17.9,1.11368887924846e-06
167973,"uncultured Lactococcus sp.",15,9.32206349717336e-07,21.4,1.33302638063166e-06
2292993,"Clostridium sp. AF02-29",15,9.32206349717336e-07,14.4,8.97594383502628e-07
2231356,"Epseptimavirus S133",15,9.32206349717336e-07,17.8,1.10420958605295e-06
683174,"Astrovirus VA3",15,9.32206349717336e-07,15,9.32206349717332e-07
293559,"Penicillium concentricum",15,9.32206349717336e-07,14.8,9.2088193799779e-07
2582605,"Salmonella sp. gx-f5",14,8.70059259736181e-07,14.1,8.7463444572612e-07
1965304,"Intestinibacter sp.",14,8.70059259736181e-07,14,8.68755512991304e-07
2682456,"Veillonella nakazawae",14,8.70059259736181e-07,16.2,1.00616860379882e-06
620903,"Negativicoccus succinicivorans",14,8.70059259736181e-07,14,8.70106854520143e-07
1969535,"Streptococcus sp. LMAG:39",14,8.70059259736181e-07,17,1.05694777950034e-06
91928,"Exophiala spinifera",14,8.70059259736181e-07,14,8.70059259956242e-07
2509240,"Blautia faecicola",14,8.70059259736181e-07,14.1,8.76158194793547e-07
2738409,"Mycobacterium ostraviense",14,8.70059259736181e-07,13.7,8.54066691822446e-07
1415628,"Gyrovirus homsa2",14,8.70059259736181e-07,14,8.70059259736177e-07
61420,"Aspergillus caelatus",14,8.70059259736181e-07,15,9.31621096239881e-07
2219062,"Acidovorax sp. ST3",14,8.70059259736181e-07,13.2,8.23035728223666e-07
2841530,"Blautia sp. MSJ-36",14,8.70059259736181e-07,14.3,8.85619318556862e-07
NA,"unknown genome; accession ID isNZ_CADALV010000021.1",14,8.70059259736181e-07,14,8.70059259736177e-07
3037989,"Bacteroides vicugnae",13,8.07912169755025e-07,13.9,8.64006903611211e-07
2496676,"Mesorhizobium sp. M6A.T.Cr.TU.014.01.1.1",13,8.07912169755025e-07,14.3,8.86302092656586e-07
2293174,"Ruminococcus sp. AF31-8BH",13,8.07912169755025e-07,13.4,8.32121633118927e-07
39488,"Anaerobutyricum hallii",13,8.07912169755025e-07,16.1,1.00152369067993e-06
1220188,"Aspergillus tanneri",13,8.07912169755025e-07,12,7.43620128200945e-07
2763049,"Hungatella sp. L36",13,8.07912169755025e-07,14.6,9.05484477239616e-07
2489010,"Klebsiella africana",12,7.45765079773869e-07,12.3,7.62852971464648e-07
150055,"Streptococcus lutetiensis",12,7.45765079773869e-07,11.8,7.32567981119906e-07
84024,"Clostridium disporicum",12,7.45765079773869e-07,12,7.45768093800476e-07
691816,"Bacteroides rodentium",12,7.45765079773869e-07,12.1,7.50770953754512e-07
1305,"Streptococcus sanguinis",12,7.45765079773869e-07,13.2,8.2168073159361e-07
1965660,"Flavonifractor sp. An82",12,7.45765079773869e-07,12.5,7.78786166173168e-07
2774716,"Enterococcus sp. DIV0546",12,7.45765079773869e-07,12,7.45950014803937e-07
1518575,"Burkina Faso astrovirus",12,7.45765079773869e-07,12,7.45765079773866e-07
2080749,"Dorea sp. Marseille-P4042",12,7.45765079773869e-07,11.6,7.18152632592001e-07
1872517,"Anaerofustis sp.",12,7.45765079773869e-07,12,7.45765138935148e-07
2857012,"Streptomyces sp. DH1",12,7.45765079773869e-07,12,7.46043164334441e-07
2789276,"Kribbella sp. C-35",12,7.45765079773869e-07,12,7.45793773870227e-07
3455700,"unknown genome; accession ID isNZ_JBQJJH010000002.1",12,7.45765079773869e-07,12.1,7.50425486256266e-07
2972764,"Bacteroides sp. BFG-637",11,6.83617989792713e-07,12.7,7.87442725029011e-07
1712678,"Pseudomonas sp. 2822-17",11,6.83617989792713e-07,11.4,7.09771720091118e-07
39482,"Faecalicatena contorta",11,6.83617989792713e-07,10.8,6.71599259797478e-07
45634,"Streptococcus cristatus",11,6.83617989792713e-07,8.2,5.10339064269275e-07
1971214,"Peptoniphilus sp.",11,6.83617989792713e-07,11,6.83636750350459e-07
1156431,"Streptococcus ilei",11,6.83617989792713e-07,12.1,7.52681886598023e-07
2944204,"Jutongia sp.",11,6.83617989792713e-07,17.7,1.10070697223182e-06
2292933,"Bacteroides sp. AF36-11BH",11,6.83617989792713e-07,10.9,6.79609244535329e-07
2607659,"Nocardioides antri",11,6.83617989792713e-07,11.2,6.96048214449543e-07
1581080,"Streptococcus sp. HMSC10E12",11,6.83617989792713e-07,16.4,1.01720367105973e-06
3112621,"Sporofaciens sp. JLR.KK001",11,6.83617989792713e-07,12.3,7.62695927655959e-07
3123295,"Blautia sp. JLR.GB0024",11,6.83617989792713e-07,11,6.84243723565957e-07
3459305,"unknown genome; accession ID isNZ_JBQWEE010000017.1",11,6.83617989792713e-07,11.1,6.88572688891862e-07
2824764,"Mesorhizobium sp. GbtcB19",11,6.83617989792713e-07,11,6.8361798995599e-07
1969376,"Shewanella sp. Shew256",11,6.83617989792713e-07,11.3,7.00306318885428e-07
2316014,"Epseptimavirus Sw2",11,6.83617989792713e-07,12.7,7.89672670667161e-07
1882272,"Penicillium samsonianum",10,6.21470899811558e-07,10,6.19778601392666e-07
83302,"Microbispora corallina",10,6.21470899811558e-07,10.9,6.77775284245532e-07
1522,"[Clostridium] innocuum",10,6.21470899811558e-07,10.3,6.4233463718603e-07
2606633,"Oliverpabstia intestinalis",10,6.21470899811558e-07,11,6.85991905167938e-07
2981773,"Muriventricola aceti",10,6.21470899811558e-07,10.8,6.69561719863822e-07
78346,"Bifidobacterium ruminantium",10,6.21470899811558e-07,10.2,6.32816965344873e-07
189396,"Xanthomonas euvesicatoria",10,6.21470899811558e-07,10.2,6.32624250785554e-07
2231351,"Epseptimavirus S124",10,6.21470899811558e-07,13,8.0709463265647e-07
3402017,"Faecalibacterium sp. 7",10,6.21470899811558e-07,12,7.42675959778834e-07
2975324,"Streptococcus sp. FSL R7-0248",10,6.21470899811558e-07,11.2,6.94279744533683e-07
2302940,"Parabacteroides sp. 52",10,6.21470899811558e-07,11.3,7.03735547439057e-07
165187,"uncultured Bifidobacterium sp.",10,6.21470899811558e-07,9.7,6.01073789494968e-07
338106,"Alphatrevirus NC28",10,6.21470899811558e-07,10.6,6.58259137610551e-07
1820159,"Porprismacovirus humas3",10,6.21470899811558e-07,10,6.21470899811555e-07
1736517,"Massilia sp. Root335",10,6.21470899811558e-07,10.5,6.55608284636894e-07
910310,"Turicibacter sp. HGF1",10,6.21470899811558e-07,10.3,6.37348508487012e-07
2292363,"Parabacteroides sp. TM07-1AC",10,6.21470899811558e-07,10,6.19743801126998e-07
1890295,"Pseudoduganella danionis",10,6.21470899811558e-07,10.6,6.58139542296227e-07
2954513,"Streptococcus sp. FSL K6-1323",10,6.21470899811558e-07,10.1,6.2769738299448e-07
2584624,"Blautia sp. BIOML-A1",10,6.21470899811558e-07,12.7,7.91017408737097e-07
3692808,"unknown genome; accession ID isNZ_JBHDYP010000001.1",10,6.21470899811558e-07,9.6,5.97620400183144e-07
2927804,"Marinobacterium sedimentorum",9,5.59323809830402e-07,10.9,6.74614659242441e-07
2292968,"Blautia sp. AF34-10",9,5.59323809830402e-07,12.2,7.55159549469355e-07
3342383,"Flintibacter porci",9,5.59323809830402e-07,11.2,6.96705835776283e-07
1872421,"Akkermansia sp.",9,5.59323809830402e-07,9,5.61077942181297e-07
1032505,"Fusobacterium sp. OBRC1",9,5.59323809830402e-07,10.1,6.2504703385511e-07
60171,"Penicillium verrucosum",9,5.59323809830402e-07,11.2,6.98394175216312e-07
1096246,"Hungatella effluvii",9,5.59323809830402e-07,9.6,5.94263136144077e-07
2601697,"Epseptimavirus ev23",9,5.59323809830402e-07,13.4,8.34261494883198e-07
2029671,"Skunavirus sv66901",9,5.59323809830402e-07,9.2,5.73198533119815e-07
2316732,"Corallococcus sp. CA053C",9,5.59323809830402e-07,9.1,5.67872341247268e-07
3453885,"unknown genome; accession ID isNZ_JBQEPK010000144.1",9,5.59323809830402e-07,9,5.59664169005894e-07
2448031,"Ruminococcus sp. B05",9,5.59323809830402e-07,8.9,5.55222422789022e-07
2762571,"Streptococcus sp. 9.1",9,5.59323809830402e-07,9,5.58869271790379e-07
2713309,"Epseptimavirus oselot",9,5.59323809830402e-07,10.7,6.67839647338064e-07
1206725,"Nocardia brevicatena",9,5.59323809830402e-07,9.4,5.85916583890006e-07
2049040,"Roseburia sp.",9,5.59323809830402e-07,9.8,6.08113488865194e-07
2883207,"Dorea sp. 210702-DFI.3.125",9,5.59323809830402e-07,8.3,5.13229315531626e-07
2292231,"Coprococcus sp. AF21-14LB",9,5.59323809830402e-07,9,5.61288843950434e-07
91915,"Asaia bogorensis",9,5.59323809830402e-07,9.1,5.63499813695757e-07
2496633,"Porprismacovirus humas4",9,5.59323809830402e-07,9,5.59323809830399e-07
2793822,"Bradyrhizobium sp. BRP20",8,4.97176719849246e-07,7.4,4.60584691952157e-07
1078089,"Bacteroides sp. HPS0048",8,4.97176719849246e-07,8,4.9728906263317e-07
2918884,"Bacillus sp. jun7",8,4.97176719849246e-07,7.9,4.89960294962595e-07
1547597,"Sanguibacteroides justesenii",8,4.97176719849246e-07,7.7,4.78713314821361e-07
113107,"Streptococcus australis",8,4.97176719849246e-07,7.6,4.72924746579617e-07
796942,"Stomatobaculum longum",8,4.97176719849246e-07,7.6,4.69486480139388e-07
155148,"Lederbergvirus HK620",8,4.97176719849246e-07,8,4.97184235311291e-07
537273,"Alistipes sp. DJF_B185",8,4.97176719849246e-07,11.4,7.06256028842169e-07
1650661,"Clostridium phoceensis",8,4.97176719849246e-07,7.2,4.44508606184024e-07
NA,"unknown genome; accession ID isNZ_CASEUO010000003.1",8,4.97176719849246e-07,8,4.97247038835824e-07
2026130,"Warwickvirus wv95",8,4.97176719849246e-07,9.7,6.05125037191353e-07
2675237,"Ceduovirus CHPC1020",8,4.97176719849246e-07,8.2,5.1036817874709e-07
5082,"Penicillium roqueforti",8,4.97176719849246e-07,7.9,4.92016145142801e-07
3681944,"unknown genome; accession ID isNZ_CEEDOR010000062.1",8,4.97176719849246e-07,8,4.97176719849244e-07
3025320,"Pseudoalteromonas sp. GABNB9D",8,4.97176719849246e-07,7.6,4.72361512470838e-07
2304576,"Pseudoflavonifractor sp. 60",8,4.97176719849246e-07,8,4.97577145166407e-07
1280669,"Dorea sp. AGR2135",8,4.97176719849246e-07,8.5,5.26098429384033e-07
176160,"Aspergillus ambiguus",8,4.97176719849246e-07,9.2,5.6950094168589e-07
3388842,"unknown genome; accession ID isNZ_JBKESZ010000005.1",8,4.97176719849246e-07,7.9,4.90282816084074e-07
2603411,"Pseudonocardia sp. EV170527-09",8,4.97176719849246e-07,8.7,5.43663513550053e-07
3020524,"Agrobacterium sp. ST15.16.024",8,4.97176719849246e-07,8,4.98594251293173e-07
453220,"Desulfogranum marinum",8,4.97176719849246e-07,8.1,5.00950461240981e-07
1777270,"Pseudoalteromonas sp. CO342X",8,4.97176719849246e-07,8.3,5.14609552326998e-07
2681630,"Eganvirus ev186",8,4.97176719849246e-07,8,4.97178178804592e-07
2758579,"Klebsiella sp. Kps",8,4.97176719849246e-07,10.6,6.61036855899116e-07
1358,"Lactococcus lactis",7,4.3502962986809e-07,7.1,4.44058700589102e-07
326423,"Bacillus velezensis",7,4.3502962986809e-07,7.2,4.4693004912101e-07
3156680,"Streptomyces sp. NPDC004491",7,4.3502962986809e-07,7.6,4.71931748886738e-07
2763025,"Bacteroides parvus",7,4.3502962986809e-07,7.2,4.44742402840226e-07
1965587,"Anaeromassilibacillus sp. An200",7,4.3502962986809e-07,7.3,4.54799405605414e-07
105843,"Anaerobutyricum soehngenii",7,4.3502962986809e-07,7.7,4.80784557196428e-07
88431,"Dorea longicatena",7,4.3502962986809e-07,7.4,4.62894131306733e-07
457416,"Veillonella sp. 3_1_44",7,4.3502962986809e-07,6.9,4.29365207788165e-07
1788294,"Kayfunavirus 101118UKE1",7,4.3502962986809e-07,7.9,4.90243240240489e-07
1076124,"Phytohabitans flavus",7,4.3502962986809e-07,7.4,4.58067030924175e-07
2963703,"Hungatella sp. SL.1.14",7,4.3502962986809e-07,7.1,4.42439799112789e-07
658225,"Sphingomonas glacialis",7,4.3502962986809e-07,6.8,4.23295008799394e-07
2315463,"Faecalibacterium sp. BCRC 81149",7,4.3502962986809e-07,6.2,3.88045113497083e-07
248316,"Veillonella caviae",7,4.3502962986809e-07,7.2,4.45892405808223e-07
2293030,"Clostridium sp. AM34-9AC",7,4.3502962986809e-07,5.5,3.43975129916984e-07
3062492,"Blautia massiliensis (ex Liu et al. 2021)",7,4.3502962986809e-07,8.9,5.54415257993253e-07
2358141,"Anaerotignum faecicola",7,4.3502962986809e-07,5.4,3.36838388313469e-07
1247510,"Verticiella sediminum",7,4.3502962986809e-07,7.1,4.40636743496219e-07
2650158,"Bacteroides luhongzhouii",7,4.3502962986809e-07,7,4.35050818332849e-07
3391442,"Klebsiella sp. CIP107",7,4.3502962986809e-07,7,4.35052763450914e-07
2925014,"Desulforhabdus sp. TSK",7,4.3502962986809e-07,7.6,4.72963304800625e-07
3231286,"Enterococcus sp. C18",7,4.3502962986809e-07,7,4.36610682873796e-07
1307437,"Pseudoalteromonas agarivorans",7,4.3502962986809e-07,7.5,4.66184308518876e-07
3153377,"Klebsiella sp. JB_Kp025",7,4.3502962986809e-07,6.5,4.04118542106483e-07
671211,"Fusobacterium sp. oral taxon 203",7,4.3502962986809e-07,7.2,4.47088457996524e-07
29845,"Penicillium vulpinum",7,4.3502962986809e-07,8,4.94639396189072e-07
2933339,"Salmonella sp. 17E11",7,4.3502962986809e-07,7.1,4.38719378372086e-07
3133171,"Pseudoflavonifractor intestinihominis",7,4.3502962986809e-07,8.1,5.03766335145267e-07
1472417,"Butyricimonas paravirosa",6,3.72882539886935e-07,6.3,3.90715467192993e-07
46506,"Bacteroides stercoris",6,3.72882539886935e-07,7,4.36633044184719e-07
1450537,"Aspergillus homomorphus",6,3.72882539886935e-07,5.6,3.48687931973261e-07
2681430,"Raoultella sp. 18098",6,3.72882539886935e-07,5.4,3.35169558289978e-07
3159897,"Salmonella sp. SAL4442",6,3.72882539886935e-07,6,3.70282431899838e-07
990718,"uncultured Phocaeicola sp.",6,3.72882539886935e-07,6.1,3.762612241252e-07
2292985,"Blautia sp. OM07-19",6,3.72882539886935e-07,7.2,4.47133121364973e-07
2530390,"Muribaculum gordoncarteri",6,3.72882539886935e-07,6,3.73174146961969e-07
214851,"Subdoligranulum variabile",6,3.72882539886935e-07,4.4,2.72174215715495e-07
102684,"Streptococcus infantarius",6,3.72882539886935e-07,6.3,3.93826189779523e-07
3133161,"Ruminococcoides intestinihominis",6,3.72882539886935e-07,5.8,3.61321205132282e-07
142586,"Eubacterium sp.",6,3.72882539886935e-07,6.3,3.89876746181566e-07
33033,"Parvimonas micra",6,3.72882539886935e-07,5.8,3.60814509770868e-07
1917870,"Enterocloster hominis (ex Hitch et al. 2024)",6,3.72882539886935e-07,6.8,4.21574885676936e-07
3048621,"Glaciimonas sp. Cout2",6,3.72882539886935e-07,6,3.74648978081941e-07
338188,"Bacteroides finegoldii",6,3.72882539886935e-07,5.9,3.69566224671918e-07
NA,"unknown genome; accession ID isNZ_CASEUO010000022.1",6,3.72882539886935e-07,6,3.72882684436718e-07
1965628,"Eubacterium sp. An3",6,3.72882539886935e-07,6.3,3.94107581990294e-07
2592644,"Clostridium sp. MCC344",6,3.72882539886935e-07,6.4,3.99792164130648e-07
2909341,"Octadecabacter dasysiphoniae",6,3.72882539886935e-07,5.7,3.55396782633252e-07
3050593,"Clostridium sp. UMB9555A",6,3.72882539886935e-07,6,3.72949501437195e-07
3133170,"Ventrimonas faecis",6,3.72882539886935e-07,6.1,3.77314532800602e-07
1777881,"Streptococcus sp. DD13",6,3.72882539886935e-07,6,3.72924767940928e-07
1051631,"Streptococcus phage YMC-2011",6,3.72882539886935e-07,6,3.73228363784988e-07
1070780,"Aspergillus affinis",6,3.72882539886935e-07,6,3.73327874932514e-07
197461,"Pseudovibrio exalbescens",6,3.72882539886935e-07,6.3,3.93860236220936e-07
2293105,"Eubacterium sp. AF17-7",6,3.72882539886935e-07,6,3.746815552495e-07
1805714,"Christensenella massiliensis",6,3.72882539886935e-07,6,3.72942069355254e-07
1636586,"Skunavirus M1127",6,3.72882539886935e-07,6.2,3.82984279594138e-07
92003,"Aromatoleum toluclasticum",6,3.72882539886935e-07,6.5,4.0093419458989e-07
2479767,"Blautia sp. SC05B48",6,3.72882539886935e-07,6.3,3.92354081782585e-07
3699536,"unknown genome; accession ID isNZ_JBXAYL010000171.1",6,3.72882539886935e-07,6.1,3.81595283543901e-07
1036612,"Aspergillus sydowii",6,3.72882539886935e-07,6,3.73156409873201e-07
3112112,"Clostridium sp. CTA-17",6,3.72882539886935e-07,6,3.72937635838535e-07
1768767,"Streptococcus sp. CCH8-H5",6,3.72882539886935e-07,8,4.97898904994679e-07
3369477,"unknown genome; accession ID isNZ_CBCPLV010000002.1",6,3.72882539886935e-07,6.3,3.88780523419202e-07
2681617,"Byrnievirus HK97",6,3.72882539886935e-07,5.7,3.52929133923586e-07
631128,"Frankia sp. AgPm24",6,3.72882539886935e-07,6,3.73356530680392e-07
3153453,"Klebsiella sp. GG_Kp142",6,3.72882539886935e-07,6.4,3.96474048852222e-07
3160131,"Salmonella sp. s58313",6,3.72882539886935e-07,6.1,3.79475131424546e-07
393006,"Tamlana crocina",6,3.72882539886935e-07,6,3.7470130197721e-07
1363,"Lactococcus garvieae",5,3.10735449905779e-07,5.5,3.42547352192977e-07
1639,"Listeria monocytogenes",5,3.10735449905779e-07,5.2,3.22316936871594e-07
411486,"Clostridium sp. M62/1",5,3.10735449905779e-07,5.7,3.52891489385545e-07
569365,"Cladophialophora immunda",5,3.10735449905779e-07,5,3.11401124310495e-07
1924109,"Eisenbergiella sp.",5,3.10735449905779e-07,5,3.13117249267683e-07
387661,"Parabacteroides johnsonii",5,3.10735449905779e-07,5.1,3.15766495086824e-07
1870988,"Pseudoflavonifractor phocaeensis",5,3.10735449905779e-07,5.2,3.25752584079367e-07
2763066,"Ruminococcus intestinalis",5,3.10735449905779e-07,6,3.70396481951274e-07
2316022,"Mediterraneibacter sp.",5,3.10735449905779e-07,4.8,2.98651049265554e-07
1313,"Streptococcus pneumoniae",5,3.10735449905779e-07,5.9,3.67645296891066e-07
1715086,"Streptococcus sp. HMSC078H03",5,3.10735449905779e-07,8.3,5.18700403077566e-07
2013021,"Bifidobacterium sp. N5G01",5,3.10735449905779e-07,6.1,3.76219255036571e-07
40518,"Ruminococcus bromii",5,3.10735449905779e-07,5.3,3.30296031484218e-07
3018249,"Streptococcus sp. SO4",5,3.10735449905779e-07,7.8,4.87026162831307e-07
1966354,"Gemella sp.",5,3.10735449905779e-07,4.5,2.81868526072491e-07
1947566,"Streptococcus sp. UBA632",5,3.10735449905779e-07,5.2,3.25948651520716e-07
2024325,"Epseptimavirus saus132",5,3.10735449905779e-07,4.9,3.06556915524499e-07
2041204,"Epseptimavirus LVR16A",5,3.10735449905779e-07,5.3,3.2978324946933e-07
2763032,"Butyricimonas hominis",5,3.10735449905779e-07,5,3.10743936678244e-07
3014267,"Agathobaculum massiliense",5,3.10735449905779e-07,5,3.10813127637782e-07
1544694,"Rosenbergiella epipactidis",5,3.10735449905779e-07,5.2,3.22664700941741e-07
1841868,"Provencibacterium massiliense",5,3.10735449905779e-07,4.7,2.93306662680543e-07
2841528,"Eubacterium sp. MSJ-33",5,3.10735449905779e-07,4.8,2.99142158847898e-07
2049022,"Catenibacterium sp.",5,3.10735449905779e-07,5,3.12192920684257e-07
44276,"Leptospira interrogans",5,3.10735449905779e-07,4.8,3.00775678737088e-07
3681944,"unknown genome; accession ID isNZ_CEEDOR010000140.1",5,3.10735449905779e-07,5.1,3.16396252840701e-07
2883262,"Blautia sp. 210702-DFI.1.159",5,3.10735449905779e-07,5.2,3.21246721899406e-07
2861965,"Sulfitobacter sp. CW3",5,3.10735449905779e-07,5.5,3.39693588140081e-07
3438912,"Blautia sp. HCP3S3_D9",5,3.10735449905779e-07,5.6,3.49490530142131e-07
2304577,"Pseudoflavonifractor sp. 524-17",5,3.10735449905779e-07,5.3,3.26913039749062e-07
2921454,"Bacillus sp. FSL K6-0923",5,3.10735449905779e-07,4.1,2.57357590291908e-07
2691898,"Flavobacterium sp. SaA2.13",5,3.10735449905779e-07,5.1,3.15397196874658e-07
3133177,"Bifidobacterium hominis",5,3.10735449905779e-07,6.6,4.10898742381676e-07
3047018,"Streptococcus sp. OMI870",5,3.10735449905779e-07,6.1,3.79933143240412e-07
2736645,"Streptomyces sp. JJ36",5,3.10735449905779e-07,4.9,3.03272262285342e-07
3049087,"Sinorhizobium sp. 7-81",5,3.10735449905779e-07,5.5,3.39867192901513e-07
1712679,"Pseudomonas sp. 2995-1",5,3.10735449905779e-07,5.3,3.27692878523057e-07
2775058,"Janthinobacterium sp. EB271-G4-3-2",5,3.10735449905779e-07,5.3,3.31311749126444e-07
2992766,"Vibrio sp. VP6",5,3.10735449905779e-07,4.9,3.06046517604649e-07
2787089,"Ruminococcus sp. 1001713B170214_170313_A12",5,3.10735449905779e-07,5.2,3.21276910176664e-07
1437816,"Methylopila turkensis",5,3.10735449905779e-07,4.6,2.88450001201127e-07
2822465,"Butyribacter sp.",5,3.10735449905779e-07,4.9,3.06478116807372e-07
5059,"Aspergillus flavus",5,3.10735449905779e-07,5,3.1091226794576e-07
67344,"Streptomyces prasinopilosus",5,3.10735449905779e-07,4.6,2.88226256039886e-07
3044279,"Massilia hydrophila",5,3.10735449905779e-07,5,3.10735449905777e-07
3141188,"Faecalibacterium sp. i20-0019-C2",5,3.10735449905779e-07,5.2,3.21498109411271e-07
2847299,"Bacteroides sp. DH3716P",5,3.10735449905779e-07,5,3.10817742446931e-07
1485586,"Streptomyces calidiresistens",5,3.10735449905779e-07,5.1,3.18783205377039e-07
3273430,"Acidovorax sp. BLS4",5,3.10735449905779e-07,5.5,3.42076314357221e-07
1605838,"Pseudomonas coleopterorum",5,3.10735449905779e-07,6.1,3.79850873277777e-07
2303987,"Motilimonas pumila",5,3.10735449905779e-07,5.7,3.54515064677678e-07
2841510,"Clostridium sp. MSJ-8",5,3.10735449905779e-07,5.1,3.17296465084063e-07
1169675,"Streptococcus sp. GMD6S",5,3.10735449905779e-07,5.3,3.29483534395022e-07
485,"Neisseria gonorrhoeae",4,2.48588359924623e-07,4.2,2.59460256017919e-07
1261635,"Roseburia sp. 831b",4,2.48588359924623e-07,4,2.48905679235614e-07
630,"Yersinia enterocolitica",4,2.48588359924623e-07,4,2.48962596412742e-07
283354,"Alternaria metachromatica",4,2.48588359924623e-07,4.3,2.6947361188933e-07
2691581,"Azoarcus sp. TTM-91",4,2.48588359924623e-07,4.3,2.6650832048255e-07
1897052,"Bacteroides sp. 44_46",4,2.48588359924623e-07,4,2.4858836498488e-07
1286820,"Lacrimispora indolis",4,2.48588359924623e-07,4.1,2.52736934042596e-07
39490,"Eubacterium ramulus",4,2.48588359924623e-07,4.2,2.586370136361e-07
1526,"[Clostridium] aminophilum",4,2.48588359924623e-07,4,2.48595625211228e-07
2174932,"Nesterenkonia natronophila",4,2.48588359924623e-07,4.1,2.56106078316715e-07
1310,"Streptococcus sobrinus",4,2.48588359924623e-07,4.7,2.91295811593548e-07
2762564,"Streptococcus sp. 23.2",4,2.48588359924623e-07,4.5,2.79657778896078e-07
1379,"Gemella haemolysans",4,2.48588359924623e-07,4.5,2.82616606791901e-07
2713279,"Epseptimavirus bastian",4,2.48588359924623e-07,4.3,2.69848450690678e-07
58351,"Kitasatospora kifunensis",4,2.48588359924623e-07,4,2.49414230655393e-07
312253,"Bradyrhizobium tropiciagri",4,2.48588359924623e-07,4.3,2.67719165814199e-07
2883209,"Enterocloster sp. 210928-DFI.2.20",4,2.48588359924623e-07,4,2.48768807970811e-07
1497974,"Georgenia sp. SUBG003",4,2.48588359924623e-07,4.3,2.67098470923408e-07
3159657,"Salmonella sp. s51992",4,2.48588359924623e-07,4.5,2.7673396943685e-07
376805,"Phocaeicola salanitronis",4,2.48588359924623e-07,5.4,3.32654439938127e-07
3025759,"uncultured Thomasclavelia sp.",4,2.48588359924623e-07,4.1,2.56228460542154e-07
100884,"Coprobacillus cateniformis",4,2.48588359924623e-07,4.3,2.67988692909112e-07
1160721,"Ruminococcus bicirculans (ex Wegman et al. 2014)",4,2.48588359924623e-07,4.3,2.64275002875745e-07
2885351,"Hominisplanchenecus faecis",4,2.48588359924623e-07,4.8,3.01368108710602e-07
2713505,"Listeria cossartiae",4,2.48588359924623e-07,3.6,2.26285694763832e-07
1316411,"Streptococcus sp. HSISS2",4,2.48588359924623e-07,4.1,2.54645569507653e-07
2293250,"Veillonella sp. AF13-2",4,2.48588359924623e-07,3.9,2.44678811414672e-07
1777064,"Pseudomonas phage YMC11/07/P54_PAE_BP",4,2.48588359924623e-07,4.6,2.8476529983531e-07
1448312,"Aspergillus japonicus",4,2.48588359924623e-07,4,2.50653932011183e-07
5061,"Aspergillus niger",4,2.48588359924623e-07,4.3,2.6533519124725e-07
282669,"Psychrobacter cibarius",4,2.48588359924623e-07,4,2.49076230084163e-07
1385512,"Pontibacillus litoralis",4,2.48588359924623e-07,4,2.48588359973575e-07
3133164,"Hominiventricola aquisgranensis",4,2.48588359924623e-07,4,2.48397941996784e-07
3453885,"unknown genome; accession ID isNZ_JBQEPK010000151.1",4,2.48588359924623e-07,4.7,2.92648242521978e-07
3159675,"Salmonella sp. s55004",4,2.48588359924623e-07,4.4,2.71636696516959e-07
3681968,"unknown genome; accession ID isNZ_CEEDBN010000058.1",4,2.48588359924623e-07,3.9,2.41981318678598e-07
2822433,"Klebsiella sp. 54",4,2.48588359924623e-07,4.3,2.69778803114985e-07
2981793,"Phocaeicola fibrisolvens",4,2.48588359924623e-07,4.5,2.78542882380197e-07
2293095,"Coprococcus sp. OM06-34AC",4,2.48588359924623e-07,4.2,2.61513603423836e-07
1367422,"Fonsecaea erecta",4,2.48588359924623e-07,3.7,2.30617896841456e-07
2200763,"Microbispora triticiradicis",4,2.48588359924623e-07,4,2.49715526566766e-07
3003691,"Fusobacterium sp. 27098_8_59",4,2.48588359924623e-07,4.4,2.70431705679023e-07
3390286,"Klebsiella pneumoniae complex sp. WS992",4,2.48588359924623e-07,4,2.48598034334246e-07
433293,"Anaerotaenia torta",4,2.48588359924623e-07,3.8,2.3557346509806e-07
76305,"Roseibium denhamense",4,2.48588359924623e-07,4.4,2.720990767162e-07
3053469,"Halalkalicoccus sp. NIPERK01",4,2.48588359924623e-07,3.5,2.17885926895218e-07
2849167,"Bifidobacterium sp. MSK.17.10",4,2.48588359924623e-07,4.1,2.57584909143394e-07
450749,"Veillonella sp. 6_1_27",4,2.48588359924623e-07,4.2,2.60188866850159e-07
1448316,"Aspergillus ibericus",4,2.48588359924623e-07,3.8,2.39086939344073e-07
2086575,"Parabacteroides pacaensis",4,2.48588359924623e-07,4.2,2.59951439851476e-07
2480805,"Alteromonas sp. KUL150",4,2.48588359924623e-07,4.2,2.58415328011906e-07
3402018,"Faecalibacterium sp. 9",4,2.48588359924623e-07,4,2.48640337095805e-07
3438946,"Oribacterium sp. HCP3S3_B9",4,2.48588359924623e-07,4,2.4859098058085e-07
2661914,"Traorella sp. mt218",4,2.48588359924623e-07,4.6,2.84448566783321e-07
1006551,"Klebsiella michiganensis",3,1.86441269943467e-07,2.8,1.76501206382289e-07
NA,"unknown genome; accession ID isNZ_CP018939.1",3,1.86441269943467e-07,3,1.86441327868576e-07
2162637,"Bacteroides sp. PHL 2737",3,1.86441269943467e-07,3.1,1.91048203756693e-07
2681265,"Clostridium sp. 16K-1-R1",3,1.86441269943467e-07,3,1.86467896989393e-07
2518605,"Segatella hominis",3,1.86441269943467e-07,2.7,1.68051668600253e-07
1408,"Bacillus pumilus",3,1.86441269943467e-07,3.9,2.40389415358634e-07
2838470,"Candidatus Bacteroides intestinigallinarum",3,1.86441269943467e-07,3,1.87084185314737e-07
69789,"Penicillium soppii",3,1.86441269943467e-07,3,1.87529634534788e-07
358742,"Enterocloster aldenensis",3,1.86441269943467e-07,3.2,1.99801885580254e-07
1031537,"Bremerella cremea",3,1.86441269943467e-07,3.2,1.97268594111746e-07
3074622,"Vibrio sp. Vb0301",3,1.86441269943467e-07,2.8,1.75112637416428e-07
3152360,"Devosia alba",3,1.86441269943467e-07,3,1.86775355201257e-07
2293137,"Roseburia sp. AF42-8",3,1.86441269943467e-07,2.3,1.41708341270987e-07
3030638,"Faecalibacterium taiwanense",3,1.86441269943467e-07,4,2.47984482974935e-07
1628085,"Agathobaculum butyriciproducens",3,1.86441269943467e-07,3.6,2.24300218648293e-07
423477,"Veillonella rogosae",3,1.86441269943467e-07,3.4,2.09366059064205e-07
1110546,"Veillonella tobetsuensis",3,1.86441269943467e-07,3.1,1.9090764983866e-07
312540,"Acidiplasma cupricumulans",3,1.86441269943467e-07,2.8,1.75023352373182e-07
1712677,"Pseudomonas sp. 2822-15",3,1.86441269943467e-07,3.2,1.97747150549085e-07
3134667,"Blautia sp. HCN-1074",3,1.86441269943467e-07,3.1,1.95656805701934e-07
1938366,"Pseudoalteromonas sp. SK18",3,1.86441269943467e-07,3,1.86441269943466e-07
1896967,"Akkermansia sp. 54_46",3,1.86441269943467e-07,2.8,1.75449296023452e-07
2763670,"Wujia chipingensis",3,1.86441269943467e-07,3.4,2.10841421268869e-07
2903961,"Blautia sp. XA-2221",3,1.86441269943467e-07,3,1.86514169570952e-07
2686067,"Fusobacterium watanabei",3,1.86441269943467e-07,3,1.88971763817509e-07
1965292,"Fenollaria sp.",3,1.86441269943467e-07,3,1.86452018874379e-07
1182542,"Capronia epimyces",3,1.86441269943467e-07,3,1.8646660328901e-07
2723058,"Bacteroides sp. GM023",3,1.86441269943467e-07,3,1.86955688188456e-07
2939491,"Parabacteroides leei",3,1.86441269943467e-07,3,1.86472967757242e-07
1965649,"Butyricimonas sp. An62",3,1.86441269943467e-07,3.1,1.89755665480225e-07
1121405,"Desulfococcus multivorans",3,1.86441269943467e-07,3,1.86469700053517e-07
NA,"unknown genome; accession ID isNZ_CALIRI010000139.1",3,1.86441269943467e-07,3,1.86448877707135e-07
1940256,"Allofournierella sp.",3,1.86441269943467e-07,3,1.86450833293832e-07
535290,"Legionella nagasakiensis",3,1.86441269943467e-07,3.4,2.08726718648117e-07
2592645,"Clostridium sp. MCC345",3,1.86441269943467e-07,3.1,1.92589615015373e-07
2787123,"Fusobacterium sp. 1001295B_180824_G3",3,1.86441269943467e-07,3.1,1.91482348248987e-07
3438916,"Bulleidia sp. HCP3S3_G12",3,1.86441269943467e-07,3,1.86443114368192e-07
1735,"Holdemanella biformis",3,1.86441269943467e-07,3,1.87291803723205e-07
2905972,"Streptococcus sp. XMC",3,1.86441269943467e-07,3,1.89159688690911e-07
2231355,"Epseptimavirus S132",3,1.86441269943467e-07,4,2.46505529696041e-07
1442370,"Cladophialophora bantiana",3,1.86441269943467e-07,3,1.86643611081992e-07
3684508,"unknown genome; accession ID isNZ_JBVHRM010000067.1",3,1.86441269943467e-07,3,1.86611503670503e-07
2291999,"Bacteroides sp. AF39-11AC",3,1.86441269943467e-07,3,1.8646835915642e-07
2861964,"Pseudoalteromonas sp. CR1",3,1.86441269943467e-07,3.7,2.27942650904577e-07
2884904,"Faecalibacillus sp. TM498",3,1.86441269943467e-07,3,1.86554046162911e-07
2981724,"Alitiscatomonas aceti",3,1.86441269943467e-07,3,1.86753641894467e-07
990412,"Limosilactobacillus alvi",3,1.86441269943467e-07,3.5,2.15841917301558e-07
2938946,"Streptomyces sp. AS02",3,1.86441269943467e-07,3.1,1.89975801834228e-07
2025493,"Blautia hominis",3,1.86441269943467e-07,3,1.86448590946432e-07
3141586,"Bacteroides sp. MSSM.1001136sp1_RTP21357st2_D2_RTP21359_211015",3,1.86441269943467e-07,3,1.86453151776259e-07
2981787,"Dorea acetigenes",3,1.86441269943467e-07,3,1.87058382906501e-07
1969173,"Blautia sp. LMAG:89",3,1.86441269943467e-07,3.6,2.2260729361573e-07
2293005,"Clostridium sp. AF23-6LB",3,1.86441269943467e-07,3.4,2.11793113580774e-07
638574,"Nonomuraea rosea",3,1.86441269943467e-07,3.4,2.12477974652689e-07
208602,"Nocardia puris",3,1.86441269943467e-07,3.4,2.13836145724053e-07
1739298,"Bacteroides sp. HMSC067B03",3,1.86441269943467e-07,3,1.8704307267572e-07
2545719,"Lysobacter sp. N42",3,1.86441269943467e-07,3.1,1.92578007582523e-07
2582606,"Salmonella sp. gx-f7",3,1.86441269943467e-07,3.1,1.92741714747214e-07
3159680,"Salmonella sp. s55408",3,1.86441269943467e-07,3.4,2.09965087245573e-07
2293144,"Roseburia sp. TF10-5",3,1.86441269943467e-07,4.7,2.93542841289525e-07
3438791,"Lawsonibacter sp. LCP25S3_G6",3,1.86441269943467e-07,3.1,1.93918340710967e-07
3156725,"Nocardia sp. NPDC005978",3,1.86441269943467e-07,3,1.86442273845049e-07
2841673,"Streptomyces sp. Vc714c-19",3,1.86441269943467e-07,3,1.86453587085875e-07
2107694,"Aphanothece hegewaldii",3,1.86441269943467e-07,3.5,2.18315635570296e-07
2789271,"Rhodococcus sp. 077-4",3,1.86441269943467e-07,3,1.86441269985934e-07
396014,"Brachybacterium phenoliresistens",3,1.86441269943467e-07,3,1.86441269943466e-07
2058896,"Arthrobacter sp. SX1312",3,1.86441269943467e-07,2.5,1.57478631083557e-07
3458240,"unknown genome; accession ID isNZ_JBQSUN010000001.1",3,1.86441269943467e-07,3.3,2.05934709590256e-07
2963156,"Streptococcus sp. CF8_Ac1-11",3,1.86441269943467e-07,3.3,2.05694485551959e-07
550,"Enterobacter cloacae",2,1.24294179962312e-07,2.3,1.45339012421536e-07
56957,"Thermus oshimai",2,1.24294179962312e-07,2,1.24363797603519e-07
2816912,"Lactococcus sp. LG606",2,1.24294179962312e-07,2.3,1.43570980713696e-07
1217282,"Parabacteroides faecis",2,1.24294179962312e-07,2,1.25920129145837e-07
285,"Comamonas testosteroni",2,1.24294179962312e-07,2.1,1.28564384815308e-07
416450,"Penicillium antarcticum",2,1.24294179962312e-07,3,1.87765364700342e-07
1736554,"Streptomyces sp. Root55",2,1.24294179962312e-07,1.8,1.09479114719621e-07
2044587,"Schaedlerella arabinosiphila",2,1.24294179962312e-07,2.1,1.30428872913543e-07
253257,"Lacrimispora amygdalina",2,1.24294179962312e-07,2,1.24294324027446e-07
2292952,"Bacteroides sp. AM41-16",2,1.24294179962312e-07,2,1.26426404756054e-07
1339232,"Enterobacter sp. ZOR0014",2,1.24294179962312e-07,2.1,1.29500017317106e-07
2676057,"Schaedlerella sp.",2,1.24294179962312e-07,2.1,1.27951022699455e-07
1965580,"Bacteroides sp. An19",2,1.24294179962312e-07,2.7,1.65420121207976e-07
3373596,"Clostridium sp. 10cd*",2,1.24294179962312e-07,2,1.24294506814975e-07
2919915,"Chryseobacterium sp. SSA4.19",2,1.24294179962312e-07,2.2,1.36370322965519e-07
2975344,"Bacillus sp. EU63",2,1.24294179962312e-07,2,1.25159630138569e-07
2755561,"Bacillus sp. CN2",2,1.24294179962312e-07,1.5,9.3474791593536e-08
2787120,"Holdemania sp. 1001302B_160321_E10",2,1.24294179962312e-07,2.2,1.3623145731463e-07
333963,"Leucobacter iarius",2,1.24294179962312e-07,2.4,1.46624240902926e-07
3438910,"Blautia sp. HCP3S3_C12",2,1.24294179962312e-07,2,1.24691842232201e-07
1926283,"Lachnoclostridium edouardi",2,1.24294179962312e-07,2,1.25567351174423e-07
1776391,"Romboutsia timonensis",2,1.24294179962312e-07,2,1.25936366737222e-07
41978,"Ruminococcus sp.",2,1.24294179962312e-07,2.2,1.36723728964686e-07
855,"Fusobacterium simiae",2,1.24294179962312e-07,2,1.27234251716212e-07
NA,"unknown genome; accession ID isNZ_CAKQCR010000008.1",2,1.24294179962312e-07,2,1.24393497642757e-07
74426,"Collinsella aerofaciens",2,1.24294179962312e-07,2,1.24341857416418e-07
72304,"Peptostreptococcus sp. D1",2,1.24294179962312e-07,2,1.24294180616359e-07
159271,"uncultured Leptotrichia sp.",2,1.24294179962312e-07,2,1.24298843467949e-07
1715051,"Streptococcus sp. HMSC068F04",2,1.24294179962312e-07,2,1.27297827771719e-07
28037,"Streptococcus mitis",2,1.24294179962312e-07,2.1,1.28755075622658e-07
84135,"Gemella sanguinis",2,1.24294179962312e-07,2,1.24343888117748e-07
1141139,"Vectrevirus ACGC91",2,1.24294179962312e-07,2,1.24294179962311e-07
132259,"Aspergillus pseudotamarii",2,1.24294179962312e-07,2,1.25916990522428e-07
2496780,"Mesorhizobium sp. Primo-A",2,1.24294179962312e-07,2.1,1.27606193698004e-07
1380048,"Ferruginibacter profundus",2,1.24294179962312e-07,2.3,1.45538365236322e-07
2813559,"Pseudomonas sp. 32_A",2,1.24294179962312e-07,2.6,1.60253557062839e-07
3369404,"Klebsiella sp. K804",2,1.24294179962312e-07,2,1.24458859345789e-07
291645,"Bacteroides nordii",2,1.24294179962312e-07,2,1.25698203180376e-07
3445266,"Bacillus cereus group sp. BC87",2,1.24294179962312e-07,2,1.24294179964735e-07
3159635,"Salmonella sp. s29923",2,1.24294179962312e-07,2,1.24297134069506e-07
579748,"Vibrio galatheae",2,1.24294179962312e-07,2,1.24294179962311e-07
290053,"Bacteroides helcogenes",2,1.24294179962312e-07,2.1,1.2744495224614e-07
2292975,"Blautia sp. AM29-29",2,1.24294179962312e-07,2.2,1.39439375360639e-07
876091,"uncultured Oscillibacter sp.",2,1.24294179962312e-07,2,1.24294218281344e-07
2929488,"Faecalibacterium sp. IP-1-18",2,1.24294179962312e-07,2,1.26749209934195e-07
3420548,"Bariatricus sp. SGI.019",2,1.24294179962312e-07,2,1.24295126133302e-07
351091,"Oscillibacter valericigenes",2,1.24294179962312e-07,2,1.25322445013482e-07
2737663,"Enterococcus sp. MMGLQ5-1",2,1.24294179962312e-07,2,1.24294187935627e-07
1638261,"Thermococcus sp. M36",2,1.24294179962312e-07,2.1,1.31997063600904e-07
78345,"Bifidobacterium merycicum",2,1.24294179962312e-07,2.6,1.62475886448964e-07
936588,"Veillonella sp. ACP1",2,1.24294179962312e-07,2,1.24369161335692e-07
33040,"Streptococcus milleri",2,1.24294179962312e-07,2.4,1.49103249572598e-07
2508061,"Epseptimavirus ev123",2,1.24294179962312e-07,3.4,2.12517091838704e-07
1690606,"Exophiala bonariae",2,1.24294179962312e-07,2.3,1.43842791199412e-07
134537,"Paraburkholderia fungorum",2,1.24294179962312e-07,2,1.24294179962311e-07
249586,"Streptomyces asoensis",2,1.24294179962312e-07,2,1.24294179962311e-07
1776032,"Hymenobacter gummosus",2,1.24294179962312e-07,2,1.24620761770119e-07
3088692,"Pseudomonas sp. EA_65y_Pfl1_P113",2,1.24294179962312e-07,2.1,1.30645355675647e-07
457389,"Bacteroides sp. 3_1_13",2,1.24294179962312e-07,2,1.24439321575633e-07
1852016,"Algoriphagus aestuariicola",2,1.24294179962312e-07,2,1.2476174610103e-07
3681944,"unknown genome; accession ID isNZ_CEEDOR010000139.1",2,1.24294179962312e-07,2,1.24294179962311e-07
3144490,"Blautia sp. 1033sp1_1033st1_G9_1033SCRN_220408",2,1.24294179962312e-07,3.1,1.95733324240857e-07
2602760,"Mesonia sp. K4-1",2,1.24294179962312e-07,2,1.24532352223817e-07
1965664,"Flavonifractor sp. An9",2,1.24294179962312e-07,4,2.48239515554387e-07
2364880,"Butyrivibrio sp. XB500-5",2,1.24294179962312e-07,2.4,1.51732440258185e-07
2592639,"Blautia sp. MCC270",2,1.24294179962312e-07,2,1.25759033814515e-07
2292356,"Faecalibacterium sp. OF03-6AC",2,1.24294179962312e-07,2,1.24696412138143e-07
2774924,"Enterococcus sp. AZ037",2,1.24294179962312e-07,2,1.24456214445508e-07
3383343,"Weissella sp. MSCH1",2,1.24294179962312e-07,2,1.25451552579224e-07
2986398,"Jahgtovirus intestinalis",2,1.24294179962312e-07,2,1.24294179962311e-07
2056244,"Pseudomonas sp. QS1027",2,1.24294179962312e-07,2,1.24294179962311e-07
2681313,"Trichormus variabilis",2,1.24294179962312e-07,2,1.24295420422306e-07
2715212,"Bacteroides faecium",2,1.24294179962312e-07,2,1.24294244762515e-07
2681403,"Rhizobium sp. 18055",2,1.24294179962312e-07,2,1.24298614716129e-07
3118753,"Pseudomonas sp. 10C3",2,1.24294179962312e-07,2,1.24307675972101e-07
2320086,"Parabacteroides sp. CH2-D42-20",2,1.24294179962312e-07,2,1.25185047965099e-07
3044577,"Bacteroides sp. NGMCC 1.200775",2,1.24294179962312e-07,2,1.24367920028368e-07
2202154,"Dyella sp. C9",2,1.24294179962312e-07,2,1.25619139564266e-07
1965629,"Flavonifractor sp. An306",2,1.24294179962312e-07,2.2,1.37614662783588e-07
1676614,"Xylanibacter rarus",2,1.24294179962312e-07,2,1.24294970209887e-07
43997,"Catonella morbi",2,1.24294179962312e-07,2,1.24517214529076e-07
1965647,"Drancourtella sp. An57",2,1.24294179962312e-07,2.2,1.36644697283164e-07
2605778,"Clostridium porci",2,1.24294179962312e-07,2.2,1.37249778733701e-07
2023269,"uncultured Merdimonas sp.",2,1.24294179962312e-07,2,1.24294931524678e-07
1316412,"Streptococcus sp. HSISS3",2,1.24294179962312e-07,2,1.25907808825192e-07
2836736,"Campylobacter sp. 2018MI10",2,1.24294179962312e-07,2.1,1.31697093071473e-07
1064539,"Azospirillum baldaniorum",2,1.24294179962312e-07,2.3,1.44803479281022e-07
2930089,"Pseudomonas sp. RGM 3321",2,1.24294179962312e-07,2,1.25642758627193e-07
2662198,"Pseudomonas sp. FSL R10-2172",2,1.24294179962312e-07,2,1.24296292804307e-07
2665560,"Salmonella sp. S056_01185",2,1.24294179962312e-07,2.2,1.35280333672065e-07
2026339,"Oceanibium sediminis",2,1.24294179962312e-07,2,1.27319626598331e-07
2292310,"Clostridium sp. OF09-36",2,1.24294179962312e-07,2.5,1.52262214866969e-07
3143207,"Coprococcus sp. RTP21204st1_G4_RTP21204_210225",2,1.24294179962312e-07,2,1.24510129357519e-07
2763677,"Zongyangia hominis",2,1.24294179962312e-07,2.2,1.3629574957958e-07
3018255,"Streptococcus sp. SS9",2,1.24294179962312e-07,2.9,1.8035105458697e-07
2910950,"Epseptimavirus RN29",2,1.24294179962312e-07,2.5,1.55326723710787e-07
45357,"Candidozyma haemuli",2,1.24294179962312e-07,2,1.24294179974201e-07
3446591,"unknown genome; accession ID isNZ_JBPSDK010000099.1",2,1.24294179962312e-07,2,1.24294180597309e-07
35764,"Streptosporangium nondiastaticum",2,1.24294179962312e-07,2,1.24505113437405e-07
2741325,"Streptomyces sp. CHD11",2,1.24294179962312e-07,2,1.24399628819903e-07
3081203,"Klebsiella sp. w6",2,1.24294179962312e-07,2.1,1.28246182407561e-07
3018068,"Bacillus cereus group sp. m1-21",2,1.24294179962312e-07,2,1.24294179962311e-07
1765683,"Ferroacidibacillus organovorans",2,1.24294179962312e-07,2,1.25398888079072e-07
2293136,"Roseburia sp. AF34-16",2,1.24294179962312e-07,2,1.24794883223081e-07
94136,"Alkalibacillus haloalkaliphilus",2,1.24294179962312e-07,3,1.87899696620585e-07
2682455,"Veillonella orientalis",2,1.24294179962312e-07,2,1.25159435185428e-07
3143203,"Bacteroides sp. RTP21281st1_E4_RTP21281_210402",2,1.24294179962312e-07,1.5,9.44383297364391e-08
3241256,"Pseudomonas sp. MD332_6",2,1.24294179962312e-07,2,1.24294179962311e-07
3074433,"Vallitalea maricola",2,1.24294179962312e-07,2,1.27120985948599e-07
2849175,"Erysipelatoclostridium sp. MSK.23.31",2,1.24294179962312e-07,2.5,1.52319391116995e-07
2883208,"Dorea sp. 210702-DFI.3.17",2,1.24294179962312e-07,2.2,1.35073398408127e-07
706562,"[Lactobacillus] rogosae",2,1.24294179962312e-07,2,1.24640275834819e-07
3436707,"Neisseria sp. P0008.S010",2,1.24294179962312e-07,2,1.24294193629473e-07
3458240,"unknown genome; accession ID isNZ_JBQSUN010000010.1",2,1.24294179962312e-07,2,1.2481377992505e-07
3458240,"unknown genome; accession ID isNZ_JBQSUN010000012.1",2,1.24294179962312e-07,2,1.2440037094478e-07
1445553,"Sherbrookevirus CDHM11",2,1.24294179962312e-07,2,1.24295005668519e-07
1307,"Streptococcus suis",1,6.21470899811558e-08,1.1,7.08852797558829e-08
1249,"Weissella paramesenteroides",1,6.21470899811558e-08,1,6.21731653550068e-08
158877,"Yokenella regensburgei",1,6.21470899811558e-08,1,6.21470984060821e-08
2816911,"Lactococcus sp. LG592",1,6.21470899811558e-08,1.1,6.53750305940631e-08
328812,"Parabacteroides goldsteinii",1,6.21470899811558e-08,1,6.25939559144547e-08
2587529,"Klebsiella pasteurii",1,6.21470899811558e-08,1.2,7.69612313960186e-08
1511761,"Leuconostoc suionicum",1,6.21470899811558e-08,1,6.38197447972807e-08
1335,"Streptococcus equinus",1,6.21470899811558e-08,1.1,6.9928544154512e-08
688661,"Lichtheimia ornata",1,6.21470899811558e-08,1,6.21470899811555e-08
66870,"Streptomyces aurantiogriseus",1,6.21470899811558e-08,1,6.21470919398033e-08
1729892,"Bradyrhizobium campsiandrae",1,6.21470899811558e-08,1,6.28285382828399e-08
174707,"uncultured Streptomyces sp.",1,6.21470899811558e-08,1,6.28751596570955e-08
1920422,"Paenibacillus sp. FSL H8-0548",1,6.21470899811558e-08,1,6.29912009763309e-08
2841667,"Streptomyces sp. CHA16",1,6.21470899811558e-08,1,6.21529209089848e-08
574930,"Parabacteroides gordonii",1,6.21470899811558e-08,1,6.21606719246732e-08
2813575,"Pseudomonas sp. 30_B",1,6.21470899811558e-08,1.4,8.479098961289e-08
3088697,"Pseudomonas sp. EL_65y_Pfl1_R83",1,6.21470899811558e-08,1,6.23567544461747e-08
3710692,"unknown genome; accession ID isNZ_JBYFCA010000086.1",1,6.21470899811558e-08,1,6.21470899811555e-08
3048617,"Pseudomonas sp. CCI2.4",1,6.21470899811558e-08,1.1,6.92577474947805e-08
2870780,"Klebsiella sp. TF21-TM",1,6.21470899811558e-08,1,6.21607308100845e-08
3074557,"Vibrio sp. 1408",1,6.21470899811558e-08,1.2,7.35003935231303e-08
1194083,"Nostocoides japonicum",1,6.21470899811558e-08,1,6.21496396987536e-08
3159751,"Salmonella sp. SAL01011",1,6.21470899811558e-08,1,6.21488394861017e-08
2933304,"Salmonella sp. 14ESS1566",1,6.21470899811558e-08,1,6.21475088300569e-08
2943498,"Candidatus Mycobacterium methanotrophicum",1,6.21470899811558e-08,1.1,7.04177342412536e-08
457393,"Bacteroides sp. 4_1_36",1,6.21470899811558e-08,1,6.28218720551074e-08
40837,"Mycoplana ramosa",1,6.21470899811558e-08,1.1,6.54114363076136e-08
2484932,"Leptospira congkakensis",1,6.21470899811558e-08,1,6.2477886778169e-08
477666,"Bacteroides graminisolvens",1,6.21470899811558e-08,1,6.21470901363383e-08
2709718,"Blautia sp. MSK.20.85",1,6.21470899811558e-08,1.4,8.60932330145792e-08
28113,"Bacteroides heparinolyticus",1,6.21470899811558e-08,1.5,9.45940272473163e-08
454154,"Paraprevotella clara",1,6.21470899811558e-08,1.1,6.91166023908663e-08
2086273,"Subdoligranulum sp. APC924/74",1,6.21470899811558e-08,1,6.28740077702152e-08
61171,"Holdemania filiformis",1,6.21470899811558e-08,1,6.21864628235126e-08
3064195,"Brotocaccenecus cirricatena",1,6.21470899811558e-08,1.1,6.56994317228747e-08
2981769,"Waltera acetigignens",1,6.21470899811558e-08,1.8,1.10960886501945e-07
3032319,"Iodidimonas sp. MBR-14",1,6.21470899811558e-08,1.4,8.51344291938704e-08
1435375,"Piscirickettsia salmonis",1,6.21470899811558e-08,1,6.25137921982948e-08
1697558,"Christiangramia aquimixticola",1,6.21470899811558e-08,1,6.21470899811555e-08
2736295,"Prevotella sp. PTAC",1,6.21470899811558e-08,1,6.24148241309265e-08
512298,"uncultured Subdoligranulum sp.",1,6.21470899811558e-08,1,6.22541133629471e-08
3073577,"Brotaphodocola sp.",1,6.21470899811558e-08,1,6.22227255742543e-08
487174,"Barnesiella intestinihominis",1,6.21470899811558e-08,1,6.24886180884227e-08
1262755,"Blautia sp. CAG:237",1,6.21470899811558e-08,1,6.2150597903899e-08
1872531,"Anaerotruncus sp.",1,6.21470899811558e-08,1,6.21487692578384e-08
2774776,"Enterococcus sp. DIV0181",1,6.21470899811558e-08,1,6.21486606980717e-08
1638783,"Akkermansia sp. UNK.MGS-1",1,6.21470899811558e-08,1.2,7.49962165647869e-08
2935520,"Faecalibacterium hattorii",1,6.21470899811558e-08,1.1,6.8628446761628e-08
2144175,"Megasphaera stantonii",1,6.21470899811558e-08,1.1,6.53527944843963e-08
106588,"Pseudoflavonifractor capillosus",1,6.21470899811558e-08,1,6.35140249713074e-08
NA,"unknown genome; accession ID isNZ_CAKQCR010000049.1",1,6.21470899811558e-08,1,6.21470899811555e-08
322505,"Sharpea azabuensis",1,6.21470899811558e-08,1.2,7.49453904125039e-08
215200,"Peptostreptococcus russellii",1,6.21470899811558e-08,1,6.21485611007349e-08
1683,"Bifidobacterium angulatum",1,6.21470899811558e-08,1.1,6.56801418551627e-08
3003655,"Streptococcus sp. 27098_8_70",1,6.21470899811558e-08,1,6.47736917809684e-08
1338,"Streptococcus intermedius",1,6.21470899811558e-08,1,6.27715978355236e-08
2965103,"Ligilactobacillus sp. MP3",1,6.21470899811558e-08,1,6.23226808804391e-08
313439,"Streptococcus massiliensis",1,6.21470899811558e-08,1,6.21471640653215e-08
228229,"Ligilactobacillus saerimneri",1,6.21470899811558e-08,1,6.21475876314526e-08
5074,"Penicillium brevicompactum",1,6.21470899811558e-08,1.2,7.70352300172005e-08
36646,"Penicillium coprophilum",1,6.21470899811558e-08,1,6.23137703149508e-08
1295533,"Cryptococcus amylolentus",1,6.21470899811558e-08,0.5,3.10735449905777e-08
2563102,"Streptomyces sp. A1136",1,6.21470899811558e-08,1,6.24130555279165e-08
3019932,"Rhizobium brockwellii",1,6.21470899811558e-08,1,6.21557350665707e-08
3153430,"Klebsiella sp. CN_Kp116",1,6.21470899811558e-08,1,6.29596729137866e-08
2813561,"Pseudomonas sp. 21_B",1,6.21470899811558e-08,1,6.21533243370604e-08
NA,"unknown genome; accession ID isNZ_CM137129.1",1,6.21470899811558e-08,1,6.21976260749677e-08
3445249,"Bacillus cereus group sp. Bce015",1,6.21470899811558e-08,1,6.21470899811555e-08
3682005,"unknown genome; accession ID isNZ_CEEDHK010000052.1",1,6.21470899811558e-08,1,6.26701886379289e-08
2055836,"Natronococcus pandeyae",1,6.21470899811558e-08,1.3,8.00970860376302e-08
1867106,"Hymenobacter seoulensis",1,6.21470899811558e-08,1.1,6.91118314901712e-08
3159713,"Salmonella sp. s59033",1,6.21470899811558e-08,1.5,9.19669574523711e-08
3048589,"Mucilaginibacter sp. 5C4",1,6.21470899811558e-08,1,6.21470899811555e-08
1630542,"Alkalihalophilus lindianensis",1,6.21470899811558e-08,1,6.21470899811555e-08
2994528,"Bacillus sp. Tg11",1,6.21470899811558e-08,1.2,7.25574153063045e-08
3438800,"Prevotella sp. LCP21S3_D2",1,6.21470899811558e-08,1,6.25309652453598e-08
2816080,"Alicyclobacillus suci",1,6.21470899811558e-08,1,6.22775063212426e-08
1903262,"Bacteroides ndongoniae",1,6.21470899811558e-08,1,6.2168923499435e-08
1941478,"Coprobacter sp.",1,6.21470899811558e-08,1,6.21471362910036e-08
1862567,"Acinetobacter sp. SA01",1,6.21470899811558e-08,1,6.21470899811555e-08
1926662,"uncultured Mediterranea sp.",1,6.21470899811558e-08,1,6.21470905336338e-08
3420568,"Sporofaciens sp. SGI.106",1,6.21470899811558e-08,1,6.25781754935525e-08
2980186,"Hallella sp.",1,6.21470899811558e-08,1,6.21470899811555e-08
2293129,"Roseburia sp. AF20-18LB",1,6.21470899811558e-08,1,6.22941980661857e-08
69824,"Thomasclavelia cocleata",1,6.21470899811558e-08,1,6.23661582373542e-08
575256,"Thermolongibacillus altinsuensis",1,6.21470899811558e-08,1.1,6.61665999158381e-08
3342382,"Flintibacter sp. P01028",1,6.21470899811558e-08,1.1,7.05389529944295e-08
2898231,"Streptococcus sp. SM3",1,6.21470899811558e-08,1,6.25658199407899e-08
2559925,"Enterococcus dongliensis",1,6.21470899811558e-08,1,6.21485072267693e-08
936561,"Fusobacterium sp. CM1",1,6.21470899811558e-08,1,6.27833270806154e-08
2804917,"Corynebacterium pseudokroppenstedtii",1,6.21470899811558e-08,1.1,6.56918286507766e-08
68766,"Fusobacterium sp.",1,6.21470899811558e-08,1,6.27273732829052e-08
78343,"Bifidobacterium boum",1,6.21470899811558e-08,1,6.21500766870985e-08
684066,"Streptococcus lactarius",1,6.21470899811558e-08,1.2,7.42143850165893e-08
1739309,"Streptococcus sp. HMSC034E03",1,6.21470899811558e-08,1,6.23059584304352e-08
380685,"Thermosipho globiformans",1,6.21470899811558e-08,1,6.24415393196658e-08
3003264,"Ligilactobacillus sp. UO.C109",1,6.21470899811558e-08,1,6.23375965392744e-08
2742600,"Limosilactobacillus urinaemulieris",1,6.21470899811558e-08,1,6.21919949168802e-08
NA,"unknown genome; accession ID isNZ_CASEUO010000010.1",1,6.21470899811558e-08,1,6.26008806054606e-08
NA,"unknown genome; accession ID isNZ_CASEUO010000025.1",1,6.21470899811558e-08,1,6.21528172265089e-08
NA,"unknown genome; accession ID isNZ_CASEUO010000050.1",1,6.21470899811558e-08,1,6.21934364325439e-08
NA,"unknown genome; accession ID isNZ_CASEUO010000068.1",1,6.21470899811558e-08,1,6.21470953129736e-08
992075,"Helicobacter pylori",1,6.21470899811558e-08,1,6.42688362323614e-08
1112250,"Chlamydia psittaci",1,6.21470899811558e-08,1,6.22208214119501e-08
682382,"HMO Astrovirus A",1,6.21470899811558e-08,1,6.21470899811555e-08
1448315,"Aspergillus uvarum",1,6.21470899811558e-08,1.5,9.39149771159544e-08
113559,"Actinoplanes campanulatus",1,6.21470899811558e-08,1,6.21470899811555e-08
3237011,"Paraburkholderia sp. EG286B",1,6.21470899811558e-08,1,6.21470899811555e-08
3367358,"Herbidospora sp. RD11066",1,6.21470899811558e-08,1,6.45238186409705e-08
68183,"Streptomyces capoamus",1,6.21470899811558e-08,1.5,9.30812091884154e-08
2785796,"Amycolatopsis sp. cmx-11-32",1,6.21470899811558e-08,1,6.22255716434499e-08
2699172,"Bradyrhizobium sp. CSS354",1,6.21470899811558e-08,1,6.2175987492261e-08
1537797,"Streptomyces sp. B15",1,6.21470899811558e-08,1,6.22353440410157e-08
1163670,"Bacteroides sp. 14(A)",1,6.21470899811558e-08,1,6.21841308772086e-08
708087,"Cyclobacterium jeungdonense",1,6.21470899811558e-08,1,6.21958043399874e-08
1173496,"Klebsiella sp. K1",1,6.21470899811558e-08,1.4,8.59911834270867e-08
3680479,"unknown genome; accession ID isNZ_JBWQEV010000001.1",1,6.21470899811558e-08,1,6.38018709503228e-08
3153395,"Klebsiella sp. JB_Kp043",1,6.21470899811558e-08,1,6.21481015354583e-08
563193,"Parabacteroides sp. D13",1,6.21470899811558e-08,1,6.24486575353381e-08
1283291,"Pseudomonas sp. URMO17WK12:I11",1,6.21470899811558e-08,1,6.22875155605906e-08
2718882,"Moritella sp. F3",1,6.21470899811558e-08,1,6.246775397819e-08
3025336,"Pseudoalteromonas sp. Angola-7",1,6.21470899811558e-08,1.1,6.64734325263633e-08
3681944,"unknown genome; accession ID isNZ_CEEDOR010000071.1",1,6.21470899811558e-08,1,6.21470899811555e-08
1541,"Terrisporobacter mayombei",1,6.21470899811558e-08,1,6.33324229666664e-08
2292365,"Prevotella sp. TF12-30",1,6.21470899811558e-08,1,6.25297538998111e-08
NA,"unknown genome; accession ID isNZ_CALIRI010000046.1",1,6.21470899811558e-08,1,6.37615700200809e-08
3038777,"Fictibacillus sp. UD",1,6.21470899811558e-08,1,6.45691376172759e-08
2949966,"Clostridium sp. ZBS20",1,6.21470899811558e-08,1,6.24509374964354e-08
2981781,"Barnesiella propionica",1,6.21470899811558e-08,1,6.21471670134796e-08
3687119,"unknown genome; accession ID isNZ_JBVMPY010000045.1",1,6.21470899811558e-08,1,6.2238034234567e-08
3687119,"unknown genome; accession ID isNZ_JBVMPY010000083.1",1,6.21470899811558e-08,1,6.21493205567524e-08
3687119,"unknown genome; accession ID isNZ_JBVMPY010000189.1",1,6.21470899811558e-08,1,6.21470899811555e-08
2997951,"Coprococcus sp. TM115-141",1,6.21470899811558e-08,1.2,7.2990240939968e-08
512294,"uncultured Akkermansia sp.",1,6.21470899811558e-08,1.1,6.79148331663035e-08
3438939,"Flavonifractor sp. HCP28S3_F3",1,6.21470899811558e-08,1.1,6.74781863105429e-08
1917878,"Prevotella ihumii",1,6.21470899811558e-08,1,6.21822995988739e-08
28052,"Lachnospira pectinoschiza",1,6.21470899811558e-08,1.1,6.87488511498344e-08
3231300,"Enterococcus sp. C39",1,6.21470899811558e-08,1,6.21478660651794e-08
2726068,"Treponema sp. OMZ 805",1,6.21470899811558e-08,1,6.21470899811555e-08
2981774,"Suilimivivens aceti",1,6.21470899811558e-08,1.1,6.61684436115109e-08
1262962,"Ruminococcus sp. CAG:57",1,6.21470899811558e-08,1.3,8.04830413848971e-08
3692808,"unknown genome; accession ID isNZ_JBJLQW010000001.1",1,6.21470899811558e-08,1,6.47701576105216e-08
3692808,"unknown genome; accession ID isNZ_CP176497.1",1,6.21470899811558e-08,1,6.2187208506274e-08
1739279,"Fusobacterium sp. HMSC064B12",1,6.21470899811558e-08,1,6.24991354386232e-08
2836737,"Campylobacter sp. 2018MI13",1,6.21470899811558e-08,1,6.21489730598921e-08
3143055,"Collinsella sp. 1033st1_B10_1033SCRN_220408",1,6.21470899811558e-08,1,6.2207941301722e-08
40543,"Sneathia sanguinegens",1,6.21470899811558e-08,1,6.22356909777229e-08
2992578,"Peduovirus L413C",1,6.21470899811558e-08,1,6.21472528946432e-08
1792511,"Penicillium robsamsonii",1,6.21470899811558e-08,1,6.4390076724133e-08
5210,"Filobasidium floriforme",1,6.21470899811558e-08,1,6.26149605468441e-08
2705254,"Catenulispora pinistramenti",1,6.21470899811558e-08,1,6.21470899811555e-08
199684,"uncultured Bradyrhizobium sp.",1,6.21470899811558e-08,1,6.23999550101989e-08
2903532,"Streptomyces sp. IBSBF 2394",1,6.21470899811558e-08,1,6.22121616372621e-08
1940758,"Streptomyces sp. MH60",1,6.21470899811558e-08,1,6.23342560234849e-08
573499,"Parafrankia sp. Ea1.12",1,6.21470899811558e-08,1,6.21641504398659e-08
1215384,"Bradyrhizobium sp. 17-4",1,6.21470899811558e-08,1,6.23632504653926e-08
2849168,"Bacteroides sp. MSK.17.76",1,6.21470899811558e-08,1,6.22602673479426e-08
1899563,"Candidatus Venteria ishoeyi",1,6.21470899811558e-08,1,6.21470899811555e-08
2652158,"Klebsiella sp. RCJ4",1,6.21470899811558e-08,1,6.22400432815935e-08
2911173,"Klebsiella sp. 2019SCSN059",1,6.21470899811558e-08,1,6.21806517180727e-08
2485123,"Photobacterium chitinilyticum",1,6.21470899811558e-08,1,6.32079543369753e-08
2937370,"Bacillus sp. GC_Bacil_1",1,6.21470899811558e-08,1,6.25912654812884e-08
3048623,"Pseudomonas sp. Dout3",1,6.21470899811558e-08,1,6.21470899811555e-08
2749083,"Enterobacter sp. SECR18-0236",1,6.21470899811558e-08,1,6.36559796773483e-08
2603896,"Methylobacterium sp. WL19",1,6.21470899811558e-08,1.1,6.83425687172718e-08
3159655,"Salmonella sp. s51944",1,6.21470899811558e-08,1,6.21601627712218e-08
3159712,"Salmonella sp. s58998",1,6.21470899811558e-08,1,6.24690215740693e-08
2763019,"Bacteroides sp. NSJ-39",1,6.21470899811558e-08,1.2,7.28207823980538e-08
2759926,"Modicisalibacter radicis",1,6.21470899811558e-08,1,6.48008088066656e-08
3141608,"Ruminococcus sp. RTP21484sp1_RTP21281st1_A2_RTP21281_210402",1,6.21470899811558e-08,1.1,6.66112291100197e-08
2681410,"Microbacterium sp. 18062",1,6.21470899811558e-08,1,6.21470899830387e-08
1202712,"Ureibacillus chungkukjangi",1,6.21470899811558e-08,1,6.29456575959289e-08
3141596,"Ruminococcus sp. 1001136sp1_2201st1_G3_2201SCRN_220225",1,6.21470899811558e-08,1,6.21510116512465e-08
2292054,"Prevotella sp. AM23-5",1,6.21470899811558e-08,1,6.25406536427723e-08
2049025,"Flavonifractor sp.",1,6.21470899811558e-08,1,6.30207944795553e-08
2292364,"Prevotella sp. AM34-19LB",1,6.21470899811558e-08,1,6.24541260925537e-08
2293190,"Ruminococcus sp. AM26-12LB",1,6.21470899811558e-08,1,6.21825645211514e-08
2302943,"Coprococcus sp. AF38-1",1,6.21470899811558e-08,1,6.25033401326148e-08
2292041,"Dorea sp. AF36-15AT",1,6.21470899811558e-08,1,6.25654987504953e-08
2249428,"Aliidiomarina celeris",1,6.21470899811558e-08,1.1,6.67219655955344e-08
1739400,"Corynebacterium sp. HMSC069E04",1,6.21470899811558e-08,1,6.22406178538025e-08
2292232,"Eubacterium sp. AF22-8LB",1,6.21470899811558e-08,1.1,6.62211695213725e-08
2954545,"Streptococcus sp. FSL W7-1342",1,6.21470899811558e-08,1.1,6.72832703308141e-08
1871336,"Criibacterium bergeronii",1,6.21470899811558e-08,1,6.23129832192968e-08
2027458,"Veillonella sp. S13054-11",1,6.21470899811558e-08,1.1,6.7965238001062e-08
159267,"uncultured Fusobacterium sp.",1,6.21470899811558e-08,1,6.22568179272697e-08
563036,"Streptococcus sp. C300",1,6.21470899811558e-08,1.2,7.63832962019974e-08
2954690,"Streptococcus sp. FSL L8-0526",1,6.21470899811558e-08,1,6.37283606083131e-08
34105,"Streptobacillus moniliformis",1,6.21470899811558e-08,1,6.21580004472243e-08
2508069,"Epseptimavirus ev329",1,6.21470899811558e-08,1.3,8.06562635529189e-08
10760,"Teseptimavirus T7",1,6.21470899811558e-08,1,6.4017366262046e-08
5078,"Penicillium griseofulvum",1,6.21470899811558e-08,1,6.46031841231497e-08
37727,"Talaromyces marneffei",1,6.21470899811558e-08,1,6.21518096212229e-08
85688,"Nocardia cerradoensis",1,6.21470899811558e-08,1,6.31278527201223e-08
654447,"Streptomyces youssoufiensis",1,6.21470899811558e-08,1,6.21470899811555e-08
2585199,"Nocardia aurantia",1,6.21470899811558e-08,1,6.21470899811555e-08
2793807,"Bradyrhizobium sp. IC4060",1,6.21470899811558e-08,1.2,7.15155240569765e-08
2487416,"Streptomyces sp. WAC06614",1,6.21470899811558e-08,1,6.24868087914153e-08
2949651,"Parabacteroides sp. TA-V-105",1,6.21470899811558e-08,1,6.21480242506268e-08
1290412,"Burkholderia pseudomallei",1,6.21470899811558e-08,1,6.22290884990309e-08
1925550,"Rhodococcus sp. M8",1,6.21470899811558e-08,1,6.2148548584545e-08
2775057,"Janthinobacterium sp. EB271-G4-3-1",1,6.21470899811558e-08,1,6.27151879520649e-08
2683201,"Raoultella sp. 10-1",1,6.21470899811558e-08,1,6.21470899823917e-08
1921144,"Paenibacillus sp. FSL H7-0326",1,6.21470899811558e-08,1.1,6.73933075265719e-08
3048611,"Pseudomonas sp. CCC4.3",1,6.21470899811558e-08,1,6.36942582393471e-08
3159724,"Salmonella sp. s60474",1,6.21470899811558e-08,1,6.21472397331749e-08
2949863,"Providencia sp. PROV153",1,6.21470899811558e-08,1,6.21470914379718e-08
2921571,"Bacillus sp. FSL P2-0092",1,6.21470899811558e-08,1.2,7.36219380672939e-08
3085167,"Segatella sinensis",1,6.21470899811558e-08,1.2,7.34490870860868e-08
3699536,"unknown genome; accession ID isNZ_JBXAYL010000246.1",1,6.21470899811558e-08,1,6.21798782472605e-08
3102787,"Bacillus sp. A31",1,6.21470899811558e-08,1.1,6.91888722358436e-08
3438942,"Intestinimonas sp. HCP28S3_D6",1,6.21470899811558e-08,1,6.24022947023447e-08
1635151,"uncultured Sanguibacteroides sp.",1,6.21470899811558e-08,1,6.25501775188903e-08
2292988,"Blautia sp. TF12-12AT",1,6.21470899811558e-08,1,6.22433352238012e-08
3459305,"unknown genome; accession ID isNZ_JBQWEE010000005.1",1,6.21470899811558e-08,1,6.23118545707962e-08
NA,"unknown genome; accession ID isNZ_JAQEUC010000021.1",1,6.21470899811558e-08,1,6.21473746119356e-08
2774710,"Enterococcus sp. AZ078",1,6.21470899811558e-08,1,6.27273421569123e-08
2302934,"Dysgonomonas sp. 216",1,6.21470899811558e-08,1,6.21470899811555e-08
NA,"unknown genome; accession ID isNZ_JBKVGC010000005.1",1,6.21470899811558e-08,1,6.25376473281123e-08
1969168,"Blautia sp. LMAG:36",1,6.21470899811558e-08,1.1,6.76484068510294e-08
2799636,"Catonella massiliensis",1,6.21470899811558e-08,1,6.23078523577354e-08
3567997,"unknown genome; accession ID isNZ_CM136898.1",1,6.21470899811558e-08,1.1,7.04107547893351e-08
1965648,"Faecalibacterium sp. An58",1,6.21470899811558e-08,1.3,8.01468536018639e-08
307486,"Tepidimonas taiwanensis",1,6.21470899811558e-08,1,6.21843093395511e-08
3133499,"Maccoyibacter intestinihominis",1,6.21470899811558e-08,1,6.27746739530759e-08
1776443,"Lactococcus sp. DD01",1,6.21470899811558e-08,1.1,6.84421845234551e-08
2916965,"Streptococcus sp. DFI.7.26",1,6.21470899811558e-08,1,6.27281733016946e-08
2789285,"Amycolatopsis sp. lyj-90",1,6.21470899811558e-08,1,6.28170402721515e-08
2921771,"Caballeronia sp. AAUFL_F1_KS47",1,6.21470899811558e-08,1,6.32569599869708e-08
470074,"Mycobacterium angelicum",1,6.21470899811558e-08,1,6.26722107308105e-08
2993596,"Pseudomonas sp. DCB_AW",1,6.21470899811558e-08,1.3,8.08731611683642e-08
2759708,"Klebsiella sp. M5a1",1,6.21470899811558e-08,1,6.38595473036877e-08
3114299,"Candidatus Merdisoma sp. JLR.KK011",1,6.21470899811558e-08,1,6.21779515063847e-08
2292921,"Bacteroides sp. AF20-13LB",1,6.21470899811558e-08,1.1,6.62391139605548e-08
2582626,"Salmonella sp. zj-f94",1,6.21470899811558e-08,1.4,8.93502737749187e-08
3159638,"Salmonella sp. s31506",1,6.21470899811558e-08,1,6.22954907362524e-08
2941327,"Flintibacter muris",1,6.21470899811558e-08,1,6.23085975731908e-08
1917883,"Bacteroides togonis",1,6.21470899811558e-08,1,6.21520182676157e-08
1570016,"Thioflexithrix psekupsensis",1,6.21470899811558e-08,1,6.26602507367426e-08
3157620,"Propionicimonas sp. T2.31MG-18",1,6.21470899811558e-08,1,6.21470899811555e-08
2881276,"Fusicatenibacter faecihominis",1,6.21470899811558e-08,1.2,7.19100534732875e-08
2495408,"Clostridium sp. Marseille-P7770",1,6.21470899811558e-08,1,6.22440909573957e-08
2860051,"Blautia sp. KLE_1732_HM_1032",1,6.21470899811558e-08,1,6.23189078490094e-08
1965560,"Lachnoclostridium sp. An138",1,6.21470899811558e-08,1.3,7.8646605502404e-08
2109589,"Bacillus sp. LNXM12-2",1,6.21470899811558e-08,1,6.2471795464656e-08
1736556,"Microbacterium sp. Root553",1,6.21470899811558e-08,1,6.22476341665279e-08
2997294,"Gemmiger qucibialis",1,6.21470899811558e-08,1,6.4000621730226e-08
2841514,"Roseburia sp. MSJ-14",1,6.21470899811558e-08,1,6.21482564966075e-08
2293140,"Roseburia sp. OM03-7AC",1,6.21470899811558e-08,1.1,6.88769428008141e-08
2981778,"Agathobaculum ammoniilyticum",1,6.21470899811558e-08,1,6.42036416062036e-08
2763063,"Roseburia yibonii",1,6.21470899811558e-08,1,6.28332807334293e-08
39441,"Methanobrevibacter arboriphilus",1,6.21470899811558e-08,1,6.41217439331479e-08
3003641,"Veillonella sp. 20925_1_51",1,6.21470899811558e-08,1.2,7.63697398218888e-08
3369477,"unknown genome; accession ID isNZ_CBCPLV010000001.1",1,6.21470899811558e-08,1.4,8.94668046745317e-08
2042030,"Lactobacillus sp. UMNPBX17",1,6.21470899811558e-08,1,6.21473791853214e-08
126998,"Penicillium bovifimosum",1,6.21470899811558e-08,1,6.21827382010937e-08
2651864,"Myxococcus sp. CA018",1,6.21470899811558e-08,1,6.21470899811555e-08
2793816,"Bradyrhizobium sp. NBAIM03",1,6.21470899811558e-08,1,6.23987235555766e-08
2857010,"Streptomyces sp. DH12",1,6.21470899811558e-08,1.1,6.61555837495786e-08
2841668,"Streptomyces sp. CHA15",1,6.21470899811558e-08,1,6.48883285648531e-08
1470345,"Bacteroides timonensis",1,6.21470899811558e-08,1,6.21653650405648e-08
3384759,"Pseudomonas sp. PHC1",1,6.21470899811558e-08,1.6,9.67669678507487e-08
2044270,"Klebsiella sp. KG9",1,6.21470899811558e-08,1.2,7.69127101891014e-08
2184082,"Marinifilum breve",1,6.21470899811558e-08,1,6.46781218987285e-08
2293117,"Parabacteroides sp. AF39-10AC",1,6.21470899811558e-08,1,6.4140868868343e-08
3415987,"Parabacteroides sp. ASD2025",1,6.21470899811558e-08,1,6.2182193203992e-08
3159647,"Salmonella sp. s47020",1,6.21470899811558e-08,1,6.22105166003173e-08
NA,"unknown genome; accession ID isNZ_ADJX01000021.1",1,6.21470899811558e-08,1,6.21470980857733e-08
NA,"unknown genome; accession ID isNZ_ADJX01000029.1",1,6.21470899811558e-08,1,6.21470899811555e-08
3438802,"Prevotella sp. Sow4_E9_plate",1,6.21470899811558e-08,1.2,7.39804755302968e-08
2941517,"Hominisplanchenecus murintestinalis",1,6.21470899811558e-08,2,1.26840895933367e-07
3477384,"unknown genome; accession ID isNZ_CM142729.1",1,6.21470899811558e-08,1,6.21687367407056e-08
1642702,"Paludifilum halophilum",1,6.21470899811558e-08,1,6.36876364442553e-08
3438825,"Candidatus Avoscillospira sp. LCP25S3_F1",1,6.21470899811558e-08,1.1,6.8232742625076e-08
3436821,"Neisseria sp. P0021.S006",1,6.21470899811558e-08,1,6.21471684788092e-08
1905697,"Brucella sp. CMUL 015",1,6.21470899811558e-08,1.1,6.53514618307261e-08
2592647,"Pseudoflavonifractor sp. MCC625",1,6.21470899811558e-08,1.1,6.69369583705075e-08
330061,"bacterium ic1395",1,6.21470899811558e-08,1,6.28761078272446e-08
2804415,"Staphylococcus sp. GDY8P19P",1,6.21470899811558e-08,1,6.33274388248516e-08
3458240,"unknown genome; accession ID isNZ_JBQSUN010000003.1",1,6.21470899811558e-08,1,6.33958043974851e-08
3140788,"Streptococcus nidrosiense",1,6.21470899811558e-08,1,6.22342486908027e-08
2713174,"Fructobacillus parabroussonetiae",1,6.21470899811558e-08,1,6.21470899811555e-08
1647454,"Epseptimavirus SE24",1,6.21470899811558e-08,1.1,6.99709538804911e-08
2419655,"Moineauvirus SW6",1,6.21470899811558e-08,1,6.21470899811555e-08
