"TaxonomyID","Genome","read_count","Proportion","readsEM","EMProportion"
820,"Bacteroides uniformis",3584482,0.225632212422291,3583386.3,0.225563244555401
40520,"Blautia obeum",2664589,0.167727752926671,2651023.6,0.166873854884037
853,"Faecalibacterium prausnitzii",1882375,0.11848976668272,1884224.1,0.118606158938673
292800,"Flavonifractor plautii",894517,0.0563071176698197,895364.5,0.0563604644801067
330879,"Aspergillus fumigatus",782314,0.0492442809390401,782293.1,0.049242967705872
2881264,"Blautia fusiformis",513573,0.0323278544097455,510908.2,0.0321601105296074
1108849,"Penicillium rubens",471140,0.0296568264426041,470120.9,0.0295926787190984
562,"Escherichia coli",462662,0.0291231621929534,461709.5,0.0290632057550342
89153,"[Clostridium] hylemonae",434497,0.0273502613211193,434811.6,0.0273700670267489
823,"Parabacteroides distasonis",355399,0.0223712833995735,352109.3,0.022164209232734
39486,"Dorea formicigenerans",324822,0.0204465544821911,325520.5,0.0204905240703459
1196081,"Talaromyces amestolkiae",234126,0.014737517824216,234129.4,0.0147377295584531
1496,"Clostridioides difficile",193889,0.0122047213612303,191258.1,0.0120391127352459
487174,"Barnesiella intestinihominis",169017,0.010639104798679,169188.7,0.0106499147507066
2293021,"Clostridium sp. AF50-3",156152,0.00982929227547122,153757.4,0.00967856139421227
39491,"Agathobacter rectalis",144498,0.009095708509792,145042.3,0.00912997004500958
187327,"Acidaminococcus intestini",140094,0.00881849013806973,140455.6,0.00884125057606928
105841,"Anaerostipes caccae",139290,0.00876788078955368,141340.1,0.00889692703309912
2584601,"Akkermansia sp. BIOML-A45",138640,0.00872696527147478,137368.3,0.00864691254907832
36656,"Penicillium crustosum",133076,0.0083767284367194,134099,0.00844112377427209
246787,"Bacteroides cellulosilyticus",115411,0.0072647705492367,103177.9,0.00649473233973062
301301,"Roseburia hominis",105009,0.00660999636607253,107652.4,0.00677638819833187
39483,"Faecalitalea cylindroides",90069,0.00566956891976675,90330.2,0.00568601022156159
1547,"Thomasclavelia ramosa",69160,0.00435341112359489,69452.7,0.00437183815342431
1352,"Enterococcus faecium",68875,0.00433547124259106,69614.1,0.00438199567484784
33038,"Mediterraneibacter gnavus",58708,0.00369548959288619,59887.2,0.00376971671423339
1304,"Streptococcus salivarius",55525,0.00349512944820136,55557.9,0.00349720109592389
40545,"Sutterella wadsworthensis",54321,0.00341934131932906,54312.8,0.00341882509949577
2292004,"Butyricicoccus sp. AM05-1",53795,0.0033862312231606,53412.4,0.00336214527918938
2763669,"Qiania dongpingensis",53293,0.00335463185381351,53276.5,0.00335359081301116
626935,"Collinsella tanakaei",51521,0.00324308985683534,51517.9,0.00324289234369731
817,"Bacteroides fragilis",49975,0.00314577387075845,63923.5,0.00402378934237871
328813,"Alistipes onderdonkii",48771,0.00306998574188615,48775.8,0.00307029053509258
3133155,"Faecalibacterium intestinale",39681,0.00249779795829047,36203.7,0.00227891063704807
594,"Salmonella enterica",37784,0.00237838759245097,38694.1,0.00243567625639207
1150298,"Fusicatenibacter saccharivorans",35502,0.00223474265051859,35760.8,0.00225103385198041
208479,"Enterocloster bolteae",32866,0.00206881448797093,33821.1,0.00212893354237269
2762819,"Eowynvirus eowyn",32581,0.00205087460696711,32581,0.00205087460696714
2292913,"Bacteroides sp. AF04-22",30795,0.00193845135267647,30553.1,0.00192322349963762
3438945,"Oribacterium sp. HCP28S3_H8",29900,0.00188211383162937,29789.2,0.0018751390168982
700939,"Gaprivervirus vr7",29013,0.00182627988618939,28919.4,0.00182039034653173
2965279,"Clostridium sp. DFI.5.61",28317,0.00178246880836953,27975.1,0.00176094615354921
592978,"Mediterraneibacter faecis",25987,0.0016358024127944,25697.1,0.00161755426394178
5480,"Candida parapsilosis",23650,0.00148869538856303,23650,0.00148869831122725
2881265,"Faecalibacterium hominis (ex Afrizal et al. 2022)",23453,0.00147629483923758,19458.2,0.00122483546393208
2986997,"Romboutsia sp. 1001216sp1",23126,0.00145571118629635,23126.1,0.00145571607773376
35833,"Bilophila wadsworthia",21048,0.00132490742234565,21061.5,0.00132575619609037
28118,"Odoribacter splanchnicus",20603,0.00129689602919933,20702.1,0.00130313611497773
89014,"Blautia luti",20091,0.00126466719034333,15400.8,0.000969434404613531
357276,"Phocaeicola dorei",20062,0.00126284172876751,21574.5,0.00135805148958452
2126740,"Clostridium fessum",19933,0.00125472157210262,22309.7,0.00140433022023312
948870,"Justusliebigvirus phi92",19033,0.00119806931630106,18984.2,0.00119500016446078
2601632,"Pawinskivirus PS119XW",18643,0.00117352000545372,18643,0.00117352000545374
28116,"Bacteroides ovatus",16655,0.00104838146708318,17727.7,0.00111590194387981
1680,"Bifidobacterium adolescentis",16387,0.0010315116842445,16191.6,0.0010192106054932
410072,"Coprococcus comes",15085,0.000949554754184918,13874.2,0.000873335872258803
2292921,"Bacteroides sp. AF20-13LB",14952,0.000941182809716466,15531.9,0.000977688294777677
180164,"Blautia schinkii",14091,0.000886985484999647,14170.5,0.000891987442648288
626939,"Phascolarctobacterium succinatutens",13706,0.000862750908906761,13723.9,0.000863878011011534
2321391,"Berlinvirus PYPS50",13361,0.000841034210849499,13345.2,0.000840038128673393
2886925,"Enquatrovirus N4",13057,0.000821898337778752,13057,0.000821898337778766
1679,"Bifidobacterium longum",12801,0.000805783918350755,12986.9,0.000817483698261409
1654717,"Menderavirus IMESM1",12654,0.000796530716569834,12654,0.000796530716569848
2292234,"Faecalibacterium sp. AF28-13AC",12057,0.000758951386888138,12933.4,0.000814118101933204
1245,"Leuconostoc mesenteroides",10870,0.000684233356180978,10868.2,0.000684121878325654
1737424,"Blautia massiliensis (ex Durand et al. 2017)",10288,0.000647598230762641,10439.4,0.000657127261498542
2972460,"Barnesiella sp. ET7",9521,0.000599317919429539,10424.7,0.000656201385868784
3143187,"Bacteroides sp. RTP31139st1_H2_RTP31139_211217",9367,0.000589624088992385,9494.1,0.000597625449427533
2929492,"Faecalibacterium sp. I3-3-33",9208,0.000579615523800777,10207,0.000642498104649862
259315,"uncultured Faecalibacterium sp.",8972,0.000564760043390592,10555.2,0.000664418101499868
2941519,"Vermiculatibacterium agrestimuris",8916,0.000561235014140718,8580,0.000540087954769724
1971605,"Faecalibacterium sp.",8807,0.000554373796493641,10640.9,0.000669812025519172
2508195,"Phapecoctavirus schickermooser",8619,0.000542539769726205,8666.2,0.000545513709258526
154288,"Turicibacter sanguinis",8261,0.000520004761307365,8260.7,0.000519984544864561
39488,"Anaerobutyricum hallii",8105,0.00051018503696843,12354.6,0.000777681668912216
5068,"Aspergillus tubingensis",8082,0.000508737257097945,8073.8,0.00050822108239865
573,"Klebsiella pneumoniae",7869,0.000495329556558245,7823.6,0.000492470754238819
41978,"Ruminococcus sp.",7405,0.000466122171344999,6390.9,0.000402288129154677
3003366,"Carltongylesvirus DE15",7242,0.000455861818349829,7075,0.000445349275990428
2865794,"Suseptimavirus 101114UKE3",6996,0.000440376868430738,6916.9,0.000435396694625855
1522,"[Clostridium] innocuum",6928,0.000436096475770176,5705.7,0.000359154376788553
418240,"Blautia wexlerae",6160,0.000387753217486185,7480.1,0.0004708473022426
2986402,"Diorhovirus copri",6069,0.000382025044955139,6069,0.000382025044955145
1945593,"Oscillibacter sp.",5938,0.000373778994388468,5525.3,0.000347803429973386
2931395,"Blautia sp. NSJ-140",5787,0.000364274004803985,7481.9,0.000470964276291869
3435293,"Faecalibacterium langellae",5473,0.000344508662224332,5396.2,0.000339674873854584
563193,"Parabacteroides sp. D13",5471,0.000344382768322551,5339.8,0.000336123363807326
2584640,"Eggerthella sp. BIOML-A3",5020,0.000315993693470884,4673.5,0.000294183360801364
2785531,"Bacteroides sp. HF-162",5007,0.000315175383109306,4699.9,0.00029584398078402
2929494,"Faecalibacterium sp. I4-1-79",4904,0.000308691847167573,5257.5,0.000330940502603664
762660,"Acinetobacter phage Ac42",4883,0.00030736996119887,4883,0.000307369961198875
858893,"Exophiala dermatitidis",4738,0.000298242653319731,4738,0.000298242653259348
2929491,"Faecalibacterium wellingii",4619,0.000290751966163748,4870.1,0.000306557988166056
3144490,"Blautia sp. 1033sp1_1033st1_G9_1033SCRN_220408",4401,0.000277029530869594,4700.1,0.000295857500715508
1527524,"Pseudotevenvirus miller",4395,0.00027665184916425,4389.5,0.000276304603482839
2516960,"Bacteroides muris (ex Afrizal et al. 2022)",4285,0.000269727684566283,4225.6,0.000265986813353704
626937,"Christensenella minuta",4190,0.000263747724231674,4192,0.000263876692657416
518,"Bordetella bronchiseptica",4157,0.000261670474852284,3321.2,0.000209056605807865
2711185,"Kuravirus MN05",4152,0.000261355740097831,4159.1,0.000261801495974397
1642588,"Septimatrevirus DLP1",4082,0.000256949453535488,4082,0.000256949453535492
2508180,"Tequatrovirus kaw",3993,0.000251347174906223,3941.9,0.000248130843951093
1567007,"Tequintavirus DT5712",3801,0.000239261360335225,3675.9,0.0002313849316161
2758403,"Faecalibacterium sp. Marseille-Q3530",3788,0.000238443049973647,3945.2,0.000248335806383697
2935520,"Faecalibacterium hattorii",3709,0.000233470240853289,3855.5,0.000242692718152387
1912855,"Faecalimonas umbilicata",3687,0.000232085407933695,3685.6,0.000231997451176519
2929489,"Faecalibacterium sp. IP-3-29",3466,0.000218174131786869,3627.1,0.000228312459690614
2894747,"Dhillonvirus JLBYU37",3297,0.000207536097086356,3176.6,0.000199959024571395
2981774,"Suilimivivens aceti",3276,0.000206214211117653,3088.2,0.000194391432876213
29466,"Veillonella parvula",3090,0.000194506078251998,3075.9,0.000193617520809034
2865787,"Escherichia phage vB_EcoS-22664BS2",3065,0.000192932404479733,2750.4,0.000173127255684507
2293109,"Faecalibacterium sp. OF04-11AC",2965,0.000186637709390672,3068.2,0.000193132050565788
2024338,"Ceduovirus cv62402",2947,0.000185504664274641,2946.8,0.000185494980437345
1351,"Enterococcus faecalis",2857,0.000179839438694485,2680.4,0.000168724452647746
2929488,"Faecalibacterium sp. IP-1-18",2761,0.000173796531408986,3051.9,0.000192108499381809
1186058,"Trichosporon asahii",2746,0.000172852327145627,2746,0.000172852327130462
1673721,"Intestinimonas massiliensis (ex Afouda et al. 2020)",2686,0.00016907551009219,2942.8,0.000185241400981719
2652274,"Eisenbergiella porci",2675,0.000168383093632393,4449.6,0.000280087628379651
1540098,"Seuratvirus seurat",2666,0.000167816571074378,2666,0.000167816649215535
88431,"Dorea longicatena",2559,0.000161081247329082,2945.6,0.000185414329955407
2293034,"Clostridium sp. AM48-13",2349,0.000147862387642053,2186.5,0.000137634869893355
2763028,"Blautia intestinalis",2342,0.000147421758985819,2642,0.00016630839635527
670,"Vibrio parahaemolyticus",2336,0.000147044077280475,2339,0.000147233479651541
5076,"Penicillium chrysogenum",2329,0.000146603448624241,2334.2,0.000146933068091467
1880822,"Klebsiella virus PMBT1",2290,0.000144148517539507,2295.5,0.000144495763220926
2293116,"Parabacteroides sp. AF27-14",2274,0.000143141366325257,2211.7,0.000139218396416517
1439894,"Alcyoneusvirus K641",2234,0.000140623488289633,2234,0.000140623488289635
1971762,"Holdemanella sp.",2227,0.000140182859633398,2593.3,0.000163240419033358
1501392,"Coprobacter secundus",2211,0.000139175708419148,2569.7,0.000161754788894341
47858,"Micromonospora echinofusca",2211,0.000139175708419148,2072.7,0.000130471063783711
2029658,"Skunavirus sv05601",2160,0.000135965413923727,2134.6,0.000134369198933009
2508193,"Wifcevirus WFC",2148,0.00013521005051304,2148,0.000135210050513042
371674,"Moryella indoligenes",2111,0.000132881013330087,2215.3,0.000139443263384566
2172043,"Bifidobacterium tibiigranuli",2094,0.000131810915164947,2698.2,0.000169845004503012
328814,"Alistipes shahii",2080,0.000130929657852478,1970.7,0.000124047846845585
3133156,"Faecalibacterium tardum",2057,0.000129481877981994,2458.7,0.000154767814788847
53443,"Blautia hydrogenotrophica",2013,0.000126712212142807,2072.9,0.000130480979993906
2547410,"Enterocloster alcoholdehydrogenati",2004,0.000126145689584791,1983.2,0.000124837222226105
821,"Phocaeicola vulgatus",1964,0.000123627811549167,1811.1,0.000114000399293542
1805467,"Kayfunavirus SH4",1873,0.000117899639018121,1849.8,0.000116442247915026
1322,"Blautia hansenii",1850,0.000116451859147637,1935.2,0.000121816661760527
1567028,"Gaprivervirus vr25",1828,0.000115067026228043,1928.9,0.000121417163595415
1280669,"Dorea sp. AGR2135",1805,0.000113619246357559,1839.4,0.000115784992868994
2316022,"Mediterraneibacter sp.",1769,0.000111353156125497,1894,0.000119224030516559
2293009,"Clostridium sp. AF29-8BH",1749,0.000110094217107685,1694,0.000106629244984333
1211819,"Holdemania massiliensis",1743,0.000109716535402341,1749.7,0.000110137340682563
NA,"unknown genome; accession ID isNZ_CALIRI010000010.1",1725,0.00010858349028631,1725,0.000108585635937657
1590,"Lactiplantibacillus plantarum",1682,0.000105876771398013,1681.9,0.000105871551263908
2910155,"Carltongylesvirus SKA49",1663,0.000104680779331092,1830,0.000115193321690502
1041524,"Przondovirus K30",1662,0.000104617832380201,1662,0.000104617832380203
691816,"Bacteroides rodentium",1635,0.000102918264706155,1635.1,0.000102922781183072
1314,"Streptococcus pyogenes",1609,0.000101281643982999,1609.9,0.000101336178086312
2873413,"Escherichia phage 26",1578,9.93302885053895e-05,1563.2,9.83960144740168e-05
1871006,"Bacteroides congonensis",1564,9.84490311929209e-05,1567.2,9.86482827357736e-05
2878202,"Ruminococcus sp. FMB-CY1",1531,9.63717818135306e-05,2555.2,0.00016084005133116
93974,"Bacteroides sp. AR20",1521,9.57423123046245e-05,1562.1,9.83297711907783e-05
1502,"Clostridium perfringens",1487,9.36021159743436e-05,1633,0.000102792919550919
103621,"Actinomyces urogenitalis",1485,9.34762220725623e-05,1485,9.34777669498968e-05
1650661,"Clostridium phoceensis",1478,9.3035593416328e-05,1685.6,0.000106105565419556
2981769,"Waltera acetigignens",1472,9.26579117109844e-05,1429.6,8.99869947108351e-05
2500819,"Skunavirus MV10L",1459,9.18396013494064e-05,1476.6,9.29459732589875e-05
342942,"Mediterraneibacter glycyrrhizinilyticus",1451,9.13360257422815e-05,1454.5,9.15534413501655e-05
536633,"Blautia glucerasea",1422,8.95105641664536e-05,1542.6,9.7099690941109e-05
1541883,"Jilinvirus ep3",1398,8.79998373450789e-05,1398,8.79998525572626e-05
2562174,"Bimevirus IME346",1395,8.78109964924071e-05,1396.1,8.7882616702334e-05
2293003,"Clostridium sp. AF21-20LB",1373,8.64261635728135e-05,1648.6,0.000103774960562213
2292931,"Bacteroides sp. AF34-31BH",1368,8.61114288183605e-05,1295.9,8.15756789891313e-05
1262980,"Veillonella sp. CAG:933",1368,8.61114288183605e-05,1410.7,8.88010249337804e-05
1604356,"Gamaleyavirus ECBP1",1360,8.56078532112356e-05,1346.2,8.47403849406283e-05
1982626,"Faecalibacillus intestinalis",1358,8.54819593094543e-05,1367.5,8.60773800533189e-05
60171,"Penicillium verrucosum",1350,8.49783837023294e-05,1349.1,8.49235464626618e-05
698487,"Kagunavirus K1H",1304,8.20828239613611e-05,1251.7,7.87905669116877e-05
188913,"Cetobacterium somerae",1293,8.13904075015644e-05,1294.1,8.14571122218448e-05
1604355,"Suseptimavirus ECBP2",1265,7.96278928766272e-05,1337,8.4162310804957e-05
2049025,"Flavonifractor sp.",1194,7.51586593633936e-05,1207,7.59793286950938e-05
331117,"Aspergillus fischeri",1191,7.49698185107217e-05,1067.9,6.72192912301066e-05
1675602,"Moonvirus merlin",1148,7.22630996224253e-05,1134.6,7.14208913109889e-05
2163605,"Wroclawvirus PA5oct",1144,7.20113118188628e-05,1144,7.20113118188641e-05
2109687,"Oscillibacter sp. PEA192",1142,7.18854179170816e-05,1548,9.74417413696147e-05
2488596,"Dhillonvirus PNS1",1136,7.15077362117379e-05,982.3,6.18351176600239e-05
1354,"Enterococcus hirae",1114,7.01229032921444e-05,1118.5,7.04040481927512e-05
532075,"Kayfunavirus EcoDS1",1081,6.80456539127541e-05,1085.3,6.83171734835031e-05
2292357,"Faecalibacterium sp. OM04-11BH",1059,6.66608209931606e-05,1167.4,7.34870368865803e-05
1689270,"Intestinimonas timonensis",1053,6.62831392878169e-05,1073.6,6.75780685380503e-05
1151113,"Mycobacterium tuberculosis",1029,6.47724124664422e-05,939.6,5.91445740904609e-05
2029667,"Skunavirus sv57001",1028,6.47094655155516e-05,1172.2,7.37880238532626e-05
29391,"Gemella morbillorum",1025,6.45206246628797e-05,1024.1,6.44663819037975e-05
1929886,"Eggerthella sp.",1024,6.44576777119891e-05,1361,8.5671703562128e-05
2997950,"Coprococcus sp. AM11-30B",1013,6.37652612521924e-05,983.8,6.1926141261121e-05
3438912,"Blautia sp. HCP3S3_D9",1006,6.33246325959581e-05,961.4,6.05191603064172e-05
2293129,"Roseburia sp. AF20-18LB",1003,6.31357917432862e-05,926.4,5.83110422849175e-05
2003188,"Parolsenella catena",984,6.19397996763645e-05,984,6.19394424683538e-05
1940789,"Lactococcus petauri",975,6.1373277118349e-05,974,6.13100202250547e-05
28139,"Rikenella microfusus",963,6.06179137076616e-05,868.2,5.46534792714054e-05
3133035,"Zongyangia sp. HA2173",960,6.04290728549898e-05,1010.5,6.36101199184814e-05
3078042,"Pilosibacter fragilis",940,5.91701338371775e-05,993.3,6.25281938730178e-05
3567997,"unknown genome; accession ID isNZ_CM136898.1",940,5.91701338371775e-05,969.2,6.10096652160154e-05
1930076,"Leuconostoc sp.",930,5.85406643282714e-05,875.4,5.51029174428594e-05
1981500,"Vequintavirus V18",924,5.81629826229277e-05,924,5.81634258859015e-05
2293051,"Clostridium sp. TF06-15AC",897,5.64634149488811e-05,1001.4,6.30343460625736e-05
2949656,"Barnesiella sp. B2-R-119",892,5.6148680194428e-05,865.6,5.44892138841308e-05
2986996,"Ruminococcus sp. 1001136sp1",890,5.60227862926468e-05,846.4,5.32758434325904e-05
2863832,"Escherichia phage vB_EcoS-phiEc3",887,5.5833945439975e-05,1021,6.42671187576181e-05
53346,"Enterococcus mundtii",884,5.56451045873031e-05,884.5,5.5678961155977e-05
2709718,"Blautia sp. MSK.20.85",873,5.49526881275064e-05,774.7,4.8762341971835e-05
1841865,"Mediterranea massiliensis",867,5.45750064221627e-05,828.1,5.21274548770488e-05
1675603,"Mooglevirus mordin",858,5.40084838641471e-05,858,5.40084838641481e-05
1599,"Latilactobacillus sakei",853,5.36937491096941e-05,855.1,5.38245517359211e-05
2584648,"Faecalibacterium sp. BIOML-A4",841,5.29383856990067e-05,750.3,4.72290485755589e-05
1572753,"Berlinvirus P483",840,5.28754387481161e-05,855.3,5.38411682795118e-05
261299,"Intestinibacter bartlettii",836,5.26236509445536e-05,836.9,5.26800873344798e-05
2293117,"Parabacteroides sp. AF39-10AC",814,5.12388180249601e-05,1030.5,6.48636858606649e-05
1703332,"Butyribacter intestini",796,5.0105772908929e-05,749.9,4.72027676076259e-05
2293174,"Ruminococcus sp. AF31-8BH",761,4.79026296277575e-05,697.4,4.39017043502215e-05
2293032,"Clostridium sp. AM43-3BH",750,4.72102131679608e-05,920.1,5.7916174546743e-05
360807,"Roseburia inulinivorans",749,4.71472662170702e-05,881.7,5.54992475495088e-05
457393,"Bacteroides sp. 4_1_36",743,4.67695845117265e-05,908.5,5.71901357070334e-05
1933774,"Loudonvirus EC3a",733,4.61401150028203e-05,733,4.61401150028212e-05
2580425,"Faecalibacterium sp. Marseille-P9312",731,4.60142211010391e-05,828.6,5.21600682245044e-05
46228,"[Ruminococcus] lactaris",726,4.5699486346586e-05,825.2,5.1945677562966e-05
3030638,"Faecalibacterium taiwanense",724,4.55735924448048e-05,922.4,5.80612359789807e-05
2986405,"Kahnovirus copri",716,4.50700168376799e-05,716,4.50700168376807e-05
2836105,"Dhillonvirus sponge",708,4.4566441230555e-05,867.3,5.45961970704082e-05
310298,"Phocaeicola coprocola",678,4.26780327038365e-05,745,4.68947299080545e-05
61647,"Pluralibacter gergoviae",675,4.24891918511647e-05,674.5,4.24559839505953e-05
2182345,"Tequintavirus gostya9",663,4.17338284404773e-05,787.7,4.95829340145753e-05
3053355,"Streptococcus raffinosi",652,4.10414119806806e-05,596.8,3.75644442598215e-05
2885687,"Escherichia phage NTEC3",640,4.02860485699932e-05,888.3,5.59153269023216e-05
2518605,"Segatella hominis",632,3.97824729628683e-05,770.7,4.8513866741373e-05
2293144,"Roseburia sp. TF10-5",620,3.90271095521809e-05,591.7,3.72457178951232e-05
2584646,"Faecalibacterium sp. BIOML-A2",601,3.78311174852592e-05,663.7,4.17767567709087e-05
3680479,"unknown genome; accession ID isNZ_JBWQEV010000001.1",599,3.7705223583478e-05,634.4,3.99306612661419e-05
3029762,"Bacillus sp. 159",598,3.76422766325874e-05,611.2,3.84706223195492e-05
384639,"Bacteroides galacturonicus",577,3.63203906638845e-05,647.6,4.07653683665727e-05
2817021,"Faecalibacterium sp. Marseille-Q4137",575,3.61944967621033e-05,707.4,4.45312308339452e-05
1280,"Staphylococcus aureus",563,3.54391333514159e-05,699,4.40024625119578e-05
2817019,"Faecalibacterium sp. Marseille-Q0746",561,3.53132394496347e-05,583.2,3.67112668157388e-05
2963958,"Citrobacter sp. Igbk 16",555,3.4935557744291e-05,507,3.19122696027069e-05
2787098,"Clostridium sp. J1101437_171009_A5",550,3.46208229898379e-05,551.7,3.47262263507856e-05
2606636,"Bilifractor porci",549,3.45578760389473e-05,564.7,3.5544653267784e-05
387661,"Parabacteroides johnsonii",531,3.34248309229162e-05,496.7,3.12642990349045e-05
239935,"Akkermansia muciniphila",530,3.33618839720256e-05,526.2,3.3123420610301e-05
1965293,"Intestinimonas sp.",528,3.32359900702444e-05,526,3.31123453740401e-05
2652286,"Sharpea porci",520,3.27324144631195e-05,533.6,3.35901224608588e-05
1495285,"Tequatrovirus e112",514,3.23547327577758e-05,557.8,3.51122468511747e-05
2817017,"Faecalibacterium sp. Marseille-P9590",511,3.21658919051039e-05,530.1,3.33705993921365e-05
28026,"Bifidobacterium pseudocatenulatum",511,3.21658919051039e-05,510.8,3.21551462183398e-05
293939,"Aspergillus lentulus",511,3.21658919051039e-05,631.6,3.97568629259657e-05
2762566,"Streptococcus sp. 21.1",506,3.18511571506509e-05,356.8,2.24612169485382e-05
538949,"uncultured Alistipes sp.",500,3.14734754453072e-05,628.5,3.95631065130194e-05
2029662,"Skunavirus sv38503",496,3.12216876417447e-05,527.9,3.3230748130855e-05
3143057,"Blautia sp. 2227st1_G12_2227SCRN_220401",496,3.12216876417447e-05,466.9,2.93904921993737e-05
1211280,"Tulanevirus ime13",495,3.11587406908541e-05,495,3.11587406908547e-05
2498453,"Geminicoccus harenae",491,3.09069528872917e-05,591.8,3.72541554038701e-05
2508185,"Dhillonvirus PTXU06",471,2.96480138694794e-05,572.7,3.6051642691846e-05
2584559,"Akkermansia sp. BIOML-A3",450,2.83261279007765e-05,434.9,2.73729250003534e-05
2292346,"Dorea sp. AM58-8",428,2.6941294981183e-05,530.6,3.33988081903758e-05
1851427,"Faecalibacterium butyricigenerans",426,2.68154010794017e-05,402.1,2.53109853643989e-05
2591382,"Dysosmobacter sp.",423,2.66265602267299e-05,461.7,2.90641134396981e-05
2841533,"Kineothrix sp. MSJ-39",420,2.6437719374058e-05,424.6,2.67286678180383e-05
10843,"Gequatrovirus G4",418,2.63118254722768e-05,418,2.63118254722773e-05
2302957,"Faecalibacterium sp. AM43-5AT",413,2.59970907178237e-05,455,2.8643868936408e-05
2883231,"Mediterraneibacter sp. 210702-DFI.3.120",412,2.59341437669331e-05,549.8,3.46075386133801e-05
2986398,"Jahgtovirus intestinalis",399,2.51158334053551e-05,399,2.51158334053556e-05
1596,"Lactobacillus gasseri",398,2.50528864544645e-05,398.7,2.50964790853004e-05
2293160,"Ruminococcus sp. AF20-12LB",397,2.49899395035739e-05,425.3,2.67714606213367e-05
1511882,"Bocaparvovirus primate2",368,2.31644779277461e-05,368,2.31644779277465e-05
2763027,"Blautia difficilis",365,2.29756370750742e-05,406.9,2.56122370287992e-05
2049040,"Roseburia sp.",362,2.27867962224024e-05,586.7,3.69323594289408e-05
1141139,"Vectrevirus ACGC91",360,2.26609023206212e-05,360,2.26609083317366e-05
3380806,"Coprococcus sp. OB7620",359,2.25979553697306e-05,425.2,2.67635319124473e-05
371601,"Bacteroides xylanisolvens",358,2.25350084188399e-05,414.2,2.60737622935214e-05
1920491,"Pseudomonas sp. FSL W5-0203",352,2.21573267134963e-05,391.5,2.464616948237e-05
338102,"Alphatrevirus ID32",351,2.20943797626056e-05,349,2.1969447476594e-05
1852563,"Vilniusvirus NBD2",344,2.16537511063713e-05,343.2,2.16008309146061e-05
1511807,"Rosavirus acaliforni",344,2.16537511063713e-05,344,2.16537511063717e-05
329854,"Bacteroides intestinalis",335,2.10872285483558e-05,380.3,2.39366342055812e-05
2033407,"Barnesiella sp.",333,2.09613346465746e-05,351.8,2.21476134844428e-05
1559,"Clostridium tertium",321,2.02059712358872e-05,321,2.02049230554358e-05
1297617,"Intestinimonas butyriciproducens",319,2.0080077334106e-05,317.2,1.9966436924267e-05
1653435,"Merdimonas faecis",319,2.0080077334106e-05,364.1,2.29193662676591e-05
3438901,"Bariatricus sp. HCP28S3_D3",318,2.00171303832154e-05,321.1,2.02108564214674e-05
585543,"Bacteroides sp. D20",317,1.99541834323248e-05,445.4,2.80340900808646e-05
NA,"unknown genome; accession ID isNZ_CALIRI010000006.1",317,1.99541834323248e-05,314.2,1.97766537037899e-05
2892404,"Vescimonas sp.",311,1.95765017269811e-05,336.6,2.11857605843505e-05
2292961,"Blautia sp. AF19-10LB",307,1.93247139234186e-05,304.9,1.91936575327717e-05
2883263,"Blautia sp. 210820-DFI.6.14",304,1.91358730707468e-05,306.9,1.93212321263476e-05
169435,"Anaerotruncus colihominis",303,1.90729261198562e-05,303.3,1.90938696870348e-05
2897708,"Mediterraneibacter sp. NSJ-151",303,1.90729261198562e-05,309.5,1.94843116603283e-05
1448317,"Aspergillus costaricensis",298,1.87581913654031e-05,279.8,1.76143721190104e-05
1965472,"Audreyjarvisvirus AM4",298,1.87581913654031e-05,298,1.87581913654034e-05
2212480,"Blautia sp. BCRC 81119",292,1.83805096600594e-05,342.5,2.15567141846942e-05
3133172,"Alistipes intestinihominis",288,1.81287218564969e-05,263.8,1.6603568182727e-05
2292993,"Clostridium sp. AF02-29",282,1.77510401511533e-05,320.7,2.01845433960816e-05
268346,"Penicillium mononematosum",281,1.76880932002626e-05,277.6,1.74711336919785e-05
3114282,"Streptococcus parasalivarius",274,1.72474645440283e-05,303.7,1.91192586500769e-05
1839799,"Streptococcus sp. FDAARGOS_192",271,1.70586236913565e-05,204.9,1.29009151548705e-05
2508187,"Dhillonvirus WF1",271,1.70586236913565e-05,283.1,1.7818312728904e-05
198,"Campylobacter hyointestinalis",267,1.6806835887794e-05,268.8,1.69195272397637e-05
2315629,"Tlsvirus blueshaddow",264,1.66179950351222e-05,263.8,1.66063217157718e-05
3014267,"Agathobaculum massiliense",260,1.63662072315597e-05,264,1.66202425646818e-05
2853091,"Gamaleyavirus U1g",260,1.63662072315597e-05,268.8,1.69173622214366e-05
60172,"Penicillium solitum",257,1.61773663788879e-05,233.3,1.46838032059377e-05
682382,"HMO Astrovirus A",257,1.61773663788879e-05,257,1.61773663788882e-05
2293123,"Parabacteroides sp. OF01-14",257,1.61773663788879e-05,266.7,1.6789966546995e-05
1527506,"Teseptimavirus CICC80001",256,1.61144194279973e-05,256.5,1.61447721783276e-05
3438910,"Blautia sp. HCP3S3_C12",255,1.60514724771067e-05,255.9,1.61089460384056e-05
166486,"Roseburia intestinalis",254,1.59885255262161e-05,324.6,2.04295619360539e-05
745368,"Gemmiger formicilis",246,1.54849499190911e-05,247.4,1.55750576066995e-05
658662,"Parabacteroides sp. D26",239,1.50443212628568e-05,258.9,1.62940903073774e-05
858632,"Streptomyces sp. JV178",239,1.50443212628568e-05,217.3,1.36805556598666e-05
2292287,"Blautia sp. OF03-15BH",234,1.47295865084038e-05,234.5,1.47637230201745e-05
317735,"Enterococcus caccae",226,1.42260109012788e-05,226,1.42260109012791e-05
76857,"Fusobacterium polymorphum",225,1.41630639503882e-05,224.9,1.41578382730583e-05
2824910,"Heyndrickxia faecalis",224,1.41001169994976e-05,224,1.41001169994979e-05
2293250,"Veillonella sp. AF13-2",219,1.37853822450445e-05,233.3,1.4683437205972e-05
1969173,"Blautia sp. LMAG:89",215,1.35335944414821e-05,250.2,1.57499748264012e-05
1851428,"Faecalibacterium longum",214,1.34706474905915e-05,344.2,2.16662285353705e-05
2584624,"Blautia sp. BIOML-A1",211,1.32818066379196e-05,202.3,1.27330192959033e-05
3402107,"Faecalibacterium sp. 3",208,1.30929657852478e-05,234.6,1.47700509590039e-05
133448,"Citrobacter youngae",203,1.27782310307947e-05,209,1.31529602762866e-05
158836,"Enterobacter hormaechei",196,1.23376023745604e-05,193.6,1.21870214795442e-05
1096246,"Hungatella effluvii",192,1.2085814570998e-05,190.9,1.20184270292475e-05
154046,"Hungatella hathewayi",189,1.18969737183261e-05,179.5,1.12991462986123e-05
2040332,"Dorea sp.",186,1.17081328656543e-05,188.4,1.18563962232636e-05
657323,"Ruminococcus sp. SR1/5",186,1.17081328656543e-05,201.4,1.26777244652132e-05
2763025,"Bacteroides parvus",184,1.1582238963873e-05,198.3,1.24815060396608e-05
2890409,"Candidatus Nitrotoga sp. M5",183,1.15192920129824e-05,208.1,1.31015186526293e-05
28117,"Alistipes putredinis",183,1.15192920129824e-05,209.1,1.31592386879054e-05
1788294,"Kayfunavirus 101118UKE1",183,1.15192920129824e-05,202,1.2712228857584e-05
1329832,"Enterobacter roggenkampii",182,1.14563450620918e-05,185.7,1.16902255475689e-05
2981789,"Dorea amylophila",182,1.14563450620918e-05,190.2,1.19694321585875e-05
397865,"Barnesiella viscericola",181,1.13933981112012e-05,250.3,1.57532556218119e-05
1776384,"Emergencia timonensis",181,1.13933981112012e-05,182.3,1.14757393641492e-05
2736295,"Prevotella sp. PTAC",180,1.13304511603106e-05,172.8,1.08743293151768e-05
1540095,"Moonvirus moon",180,1.13304511603106e-05,193.4,1.21726594717484e-05
1203539,"Deltapolyomavirus decihominis",178,1.12045572585294e-05,178,1.12045572585296e-05
2762573,"Streptococcus sp. 2.1",176,1.10786633567481e-05,186.1,1.17116892762285e-05
1969738,"Butyricimonas sp.",171,1.07639286022951e-05,164.2,1.03330347142053e-05
3420949,"Kitasatospora sp. LaBMicrA B282",167,1.05121407987326e-05,150.3,9.45988630268768e-06
2903556,"Faecalibacterium gallinarum",166,1.0449193847842e-05,172.1,1.08349051320655e-05
126998,"Penicillium bovifimosum",164,1.03232999460608e-05,155.1,9.76358984342008e-06
NA,"unknown genome; accession ID isNZ_CALIRI010000080.1",163,1.02603529951701e-05,147.9,9.3124874225401e-06
1681,"Bifidobacterium bifidum",161,1.01344590933889e-05,158.4,9.9684134085734e-06
2929493,"Faecalibacterium sp. I3-3-89",159,1.00085651916077e-05,165.2,1.04007955542317e-05
2883208,"Dorea sp. 210702-DFI.3.17",159,1.00085651916077e-05,158.1,9.95334862839026e-06
2885348,"Hominifimenecus microfluidus",156,9.81972433893584e-06,167.8,1.05627734862285e-05
2949657,"Parabacteroides sp. B2-S-102",156,9.81972433893584e-06,196.8,1.23868442004365e-05
2997952,"Coprococcus sp. TM115-187",156,9.81972433893584e-06,187.2,1.1782022654498e-05
225992,"Comamonas kerstersii",155,9.75677738804523e-06,155,9.7567795896364e-06
3143207,"Coprococcus sp. RTP21204st1_G4_RTP21204_210225",155,9.75677738804523e-06,156.4,9.84589841290937e-06
1768767,"Streptococcus sp. CCH8-H5",153,9.630883486264e-06,185.2,1.16555073604677e-05
2292368,"Roseburia sp. OM02-15",152,9.56793653537339e-06,153.2,9.64162421049168e-06
2086273,"Subdoligranulum sp. APC924/74",151,9.50498958448277e-06,152.4,9.59299731937613e-06
3420550,"Bariatricus sp. SGI.161",151,9.50498958448277e-06,165.5,1.04204240973317e-05
75553,"Aspergillus viridinutans",149,9.37909568270154e-06,144.1,9.07139773750303e-06
1297123,"Mycobacterium leprae",148,9.31614873181093e-06,149.2,9.39475649556893e-06
2448031,"Ruminococcus sp. B05",148,9.31614873181093e-06,129.6,8.15785979969628e-06
2713279,"Epseptimavirus bastian",147,9.25320178092031e-06,133.5,8.4016934591515e-06
89139,"Rasamsonia byssochlamydoides",145,9.12730787913908e-06,144.8,9.11545000211967e-06
581037,"Pbunavirus pv141",143,9.00141397735786e-06,143,9.00141397735801e-06
2293015,"Clostridium sp. AF36-4",141,8.87552007557663e-06,145.1,9.13587308754917e-06
2986411,"Cohcovirus splanchnicus",141,8.87552007557663e-06,156.7,9.86521369513707e-06
2849168,"Bacteroides sp. MSK.17.76",137,8.62373227201417e-06,149,9.37971194171152e-06
1078089,"Bacteroides sp. HPS0048",136,8.56078532112355e-06,131.8,8.29572008940259e-06
1579339,"Streptococcus sp. 449_SSPC",136,8.56078532112355e-06,183.9,1.15789981113038e-05
2021311,"Agathobacter sp.",134,8.43489141934233e-06,145.7,9.17330954358402e-06
40994,"Penicillium hordei",134,8.43489141934233e-06,146.4,9.21827837143241e-06
2292248,"Ruminococcus sp. AF17-22AC",134,8.43489141934233e-06,126.4,7.95395419254016e-06
1308,"Streptococcus thermophilus",132,8.3089975175611e-06,148.7,9.35851423492875e-06
1318,"Streptococcus parasanguinis",132,8.3089975175611e-06,141.6,8.91273600694194e-06
408139,"Leptospira kmetyi",132,8.3089975175611e-06,194.2,1.2221542581857e-05
1750560,"Parabacteroides massiliensis",132,8.3089975175611e-06,124.5,7.83764061380298e-06
626930,"Bacteroides fluxus",131,8.24605056667048e-06,142.6,8.97858344703823e-06
2293103,"Eubacterium sp. AF15-50",131,8.24605056667048e-06,139.8,8.80029724671944e-06
1309,"Streptococcus mutans",128,8.05720971399864e-06,128.1,8.06110045617467e-06
36651,"Penicillium digitatum",128,8.05720971399864e-06,144.9,9.12111962064107e-06
78346,"Bifidobacterium ruminantium",127,7.99426276310803e-06,128.1,8.06302314717122e-06
1897495,"Phapecoctavirus ESCO5",127,7.99426276310803e-06,128.5,8.08947495370948e-06
1739381,"Streptococcus sp. HMSC072D03",127,7.99426276310803e-06,135.4,8.52291472619967e-06
1358,"Lactococcus lactis",126,7.93131581221741e-06,153.1,9.63878437171937e-06
2589652,"Henuseptimavirus henu7",126,7.93131581221741e-06,127,7.99590932333384e-06
2815806,"Waltera sp.",125,7.8683688613268e-06,99,6.23106870595664e-06
2316726,"Corallococcus sicarius",125,7.8683688613268e-06,106,6.67187899310261e-06
1882272,"Penicillium samsonianum",124,7.80542191043618e-06,128.9,8.1156469865886e-06
2957767,"Vibrio sp. Y28_XK_CS4",123,7.74247495954557e-06,122.9,7.73438965694973e-06
3133175,"Blautia caccae",123,7.74247495954557e-06,129.9,8.17397100063475e-06
2763023,"Bacteroides hominis",122,7.67952800865495e-06,144.5,9.09878043247633e-06
NA,"unknown genome; accession ID isNZ_CALIRI010000050.1",121,7.61658105776434e-06,120.9,7.60958624058512e-06
2789016,"Qubevirus durum",119,7.49068715598311e-06,119,7.49068715598324e-06
2592644,"Clostridium sp. MCC344",119,7.49068715598311e-06,107.6,6.77094719367934e-06
411483,"Faecalibacterium duncaniae",119,7.49068715598311e-06,127.8,8.04182039785544e-06
1261,"Peptostreptococcus anaerobius",114,7.17595240153004e-06,113.8,7.16540697056302e-06
3402017,"Faecalibacterium sp. 7",113,7.11300545063942e-06,142.5,8.97028255322293e-06
1965550,"Faecalibacterium sp. An121",113,7.11300545063942e-06,113,7.11325239344651e-06
2025876,"Parabacteroides sp. CT06",113,7.11300545063942e-06,128.2,8.06823202665315e-06
1296538,"Lactiplantibacillus mudanjiangensis",112,7.05005849974881e-06,101.6,6.39515167408301e-06
1463164,"Klebsiella quasipneumoniae",110,6.92416459796758e-06,110.3,6.94261112377905e-06
1965294,"Collinsella sp.",109,6.86121764707697e-06,141,8.87472436029578e-06
716544,"Waddlia chondrophila",109,6.86121764707697e-06,113.8,7.16139789212833e-06
1871018,"Angelakisella massiliensis",109,6.86121764707697e-06,111.1,6.99414147701143e-06
84112,"Eggerthella lenta",106,6.67237679440512e-06,110.8,6.97437622648029e-06
864178,"Clostridium phage phiCD6356",106,6.67237679440512e-06,106,6.67226459130105e-06
2293100,"Dorea sp. OM07-5",103,6.48353594173328e-06,103.9,6.53904130882581e-06
2292356,"Faecalibacterium sp. OF03-6AC",102,6.42058899084267e-06,106.8,6.72064683997818e-06
2058896,"Arthrobacter sp. SX1312",102,6.42058899084267e-06,80.2,5.04774321900546e-06
2080749,"Dorea sp. Marseille-P4042",100,6.29469508906144e-06,103.7,6.52822671019364e-06
116085,"Coprococcus catus",98,6.16880118728021e-06,105.9,6.66382053253413e-06
213774,"Skunavirus P475",97,6.10585423638959e-06,97.7,6.15133775006919e-06
1664069,"Bacillus glycinifermentans",96,6.04290728549898e-06,96,6.04289400272964e-06
2447885,"Bacteroides faecalis",96,6.04290728549898e-06,102.6,6.4601982365937e-06
3438735,"Agathobaculum sp. LCP25S3_E8",95,5.97996033460837e-06,119.7,7.53193597065702e-06
2086583,"Pseudoruminococcus massiliensis",95,5.97996033460837e-06,98.6,6.20932500248199e-06
665943,"Eggerthella sp. 1_3_56FAA",95,5.97996033460837e-06,107.1,6.73959454788372e-06
2293025,"Clostridium sp. AM27-28",95,5.97996033460837e-06,94.7,5.95935577309634e-06
209559,"Aspergillus alliaceus",94,5.91701338371775e-06,94,5.91904803220316e-06
2292972,"Blautia sp. AM28-10",92,5.79111948193652e-06,124.6,7.84470402883268e-06
647910,"Listeria rocourtiae",92,5.79111948193652e-06,91.1,5.73280244931226e-06
2986396,"Kingevirus communis",92,5.79111948193652e-06,92,5.79111948193662e-06
477641,"Modestobacter marinus",92,5.79111948193652e-06,100.7,6.33634886374176e-06
2584599,"Akkermansia sp. BIOML-A43",90,5.66522558015529e-06,104.2,6.56125006286928e-06
1869337,"Parabacteroides sp.",89,5.60227862926468e-06,82.8,5.20958264271071e-06
2763017,"Anaerosacchariphilus hominis",89,5.60227862926468e-06,82,5.15886275306953e-06
1391223,"Gamaleyavirus APEC7",89,5.60227862926468e-06,94,5.91859190999697e-06
3159658,"Salmonella sp. s52026",88,5.53933167837407e-06,107.8,6.78384429997793e-06
406425,"Burkholderia orbicola",87,5.47638472748345e-06,93,5.85653321567273e-06
39496,"Eubacterium ventriosum",87,5.47638472748345e-06,98,6.16575689565703e-06
1517512,"Aspergillus pseudoviridinutans",87,5.47638472748345e-06,82.6,5.19929520535108e-06
29523,"Bacteroides sp.",86,5.41343777659284e-06,85,5.34812206897212e-06
2824767,"Pantoea sp. GbtcB22",86,5.41343777659284e-06,86.5,5.44773678978272e-06
1448310,"Aspergillus neoniger",86,5.41343777659284e-06,98.8,6.21980757981873e-06
1639133,"Citrobacter portucalensis",85,5.35049082570222e-06,82.8,5.2138146080794e-06
2762571,"Streptococcus sp. 9.1",85,5.35049082570222e-06,89.6,5.63971022602073e-06
45133,"Lasiodiplodia theobromae",85,5.35049082570222e-06,72.7,4.57667528227553e-06
1531,"Enterocloster clostridioformis",84,5.28754387481161e-06,82.6,5.20081725027048e-06
1720200,"Anaerotruncus rubiinfantis",84,5.28754387481161e-06,90.4,5.69046445740539e-06
2305483,"Ceduovirus blBB94p4",84,5.28754387481161e-06,83.2,5.2393466998548e-06
3695678,"unknown genome; accession ID isNZ_JBWLUQ010000001.1",84,5.28754387481161e-06,88.4,5.56534639581567e-06
2789289,"Amycolatopsis sp. lyj-346",83,5.22459692392099e-06,91.3,5.74515343946126e-06
5083,"Penicillium canescens",82,5.16164997303038e-06,84.5,5.31957402491405e-06
1776379,"Leyella lascolaii",82,5.16164997303038e-06,92,5.78926013294119e-06
3025328,"Pseudoalteromonas sp. CST3",81,5.09870302213976e-06,78.1,4.91354785336404e-06
1739483,"Streptococcus sp. HMSC078H12",80,5.03575607124915e-06,96.9,6.09818533573247e-06
469591,"Parabacteroides sp. 20_3",79,4.97280912035854e-06,79.4,4.99944926596875e-06
1003335,"Kluyveromyces marxianus",79,4.97280912035854e-06,71.4,4.49477035674738e-06
2841517,"Blautia sp. MSJ-19",78,4.90986216946792e-06,79.4,4.9964339271659e-06
626933,"Odoribacter laneus",78,4.90986216946792e-06,81.4,5.12281628322629e-06
2292936,"Bacteroides sp. AF39-16AC",77,4.84691521857731e-06,79.2,4.98563552303948e-06
2017081,"Human fecal virus Jorvi2",75,4.72102131679608e-06,75,4.72102131679616e-06
2316720,"Corallococcus interemptor",74,4.65807436590546e-06,80.2,5.05060372803563e-06
357441,"Enterococcus lactis",73,4.59512741501485e-06,73.1,4.60040264457829e-06
1653434,"Sellimonas intestinalis",73,4.59512741501485e-06,76.9,4.8399324219533e-06
683174,"Astrovirus VA3",73,4.59512741501485e-06,73,4.59512741501493e-06
1905700,"Brucella sp. CMUL 036",73,4.59512741501485e-06,72.3,4.55162766349923e-06
2320086,"Parabacteroides sp. CH2-D42-20",72,4.53218046412424e-06,76.7,4.82993233399093e-06
2492962,"Tunavirus T1",72,4.53218046412424e-06,72,4.53218046412431e-06
2883209,"Enterocloster sp. 210928-DFI.2.20",71,4.46923351323362e-06,71.4,4.49265885423894e-06
2358141,"Anaerotignum faecicola",71,4.46923351323362e-06,98.3,6.18705985233989e-06
2885262,"Blautia sp. DFI.6.71",70,4.40628656234301e-06,65.8,4.14256432295272e-06
2931882,"Blautia sp. NSJ-166",70,4.40628656234301e-06,116.1,7.30957025636685e-06
672,"Vibrio vulnificus",69,4.34333961145239e-06,69.7,4.39035334255508e-06
2592642,"Clostridium sp. MCC328",69,4.34333961145239e-06,71.3,4.48832992958019e-06
2927224,"Akkermansia massiliensis",69,4.34333961145239e-06,69.4,4.37151022639994e-06
2292955,"Bacteroides sp. AM54-2NS",68,4.28039266056178e-06,72.1,4.53763485672202e-06
1852384,"Massiliimalia massiliensis",68,4.28039266056178e-06,58.1,3.65730290713367e-06
1263636,"Microbacterium kyungheense",68,4.28039266056178e-06,69.9,4.39767780165151e-06
743300,"Circovirus eniyan",68,4.28039266056178e-06,68,4.28039266056185e-06
2773926,"Phocaeicola sp.",66,4.15449875878055e-06,60.2,3.78840693750538e-06
2714735,"Hanrivervirus PGN590",66,4.15449875878055e-06,66,4.15449875878062e-06
3133164,"Hominiventricola aquisgranensis",66,4.15449875878055e-06,73.5,4.6236888668112e-06
2949661,"Parabacteroides sp. B2-Q-110",66,4.15449875878055e-06,66.2,4.16399325857579e-06
3469800,"unknown genome; accession ID isNZ_CM132206.1",66,4.15449875878055e-06,63.2,3.97683815937251e-06
2954513,"Streptococcus sp. FSL K6-1323",66,4.15449875878055e-06,65.4,4.11730611368382e-06
1033732,"Alistipes senegalensis",65,4.09155180788993e-06,73.9,4.65064965620144e-06
1346893,"Scuticavirus SMA6",65,4.09155180788993e-06,64.9,4.08753660235738e-06
91492,"Aspergillus udagawae",64,4.02860485699932e-06,66.7,4.19776323417782e-06
2763059,"Pseudoflavonifractor hominis",62,3.90271095521809e-06,63.2,3.98047269937309e-06
2603894,"Methylobacterium sp. WL64",61,3.83976400432748e-06,64.6,4.06662020795189e-06
1161417,"Streptococcus sp. SR4",61,3.83976400432748e-06,77.6,4.88183840577315e-06
352165,"Pyramidobacter piscolens",61,3.83976400432748e-06,61,3.84283233636498e-06
2883207,"Dorea sp. 210702-DFI.3.125",61,3.83976400432748e-06,61.8,3.88709833484898e-06
1965305,"Terrisporobacter sp.",61,3.83976400432748e-06,61,3.8421201025741e-06
2774852,"Enterococcus sp. DIV0802",61,3.83976400432748e-06,61,3.84036819493875e-06
69789,"Penicillium soppii",60,3.77681705343686e-06,60.9,3.83405239073916e-06
2994035,"Sellimonas catena",60,3.77681705343686e-06,61,3.840320017148e-06
1343,"Streptococcus vestibularis",60,3.77681705343686e-06,70.3,4.42677501105341e-06
41047,"Aspergillus thermomutatus",60,3.77681705343686e-06,66.4,4.17777679650089e-06
3088696,"Pseudomonas sp. EL_65y_Pfl1_R32",60,3.77681705343686e-06,66.4,4.18109924890054e-06
2293231,"Ruminococcus sp. OM04-4AA",60,3.77681705343686e-06,59.3,3.73569678246083e-06
2763672,"Simiaoa sunii",58,3.65092315165563e-06,83.1,5.23169702115114e-06
338106,"Alphatrevirus NC28",58,3.65092315165563e-06,60,3.7758558481189e-06
2732864,"Modestobacter italicus",58,3.65092315165563e-06,76.3,4.80448467258092e-06
33035,"Blautia producta",57,3.58797620076502e-06,57,3.58720531320312e-06
39490,"Eubacterium ramulus",55,3.46208229898379e-06,62.1,3.90750048719806e-06
2585119,"Alistipes dispar",55,3.46208229898379e-06,52.6,3.3141360812931e-06
286142,"uncultured Catenibacterium sp.",55,3.46208229898379e-06,55.4,3.48698718133909e-06
2913502,"Corynebacterium hesseae",55,3.46208229898379e-06,53.9,3.39538176134002e-06
2965274,"Blautia sp. MSK.18.38",55,3.46208229898379e-06,49.3,3.10050029818747e-06
1328,"Streptococcus anginosus",54,3.39913534809318e-06,47.2,2.96868518327256e-06
3376993,"Vescimonas sanitatis",54,3.39913534809318e-06,55.3,3.48176479708801e-06
2919919,"Atopomonas sediminilitoris",54,3.39913534809318e-06,74,4.65914036610635e-06
1448311,"Aspergillus vadensis",53,3.33618839720256e-06,55.5,3.49517024750395e-06
2293013,"Clostridium sp. AF35-15",53,3.33618839720256e-06,55.6,3.49920495706566e-06
1685,"Bifidobacterium breve",52,3.27324144631195e-06,54.4,3.42193150558619e-06
137591,"Weissella cibaria",51,3.21029449542133e-06,50.6,3.18629368676315e-06
2998082,"Allofournierella sp. CML151",51,3.21029449542133e-06,74.3,4.67793332866509e-06
2774780,"Enterococcus sp. DIV0733a",51,3.21029449542133e-06,51,3.21039611856113e-06
178001,"Leuconostoc inhae",51,3.21029449542133e-06,48.1,3.02834672329159e-06
2592647,"Pseudoflavonifractor sp. MCC625",51,3.21029449542133e-06,51.8,3.26330824964025e-06
28111,"Bacteroides eggerthii",50,3.14734754453072e-06,47.8,3.00820728306609e-06
1720300,"Mediterraneibacter massiliensis",50,3.14734754453072e-06,51.5,3.23928862446271e-06
2735723,"Turicibacter bilis",50,3.14734754453072e-06,49.6,3.12254847605408e-06
2949649,"Parabacteroides sp. Y3-G-102",49,3.0844005936401e-06,51.3,3.2292837870491e-06
2024334,"Ceduovirus cv05802",49,3.0844005936401e-06,49.9,3.14228160589588e-06
2981773,"Muriventricola aceti",48,3.02145364274949e-06,49.6,3.1205920295622e-06
3031725,"Faecalibacterium sp. DFI.5.82",48,3.02145364274949e-06,57.4,3.6112180649665e-06
2763065,"Ruminococcus hominis",47,2.95850669185888e-06,49.7,3.12637682353322e-06
391612,"Crocosphaera chwakensis",47,2.95850669185888e-06,48.1,3.03037572033319e-06
46503,"Parabacteroides merdae",46,2.89555974096826e-06,58.8,3.699512535273e-06
2767462,"Leuconostoc sp. S51",46,2.89555974096826e-06,49.4,3.1108965209153e-06
1595998,"Human smacovirus 1",46,2.89555974096826e-06,46,2.89555974096831e-06
1965624,"Muribaculum sp. An289",46,2.89555974096826e-06,47.3,2.97971499493681e-06
2293190,"Ruminococcus sp. AM26-12LB",45,2.83261279007765e-06,47.1,2.965440318896e-06
2763050,"Hungatella hominis",45,2.83261279007765e-06,45.9,2.89072565570752e-06
2597346,"Microbacterium sp. ANT_H45B",45,2.83261279007765e-06,44.6,2.80853993201006e-06
2584590,"Akkermansia sp. BIOML-A34",44,2.76966583918703e-06,47.8,3.01149636688434e-06
1676614,"Xylanibacter rarus",44,2.76966583918703e-06,44.3,2.78544142637157e-06
1965233,"Odoribacter sp.",44,2.76966583918703e-06,40.6,2.55586446964445e-06
3155664,"Micromonospora sp. NPDC050200",43,2.70671888829642e-06,43.9,2.76267232446789e-06
1982628,"Faecalibacillus faecis",42,2.6437719374058e-06,37.6,2.36570703102779e-06
1397112,"Patiriisocius marinus",42,2.6437719374058e-06,49.2,3.09715506293698e-06
69359,"Thiohalocapsa halophila",42,2.6437719374058e-06,39.2,2.4687226670668e-06
2419761,"Epseptimavirus mar003J3",42,2.6437719374058e-06,52.3,3.29523849177257e-06
291644,"Bacteroides salyersiae",41,2.58082498651519e-06,44.9,2.82915075979659e-06
1871035,"Negativibacillus massiliensis",41,2.58082498651519e-06,41.2,2.59190960614994e-06
2888525,"Thermomonas alba",41,2.58082498651519e-06,45.4,2.85686007722154e-06
2786956,"Phocaeicola faecalis",40,2.51787803562458e-06,43.7,2.75170639264194e-06
1637502,"Odoribacter sp. N15.MGS-14",40,2.51787803562458e-06,38.2,2.40475577745147e-06
2029659,"Skunavirus sv16802",40,2.51787803562458e-06,34.6,2.1748530115219e-06
559292,"Saccharomyces cerevisiae",39,2.45493108473396e-06,38.7,2.4365190694469e-06
510516,"Aspergillus oryzae",38,2.39198413384335e-06,38.8,2.44160310423088e-06
1118062,"Peptoniphilus obesi",38,2.39198413384335e-06,37.8,2.37817512029455e-06
1868595,"Colneyvirus CDKM15",38,2.39198413384335e-06,38,2.39199538027977e-06
2479767,"Blautia sp. SC05B48",38,2.39198413384335e-06,45.3,2.851597845114e-06
3025326,"Pseudoalteromonas sp. GAB2316C",37,2.32903718295273e-06,36.3,2.28771611332038e-06
3112950,"Sphingomonas sp. MJ1 (PH-R8)",37,2.32903718295273e-06,41.6,2.61662989261736e-06
1518575,"Burkina Faso astrovirus",37,2.32903718295273e-06,37,2.32903718295277e-06
3143218,"Bacteroides sp. 2201st1_D9_2201SCRN_220225",37,2.32903718295273e-06,36.7,2.30886072598062e-06
3458240,"unknown genome; accession ID isNZ_JBQSUN010000001.1",37,2.32903718295273e-06,48.3,3.04086637227149e-06
2885351,"Hominisplanchenecus faecis",36,2.26609023206212e-06,38.3,2.40891551978912e-06
115778,"Leuconostoc gasicomitatum",35,2.2031432811715e-06,38.9,2.44973817107702e-06
2849173,"Bacteroides sp. MSK.18.91",35,2.2031432811715e-06,35.4,2.23046098141549e-06
2305243,"Desulfotomaculum sp. OF05-3",35,2.2031432811715e-06,37.1,2.33683506239393e-06
3018255,"Streptococcus sp. SS9",35,2.2031432811715e-06,44.7,2.81098209413852e-06
2608867,"Escherichia ruysiae",34,2.14019633028089e-06,33.7,2.12283599573214e-06
676599,"Stenotrophomonas panacihumi",34,2.14019633028089e-06,39.3,2.47166626472185e-06
3038130,"Hominisplanchenecus sp.",34,2.14019633028089e-06,29.4,1.85108043931181e-06
1415628,"Gyrovirus homsa2",34,2.14019633028089e-06,34,2.14019633028093e-06
197,"Campylobacter jejuni",33,2.07724937939027e-06,35,2.2011799312447e-06
2894753,"Dhillonvirus JLBYU60",33,2.07724937939027e-06,33.9,2.13386674630364e-06
1177179,"Alcanivorax hongdengensis",33,2.07724937939027e-06,42.4,2.6663275654151e-06
1715116,"Streptococcus sp. HMSC065H07",33,2.07724937939027e-06,35.3,2.22426421451198e-06
1069201,"Aspergillus luchuensis",33,2.07724937939027e-06,37.6,2.3682313935638e-06
93975,"Bacteroides sp. AR29",32,2.01430242849966e-06,31.7,1.99370717702679e-06
78257,"Bifidobacterium pullorum",32,2.01430242849966e-06,39.7,2.50079491525069e-06
2267834,"Parasaccharibacter sp. TMW 2.1884",32,2.01430242849966e-06,39,2.45314902641758e-06
42260,"Zygotorulaspora mrakii",32,2.01430242849966e-06,35,2.20575307252067e-06
2749083,"Enterobacter sp. SECR18-0236",32,2.01430242849966e-06,31.8,2.00442135171367e-06
1582259,"Gudongella oleilytica",32,2.01430242849966e-06,30.3,1.90661402902321e-06
2773922,"Fusicatenibacter sp.",31,1.95135547760905e-06,31.1,1.95516826725536e-06
2585118,"Alistipes communis",31,1.95135547760905e-06,34.3,2.15925426765746e-06
2315463,"Faecalibacterium sp. BCRC 81149",31,1.95135547760905e-06,33,2.07633919090509e-06
1735,"Holdemanella biformis",31,1.95135547760905e-06,32.1,2.02224764836522e-06
3402018,"Faecalibacterium sp. 9",31,1.95135547760905e-06,30.4,1.91504429301516e-06
2293043,"Clostridium sp. OM05-5BH",30,1.88840852671843e-06,31.1,1.95473954644392e-06
3133157,"Faecalibacterium faecis",30,1.88840852671843e-06,30.8,1.93592682379899e-06
2070686,"Enteroscipio rubneri",30,1.88840852671843e-06,29.2,1.83755831761667e-06
1686,"Bifidobacterium catenulatum",29,1.82546157582782e-06,26.8,1.68476468810212e-06
1408163,"Rasamsonia emersonii",29,1.82546157582782e-06,29.2,1.83744598688443e-06
2792040,"Salinibacterium sp. NG22",29,1.82546157582782e-06,30.5,1.92007553751143e-06
NA,"unknown genome; accession ID isNZ_CALIRI010000126.1",29,1.82546157582782e-06,29,1.82546182873202e-06
376804,"Phocaeicola barnesiae",29,1.82546157582782e-06,28.9,1.81793798668007e-06
2292986,"Blautia sp. TF10-30",29,1.82546157582782e-06,29.4,1.84750914583232e-06
2029675,"Skunavirus sv96403",29,1.82546157582782e-06,30.6,1.92438229251094e-06
3143031,"Ruminococcus sp. RTP21484sp1_RTP21277st1_D2_RTP21277_210401",28,1.7625146249372e-06,32.2,2.02937320941481e-06
1835702,"Penicillium arizonense",28,1.7625146249372e-06,29.8,1.8759437940739e-06
2838426,"Candidatus Agathobaculum pullicola",28,1.7625146249372e-06,32,2.01249462201859e-06
3238988,"Enterococcus hailinensis",28,1.7625146249372e-06,27.9,1.75341810983745e-06
1882221,"Novosphingobium sp. PY1",28,1.7625146249372e-06,27.3,1.72094295801781e-06
871664,"Blautia stercoris",27,1.69956767404659e-06,29.5,1.85579233931639e-06
2981770,"Gallintestinimicrobium propionicum",27,1.69956767404659e-06,27.9,1.7555035852825e-06
2509240,"Blautia faecicola",27,1.69956767404659e-06,27.4,1.72739709101365e-06
1262916,"Porphyromonas sp. CAG:1061",27,1.69956767404659e-06,27,1.69956786575854e-06
1581080,"Streptococcus sp. HMSC10E12",27,1.69956767404659e-06,31.5,1.98390685754715e-06
2954545,"Streptococcus sp. FSL W7-1342",27,1.69956767404659e-06,29.8,1.87798553929837e-06
1636564,"Skunavirus sv193",27,1.69956767404659e-06,30,1.88677867978702e-06
1739371,"Streptococcus sp. HMSC064H09",27,1.69956767404659e-06,29.5,1.85882249169404e-06
358742,"Enterocloster aldenensis",26,1.63662072315597e-06,27.4,1.72494016238026e-06
1544364,"Microviridae IME-16",26,1.63662072315597e-06,26,1.636620723156e-06
2316716,"Corallococcus sp. AB030",26,1.63662072315597e-06,27.2,1.71520369222045e-06
2985150,"Citrobacter sp. Cpo137",26,1.63662072315597e-06,28.8,1.81035573924377e-06
2963704,"Flavonifractor sp. DFI.6.63",26,1.63662072315597e-06,25.8,1.62351180989192e-06
2774710,"Enterococcus sp. AZ078",26,1.63662072315597e-06,20.1,1.26477612787448e-06
27334,"Penicillium expansum",26,1.63662072315597e-06,23.3,1.46452907765582e-06
2877527,"Blautia parvula",25,1.57367377226536e-06,23.8,1.49667470932717e-06
45851,"Eshraghiella crossota",25,1.57367377226536e-06,28.1,1.77055801161824e-06
76860,"Streptococcus constellatus",25,1.57367377226536e-06,31.7,1.99847829703894e-06
162156,"uncultured Bacteroides sp.",25,1.57367377226536e-06,25,1.57240270823622e-06
2981724,"Alitiscatomonas aceti",25,1.57367377226536e-06,24.9,1.56851379723168e-06
1316412,"Streptococcus sp. HSISS3",25,1.57367377226536e-06,26.8,1.68899924419818e-06
2949662,"Coprococcus sp. B2-R-112",25,1.57367377226536e-06,25,1.57616440517929e-06
166122,"Human endogenous retrovirus K",25,1.57367377226536e-06,25.1,1.57961887714426e-06
1495066,"Pseudomonas capeferrum",25,1.57367377226536e-06,27.5,1.73036221417671e-06
1495854,"Brevundimonas sp. EAKA",24,1.51072682137474e-06,31.8,2.0016322436128e-06
213810,"Ruminococcus champanellensis",24,1.51072682137474e-06,24,1.51076533559649e-06
3003687,"Gemella sp. 27098_8_92",24,1.51072682137474e-06,24.3,1.5305817165835e-06
1638242,"Thermococcus sp. Bubb.Bath",24,1.51072682137474e-06,27.6,1.73538933115316e-06
1918949,"Solemya elarraichensis gill symbiont",24,1.51072682137474e-06,29.7,1.87249447806617e-06
2824764,"Mesorhizobium sp. GbtcB19",24,1.51072682137474e-06,24,1.51072682221575e-06
1743235,"Chelatococcus composti",24,1.51072682137474e-06,27.1,1.70772615620851e-06
1245769,"Lachancea lanzarotensis",23,1.44777987048413e-06,18.7,1.17831572154413e-06
3136600,"Mediterraneibacter flintii",23,1.44777987048413e-06,32.8,2.06327846418342e-06
2650157,"Bacteroides zhangwenhongii",22,1.38483291959352e-06,23.1,1.45397544370381e-06
1637510,"Odoribacter sp. N54.MGS-14",22,1.38483291959352e-06,27.9,1.75591780539893e-06
3062492,"Blautia massiliensis (ex Liu et al. 2021)",22,1.38483291959352e-06,22.4,1.40753372981569e-06
1448314,"Aspergillus eucalypticola",22,1.38483291959352e-06,27.4,1.72528044945174e-06
1768764,"Streptococcus sp. CCH5-D3",22,1.38483291959352e-06,28.1,1.7669105901089e-06
1736395,"Arthrobacter sp. Soil736",22,1.38483291959352e-06,22.6,1.42371517103337e-06
818,"Bacteroides thetaiotaomicron",21,1.3218859687029e-06,21.8,1.37372357712735e-06
3002517,"Butyricicoccus sp. OF27-2pH9A",21,1.3218859687029e-06,22.6,1.42401443441543e-06
2291993,"Absiella sp. AM09-45",21,1.3218859687029e-06,19.1,1.20073396281863e-06
78345,"Bifidobacterium merycicum",21,1.3218859687029e-06,21,1.32178465862169e-06
2897707,"Merdimmobilis hominis",20,1.25893901781229e-06,21.7,1.36701172690554e-06
1623,"Ligilactobacillus ruminis",20,1.25893901781229e-06,20.3,1.28042643001708e-06
2093870,"Escherichia sp. MOD1-EC5434",20,1.25893901781229e-06,20.3,1.27630086129655e-06
2804423,"Staphylococcus sp. GDY8P64P",20,1.25893901781229e-06,20.4,1.28299003199533e-06
1867125,"Protoparvovirus primate3",20,1.25893901781229e-06,20,1.25893901781231e-06
2582605,"Salmonella sp. gx-f5",19,1.19599206692167e-06,18.6,1.17197093664017e-06
68891,"Streptococcus peroris",19,1.19599206692167e-06,19.2,1.20988150629512e-06
59298,"Streptomyces thermocarboxydovorans",19,1.19599206692167e-06,19.1,1.20049895322524e-06
2937758,"Hungatella sp. SB206",19,1.19599206692167e-06,18.7,1.17893369470624e-06
2292041,"Dorea sp. AF36-15AT",19,1.19599206692167e-06,19.4,1.22251417214016e-06
1211813,"Alistipes ihumii",19,1.19599206692167e-06,19.1,1.20080372483021e-06
453220,"Desulfogranum marinum",19,1.19599206692167e-06,19.2,1.20693895851384e-06
3141188,"Faecalibacterium sp. i20-0019-C2",19,1.19599206692167e-06,19.2,1.20706201422572e-06
2293033,"Clostridium sp. AM46-21",19,1.19599206692167e-06,23.2,1.46310157507069e-06
3141190,"Dialister sp. i34-0019-2H8",19,1.19599206692167e-06,19,1.19599251033394e-06
2698683,"Leuconostoc sp. MTCC 10508",18,1.13304511603106e-06,19.9,1.25050194041489e-06
46506,"Bacteroides stercoris",18,1.13304511603106e-06,17.4,1.09390636163993e-06
2787105,"Clostridium sp. 1001271B_150615_H5",18,1.13304511603106e-06,18,1.13420772873862e-06
2927804,"Marinobacterium sedimentorum",18,1.13304511603106e-06,21.7,1.36504019242624e-06
290055,"Faecalicatena fissicatena",18,1.13304511603106e-06,19.9,1.25496891477223e-06
1160721,"Ruminococcus bicirculans (ex Wegman et al. 2014)",18,1.13304511603106e-06,17.6,1.1086449277115e-06
1850975,"Penicillium nucicola",18,1.13304511603106e-06,19.8,1.24555258282911e-06
1955243,"Blautia sp.",18,1.13304511603106e-06,23.7,1.48999550961944e-06
2884907,"Faecalibacillus sp. TM111",18,1.13304511603106e-06,25.3,1.59255268286802e-06
2816912,"Lactococcus sp. LG606",17,1.07009816514044e-06,14.1,8.85823713143094e-07
626931,"Bacteroides oleiciplenus",17,1.07009816514044e-06,17.2,1.08403619090601e-06
1628085,"Agathobaculum butyriciproducens",17,1.07009816514044e-06,13.9,8.74672795658948e-07
1870988,"Pseudoflavonifractor phocaeensis",17,1.07009816514044e-06,15.6,9.84216009724262e-07
40518,"Ruminococcus bromii",17,1.07009816514044e-06,16.3,1.0242612903416e-06
2929495,"Faecalibacterium sp. I4-3-84",17,1.07009816514044e-06,17.4,1.09503785997468e-06
2929490,"Faecalibacterium sp. I2-3-92",17,1.07009816514044e-06,18.5,1.16277299465486e-06
2841528,"Eubacterium sp. MSJ-33",17,1.07009816514044e-06,17.1,1.07365988936052e-06
2965276,"Blautia sp. DFI.9.10",17,1.07009816514044e-06,19.1,1.20014212282564e-06
3453885,"unknown genome; accession ID isNZ_JBQEPK010000129.1",17,1.07009816514044e-06,15.8,9.94824856935983e-07
39485,"Lachnospira eligens",16,1.00715121424983e-06,16.3,1.02600180575951e-06
674529,"Bacteroides faecis",16,1.00715121424983e-06,17.7,1.11606365094273e-06
411486,"Clostridium sp. M62/1",16,1.00715121424983e-06,16.9,1.06482255428095e-06
2293114,"Parabacteroides sp. AF19-14",16,1.00715121424983e-06,17.5,1.10032115667918e-06
2292985,"Blautia sp. OM07-19",16,1.00715121424983e-06,16.4,1.03257900297919e-06
214851,"Subdoligranulum variabile",16,1.00715121424983e-06,16.6,1.04740166968254e-06
5074,"Penicillium brevicompactum",16,1.00715121424983e-06,19.3,1.21334077052433e-06
147206,"Collinsella stercoris",16,1.00715121424983e-06,16.1,1.01416191953163e-06
2861965,"Sulfitobacter sp. CW3",16,1.00715121424983e-06,16.4,1.02952280089527e-06
2774671,"Enterococcus sp. AZ084",16,1.00715121424983e-06,15.3,9.62309653711951e-07
1392255,"Aspergillus novofumigatus",16,1.00715121424983e-06,16.2,1.01869189148774e-06
1505062,"Clostridium sp. AUH-JLR23",16,1.00715121424983e-06,16,1.00556167882911e-06
28985,"Kluyveromyces lactis",16,1.00715121424983e-06,16.2,1.0191519808219e-06
2713174,"Fructobacillus parabroussonetiae",16,1.00715121424983e-06,16,1.00715604554028e-06
574649,"Agrococcus terreus",15,9.44204263359216e-07,20.4,1.28245868928189e-06
213775,"Lactococcus virus jj50",15,9.44204263359216e-07,16.1,1.01198313865775e-06
1076124,"Phytohabitans flavus",15,9.44204263359216e-07,17.9,1.12971084910988e-06
1702170,"Citrobacter sp. FDAARGOS_156",15,9.44204263359216e-07,16.7,1.04991022341545e-06
2817020,"Faecalibacterium sp. Marseille-Q4164",15,9.44204263359216e-07,15.3,9.60076289495412e-07
39778,"Veillonella dispar",15,9.44204263359216e-07,16.9,1.0613885766457e-06
1147145,"Kwaitsingvirus HK446",15,9.44204263359216e-07,15.1,9.48474523484901e-07
2738409,"Mycobacterium ostraviense",15,9.44204263359216e-07,15.6,9.84298981581749e-07
2580568,"Pseudomonas sp. 9.1(2019)",15,9.44204263359216e-07,15.3,9.6243837723896e-07
1133319,"Bacteroides reticulotermitis",15,9.44204263359216e-07,15,9.44512296388086e-07
29364,"[Clostridium] polysaccharolyticum",15,9.44204263359216e-07,15,9.44204263359232e-07
5088,"Thermoascus crustaceus",15,9.44204263359216e-07,15,9.44204268426947e-07
2841515,"Falcatimonas sp. MSJ-15",15,9.44204263359216e-07,15,9.45058647048392e-07
47678,"Bacteroides caccae",14,8.81257312468601e-07,17.5,1.10240356796262e-06
671267,"Phocaeicola sartorii",14,8.81257312468601e-07,13.3,8.39025632642532e-07
1432052,"Eisenbergiella tayi",14,8.81257312468601e-07,15.5,9.73751387711609e-07
333367,"Enterocloster asparagiformis",14,8.81257312468601e-07,14.2,8.92259433070641e-07
1121029,"Parazoarcus communis",14,8.81257312468601e-07,14.6,9.1921540583857e-07
2292927,"Bacteroides sp. AF27-10BH",14,8.81257312468601e-07,14.2,8.94670464139479e-07
5059,"Aspergillus flavus",14,8.81257312468601e-07,14.1,8.8784912030227e-07
2713297,"Epseptimavirus faergetype",14,8.81257312468601e-07,12.5,7.89419225315598e-07
5478,"Nakaseomyces glabratus",14,8.81257312468601e-07,13.7,8.63394827677891e-07
2758579,"Klebsiella sp. Kps",14,8.81257312468601e-07,14.1,8.90549073827586e-07
2303987,"Motilimonas pumila",14,8.81257312468601e-07,15,9.45930174302657e-07
1450537,"Aspergillus homomorphus",13,8.18310361577987e-07,13,8.18484928618708e-07
3159897,"Salmonella sp. SAL4442",13,8.18310361577987e-07,13.5,8.49314018895363e-07
2981726,"Hominimerdicola aceti",13,8.18310361577987e-07,13.4,8.42834643980846e-07
2952921,"Faecousia sp.",13,8.18310361577987e-07,12.4,7.8105741300377e-07
684066,"Streptococcus lactarius",13,8.18310361577987e-07,12.9,8.14925397042544e-07
3133153,"Blautia aquisgranensis",13,8.18310361577987e-07,13.1,8.24789836340943e-07
2866597,"Streptococcus sp. Marseille-Q3604",13,8.18310361577987e-07,14,8.79817356200391e-07
2293002,"Clostridium sp. AF20-7",13,8.18310361577987e-07,14,8.82697327174444e-07
2857012,"Streptomyces sp. DH1",13,8.18310361577987e-07,12.9,8.13250414280166e-07
2293140,"Roseburia sp. OM03-7AC",13,8.18310361577987e-07,12.5,7.87142915636314e-07
767769,"Aspergillus brasiliensis",13,8.18310361577987e-07,13.5,8.51542203017933e-07
3692808,"unknown genome; accession ID isNZ_JBHDYP010000002.1",13,8.18310361577987e-07,16.1,1.01325327479838e-06
1639,"Listeria monocytogenes",12,7.55363410687372e-07,12.2,7.70483736957038e-07
317,"Pseudomonas syringae",12,7.55363410687372e-07,13,8.18569106745527e-07
2813560,"Pseudomonas sp. 43(2021)",12,7.55363410687372e-07,16.3,1.02344734530084e-06
626929,"Bacteroides clarus",12,7.55363410687372e-07,14.9,9.38615139919185e-07
2496676,"Mesorhizobium sp. M6A.T.Cr.TU.014.01.1.1",12,7.55363410687372e-07,11.8,7.41939624677061e-07
3159657,"Salmonella sp. s51992",12,7.55363410687372e-07,11.6,7.30006353975957e-07
3377167,"Stenotrophomonas maltophilia group sp. Smal17",12,7.55363410687372e-07,11.7,7.35230805842697e-07
NA,"unknown genome; accession ID isNZ_CASEUO010000006.1",12,7.55363410687372e-07,13.1,8.26582204817164e-07
2292932,"Bacteroides sp. AF35-22",12,7.55363410687372e-07,11.7,7.37507469455165e-07
2607659,"Nocardioides antri",12,7.55363410687372e-07,12.3,7.74243031806653e-07
2981782,"Blautia ammoniilytica",12,7.55363410687372e-07,12.4,7.7878356786201e-07
2293030,"Clostridium sp. AM34-9AC",12,7.55363410687372e-07,12.6,7.91043178346238e-07
3681968,"unknown genome; accession ID isNZ_CEEDBN010000058.1",12,7.55363410687372e-07,12,7.53016088487725e-07
2724526,"Leuconostoc sp. DB-1",12,7.55363410687372e-07,11.8,7.4329187182215e-07
2994968,"Bacteroides sp. LFL-34",12,7.55363410687372e-07,12.1,7.62207241951671e-07
1965590,"Barnesiella sp. An22",12,7.55363410687372e-07,20.5,1.29074862767802e-06
2480805,"Alteromonas sp. KUL150",12,7.55363410687372e-07,12,7.55226065397778e-07
2763052,"Lawsonibacter faecis",12,7.55363410687372e-07,12,7.55588778904804e-07
1907659,"Blautia sp. Marseille-P3201T",12,7.55363410687372e-07,12,7.5537330332637e-07
1363,"Lactococcus garvieae",11,6.92416459796758e-07,13.8,8.6580422938623e-07
1597,"Lacticaseibacillus paracasei",11,6.92416459796758e-07,11,6.89668770720429e-07
1523155,"Clostridium sp. IBUN22A",11,6.92416459796758e-07,11.3,7.08251879072825e-07
1577792,"Terrisporobacter othiniensis",11,6.92416459796758e-07,11,6.92441729714723e-07
1872530,"Anaerostipes sp.",11,6.92416459796758e-07,11.7,7.36631274458728e-07
1526,"[Clostridium] aminophilum",11,6.92416459796758e-07,10.8,6.77185690889941e-07
2652282,"Peptostreptococcus porci",11,6.92416459796758e-07,10.2,6.42969939740581e-07
3438797,"Parolsenella sp. LCP21S3_E11",11,6.92416459796758e-07,11,6.92878857468121e-07
3159681,"Salmonella sp. s55431",11,6.92416459796758e-07,10.3,6.46268174551377e-07
871665,"Blautia faecis",11,6.92416459796758e-07,11.6,7.30940069175507e-07
1520805,"Blautia sp. SF-50",11,6.92416459796758e-07,12.9,8.11242807946911e-07
2981771,"Laedolimicola ammoniilytica",11,6.92416459796758e-07,11.1,6.98795939236562e-07
1917876,"Blautia sp. Marseille-P3087",11,6.92416459796758e-07,12.1,7.58694436934585e-07
1316411,"Streptococcus sp. HSISS2",11,6.92416459796758e-07,12.7,7.99282189948073e-07
1247510,"Verticiella sediminum",11,6.92416459796758e-07,11.1,6.99629043133068e-07
1285465,"Winogradskyella undariae",11,6.92416459796758e-07,10.9,6.87981754513501e-07
2083008,"uncultured Parolsenella sp.",11,6.92416459796758e-07,10.2,6.39631992082156e-07
2787078,"Anaeromassilibacillus sp. D41t1_190614_C2",11,6.92416459796758e-07,12,7.56855328152514e-07
1307437,"Pseudoalteromonas agarivorans",11,6.92416459796758e-07,12.2,7.69601100556636e-07
29845,"Penicillium vulpinum",11,6.92416459796758e-07,12,7.52368641244251e-07
3384759,"Pseudomonas sp. PHC1",11,6.92416459796758e-07,9.5,5.96280489784975e-07
2496633,"Porprismacovirus humas4",11,6.92416459796758e-07,11,6.9241645979677e-07
2838470,"Candidatus Bacteroides intestinigallinarum",10,6.29469508906144e-07,10.8,6.81917046817952e-07
39482,"Faecalicatena contorta",10,6.29469508906144e-07,13.4,8.41732212959097e-07
544644,"Butyricimonas synergistica",10,6.29469508906144e-07,10.4,6.52627019796941e-07
1796615,"Blautia caecimuris",10,6.29469508906144e-07,10,6.27068998699998e-07
1547597,"Sanguibacteroides justesenii",10,6.29469508906144e-07,11.1,6.96965707663861e-07
3034501,"Enterococcus spodopteracolus",10,6.29469508906144e-07,9.1,5.72261464674663e-07
1715086,"Streptococcus sp. HMSC078H03",10,6.29469508906144e-07,11.2,7.03714375180347e-07
28037,"Streptococcus mitis",10,6.29469508906144e-07,10,6.29349222657326e-07
273131,"Nakaseomyces bracarensis",10,6.29469508906144e-07,11.4,7.19514193282217e-07
3048621,"Glaciimonas sp. Cout2",10,6.29469508906144e-07,10.5,6.59315032513003e-07
2981768,"Anthropogastromicrobium aceti",10,6.29469508906144e-07,10.2,6.40214146649473e-07
2292910,"Alistipes sp. AF14-19",10,6.29469508906144e-07,10.2,6.43825168371703e-07
44276,"Leptospira interrogans",10,6.29469508906144e-07,10.3,6.50044730095233e-07
159268,"uncultured Veillonella sp.",10,6.29469508906144e-07,9.7,6.08674969767456e-07
990412,"Limosilactobacillus alvi",10,6.29469508906144e-07,10.5,6.63331280564156e-07
3020524,"Agrobacterium sp. ST15.16.024",10,6.29469508906144e-07,10.3,6.48960638400187e-07
2739389,"Phocaeicola faecicola",10,6.29469508906144e-07,10,6.30782322225317e-07
2292310,"Clostridium sp. OF09-36",10,6.29469508906144e-07,12.8,8.07356753807267e-07
3048889,"Candidatus Ventrimonas sp.",10,6.29469508906144e-07,10.5,6.58160891761809e-07
3369477,"unknown genome; accession ID isNZ_CBCPLV010000002.1",10,6.29469508906144e-07,10.3,6.51253351169721e-07
3416216,"Candidatus Avelusimicrobium fimicolum",10,6.29469508906144e-07,10,6.31634044667477e-07
396014,"Brachybacterium phenoliresistens",10,6.29469508906144e-07,10,6.29469508906155e-07
3231324,"Enterococcus sp. C63",10,6.29469508906144e-07,15,9.45205947112997e-07
1311,"Streptococcus agalactiae",9,5.66522558015529e-07,11.5,7.26517251137378e-07
37734,"Enterococcus casseliflavus",9,5.66522558015529e-07,8.7,5.47255798202344e-07
165179,"Segatella copri",9,5.66522558015529e-07,9.5,5.96620381315865e-07
358743,"Enterocloster citroniae",9,5.66522558015529e-07,10.1,6.38845180138775e-07
3064195,"Brotocaccenecus cirricatena",9,5.66522558015529e-07,9.3,5.84610667698854e-07
105843,"Anaerobutyricum soehngenii",9,5.66522558015529e-07,8.6,5.39410324983666e-07
143361,"Filifactor alocis",9,5.66522558015529e-07,10.1,6.37253821133068e-07
1380048,"Ferruginibacter profundus",9,5.66522558015529e-07,9,5.6560433151299e-07
1497974,"Georgenia sp. SUBG003",9,5.66522558015529e-07,9.9,6.25003166311474e-07
658225,"Sphingomonas glacialis",9,5.66522558015529e-07,8.8,5.54663453490644e-07
2584627,"Clostridium sp. BIOML-A1",9,5.66522558015529e-07,9.1,5.73813538001568e-07
1506151,"Aspergillus pseudonomiae",9,5.66522558015529e-07,9.3,5.84396029869113e-07
48254,"Torulaspora globosa",9,5.66522558015529e-07,11.1,6.96932417920505e-07
53442,"Eubacterium callanderi",9,5.66522558015529e-07,10.8,6.78105069196953e-07
2909341,"Octadecabacter dasysiphoniae",9,5.66522558015529e-07,8.5,5.32514013929581e-07
341225,"Thomasclavelia saccharogumia",9,5.66522558015529e-07,12.6,7.91982044597948e-07
2302940,"Parabacteroides sp. 52",9,5.66522558015529e-07,11.7,7.37069509348645e-07
286549,"uncultured Kluyvera sp.",9,5.66522558015529e-07,9,5.66983580199767e-07
2293027,"Clostridium sp. AM28-20LB",9,5.66522558015529e-07,10.1,6.34875871104602e-07
2774654,"Enterococcus sp. DIV0238e",9,5.66522558015529e-07,9,5.66523499803646e-07
3446591,"unknown genome; accession ID isNZ_JBPSDK010000099.1",9,5.66522558015529e-07,9,5.6665663963677e-07
60216,"Xanthobacter tagetidis",9,5.66522558015529e-07,9.6,6.05571006768786e-07
2584635,"Coprococcus sp. BIOML-A1",9,5.66522558015529e-07,9.3,5.841806271909e-07
3458240,"unknown genome; accession ID isNZ_JBQSUN010000005.1",9,5.66522558015529e-07,9.5,5.98344544356747e-07
559295,"Lachancea thermotolerans",8,5.03575607124915e-07,12.6,7.91318500451392e-07
1890295,"Pseudoduganella danionis",8,5.03575607124915e-07,8.9,5.59422837224981e-07
2885357,"Hominenteromicrobium mulieris",8,5.03575607124915e-07,10.7,6.72172801401173e-07
1720313,"Bittarella massiliensis (ex Durand et al. 2017)",8,5.03575607124915e-07,8.8,5.52845668069087e-07
285729,"Fusobacterium canifelinum",8,5.03575607124915e-07,7.2,4.53197716974143e-07
2601697,"Epseptimavirus ev23",8,5.03575607124915e-07,9.3,5.87553354234607e-07
2029671,"Skunavirus sv66901",8,5.03575607124915e-07,8.8,5.5309631661384e-07
1965649,"Butyricimonas sp. An62",8,5.03575607124915e-07,8.6,5.40025795233086e-07
3681944,"unknown genome; accession ID isNZ_CEEDOR010000140.1",8,5.03575607124915e-07,8,5.05773660786247e-07
535290,"Legionella nagasakiensis",8,5.03575607124915e-07,6.9,4.33864584937651e-07
3453885,"unknown genome; accession ID isNZ_JBQEPK010000144.1",8,5.03575607124915e-07,8,5.01909003795784e-07
2681415,"Pantoea sp. 18069",8,5.03575607124915e-07,8.3,5.20709980893662e-07
3159675,"Salmonella sp. s55004",8,5.03575607124915e-07,8.2,5.15234202362705e-07
2592640,"Blautia sp. MCC283",8,5.03575607124915e-07,8.2,5.13170883141192e-07
1965581,"Faecalibacterium sp. An192",8,5.03575607124915e-07,8.1,5.10273220583379e-07
2293098,"Dorea sp. AM10-31",8,5.03575607124915e-07,7.7,4.87770162055366e-07
1736517,"Massilia sp. Root335",8,5.03575607124915e-07,8.1,5.11743820661438e-07
2603411,"Pseudonocardia sp. EV170527-09",8,5.03575607124915e-07,9.8,6.15485452576492e-07
1206725,"Nocardia brevicatena",8,5.03575607124915e-07,8.6,5.38246745552146e-07
2789205,"Bacteroides sp. 1001302B_160321_D4",8,5.03575607124915e-07,9.6,6.06740322037004e-07
631128,"Frankia sp. AgPm24",8,5.03575607124915e-07,8.1,5.06743454168206e-07
3153363,"Klebsiella sp. JB_Kp010",8,5.03575607124915e-07,7.9,4.98680715879325e-07
1494461,"Pseudolactococcus laudensis",7,4.40628656234301e-07,7,4.41517408586994e-07
574930,"Parabacteroides gordonii",7,4.40628656234301e-07,7,4.40632106249663e-07
2584647,"Faecalibacterium sp. BIOML-A3",7,4.40628656234301e-07,7.1,4.45839801780204e-07
2951141,"Turicibacter sp. T129",7,4.40628656234301e-07,7,4.42239557926848e-07
2049027,"Gemmiger sp.",7,4.40628656234301e-07,7,4.40887411058128e-07
936576,"Streptococcus sp. ACS2",7,4.40628656234301e-07,9.1,5.73393178680037e-07
1448313,"Aspergillus piperis",7,4.40628656234301e-07,7.8,4.91567036684013e-07
189396,"Xanthomonas euvesicatoria",7,4.40628656234301e-07,8.4,5.27024369072673e-07
2579922,"Pseudomonas yangonensis",7,4.40628656234301e-07,6.4,4.03433744041771e-07
1544694,"Rosenbergiella epipactidis",7,4.40628656234301e-07,7.7,4.84885056998132e-07
NA,"unknown genome; accession ID isNZ_CAKUNW010000004.1",7,4.40628656234301e-07,7,4.4066105294702e-07
NA,"unknown genome; accession ID isNZ_CASEUO010000028.1",7,4.40628656234301e-07,7,4.40638002522557e-07
1720550,"uncultured Coprobacter sp.",7,4.40628656234301e-07,6.9,4.3709634197935e-07
2584622,"Akkermansia sp. BIOML-A66",7,4.40628656234301e-07,8.3,5.25298042867956e-07
2293023,"Clostridium sp. AM18-55",7,4.40628656234301e-07,7.3,4.58677027293236e-07
2981783,"Blautia acetigignens",7,4.40628656234301e-07,7.7,4.82636265537753e-07
2592638,"Blautia sp. MCC269",7,4.40628656234301e-07,7.1,4.46466546083913e-07
2774703,"Enterococcus sp. DIV0691",7,4.40628656234301e-07,7.1,4.49797446370952e-07
2200763,"Microbispora triticiradicis",7,4.40628656234301e-07,7.4,4.67842174994133e-07
2025877,"Parabacteroides sp. AT13",7,4.40628656234301e-07,7.2,4.51487818407e-07
2293005,"Clostridium sp. AF23-6LB",7,4.40628656234301e-07,8,5.02099826828639e-07
327277,"Bifidobacterium crudilactis",7,4.40628656234301e-07,7,4.41752861511909e-07
2789276,"Kribbella sp. C-35",7,4.40628656234301e-07,7,4.40632002666112e-07
3016008,"Bacteroides sp. 47",7,4.40628656234301e-07,8.4,5.26556075093915e-07
NA,"unknown genome; accession ID isNZ_CAKVCW010000001.1",7,4.40628656234301e-07,7,4.40637293831925e-07
2681617,"Byrnievirus HK97",7,4.40628656234301e-07,7,4.40925262924238e-07
1080349,"Saccharomyces eubayanus",7,4.40628656234301e-07,7.3,4.58349091206937e-07
3273430,"Acidovorax sp. BLS4",7,4.40628656234301e-07,7.3,4.582377908324e-07
1605838,"Pseudomonas coleopterorum",7,4.40628656234301e-07,7.6,4.76872308673246e-07
2849175,"Erysipelatoclostridium sp. MSK.23.31",7,4.40628656234301e-07,7.1,4.43956669981615e-07
3438914,"Bulleidia sp. HCP3S3_C9",7,4.40628656234301e-07,7,4.41548034693816e-07
485,"Neisseria gonorrhoeae",6,3.77681705343686e-07,6.2,3.87858647018606e-07
1313,"Streptococcus pneumoniae",6,3.77681705343686e-07,7,4.429998118229e-07
2813575,"Pseudomonas sp. 30_B",6,3.77681705343686e-07,4.3,2.70176390576227e-07
2487519,"Phytopseudomonas daroniae",6,3.77681705343686e-07,6,3.79377178813684e-07
85831,"Bacteroides acidifaciens",6,3.77681705343686e-07,5.6,3.5099183488474e-07
2981794,"Roseburia amylophila",6,3.77681705343686e-07,8.1,5.06803338792537e-07
2302956,"Faecalibacterium sp. AF27-11BH",6,3.77681705343686e-07,6,3.78973929412879e-07
1715051,"Streptococcus sp. HMSC068F04",6,3.77681705343686e-07,6.2,3.88690776782321e-07
2763014,"Agathobaculum hominis",6,3.77681705343686e-07,6,3.78148791722729e-07
1071383,"Huiozyma naganishii",6,3.77681705343686e-07,6.1,3.87089599039059e-07
871324,"Bacteroides stercorirosoris",6,3.77681705343686e-07,6,3.78494334447641e-07
3133422,"Flavonifractor porci",6,3.77681705343686e-07,6.1,3.81502648460405e-07
1437363,"Sherbrookevirus CDHM13",6,3.77681705343686e-07,6,3.7768176779802e-07
3681944,"unknown genome; accession ID isNZ_CEEDOR010000062.1",6,3.77681705343686e-07,6,3.77681705343693e-07
2691898,"Flavobacterium sp. SaA2.13",6,3.77681705343686e-07,6.1,3.86014626672445e-07
2943492,"Corynebacterium intestinale",6,3.77681705343686e-07,7,4.42107381293878e-07
2975324,"Streptococcus sp. FSL R7-0248",6,3.77681705343686e-07,6.3,3.99470304027876e-07
2725308,"Streptococcus sp. WB01_FAA12",6,3.77681705343686e-07,6.3,3.95998151932264e-07
1792511,"Penicillium robsamsonii",6,3.77681705343686e-07,6,3.77942830953719e-07
2736645,"Streptomyces sp. JJ36",6,3.77681705343686e-07,6,3.79508655058034e-07
2925014,"Desulforhabdus sp. TSK",6,3.77681705343686e-07,4.4,2.77204231259337e-07
2292946,"Bacteroides sp. AM26-2",6,3.77681705343686e-07,6,3.79663327202609e-07
1965537,"Flavonifractor sp. An10",6,3.77681705343686e-07,6,3.77682363782808e-07
1337,"Streptococcus hyointestinalis",6,3.77681705343686e-07,6.2,3.90817122800379e-07
2886918,"Epseptimavirus EPS7",6,3.77681705343686e-07,7,4.40458214073743e-07
2892346,"Skunavirus sv712",6,3.77681705343686e-07,7.5,4.74190624326775e-07
1777270,"Pseudoalteromonas sp. CO342X",6,3.77681705343686e-07,5.9,3.68948128456209e-07
2763645,"Lentihominibacter hominis",6,3.77681705343686e-07,6,3.77687277304849e-07
3018068,"Bacillus cereus group sp. m1-21",6,3.77681705343686e-07,6,3.77681705343693e-07
2763047,"Flintibacter faecis",6,3.77681705343686e-07,8.3,5.25578710052348e-07
2789271,"Rhodococcus sp. 077-4",6,3.77681705343686e-07,6,3.77681705434662e-07
2219062,"Acidovorax sp. ST3",6,3.77681705343686e-07,7,4.42536589854333e-07
91915,"Asaia bogorensis",6,3.77681705343686e-07,7,4.4292330179992e-07
244366,"Klebsiella variicola",5,3.14734754453072e-07,4.7,2.97943311171433e-07
1511761,"Leuconostoc suionicum",5,3.14734754453072e-07,5.2,3.30259382832063e-07
283354,"Alternaria metachromatica",5,3.14734754453072e-07,5.2,3.29990240797002e-07
441950,"Bradyrhizobium iriomotense",5,3.14734754453072e-07,5.3,3.32963491621258e-07
3156680,"Streptomyces sp. NPDC004491",5,3.14734754453072e-07,7.2,4.51159795369438e-07
1031537,"Bremerella cremea",5,3.14734754453072e-07,5.4,3.40224636117726e-07
1194083,"Nostocoides japonicum",5,3.14734754453072e-07,5,3.14785638282502e-07
1918624,"Flintibacter sp.",5,3.14734754453072e-07,5.1,3.19136563235745e-07
2292968,"Blautia sp. AF34-10",5,3.14734754453072e-07,5.3,3.33357228885618e-07
61171,"Holdemania filiformis",5,3.14734754453072e-07,5.3,3.33051039331591e-07
2981772,"Muricoprocola aceti",5,3.14734754453072e-07,5,3.14739752348255e-07
2049042,"Turicibacter sp.",5,3.14734754453072e-07,5,3.17077922229719e-07
2762564,"Streptococcus sp. 23.2",5,3.14734754453072e-07,5.9,3.71346491979477e-07
2961620,"Klebsiella sp. SWET4",5,3.14734754453072e-07,5,3.14736734569805e-07
1941478,"Coprobacter sp.",5,3.14734754453072e-07,4.4,2.79215253463567e-07
2841504,"Dysosmobacter acutus",5,3.14734754453072e-07,5.2,3.27730293744004e-07
1841868,"Provencibacterium massiliense",5,3.14734754453072e-07,5.3,3.33852177781476e-07
2049041,"Slackia sp.",5,3.14734754453072e-07,5.9,3.73836519421215e-07
1852016,"Algoriphagus aestuariicola",5,3.14734754453072e-07,5,3.14747436978866e-07
2949966,"Clostridium sp. ZBS20",5,3.14734754453072e-07,5.4,3.39643432500608e-07
301302,"Roseburia faecis",5,3.14734754453072e-07,5.2,3.27002336788408e-07
3002516,"Butyricicoccus sp. AM78-15b2TA",5,3.14734754453072e-07,5,3.15079826245561e-07
2709398,"Parabacteroides sp. ZJ-118",5,3.14734754453072e-07,5,3.15715829066526e-07
3684508,"unknown genome; accession ID isNZ_JBVHRM010000067.1",5,3.14734754453072e-07,5,3.15054274490419e-07
1940758,"Streptomyces sp. MH60",5,3.14734754453072e-07,5.3,3.35294944010432e-07
3079010,"Diplocloster hominis",5,3.14734754453072e-07,6.4,4.03804698410086e-07
2302955,"Faecalibacterium sp. AF10-46",5,3.14734754453072e-07,5,3.14963899644097e-07
2726452,"Faecalibacillus sp. H12",5,3.14734754453072e-07,4.7,2.97893940630314e-07
2762567,"Streptococcus sp. 17.1",5,3.14734754453072e-07,5.4,3.42652263656777e-07
2292441,"Paratractidigestivibacter faecalis",5,3.14734754453072e-07,4.7,2.95414876656958e-07
37727,"Talaromyces marneffei",5,3.14734754453072e-07,5,3.14734879242229e-07
3049087,"Sinorhizobium sp. 7-81",5,3.14734754453072e-07,3.6,2.27850916738753e-07
2774692,"Enterococcus sp. AZ062",5,3.14734754453072e-07,5.5,3.46732701969493e-07
1945965,"Akkermansia sp. UBA7059",5,3.14734754453072e-07,3.7,2.30745870847283e-07
2883191,"Streptococcus sp. MSK15_114",5,3.14734754453072e-07,5.3,3.33595833611716e-07
1715176,"Streptococcus sp. HMSC064D12",5,3.14734754453072e-07,5.5,3.45537125586173e-07
1874589,"Skunavirus sv3R16S",5,3.14734754453072e-07,5.2,3.25110247817672e-07
69781,"Penicillium oxalicum",5,3.14734754453072e-07,4.5,2.8415747227533e-07
208602,"Nocardia puris",5,3.14734754453072e-07,5.4,3.41463629304419e-07
2933310,"Salmonella sp. 14ESS1282",5,3.14734754453072e-07,4.7,2.94267700291835e-07
2985107,"Citrobacter sp. CK198",5,3.14734754453072e-07,5.1,3.1944017284729e-07
76305,"Roseibium denhamense",5,3.14734754453072e-07,5.7,3.60315078029341e-07
502558,"Eggerthella sp. YY7918",5,3.14734754453072e-07,5,3.14832960388364e-07
2849167,"Bifidobacterium sp. MSK.17.10",5,3.14734754453072e-07,5,3.15871329577179e-07
394095,"Pyxidicoccus fallax",5,3.14734754453072e-07,4.3,2.68893334095761e-07
1969376,"Shewanella sp. Shew256",5,3.14734754453072e-07,4.7,2.9685028299193e-07
2546350,"Citrobacter arsenatis",4,2.51787803562457e-07,4,2.50864244594628e-07
33968,"Leuconostoc pseudomesenteroides",4,2.51787803562457e-07,4.1,2.57980386668223e-07
2766470,"Leuconostoc falkenbergense",4,2.51787803562457e-07,3.6,2.29228007487992e-07
2816910,"Lactococcus sp. LG1267",4,2.51787803562457e-07,4,2.53097781121097e-07
1307,"Streptococcus suis",4,2.51787803562457e-07,3.8,2.36223326777645e-07
3117552,"Bacteroides maternus",4,2.51787803562457e-07,4.1,2.54970132606035e-07
3378803,"Pilosibacter sp. HC1M1C21",4,2.51787803562457e-07,3.5,2.1902915386618e-07
1316194,"Penicillium subrubescens",4,2.51787803562457e-07,3.6,2.26239038603718e-07
441959,"Talaromyces stipitatus",4,2.51787803562457e-07,4.5,2.82587095176773e-07
28450,"Burkholderia pseudomallei",4,2.51787803562457e-07,4.1,2.59898537822636e-07
204516,"Phocaeicola massiliensis",4,2.51787803562457e-07,5.1,3.18677009833764e-07
1202712,"Ureibacillus chungkukjangi",4,2.51787803562457e-07,4.3,2.68132513403612e-07
333963,"Leucobacter iarius",4,2.51787803562457e-07,4.3,2.73094268456722e-07
2785133,"Flavonifractor sp. AGMB03687",4,2.51787803562457e-07,4.3,2.70784075728866e-07
1966354,"Gemella sp.",4,2.51787803562457e-07,3.9,2.45057758147764e-07
1965292,"Fenollaria sp.",4,2.51787803562457e-07,4,2.51816600883946e-07
2951805,"Parabacteroides absconsus",4,2.51787803562457e-07,4.3,2.71297277156294e-07
2725562,"Caecibacteroides pullorum",4,2.51787803562457e-07,4,2.54733302699523e-07
2742600,"Limosilactobacillus urinaemulieris",4,2.51787803562457e-07,4,2.52122852602135e-07
NA,"unknown genome; accession ID isNZ_CASEUO010000068.1",4,2.51787803562457e-07,4,2.5183753533388e-07
NA,"unknown genome; accession ID isNZ_CASEUO010000083.1",4,2.51787803562457e-07,4,2.51787859114083e-07
2560754,"unknown genome; accession ID isNC_031085.1",4,2.51787803562457e-07,4,2.52722889492657e-07
36914,"Lodderomyces elongisporus",4,2.51787803562457e-07,2.7,1.68220678165483e-07
1928661,"Bradyrhizobium cajani",4,2.51787803562457e-07,3.6,2.2346250565854e-07
2807620,"Pseudomonas sp. MIL9",4,2.51787803562457e-07,4.2,2.65103648609229e-07
3088692,"Pseudomonas sp. EA_65y_Pfl1_P113",4,2.51787803562457e-07,4.3,2.6958517626745e-07
3160132,"Salmonella sp. s60732",4,2.51787803562457e-07,4.7,2.93258718142735e-07
501571,"Butyricicoccus pullicaecorum",4,2.51787803562457e-07,4,2.52676701555658e-07
1689265,"uncultured Intestinimonas sp.",4,2.51787803562457e-07,4,2.51870358695645e-07
40543,"Sneathia sanguinegens",4,2.51787803562457e-07,4,2.53923099030847e-07
1051631,"Streptococcus phage YMC-2011",4,2.51787803562457e-07,4,2.51787803562462e-07
1247113,"Astrovirus VA4",4,2.51787803562457e-07,4,2.51787803562462e-07
2903532,"Streptomyces sp. IBSBF 2394",4,2.51787803562457e-07,4,2.52223889077783e-07
150340,"Vibrio antiquarius",4,2.51787803562457e-07,4,2.51796451316135e-07
2293053,"Clostridium sp. TF11-13AC",4,2.51787803562457e-07,3.7,2.31927620370545e-07
645466,"Anaerostipes butyraticus",4,2.51787803562457e-07,4.8,3.01742740806235e-07
2775058,"Janthinobacterium sp. EB271-G4-3-2",4,2.51787803562457e-07,4.4,2.80086422800308e-07
2292002,"Bacteroides sp. AM16-24",4,2.51787803562457e-07,4,2.52654030074798e-07
3699536,"unknown genome; accession ID isNZ_JBXAYL010000171.1",4,2.51787803562457e-07,4,2.5209205813451e-07
NA,"unknown genome; accession ID isNZ_CAMMSH010000012.1",4,2.51787803562457e-07,4,2.51788055824632e-07
3420582,"Candidatus Pseudoscillospira sp. SGI.172",4,2.51787803562457e-07,4,2.51796997135422e-07
1739525,"Peptoniphilus sp. HMSC075B08",4,2.51787803562457e-07,4,2.52557025804108e-07
293559,"Penicillium concentricum",4,2.51787803562457e-07,4.4,2.76391717522199e-07
2292367,"Roseburia sp. OF03-24",4,2.51787803562457e-07,4.4,2.78402645741209e-07
2011087,"Psecadovirus PSH1",4,2.51787803562457e-07,4,2.51787803562462e-07
1132637,"Penicillium atrosanguineum",4,2.51787803562457e-07,4,2.52929355305313e-07
3241256,"Pseudomonas sp. MD332_6",4,2.51787803562457e-07,4,2.51787803562462e-07
2107694,"Aphanothece hegewaldii",4,2.51787803562457e-07,4.6,2.91694308670451e-07
2583810,"Alteribacter natronophilus",4,2.51787803562457e-07,4,2.53680241009141e-07
2774705,"Enterococcus sp. DIV2389",4,2.51787803562457e-07,5,3.17876726573089e-07
468911,"Liquorilactobacillus hordei",3,1.88840852671843e-07,3,1.89636455664597e-07
630,"Yersinia enterocolitica",3,1.88840852671843e-07,3,1.89207886234894e-07
416450,"Penicillium antarcticum",3,1.88840852671843e-07,3,1.89551692762834e-07
27291,"Saccharomyces paradoxus",3,1.88840852671843e-07,3.2,1.99688063344973e-07
2793822,"Bradyrhizobium sp. BRP20",3,1.88840852671843e-07,3.7,2.30100147947183e-07
2681430,"Raoultella sp. 18098",3,1.88840852671843e-07,2.9,1.84537510072064e-07
879566,"Acetatifactor muris",3,1.88840852671843e-07,3.1,1.92320125237585e-07
2787083,"Bacteroides sp. 1001136B_160425_E2",3,1.88840852671843e-07,2.8,1.76024157172674e-07
1796613,"Bacteroides caecimuris",3,1.88840852671843e-07,3.5,2.19972969790976e-07
40837,"Mycoplana ramosa",3,1.88840852671843e-07,3.3,2.10572211393018e-07
533243,"Cylindrospermopsis raciborskii",3,1.88840852671843e-07,2.8,1.75275636380753e-07
3342383,"Flintibacter porci",3,1.88840852671843e-07,3,1.91821083352861e-07
2884903,"Faecalibacillus sp. MSK20_93",3,1.88840852671843e-07,3.2,1.99804674989925e-07
2897706,"Acidaminococcus hominis",3,1.88840852671843e-07,3,1.88840995002638e-07
1305,"Streptococcus sanguinis",3,1.88840852671843e-07,3,1.89365319403999e-07
851,"Fusobacterium nucleatum",3,1.88840852671843e-07,2.9,1.85370166418112e-07
113107,"Streptococcus australis",3,1.88840852671843e-07,3.2,1.9935665148542e-07
2382163,"Streptococcus koreensis",3,1.88840852671843e-07,3,1.89963005556933e-07
1946109,"Bifidobacterium sp. UBA6881",3,1.88840852671843e-07,3,1.88841081187214e-07
312540,"Acidiplasma cupricumulans",3,1.88840852671843e-07,3,1.9130635678798e-07
147802,"Lactobacillus iners",3,1.88840852671843e-07,3,1.88840853011974e-07
36646,"Penicillium coprophilum",3,1.88840852671843e-07,3,1.89034182184876e-07
3153559,"Nonomuraea sp. B10E8",3,1.88840852671843e-07,3,1.88840852671846e-07
58351,"Kitasatospora kifunensis",3,1.88840852671843e-07,3.1,1.94165368232449e-07
1917870,"Enterocloster hominis (ex Hitch et al. 2024)",3,1.88840852671843e-07,3,1.91460720174009e-07
2813570,"Pseudomonas sp. 95_A",3,1.88840852671843e-07,2.9,1.82831694098168e-07
3445266,"Bacillus cereus group sp. BC87",3,1.88840852671843e-07,3,1.88840852671846e-07
2653163,"Pseudomonas sp. 8AS",3,1.88840852671843e-07,2.5,1.58072989100506e-07
3438749,"Blautia sp. Sow4_E7",3,1.88840852671843e-07,3,1.88869385272041e-07
290053,"Bacteroides helcogenes",3,1.88840852671843e-07,2.8,1.7744429385512e-07
2292006,"Clostridium sp. AF32-12BH",3,1.88840852671843e-07,3,1.91524875491733e-07
649756,"Anaerostipes hadrus",3,1.88840852671843e-07,3,1.89591905863844e-07
2774813,"Enterococcus sp. DIV1421a",3,1.88840852671843e-07,3.4,2.1163484407066e-07
2951140,"Turicibacter sp. GALT-G1",3,1.88840852671843e-07,3.4,2.12965475466499e-07
1494,"Clostridium cochlearium",3,1.88840852671843e-07,3.5,2.22222721043033e-07
2049022,"Catenibacterium sp.",3,1.88840852671843e-07,3.1,1.95390343965541e-07
2083006,"Parolsenella sp.",3,1.88840852671843e-07,3.9,2.42690854544606e-07
NA,"unknown genome; accession ID isNZ_CASEUO010000035.1",3,1.88840852671843e-07,3,1.89039751056555e-07
NA,"unknown genome; accession ID isNZ_CASEUO010000110.1",3,1.88840852671843e-07,3,1.8884086916663e-07
2021738,"Hudisavirus sp.",3,1.88840852671843e-07,3,1.88840852671846e-07
882444,"Amycolatopsis magusensis",3,1.88840852671843e-07,3.2,2.00323210165684e-07
249586,"Streptomyces asoensis",3,1.88840852671843e-07,3,1.88840852671846e-07
3681944,"unknown genome; accession ID isNZ_CEEDOR010000139.1",3,1.88840852671843e-07,3.1,1.95650844909301e-07
1121405,"Desulfococcus multivorans",3,1.88840852671843e-07,3,1.88863397913144e-07
457396,"Clostridium sp. 7_2_43FAA",3,1.88840852671843e-07,3,1.90891638582221e-07
2997951,"Coprococcus sp. TM115-141",3,1.88840852671843e-07,3.1,1.93635723762165e-07
930854,"Enterococcus viikkiensis",3,1.88840852671843e-07,3,1.90153247648847e-07
2568007,"Lactococcus kimchii",3,1.88840852671843e-07,3,1.88873348261987e-07
2610896,"Streptococcus sp. LPB0220",3,1.88840852671843e-07,2.4,1.50238507409625e-07
1147150,"Nochtlivirus mEp235",3,1.88840852671843e-07,2.8,1.79211092108206e-07
4956,"Zygosaccharomyces rouxii",3,1.88840852671843e-07,3.1,1.92189948564765e-07
3453885,"unknown genome; accession ID isNZ_JBQEPK010000151.1",3,1.88840852671843e-07,2.6,1.6444744683361e-07
2787088,"Butyricimonas sp. BSD2780061689_150309_C8",3,1.88840852671843e-07,3,1.88868689060114e-07
2705458,"Enterobacter sp. SES19",3,1.88840852671843e-07,2.6,1.6156861933996e-07
2883232,"Mediterraneibacter sp. 210702-DFI.5.30",3,1.88840852671843e-07,3,1.89861561962338e-07
2817018,"Faecalibacterium sp. Marseille-Q4896",3,1.88840852671843e-07,3,1.90413333186267e-07
1820159,"Porprismacovirus humas3",3,1.88840852671843e-07,3,1.88840852671846e-07
5078,"Penicillium griseofulvum",3,1.88840852671843e-07,3.5,2.22419679758115e-07
2793807,"Bradyrhizobium sp. IC4060",3,1.88840852671843e-07,3,1.85769100059835e-07
2992766,"Vibrio sp. VP6",3,1.88840852671843e-07,3.6,2.23702998849352e-07
2665560,"Salmonella sp. S056_01185",3,1.88840852671843e-07,3.2,1.99193176686695e-07
3162788,"Sphingomonas sp. NCPPB 2930",3,1.88840852671843e-07,2.7,1.6877021480133e-07
1437816,"Methylopila turkensis",3,1.88840852671843e-07,4.1,2.58551874859119e-07
2292982,"Blautia sp. OF11-22",3,1.88840852671843e-07,3,1.90608995555226e-07
2478953,"Blautia sp. aa_0143",3,1.88840852671843e-07,3.1,1.95539955210354e-07
NA,"unknown genome; accession ID isNZ_CAMMSH010000007.1",3,1.88840852671843e-07,3,1.88841030550959e-07
4950,"Torulaspora delbrueckii",3,1.88840852671843e-07,3.2,2.01632176649661e-07
2985100,"Citrobacter sp. CK191",3,1.88840852671843e-07,3.6,2.28398120842764e-07
2763042,"Dysosmobacter segnis",3,1.88840852671843e-07,3,1.89844875979909e-07
2292206,"Clostridium sp. AF27-2AA",3,1.88840852671843e-07,3.2,2.01687019415809e-07
2849178,"Erysipelatoclostridium sp. MSK.7.34",3,1.88840852671843e-07,3,1.88870610012228e-07
2997947,"Coprococcus sp. AF51-11b1",3,1.88840852671843e-07,3.5,2.19030788974842e-07
2944202,"Simiaoa sp.",3,1.88840852671843e-07,3.1,1.93680595942788e-07
2316025,"Mediterraneibacter butyricigenes",3,1.88840852671843e-07,3.1,1.93156009154665e-07
2591135,"Epseptimavirus SB13",3,1.88840852671843e-07,3.3,2.07674456358458e-07
1187925,"Alternaria hordeiaustralica",3,1.88840852671843e-07,3,1.88840852671846e-07
3014558,"Streptomyces sp. ActVer",3,1.88840852671843e-07,2.8,1.76735995950518e-07
2651864,"Myxococcus sp. CA018",3,1.88840852671843e-07,3,1.88840852679025e-07
2857010,"Streptomyces sp. DH12",3,1.88840852671843e-07,3.1,1.94904480410494e-07
3132704,"Bacteroides sp. f07",3,1.88840852671843e-07,3.1,1.97261675505833e-07
3160131,"Salmonella sp. s58313",3,1.88840852671843e-07,3.1,1.93849356862956e-07
3133152,"Blautia intestinihominis",3,1.88840852671843e-07,3,1.90271636882095e-07
393006,"Tamlana crocina",3,1.88840852671843e-07,3,1.87844734801443e-07
1905697,"Brucella sp. CMUL 015",3,1.88840852671843e-07,3.1,1.92384780199443e-07
2762565,"Streptococcus sp. 22.1",3,1.88840852671843e-07,3.1,1.93879470192532e-07
1169675,"Streptococcus sp. GMD6S",3,1.88840852671843e-07,3.8,2.38581914085326e-07
1359,"Lactococcus cremoris",2,1.25893901781229e-07,1.6,1.02264422732972e-07
38293,"Photobacterium damselae",2,1.25893901781229e-07,2,1.25893965711743e-07
33964,"Leuconostoc citreum",2,1.25893901781229e-07,2.6,1.63026426810699e-07
33959,"Lactobacillus johnsonii",2,1.25893901781229e-07,2,1.25943060149517e-07
136609,"Leuconostoc kimchii",2,1.25893901781229e-07,2.1,1.30727297257471e-07
1246,"Leuconostoc lactis",2,1.25893901781229e-07,2.2,1.38695669590916e-07
663,"Vibrio alginolyticus",2,1.25893901781229e-07,2,1.25895676617494e-07
2051905,"Enterobacter sp. CRENT-193",2,1.25893901781229e-07,2,1.26676701067745e-07
2077149,"Citrobacter freundii complex sp. CFNIH9",2,1.25893901781229e-07,2.3,1.41761688062073e-07
155615,"Fusobacterium vincentii",2,1.25893901781229e-07,2.8,1.73342236954697e-07
436907,"Vanderwaltozyma polyspora",2,1.25893901781229e-07,2.1,1.29837058400826e-07
45286,"Eremothecium sinecaudum",2,1.25893901781229e-07,2.1,1.31660261471904e-07
68183,"Streptomyces capoamus",2,1.25893901781229e-07,2,1.25893902585948e-07
904190,"uncultured Robinsoniella sp.",2,1.25893901781229e-07,2.4,1.48367326729241e-07
3088697,"Pseudomonas sp. EL_65y_Pfl1_R83",2,1.25893901781229e-07,2.2,1.37266624751666e-07
3048617,"Pseudomonas sp. CCI2.4",2,1.25893901781229e-07,2.7,1.72045636442815e-07
1512,"[Clostridium] symbiosum",2,1.25893901781229e-07,2.2,1.40811548871521e-07
71451,"Enterococcus malodoratus",2,1.25893901781229e-07,2.1,1.29947427171629e-07
2764325,"[Eubacterium] hominis",2,1.25893901781229e-07,2,1.28699155634466e-07
1841864,"Marseilla massiliensis",2,1.25893901781229e-07,2.1,1.32964185907989e-07
310300,"Bacteroides pyogenes",2,1.25893901781229e-07,2,1.26286026888604e-07
2584641,"Eggerthella sp. BIOML-A4",2,1.25893901781229e-07,2,1.26404804189858e-07
2736290,"Xylanibacter muris",2,1.25893901781229e-07,2.5,1.57887565346725e-07
1796620,"Acutalibacter muris",2,1.25893901781229e-07,2.3,1.47030274069344e-07
2293137,"Roseburia sp. AF42-8",2,1.25893901781229e-07,2.1,1.29754098781947e-07
3032319,"Iodidimonas sp. MBR-14",2,1.25893901781229e-07,2.5,1.56880130474169e-07
29348,"Thomasclavelia spiroformis",2,1.25893901781229e-07,2,1.25896599987414e-07
2736294,"Xylanibacter caecicola",2,1.25893901781229e-07,2,1.25915462595413e-07
2021466,"Sellimonas sp.",2,1.25893901781229e-07,2.1,1.30558301662119e-07
3473541,"unknown genome; accession ID isNZ_CDRVLZ010000033.1",2,1.25893901781229e-07,2,1.25893901784534e-07
106588,"Pseudoflavonifractor capillosus",2,1.25893901781229e-07,2,1.25949489501814e-07
1032505,"Fusobacterium sp. OBRC1",2,1.25893901781229e-07,2.2,1.41057837035909e-07
3436758,"Neisseria sp. P0015.S002",2,1.25893901781229e-07,2.3,1.42468707491307e-07
368003,"uncultured Rikenella sp.",2,1.25893901781229e-07,2,1.26018561808182e-07
2841521,"Anaerotignum sp. MSJ-24",2,1.25893901781229e-07,2,1.2616124966176e-07
1310,"Streptococcus sobrinus",2,1.25893901781229e-07,2.8,1.73674905897097e-07
435842,"Streptococcus sp. C150",2,1.25893901781229e-07,2.1,1.33118108065401e-07
84135,"Gemella sanguinis",2,1.25893901781229e-07,2,1.25901941388507e-07
33037,"Anaerococcus vaginalis",2,1.25893901781229e-07,2,1.26642850285241e-07
3388845,"Parvimonas sp. G1604",2,1.25893901781229e-07,2,1.27705492894045e-07
2024325,"Epseptimavirus saus132",2,1.25893901781229e-07,2.1,1.32226225779049e-07
1131564,"Penicillium cosmopolitanum",2,1.25893901781229e-07,2,1.259370451163e-07
945052,"Streptomyces heilongjiangensis",2,1.25893901781229e-07,2,1.2627138914443e-07
3075527,"Streptomyces edwardsiae",2,1.25893901781229e-07,2,1.26093453928143e-07
2963703,"Hungatella sp. SL.1.14",2,1.25893901781229e-07,2,1.28780350605759e-07
1712677,"Pseudomonas sp. 2822-15",2,1.25893901781229e-07,2,1.28598958772377e-07
2048670,"Janthinobacterium sp. ROICE36",2,1.25893901781229e-07,1.9,1.22064858890466e-07
291645,"Bacteroides nordii",2,1.25893901781229e-07,2.1,1.347202612051e-07
2057910,"Bacillus sp. BA3",2,1.25893901781229e-07,2.2,1.35971871115893e-07
2652721,"Agarivorans sp. B2Z047",2,1.25893901781229e-07,2.2,1.39135099745688e-07
3377164,"Stenotrophomonas maltophilia group sp. Smal32",2,1.25893901781229e-07,3.7,2.32305240064803e-07
2937417,"Bacteroides muris (ex Fokt et al. 2023)",2,1.25893901781229e-07,1.8,1.128939611113e-07
2816080,"Alicyclobacillus suci",2,1.25893901781229e-07,2.4,1.53345786606497e-07
1852371,"Raoultibacter massiliensis",2,1.25893901781229e-07,2,1.25938655725051e-07
1862567,"Acinetobacter sp. SA01",2,1.25893901781229e-07,2,1.25893901781231e-07
1099853,"Coprobacter fastidiosus",2,1.25893901781229e-07,2.9,1.81919766525179e-07
876091,"uncultured Oscillibacter sp.",2,1.25893901781229e-07,2,1.258941530408e-07
2601703,"Heminiphilus faecis",2,1.25893901781229e-07,2,1.26082227265908e-07
1896967,"Akkermansia sp. 54_46",2,1.25893901781229e-07,3.4,2.12339251521469e-07
2559925,"Enterococcus dongliensis",2,1.25893901781229e-07,2.1,1.30217587740316e-07
2582670,"Streptococcus sp. 5004",2,1.25893901781229e-07,1.5,9.60918137900701e-08
NA,"unknown genome; accession ID isNZ_CASEUO010000056.1",2,1.25893901781229e-07,2,1.2590356865049e-07
1163670,"Bacteroides sp. 14(A)",2,1.25893901781229e-07,2,1.25907950556156e-07
1874619,"Pseudoalteromonas sp. BMB",2,1.25893901781229e-07,2,1.28637765657073e-07
2697364,"Klebsiella sp. Q2",2,1.25893901781229e-07,2.1,1.31408593806378e-07
2480799,"Alteromonas sp. KUL106",2,1.25893901781229e-07,2.7,1.69968548594366e-07
3025320,"Pseudoalteromonas sp. GABNB9D",2,1.25893901781229e-07,2.3,1.46551004211859e-07
3031406,"Isoptericola croceus",2,1.25893901781229e-07,2,1.25893901783011e-07
2024555,"Virgibacillus profundi",2,1.25893901781229e-07,2.2,1.398718648321e-07
1965628,"Eubacterium sp. An3",2,1.25893901781229e-07,2,1.28239487924916e-07
2811496,"Clostridioides sp. ZZV14-6345",2,1.25893901781229e-07,2,1.26019378362203e-07
2293011,"Clostridium sp. AF34-10BH",2,1.25893901781229e-07,2,1.26121978472111e-07
3038777,"Fictibacillus sp. UD",2,1.25893901781229e-07,3.8,2.42144015677412e-07
1965660,"Flavonifractor sp. An82",2,1.25893901781229e-07,2.4,1.48393430815125e-07
2292984,"Blautia sp. OM06-15AC",2,1.25893901781229e-07,2,1.26498073076549e-07
2602760,"Mesonia sp. K4-1",2,1.25893901781229e-07,2,1.25893901781231e-07
249189,"Enterococcus hermanniensis",2,1.25893901781229e-07,2.1,1.30991920181844e-07
1912090,"Gluceribacter canis",2,1.25893901781229e-07,2,1.25896811587368e-07
3133177,"Bifidobacterium hominis",2,1.25893901781229e-07,1.6,9.82727824050168e-08
1946734,"Lactococcus sp. UBA7157",2,1.25893901781229e-07,2,1.25902202112639e-07
167973,"uncultured Lactococcus sp.",2,1.25893901781229e-07,2.5,1.5800977206581e-07
1462440,"Pseudoduganella ginsengisoli",2,1.25893901781229e-07,2,1.28518128320957e-07
1196034,"Klebsiella sp. 10982",2,1.25893901781229e-07,2,1.25894548335729e-07
2681403,"Rhizobium sp. 18055",2,1.25893901781229e-07,2,1.25898471019706e-07
3159712,"Salmonella sp. s58998",2,1.25893901781229e-07,2.1,1.35270163316794e-07
3141608,"Ruminococcus sp. RTP21484sp1_RTP21281st1_A2_RTP21281_210402",2,1.25893901781229e-07,2,1.2769996405829e-07
619688,"Pseudoxanthomonas jiangsuensis",2,1.25893901781229e-07,2,1.25962729599526e-07
3438908,"Blautia sp. HCP28S3_G10",2,1.25893901781229e-07,2,1.28835079725753e-07
3141185,"Faecalibacterium sp. i25-0019-C1",2,1.25893901781229e-07,2.4,1.49025698251704e-07
2292994,"Clostridium sp. AF12-41",2,1.25893901781229e-07,2.7,1.71474620477183e-07
3003646,"Streptococcus sp. 27098_8_74",2,1.25893901781229e-07,2.2,1.39097787296474e-07
159267,"uncultured Fusobacterium sp.",2,1.25893901781229e-07,2,1.2593639999287e-07
2931396,"Blautia sp. NSJ-175",2,1.25893901781229e-07,2,1.26842930682061e-07
2033506,"Bacillus sp. AFS054943",2,1.25893901781229e-07,1.5,9.4493036341952e-08
1216470,"Enterobacter sp. SST3",2,1.25893901781229e-07,2,1.27656448991566e-07
3141597,"Ruminococcus sp. J1101004sp1_RTP21198st1_B9_RTP21198_201120",2,1.25893901781229e-07,2,1.2818396804584e-07
2763062,"Roseburia rectibacter",2,1.25893901781229e-07,2,1.26236427130888e-07
2079531,"Prevotella merdae",2,1.25893901781229e-07,2,1.26260164690884e-07
3438911,"Blautia sp. HCP3S3_C4",2,1.25893901781229e-07,2,1.25924098029291e-07
2292976,"Blautia sp. AM42-2",2,1.25893901781229e-07,2.2,1.3934314557459e-07
2584566,"Akkermansia sp. BIOML-A10",2,1.25893901781229e-07,2.3,1.45504364039068e-07
910310,"Turicibacter sp. HGF1",2,1.25893901781229e-07,2,1.25931336122936e-07
85701,"Bartonella tribocorum",2,1.25893901781229e-07,2,1.25893901781231e-07
2589788,"Streptococcus xiaochunlingii",2,1.25893901781229e-07,2.1,1.29857383326111e-07
2025819,"Epseptimavirus SH9",2,1.25893901781229e-07,2,1.28328024189886e-07
742915,"Cyclovirus insaan",2,1.25893901781229e-07,2,1.25893901781231e-07
1341132,"Aspergillus welwitschiae",2,1.25893901781229e-07,2,1.26326040611629e-07
45357,"Candidozyma haemuli",2,1.25893901781229e-07,2,1.25893901781231e-07
2789285,"Amycolatopsis sp. lyj-90",2,1.25893901781229e-07,2,1.26234756503987e-07
35764,"Streptosporangium nondiastaticum",2,1.25893901781229e-07,2,1.26163553693526e-07
2582606,"Salmonella sp. gx-f7",2,1.25893901781229e-07,2.1,1.34742488639591e-07
3159680,"Salmonella sp. s55408",2,1.25893901781229e-07,2.4,1.5005505428004e-07
3044279,"Massilia hydrophila",2,1.25893901781229e-07,2,1.25893901781231e-07
1506996,"Desulfoprunum benzoelyticum",2,1.25893901781229e-07,2,1.26576888370462e-07
2997294,"Gemmiger qucibialis",2,1.25893901781229e-07,2,1.2623781296301e-07
2763040,"Dorea hominis",2,1.25893901781229e-07,2,1.25973257873366e-07
2774724,"Enterococcus sp. DIV1639a",2,1.25893901781229e-07,2.9,1.85519301614881e-07
2480623,"Epseptimavirus STG2",2,1.25893901781229e-07,2.7,1.68303162332273e-07
51156,"Cadophora gregata",2,1.25893901781229e-07,2,1.25894351014989e-07
1448316,"Aspergillus ibericus",2,1.25893901781229e-07,2,1.25894043204206e-07
984487,"Suhomyces tanzawaensis",2,1.25893901781229e-07,2,1.2737394498828e-07
3156725,"Nocardia sp. NPDC005978",2,1.25893901781229e-07,2,1.25894252634006e-07
1462993,"Paraburkholderia ginsengiterrae",2,1.25893901781229e-07,3.5,2.17368861859067e-07
1609975,"Clostridium sp. FS41",2,1.25893901781229e-07,2.2,1.36915308334286e-07
3153396,"Klebsiella sp. JB_Kp044",2,1.25893901781229e-07,2,1.25896978329174e-07
633415,"Aeromonas sanarellii",2,1.25893901781229e-07,2.5,1.57420000867505e-07
3417630,"unknown genome; accession ID isNZ_BAAHOA010000001.1",2,1.25893901781229e-07,2.1,1.34067931503547e-07
3436707,"Neisseria sp. P0008.S010",2,1.25893901781229e-07,2,1.25893901801098e-07
3692808,"unknown genome; accession ID isNZ_JBHDYP010000001.1",2,1.25893901781229e-07,2,1.26964209266987e-07
623,"Shigella flexneri",1,6.29469508906144e-08,1.1,6.62875771546024e-08
1598,"Limosilactobacillus reuteri",1,6.29469508906144e-08,1,6.2947219604615e-08
1404,"Priestia megaterium",1,6.29469508906144e-08,1,6.29475423394691e-08
550,"Enterobacter cloacae",1,6.29469508906144e-08,1.7,1.06667307679973e-07
1006551,"Klebsiella michiganensis",1,6.29469508906144e-08,1,6.29737560932159e-08
548,"Klebsiella aerogenes",1,6.29469508906144e-08,1,6.29528792995668e-08
575,"Raoultella planticola",1,6.29469508906144e-08,1,6.29475484766004e-08
61645,"Enterobacter asburiae",1,6.29469508906144e-08,1.2,7.49825389146244e-08
54291,"Raoultella ornithinolytica",1,6.29469508906144e-08,1.3,8.04342863883617e-08
2675726,"Klebsiella sp. WP8-S18-ESBL-06",1,6.29469508906144e-08,1,6.29521754798974e-08
53345,"Enterococcus durans",1,6.29469508906144e-08,1,6.35367718137936e-08
2769349,"Klebsiella sp. K4",1,6.29469508906144e-08,1,6.29826665019606e-08
3074459,"Leuconostoc sp. XM4",1,6.29469508906144e-08,1,6.30169555828121e-08
55211,"Erwinia persicina",1,6.29469508906144e-08,1,6.33640130265722e-08
1914243,"Citrobacter europaeus",1,6.29469508906144e-08,1.1,7.03494924506684e-08
67828,"Citrobacter gillenii",1,6.29469508906144e-08,1,6.29474976656988e-08
41997,"Enterococcus saccharolyticus",1,6.29469508906144e-08,1,6.43321558483904e-08
2972763,"Bacteroides sp. BFG-606",1,6.29469508906144e-08,1,6.29799287248418e-08
212818,"Exophiala mesophila",1,6.29469508906144e-08,1,6.29469733545841e-08
105984,"Apiotrichum porosum",1,6.29469508906144e-08,1,6.29469660592436e-08
285453,"Streptomyces canarius",1,6.29469508906144e-08,1,6.30226920791897e-08
2745137,"Myxococcus sp. AM009",1,6.29469508906144e-08,1,6.29932473841669e-08
83302,"Microbispora corallina",1,6.29469508906144e-08,1.1,6.66205882790398e-08
53462,"Mycolicibacterium mageritense",1,6.29469508906144e-08,1,6.30979183581607e-08
1924109,"Eisenbergiella sp.",1,6.29469508906144e-08,1.1,7.06591607806663e-08
1720294,"Eisenbergiella massiliensis",1,6.29469508906144e-08,1,6.42227242855942e-08
1739319,"Bacteroides sp. HMSC068A09",1,6.29469508906144e-08,1,6.29540566185549e-08
2813562,"Pseudomonas sp. 67(2021)",1,6.29469508906144e-08,1,6.29469508906155e-08
3710692,"unknown genome; accession ID isNZ_JBYFCA010000086.1",1,6.29469508906144e-08,1,6.29469508906155e-08
3681963,"unknown genome; accession ID isNZ_CEEDMJ010000131.1",1,6.29469508906144e-08,1,6.32132690273972e-08
3153497,"Klebsiella sp. CB_Kp191",1,6.29469508906144e-08,1,6.29480390899208e-08
2849180,"Parabacteroides sp. MSK.9.14",1,6.29469508906144e-08,1,6.29596229206183e-08
2933304,"Salmonella sp. 14ESS1566",1,6.29469508906144e-08,1,6.29470751757452e-08
2608358,"Pantoea sp. Ap-870",1,6.29469508906144e-08,1,6.29478669172583e-08
2943498,"Candidatus Mycobacterium methanotrophicum",1,6.29469508906144e-08,1.3,8.28965393230325e-08
433664,"Nocardioides agariphilus",1,6.29469508906144e-08,1,6.38869783294659e-08
1194427,"Vibrio toranzoniae",1,6.29469508906144e-08,1,6.4930979733803e-08
674,"Vibrio mimicus",1,6.29469508906144e-08,1,6.29469738205789e-08
2743469,"Rhabdonatronobacter sediminivivens",1,6.29469508906144e-08,1.4,8.72600193590583e-08
2755561,"Bacillus sp. CN2",1,6.29469508906144e-08,1,6.29469513672518e-08
64969,"Oceanospirillum multiglobuliferum",1,6.29469508906144e-08,1,6.29469508992106e-08
1745713,"Bariatricus massiliensis",1,6.29469508906144e-08,1,6.30613841863627e-08
214856,"Alistipes finegoldii",1,6.29469508906144e-08,1,6.31830349841254e-08
2606633,"Oliverpabstia intestinalis",1,6.29469508906144e-08,1.3,8.25483431416049e-08
2093857,"Dysosmobacter welbionis",1,6.29469508906144e-08,1,6.48244488677325e-08
2601166,"Acinetobacter sp. YH12239",1,6.29469508906144e-08,1,6.30946789685702e-08
1962263,"Clostridium tepidum",1,6.29469508906144e-08,1,6.36355143792535e-08
1796635,"Longicatena caecimuris",1,6.29469508906144e-08,1,6.41582186962379e-08
33039,"[Ruminococcus] torques",1,6.29469508906144e-08,1.2,7.59342404322119e-08
3073577,"Brotaphodocola sp.",1,6.29469508906144e-08,1,6.33169172737571e-08
160404,"Anaerotignum lactatifermentans",1,6.29469508906144e-08,1,6.29761157283201e-08
1262755,"Blautia sp. CAG:237",1,6.29469508906144e-08,1,6.29582953457664e-08
2981784,"[Clostridium] ammoniilyticum",1,6.29469508906144e-08,1,6.3003405940111e-08
2981655,"Gallintestinimicrobium sp.",1,6.29469508906144e-08,1,6.29740656184513e-08
2174932,"Nesterenkonia natronophila",1,6.29469508906144e-08,1.1,6.88795465170761e-08
2804917,"Corynebacterium pseudokroppenstedtii",1,6.29469508906144e-08,1.1,6.61381348267056e-08
2559927,"Enterococcus songbeiensis",1,6.29469508906144e-08,1.2,7.65508907597628e-08
1377,"Aerococcus viridans",1,6.29469508906144e-08,1.1,7.00525106819246e-08
215200,"Peptostreptococcus russellii",1,6.29469508906144e-08,1.1,6.68313864735816e-08
507750,"Peptoniphilus duerdenii",1,6.29469508906144e-08,1,6.30355026473394e-08
2013020,"Bifidobacterium sp. N4G05",1,6.29469508906144e-08,1.5,9.45244324315627e-08
2763067,"Streptococcus hominis",1,6.29469508906144e-08,1,6.44873248268897e-08
254352,"uncultured Gemella sp.",1,6.29469508906144e-08,1.1,6.96964258049991e-08
712633,"Streptococcus sp. oral taxon 431",1,6.29469508906144e-08,1,6.31032374380034e-08
938289,"Levyella massiliensis",1,6.29469508906144e-08,1,6.29469867047862e-08
2041204,"Epseptimavirus LVR16A",1,6.29469508906144e-08,1.7,1.06036124068599e-07
10868,"Infulavirus If1",1,6.29469508906144e-08,1.1,6.72029430282172e-08
588596,"Rhizophagus irregularis",1,6.29469508906144e-08,1,6.29469632975575e-08
2100454,"Penicillium cataractarum",1,6.29469508906144e-08,1,6.32511141913816e-08
2316721,"Corallococcus sp. AB049A",1,6.29469508906144e-08,1,6.34343401242755e-08
1969111,"Paenibacillus sp. 32352",1,6.29469508906144e-08,1,6.29669910905477e-08
2841670,"Streptomyces sp. CHB9.2",1,6.29469508906144e-08,1,6.29594885177342e-08
2496783,"Mesorhizobium sp. M6A.T.Ce.TU.016.01.1.1",1,6.29469508906144e-08,1,6.29573418445092e-08
3162404,"Bacteroides sp. L008",1,6.29469508906144e-08,1,6.30921489524153e-08
2813561,"Pseudomonas sp. 21_B",1,6.29469508906144e-08,1,6.29510914926405e-08
2813559,"Pseudomonas sp. 32_A",1,6.29469508906144e-08,1.1,6.75631450552638e-08
NA,"unknown genome; accession ID isNZ_CM137129.1",1,6.29469508906144e-08,0.5,3.14734754453077e-08
3682005,"unknown genome; accession ID isNZ_CEEDHK010000052.1",1,6.29469508906144e-08,1,6.32547974860394e-08
460384,"Enterocloster lavalensis",1,6.29469508906144e-08,1,6.31356439427696e-08
3445316,"Bacillus cereus group sp. BC311",1,6.29469508906144e-08,1,6.29469508906155e-08
338188,"Bacteroides finegoldii",1,6.29469508906144e-08,1,6.38511832543464e-08
1867106,"Hymenobacter seoulensis",1,6.29469508906144e-08,1,6.31070614353241e-08
414052,"Caenispirillum bisanense",1,6.29469508906144e-08,1,6.29519863234451e-08
3159646,"Salmonella sp. s44703",1,6.29469508906144e-08,1,6.29469727854127e-08
40576,"Xenorhabdus bovienii",1,6.29469508906144e-08,1,6.29469508941906e-08
1938366,"Pseudoalteromonas sp. SK18",1,6.29469508906144e-08,1,6.29469508906155e-08
84031,"Clostridium sartagoforme",1,6.29469508906144e-08,1,6.37509021580754e-08
2883184,"Blautia sp. MSK17_66",1,6.29469508906144e-08,1,6.32511506250449e-08
3025759,"uncultured Thomasclavelia sp.",1,6.29469508906144e-08,1.2,7.50832277399806e-08
1796618,"Cuneatibacter caecimuris",1,6.29469508906144e-08,1,6.29515382049891e-08
100884,"Coprobacillus cateniformis",1,6.29469508906144e-08,1,6.33606009712621e-08
1926662,"uncultured Mediterranea sp.",1,6.29469508906144e-08,1,6.29509987371551e-08
2944204,"Jutongia sp.",1,6.29469508906144e-08,1,6.30042909696069e-08
NA,"unknown genome; accession ID isNZ_CAKUNW010000008.1",1,6.29469508906144e-08,1,6.29471352775117e-08
2763013,"Agathobaculum faecis",1,6.29469508906144e-08,1,6.3398760394041e-08
2511171,"Sporolactobacillus sp. THM19-2",1,6.29469508906144e-08,1.1,6.83890402353041e-08
2654245,"Flavobacterium sp. LMO9",1,6.29469508906144e-08,1,6.35273751596425e-08
351091,"Oscillibacter valericigenes",1,6.29469508906144e-08,1.1,6.7594065343822e-08
2713505,"Listeria cossartiae",1,6.29469508906144e-08,1.1,6.87709400085798e-08
2774854,"Enterococcus sp. DIV2377",1,6.29469508906144e-08,1,6.49715859082832e-08
1903263,"Traorella massiliensis",1,6.29469508906144e-08,1,6.39144156130277e-08
159447,"uncultured Corynebacterium sp.",1,6.29469508906144e-08,1,6.29471819189441e-08
3436688,"Neisseria sp. P0006.S005",1,6.29469508906144e-08,1,6.29469508906155e-08
78343,"Bifidobacterium boum",1,6.29469508906144e-08,1.2,7.81927505398025e-08
2764323,"Catenibacterium faecis",1,6.29469508906144e-08,1,6.29511624768626e-08
33040,"Streptococcus milleri",1,6.29469508906144e-08,1,6.46029304529676e-08
1902136,"Streptococcus sp. NPS 308",1,6.29469508906144e-08,1.5,9.31956141813229e-08
NA,"unknown genome; accession ID isNZ_CASEUO010000029.1",1,6.29469508906144e-08,1,6.31777151470245e-08
NA,"unknown genome; accession ID isNZ_CASEUO010000033.1",1,6.29469508906144e-08,1,6.29645917881692e-08
NA,"unknown genome; accession ID isNZ_CASEUO010000045.1",1,6.29469508906144e-08,1,6.29469558690371e-08
NA,"unknown genome; accession ID isNZ_CASEUO010000062.1",1,6.29469508906144e-08,1,6.29495883713432e-08
2231351,"Epseptimavirus S124",1,6.29469508906144e-08,1,6.37060895498014e-08
1186124,"Salmonella phage SP-3",1,6.29469508906144e-08,1,6.29822102728254e-08
5082,"Penicillium roqueforti",1,6.29469508906144e-08,1,6.54632251295375e-08
1071378,"Naumovozyma dairenensis",1,6.29469508906144e-08,1,6.35132999311929e-08
226126,"Saccharomyces mikatae",1,6.29469508906144e-08,1,6.35122226186577e-08
2315449,"Yamadazyma tenuis",1,6.29469508906144e-08,1,6.33338882435748e-08
3367358,"Herbidospora sp. RD11066",1,6.29469508906144e-08,1,6.46511362034582e-08
111803,"Actinocorallia longicatena",1,6.29469508906144e-08,1,6.32615316296821e-08
2699172,"Bradyrhizobium sp. CSS354",1,6.29469508906144e-08,1,6.29469508906155e-08
1537797,"Streptomyces sp. B15",1,6.29469508906144e-08,1,6.32362527836223e-08
1836972,"Frankia canadensis",1,6.29469508906144e-08,1.1,6.84067331618686e-08
2813565,"Pseudomonas sp. 74_A",1,6.29469508906144e-08,1,6.30358676801888e-08
1929999,"Bacteroides sp. Phil13",1,6.29469508906144e-08,1,6.35758482521921e-08
665944,"Klebsiella sp. 4_1_44FAA",1,6.29469508906144e-08,1,6.29480026793972e-08
2941515,"Otoolea muris",1,6.29469508906144e-08,1,6.29469518268937e-08
3680479,"unknown genome; accession ID isNZ_JBWQEV010000002.1",1,6.29469508906144e-08,1,6.36770080228112e-08
2292920,"Bacteroides sp. AF18-33",1,6.29469508906144e-08,1,6.48621748894603e-08
3159710,"Salmonella sp. s58867",1,6.29469508906144e-08,1,6.29469736203271e-08
3159718,"Salmonella sp. s59461",1,6.29469508906144e-08,1,6.29469684522767e-08
2708058,"Pantoea sp. EKM10T",1,6.29469508906144e-08,1,6.29469508906155e-08
3159688,"Salmonella sp. s56041",1,6.29469508906144e-08,1,6.29469723799869e-08
3025336,"Pseudoalteromonas sp. Angola-7",1,6.29469508906144e-08,1,6.53430679689425e-08
3364105,"Kluyvera sp. NPDC087067",1,6.29469508906144e-08,1,6.29469528614639e-08
3681944,"unknown genome; accession ID isNZ_CEEDOR010000147.1",1,6.29469508906144e-08,1,6.29469508906155e-08
3449452,"unknown genome; accession ID isNZ_CDRJTA010000007.1",1,6.29469508906144e-08,1,6.36829665376611e-08
2746063,"Bacteroides sp. L10-4",1,6.29469508906144e-08,1.5,9.41846768678873e-08
2883262,"Blautia sp. 210702-DFI.1.159",1,6.29469508906144e-08,1.3,8.39394242947004e-08
1841857,"Culturomica massiliensis",1,6.29469508906144e-08,1,6.41923426046036e-08
2883186,"Blautia sp. MSK20_18",1,6.29469508906144e-08,1,6.32568181168261e-08
2305240,"Clostridium sp. AM25-23AC",1,6.29469508906144e-08,1,6.41236753360989e-08
3462002,"unknown genome; accession ID isNZ_JBSQBP010000151.1",1,6.29469508906144e-08,1,6.29469508906155e-08
2742763,"Blautia sp. MSK.21.1",1,6.29469508906144e-08,1,6.31428460960868e-08
2949744,"Blautia sp. MB18-30",1,6.29469508906144e-08,1,6.39876418471153e-08
2763064,"Roseburia zhanii",1,6.29469508906144e-08,1,6.31792095667602e-08
2997954,"Coprococcus sp. LG101-27",1,6.29469508906144e-08,1,6.32626343662814e-08
2364880,"Butyrivibrio sp. XB500-5",1,6.29469508906144e-08,1.2,7.43056713044976e-08
2293088,"Coprococcus sp. AF16-5",1,6.29469508906144e-08,1.2,7.45318873147992e-08
2185275,"Lawsonibacter sp.",1,6.29469508906144e-08,1.1,6.79897125511922e-08
37659,"Clostridium algidicarnis",1,6.29469508906144e-08,1,6.29469985466602e-08
2678891,"Faecalibacillus sp.",1,6.29469508906144e-08,1.2,7.3675901538749e-08
1777878,"Streptococcus sp. DD10",1,6.29469508906144e-08,1,6.30012443597704e-08
361101,"Streptococcus pseudoporcinus",1,6.29469508906144e-08,1,6.31218315389641e-08
3003654,"Streptococcus sp. 20925_1_77",1,6.29469508906144e-08,1.3,7.98510719236001e-08
110577,"Bartonella vinsonii",1,6.29469508906144e-08,1,6.30028046566403e-08
150240,"Gemella cuniculi",1,6.29469508906144e-08,1,6.29484656785741e-08
3143055,"Collinsella sp. 1033st1_B10_1033SCRN_220408",1,6.29469508906144e-08,1.3,8.22916065732538e-08
314261,"Candidatus Pelagibacter communis",1,6.29469508906144e-08,1,6.30012760700534e-08
2231355,"Epseptimavirus S132",1,6.29469508906144e-08,1.6,9.9840765427096e-08
742917,"Cyclovirus manukha",1,6.29469508906144e-08,1,6.29469508906155e-08
5077,"Penicillium citrinum",1,6.29469508906144e-08,1,6.29691993252615e-08
2705254,"Catenulispora pinistramenti",1,6.29469508906144e-08,1,6.29469508906155e-08
2485484,"Nostoc sp. 2RC",1,6.29469508906144e-08,1,6.30822867215511e-08
2056244,"Pseudomonas sp. QS1027",1,6.29469508906144e-08,1,6.29469508906155e-08
2836349,"Vibrio sp. D173a",1,6.29469508906144e-08,1,6.29469728433341e-08
3686499,"unknown genome; accession ID isNZ_JBVHNK010000441.1",1,6.29469508906144e-08,1,6.29469508906155e-08
2291999,"Bacteroides sp. AF39-11AC",1,6.29469508906144e-08,1,6.29469757926587e-08
2292362,"Parabacteroides sp. AM58-2XD",1,6.29469508906144e-08,1,6.29759281631071e-08
3681991,"unknown genome; accession ID isNZ_CEEDDH010000158.1",1,6.29469508906144e-08,1,6.29469508906155e-08
2920195,"Klebsiella sp. K5-212",1,6.29469508906144e-08,1,6.29480083506875e-08
2819982,"Klebsiella sp. KBG1",1,6.29469508906144e-08,1,6.29479555070519e-08
2603896,"Methylobacterium sp. WL19",1,6.29469508906144e-08,1,6.51890321861325e-08
2774531,"Deinococcus aestuarii",1,6.29469508906144e-08,1,6.30709287310331e-08
2947118,"Salmonella sp. A1656",1,6.29469508906144e-08,1,6.29469909502012e-08
3025340,"Pseudoalteromonas sp. Angola-22",1,6.29469508906144e-08,1.1,6.87918170639824e-08
665958,"Bacillus sp. BT1B_CT2",1,6.29469508906144e-08,1,6.29602336600645e-08
197461,"Pseudovibrio exalbescens",1,6.29469508906144e-08,1.4,8.78943849710851e-08
2861964,"Pseudoalteromonas sp. CR1",1,6.29469508906144e-08,1,6.44071368284166e-08
2981793,"Phocaeicola fibrisolvens",1,6.29469508906144e-08,1.1,7.00235467319668e-08
3469931,"unknown genome; accession ID isNZ_JBXWTN010000043.1",1,6.29469508906144e-08,1,6.29469508906155e-08
1602169,"Prevotella pectinovora",1,6.29469508906144e-08,1,6.46552909987851e-08
2293044,"Clostridium sp. OM05-6BH",1,6.29469508906144e-08,1,6.42816595936968e-08
3383024,"Acidithiobacillus sp. M4-SHS-6",1,6.29469508906144e-08,1,6.29469529609162e-08
3231303,"Enterococcus sp. C41",1,6.29469508906144e-08,1,6.29509650129403e-08
94136,"Alkalibacillus haloalkaliphilus",1,6.29469508906144e-08,1.3,8.48154549023724e-08
2292233,"Eubacterium sp. AF22-9",1,6.29469508906144e-08,1,6.29499100180447e-08
1739400,"Corynebacterium sp. HMSC069E04",1,6.29469508906144e-08,1,6.54827096971589e-08
2583528,"Leuconostoc sp. UCMA20149",1,6.29469508906144e-08,1,6.29864760859995e-08
1460997,"Bartonella sp. CR84HXZ",1,6.29469508906144e-08,1,6.29469508906155e-08
316088,"uncultured Rothia sp.",1,6.29469508906144e-08,1,6.29469511404149e-08
1871336,"Criibacterium bergeronii",1,6.29469508906144e-08,1,6.31668067368149e-08
1234680,"Streptococcus rubneri",1,6.29469508906144e-08,1,6.31562763827239e-08
3438462,"Streptococcus sp. W151",1,6.29469508906144e-08,1,6.31765421191908e-08
2710601,"Streptococcus sp. IMAU 99161",1,6.29469508906144e-08,1.1,6.94268586486396e-08
2954690,"Streptococcus sp. FSL L8-0526",1,6.29469508906144e-08,1,6.3166028219858e-08
1636586,"Skunavirus M1127",1,6.29469508906144e-08,1.1,6.76905979756293e-08
27288,"Naumovozyma castellii",1,6.29469508906144e-08,1.1,6.69544119516945e-08
164115,"Streptomyces niveiscabiei",1,6.29469508906144e-08,1,6.30145565136134e-08
2938946,"Streptomyces sp. AS02",1,6.29469508906144e-08,1,6.44033996723381e-08
654447,"Streptomyces youssoufiensis",1,6.29469508906144e-08,1,6.29469508906155e-08
2585199,"Nocardia aurantia",1,6.29469508906144e-08,1,6.29469508906155e-08
1501230,"Paenibacillus tyrfis",1,6.29469508906144e-08,1,6.2955172501135e-08
28893,"Streptomyces pilosus",1,6.29469508906144e-08,1,6.31051352802101e-08
1064539,"Azospirillum baldaniorum",1,6.29469508906144e-08,1.3,8.00262247180203e-08
3141586,"Bacteroides sp. MSSM.1001136sp1_RTP21357st2_D2_RTP21359_211015",1,6.29469508906144e-08,1,6.29595240678153e-08
3681933,"unknown genome; accession ID isNZ_CEEDBP010000129.1",1,6.29469508906144e-08,1,6.29469508906155e-08
1712679,"Pseudomonas sp. 2995-1",1,6.29469508906144e-08,1.4,8.64143557559895e-08
1925550,"Rhodococcus sp. M8",1,6.29469508906144e-08,1.5,9.4550303823073e-08
1921144,"Paenibacillus sp. FSL H7-0326",1,6.29469508906144e-08,1,6.47961651753272e-08
427369,"Streptomonospora halophila",1,6.29469508906144e-08,1,6.30527420850473e-08
3364104,"Klebsiella sp. NPDC088457",1,6.29469508906144e-08,1,6.29469611425245e-08
2592811,"Mycobacterium helveticum",1,6.29469508906144e-08,1.2,7.3561705839105e-08
92003,"Aromatoleum toluclasticum",1,6.29469508906144e-08,1,6.46233340228938e-08
3048599,"Pseudomonas sp. AH2 (2023)",1,6.29469508906144e-08,1.3,8.24067697709179e-08
3153424,"Klebsiella sp. CN_Kp105",1,6.29469508906144e-08,1,6.29480570898486e-08
2582616,"Salmonella sp. zj-f50",1,6.29469508906144e-08,1,6.29496964827536e-08
365590,"Shewanella hafniensis",1,6.29469508906144e-08,2,1.23299923823491e-07
3159721,"Salmonella sp. s60093",1,6.29469508906144e-08,1,6.2946971351029e-08
2607660,"Nocardioides humilatus",1,6.29469508906144e-08,1,6.30405116589139e-08
1074,"Rhodoblastus acidophilus",1,6.29469508906144e-08,1,6.29469508906155e-08
1965603,"Blautia sp. An249",1,6.29469508906144e-08,1,6.29471506804093e-08
2292974,"Blautia sp. AM28-36",1,6.29469508906144e-08,1,6.5854781848743e-08
2516961,"Muribaculum sp. NM65_B17",1,6.29469508906144e-08,1,6.51883027541919e-08
NA,"unknown genome; accession ID isNZ_CAMMSH010000001.1",1,6.29469508906144e-08,1,6.30074872696198e-08
1969168,"Blautia sp. LMAG:36",1,6.29469508906144e-08,1,6.51947053307986e-08
1262694,"Alistipes sp. CAG:29",1,6.29469508906144e-08,1,6.29481874978585e-08
1965646,"Barnesiella sp. An55",1,6.29469508906144e-08,1,6.29539403118825e-08
1581058,"Aerococcus sp. HMSC23C02",1,6.29469508906144e-08,1,6.39437248507917e-08
3697434,"unknown genome; accession ID isNZ_JBWPWU010000004.1",1,6.29469508906144e-08,1,6.29469508906155e-08
3438460,"Streptococcus sp. Z554",1,6.29469508906144e-08,1.7,1.05838911726644e-07
2749044,"Gardnerella sp. DNF00186",1,6.29469508906144e-08,1,6.29474329133853e-08
2596884,"Epseptimavirus OSYSTA",1,6.29469508906144e-08,1.1,7.11797697499376e-08
2231356,"Epseptimavirus S133",1,6.29469508906144e-08,1.2,7.63761793767104e-08
215243,"Exophiala oligosperma",1,6.29469508906144e-08,1,6.29469888147128e-08
176176,"Penicillium paradoxum",1,6.29469508906144e-08,1,6.29664905271422e-08
43959,"Saccharomycopsis crataegensis",1,6.29469508906144e-08,1.3,8.40496691854293e-08
638574,"Nonomuraea rosea",1,6.29469508906144e-08,1,6.29871889590738e-08
2769487,"Nocardia sp. XZ_19_369",1,6.29469508906144e-08,1.3,8.42083725806227e-08
2741325,"Streptomyces sp. CHD11",1,6.29469508906144e-08,1,6.30002336268899e-08
67344,"Streptomyces prasinopilosus",1,6.29469508906144e-08,1,6.4004528148901e-08
2787080,"Bacteroides sp. D55t1_190419_B8",1,6.29469508906144e-08,1,6.33637275289383e-08
3373370,"Antrihabitans spumae",1,6.29469508906144e-08,1.1,6.67359894796359e-08
2292951,"Bacteroides sp. AM37-9",1,6.29469508906144e-08,1.2,7.6167988576934e-08
2292938,"Bacteroides sp. AM16-13",1,6.29469508906144e-08,1.1,6.68030564808715e-08
46257,"Pseudomonas avellanae",1,6.29469508906144e-08,1,6.29469508906155e-08
1841610,"Planctopirus hydrillae",1,6.29469508906144e-08,1,6.29487609282599e-08
3713292,"unknown genome; accession ID isNZ_JBYRQX010000023.1",1,6.29469508906144e-08,1,6.29469696451423e-08
699437,"Arcticibacter tournemirensis",1,6.29469508906144e-08,1,6.42633993764389e-08
3159699,"Salmonella sp. s58078",1,6.29469508906144e-08,1,6.29829133330511e-08
2815912,"Shewanella sp. KT0246",1,6.29469508906144e-08,1,6.29469508906155e-08
3159639,"Salmonella sp. s32443",1,6.29469508906144e-08,1,6.29469709379523e-08
NA,"unknown genome; accession ID isNZ_CAKVCW010000035.1",1,6.29469508906144e-08,1,6.2946991365533e-08
52692,"Acetobacterium malicum",1,6.29469508906144e-08,1,6.3160739795733e-08
1570016,"Thioflexithrix psekupsensis",1,6.29469508906144e-08,1,6.31145757456207e-08
2977629,"Arthrobacter vasquezii",1,6.29469508906144e-08,1,6.29469508906155e-08
3143190,"Intestinimonas sp. RTP31139st1_F5_RTP31139_211217",1,6.29469508906144e-08,1,6.32633416838937e-08
3053469,"Halalkalicoccus sp. NIPERK01",1,6.29469508906144e-08,1.1,7.14744343925096e-08
3112112,"Clostridium sp. CTA-17",1,6.29469508906144e-08,1,6.29838631276057e-08
2041842,"Neobittarella massiliensis (ex Bilen et al. 2018)",1,6.29469508906144e-08,1.1,6.86989446464876e-08
881621,"Listeria ivanovii",1,6.29469508906144e-08,1,6.29469508906155e-08
3231282,"Enterococcus sp. C14",1,6.29469508906144e-08,1,6.29470155218314e-08
3438232,"unknown genome; accession ID isNZ_CP195165.1",1,6.29469508906144e-08,1.5,9.42087576363539e-08
3369477,"unknown genome; accession ID isNZ_CBCPLV010000001.1",1,6.29469508906144e-08,1,6.54476763288197e-08
2716727,"Tequatrovirus zeezee23",1,6.29469508906144e-08,1,6.30439380313891e-08
61420,"Aspergillus caelatus",1,6.29469508906144e-08,1,6.29469509149828e-08
232088,"Alternaria arbusti",1,6.29469508906144e-08,1,6.29469508969635e-08
36911,"Clavispora lusitaniae",1,6.29469508906144e-08,2,1.26997892841746e-07
324855,"Streptomyces marokkonensis",1,6.29469508906144e-08,1.4,8.5956275926055e-08
134536,"Paraburkholderia caledonica",1,6.29469508906144e-08,1,6.2981520394948e-08
2849171,"Bacteroides sp. MSK.18.39",1,6.29469508906144e-08,1.1,6.66597361539967e-08
2841668,"Streptomyces sp. CHA15",1,6.29469508906144e-08,1,6.30194962579856e-08
1470345,"Bacteroides timonensis",1,6.29469508906144e-08,1.2,7.44056183816526e-08
2841673,"Streptomyces sp. Vc714c-19",1,6.29469508906144e-08,1,6.29494891073441e-08
2665477,"Pseudomonas sp. PA-5-4A",1,6.29469508906144e-08,1,6.29469508906155e-08
2681412,"Roseomonas sp. 18066",1,6.29469508906144e-08,1,6.29469509298258e-08
1485586,"Streptomyces calidiresistens",1,6.29469508906144e-08,1,6.31762713477986e-08
13725,"Thiocystis violacea",1,6.29469508906144e-08,1,6.32691197726159e-08
3409962,"Klebsiella sp. R32",1,6.29469508906144e-08,1,6.29480352694916e-08
2912250,"Vibrio sp. A1-1",1,6.29469508906144e-08,1,6.2947109932616e-08
2933339,"Salmonella sp. 17E11",1,6.29469508906144e-08,1.5,9.34555474698903e-08
2590012,"Lysinibacillus agricola",1,6.29469508906144e-08,1,6.29469508906155e-08
1854499,"Noviherbaspirillum agri",1,6.29469508906144e-08,1,6.29469508906155e-08
3159671,"Salmonella sp. s54834",1,6.29469508906144e-08,1,6.29469889500735e-08
3159715,"Salmonella sp. s59311",1,6.29469508906144e-08,1,6.29469714621797e-08
3159647,"Salmonella sp. s47020",1,6.29469508906144e-08,1,6.30032162186239e-08
2202832,"Enterobacter sp. HPCN14",1,6.29469508906144e-08,1,6.29939680432741e-08
NA,"unknown genome; accession ID isNZ_ADJX01000020.1",1,6.29469508906144e-08,1,6.29672401260681e-08
3058044,"Nocardioides cremeus",1,6.29469508906144e-08,1,6.29469509059457e-08
3132707,"Alistipes sp. i18-0019-D1",1,6.29469508906144e-08,1,6.29756300835157e-08
2201324,"Mucilaginibacter hurinus",1,6.29469508906144e-08,1.1,6.77584197786841e-08
1642702,"Paludifilum halophilum",1,6.29469508906144e-08,1,6.38521584262019e-08
3133171,"Pseudoflavonifractor intestinihominis",1,6.29469508906144e-08,1.1,6.82176944447614e-08
NA,"unknown genome; accession ID isNZ_CALJQE010000004.1",1,6.29469508906144e-08,1,6.29964376041515e-08
NA,"unknown genome; accession ID isNZ_CALJQE010000005.1",1,6.29469508906144e-08,1,6.29769113551972e-08
2584637,"Dorea sp. BIOML-A1",1,6.29469508906144e-08,1,6.29681764017913e-08
3231318,"Enterococcus sp. C57",1,6.29469508906144e-08,1.1,6.73015423334039e-08
2804415,"Staphylococcus sp. GDY8P19P",1,6.29469508906144e-08,1.1,6.69295533832272e-08
2806443,"Turicibacter sp. TJ11",1,6.29469508906144e-08,1,6.29975297797779e-08
3458240,"unknown genome; accession ID isNZ_JBQSUN010000012.1",1,6.29469508906144e-08,1,6.33437234368064e-08
3692808,"unknown genome; accession ID isNZ_JBJLQV010000001.1",1,6.29469508906144e-08,1,6.34686328333875e-08
3018254,"Streptococcus sp. SS6",1,6.29469508906144e-08,1.1,6.74912028320143e-08
2582653,"Streptococcus sp. 714",1,6.29469508906144e-08,1.1,7.05714213082409e-08
