"TaxonomyID","Genome","read_count","Proportion","readsEM","EMProportion"
1955243,"Blautia sp.",3269562,0.202331567965347,3185662.2,0.197139563783374
40520,"Blautia obeum",2075063,0.128411925027535,2073992.3,0.128345664775926
36656,"Penicillium crustosum",1712194,0.105956362558918,1712192.4,0.105956265427086
47678,"Bacteroides caccae",1389781,0.0860043543625869,1377374.8,0.0852366139802163
105841,"Anaerostipes caccae",857348,0.0530555973956006,852199.4,0.0527369824375297
33035,"Blautia producta",758288,0.0469254291581892,761118.5,0.04710058825857
301301,"Roseburia hominis",746438,0.0461921110316666,733392.5,0.0453848122012287
818,"Bacteroides thetaiotaomicron",695861,0.0430622350076049,706236.8,0.0437043255826405
1150298,"Fusicatenibacter saccharivorans",615279,0.038075547980479,625536.2,0.0387103009405455
2949654,"Blautia sp. C3-R-101",421613,0.0260908401078108,494298.8,0.0305888845935163
1304,"Streptococcus salivarius",333792,0.020656179247951,333731.1,0.0206524085061045
102148,"Solobacterium moorei",283091,0.0175186296839999,283439.9,0.0175402187074513
1737424,"Blautia massiliensis (ex Durand et al. 2017)",254971,0.0157784688639312,255323.6,0.0158002919891037
39483,"Faecalitalea cylindroides",230825,0.0142842326206389,227507.8,0.0140789500122924
2293113,"Parabacteroides sp. AF17-3",210664,0.0130366016713712,210621,0.013033939796472
3143190,"Intestinimonas sp. RTP31139st1_F5_RTP31139_211217",195555,0.0121016055892084,195504.5,0.0120984820718652
562,"Escherichia coli",194565,0.012040341036866,194245,0.0120205414419677
1323,"Faecalicoccus pleomorphus",153131,0.00947626481287145,157040.2,0.00971818116659338
821,"Phocaeicola vulgatus",139066,0.00860587498590606,137908.5,0.00853424764620361
5068,"Aspergillus tubingensis",133731,0.00827572712050539,133613.3,0.00826844102293759
1196081,"Talaromyces amestolkiae",123406,0.0076367811579446,123408.2,0.00763691544400252
2763028,"Blautia intestinalis",111481,0.0068988217774567,113181.1,0.00700403102692312
1912855,"Faecalimonas umbilicata",88947,0.00550434155272594,93310.2,0.00577434994181441
1502,"Clostridium perfringens",87418,0.00540972185521936,87446.9,0.00541150807657013
39491,"Agathobacter rectalis",68803,0.00425776262102379,70297.8,0.00435026589270702
28116,"Bacteroides ovatus",58561,0.00362395297951796,56450.5,0.00349335035145165
626935,"Collinsella tanakaei",53575,0.00331540241590264,53574.6,0.00331537568212342
858893,"Exophiala dermatitidis",53141,0.00328854502628992,53141,0.00328854508229674
5480,"Candida parapsilosis",48952,0.00302931552147954,48951.3,0.00302927513143435
2292004,"Butyricicoccus sp. AM05-1",42905,0.00265510668510132,42809.8,0.00264921574355767
2293151,"Ruminococcus sp. AF17-12",32048,0.00198323876107976,34559.5,0.00213865840786859
33038,"Mediterraneibacter gnavus",29804,0.001844372442437,30534.5,0.00188958078938377
1579,"Lactobacillus acidophilus",29403,0.00181955720456902,29403.3,0.00181957668897808
89153,"[Clostridium] hylemonae",26751,0.00165544246435486,27004.7,0.001671142111878
1496,"Clostridioides difficile",20246,0.00125289103709501,20098.9,0.00124378723277686
35833,"Bilophila wadsworthia",20039,0.00124008117615069,20039.2,0.00124009337041435
674529,"Bacteroides faecis",19040,0.00117825967333246,22623.9,0.00140004079515951
2981789,"Dorea amylophila",18608,0.00115152605049214,16555.6,0.00102451454390243
261299,"Intestinibacter bartlettii",17651,0.00109230364989449,17574,0.00108753928414098
1547,"Thomasclavelia ramosa",17494,0.0010825879582604,17668.2,0.00109336840620103
330879,"Aspergillus fumigatus",14548,0.000900279502502131,14548.1,0.000900285535340502
817,"Bacteroides fragilis",13885,0.00085925081744859,14164.9,0.000876569971171707
180164,"Blautia schinkii",13882,0.000859065167289977,13870,0.00085832534792392
1495285,"Tequatrovirus e112",13172,0.000815127963084827,13075,0.000809122510430919
154288,"Turicibacter sanguinis",11827,0.000731894808639861,11823.7,0.000731693430596865
2292976,"Blautia sp. AM42-2",11050,0.000683811417559015,9953.7,0.000615966324451158
166486,"Roseburia intestinalis",10984,0.000679727114069522,10028.6,0.000620600993852484
2508195,"Phapecoctavirus schickermooser",9813,0.000607261668824128,9804.7,0.000606746239239885
2881264,"Blautia fusiformis",9442,0.000584302932542282,9741.9,0.000602860190943759
623,"Shigella flexneri",8728,0.000540118194792315,9090.2,0.000562532326203276
2986411,"Cohcovirus splanchnicus",8493,0.000525575599034273,9475.8,0.000586396023552555
29523,"Bacteroides sp.",8355,0.00051703569173806,8875,0.000549215045509108
1173297,"Halocynthia phage JM-2012",8103,0.000501441078414543,8103,0.000501441078414534
1567007,"Tequintavirus DT5712",7991,0.000494510139159646,7989,0.00049438688503792
2601632,"Pawinskivirus PS119XW",7494,0.000463754096216041,7494,0.000463754096216033
1439894,"Alcyoneusvirus K641",7386,0.000457070690505962,7386,0.000457070690505954
39486,"Dorea formicigenerans",7287,0.000450944235271723,8672.5,0.000536683008637656
2126740,"Clostridium fessum",7090,0.000438753208189449,6871.9,0.000425257052884863
1463164,"Klebsiella quasipneumoniae",7086,0.000438505674644632,7060.8,0.0004369468874965
1311,"Streptococcus agalactiae",6846,0.000423653661955567,6481.9,0.000401123606143283
2773922,"Fusicatenibacter sp.",6825,0.000422354110845274,7210.7,0.000446224279493651
1297617,"Intestinimonas butyriciproducens",6570,0.000406573847363143,6743.3,0.000417301319367519
2885687,"Escherichia phage NTEC3",6200,0.000383676994467502,6161.7,0.000381303862864355
1929886,"Eggerthella sp.",5559,0.000344009743910458,5560.4,0.000344095296326242
1816688,"Ruminococcus sp. Marseille-P328",5386,0.000333303918097091,5196.3,0.000321561689481291
360807,"Roseburia inulinivorans",5292,0.000327486879793874,5748.9,0.000355761114586741
2711185,"Kuravirus MN05",5067,0.000313563117897876,4581.1,0.000283491486679154
2877527,"Blautia parvula",5032,0.000311397199380721,5176.7,0.000320354410705208
469585,"Bacteroides sp. 1_1_14",4883,0.00030217657483626,4690.6,0.000290267741753144
1675603,"Mooglevirus mordin",4868,0.000301248324043193,4868,0.000301248324043188
594,"Salmonella enterica",4700,0.000290851915160848,4854.2,0.000300397419007033
1448317,"Aspergillus costaricensis",4643,0.000287324562147195,4331.7,0.000268060959915457
2986396,"Kingevirus communis",4530,0.000280331739506094,4530,0.000280331739506089
1981500,"Vequintavirus V18",4456,0.000275752368926966,4461.1,0.000276067271622013
2292984,"Blautia sp. OM06-15AC",4167,0.000257868070313884,3842.1,0.000237763931897633
2508185,"Dhillonvirus PTXU06",4086,0.000252855516031324,4058.4,0.000251149713722576
2093857,"Dysosmobacter welbionis",4082,0.000252607982486507,4099.9,0.000253715562833661
1540095,"Moonvirus moon",4061,0.000251308431376214,3891,0.000240785401258375
89014,"Blautia luti",4043,0.000250194530424534,4986.1,0.00030855496185062
592978,"Mediterraneibacter faecis",3878,0.000239983771700802,4133.7,0.000255809638552527
2865794,"Suseptimavirus 101114UKE3",3747,0.000231877048108021,3753.1,0.000232257265239285
1391223,"Gamaleyavirus APEC7",3543,0.000219252837322316,3528.8,0.000218374517485964
853,"Faecalibacterium prausnitzii",3491,0.000216034901239685,3812,0.000235902470456023
1673721,"Intestinimonas massiliensis (ex Afouda et al. 2020)",3409,0.000210960463570921,3573.6,0.000221149316127683
197614,"Streptococcus pasteurianus",3337,0.000206504859764202,3392.3,0.000209924355640132
2479767,"Blautia sp. SC05B48",3262,0.000201863605798869,3433.2,0.000212460868862682
2910155,"Carltongylesvirus SKA49",3051,0.000188806211309733,3051,0.00018880621130973
2981769,"Waltera acetigignens",2812,0.000174016082006873,2321.6,0.000143666130411054
1880822,"Klebsiella virus PMBT1",2786,0.000172407113965558,2785.9,0.000172402045338383
2762819,"Eowynvirus eowyn",2707,0.000167518326455408,2707,0.000167518326455405
1933774,"Loudonvirus EC3a",2589,0.000160216086883284,2589,0.000160216086883281
93974,"Bacteroides sp. AR20",2552,0.00015792640159372,2627.8,0.000162615153342082
1343,"Streptococcus vestibularis",2501,0.000154770348897294,2118.7,0.000131113764191919
1161417,"Streptococcus sp. SR4",2453,0.000151799946359481,2122.3,0.000131337372221485
2591382,"Dysosmobacter sp.",2376,0.000147034925621739,2379.9,0.000147277750874273
1314,"Streptococcus pyogenes",2282,0.000141217887318522,2380.3,0.000147298082988117
1681,"Bifidobacterium bifidum",2257,0.000139670802663411,2224.3,0.000137646969639806
2292986,"Blautia sp. TF10-30",2168,0.000134163181291217,2296,0.00014208403762081
1852563,"Vilniusvirus NBD2",2166,0.000134039414518808,2164,0.000133915822543691
1715116,"Streptococcus sp. HMSC065H07",2162,0.00013379188097399,1959.4,0.00012125686420582
2024228,"Prevotella sp. P4-51",2099,0.000129893227643111,1952,0.000120798101344703
2292980,"Blautia sp. OF03-13",2062,0.000127603542353546,2231.3,0.000138078771802945
287,"Pseudomonas aeruginosa",2039,0.000126180224470844,2036.1,0.000126001034978108
2163605,"Wroclawvirus PA5oct",2037,0.000126056457698436,2032.8,0.000125798116073753
1874589,"Skunavirus sv3R16S",2021,0.000125066323519165,1654.8,0.000102407254797636
47858,"Micromonospora echinofusca",1906,0.000117949734105654,1847.3,0.000114319823265976
1041524,"Przondovirus K30",1904,0.000117825967333246,1904,0.000117825967333244
2762566,"Streptococcus sp. 21.1",1888,0.000116835833153975,1945.5,0.000120394598963537
208479,"Enterocloster bolteae",1880,0.000116340766064339,1904.2,0.000117837876407541
2949660,"Bacteroides sp. B1-V-101",1855,0.000114793681409228,1952.1,0.000120802711220405
536633,"Blautia glucerasea",1803,0.000111575745326598,1867.9,0.000115590049650364
188913,"Cetobacterium somerae",1797,0.000111204445009371,1798,0.000111264776754602
2986997,"Romboutsia sp. 1001216sp1",1771,0.000109595476968056,1770.2,0.000109547296266541
948870,"Justusliebigvirus phi92",1743,0.000107862742154331,1745.8,0.000108038722285009
2172043,"Bifidobacterium tibiigranuli",1738,0.000107553325223309,1687.4,0.000104419653529362
2866663,"Kuravirus IMEP8",1730,0.000107058258133674,2207.7,0.000136622227853352
2981770,"Gallintestinimicrobium propionicum",1701,0.000105263639933745,2041,0.000126303588347534
2927224,"Akkermansia massiliensis",1685,0.000104273505754474,1684.3,0.000104231613017926
3038130,"Hominisplanchenecus sp.",1667,0.000103159604802794,1711.5,0.00010591043480781
2562174,"Bimevirus IME346",1645,0.000101798170306297,1641.1,0.000101555680023134
2040332,"Dorea sp.",1627,0.000100684269354617,1698.9,0.000105132647336351
2763023,"Bacteroides hominis",1626,0.000100622385968412,2323.6,0.000143789397926819
2994968,"Bacteroides sp. LFL-34",1619,0.000100189202264981,1603.8,9.92471066701668e-05
1390,"Bacillus amyloliquefaciens",1606,9.93847182443238e-05,1541.2,9.53746323869444e-05
871665,"Blautia faecis",1604,9.92609514719149e-05,1801.9,0.000111507566635546
103621,"Actinomyces urogenitalis",1587,9.82089339064395e-05,1587,9.82089339064378e-05
518,"Bordetella bronchiseptica",1562,9.66618492513286e-05,1510.2,9.34550056305446e-05
290055,"Faecalicatena fissicatena",1548,9.57954818444665e-05,1557,9.63515473030402e-05
1805466,"Kayfunavirus SH3",1511,9.35057965549024e-05,1433.5,8.8710768609896e-05
2081604,"Tequatrovirus ecomg28",1493,9.23918956032225e-05,1518.5,9.39716079910033e-05
3133172,"Alistipes intestinihominis",1485,9.18968285135871e-05,1497.2,9.26539881989046e-05
2981794,"Roseburia amylophila",1391,8.60797902103701e-05,1260.7,7.80139957040454e-05
1642588,"Septimatrevirus DLP1",1373,8.49658892586903e-05,1373,8.49658892586888e-05
762660,"Acinetobacter phage Ac42",1370,8.47802391000769e-05,1370,8.47802391000755e-05
2292972,"Blautia sp. AM28-10",1368,8.46564723276681e-05,1702.4,0.000105351862190404
1448310,"Aspergillus neoniger",1335,8.26143205829217e-05,1536.2,9.50624556485445e-05
204516,"Phocaeicola massiliensis",1328,8.21811368794906e-05,1192.4,7.37912942883873e-05
2026130,"Warwickvirus wv95",1320,8.16860697898552e-05,1319.4,8.16471966613123e-05
2500819,"Skunavirus MV10L",1303,8.06340522243798e-05,1286.3,7.95980451747527e-05
2508187,"Dhillonvirus WF1",1255,7.76636496865668e-05,1281.7,7.93146399952057e-05
1351,"Enterococcus faecalis",1233,7.63022151900693e-05,1303,8.06362305158463e-05
907,"Megasphaera elsdenii",1233,7.63022151900693e-05,1234.6,7.64006182701038e-05
60172,"Penicillium solitum",1180,7.30223957212342e-05,1102.4,6.82182470446971e-05
1720300,"Mediterraneibacter massiliensis",1179,7.29605123350297e-05,1093.6,6.76768256726382e-05
2762573,"Streptococcus sp. 2.1",1178,7.28986289488253e-05,1309.4,8.10329729099492e-05
2305483,"Ceduovirus blBB94p4",1119,6.92475091627636e-05,1114.9,6.89955001492343e-05
820,"Bacteroides uniformis",1093,6.76385411214482e-05,1055.6,6.53242389863978e-05
2292967,"Blautia sp. AF32-4BH",1087,6.72672408042216e-05,1644.6,0.000101774812621613
1765,"Mycobacterium tuberculosis",1064,6.58439229215196e-05,1069.5,6.61838351244735e-05
2292990,"Blautia sp. TM10-2",1055,6.52869724456797e-05,1163,7.19680239832773e-05
1675602,"Moonvirus merlin",1052,6.51013222870664e-05,1221.3,7.55757394972383e-05
2292971,"Blautia sp. AM23-13AC",1047,6.47919053560442e-05,1374.6,8.50649374018319e-05
1511807,"Rosavirus acaliforni",1039,6.42968382664087e-05,1039,6.42968382664076e-05
2293025,"Clostridium sp. AM27-28",1026,6.34923542457511e-05,1200.6,7.42973559252325e-05
1540098,"Seuratvirus seurat",1025,6.34304708595466e-05,1025,6.34304788894273e-05
2886925,"Enquatrovirus N4",1009,6.24403366802757e-05,1009,6.24403366802746e-05
31971,"Amedibacillus dolichus",996,6.1635852659618e-05,1180.5,7.30515497694985e-05
2029659,"Skunavirus sv16802",986,6.10170187975736e-05,1071,6.62799312091156e-05
1604356,"Gamaleyavirus ECBP1",960,5.94080507562583e-05,973.7,6.02549287149467e-05
709484,"Karamvirus cc31",952,5.89129836666228e-05,952.8,5.89615965742827e-05
2041760,"Kayfunavirus IMM002",950,5.87892168942139e-05,959.1,5.93530577221724e-05
2302925,"Bacteroides sp. AF32-8BH",938,5.80466162597607e-05,910.7,5.6354461695063e-05
371601,"Bacteroides xylanisolvens",928,5.74277823977164e-05,987.5,6.11105757414531e-05
2714735,"Hanrivervirus PGN590",907,5.61282312874232e-05,907.6,5.61671044159637e-05
1965537,"Flavonifractor sp. An10",906,5.60663479012188e-05,894.9,5.53786039040337e-05
1567028,"Gaprivervirus vr25",900,5.56950475839922e-05,899.3,5.56542353589986e-05
1448311,"Aspergillus vadensis",894,5.53237472667655e-05,981,6.07099920519356e-05
357276,"Phocaeicola dorei",889,5.50143303357434e-05,935.3,5.78809829063804e-05
2885356,"Hominilimicola fabiformis",887,5.48905635633345e-05,905.7,5.60507425383127e-05
3132704,"Bacteroides sp. f07",882,5.45811466323123e-05,1015.7,6.28528809880392e-05
1930076,"Leuconostoc sp.",870,5.38385459978591e-05,895,5.53848885899176e-05
2292981,"Blautia sp. OF09-25XD",815,5.04349597566151e-05,936.4,5.79481323052853e-05
2762567,"Streptococcus sp. 17.1",807,4.99398926669796e-05,1139.9,7.05400700430138e-05
1897051,"Bacteroides sp. 43_46",804,4.97542425083663e-05,860.6,5.32567755583377e-05
1141139,"Vectrevirus ACGC91",803,4.96923591221619e-05,803,4.9692359122161e-05
2986405,"Kahnovirus copri",802,4.96304757359575e-05,802,4.96304757359566e-05
292800,"Flavonifractor plautii",790,4.88878751015042e-05,804.8,4.98055299178759e-05
2815806,"Waltera sp.",784,4.85165747842776e-05,706.6,4.37252782017266e-05
2029660,"Skunavirus sv30804",760,4.70313735153712e-05,895.7,5.54269496831778e-05
410072,"Coprococcus comes",745,4.61031227223046e-05,984.9,6.09471529494258e-05
2849174,"Bacteroides sp. MSK.20.82",744,4.60412393361002e-05,759.2,4.69820006891408e-05
1796613,"Bacteroides caecimuris",729,4.51129885430336e-05,775.6,4.79971772415951e-05
2986398,"Jahgtovirus intestinalis",722,4.46798048396026e-05,722,4.46798048396018e-05
2713279,"Epseptimavirus bastian",710,4.39372042051494e-05,630.5,3.90165388758735e-05
5076,"Penicillium chrysogenum",709,4.38753208189449e-05,760.1,4.70373394921795e-05
2592640,"Blautia sp. MCC283",709,4.38753208189449e-05,752.1,4.6543486815163e-05
29391,"Gemella morbillorum",688,4.25757697086518e-05,690,4.2700301396325e-05
2883186,"Blautia sp. MSK20_18",683,4.22663527776296e-05,720.7,4.4598407501385e-05
225992,"Comamonas kerstersii",679,4.20188192328119e-05,679.8,4.20671294775748e-05
2293132,"Roseburia sp. AF25-13LB",674,4.17094023017897e-05,920.7,5.69739952704073e-05
3141591,"Blautia sp. RTP21359st1_E11_RTP21359_211015",668,4.13381019845631e-05,683,4.22633530023064e-05
329854,"Bacteroides intestinalis",648,4.01004342604744e-05,739.6,4.57689465691585e-05
1309,"Streptococcus mutans",641,3.96672505570433e-05,631.6,3.90861200015083e-05
581037,"Pbunavirus pv141",641,3.96672505570433e-05,641,3.96672505570426e-05
2292960,"Blautia sp. AF19-1",637,3.94197170122256e-05,718.4,4.44574121702238e-05
1686,"Bifidobacterium catenulatum",633,3.91721834674078e-05,611.8,3.78611803581786e-05
698487,"Kagunavirus K1H",633,3.91721834674078e-05,640.6,3.96454369210492e-05
2293160,"Ruminococcus sp. AF20-12LB",622,3.8491466219159e-05,655.2,4.05458506761357e-05
1308,"Streptococcus thermophilus",617,3.81820492881368e-05,761.1,4.7099825561174e-05
3029762,"Bacillus sp. 159",588,3.63874310882082e-05,687.2,4.25285110614337e-05
1247113,"Astrovirus VA4",587,3.63255477020038e-05,587,3.63255477020031e-05
2589652,"Henuseptimavirus henu7",567,3.50878799779151e-05,569,3.52086768031789e-05
1679,"Bifidobacterium longum",564,3.49022298193018e-05,623,3.85522318367609e-05
47715,"Lacticaseibacillus rhamnosus",555,3.43452793434618e-05,555,3.43483119415153e-05
670,"Vibrio parahaemolyticus",550,3.40358624124396e-05,549.9,3.40294503262311e-05
27334,"Penicillium expansum",550,3.40358624124396e-05,548,3.39149026327958e-05
1839799,"Streptococcus sp. FDAARGOS_192",549,3.39739790262352e-05,531.3,3.28787104440309e-05
1940789,"Lactococcus petauri",543,3.36026787090086e-05,543.1,3.36059457035002e-05
3143057,"Blautia sp. 2227st1_G12_2227SCRN_220401",543,3.36026787090086e-05,588.8,3.64389324441283e-05
29466,"Veillonella parvula",539,3.33551451641909e-05,538.2,3.3302633179796e-05
2029671,"Skunavirus sv66901",530,3.27981946883509e-05,605.2,3.74540086508155e-05
1069201,"Aspergillus luchuensis",527,3.26125445297376e-05,598.3,3.70257884850414e-05
2508180,"Tequatrovirus kaw",506,3.13129934194445e-05,577.1,3.57112016058079e-05
3374692,"unknown genome; accession ID isNZ_JBIPTC010000001.1",502,3.10654598746267e-05,509.7,3.15390694016235e-05
573,"Klebsiella pneumoniae",496,3.06941595574001e-05,553.6,3.42602294033294e-05
2650157,"Bacteroides zhangwenhongii",493,3.05085093987868e-05,514,3.18090688855638e-05
2498453,"Geminicoccus harenae",491,3.03847426263779e-05,628.8,3.89132382072784e-05
1346893,"Scuticavirus SMA6",491,3.03847426263779e-05,491,3.03837780459048e-05
2892346,"Skunavirus sv712",478,2.95802586057203e-05,529.2,3.27477687571127e-05
1305,"Streptococcus sanguinis",459,2.8404474267836e-05,455.1,2.81602056715204e-05
2675237,"Ceduovirus CHPC1020",458,2.83425908816316e-05,461.6,2.85642532742229e-05
46228,"[Ruminococcus] lactaris",456,2.82188241092227e-05,478.9,2.96361402069342e-05
2981768,"Anthropogastromicrobium aceti",453,2.80331739506094e-05,449.1,2.77930921587623e-05
1917876,"Blautia sp. Marseille-P3087",448,2.77237570195872e-05,446.1,2.76070366179736e-05
2763027,"Blautia difficilis",446,2.75999902471783e-05,428.1,2.64951446673851e-05
5083,"Penicillium canescens",445,2.75381068609739e-05,428.8,2.65356239035362e-05
2949662,"Coprococcus sp. B2-R-112",425,2.63004391368852e-05,427.7,2.64670281794976e-05
2974253,"Segatella sp.",424,2.62385557506807e-05,410,2.53747139336316e-05
1147150,"Nochtlivirus mEp235",417,2.58053720472497e-05,399.5,2.47194348117621e-05
2763672,"Simiaoa sunii",409,2.53103049576142e-05,669.4,4.14271841915178e-05
29363,"Clostridium paraputrificum",408,2.52484215714098e-05,408,2.52484544867617e-05
76857,"Fusobacterium polymorphum",407,2.51865381852053e-05,409.8,2.53600328198506e-05
39496,"Eubacterium ventriosum",401,2.48152378679787e-05,383,2.37016514636458e-05
1531,"Enterocloster clostridioformis",397,2.4567704323161e-05,417.5,2.58373028763224e-05
2021311,"Agathobacter sp.",375,2.32062698266634e-05,361,2.23404245674716e-05
1680,"Bifidobacterium adolescentis",375,2.32062698266634e-05,421,2.60559658725491e-05
3018255,"Streptococcus sp. SS9",368,2.27730861232323e-05,355.1,2.19775291796684e-05
1788294,"Kayfunavirus 101118UKE1",365,2.2587435964619e-05,430.8,2.6657429981433e-05
2293043,"Clostridium sp. OM05-5BH",355,2.19686021025747e-05,388.9,2.40651046394401e-05
2944204,"Jutongia sp.",345,2.13497682405303e-05,334.9,2.07249202063148e-05
1280,"Staphylococcus aureus",337,2.08547011508948e-05,426.4,2.63900807837436e-05
2292993,"Clostridium sp. AF02-29",332,2.05452842198727e-05,366.6,2.26887648054262e-05
169435,"Anaerotruncus colihominis",331,2.04834008336682e-05,347.3,2.14930027578936e-05
3002517,"Butyricicoccus sp. OF27-2pH9A",325,2.01121005164416e-05,337.6,2.08944612266588e-05
1156431,"Streptococcus ilei",324,2.00502171302372e-05,350.8,2.17111985933923e-05
1595998,"Human smacovirus 1",322,1.99264503578283e-05,322,1.9926450357828e-05
197,"Campylobacter jejuni",318,1.96789168130106e-05,320.6,1.98412514107014e-05
40994,"Penicillium hordei",313,1.93694998819884e-05,311.2,1.92610183204996e-05
2883184,"Blautia sp. MSK17_66",311,1.92457331095795e-05,274.1,1.69612520500986e-05
1965305,"Terrisporobacter sp.",309,1.91219663371706e-05,309,1.91236978925978e-05
1739371,"Streptococcus sp. HMSC064H09",308,1.90600829509662e-05,333.2,2.06222171549833e-05
1579339,"Streptococcus sp. 449_SSPC",307,1.89981995647618e-05,295.6,1.82950181637485e-05
1715086,"Streptococcus sp. HMSC078H03",306,1.89363161785573e-05,298.6,1.8478294293247e-05
823,"Parabacteroides distasonis",302,1.86887826337396e-05,307.6,1.90366053195744e-05
2963958,"Citrobacter sp. Igbk 16",301,1.86268992475352e-05,245.4,1.51855718214641e-05
1871018,"Angelakisella massiliensis",297,1.83793657027174e-05,310.4,1.9208126880544e-05
1841855,"Bacteroides bouchesdurhonensis",295,1.82555989303085e-05,354.8,2.19543222206225e-05
NA,"unknown genome; accession ID isNZ_CASEUO010000003.1",290,1.79461819992864e-05,291.2,1.80185690661229e-05
1971762,"Holdemanella sp.",289,1.78842986130819e-05,289.9,1.79392205943536e-05
1872530,"Anaerostipes sp.",276,1.70798145924243e-05,258.3,1.59820882356361e-05
3025757,"Thomasclavelia sp.",275,1.70179312062198e-05,278.9,1.72569058483314e-05
338106,"Alphatrevirus NC28",274,1.69560478200154e-05,272.7,1.6877849410443e-05
2986996,"Ruminococcus sp. 1001136sp1",272,1.68322810476065e-05,246.2,1.52340571054852e-05
2292968,"Blautia sp. AF34-10",270,1.67085142751976e-05,284.3,1.75910063745714e-05
2109687,"Oscillibacter sp. PEA192",262,1.62134471855622e-05,288.9,1.78775789066565e-05
3053355,"Streptococcus raffinosi",260,1.60896804131533e-05,263.2,1.62907904497919e-05
936576,"Streptococcus sp. ACS2",256,1.58421468683355e-05,267.8,1.65751686118646e-05
328812,"Parabacteroides goldsteinii",249,1.54089631649045e-05,228.6,1.414709322474e-05
2478953,"Blautia sp. aa_0143",240,1.48520126890646e-05,290.3,1.79642882342624e-05
3369477,"unknown genome; accession ID isNZ_CBCPLV010000002.1",238,1.47282459166557e-05,253.4,1.56835378821944e-05
2981786,"Coprococcus aceti",232,1.43569455994291e-05,246.2,1.52385002082949e-05
1897495,"Phapecoctavirus ESCO5",231,1.42950622132247e-05,236.5,1.46345116668071e-05
213774,"Skunavirus P475",229,1.41712954408158e-05,245.3,1.51809770136989e-05
571,"Klebsiella oxytoca",224,1.38618785097936e-05,225.1,1.39292142337988e-05
3141597,"Ruminococcus sp. J1101004sp1_RTP21198st1_B9_RTP21198_201120",224,1.38618785097936e-05,220.1,1.36229455220766e-05
1448314,"Aspergillus eucalypticola",222,1.37381117373847e-05,245.5,1.51920306881254e-05
1920491,"Pseudomonas sp. FSL W5-0203",222,1.37381117373847e-05,212.9,1.3171965717196e-05
1211280,"Tulanevirus ime13",216,1.33668114201581e-05,216,1.33668114201579e-05
116085,"Coprococcus catus",215,1.33049280339537e-05,256.9,1.58991161022064e-05
2419761,"Epseptimavirus mar003J3",215,1.33049280339537e-05,225.6,1.39599185254175e-05
858632,"Streptomyces sp. JV178",214,1.32430446477492e-05,202,1.25033254101913e-05
246787,"Bacteroides cellulosilyticus",212,1.31192778753404e-05,260.1,1.60943852852245e-05
3133153,"Blautia aquisgranensis",210,1.29955111029315e-05,222.6,1.37776987819955e-05
85831,"Bacteroides acidifaciens",207,1.28098609443182e-05,210.2,1.30062899430661e-05
2508193,"Wifcevirus WFC",207,1.28098609443182e-05,207,1.2809860944318e-05
2897708,"Mediterraneibacter sp. NSJ-151",206,1.27479775581138e-05,247,1.52880268551586e-05
3374692,"unknown genome; accession ID isNZ_JBIPTC010000002.1",204,1.26242107857049e-05,206.8,1.27971050048317e-05
910310,"Turicibacter sp. HGF1",200,1.23766772408871e-05,203,1.25648871608421e-05
1581080,"Streptococcus sp. HMSC10E12",199,1.23147938546827e-05,263.6,1.6310416955347e-05
1512,"[Clostridium] symbiosum",198,1.22529104684783e-05,219.2,1.35653733872735e-05
2029675,"Skunavirus sv96403",198,1.22529104684783e-05,211,1.30583509738305e-05
1527506,"Teseptimavirus CICC80001",195,1.2067260309865e-05,193.5,1.19723394177378e-05
2509240,"Blautia faecicola",194,1.20053769236605e-05,212,1.3120597015299e-05
1527524,"Pseudotevenvirus miller",192,1.18816101512517e-05,192.1,1.18866787784233e-05
3114282,"Streptococcus parasalivarius",183,1.13246596754117e-05,240.7,1.48929858714508e-05
1965576,"Pseudoflavonifractor sp. An184",182,1.12627762892073e-05,184.2,1.13965421256685e-05
2049040,"Roseburia sp.",181,1.12008929030029e-05,177.4,1.09790184352699e-05
2358141,"Anaerotignum faecicola",180,1.11390095167984e-05,171.9,1.06395501577815e-05
2789016,"Qubevirus durum",177,1.09533593581851e-05,177,1.09533593581849e-05
39485,"Lachnospira eligens",176,1.08914759719807e-05,200.3,1.23931943815604e-05
2885357,"Hominenteromicrobium mulieris",174,1.07677091995718e-05,184.5,1.14189187106525e-05
2652274,"Eisenbergiella porci",174,1.07677091995718e-05,208.4,1.28952643491123e-05
1448313,"Aspergillus piperis",170,1.05201756547541e-05,211.5,1.30894464502369e-05
2292979,"Blautia sp. AM47-4",169,1.04582922685496e-05,201.8,1.2488720570825e-05
40545,"Sutterella wadsworthensis",168,1.03964088823452e-05,168,1.03963965483176e-05
1572753,"Berlinvirus P483",166,1.02726421099363e-05,167.2,1.03491457978119e-05
3420582,"Candidatus Pseudoscillospira sp. SGI.172",165,1.02107587237319e-05,132.3,8.18498191758398e-06
3438908,"Blautia sp. HCP28S3_G10",164,1.01488753375275e-05,175,1.08280554575542e-05
29845,"Penicillium vulpinum",164,1.01488753375275e-05,167,1.03322975704832e-05
2292942,"Bacteroides sp. AM23-12",162,1.00251085651186e-05,165.8,1.02602724006352e-05
1965293,"Intestinimonas sp.",160,9.90134179270972e-06,163.2,1.00994281350422e-05
864178,"Clostridium phage phiCD6356",160,9.90134179270972e-06,160.1,9.90603313704879e-06
1624,"Ligilactobacillus salivarius",152,9.40627470307423e-06,152.3,9.42460738895445e-06
1147145,"Kwaitsingvirus HK446",152,9.40627470307423e-06,169.8,1.05071836042386e-05
2763050,"Hungatella hominis",152,9.40627470307423e-06,157,9.71786772544331e-06
1415628,"Gyrovirus homsa2",145,8.97309099964318e-06,145,8.97309099964303e-06
1841865,"Mediterranea massiliensis",143,8.84932422723431e-06,141.1,8.72889400734942e-06
1297123,"Mycobacterium leprae",141,8.72555745482544e-06,144.4,8.9370447809876e-06
3458240,"unknown genome; accession ID isNZ_JBQSUN010000001.1",141,8.72555745482544e-06,168.9,1.04522434650869e-05
NA,"unknown genome; accession ID isNZ_CASEUO010000022.1",139,8.60179068241657e-06,147.2,9.10728376942775e-06
3420949,"Kitasatospora sp. LaBMicrA B282",138,8.53990729621213e-06,120.2,7.44021437861866e-06
1739483,"Streptococcus sp. HMSC078H12",138,8.53990729621213e-06,171,1.05841472419964e-05
1805476,"Blautia sp. Marseille-P2398",134,8.29237375139439e-06,146,9.03356546248695e-06
1316411,"Streptococcus sp. HSISS2",131,8.10672359278108e-06,160.9,9.95477453830206e-06
2293011,"Clostridium sp. AF34-10BH",131,8.10672359278108e-06,138.8,8.58973747704048e-06
2292248,"Ruminococcus sp. AF17-22AC",131,8.10672359278108e-06,136.2,8.42858912331621e-06
2488596,"Dhillonvirus PNS1",130,8.04484020657664e-06,130.4,8.07123623911299e-06
2890409,"Candidatus Nitrotoga sp. M5",128,7.92107343416777e-06,140.9,8.72093297564882e-06
60171,"Penicillium verrucosum",126,7.7973066617589e-06,140.4,8.68606657091739e-06
1397112,"Patiriisocius marinus",126,7.7973066617589e-06,134.3,8.30895086493043e-06
574649,"Agrococcus terreus",123,7.61165650314559e-06,114.6,7.08880551606864e-06
3133164,"Hominiventricola aquisgranensis",123,7.61165650314559e-06,119.9,7.42106082937635e-06
33040,"Streptococcus milleri",122,7.54977311694116e-06,121.1,7.49546659204221e-06
40518,"Ruminococcus bromii",121,7.48788973073672e-06,125.4,7.75907703061562e-06
1511882,"Bocaparvovirus primate2",120,7.42600634453229e-06,120,7.42600634453216e-06
1735,"Holdemanella biformis",119,7.36412295832785e-06,129.3,8.00455166517891e-06
871325,"Bacteroides faecichinchillae",118,7.30223957212342e-06,119.4,7.38876579915178e-06
2029667,"Skunavirus sv57001",118,7.30223957212342e-06,137.9,8.53500395623454e-06
1261,"Peptostreptococcus anaerobius",116,7.17847279971454e-06,115.3,7.13514792054924e-06
1352,"Enterococcus faecium",115,7.11658941351011e-06,117,7.23982952753285e-06
2949744,"Blautia sp. MB18-30",115,7.11658941351011e-06,170.5,1.05539466536481e-05
2292966,"Blautia sp. AF26-2",115,7.11658941351011e-06,127.8,7.91054945114046e-06
765821,"uncultured Blautia sp.",114,7.05470602730567e-06,119.9,7.41854931044743e-06
2029658,"Skunavirus sv05601",113,6.99282264110124e-06,124.2,7.68872523443118e-06
2841515,"Falcatimonas sp. MSJ-15",112,6.9309392548968e-06,112.2,6.94515977257759e-06
2841517,"Blautia sp. MSJ-19",111,6.86905586869237e-06,120.6,7.4614843465623e-06
2292958,"Blautia sp. AF14-40",111,6.86905586869237e-06,120.5,7.45461026078357e-06
1685,"Bifidobacterium breve",110,6.80717248248793e-06,120.5,7.4562660742124e-06
2866597,"Streptococcus sp. Marseille-Q3604",110,6.80717248248793e-06,129.8,8.03163004775712e-06
3695680,"unknown genome; accession ID isNZ_JBWLUR010000006.1",110,6.80717248248793e-06,120.9,7.48187090454687e-06
3134657,"Mediterraneibacter sp. ICN-202921",109,6.74528909628349e-06,109.6,6.78311742223922e-06
2293030,"Clostridium sp. AM34-9AC",109,6.74528909628349e-06,116.4,7.20025582590337e-06
2965274,"Blautia sp. MSK.18.38",108,6.68340571007906e-06,119.3,7.38136323723964e-06
1835702,"Penicillium arizonense",107,6.62152232387462e-06,121.9,7.54358380496566e-06
2508069,"Epseptimavirus ev329",107,6.62152232387462e-06,165.3,1.0228486596017e-05
2293026,"Clostridium sp. AM27-31LB",106,6.55963893767019e-06,104.2,6.44897914939633e-06
3458240,"unknown genome; accession ID isNZ_JBQSUN010000003.1",106,6.55963893767019e-06,113.8,7.04110148212469e-06
2511171,"Sporolactobacillus sp. THM19-2",105,6.49775555146575e-06,99,6.12401784449542e-06
2981782,"Blautia ammoniilytica",105,6.49775555146575e-06,103.1,6.37971932612932e-06
2093856,"Butyricimonas faecalis",103,6.37398877905688e-06,102.6,6.34700639602185e-06
418240,"Blautia wexlerae",103,6.37398877905688e-06,126.1,7.80361182523472e-06
1051631,"Streptococcus phage YMC-2011",100,6.18833862044357e-06,96.4,5.9638147219553e-06
2957767,"Vibrio sp. Y28_XK_CS4",100,6.18833862044357e-06,103.8,6.42627919796248e-06
2292915,"Bacteroides sp. AF15-14LB",99,6.12645523423914e-06,99.2,6.14130930466635e-06
28117,"Alistipes putredinis",99,6.12645523423914e-06,98.8,6.11328290941556e-06
53442,"Eubacterium callanderi",99,6.12645523423914e-06,92.6,5.72886479732299e-06
2997946,"Coprococcus sp. AF102-57",99,6.12645523423914e-06,109.9,6.79991698205025e-06
1260,"Finegoldia magna",96,5.94080507562583e-06,96.7,5.98378145439821e-06
2841525,"Pseudoflavonifractor sp. MSJ-30",96,5.94080507562583e-06,125.4,7.75730415586785e-06
1792511,"Penicillium robsamsonii",94,5.81703830321696e-06,95.8,5.92901599373832e-06
682382,"HMO Astrovirus A",93,5.75515491701252e-06,93,5.75515491701242e-06
716544,"Waddlia chondrophila",92,5.69327153080809e-06,90.1,5.57362315789671e-06
2763064,"Roseburia zhanii",92,5.69327153080809e-06,93.4,5.78035251163654e-06
2584624,"Blautia sp. BIOML-A1",92,5.69327153080809e-06,90.6,5.60792481453988e-06
2972763,"Bacteroides sp. BFG-606",91,5.63138814460365e-06,88.4,5.46946730500594e-06
647910,"Listeria rocourtiae",91,5.63138814460365e-06,107.4,6.64454797375068e-06
2860374,"Suseptimavirus IME267",90,5.56950475839922e-06,90.6,5.60830406156026e-06
1918624,"Flintibacter sp.",89,5.50762137219478e-06,88.9,5.50145295163191e-06
2315629,"Tlsvirus blueshaddow",89,5.50762137219478e-06,89,5.51041652204495e-06
1628085,"Agathobaculum butyriciproducens",88,5.44573798599034e-06,76.5,4.73371980161354e-06
672,"Vibrio vulnificus",87,5.38385459978591e-06,88.6,5.48520430242524e-06
3159658,"Salmonella sp. s52026",85,5.26008782737704e-06,99.5,6.15805314471071e-06
2597346,"Microbacterium sp. ANT_H45B",83,5.13632105496817e-06,71.2,4.40868481178366e-06
3039593,"Parablautia sp. Marseille-Q6255",82,5.07443766876373e-06,81.8,5.05963381758225e-06
2681630,"Eganvirus ev186",82,5.07443766876373e-06,82,5.07550134965132e-06
683174,"Astrovirus VA3",82,5.07443766876373e-06,82,5.07443766876364e-06
1203539,"Deltapolyomavirus decihominis",81,5.01255428255929e-06,81,5.01255428255921e-06
1506151,"Aspergillus pseudonomiae",80,4.95067089635486e-06,82.1,5.07772848470447e-06
1882272,"Penicillium samsonianum",79,4.88878751015042e-06,80.3,4.97046753500973e-06
2787097,"Eubacterium sp. 1001713B170207_170306_E7",79,4.88878751015042e-06,83.6,5.17285133168286e-06
1768767,"Streptococcus sp. CCH8-H5",78,4.82690412394599e-06,85.2,5.27174069714235e-06
2292985,"Blautia sp. OM07-19",75,4.64125396533268e-06,88.4,5.4735582473888e-06
78257,"Bifidobacterium pullorum",75,4.64125396533268e-06,93.8,5.80701883841527e-06
477641,"Modestobacter marinus",75,4.64125396533268e-06,75.4,4.66712070112583e-06
53443,"Blautia hydrogenotrophica",74,4.57937057912824e-06,74.2,4.58996389064653e-06
29348,"Thomasclavelia spiroformis",74,4.57937057912824e-06,74.1,4.58309864381663e-06
1520805,"Blautia sp. SF-50",73,4.51748719292381e-06,77,4.76521193368313e-06
2292962,"Blautia sp. AF19-13LB",73,4.51748719292381e-06,78,4.82665191976653e-06
45133,"Lasiodiplodia theobromae",73,4.51748719292381e-06,73,4.518848152499e-06
88431,"Dorea longicatena",72,4.45560380671937e-06,78,4.82489385663204e-06
3438915,"Bulleidia sp. HCP3S3_F2",72,4.45560380671937e-06,72,4.45474597850943e-06
1318,"Streptococcus parasanguinis",70,4.3318370343105e-06,75.4,4.66610372455821e-06
2583452,"Amedibacterium intestinale",70,4.3318370343105e-06,73.8,4.56964809281624e-06
2584627,"Clostridium sp. BIOML-A1",68,4.20807026190163e-06,69.8,4.31998847483474e-06
3134659,"Blautia sp. HCN-20427",67,4.14618687569719e-06,78.2,4.84053948485158e-06
53354,"Streptococcus gallolyticus",66,4.08430348949276e-06,66.3,4.10580668904553e-06
165179,"Segatella copri",66,4.08430348949276e-06,81.2,5.02620114190446e-06
45851,"Eshraghiella crossota",65,4.02242010328832e-06,69.2,4.28420113225733e-06
2584636,"Coprococcus sp. BIOML-A2",65,4.02242010328832e-06,71.1,4.40064700709908e-06
2883263,"Blautia sp. 210820-DFI.6.14",64,3.96053671708389e-06,66.1,4.09328545729196e-06
487174,"Barnesiella intestinihominis",63,3.89865333087945e-06,63.1,3.90337177273928e-06
2789289,"Amycolatopsis sp. lyj-346",63,3.89865333087945e-06,75.7,4.68189351595781e-06
2954513,"Streptococcus sp. FSL K6-1323",63,3.89865333087945e-06,75.7,4.68516094492569e-06
2292959,"Blautia sp. AF17-9LB",63,3.89865333087945e-06,63.8,3.95006256187968e-06
871664,"Blautia stercoris",62,3.83676994467502e-06,78,4.82610588478579e-06
1653434,"Sellimonas intestinalis",62,3.83676994467502e-06,62.1,3.84429611635763e-06
39488,"Anaerobutyricum hallii",61,3.77488655847058e-06,85.8,5.31214960393324e-06
1777064,"Pseudomonas phage YMC11/07/P54_PAE_BP",61,3.77488655847058e-06,63.2,3.91148190668022e-06
310297,"Phocaeicola plebeius",60,3.71300317226614e-06,62.8,3.88826039838148e-06
1768764,"Streptococcus sp. CCH5-D3",60,3.71300317226614e-06,69.7,4.31196235693813e-06
1965304,"Intestinibacter sp.",59,3.65111978606171e-06,58.8,3.63798740653376e-06
2937417,"Bacteroides muris (ex Fokt et al. 2023)",59,3.65111978606171e-06,60.3,3.73366615548105e-06
84112,"Eggerthella lenta",59,3.65111978606171e-06,59.5,3.68280791986693e-06
626939,"Phascolarctobacterium succinatutens",59,3.65111978606171e-06,58.8,3.63995206746406e-06
2316726,"Corallococcus sicarius",59,3.65111978606171e-06,64,3.96141209799609e-06
626937,"Christensenella minuta",58,3.58923639985727e-06,58.2,3.60150477530918e-06
3112950,"Sphingomonas sp. MJ1 (PH-R8)",58,3.58923639985727e-06,56.5,3.49614440310821e-06
2293140,"Roseburia sp. OM03-7AC",58,3.58923639985727e-06,66.4,4.10929454785991e-06
244366,"Klebsiella variicola",57,3.52735301365284e-06,57.2,3.53890099803548e-06
2943492,"Corynebacterium intestinale",56,3.4654696274484e-06,56,3.46546962744834e-06
620903,"Negativicoccus succinicivorans",55,3.40358624124396e-06,55.1,3.40880871866919e-06
10863,"Inovirus M13",55,3.40358624124396e-06,55,3.40406540145769e-06
2841528,"Eubacterium sp. MSJ-33",55,3.40358624124396e-06,56.7,3.50785697837063e-06
2739389,"Phocaeicola faecicola",55,3.40358624124396e-06,50.4,3.11604538677311e-06
68891,"Streptococcus peroris",54,3.34170285503953e-06,55.5,3.43352399721703e-06
301302,"Roseburia faecis",54,3.34170285503953e-06,69.5,4.29823969258673e-06
293559,"Penicillium concentricum",53,3.27981946883509e-06,59.4,3.67667833951554e-06
3155664,"Micromonospora sp. NPDC050200",53,3.27981946883509e-06,53.8,3.32658448613464e-06
46503,"Parabacteroides merdae",52,3.21793608263066e-06,74.4,4.60152777595477e-06
376804,"Phocaeicola barnesiae",52,3.21793608263066e-06,41.9,2.59205160507328e-06
89152,"Peptacetobacter hiranonis",52,3.21793608263066e-06,52,3.21812614179297e-06
NA,"unknown genome; accession ID isNZ_CASEUO010000095.1",51,3.15605269642622e-06,51,3.15897381458609e-06
2024334,"Ceduovirus cv05802",51,3.15605269642622e-06,51.6,3.19541782717334e-06
3078042,"Pilosibacter fragilis",51,3.15605269642622e-06,55.6,3.43825039485204e-06
1336,"Streptococcus equi",50,3.09416931022179e-06,49.6,3.07212622806111e-06
532075,"Kayfunavirus EcoDS1",50,3.09416931022179e-06,52.6,3.25536241045258e-06
936563,"Fusobacterium sp. CM22",50,3.09416931022179e-06,53.7,3.32122905880904e-06
187327,"Acidaminococcus intestini",48,2.97040253781292e-06,50.7,3.1399341228892e-06
1715176,"Streptococcus sp. HMSC064D12",48,2.97040253781292e-06,53,3.28213705899453e-06
2316720,"Corallococcus interemptor",47,2.90851915160848e-06,49.6,3.06766382028717e-06
1987501,"Massiliimalia timonensis",46,2.84663576540404e-06,50.4,3.1219436954712e-06
150055,"Streptococcus lutetiensis",45,2.78475237919961e-06,46.5,2.8804792291154e-06
1501662,"Streptococcus parasuis",44,2.72286899299517e-06,43.2,2.6761994671873e-06
2763671,"Jingyaoa shaoxingensis",44,2.72286899299517e-06,44.1,2.7293612067815e-06
504,"Kingella kingae",43,2.66098560679074e-06,43,2.66098560679069e-06
2021738,"Hudisavirus sp.",43,2.66098560679074e-06,43,2.66098560679069e-06
1604355,"Suseptimavirus ECBP2",43,2.66098560679074e-06,44.4,2.7496306714034e-06
10843,"Gequatrovirus G4",43,2.66098560679074e-06,43,2.66098560679069e-06
28111,"Bacteroides eggerthii",42,2.5991022205863e-06,43.5,2.69397807673234e-06
1820159,"Porprismacovirus humas3",42,2.5991022205863e-06,42,2.59910222058626e-06
1912090,"Gluceribacter canis",42,2.5991022205863e-06,41.8,2.58850472599724e-06
2981783,"Blautia acetigignens",42,2.5991022205863e-06,48.4,2.99531697563904e-06
1330491,"Cosavirus asiani",42,2.5991022205863e-06,42,2.59910222058626e-06
338102,"Alphatrevirus ID32",42,2.5991022205863e-06,43.3,2.67730190947736e-06
3025328,"Pseudoalteromonas sp. CST3",42,2.5991022205863e-06,41.9,2.59169349317491e-06
2853091,"Gamaleyavirus U1g",42,2.5991022205863e-06,42.5,2.63054409824518e-06
1720200,"Anaerotruncus rubiinfantis",41,2.53721883438186e-06,40.9,2.52906214484298e-06
1905700,"Brucella sp. CMUL 036",41,2.53721883438186e-06,38.2,2.36241768143044e-06
2292961,"Blautia sp. AF19-10LB",41,2.53721883438186e-06,50.4,3.11754519069682e-06
1245,"Leuconostoc mesenteroides",40,2.47533544817743e-06,40,2.47542219140128e-06
1982626,"Faecalibacillus intestinalis",40,2.47533544817743e-06,42.4,2.6218040256017e-06
143361,"Filifactor alocis",40,2.47533544817743e-06,60.2,3.72451869193852e-06
1965472,"Audreyjarvisvirus AM4",40,2.47533544817743e-06,40,2.47533544817739e-06
3088696,"Pseudomonas sp. EL_65y_Pfl1_R32",40,2.47533544817743e-06,44.8,2.77164104712482e-06
69359,"Thiohalocapsa halophila",40,2.47533544817743e-06,40.1,2.48337591523949e-06
2978683,"Burkholderia orbicola",39,2.41345206197299e-06,44.9,2.77832955259634e-06
2293096,"Coprococcus sp. TF11-13",39,2.41345206197299e-06,45.5,2.81521304048776e-06
2838426,"Candidatus Agathobaculum pullicola",39,2.41345206197299e-06,52.9,3.27265671806069e-06
408139,"Leptospira kmetyi",39,2.41345206197299e-06,43.6,2.697523692839e-06
166122,"Human endogenous retrovirus K",39,2.41345206197299e-06,37.9,2.34812392842107e-06
126998,"Penicillium bovifimosum",39,2.41345206197299e-06,42.3,2.61889522827066e-06
97478,"Limosilactobacillus mucosae",38,2.35156867576856e-06,38,2.35160757573694e-06
2767462,"Leuconostoc sp. S51",38,2.35156867576856e-06,44.6,2.75822296708899e-06
2231342,"Epseptimavirus S113",38,2.35156867576856e-06,31.5,1.94792731351398e-06
2011087,"Psecadovirus PSH1",38,2.35156867576856e-06,38,2.35156867576852e-06
2981774,"Suilimivivens aceti",37,2.28968528956412e-06,40.9,2.52993967111848e-06
2954545,"Streptococcus sp. FSL W7-1342",37,2.28968528956412e-06,38.2,2.36114852782523e-06
2292982,"Blautia sp. OF11-22",37,2.28968528956412e-06,38.9,2.40958524885251e-06
2732864,"Modestobacter italicus",37,2.28968528956412e-06,45.4,2.80661698451748e-06
2994522,"Akkermansia sp. NBRC 115031",36,2.22780190335969e-06,33.1,2.04677542835012e-06
84024,"Clostridium disporicum",35,2.16591851715525e-06,35,2.16592247373641e-06
676599,"Stenotrophomonas panacihumi",35,2.16591851715525e-06,43.3,2.68218242999177e-06
2003188,"Parolsenella catena",35,2.16591851715525e-06,35,2.16586359995226e-06
3078043,"Neglectibacter sp. CSJ-5",35,2.16591851715525e-06,49.2,3.04297079655201e-06
3458240,"unknown genome; accession ID isNZ_JBQSUN010000010.1",35,2.16591851715525e-06,35.9,2.2222046290476e-06
291644,"Bacteroides salyersiae",34,2.10403513095081e-06,36.7,2.27019332161394e-06
2873413,"Escherichia phage 26",34,2.10403513095081e-06,34,2.10699169504629e-06
1118062,"Peptoniphilus obesi",34,2.10403513095081e-06,34,2.10275750862959e-06
1882221,"Novosphingobium sp. PY1",34,2.10403513095081e-06,36.2,2.23940772622413e-06
2787098,"Clostridium sp. J1101437_171009_A5",33,2.04215174474638e-06,34.2,2.11414063166019e-06
391612,"Crocosphaera chwakensis",33,2.04215174474638e-06,32.3,2.00140170360749e-06
2603894,"Methylobacterium sp. WL64",32,1.98026835854194e-06,38.2,2.36168844162498e-06
1296538,"Lactiplantibacillus mudanjiangensis",32,1.98026835854194e-06,37.3,2.30607119729434e-06
326423,"Bacillus velezensis",31,1.91838497233751e-06,30.5,1.89033350321071e-06
2888525,"Thermomonas alba",31,1.91838497233751e-06,36.8,2.28008099751193e-06
2841530,"Blautia sp. MSJ-36",31,1.91838497233751e-06,31.4,1.94033522495395e-06
28026,"Bifidobacterium pseudocatenulatum",30,1.85650158613307e-06,31.4,1.94198755941411e-06
1930509,"Husavirus sp.",30,1.85650158613307e-06,30,1.85650158613304e-06
297316,"uncultured Turicibacter sp.",30,1.85650158613307e-06,30.1,1.86116166767022e-06
2994035,"Sellimonas catena",29,1.79461819992864e-06,27.4,1.69476863248599e-06
33039,"[Ruminococcus] torques",29,1.79461819992864e-06,29.8,1.84374568998785e-06
2292367,"Roseburia sp. OF03-24",29,1.79461819992864e-06,36,2.22994892818723e-06
1495066,"Pseudomonas capeferrum",29,1.79461819992864e-06,29.1,1.80130138452428e-06
3133171,"Pseudoflavonifractor intestinihominis",29,1.79461819992864e-06,31.1,1.92661458833717e-06
NA,"unknown genome; accession ID isNZ_JADYUJ010000076.1",28,1.7327348137242e-06,28.2,1.74329503200261e-06
3144490,"Blautia sp. 1033sp1_1033st1_G9_1033SCRN_220408",28,1.7327348137242e-06,33.9,2.10067271839095e-06
657323,"Ruminococcus sp. SR1/5",28,1.7327348137242e-06,31.5,1.94791226272626e-06
1867125,"Protoparvovirus primate3",28,1.7327348137242e-06,28,1.73273481372417e-06
330922,"Psychrobacter cryohalolentis",27,1.67085142751976e-06,27,1.67085143576942e-06
165185,"uncultured Eubacterium sp.",27,1.67085142751976e-06,27.4,1.69869740985169e-06
2792040,"Salinibacterium sp. NG22",27,1.67085142751976e-06,26.8,1.66110039525052e-06
3143217,"Phocaeicola sp. RTP21198st1_B8_RTP21198_201120",27,1.67085142751976e-06,27.9,1.72624212894474e-06
2316716,"Corallococcus sp. AB030",27,1.67085142751976e-06,30.7,1.89834995910541e-06
2231352,"Epseptimavirus S126",27,1.67085142751976e-06,27.5,1.69955731119653e-06
2919919,"Atopomonas sediminilitoris",27,1.67085142751976e-06,25.7,1.59246501499616e-06
2267834,"Parasaccharibacter sp. TMW 2.1884",26,1.60896804131533e-06,26.1,1.61641658338482e-06
NA,"unknown genome; accession ID isNZ_CASEUO010000081.1",26,1.60896804131533e-06,26.1,1.61635194801786e-06
2592644,"Clostridium sp. MCC344",26,1.60896804131533e-06,32.4,2.0063340464815e-06
742917,"Cyclovirus manukha",26,1.60896804131533e-06,26,1.6089680413153e-06
1736395,"Arthrobacter sp. Soil736",26,1.60896804131533e-06,28.7,1.77675982766847e-06
2293005,"Clostridium sp. AF23-6LB",26,1.60896804131533e-06,29.2,1.80540523149102e-06
1341132,"Aspergillus welwitschiae",26,1.60896804131533e-06,25.1,1.55216906571874e-06
2763022,"Bacteroides sp. M10",26,1.60896804131533e-06,26.6,1.64572205651888e-06
2292231,"Coprococcus sp. AF21-14LB",26,1.60896804131533e-06,26.3,1.6251856889574e-06
1445553,"Sherbrookevirus CDHM11",26,1.60896804131533e-06,26,1.60918997190523e-06
2786956,"Phocaeicola faecalis",25,1.54708465511089e-06,25.9,1.60321304554403e-06
5082,"Penicillium roqueforti",25,1.54708465511089e-06,24.2,1.49960613313202e-06
1281486,"Lactococcus formosensis",24,1.48520126890646e-06,21.4,1.32328368459081e-06
3025326,"Pseudoalteromonas sp. GAB2316C",24,1.48520126890646e-06,25.3,1.56521125231168e-06
3025759,"uncultured Thomasclavelia sp.",24,1.48520126890646e-06,20.4,1.26077203832551e-06
2781224,"Neodothiora populina",24,1.48520126890646e-06,23.2,1.43686118025756e-06
3018253,"Streptococcus sp. SS4",24,1.48520126890646e-06,26.2,1.62192392340796e-06
1108849,"Penicillium rubens",23,1.42331788270202e-06,23.6,1.4601250764245e-06
2764325,"[Eubacterium] hominis",23,1.42331788270202e-06,26.4,1.63162307914653e-06
1322,"Blautia hansenii",23,1.42331788270202e-06,24.7,1.52697675727478e-06
76860,"Streptococcus constellatus",23,1.42331788270202e-06,22.6,1.39602965868812e-06
1739491,"Streptococcus sp. HMSC067H01",23,1.42331788270202e-06,23.5,1.45478188687186e-06
1316412,"Streptococcus sp. HSISS3",23,1.42331788270202e-06,28,1.73501639682625e-06
2931882,"Blautia sp. NSJ-166",23,1.42331788270202e-06,29,1.7933359127699e-06
2804423,"Staphylococcus sp. GDY8P64P",23,1.42331788270202e-06,21.4,1.32375141599337e-06
215243,"Exophiala oligosperma",23,1.42331788270202e-06,20,1.24053918004898e-06
879566,"Acetatifactor muris",22,1.36143449649759e-06,20.2,1.25185129380907e-06
NA,"unknown genome; accession ID isNZ_CASEUO010000068.1",22,1.36143449649759e-06,22.1,1.36963436169511e-06
1177179,"Alcanivorax hongdengensis",22,1.36143449649759e-06,22.7,1.40714759651597e-06
2566013,"Cellulomonas shaoxiangyii",22,1.36143449649759e-06,22,1.36143449650704e-06
2596884,"Epseptimavirus OSYSTA",22,1.36143449649759e-06,23.3,1.44290601043413e-06
264951,"Paecilomyces variotii",21,1.29955111029315e-06,21.9,1.35798049916221e-06
3142453,"Bacteroides sp. 90-K9/2",21,1.29955111029315e-06,24.3,1.50145590671171e-06
2293137,"Roseburia sp. AF42-8",21,1.29955111029315e-06,19.9,1.23164439813229e-06
3377167,"Stenotrophomonas maltophilia group sp. Smal17",21,1.29955111029315e-06,20.9,1.29379765678202e-06
2049022,"Catenibacterium sp.",21,1.29955111029315e-06,21.4,1.32242923271351e-06
2292310,"Clostridium sp. OF09-36",21,1.29955111029315e-06,21.6,1.33656480350713e-06
1307,"Streptococcus suis",20,1.23766772408871e-06,20,1.23524858069049e-06
2763014,"Agathobaculum hominis",20,1.23766772408871e-06,18.9,1.16772075646116e-06
2580568,"Pseudomonas sp. 9.1(2019)",20,1.23766772408871e-06,18.9,1.17047624862767e-06
3478023,"unknown genome; accession ID isNZ_BAAJCL010000007.1",20,1.23766772408871e-06,20,1.23777098734785e-06
663959,"Pseudomonas syringae",19,1.17578433788428e-06,20,1.2376929840184e-06
1739381,"Streptococcus sp. HMSC072D03",19,1.17578433788428e-06,24.8,1.53215429462349e-06
501571,"Butyricicoccus pullicaecorum",19,1.17578433788428e-06,19.4,1.20137660507076e-06
1969173,"Blautia sp. LMAG:89",19,1.17578433788428e-06,19.7,1.21898368275941e-06
767769,"Aspergillus brasiliensis",19,1.17578433788428e-06,19.8,1.22830536071019e-06
2918884,"Bacillus sp. jun7",18,1.11390095167984e-06,17.4,1.07753017845294e-06
3438734,"Agathobacter sp. LCP21S3_B2",18,1.11390095167984e-06,18.9,1.16994149547652e-06
435842,"Streptococcus sp. C150",18,1.11390095167984e-06,19.8,1.22284230226654e-06
268346,"Penicillium mononematosum",18,1.11390095167984e-06,18.4,1.14062882240162e-06
41977,"Parazoarcus communis",18,1.11390095167984e-06,20.1,1.24188817411473e-06
1638242,"Thermococcus sp. Bubb.Bath",18,1.11390095167984e-06,20.2,1.24912402184312e-06
3438912,"Blautia sp. HCP3S3_D9",18,1.11390095167984e-06,18.2,1.12403284320942e-06
2292346,"Dorea sp. AM58-8",18,1.11390095167984e-06,15,9.28107769816373e-07
1636586,"Skunavirus M1127",18,1.11390095167984e-06,18.4,1.14027528725818e-06
1743235,"Chelatococcus composti",18,1.11390095167984e-06,20.6,1.27645926432507e-06
1495854,"Brevundimonas sp. EAKA",17,1.05201756547541e-06,19.6,1.21383575760145e-06
1076124,"Phytohabitans flavus",17,1.05201756547541e-06,23.9,1.47842844112067e-06
1918949,"Solemya elarraichensis gill symbiont",17,1.05201756547541e-06,19.3,1.19173086310686e-06
331117,"Aspergillus fischeri",17,1.05201756547541e-06,14.5,8.97939296050226e-07
44276,"Leptospira interrogans",17,1.05201756547541e-06,17.1,1.05929723191723e-06
3050593,"Clostridium sp. UMB9555A",17,1.05201756547541e-06,17,1.0521587846574e-06
2836105,"Dhillonvirus sponge",17,1.05201756547541e-06,17.2,1.06163146895005e-06
2293009,"Clostridium sp. AF29-8BH",17,1.05201756547541e-06,18.9,1.16674631071134e-06
3438938,"Dysosmobacter sp. HCP28S3_G4",17,1.05201756547541e-06,16.5,1.02137035025995e-06
2681861,"Sporofaciens musculi",16,9.90134179270972e-07,15.7,9.72884697096362e-07
348802,"Exophiala xenobiotica",16,9.90134179270972e-07,18.7,1.15940443859744e-06
3073571,"Hominilimicola sp.",16,9.90134179270972e-07,15.7,9.74570936581531e-07
1216362,"Fusobacterium hwasookii",16,9.90134179270972e-07,16.1,9.98441172541756e-07
1285465,"Winogradskyella undariae",16,9.90134179270972e-07,16.6,1.02584645414928e-06
361101,"Streptococcus pseudoporcinus",16,9.90134179270972e-07,16.6,1.0261891378631e-06
2603411,"Pseudonocardia sp. EV170527-09",16,9.90134179270972e-07,16.6,1.02914760560731e-06
2219062,"Acidovorax sp. ST3",16,9.90134179270972e-07,17.7,1.09467431761555e-06
1261635,"Roseburia sp. 831b",15,9.28250793066536e-07,17.1,1.06120999178411e-06
2293051,"Clostridium sp. TF06-15AC",15,9.28250793066536e-07,15.1,9.35915830286389e-07
1715051,"Streptococcus sp. HMSC068F04",15,9.28250793066536e-07,16.3,1.00669720148569e-06
2496676,"Mesorhizobium sp. M6A.T.Cr.TU.014.01.1.1",15,9.28250793066536e-07,15.7,9.70524602363609e-07
457387,"Bacteroides sp. 1_1_30",15,9.28250793066536e-07,29.2,1.80645708160675e-06
376805,"Phocaeicola salanitronis",15,9.28250793066536e-07,17,1.05495138250565e-06
2292281,"Bacteroides sp. OF04-15BH",15,9.28250793066536e-07,20,1.23934499766849e-06
NA,"unknown genome; accession ID isNZ_CASEUO010000007.1",15,9.28250793066536e-07,15,9.2837584492938e-07
NA,"unknown genome; accession ID isNZ_CASEUO010000014.1",15,9.28250793066536e-07,15,9.28276065775228e-07
3112112,"Clostridium sp. CTA-17",15,9.28250793066536e-07,15,9.28347431003962e-07
2787122,"Streptococcus sp. 1001283B150225_161107_H12",15,9.28250793066536e-07,16.5,1.02280313628956e-06
1969376,"Shewanella sp. Shew256",15,9.28250793066536e-07,15.9,9.84965737846931e-07
358743,"Enterocloster citroniae",14,8.663674068621e-07,12.9,7.97022635541287e-07
2927804,"Marinobacterium sedimentorum",14,8.663674068621e-07,19,1.17551929334502e-06
2582605,"Salmonella sp. gx-f5",14,8.663674068621e-07,13.9,8.59734423805866e-07
796942,"Stomatobaculum longum",14,8.663674068621e-07,14,8.66659212106115e-07
1852371,"Raoultibacter massiliensis",14,8.663674068621e-07,14,8.66403907547413e-07
1870993,"Coprococcus phoceensis",14,8.663674068621e-07,16.7,1.03569171900761e-06
2881262,"Coprococcus hominis (ex Arizal et al. 2022)",14,8.663674068621e-07,18.9,1.17094786759767e-06
2565517,"Epseptimavirus Sds2",14,8.663674068621e-07,19.5,1.20588150025327e-06
1971214,"Peptoniphilus sp.",13,8.04484020657664e-07,13.3,8.21877830885365e-07
59298,"Streptomyces thermocarboxydovorans",13,8.04484020657664e-07,16.2,1.0038359795877e-06
10760,"Teseptimavirus T7",13,8.04484020657664e-07,13.3,8.2290170996659e-07
3141585,"Bacteroides sp. MSSM.1001136sp1_RTP21357st2_B10_RTP21359_211015",13,8.04484020657664e-07,13,8.04870151600576e-07
3243293,"Lacrimispora sp. HJ1",13,8.04484020657664e-07,13.9,8.61924230130464e-07
2601628,"Epseptimavirus ev129",13,8.04484020657664e-07,17.4,1.0750138310692e-06
626931,"Bacteroides oleiciplenus",12,7.42600634453229e-07,12,7.43115333044565e-07
3003687,"Gemella sp. 27098_8_92",12,7.42600634453229e-07,12.1,7.49288458663822e-07
1917870,"Enterocloster hominis (ex Hitch et al. 2024)",12,7.42600634453229e-07,13.1,8.13486852401396e-07
1497974,"Georgenia sp. SUBG003",12,7.42600634453229e-07,14.1,8.69935873829863e-07
535290,"Legionella nagasakiensis",12,7.42600634453229e-07,9,5.58169334748244e-07
2975324,"Streptococcus sp. FSL R7-0248",12,7.42600634453229e-07,12.2,7.54016995169745e-07
2762571,"Streptococcus sp. 9.1",12,7.42600634453229e-07,9.8,6.04791176952241e-07
3459305,"unknown genome; accession ID isNZ_JBQWEE010000017.1",12,7.42600634453229e-07,12,7.44453637240442e-07
2849178,"Erysipelatoclostridium sp. MSK.7.34",12,7.42600634453229e-07,13.7,8.44791969290102e-07
3438946,"Oribacterium sp. HCP3S3_B9",12,7.42600634453229e-07,12,7.42603956773405e-07
1924109,"Eisenbergiella sp.",11,6.80717248248793e-07,11.3,7.00693677168536e-07
3048617,"Pseudomonas sp. CCI2.4",11,6.80717248248793e-07,8.4,5.19199961652665e-07
1522,"[Clostridium] innocuum",11,6.80717248248793e-07,14.8,9.13102750475026e-07
2049042,"Turicibacter sp.",11,6.80717248248793e-07,11.3,6.98502809949029e-07
72304,"Peptostreptococcus sp. D1",11,6.80717248248793e-07,11,6.80717249908356e-07
871324,"Bacteroides stercorirosoris",11,6.80717248248793e-07,11,6.81633908574124e-07
2293174,"Ruminococcus sp. AF31-8BH",11,6.80717248248793e-07,10.8,6.69907057830932e-07
3160132,"Salmonella sp. s60732",11,6.80717248248793e-07,10.8,6.69577143112101e-07
665943,"Eggerthella sp. 1_3_56FAA",11,6.80717248248793e-07,9.7,6.02579839579163e-07
1070780,"Aspergillus affinis",11,6.80717248248793e-07,11.3,7.01212774876775e-07
2738409,"Mycobacterium ostraviense",11,6.80717248248793e-07,11.3,7.01951682840273e-07
2681415,"Pantoea sp. 18069",11,6.80717248248793e-07,11,6.82800764409152e-07
453220,"Desulfogranum marinum",11,6.80717248248793e-07,11,6.83656337886463e-07
742915,"Cyclovirus insaan",11,6.80717248248793e-07,11,6.80717248248781e-07
2758579,"Klebsiella sp. Kps",11,6.80717248248793e-07,13.7,8.50755957380104e-07
3458240,"unknown genome; accession ID isNZ_JBQSUN010000006.1",11,6.80717248248793e-07,11.4,7.0425957536938e-07
2905675,"Skunavirus sk1",11,6.80717248248793e-07,11.1,6.88179788801189e-07
1358,"Lactococcus lactis",10,6.18833862044357e-07,10.2,6.3260849656434e-07
1639,"Listeria monocytogenes",10,6.18833862044357e-07,10,6.18143964006955e-07
76859,"Fusobacterium animalis",10,6.18833862044357e-07,9.6,5.9336736218158e-07
3156680,"Streptomyces sp. NPDC004491",10,6.18833862044357e-07,10.2,6.31114121831291e-07
39482,"Faecalicatena contorta",10,6.18833862044357e-07,12,7.39666841411547e-07
2320100,"Parablautia intestinalis",10,6.18833862044357e-07,10.2,6.32174645709405e-07
628,"Xenorhabdus nematophila",10,6.18833862044357e-07,8.7,5.38071748756057e-07
3342383,"Flintibacter porci",10,6.18833862044357e-07,11.8,7.28302295425281e-07
113107,"Streptococcus australis",10,6.18833862044357e-07,10.2,6.30525358861473e-07
2813559,"Pseudomonas sp. 32_A",10,6.18833862044357e-07,12.5,7.75091648536773e-07
100884,"Coprobacillus cateniformis",10,6.18833862044357e-07,10.4,6.41620070879896e-07
39778,"Veillonella dispar",10,6.18833862044357e-07,10.6,6.56374400795988e-07
3088692,"Pseudomonas sp. EA_65y_Pfl1_P113",10,6.18833862044357e-07,11.6,7.17430112123579e-07
3153378,"Klebsiella sp. JB_Kp026",10,6.18833862044357e-07,9.4,5.84279312477996e-07
2292933,"Bacteroides sp. AF36-11BH",10,6.18833862044357e-07,9.9,6.15350375533292e-07
3438939,"Flavonifractor sp. HCP28S3_F3",10,6.18833862044357e-07,9.9,6.12065143133907e-07
2293044,"Clostridium sp. OM05-6BH",10,6.18833862044357e-07,10.6,6.53787358393374e-07
1805714,"Christensenella massiliensis",10,6.18833862044357e-07,10,6.20803132621257e-07
990412,"Limosilactobacillus alvi",10,6.18833862044357e-07,11,6.79411530959244e-07
2681617,"Byrnievirus HK97",10,6.18833862044357e-07,10,6.20477686903801e-07
2058896,"Arthrobacter sp. SX1312",10,6.18833862044357e-07,10.2,6.33182678102042e-07
3143056,"Clostridium sp. 2218st1_F5_2218SCRN_220325",10,6.18833862044357e-07,10,6.21840625633643e-07
1472417,"Butyricimonas paravirosa",9,5.56950475839922e-07,9.2,5.69958398895067e-07
283354,"Alternaria metachromatica",9,5.56950475839922e-07,10,6.16981420860277e-07
1870988,"Pseudoflavonifractor phocaeensis",9,5.56950475839922e-07,8.7,5.36109783738677e-07
NA,"unknown genome; accession ID isNZ_CASEUO010000033.1",9,5.56950475839922e-07,9,5.58536673953501e-07
1544364,"Microviridae IME-16",9,5.56950475839922e-07,9,5.56950475839912e-07
293939,"Aspergillus lentulus",9,5.56950475839922e-07,11.1,6.89592469898487e-07
2723307,"Escherichia sp. 93.0750",9,5.56950475839922e-07,8.5,5.24275776839899e-07
2691898,"Flavobacterium sp. SaA2.13",9,5.56950475839922e-07,9.3,5.75613481896893e-07
167973,"uncultured Lactococcus sp.",9,5.56950475839922e-07,10.6,6.57468726285449e-07
2884904,"Faecalibacillus sp. TM498",9,5.56950475839922e-07,9,5.58914520045994e-07
94136,"Alkalibacillus haloalkaliphilus",9,5.56950475839922e-07,9,5.56497458749738e-07
2017081,"Human fecal virus Jorvi2",9,5.56950475839922e-07,9,5.56950475839912e-07
2857012,"Streptomyces sp. DH1",9,5.56950475839922e-07,9,5.57097878612329e-07
3438911,"Blautia sp. HCP3S3_C4",9,5.56950475839922e-07,9,5.57789970332361e-07
2293144,"Roseburia sp. TF10-5",9,5.56950475839922e-07,9.2,5.7145531246177e-07
2107694,"Aphanothece hegewaldii",9,5.56950475839922e-07,8.9,5.52108471567542e-07
2919913,"Shinella sedimenti",9,5.56950475839922e-07,14,8.66437209103124e-07
585543,"Bacteroides sp. D20",8,4.95067089635486e-07,7.6,4.72172356731614e-07
3134656,"Phocaeicola sp. ICN-14070",8,4.95067089635486e-07,8.1,5.00536591317746e-07
1526,"[Clostridium] aminophilum",8,4.95067089635486e-07,8,4.9511998559929e-07
3133161,"Ruminococcoides intestinihominis",8,4.95067089635486e-07,9,5.54190904947699e-07
510516,"Aspergillus oryzae",8,4.95067089635486e-07,8.1,5.02156680749331e-07
3037987,"Akkermansia sp. BCRC 18949",8,4.95067089635486e-07,11.6,7.17778068738944e-07
2601697,"Epseptimavirus ev23",8,4.95067089635486e-07,11.9,7.34107719266194e-07
3133170,"Ventrimonas faecis",8,4.95067089635486e-07,8.3,5.14487387864334e-07
2364880,"Butyrivibrio sp. XB500-5",8,4.95067089635486e-07,8,4.95067089654779e-07
3453885,"unknown genome; accession ID isNZ_JBQEPK010000144.1",8,4.95067089635486e-07,8,4.95135965942357e-07
3681968,"unknown genome; accession ID isNZ_CEEDBN010000058.1",8,4.95067089635486e-07,8,4.93353452585397e-07
3112621,"Sporofaciens sp. JLR.KK001",8,4.95067089635486e-07,10.7,6.64072547546133e-07
2528203,"Bacteroides sp. A1C1",8,4.95067089635486e-07,8,4.97342211201712e-07
2883207,"Dorea sp. 210702-DFI.3.125",8,4.95067089635486e-07,8,4.96654148037049e-07
3369477,"unknown genome; accession ID isNZ_CBCPLV010000001.1",8,4.95067089635486e-07,9.4,5.82686211376389e-07
2763049,"Hungatella sp. L36",8,4.95067089635486e-07,7.9,4.85936486322746e-07
1605838,"Pseudomonas coleopterorum",8,4.95067089635486e-07,8.1,5.01183131296004e-07
396014,"Brachybacterium phenoliresistens",8,4.95067089635486e-07,8,4.95067089635477e-07
1169675,"Streptococcus sp. GMD6S",8,4.95067089635486e-07,8.1,5.02970967649757e-07
212818,"Exophiala mesophila",7,4.3318370343105e-07,7.6,4.70218460934449e-07
556259,"Bacteroides sp. D2",7,4.3318370343105e-07,7,4.33380547884352e-07
2292368,"Roseburia sp. OM02-15",7,4.3318370343105e-07,7.3,4.54539849935805e-07
1547597,"Sanguibacteroides justesenii",7,4.3318370343105e-07,7.6,4.70292612734402e-07
2981773,"Muriventricola aceti",7,4.3318370343105e-07,6.2,3.82068351555095e-07
2174932,"Nesterenkonia natronophila",7,4.3318370343105e-07,7.2,4.4573424043848e-07
2762564,"Streptococcus sp. 23.2",7,4.3318370343105e-07,7.7,4.75775715984306e-07
45634,"Streptococcus cristatus",7,4.3318370343105e-07,6.6,4.0546591093243e-07
1380048,"Ferruginibacter profundus",7,4.3318370343105e-07,7.9,4.86343055815915e-07
3159657,"Salmonella sp. s51992",7,4.3318370343105e-07,7.1,4.40568302543351e-07
3134667,"Blautia sp. HCN-1074",7,4.3318370343105e-07,6.8,4.20185853595363e-07
1793963,"Bacillus nakamurai",7,4.3318370343105e-07,7.1,4.39946810972864e-07
1186124,"Salmonella phage SP-3",7,4.3318370343105e-07,7,4.30855310556959e-07
3681944,"unknown genome; accession ID isNZ_CEEDOR010000062.1",7,4.3318370343105e-07,7,4.33183703431043e-07
3681944,"unknown genome; accession ID isNZ_CEEDOR010000140.1",7,4.3318370343105e-07,7.1,4.38778711900776e-07
2861965,"Sulfitobacter sp. CW3",7,4.3318370343105e-07,7.1,4.39923791557355e-07
1280669,"Dorea sp. AGR2135",7,4.3318370343105e-07,6.9,4.26492706122565e-07
1849735,"Hymenobacter sp. UV11",7,4.3318370343105e-07,8.6,5.29616456900817e-07
2925014,"Desulforhabdus sp. TSK",7,4.3318370343105e-07,7.7,4.7344858513336e-07
197461,"Pseudovibrio exalbescens",7,4.3318370343105e-07,7.5,4.6458699562284e-07
2448031,"Ruminococcus sp. B05",7,4.3318370343105e-07,8.3,5.13320210716582e-07
1234680,"Streptococcus rubneri",7,4.3318370343105e-07,7.2,4.48253117291794e-07
1064539,"Azospirillum baldaniorum",7,4.3318370343105e-07,7.3,4.53103562251207e-07
3020524,"Agrobacterium sp. ST15.16.024",7,4.3318370343105e-07,6.8,4.23756212760055e-07
2231356,"Epseptimavirus S133",7,4.3318370343105e-07,8.5,5.2860869472436e-07
2789205,"Bacteroides sp. 1001302B_160321_D4",7,4.3318370343105e-07,7.7,4.73871864618423e-07
91915,"Asaia bogorensis",7,4.3318370343105e-07,7.2,4.45971169736934e-07
2762565,"Streptococcus sp. 22.1",7,4.3318370343105e-07,8.5,5.24929306062375e-07
3077584,"Streptococcus sp. DTU_2020_1001019_1_SI_AUS_MUR_006",7,4.3318370343105e-07,6.9,4.28650514734062e-07
2518605,"Segatella hominis",6,3.71300317226614e-07,6.1,3.77330605511768e-07
2943498,"Candidatus Mycobacterium methanotrophicum",6,3.71300317226614e-07,7.7,4.79204006698988e-07
78346,"Bifidobacterium ruminantium",6,3.71300317226614e-07,5.8,3.59053034344943e-07
28037,"Streptococcus mitis",6,3.71300317226614e-07,6,3.70480983362158e-07
537273,"Alistipes sp. DJF_B185",6,3.71300317226614e-07,6,3.716041164897e-07
1969535,"Streptococcus sp. LMAG:39",6,3.71300317226614e-07,6.9,4.24392631596275e-07
2607659,"Nocardioides antri",6,3.71300317226614e-07,6,3.72519351642299e-07
3062492,"Blautia massiliensis (ex Liu et al. 2021)",6,3.71300317226614e-07,6.5,4.01216250047227e-07
2592639,"Blautia sp. MCC270",6,3.71300317226614e-07,6.1,3.78089298930153e-07
314261,"Candidatus Pelagibacter communis",6,3.71300317226614e-07,6,3.71665549936091e-07
3684508,"unknown genome; accession ID isNZ_JBVHRM010000067.1",6,3.71300317226614e-07,6,3.71884974466734e-07
3153440,"Klebsiella sp. JN_Kp129",6,3.71300317226614e-07,6.6,4.09390385264138e-07
3159675,"Salmonella sp. s55004",6,3.71300317226614e-07,5.9,3.62689535260183e-07
1965647,"Drancourtella sp. An57",6,3.71300317226614e-07,6.6,4.10147218701534e-07
1965538,"Flavonifractor sp. An100",6,3.71300317226614e-07,8,4.92456424142405e-07
3567996,"unknown genome; accession ID isNZ_CM136897.1",6,3.71300317226614e-07,6,3.71508551035556e-07
1307437,"Pseudoalteromonas agarivorans",6,3.71300317226614e-07,6.4,3.98288451767197e-07
1437816,"Methylopila turkensis",6,3.71300317226614e-07,9,5.5573161693158e-07
2069608,"Moineauvirus VA214",6,3.71300317226614e-07,6,3.71302237840751e-07
208602,"Nocardia puris",6,3.71300317226614e-07,6.7,4.16609125304374e-07
1206725,"Nocardia brevicatena",6,3.71300317226614e-07,6.2,3.81055887890737e-07
2847299,"Bacteroides sp. DH3716P",6,3.71300317226614e-07,5.7,3.53571315866381e-07
2480805,"Alteromonas sp. KUL150",6,3.71300317226614e-07,6.1,3.76150864585935e-07
1363,"Lactococcus garvieae",5,3.09416931022179e-07,6.3,3.87455371119176e-07
2972764,"Bacteroides sp. BFG-637",5,3.09416931022179e-07,5.8,3.61296100341385e-07
1031537,"Bremerella cremea",5,3.09416931022179e-07,5.2,3.19715801569599e-07
333963,"Leucobacter iarius",5,3.09416931022179e-07,4.7,2.92799152661483e-07
860,"Fusobacterium periodonticum",5,3.09416931022179e-07,5.1,3.14258123830415e-07
1310,"Streptococcus sobrinus",5,3.09416931022179e-07,5,3.0754864621735e-07
3153392,"Klebsiella sp. JB_Kp040",5,3.09416931022179e-07,5,3.09634532895082e-07
2715209,"Bacillus rugosus",5,3.09416931022179e-07,5,3.09421457158032e-07
3438800,"Prevotella sp. LCP21S3_D2",5,3.09416931022179e-07,4.9,3.03695120040779e-07
1720313,"Bittarella massiliensis (ex Durand et al. 2017)",5,3.09416931022179e-07,4.7,2.93925508859182e-07
2885351,"Hominisplanchenecus faecis",5,3.09416931022179e-07,4.8,2.99774469995886e-07
NA,"unknown genome; accession ID isNZ_CASEUO010000017.1",5,3.09416931022179e-07,5.2,3.23862951836804e-07
NA,"unknown genome; accession ID isNZ_CASEUO010000018.1",5,3.09416931022179e-07,5,3.09653255209829e-07
NA,"unknown genome; accession ID isNZ_CASEUO010000035.1",5,3.09416931022179e-07,5.2,3.23902401728914e-07
5061,"Aspergillus niger",5,3.09416931022179e-07,5.2,3.21973776669027e-07
2954649,"Bacillus sp. FSL W8-1202",5,3.09416931022179e-07,4.9,3.00837477032884e-07
2909341,"Octadecabacter dasysiphoniae",5,3.09416931022179e-07,4.8,2.9709100648832e-07
2015901,"Massilicoli timonensis",5,3.09416931022179e-07,5.9,3.67433524072999e-07
1940758,"Streptomyces sp. MH60",5,3.09416931022179e-07,5.3,3.24998601491012e-07
3391442,"Klebsiella sp. CIP107",5,3.09416931022179e-07,5,3.09732788897152e-07
2981793,"Phocaeicola fibrisolvens",5,3.09416931022179e-07,5.3,3.29558510714141e-07
2293095,"Coprococcus sp. OM06-34AC",5,3.09416931022179e-07,4.9,3.00863258930782e-07
3003646,"Streptococcus sp. 27098_8_74",5,3.09416931022179e-07,6.4,3.95084089519351e-07
2292232,"Eubacterium sp. AF22-8LB",5,3.09416931022179e-07,5.1,3.15463951813259e-07
36651,"Penicillium digitatum",5,3.09416931022179e-07,4.5,2.80845413386439e-07
3049087,"Sinorhizobium sp. 7-81",5,3.09416931022179e-07,5,3.11711235058594e-07
2992766,"Vibrio sp. VP6",5,3.09416931022179e-07,5.4,3.33850078046789e-07
2823317,"Phascolarctobacterium sp. Marseille-Q4147",5,3.09416931022179e-07,5.2,3.19076616305367e-07
176176,"Penicillium paradoxum",5,3.09416931022179e-07,5,3.10010182961676e-07
35764,"Streptosporangium nondiastaticum",5,3.09416931022179e-07,5,3.12029804792426e-07
3018068,"Bacillus cereus group sp. m1-21",5,3.09416931022179e-07,5,3.09416931022173e-07
2998081,"Bacillus sp. KICET-1",5,3.09416931022179e-07,5.5,3.42641500989301e-07
2713297,"Epseptimavirus faergetype",5,3.09416931022179e-07,5.7,3.55664502900416e-07
3133152,"Blautia intestinihominis",5,3.09416931022179e-07,5.1,3.17214803926647e-07
485,"Neisseria gonorrhoeae",4,2.47533544817743e-07,4.2,2.57397073622728e-07
56957,"Thermus oshimai",4,2.47533544817743e-07,4,2.47533544817739e-07
441959,"Talaromyces stipitatus",4,2.47533544817743e-07,4,2.47554755860266e-07
154046,"Hungatella hathewayi",4,2.47533544817743e-07,6.1,3.79371254834076e-07
3074622,"Vibrio sp. Vb0301",4,2.47533544817743e-07,4,2.475619302226e-07
1194083,"Nostocoides japonicum",4,2.47533544817743e-07,4,2.47647880820719e-07
3159897,"Salmonella sp. SAL4442",4,2.47533544817743e-07,4.2,2.60213375886533e-07
1776391,"Romboutsia timonensis",4,2.47533544817743e-07,4.2,2.59605096906809e-07
1871024,"Mordavella massiliensis",4,2.47533544817743e-07,4.2,2.5688211176072e-07
1313,"Streptococcus pneumoniae",4,2.47533544817743e-07,4.4,2.73197758469793e-07
1966354,"Gemella sp.",4,2.47533544817743e-07,3,1.85037270984263e-07
5074,"Penicillium brevicompactum",4,2.47533544817743e-07,5.5,3.4037823833348e-07
945052,"Streptomyces heilongjiangensis",4,2.47533544817743e-07,3.9,2.43527683940782e-07
3159681,"Salmonella sp. s55431",4,2.47533544817743e-07,6.6,4.07744926451514e-07
2292975,"Blautia sp. AM29-29",4,2.47533544817743e-07,4,2.4942880866084e-07
2779352,"Pseudoflavonifractor gallinarum",4,2.47533544817743e-07,5.2,3.23909223569859e-07
1544694,"Rosenbergiella epipactidis",4,2.47533544817743e-07,4.2,2.62423437940324e-07
342942,"Mediterraneibacter glycyrrhizinilyticus",4,2.47533544817743e-07,4.4,2.69548496226993e-07
3420548,"Bariatricus sp. SGI.019",4,2.47533544817743e-07,4,2.47535100659665e-07
2742600,"Limosilactobacillus urinaemulieris",4,2.47533544817743e-07,4,2.49133644437067e-07
NA,"unknown genome; accession ID isNZ_CASEUO010000142.1",4,2.47533544817743e-07,4,2.47578727632102e-07
2029662,"Skunavirus sv38503",4,2.47533544817743e-07,4.2,2.5847828112826e-07
2697364,"Klebsiella sp. Q2",4,2.47533544817743e-07,4.6,2.82822217375702e-07
2718882,"Moritella sp. F3",4,2.47533544817743e-07,4,2.5023548455479e-07
282669,"Psychrobacter cibarius",4,2.47533544817743e-07,4,2.48768784093481e-07
2592649,"Ruminococcus sp. MCC718",4,2.47533544817743e-07,4.2,2.62895205164936e-07
2981649,"Anthropogastromicrobium sp.",4,2.47533544817743e-07,4,2.47855759447401e-07
2735723,"Turicibacter bilis",4,2.47533544817743e-07,4,2.47535365501983e-07
1868595,"Colneyvirus CDKM15",4,2.47533544817743e-07,4,2.4753757539247e-07
1509407,"Aspergillus nomiae",4,2.47533544817743e-07,4.1,2.56701766852199e-07
3453885,"unknown genome; accession ID isNZ_JBQEPK010000151.1",4,2.47533544817743e-07,4.2,2.60197438981035e-07
3141608,"Ruminococcus sp. RTP21484sp1_RTP21281st1_A2_RTP21281_210402",4,2.47533544817743e-07,4.5,2.81400071788522e-07
1202712,"Ureibacillus chungkukjangi",4,2.47533544817743e-07,3.8,2.35037626478366e-07
2293053,"Clostridium sp. TF11-13AC",4,2.47533544817743e-07,3.9,2.40775306040979e-07
2293105,"Eubacterium sp. AF17-7",4,2.47533544817743e-07,4.1,2.52871588253846e-07
2302940,"Parabacteroides sp. 52",4,2.47533544817743e-07,4.3,2.6376914351781e-07
5078,"Penicillium griseofulvum",4,2.47533544817743e-07,4.5,2.77855481761088e-07
1736517,"Massilia sp. Root335",4,2.47533544817743e-07,4.1,2.56216358139225e-07
1290412,"Burkholderia pseudomallei",4,2.47533544817743e-07,3.7,2.31020153586542e-07
2931396,"Blautia sp. NSJ-175",4,2.47533544817743e-07,3,1.88115848977262e-07
2320088,"Roseburia sp. 1XD42-69",4,2.47533544817743e-07,4.3,2.67978430513733e-07
2763062,"Roseburia rectibacter",4,2.47533544817743e-07,4,2.50132940091842e-07
2822465,"Butyribacter sp.",4,2.47533544817743e-07,4,2.47747412254844e-07
2762572,"Streptococcus sp. 3.1",4,2.47533544817743e-07,4.1,2.53445217297743e-07
1890295,"Pseudoduganella danionis",4,2.47533544817743e-07,4.1,2.55307547877192e-07
3159680,"Salmonella sp. s55408",4,2.47533544817743e-07,3.9,2.42585197401092e-07
3380348,"Pilosibacter sp. YYHA0881",4,2.47533544817743e-07,5,3.07487586564536e-07
2293131,"Roseburia sp. AF22-8AC",4,2.47533544817743e-07,4.1,2.50867477164532e-07
2933339,"Salmonella sp. 17E11",4,2.47533544817743e-07,4.8,2.95361798153084e-07
2787132,"Anaeromassilibacillus sp. 1001302B_160321_C8",4,2.47533544817743e-07,3.8,2.32216663809469e-07
2293127,"Roseburia sp. AF12-17LB",4,2.47533544817743e-07,4,2.47853874715413e-07
2661914,"Traorella sp. mt218",4,2.47533544817743e-07,4.3,2.64387101571024e-07
3458240,"unknown genome; accession ID isNZ_JBQSUN010000005.1",4,2.47533544817743e-07,4,2.47559090650369e-07
1303,"Streptococcus oralis",3,1.85650158613307e-07,3.8,2.36056597223987e-07
155615,"Fusobacterium vincentii",3,1.85650158613307e-07,3.8,2.35283442867715e-07
46506,"Bacteroides stercoris",3,1.85650158613307e-07,2.9,1.82343632997113e-07
1316194,"Penicillium subrubescens",3,1.85650158613307e-07,3,1.85656205807322e-07
69789,"Penicillium soppii",3,1.85650158613307e-07,3,1.86030672638512e-07
1736554,"Streptomyces sp. Root55",3,1.85650158613307e-07,3.1,1.94115930810099e-07
3088697,"Pseudomonas sp. EL_65y_Pfl1_R83",3,1.85650158613307e-07,2.9,1.81099148767028e-07
658662,"Parabacteroides sp. D26",3,1.85650158613307e-07,3,1.86404262562597e-07
2691581,"Azoarcus sp. TTM-91",3,1.85650158613307e-07,3,1.87990355104906e-07
387661,"Parabacteroides johnsonii",3,1.85650158613307e-07,3,1.85701226712043e-07
990718,"uncultured Phocaeicola sp.",3,1.85650158613307e-07,3,1.86550207713983e-07
477666,"Bacteroides graminisolvens",3,1.85650158613307e-07,3,1.85650160951294e-07
691816,"Bacteroides rodentium",3,1.85650158613307e-07,3,1.8579525333078e-07
1286820,"Lacrimispora indolis",3,1.85650158613307e-07,3.7,2.27581608320586e-07
39490,"Eubacterium ramulus",3,1.85650158613307e-07,3.1,1.9121886292376e-07
3034501,"Enterococcus spodopteracolus",3,1.85650158613307e-07,3.3,2.05464074874979e-07
3073577,"Brotaphodocola sp.",3,1.85650158613307e-07,3,1.85651838347123e-07
1096246,"Hungatella effluvii",3,1.85650158613307e-07,3.2,1.99268520947906e-07
2496780,"Mesorhizobium sp. Primo-A",3,1.85650158613307e-07,4.2,2.61936391263113e-07
189396,"Xanthomonas euvesicatoria",3,1.85650158613307e-07,3.4,2.11821835553941e-07
3377164,"Stenotrophomonas maltophilia group sp. Smal32",3,1.85650158613307e-07,2.6,1.58640209436472e-07
1969738,"Butyricimonas sp.",3,1.85650158613307e-07,3,1.85650217636293e-07
2212480,"Blautia sp. BCRC 81119",3,1.85650158613307e-07,3.4,2.10695820122818e-07
2762568,"Streptococcus sp. 16.1",3,1.85650158613307e-07,3,1.86647666650066e-07
NA,"unknown genome; accession ID isNZ_CASEUO010000050.1",3,1.85650158613307e-07,3,1.85689775792787e-07
NA,"unknown genome; accession ID isNZ_CASEUO010000121.1",3,1.85650158613307e-07,3,1.85658220203785e-07
3681944,"unknown genome; accession ID isNZ_CEEDOR010000139.1",3,1.85650158613307e-07,3,1.87385319576102e-07
2883262,"Blautia sp. 210702-DFI.1.159",3,1.85650158613307e-07,3,1.85910526580072e-07
2885352,"Hominiventricola filiformis",3,1.85650158613307e-07,3.1,1.90763804176295e-07
2978477,"Eubacterium album",3,1.85650158613307e-07,3.1,1.89350123116648e-07
2696462,"Dhillonvirus welsh",3,1.85650158613307e-07,3.3,2.04452222705702e-07
2736645,"Streptomyces sp. JJ36",3,1.85650158613307e-07,3.1,1.88860815700564e-07
3153486,"Klebsiella sp. GG_Kp175",3,1.85650158613307e-07,3,1.86000914716566e-07
43997,"Catonella morbi",3,1.85650158613307e-07,3,1.8575802600143e-07
2886918,"Epseptimavirus EPS7",3,1.85650158613307e-07,3.2,1.99832487825592e-07
2200763,"Microbispora triticiradicis",3,1.85650158613307e-07,3,1.86121378794695e-07
1712679,"Pseudomonas sp. 2995-1",3,1.85650158613307e-07,2.2,1.33886998381141e-07
2775058,"Janthinobacterium sp. EB271-G4-3-2",3,1.85650158613307e-07,3.3,2.05566000024415e-07
2787089,"Ruminococcus sp. 1001713B170214_170313_A12",3,1.85650158613307e-07,3,1.87376328244084e-07
2292988,"Blautia sp. TF12-12AT",3,1.85650158613307e-07,3,1.86475045412126e-07
2025819,"Epseptimavirus SH9",3,1.85650158613307e-07,3.3,2.06188662701629e-07
2789276,"Kribbella sp. C-35",3,1.85650158613307e-07,3,1.85652467232961e-07
3373370,"Antrihabitans spumae",3,1.85650158613307e-07,3.3,2.01396345701744e-07
2292363,"Parabacteroides sp. TM07-1AC",3,1.85650158613307e-07,3,1.85665449865329e-07
3114299,"Candidatus Merdisoma sp. JLR.KK011",3,1.85650158613307e-07,3,1.85766989245715e-07
76305,"Roseibium denhamense",3,1.85650158613307e-07,3.5,2.13732310203456e-07
3315613,"Bacillus sp. hwrm1",3,1.85650158613307e-07,3.2,2.00622268894644e-07
2584640,"Eggerthella sp. BIOML-A3",3,1.85650158613307e-07,4.4,2.71574523485579e-07
2857010,"Streptomyces sp. DH12",3,1.85650158613307e-07,3.1,1.91700363327986e-07
2841668,"Streptomyces sp. CHA15",3,1.85650158613307e-07,3,1.86254810019303e-07
631128,"Frankia sp. AgPm24",3,1.85650158613307e-07,3,1.85650158613304e-07
3143203,"Bacteroides sp. RTP21281st1_E4_RTP21281_210402",3,1.85650158613307e-07,3.1,1.94315873875916e-07
1485586,"Streptomyces calidiresistens",3,1.85650158613307e-07,3.1,1.90375605233535e-07
2605744,"Pseudomonas sp. CAH-1",3,1.85650158613307e-07,3,1.85652087404703e-07
1581057,"Klebsiella sp. HMSC22F09",3,1.85650158613307e-07,3.2,1.98201411720591e-07
60216,"Xanthobacter tagetidis",3,1.85650158613307e-07,2.8,1.73000090627517e-07
3160131,"Salmonella sp. s58313",3,1.85650158613307e-07,3.5,2.14805057522412e-07
393006,"Tamlana crocina",3,1.85650158613307e-07,4.3,2.63351319496418e-07
2931395,"Blautia sp. NSJ-140",3,1.85650158613307e-07,3.3,2.01491603910941e-07
1944639,"Anaeromassilibacillus sp. Marseille-P3371",3,1.85650158613307e-07,3,1.85792797721186e-07
1747,"Cutibacterium acnes",2,1.23766772408871e-07,2.3,1.41830916225525e-07
1423,"Bacillus subtilis",2,1.23766772408871e-07,2.2,1.38142918816169e-07
2816911,"Lactococcus sp. LG592",2,1.23766772408871e-07,2.2,1.33253155930941e-07
671267,"Phocaeicola sartorii",2,1.23766772408871e-07,2,1.24201624259131e-07
659243,"Bacillus siamensis",2,1.23766772408871e-07,1.8,1.10511807467903e-07
66870,"Streptomyces aurantiogriseus",2,1.23766772408871e-07,2,1.23766772408869e-07
53462,"Mycolicibacterium mageritense",2,1.23766772408871e-07,2,1.25074308847588e-07
1720294,"Eisenbergiella massiliensis",2,1.23766772408871e-07,1.5,9.52229408184671e-08
2044587,"Schaedlerella arabinosiphila",2,1.23766772408871e-07,2.3,1.45144853389469e-07
3037989,"Bacteroides vicugnae",2,1.23766772408871e-07,2,1.26028262781774e-07
2870780,"Klebsiella sp. TF21-TM",2,1.23766772408871e-07,2,1.23802027280293e-07
2942477,"Algibacter sp. L4_22",2,1.23766772408871e-07,2,1.24116465438993e-07
2883185,"Blautia sp. MSK18_10",2,1.23766772408871e-07,2,1.24695408817465e-07
214856,"Alistipes finegoldii",2,1.23766772408871e-07,2,1.24525716823324e-07
3064195,"Brotocaccenecus cirricatena",2,1.23766772408871e-07,2.1,1.30601315984865e-07
3030638,"Faecalibacterium taiwanense",2,1.23766772408871e-07,2.1,1.30875687354217e-07
2763664,"Jutongia hominis",2,1.23766772408871e-07,2.1,1.31124229255136e-07
1581066,"Corynebacterium sp. HMSC28B08",2,1.23766772408871e-07,2.1,1.3003091452638e-07
851,"Fusobacterium nucleatum",2,1.23766772408871e-07,2.6,1.63573595106909e-07
2763066,"Ruminococcus intestinalis",2,1.23766772408871e-07,2.3,1.40361195422537e-07
3018249,"Streptococcus sp. SO4",2,1.23766772408871e-07,2.3,1.45186548754871e-07
102684,"Streptococcus infantarius",2,1.23766772408871e-07,2.1,1.32998154785248e-07
147207,"Collinsella intestinalis",2,1.23766772408871e-07,2,1.23767068828156e-07
1947566,"Streptococcus sp. UBA632",2,1.23766772408871e-07,2,1.24598554671375e-07
2844219,"Peduovirus P24A7b",2,1.23766772408871e-07,2.5,1.56441528233472e-07
58351,"Kitasatospora kifunensis",2,1.23766772408871e-07,2,1.24000534994121e-07
312253,"Bradyrhizobium tropiciagri",2,1.23766772408871e-07,2.6,1.5898721256135e-07
3075527,"Streptomyces edwardsiae",2,1.23766772408871e-07,2,1.24270942783092e-07
1712677,"Pseudomonas sp. 2822-15",2,1.23766772408871e-07,2.1,1.31245503714301e-07
2824767,"Pantoea sp. GbtcB22",2,1.23766772408871e-07,2,1.23766772408869e-07
3048621,"Glaciimonas sp. Cout2",2,1.23766772408871e-07,2,1.23834347733211e-07
2763032,"Butyricimonas hominis",2,1.23766772408871e-07,2.4,1.49567642521601e-07
460384,"Enterocloster lavalensis",2,1.23766772408871e-07,2.3,1.40047246597027e-07
3445266,"Bacillus cereus group sp. BC87",2,1.23766772408871e-07,2,1.23766775731571e-07
658225,"Sphingomonas glacialis",2,1.23766772408871e-07,2,1.25012214718764e-07
2994528,"Bacillus sp. Tg11",2,1.23766772408871e-07,2.3,1.42920352272947e-07
2293129,"Roseburia sp. AF20-18LB",2,1.23766772408871e-07,2.3,1.41321359734856e-07
2903961,"Blautia sp. XA-2221",2,1.23766772408871e-07,2,1.23778265064643e-07
2049030,"Lachnoanaerobaculum sp.",2,1.23766772408871e-07,1.5,9.45105761367415e-08
285729,"Fusobacterium canifelinum",2,1.23766772408871e-07,1.7,1.07533462732826e-07
286142,"uncultured Catenibacterium sp.",2,1.23766772408871e-07,1.5,9.38710258845648e-08
1262,"Peptostreptococcus sp.",2,1.23766772408871e-07,2,1.23845839213772e-07
1763549,"uncultured Holdemanella sp.",2,1.23766772408871e-07,2,1.242789264547e-07
2713299,"Epseptimavirus SB10",2,1.23766772408871e-07,2.4,1.48262422732251e-07
249586,"Streptomyces asoensis",2,1.23766772408871e-07,2,1.23766772408869e-07
2723058,"Bacteroides sp. GM023",2,1.23766772408871e-07,2,1.24924895760944e-07
1874619,"Pseudoalteromonas sp. BMB",2,1.23766772408871e-07,2.1,1.3034716101229e-07
1348469,"Jatrophihabitans fulvus",2,1.23766772408871e-07,2,1.23766772408869e-07
3025320,"Pseudoalteromonas sp. GABNB9D",2,1.23766772408871e-07,1.7,1.08290780308268e-07
1263636,"Microbacterium kyungheense",2,1.23766772408871e-07,2.1,1.27138252622446e-07
2885348,"Hominifimenecus microfluidus",2,1.23766772408871e-07,2.1,1.28118932027732e-07
2949966,"Clostridium sp. ZBS20",2,1.23766772408871e-07,2,1.24351743784845e-07
2602760,"Mesonia sp. K4-1",2,1.23766772408871e-07,2,1.24152284743638e-07
2070686,"Enteroscipio rubneri",2,1.23766772408871e-07,2,1.24855688956706e-07
2714355,"Vescimonas coprocola",2,1.23766772408871e-07,2,1.23878933445266e-07
1777878,"Streptococcus sp. DD10",2,1.23766772408871e-07,2,1.23952289744921e-07
2944216,"Lentihominibacter sp.",2,1.23766772408871e-07,2.1,1.29864898705863e-07
40543,"Sneathia sanguinegens",2,1.23766772408871e-07,2.3,1.41771326663749e-07
41047,"Aspergillus thermomutatus",2,1.23766772408871e-07,2,1.2649755829426e-07
2903532,"Streptomyces sp. IBSBF 2394",2,1.23766772408871e-07,2,1.23884123590518e-07
3681991,"unknown genome; accession ID isNZ_CEEDDH010000153.1",2,1.23766772408871e-07,2,1.26264839601506e-07
2650158,"Bacteroides luhongzhouii",2,1.23766772408871e-07,2,1.23776760720999e-07
2603896,"Methylobacterium sp. WL19",2,1.23766772408871e-07,2.1,1.30167034422e-07
2080749,"Dorea sp. Marseille-P4042",2,1.23766772408871e-07,2.1,1.32743353547347e-07
2518119,"Halorubrum sp. SS7",2,1.23766772408871e-07,2.7,1.68138015208942e-07
2605778,"Clostridium porci",2,1.23766772408871e-07,2.1,1.26875613771284e-07
2981724,"Alitiscatomonas aceti",2,1.23766772408871e-07,2.1,1.28954123051176e-07
2954690,"Streptococcus sp. FSL L8-0526",2,1.23766772408871e-07,2,1.24209566671479e-07
2836736,"Campylobacter sp. 2018MI10",2,1.23766772408871e-07,2.4,1.46176187946458e-07
1872517,"Anaerofustis sp.",2,1.23766772408871e-07,2,1.23766773402667e-07
2584653,"Finegoldia sp. BIOML-A5",2,1.23766772408871e-07,2,1.24222713550216e-07
2800582,"Campylobacter sp. 2018MI34",2,1.23766772408871e-07,2,1.23766772408869e-07
1517512,"Aspergillus pseudoviridinutans",2,1.23766772408871e-07,2,1.2376795696029e-07
2938946,"Streptomyces sp. AS02",2,1.23766772408871e-07,2.1,1.29532007692155e-07
2793807,"Bradyrhizobium sp. IC4060",2,1.23766772408871e-07,2.3,1.41214894377027e-07
1456735,"Streptomyces sp. S5",2,1.23766772408871e-07,2,1.24632917117249e-07
3123295,"Blautia sp. JLR.GB0024",2,1.23766772408871e-07,2,1.23781383272829e-07
92003,"Aromatoleum toluclasticum",2,1.23766772408871e-07,2.3,1.44787588328258e-07
3048611,"Pseudomonas sp. CCC4.3",2,1.23766772408871e-07,2.1,1.27736009402886e-07
2026339,"Oceanibium sediminis",2,1.23766772408871e-07,2.1,1.26929608186757e-07
2828479,"Bacillus sp. CCNWLCWHY013",2,1.23766772408871e-07,2.2,1.34076961641132e-07
2997949,"Coprococcus sp. AM100_B19A",2,1.23766772408871e-07,2.8,1.72109217851136e-07
3133499,"Maccoyibacter intestinihominis",2,1.23766772408871e-07,2,1.24305516655079e-07
75553,"Aspergillus viridinutans",2,1.23766772408871e-07,2,1.26423619916062e-07
1561947,"Penicillium longicatenatum",2,1.23766772408871e-07,2,1.23797846031472e-07
2789285,"Amycolatopsis sp. lyj-90",2,1.23766772408871e-07,2,1.23837853639488e-07
2769487,"Nocardia sp. XZ_19_369",2,1.23766772408871e-07,2.2,1.38991849678619e-07
2741325,"Streptomyces sp. CHD11",2,1.23766772408871e-07,2,1.23982112929649e-07
3088685,"Pseudomonas sp. EA_15y_Pfl1_P102",2,1.23766772408871e-07,2,1.2376924721398e-07
2582606,"Salmonella sp. gx-f7",2,1.23766772408871e-07,2.2,1.35285785620913e-07
3044279,"Massilia hydrophila",2,1.23766772408871e-07,2,1.23766772408869e-07
1965560,"Lachnoclostridium sp. An138",2,1.23766772408871e-07,2.2,1.36699138459216e-07
3142838,"Bacillus sp. Je.9.29.b",2,1.23766772408871e-07,2,1.24059872360975e-07
2997294,"Gemmiger qucibialis",2,1.23766772408871e-07,2,1.25192354352562e-07
3053469,"Halalkalicoccus sp. NIPERK01",2,1.23766772408871e-07,2.5,1.56660964224802e-07
394095,"Pyxidicoccus fallax",2,1.23766772408871e-07,2.1,1.30678154231354e-07
2841673,"Streptomyces sp. Vc714c-19",2,1.23766772408871e-07,2,1.23769662161314e-07
3384759,"Pseudomonas sp. PHC1",2,1.23766772408871e-07,2.4,1.50613192498236e-07
3153453,"Klebsiella sp. GG_Kp142",2,1.23766772408871e-07,2.1,1.28557625599768e-07
3273430,"Acidovorax sp. BLS4",2,1.23766772408871e-07,2,1.20889200875345e-07
2941517,"Hominisplanchenecus murintestinalis",2,1.23766772408871e-07,2.2,1.34620957288042e-07
1642702,"Paludifilum halophilum",2,1.23766772408871e-07,2.1,1.27128225961055e-07
1905697,"Brucella sp. CMUL 015",2,1.23766772408871e-07,2,1.24547342863028e-07
2804415,"Staphylococcus sp. GDY8P19P",2,1.23766772408871e-07,2.1,1.27545435953415e-07
2841510,"Clostridium sp. MSJ-8",2,1.23766772408871e-07,2,1.25739723595514e-07
3436707,"Neisseria sp. P0008.S010",2,1.23766772408871e-07,2,1.23766772573867e-07
1720298,"Peptoniphilus phoceensis",2,1.23766772408871e-07,2,1.25670095584615e-07
2749070,"Gardnerella sp. KA00127",2,1.23766772408871e-07,2.1,1.30905193334803e-07
2316014,"Epseptimavirus Sw2",2,1.23766772408871e-07,2.1,1.3157780512286e-07
1590,"Lactiplantibacillus plantarum",1,6.18833862044357e-08,1,6.19215424598493e-08
195,"Campylobacter coli",1,6.18833862044357e-08,1,6.22476981025693e-08
624,"Shigella sonnei",1,6.18833862044357e-08,1,6.18850199668729e-08
NA,"unknown genome; accession ID isNZ_CP018939.1",1,6.18833862044357e-08,1,6.18833862555027e-08
666,"Vibrio cholerae",1,6.18833862044357e-08,1,6.41004922269963e-08
2162637,"Bacteroides sp. PHL 2737",1,6.18833862044357e-08,1,6.42776106132433e-08
2681265,"Clostridium sp. 16K-1-R1",1,6.18833862044357e-08,1,6.18846889761552e-08
2816912,"Lactococcus sp. LG606",1,6.18833862044357e-08,1.1,6.96161623185551e-08
133448,"Citrobacter youngae",1,6.18833862044357e-08,1,6.19574125020018e-08
1217282,"Parabacteroides faecis",1,6.18833862044357e-08,1,6.29018484986446e-08
1328,"Streptococcus anginosus",1,6.18833862044357e-08,1.1,6.88233968302004e-08
2703794,"Serratia nevei",1,6.18833862044357e-08,1,6.18851610406729e-08
310298,"Phocaeicola coprocola",1,6.18833862044357e-08,1.2,7.15699864011193e-08
2838470,"Candidatus Bacteroides intestinigallinarum",1,6.18833862044357e-08,1,6.24096850469109e-08
569365,"Cladophialophora immunda",1,6.18833862044357e-08,1,6.21447712779521e-08
688661,"Lichtheimia ornata",1,6.18833862044357e-08,1,6.18833862044347e-08
1187928,"Alternaria incomplexa",1,6.18833862044357e-08,1,6.37432444484329e-08
1450539,"Aspergillus saccharolyticus",1,6.18833862044357e-08,1,6.18834239254918e-08
66374,"Streptomyces nojiriensis",1,6.18833862044357e-08,1,6.19084767749476e-08
83302,"Microbispora corallina",1,6.18833862044357e-08,1.1,6.94076644479728e-08
2723063,"Pseudomonas sp. JAI120",1,6.18833862044357e-08,1,6.18840610305491e-08
1712678,"Pseudomonas sp. 2822-17",1,6.18833862044357e-08,1.1,6.6306491546519e-08
3141587,"Bacteroides sp. MSSM.1001136sp1_RTP21357st2_E1_RTP21359_211015",1,6.18833862044357e-08,1,6.18880208761167e-08
2681430,"Raoultella sp. 18098",1,6.18833862044357e-08,1,6.23566151088643e-08
1078089,"Bacteroides sp. HPS0048",1,6.18833862044357e-08,1,6.18903599559799e-08
2813560,"Pseudomonas sp. 43(2021)",1,6.18833862044357e-08,1.2,7.19883347585618e-08
2608355,"Candidatus Pantoea formicae",1,6.18833862044357e-08,1,6.188338867159e-08
253257,"Lacrimispora amygdalina",1,6.18833862044357e-08,1,6.18834914892208e-08
3681963,"unknown genome; accession ID isNZ_CEEDMJ010000131.1",1,6.18833862044357e-08,1,6.19547279311156e-08
2831023,"Klebsiella sp. MC1F",1,6.18833862044357e-08,1.1,6.70175069240996e-08
3445337,"Bacillus cereus group sp. BC233",1,6.18833862044357e-08,1,6.19134921522176e-08
2933304,"Salmonella sp. 14ESS1566",1,6.18833862044357e-08,1,6.18841978299573e-08
2608358,"Pantoea sp. Ap-870",1,6.18833862044357e-08,1.1,6.58863642042944e-08
457393,"Bacteroides sp. 4_1_36",1,6.18833862044357e-08,1,6.38705999374068e-08
1137990,"Geodermatophilus arenarius",1,6.18833862044357e-08,1.1,7.11587499037779e-08
3373596,"Clostridium sp. 10cd*",1,6.18833862044357e-08,1,6.18836077039612e-08
1194427,"Vibrio toranzoniae",1,6.18833862044357e-08,1,6.19934521921094e-08
1736,"Eubacterium limosum",1,6.18833862044357e-08,1.5,9.1766769917445e-08
2787114,"Ruminococcus sp. D54t1_190329_F1",1,6.18833862044357e-08,1,6.24105825886385e-08
532020,"Deinococcus sp. 43",1,6.18833862044357e-08,1,6.18848513646887e-08
2763025,"Bacteroides parvus",1,6.18833862044357e-08,1,6.19786994063274e-08
1796622,"Extibacter muris",1,6.18833862044357e-08,1,6.18881185034641e-08
1796615,"Blautia caecimuris",1,6.18833862044357e-08,1,6.46878226344777e-08
2919915,"Chryseobacterium sp. SSA4.19",1,6.18833862044357e-08,1,6.37237751050401e-08
2743469,"Rhabdonatronobacter sediminivivens",1,6.18833862044357e-08,1,6.19427393352371e-08
2755561,"Bacillus sp. CN2",1,6.18833862044357e-08,1,6.18955557315902e-08
2024554,"Virgibacillus indicus",1,6.18833862044357e-08,1,6.30722746349074e-08
2949984,"Clostridium sp. RO3",1,6.18833862044357e-08,1,6.33060286723967e-08
3152360,"Devosia alba",1,6.18833862044357e-08,1,6.18853990593446e-08
2547410,"Enterocloster alcoholdehydrogenati",1,6.18833862044357e-08,1.2,7.34727729124648e-08
2787821,"Blautia sp. 1001283B150304_161114_C9",1,6.18833862044357e-08,1,6.24813577329287e-08
2849177,"Erysipelatoclostridium sp. MSK.23.68",1,6.18833862044357e-08,1.1,6.58114219371984e-08
28113,"Bacteroides heparinolyticus",1,6.18833862044357e-08,1.1,6.57460770220565e-08
1703332,"Butyribacter intestini",1,6.18833862044357e-08,1,6.27985622923265e-08
3438735,"Agathobaculum sp. LCP25S3_E8",1,6.18833862044357e-08,1.4,8.94699878828537e-08
533243,"Cylindrospermopsis raciborskii",1,6.18833862044357e-08,1.1,6.62666629776373e-08
2606633,"Oliverpabstia intestinalis",1,6.18833862044357e-08,1,6.32110851474278e-08
2601166,"Acinetobacter sp. YH12239",1,6.18833862044357e-08,1,6.3824580793373e-08
2981785,"Coprococcus ammoniilyticus",1,6.18833862044357e-08,2,1.22871601903001e-07
2144175,"Megasphaera stantonii",1,6.18833862044357e-08,1,6.28282670439335e-08
2292366,"Roseburia sp. AM51-8",1,6.18833862044357e-08,1,6.19218577404063e-08
2981655,"Gallintestinimicrobium sp.",1,6.18833862044357e-08,1,6.20535799581777e-08
1032505,"Fusobacterium sp. OBRC1",1,6.18833862044357e-08,1.5,9.4151151120518e-08
3409805,"Streptococcus sp. FT1-55",1,6.18833862044357e-08,1,6.18835319911125e-08
2013021,"Bifidobacterium sp. N5G01",1,6.18833862044357e-08,1,6.21656448348148e-08
3243571,"Bartonella sp. OD88NMGDW",1,6.18833862044357e-08,1,6.18833862044347e-08
2941338,"Streptococcus caecimuris",1,6.18833862044357e-08,1,6.21458559591213e-08
1379,"Gemella haemolysans",1,6.18833862044357e-08,2,1.24428056334595e-07
3438797,"Parolsenella sp. LCP21S3_E11",1,6.18833862044357e-08,1,6.20702559013925e-08
2965103,"Ligilactobacillus sp. MP3",1,6.18833862044357e-08,1,6.24227867606233e-08
84135,"Gemella sanguinis",1,6.18833862044357e-08,1,6.19983705562719e-08
54007,"Anaerococcus octavius",1,6.18833862044357e-08,1,6.1975701375979e-08
1965292,"Fenollaria sp.",1,6.18833862044357e-08,1,6.25290229950817e-08
2754717,"Candidatus Hakubella thermalkaliphila",1,6.18833862044357e-08,1,6.18833862713293e-08
155148,"Lederbergvirus HK620",1,6.18833862044357e-08,1,6.18833866145147e-08
3153559,"Nonomuraea sp. B10E8",1,6.18833862044357e-08,1,6.18833862044347e-08
2316721,"Corallococcus sp. AB049A",1,6.18833862044357e-08,1,6.20386837128156e-08
255045,"Bradyrhizobium canariense",1,6.18833862044357e-08,1,6.30209744489378e-08
2559708,"Clostridium sp. 1001271st1 H5",1,6.18833862044357e-08,1.5,9.37046890123915e-08
NA,"unknown genome; accession ID isNZ_CM137129.1",1,6.18833862044357e-08,1,6.18835327437589e-08
291645,"Bacteroides nordii",1,6.18833862044357e-08,1,6.20735056391092e-08
2800325,"Clostridium yunnanense",1,6.18833862044357e-08,1,6.18833862044347e-08
2057910,"Bacillus sp. BA3",1,6.18833862044357e-08,1.7,1.0276587430451e-07
2579922,"Pseudomonas yangonensis",1,6.18833862044357e-08,1.2,7.48012137694668e-08
1867106,"Hymenobacter seoulensis",1,6.18833862044357e-08,1.4,8.39524021045423e-08
665913,"Mixta calida",1,6.18833862044357e-08,1,6.39233220579422e-08
290053,"Bacteroides helcogenes",1,6.18833862044357e-08,1,6.18864283086267e-08
2292006,"Clostridium sp. AF32-12BH",1,6.18833862044357e-08,1.1,7.11416152981598e-08
1938366,"Pseudoalteromonas sp. SK18",1,6.18833862044357e-08,1,6.18833862044347e-08
1903262,"Bacteroides ndongoniae",1,6.18833862044357e-08,1,6.18843287682906e-08
3695678,"unknown genome; accession ID isNZ_JBWJVN010000002.1",1,6.18833862044357e-08,1,6.18835003757268e-08
1650661,"Clostridium phoceensis",1,6.18833862044357e-08,1,6.37899663482003e-08
1862567,"Acinetobacter sp. SA01",1,6.18833862044357e-08,1,6.18833862044347e-08
3438786,"Lawsonibacter sp. LCP25S3_E11",1,6.18833862044357e-08,1,6.19806543320196e-08
3014267,"Agathobaculum massiliense",1,6.18833862044357e-08,1,6.18855862707026e-08
2364793,"Lachnoclostridium sp. Marseille-P6806",1,6.18833862044357e-08,1.2,7.49390612388799e-08
1841868,"Provencibacterium massiliense",1,6.18833862044357e-08,1.4,8.42447904630705e-08
2763670,"Wujia chipingensis",1,6.18833862044357e-08,1,6.28445286521355e-08
575256,"Thermolongibacillus altinsuensis",1,6.18833862044357e-08,1,6.18848080005172e-08
351091,"Oscillibacter valericigenes",1,6.18833862044357e-08,1,6.37356440321896e-08
2951140,"Turicibacter sp. GALT-G1",1,6.18833862044357e-08,1,6.18834928973099e-08
2981721,"Brotomerdimonas butyrica",1,6.18833862044357e-08,1,6.19424239233097e-08
68892,"Streptococcus infantis",1,6.18833862044357e-08,1,6.29634329220608e-08
2487315,"Streptococcus sp. Marseille-P6264",1,6.18833862044357e-08,1,6.2070595007221e-08
NA,"unknown genome; accession ID isNZ_CASEUO010000013.1",1,6.18833862044357e-08,1,6.18835386831046e-08
NA,"unknown genome; accession ID isNZ_CASEUO010000025.1",1,6.18833862044357e-08,1,6.18894539846473e-08
NA,"unknown genome; accession ID isNZ_CASEUO010000064.1",1,6.18833862044357e-08,1,6.18926551839024e-08
328009,"uncultured Finegoldia sp.",1,6.18833862044357e-08,1,6.21885647948102e-08
1206557,"Epseptimavirus R201",1,6.18833862044357e-08,1,6.23412570374336e-08
2231351,"Epseptimavirus S124",1,6.18833862044357e-08,1,6.32864778627265e-08
209559,"Aspergillus alliaceus",1,6.18833862044357e-08,1,6.18833862655773e-08
1167516,"Penicillium odoratum",1,6.18833862044357e-08,1,6.18871962929115e-08
91492,"Aspergillus udagawae",1,6.18833862044357e-08,1,6.24776667931589e-08
1850975,"Penicillium nucicola",1,6.18833862044357e-08,1,6.19206110090744e-08
882444,"Amycolatopsis magusensis",1,6.18833862044357e-08,1,6.36863615873378e-08
3367358,"Herbidospora sp. RD11066",1,6.18833862044357e-08,1,6.47093055761207e-08
285560,"Kitasatospora cinereorecta",1,6.18833862044357e-08,1,6.18834551004022e-08
1836972,"Frankia canadensis",1,6.18833862044357e-08,1,6.2245099398896e-08
2937758,"Hungatella sp. SB206",1,6.18833862044357e-08,1,6.25749709321657e-08
3691794,"unknown genome; accession ID isNZ_JBVVQP010000129.1",1,6.18833862044357e-08,1,6.18833862044347e-08
457389,"Bacteroides sp. 3_1_13",1,6.18833862044357e-08,1,6.19897330258502e-08
2794589,"Bacillus cereus group sp. N17",1,6.18833862044357e-08,1,6.18833862044347e-08
2813565,"Pseudomonas sp. 74_A",1,6.18833862044357e-08,1.2,7.29754062408773e-08
2608350,"Klebsiella sp. Acro-834",1,6.18833862044357e-08,1,6.37135289812381e-08
1173496,"Klebsiella sp. K1",1,6.18833862044357e-08,1.1,6.93656918474979e-08
3158962,"Pseudomonas sp. UM16",1,6.18833862044357e-08,1,6.18833862044347e-08
1965649,"Butyricimonas sp. An62",1,6.18833862044357e-08,1,6.18860479772316e-08
2650745,"Xanthomonas sontii",1,6.18833862044357e-08,1.1,6.6730593659299e-08
3048608,"Pseudomonas sp. CCC3.2",1,6.18833862044357e-08,1,6.18836984500374e-08
1182697,"Escherichia sp. KTE96",1,6.18833862044357e-08,1,6.18833929245454e-08
2480799,"Alteromonas sp. KUL106",1,6.18833862044357e-08,1.1,6.92171985555929e-08
1121405,"Desulfococcus multivorans",1,6.18833862044357e-08,1,6.18877161435234e-08
1683601,"Bacillus sp. EKM207B",1,6.18833862044357e-08,1,6.47680846198172e-08
2763667,"Wansuia hejianensis",1,6.18833862044357e-08,1,6.19014895569069e-08
NA,"unknown genome; accession ID isNZ_CALIRI010000139.1",1,6.18833862044357e-08,1,6.18846810440921e-08
2981780,"Bacteroides cellulolyticus",1,6.18833862044357e-08,1,6.18834622177723e-08
2965276,"Blautia sp. DFI.9.10",1,6.18833862044357e-08,1,6.19260013517235e-08
2883228,"Longicatena sp. 210702-DFI.1.253",1,6.18833862044357e-08,1,6.18979550240034e-08
2997951,"Coprococcus sp. TM115-141",1,6.18833862044357e-08,1,6.39223504034679e-08
1385512,"Pontibacillus litoralis",1,6.18833862044357e-08,1,6.18833862158759e-08
2293015,"Clostridium sp. AF36-4",1,6.18833862044357e-08,1,6.18866745718116e-08
2292042,"Eggerthella sp. AM16-19",1,6.18833862044357e-08,1,6.19176855465562e-08
3436799,"Neisseria sp. P0019.S003",1,6.18833862044357e-08,1,6.18833862044347e-08
2652269,"Anaerococcus porci",1,6.18833862044357e-08,1,6.18890541464338e-08
2905972,"Streptococcus sp. XMC",1,6.18833862044357e-08,1,6.21821802401731e-08
159268,"uncultured Veillonella sp.",1,6.18833862044357e-08,1,6.19060711022487e-08
1777881,"Streptococcus sp. DD13",1,6.18833862044357e-08,1,6.19242855245212e-08
2169863,"Cytomegalovirus papiinebeta3",1,6.18833862044357e-08,1,6.18833862044347e-08
2231355,"Epseptimavirus S132",1,6.18833862044357e-08,1.1,7.0734114074054e-08
1518575,"Burkina Faso astrovirus",1,6.18833862044357e-08,1,6.18833862044347e-08
856822,"Fonsecaea nubica",1,6.18833862044357e-08,1,6.41523267940796e-08
2053005,"Microbispora sp. KK1-11",1,6.18833862044357e-08,1,6.18833862044347e-08
1729892,"Bradyrhizobium campsiandrae",1,6.18833862044357e-08,1,6.27357484858837e-08
60450,"Kribbella sandramycini",1,6.18833862044357e-08,1,6.18901385983616e-08
2056244,"Pseudomonas sp. QS1027",1,6.18833862044357e-08,1,6.18833862044347e-08
1462440,"Pseudoduganella ginsengisoli",1,6.18833862044357e-08,1,6.36729084510128e-08
3681991,"unknown genome; accession ID isNZ_CEEDDH010000246.1",1,6.18833862044357e-08,1,6.18833862044347e-08
3681991,"unknown genome; accession ID isNZ_CEEDDH010000333.1",1,6.18833862044357e-08,1,6.19001199666906e-08
3118753,"Pseudomonas sp. 10C3",1,6.18833862044357e-08,1,6.18880088021329e-08
2841744,"Bacteroides sp. HF-4919",1,6.18833862044357e-08,1,6.19307412713515e-08
3159655,"Salmonella sp. s51944",1,6.18833862044357e-08,1,6.18969366996099e-08
2774531,"Deinococcus aestuarii",1,6.18833862044357e-08,1,6.2619373636917e-08
3159712,"Salmonella sp. s58998",1,6.18833862044357e-08,1.1,6.80159568675886e-08
2883214,"Lacrimispora sp. 210928-DFI.3.58",1,6.18833862044357e-08,1,6.18952578271691e-08
3075931,"Bacillus sp. IG2",1,6.18833862044357e-08,1.4,8.82198800716859e-08
2681410,"Microbacterium sp. 18062",1,6.18833862044357e-08,1,6.18833862112478e-08
2861964,"Pseudoalteromonas sp. CR1",1,6.18833862044357e-08,1,6.28833374694809e-08
2292054,"Prevotella sp. AM23-5",1,6.18833862044357e-08,1.1,6.53623901727205e-08
3133154,"Coprococcus intestinihominis",1,6.18833862044357e-08,1,6.22954717517776e-08
2997950,"Coprococcus sp. AM11-30B",1,6.18833862044357e-08,1,6.19129847715019e-08
2293190,"Ruminococcus sp. AM26-12LB",1,6.18833862044357e-08,1,6.45127825058798e-08
1602169,"Prevotella pectinovora",1,6.18833862044357e-08,1,6.20087477688616e-08
2302943,"Coprococcus sp. AF38-1",1,6.18833862044357e-08,1,6.20058785345932e-08
2292041,"Dorea sp. AF36-15AT",1,6.18833862044357e-08,1,6.1919387840131e-08
2775006,"Enterococcus sp. DIV0436",1,6.18833862044357e-08,1,6.21112281387444e-08
371674,"Moryella indoligenes",1,6.18833862044357e-08,1,6.18900987724535e-08
1871336,"Criibacterium bergeronii",1,6.18833862044357e-08,1,6.25508316737245e-08
1739430,"Streptococcus sp. HMSC078D09",1,6.18833862044357e-08,1.1,6.99155410558212e-08
563036,"Streptococcus sp. C300",1,6.18833862044357e-08,1.1,6.79002144364164e-08
2899727,"Mediannikoviicoccus vaginalis",1,6.18833862044357e-08,1,6.18834076471173e-08
1507806,"Campylobacter fetus",1,6.18833862044357e-08,1,6.23652613745324e-08
3468941,"unknown genome; accession ID isNZ_BAAILU010000001.1",1,6.18833862044357e-08,1,6.19025988752144e-08
1204534,"Colneyvirus MMP02",1,6.18833862044357e-08,1,6.18844755471297e-08
116970,"Penicillium angulare",1,6.18833862044357e-08,1,6.18872989713038e-08
1562058,"Penicillium pulvis",1,6.18833862044357e-08,1,6.19451185357084e-08
1392255,"Aspergillus novofumigatus",1,6.18833862044357e-08,1,6.33535531550522e-08
37727,"Talaromyces marneffei",1,6.18833862044357e-08,1,6.22076069971068e-08
164115,"Streptomyces niveiscabiei",1,6.18833862044357e-08,1.4,8.75671995283629e-08
85688,"Nocardia cerradoensis",1,6.18833862044357e-08,1.1,6.66814403998386e-08
2949651,"Parabacteroides sp. TA-V-105",1,6.18833862044357e-08,1,6.18883339961371e-08
2681318,"Trichormus variabilis",1,6.18833862044357e-08,1,6.18833862044347e-08
1739517,"Bacteroides sp. HMSC073E02",1,6.18833862044357e-08,1,6.18835476080594e-08
3696315,"unknown genome; accession ID isNZ_CM151369.1",1,6.18833862044357e-08,1,6.18833862353034e-08
2930089,"Pseudomonas sp. RGM 3321",1,6.18833862044357e-08,1,6.26655406187403e-08
2021693,"Bacillus sp. 7884-1",1,6.18833862044357e-08,1,6.22920564575505e-08
556258,"Bacteroides sp. D1",1,6.18833862044357e-08,1,6.18990184600233e-08
427369,"Streptomonospora halophila",1,6.18833862044357e-08,1,6.19061413273735e-08
13725,"Thiocystis violacea",1,6.18833862044357e-08,1,6.19374952648698e-08
3048632,"Pseudomonas sp. RTB2",1,6.18833862044357e-08,1,6.18833862044347e-08
2665560,"Salmonella sp. S056_01185",1,6.18833862044357e-08,1,6.22203884745299e-08
3159695,"Salmonella sp. s57402",1,6.18833862044357e-08,1,6.18835480725946e-08
2607660,"Nocardioides humilatus",1,6.18833862044357e-08,1,6.25995386856893e-08
2293125,"Prevotella sp. AM42-24",1,6.18833862044357e-08,1,6.23435921449607e-08
3366863,"Bacillus sp. YIM B13606",1,6.18833862044357e-08,1,6.19029161135053e-08
2292973,"Blautia sp. AM28-27",1,6.18833862044357e-08,1,6.2408256332014e-08
2981787,"Dorea acetigenes",1,6.18833862044357e-08,1,6.19097161181518e-08
3699536,"unknown genome; accession ID isNZ_JBXAYL010000171.1",1,6.18833862044357e-08,1,6.20496344234059e-08
3459305,"unknown genome; accession ID isNZ_JBQWEE010000005.1",1,6.18833862044357e-08,1,6.21585547584949e-08
NA,"unknown genome; accession ID isNZ_JAQEUC010000021.1",1,6.18833862044357e-08,1,6.18834117539466e-08
NA,"unknown genome; accession ID isNZ_JAQEUC010000054.1",1,6.18833862044357e-08,1,6.18833862044347e-08
NA,"unknown genome; accession ID isNZ_JBKVGC010000005.1",1,6.18833862044357e-08,1,6.20379401061475e-08
1776379,"Leyella lascolaii",1,6.18833862044357e-08,1,6.19027120063853e-08
3018246,"Streptococcus sp. SN3",1,6.18833862044357e-08,1,6.20829269160194e-08
118246,"Ureibacillus terrenus",1,6.18833862044357e-08,1,6.18833862044347e-08
307486,"Tepidimonas taiwanensis",1,6.18833862044357e-08,1.2,7.23835565277192e-08
3003691,"Fusobacterium sp. 27098_8_59",1,6.18833862044357e-08,1.1,6.63229375907253e-08
327277,"Bifidobacterium crudilactis",1,6.18833862044357e-08,1.3,7.78729377845251e-08
2763677,"Zongyangia hominis",1,6.18833862044357e-08,1,6.38197522492844e-08
2763061,"Roseburia lenta",1,6.18833862044357e-08,1,6.204156152275e-08
3143206,"Bifidobacterium sp. RTP21102st3_E2_RTP21102_210122",1,6.18833862044357e-08,1,6.19177741169428e-08
2883191,"Streptococcus sp. MSK15_114",1,6.18833862044357e-08,1,6.21658651974156e-08
1581058,"Aerococcus sp. HMSC23C02",1,6.18833862044357e-08,1.5,9.54316251040572e-08
1579350,"Streptococcus sp. 1004_SSPC",1,6.18833862044357e-08,1,6.18968322723019e-08
2836738,"Campylobacter sp. 2018MI27",1,6.18833862044357e-08,1.1,6.53922883025443e-08
3722764,"unknown genome; accession ID isNZ_JBZUJU010000006.1",1,6.18833862044357e-08,1,6.18919619528603e-08
2713309,"Epseptimavirus oselot",1,6.18833862044357e-08,1.1,7.00948836662978e-08
210207,"Aspergillus foveolatus",1,6.18833862044357e-08,1,6.18834840213193e-08
5088,"Thermoascus crustaceus",1,6.18833862044357e-08,1,6.18835856801935e-08
638574,"Nonomuraea rosea",1,6.18833862044357e-08,1.1,6.72681969252556e-08
2921771,"Caballeronia sp. AAUFL_F1_KS47",1,6.18833862044357e-08,1.1,6.7172544917336e-08
67344,"Streptomyces prasinopilosus",1,6.18833862044357e-08,1,6.49740008128825e-08
1337051,"Murimonas intestini",1,6.18833862044357e-08,1,6.19254421931743e-08
1549810,"Microvirga sp. BSC39",1,6.18833862044357e-08,1,6.197402376914e-08
2545719,"Lysobacter sp. N42",1,6.18833862044357e-08,1.2,7.50824211525582e-08
433293,"Anaerotaenia torta",1,6.18833862044357e-08,1,6.18834550912584e-08
3153457,"Klebsiella sp. GG_Kp146",1,6.18833862044357e-08,1,6.19276034425877e-08
2292921,"Bacteroides sp. AF20-13LB",1,6.18833862044357e-08,1.1,6.55536314836874e-08
3159708,"Salmonella sp. s58760",1,6.18833862044357e-08,1,6.1883512112216e-08
2058900,"Arthrobacter sp. ZGTC412",1,6.18833862044357e-08,1.1,7.07693895552868e-08
1161202,"Erythrobacter colymbi",1,6.18833862044357e-08,1,6.18833862044347e-08
3705398,"unknown genome; accession ID isNZ_JBXUNS010000007.1",1,6.18833862044357e-08,1,6.30083157428001e-08
1843371,"Acinetobacter guerrae",1,6.18833862044357e-08,1,6.18833862044347e-08
2860051,"Blautia sp. KLE_1732_HM_1032",1,6.18833862044357e-08,1,6.19109596181202e-08
1965548,"Drancourtella sp. An12",1,6.18833862044357e-08,1,6.21922372492749e-08
2787129,"Clostridium sp. 1001283B150210_160208_E6",1,6.18833862044357e-08,1,6.20057957440441e-08
28119,"Bacteroides zoogleoformans",1,6.18833862044357e-08,1,6.18855515536357e-08
2944202,"Simiaoa sp.",1,6.18833862044357e-08,1,6.24830753772022e-08
1765683,"Ferroacidibacillus organovorans",1,6.18833862044357e-08,1,6.19199491820864e-08
3002521,"Butyricicoccus sp. AF18-9LB",1,6.18833862044357e-08,1,6.22719451783802e-08
2293033,"Clostridium sp. AM46-21",1,6.18833862044357e-08,1,6.20362997423867e-08
2944172,"Wujia sp.",1,6.18833862044357e-08,1,6.1883919626269e-08
2763063,"Roseburia yibonii",1,6.18833862044357e-08,1,6.22895896006053e-08
3380807,"Faecalimonas sp. OB7656",1,6.18833862044357e-08,1.1,6.85788312136676e-08
39441,"Methanobrevibacter arboriphilus",1,6.18833862044357e-08,1,6.19298008366052e-08
671211,"Fusobacterium sp. oral taxon 203",1,6.18833862044357e-08,1,6.19721154888403e-08
3098075,"Streptococcus dentalis",1,6.18833862044357e-08,1.1,6.64989100335315e-08
2991833,"Limosilactobacillus pulli",1,6.18833862044357e-08,1,6.21237538941789e-08
3455700,"unknown genome; accession ID isNZ_JBQJJH010000002.1",1,6.18833862044357e-08,1,6.1884719601129e-08
51156,"Cadophora gregata",1,6.18833862044357e-08,1,6.18847494695277e-08
61420,"Aspergillus caelatus",1,6.18833862044357e-08,1.1,6.53307186724289e-08
1187925,"Alternaria hordeiaustralica",1,6.18833862044357e-08,1,6.18833862046704e-08
1858805,"Dacryopinax primogenitus",1,6.18833862044357e-08,1,6.18833862044347e-08
3014558,"Streptomyces sp. ActVer",1,6.18833862044357e-08,1.7,1.05506379927046e-07
1437360,"Bradyrhizobium erythrophlei",1,6.18833862044357e-08,1,6.18833862044347e-08
134536,"Paraburkholderia caledonica",1,6.18833862044357e-08,1,6.25112211925406e-08
3241256,"Pseudomonas sp. MD332_6",1,6.18833862044357e-08,1,6.18833862044347e-08
2686364,"Klebsiella sp. PCX",1,6.18833862044357e-08,1,6.19716819503239e-08
3415987,"Parabacteroides sp. ASD2025",1,6.18833862044357e-08,1,6.20797652515098e-08
2929508,"Pantoea sp. Ft+CA_17",1,6.18833862044357e-08,1,6.2006198883885e-08
3159632,"Salmonella sp. s24813",1,6.18833862044357e-08,1,6.18835478959551e-08
2202832,"Enterobacter sp. HPCN14",1,6.18833862044357e-08,1,6.20928553609961e-08
1527293,"Paenibacillus dakarensis",1,6.18833862044357e-08,1,6.18833862077908e-08
2303987,"Motilimonas pumila",1,6.18833862044357e-08,1,6.25528133640458e-08
1608613,"Modestobacter lapidis",1,6.18833862044357e-08,1.1,6.79679906387894e-08
2054178,"Halomonas sp. ND22Bw",1,6.18833862044357e-08,1.1,6.75632928573838e-08
3438802,"Prevotella sp. Sow4_E9_plate",1,6.18833862044357e-08,1.2,7.19771549889998e-08
2583810,"Alteribacter natronophilus",1,6.18833862044357e-08,1,6.22199843069665e-08
2201324,"Mucilaginibacter hurinus",1,6.18833862044357e-08,1,6.1970483236721e-08
1134781,"Methylopila musalis",1,6.18833862044357e-08,1,6.32525751626179e-08
1690220,"Phycicoccus endophyticus",1,6.18833862044357e-08,1,6.18833862044347e-08
2592647,"Pseudoflavonifractor sp. MCC625",1,6.18833862044357e-08,1.5,9.18569463589164e-08
330061,"bacterium ic1395",1,6.18833862044357e-08,1.1,6.99805128430842e-08
272164,"Olleya marilimosa",1,6.18833862044357e-08,1,6.18833862044347e-08
2883208,"Dorea sp. 210702-DFI.3.17",1,6.18833862044357e-08,1,6.37128987891606e-08
2981720,"Bovifimicola ammoniilytica",1,6.18833862044357e-08,1.2,7.58162104976511e-08
2584645,"Faecalibacterium sp. BIOML-A1",1,6.18833862044357e-08,1,6.19123124120165e-08
2293107,"Eubacterium sp. AF34-35BH",1,6.18833862044357e-08,1,6.43914994864103e-08
3003652,"Streptococcus sp. 27098_8_148",1,6.18833862044357e-08,1,6.19591989358139e-08
3140788,"Streptococcus nidrosiense",1,6.18833862044357e-08,1.1,6.71052099303026e-08
1863010,"Tequintavirus SHSML45",1,6.18833862044357e-08,1,6.29326303394454e-08
2419655,"Moineauvirus SW6",1,6.18833862044357e-08,1,6.1896344424496e-08
743300,"Circovirus eniyan",1,6.18833862044357e-08,1,6.18833862044347e-08
