"TaxonomyID","Genome","read_count","Proportion","readsEM","EMProportion"
291644,"Bacteroides salyersiae",2433533,0.150983835425074,2430342.3,0.150785874387306
33038,"Mediterraneibacter gnavus",2354169,0.146059849962507,2341876.7,0.145297197018698
214851,"Subdoligranulum variabile",1707169,0.105917989745275,1712485.6,0.106247846174319
2292357,"Faecalibacterium sp. OM04-11BH",1499213,0.0930157630322379,1499307.1,0.0930216029088902
330879,"Aspergillus fumigatus",1243803,0.0771693449208262,1243778.1,0.0771677970714534
573,"Klebsiella pneumoniae",588638,0.0365209031136806,558462.4,0.0346487190705496
40519,"Ruminococcus callidus",568134,0.035248772198852,566216.4,0.0351297971298158
40520,"Blautia obeum",557071,0.0345623898192797,550812.6,0.0341740973139937
5068,"Aspergillus tubingensis",407713,0.0252957623720998,407364.7,0.0252741505744739
1872530,"Anaerostipes sp.",379414,0.0235400057997853,381567.6,0.0236736208862547
821,"Phocaeicola vulgatus",358446,0.0222390869048318,323912.1,0.0200964960674214
1150298,"Fusicatenibacter saccharivorans",294321,0.0182605756429615,299577.9,0.0185867323243076
46503,"Parabacteroides merdae",273371,0.0169607735230991,304512.6,0.0188928945963201
1108849,"Penicillium rubens",264503,0.0164105756615745,264073.1,0.0163839028644894
2292192,"Bacteroides sp. AF16-49",229667,0.0142492436020265,230135.8,0.0142783280005751
626937,"Christensenella minuta",195294,0.0121166374795429,195830.6,0.0121499304981684
562,"Escherichia coli",188594,0.0117009489734293,203863.7,0.0126483286775722
1351,"Enterococcus faecalis",183065,0.0113579128912947,182964.7,0.0113516911280382
1304,"Streptococcus salivarius",162292,0.0100690923931609,162456.8,0.0100793161323414
1871024,"Mordavella massiliensis",130466,0.008094509946061,119161.6,0.0073931513841441
594,"Salmonella enterica",130416,0.00809140779303031,144622,0.00897279225222083
1033731,"Alistipes timonensis",125165,0.0077656196817464,125204.1,0.00776804276235078
239935,"Akkermansia muciniphila",124623,0.00773199234289363,124615.1,0.00773149931312515
2787112,"Romboutsia sp. 1001713B170207_170306_H8",88729,0.00550501872521612,88843.2,0.00551210151471959
88431,"Dorea longicatena",84557,0.00524617507633468,81396.8,0.00505010809579814
1196081,"Talaromyces amestolkiae",82304,0.00510639206077143,82305.9,0.00510650895915461
1496,"Clostridioides difficile",75251,0.00466880235426116,76897,0.00477092572661811
1262737,"Bacteroides sp. CAG:189",72576,0.00450283716711882,74439.3,0.00461844148477783
301301,"Roseburia hominis",72239,0.00448192865569191,72482.7,0.00449705135118155
36656,"Penicillium crustosum",66948,0.00415365882198345,67388.2,0.00418097072129693
823,"Parabacteroides distasonis",63420,0.00393477090413739,66251.4,0.00411043808618876
28118,"Odoribacter splanchnicus",62100,0.00385287406412696,62690.5,0.00388950898849179
39483,"Faecalitalea cylindroides",62047,0.00384958578191442,64417.8,0.00399667663140497
858893,"Exophiala dermatitidis",54404,0.00337539066964192,54404,0.00337539066724375
544644,"Butyricimonas synergistica",52199,0.00323858572098814,52362.2,0.00324871120499649
89153,"[Clostridium] hylemonae",48221,0.0029917784258658,48324,0.00299816925288895
187327,"Acidaminococcus intestini",47455,0.00294425344143551,47461.4,0.002944651963781
28025,"Bifidobacterium animalis",45018,0.00279305450271929,45024.3,0.00279344531447609
39491,"Agathobacter rectalis",41317,0.00256343313538702,42480.4,0.0026356141724777
2292004,"Butyricicoccus sp. AM05-1",35357,0.00219365649412781,35579.9,0.00220748352850126
3028070,"Claveliimonas bilis",33908,0.00210375609929818,45330.5,0.00281244469265736
1912855,"Faecalimonas umbilicata",28995,0.00179893854250179,23959.8,0.00148653756830977
5478,"Nakaseomyces glabratus",28605,0.00177474174886235,28606.7,0.00177484549919337
29363,"Clostridium paraputrificum",28002,0.00173732978331213,28005,0.00173751411343409
1675602,"Moonvirus merlin",25785,0.00159978031793098,25784.7,0.0015997611077309
89014,"Blautia luti",24889,0.00154418973562087,22855.6,0.0014180307418223
1448317,"Aspergillus costaricensis",14109,0.000875365542202372,13343.8,0.00082789183668288
487174,"Barnesiella intestinihominis",13874,0.000860785422958091,13886.9,0.000861587041267897
649756,"Anaerostipes hadrus",13473,0.000835906155651893,11025.3,0.000684045859863594
418240,"Blautia wexlerae",13067,0.000810716673042625,13515.9,0.000838567479007613
818,"Bacteroides thetaiotaomicron",12898,0.000800231395798866,12095.3,0.000750428429489267
2981789,"Dorea amylophila",12543,0.00077820610928091,19519.4,0.00121104467489252
2696339,"Mosigvirus efftwo",10721,0.000665163652842273,10702.2,0.000663999660268758
2666183,"Pseudomonas juntendi",10107,0.000627069213625301,10092.3,0.000626158554962867
1567028,"Gaprivervirus vr25",9918,0.000615343075169263,9876.9,0.00061279258611114
328813,"Alistipes onderdonkii",9180,0.00056955529643616,9207.8,0.000571278304728576
2163605,"Wroclawvirus PA5oct",8565,0.000531398814158574,8564.8,0.000531389421730984
2293015,"Clostridium sp. AF36-4",8289,0.000514274929429121,8279.7,0.00051369613170484
1567007,"Tequintavirus DT5712",6692,0.000415192161628625,6690.6,0.000415102463494679
1933774,"Loudonvirus EC3a",6682,0.000414571731022486,6681.8,0.000414560039766222
180164,"Blautia schinkii",6675,0.000414137429598188,7253.1,0.000450004479877599
1502,"Clostridium perfringens",6373,0.000395400425292772,6317.9,0.000391979309693889
2981779,"Anaerostipes amylophilus",6209,0.000385225363352082,7567.2,0.000469489281503445
592978,"Mediterraneibacter faecis",6186,0.000383798372957961,6119.9,0.000379697971330099
53346,"Enterococcus mundtii",6142,0.000381068478290947,6130.7,0.000380369119262014
2714355,"Vescimonas coprocola",6068,0.000376477291805514,5688.4,0.000352926087281087
3420582,"Candidatus Pseudoscillospira sp. SGI.172",5314,0.000329696824102587,5179.7,0.000321365285247656
2894747,"Dhillonvirus JLBYU37",5290,0.000328207790647852,4249.1,0.000263626926673918
1311,"Streptococcus agalactiae",5286,0.000327959618405397,4103.2,0.000254577392737361
2093857,"Dysosmobacter welbionis",4795,0.000297496475643942,4804.6,0.000298089547949056
1439894,"Alcyoneusvirus K641",4784,0.000296814001977188,4784,0.000296814001977182
2508180,"Tequatrovirus kaw",4781,0.000296627872795346,4832,0.000299792209225186
2981783,"Blautia acetigignens",4711,0.000292284858552369,5313.1,0.000329644011744136
762660,"Acinetobacter phage Ac42",4673,0.000289927222249039,4673,0.000289927222249033
2711185,"Kuravirus MN05",4664,0.000289368834703513,4579,0.000284097827703411
246787,"Bacteroides cellulosilyticus",4551,0.000282357968854135,5191.3,0.000322081994978997
39486,"Dorea formicigenerans",4332,0.000268770538579678,4536.5,0.000281459213647377
5480,"Candida parapsilosis",4325,0.00026833623715538,4325,0.000268335284413997
2905675,"Skunavirus sk1",4084,0.000253383859547416,3988.9,0.000247484250233353
1448310,"Aspergillus neoniger",4077,0.000252949558123118,4446.2,0.000275858345889727
2508193,"Wifcevirus WFC",4030,0.000250033534274262,4030,0.000250033534274257
817,"Bacteroides fragilis",3819,0.000236942448484716,3969.4,0.000246272485126765
154288,"Turicibacter sanguinis",3796,0.000235515458090595,3796,0.000235513169361194
1604355,"Suseptimavirus ECBP2",3770,0.000233902338514632,3724.1,0.000231057309413677
2758418,"Anaerostipes sp. Marseille-Q3525",3701,0.000229621367332269,4894.1,0.000303644495838797
2986411,"Cohcovirus splanchnicus",3482,0.000216033937057811,3530.4,0.000219039827356831
665942,"Desulfovibrio sp. 6_1_46AFAA",3421,0.00021224931036036,3420.6,0.000212224560984544
2508187,"Dhillonvirus WF1",3386,0.000210077803238871,3358.1,0.000208346013205027
2547410,"Enterocloster alcoholdehydrogenati",3373,0.00020927124345089,3707.2,0.000230006459744783
1211280,"Tulanevirus ime13",3359,0.000208402640602294,3359,0.00020840264060229
47715,"Lacticaseibacillus rhamnosus",3295,0.000204431884723001,3287.6,0.000203975323384658
1642588,"Septimatrevirus DLP1",3246,0.000201391774752917,3246,0.000201391774752913
1318,"Streptococcus parasanguinis",3177,0.000197110803570553,3421.7,0.000212293483181147
208479,"Enterocloster bolteae",3135,0.000194504995024767,3192.9,0.000198099922222766
1589,"Lactiplantibacillus pentosus",3078,0.000190968540569771,3080.2,0.000191104573030032
1681,"Bifidobacterium bifidum",2904,0.000180173048022942,2957.9,0.000183518425867069
2910155,"Carltongylesvirus SKA49",2885,0.000178994229871277,2885,0.000178994229871273
1448311,"Aspergillus vadensis",2793,0.000173286268294792,3126.8,0.000193996124413197
35833,"Bilophila wadsworthia",2739,0.000169935943021638,2737.4,0.000169837283079952
2762819,"Eowynvirus eowyn",2711,0.000168198737324448,2711,0.000168198737324444
2292372,"Ruminococcus sp. AM42-11",2670,0.000165654971839275,3471.7,0.000215394012296299
2488596,"Dhillonvirus PNS1",2656,0.00016478636899068,3060.9,0.000189910481416394
2836105,"Dhillonvirus sponge",2407,0.000149337646897804,3069.5,0.00019044155174968
1352,"Enterococcus faecium",2331,0.000144622374291143,2320.8,0.000143987039534396
2448031,"Ruminococcus sp. B05",2327,0.000144374202048687,2819,0.000174900850133825
2584622,"Akkermansia sp. BIOML-A66",2303,0.000142885168593952,2157.6,0.000133865495864111
163665,"Dysgonomonas mossii",2298,0.000142574953290882,2309.1,0.000143264258441184
1788294,"Kayfunavirus 101118UKE1",2233,0.000138542154350974,2233,0.000138542154350972
166486,"Roseburia intestinalis",2131,0.00013221376216835,2920.8,0.000181214506389932
1929886,"Eggerthella sp.",2116,0.000131283116259141,2111.8,0.000131023058004891
357276,"Phocaeicola dorei",2065,0.000128118920167829,2005.8,0.00012444587920744
47858,"Micromonospora echinofusca",2020,0.000125326982440201,1902.6,0.000118045163849693
1796615,"Blautia caecimuris",1994,0.000123713862864238,2003,0.000124270766638319
948870,"Justusliebigvirus phi92",1988,0.000123341604500554,1944.8,0.000120658343781447
37734,"Enterococcus casseliflavus",1912,0.000118626331893893,1935.6,0.00012009301785743
1969738,"Butyricimonas sp.",1904,0.000118129987408981,1885.8,0.000116997980944708
2172043,"Bifidobacterium tibiigranuli",1881,0.00011670299701486,1984.9,0.000123147559872648
225992,"Comamonas kerstersii",1829,0.000113476757862934,1826.8,0.000113337514143409
1624,"Ligilactobacillus salivarius",1816,0.000112670198074953,1821.8,0.000113030252089989
1572753,"Berlinvirus P483",1801,0.000111739552165743,1798.1,0.000111557755101187
1069201,"Aspergillus luchuensis",1799,0.000111615466044515,1992.8,0.000123640992156752
387661,"Parabacteroides johnsonii",1794,0.000111305250741446,1994.3,0.000123732996451284
197,"Campylobacter jejuni",1793,0.000111243207680832,1832.4,0.000113685988407428
2714735,"Hanrivervirus PGN590",1775,0.00011012643258978,1775,0.000110126432589778
331117,"Aspergillus fischeri",1734,0.000107582667104608,1504.8,9.33629000151874e-05
1897495,"Phapecoctavirus ESCO5",1690,0.000104852772437594,1724.7,0.000107004483776992
39490,"Eubacterium ramulus",1666,0.000103363738982859,1539.1,9.54903313589776e-05
1391223,"Gamaleyavirus APEC7",1643,0.000101936748588738,1489,9.23797709190808e-05
3438777,"Dysosmobacter sp. Sow4_B12",1622,0.000100633844315844,1650.5,0.000102402296189442
244366,"Klebsiella variicola",1585,9.83382510731278e-05,1572.6,9.75699833823237e-05
2943490,"Corynebacterium stercoris",1527,9.47397535575181e-05,1527,9.47397530726513e-05
29348,"Thomasclavelia spiroformis",1485,9.21339450117317e-05,1486.4,9.22192053830882e-05
2954545,"Streptococcus sp. FSL W7-1342",1449,8.99003948296291e-05,1277.4,7.92546365455914e-05
2913972,"Chopinvirus KSY1",1396,8.66121126170892e-05,1395.2,8.65621435418642e-05
2049033,"Megamonas sp.",1390,8.62398542534055e-05,1388.4,8.61417201368394e-05
432200,"Wongtaivirus HK542",1375,8.5309208344196e-05,1366.1,8.47566266004592e-05
658661,"Parabacteroides sp. D25",1367,8.48128638592844e-05,1240.9,7.698738646216e-05
2003188,"Parolsenella catena",1365,8.46887777380564e-05,1365.6,8.47246480944703e-05
1280,"Staphylococcus aureus",1354,8.40063040713029e-05,1444.6,8.96278568275084e-05
626935,"Collinsella tanakaei",1342,8.32617873439353e-05,1342.1,8.32659806149068e-05
2886925,"Enquatrovirus N4",1314,8.15245816467444e-05,1314,8.15245816467428e-05
2029675,"Skunavirus sv96403",1306,8.10282371618327e-05,1371.4,8.50851220899767e-05
2986398,"Jahgtovirus intestinalis",1258,7.80501702523626e-05,1258,7.80501702523611e-05
2860374,"Suseptimavirus IME267",1227,7.61268353733298e-05,1357.8,8.42413909061767e-05
338188,"Bacteroides finegoldii",1219,7.56304908884182e-05,1205.4,7.47867540193017e-05
1675603,"Mooglevirus mordin",1209,7.50100602822786e-05,1209,7.5010060282277e-05
2070182,"Eponavirus epona",1131,7.01707015543896e-05,1404,8.71099265401729e-05
1527524,"Pseudotevenvirus miller",1082,6.71305915843055e-05,1082,6.71289332148301e-05
2496547,"Nouzillyvirus ESCO41",1074,6.66342470993939e-05,1074.2,6.66459383556482e-05
518,"Bordetella bronchiseptica",1067,6.61999456750961e-05,1283.9,7.96582563261371e-05
853,"Faecalibacterium prausnitzii",1056,6.55174720083426e-05,942.4,5.84706501232546e-05
1675606,"Vequintavirus murica",1022,6.34080079474679e-05,813.9,5.04953690112489e-05
2763028,"Blautia intestinalis",1016,6.30357495837841e-05,874.9,5.42823677440323e-05
2293098,"Dorea sp. AM10-31",1012,6.27875773413283e-05,798.3,4.95287858434881e-05
1211819,"Holdemania massiliensis",1010,6.26634912201004e-05,1014.1,6.29206988282944e-05
2853091,"Gamaleyavirus U1g",1001,6.21051036745747e-05,1118.1,6.93689745072108e-05
1971762,"Holdemanella sp.",992,6.15467161290491e-05,889.4,5.51837395748948e-05
1765,"Mycobacterium tuberculosis",975,6.04919840986117e-05,1076.7,6.68031266506966e-05
1896967,"Akkermansia sp. 54_46",960,5.95613381894023e-05,963.8,5.97949540500728e-05
1584,"Lactobacillus delbrueckii",913,5.66453143405462e-05,913.1,5.66525431543715e-05
1414721,"Faecalispora jeddahensis",906,5.62110129162484e-05,1009.3,6.26219819096401e-05
293939,"Aspergillus lentulus",890,5.52183239464251e-05,1184.2,7.34710882610913e-05
1358,"Lactococcus lactis",861,5.34190751886202e-05,862.4,5.35041587912688e-05
1522,"[Clostridium] innocuum",855,5.30468168249364e-05,867.9,5.38442817438867e-05
287,"Pseudomonas aeruginosa",851,5.27986445824806e-05,861.9,5.347774818428e-05
188913,"Cetobacterium somerae",839,5.20541278551131e-05,838.2,5.20065783163925e-05
2041044,"Eubacterium maltosivorans",837,5.19300417338852e-05,828.6,5.14105512894887e-05
2885687,"Escherichia phage NTEC3",805,4.99446637942384e-05,763.3,4.73594005418738e-05
68891,"Streptococcus peroris",799,4.95724054305546e-05,875.6,5.43271748556543e-05
2994035,"Sellimonas catena",783,4.85797164607313e-05,912.7,5.66246182654327e-05
1322,"Blautia hansenii",772,4.78972427939777e-05,737.9,4.5781308773427e-05
28116,"Bacteroides ovatus",767,4.75870274909079e-05,785.3,4.87205364012934e-05
1930076,"Leuconostoc sp.",743,4.60979940361728e-05,781.7,4.85016553512145e-05
2292235,"Mitsuokella sp. AF21-1AC",722,4.47950897632797e-05,722,4.47950897632788e-05
2419761,"Epseptimavirus mar003J3",721,4.47330467026657e-05,602.2,3.73625677112826e-05
1930509,"Husavirus sp.",713,4.4236702217754e-05,713,4.42367022177531e-05
1683,"Bifidobacterium angulatum",705,4.37403577328423e-05,702.2,4.35661825150439e-05
1940789,"Lactococcus petauri",704,4.36783146722284e-05,703,4.36192939748199e-05
2021311,"Agathobacter sp.",701,4.34921854903865e-05,686.5,4.25943728306359e-05
536633,"Blautia glucerasea",694,4.30578840660888e-05,706.7,4.38436900753003e-05
1448314,"Aspergillus eucalypticola",691,4.28717548842469e-05,817.3,5.07105052698252e-05
2650157,"Bacteroides zhangwenhongii",672,4.16929367325816e-05,656.5,4.07309837569264e-05
29523,"Bacteroides sp.",669,4.15068075507397e-05,784.5,4.86702636893724e-05
1527506,"Teseptimavirus CICC80001",669,4.15068075507397e-05,671.9,4.16886135872446e-05
2981780,"Bacteroides cellulolyticus",666,4.13206783688979e-05,653.1,4.05190393519716e-05
29466,"Veillonella parvula",662,4.1072506126442e-05,661.8,4.10592242407065e-05
1703332,"Butyribacter intestini",657,4.07622908233722e-05,678.3,4.20825267605451e-05
1737424,"Blautia massiliensis (ex Durand et al. 2017)",639,3.96455157323209e-05,683.9,4.2430748538707e-05
29391,"Gemella morbillorum",638,3.9583472671707e-05,640.6,3.97450285369729e-05
2292366,"Roseburia sp. AM51-8",631,3.91491712474092e-05,651,4.03919252900871e-05
1041524,"Przondovirus K30",625,3.87769128837255e-05,625,3.87769128837247e-05
76859,"Fusobacterium animalis",614,3.80944392169719e-05,613.2,3.80442707920453e-05
2283015,"Lentavirus PMBT5",609,3.77842239139021e-05,609,3.77842239139013e-05
3143190,"Intestinimonas sp. RTP31139st1_F5_RTP31139_211217",608,3.77221808532881e-05,580.7,3.60311324040183e-05
2763025,"Bacteroides parvus",595,3.69156210653066e-05,553.3,3.43260910480464e-05
1161417,"Streptococcus sp. SR4",581,3.60470182167112e-05,596.2,3.69923417523189e-05
3133153,"Blautia aquisgranensis",580,3.59849751560972e-05,599.6,3.72024899176258e-05
3029762,"Bacillus sp. 159",570,3.53645445499576e-05,618.2,3.83533108190428e-05
3133154,"Coprococcus intestinihominis",568,3.52404584287297e-05,571.6,3.54646084988287e-05
1531,"Enterocloster clostridioformis",565,3.50543292468878e-05,665.4,4.12806257493712e-05
53443,"Blautia hydrogenotrophica",552,3.42477694589063e-05,562.9,3.49265624936525e-05
548,"Klebsiella aerogenes",545,3.38134680346086e-05,547.4,3.39600289893317e-05
626939,"Phascolarctobacterium succinatutens",544,3.37514249739947e-05,554.7,3.44122319734235e-05
2293124,"Parabacteroides sp. OF04-13BH",542,3.36273388527667e-05,530.9,3.2939903468674e-05
2584599,"Akkermansia sp. BIOML-A43",528,3.27587360041713e-05,646.9,4.0138728795312e-05
2498453,"Geminicoccus harenae",525,3.25726068223294e-05,600.1,3.72308488241336e-05
1739381,"Streptococcus sp. HMSC072D03",522,3.23864776404875e-05,801.8,4.97487302841355e-05
1544364,"Microviridae IME-16",513,3.18280900949619e-05,513,3.18280900949612e-05
360807,"Roseburia inulinivorans",506,3.13937886706641e-05,550.8,3.41749274124108e-05
213774,"Skunavirus P475",505,3.13317456100502e-05,505.9,3.13903335165899e-05
658662,"Parabacteroides sp. D26",501,3.10835733675943e-05,539.9,3.34979655320467e-05
2589652,"Henuseptimavirus henu7",497,3.08354011251385e-05,492.5,3.055388851013e-05
2939491,"Parabacteroides leei",481,2.98427121553151e-05,459,2.84764891273498e-05
2849180,"Parabacteroides sp. MSK.9.14",466,2.89120662461057e-05,463.2,2.873638529712e-05
100884,"Coprobacillus cateniformis",466,2.89120662461057e-05,474.6,2.94450673010322e-05
1936995,"Parabacteroides bouchesdurhonensis",463,2.87259370642638e-05,466.6,2.89488877372498e-05
698487,"Kagunavirus K1H",456,2.82916356399661e-05,496.2,3.07879177414153e-05
329854,"Bacteroides intestinalis",450,2.79193772762823e-05,453.2,2.8115824184627e-05
1448313,"Aspergillus piperis",448,2.77952911550544e-05,478,2.96568413785477e-05
2021738,"Hudisavirus sp.",446,2.76712050338265e-05,446,2.76712050338259e-05
2763027,"Blautia difficilis",441,2.73609897307567e-05,519.6,3.22392387085938e-05
1679,"Bifidobacterium longum",440,2.72989466701427e-05,452.5,2.80715691831551e-05
1330491,"Cosavirus asiani",435,2.69887313670729e-05,435,2.69887313670724e-05
936576,"Streptococcus sp. ACS2",415,2.57478701547937e-05,421,2.61180429172376e-05
2305483,"Ceduovirus blBB94p4",412,2.55617409729518e-05,406.1,2.51957750410408e-05
1945963,"Akkermansia sp. UBA3271",411,2.54996979123379e-05,432.1,2.68078284443656e-05
189426,"Paenibacillus odorifer",411,2.54996979123379e-05,411,2.54994195310584e-05
1981500,"Vequintavirus V18",400,2.48172242455843e-05,608.2,3.77335036484871e-05
2763023,"Bacteroides hominis",390,2.41967936394447e-05,402.2,2.49552584323911e-05
2109687,"Oscillibacter sp. PEA192",389,2.41347505788307e-05,460.2,2.85502424860795e-05
2763057,"Parabacteroides hominis",388,2.40727075182168e-05,386.5,2.39781616049221e-05
1965472,"Audreyjarvisvirus AM4",382,2.3700449154533e-05,382.7,2.37452152554864e-05
410072,"Coprococcus comes",378,2.34522769120772e-05,516.2,3.20283406526273e-05
46506,"Bacteroides stercoris",369,2.28938893665515e-05,369.1,2.29031398677831e-05
2576882,"Tequatrovirus ecnp1",359,2.22734587604119e-05,349,2.16522377403e-05
581037,"Pbunavirus pv141",356,2.208732957857e-05,356,2.20873295785696e-05
2954513,"Streptococcus sp. FSL K6-1323",356,2.208732957857e-05,507.6,3.14921604706557e-05
1820159,"Porprismacovirus humas3",355,2.20252865179561e-05,355,2.20252865179556e-05
1604356,"Gamaleyavirus ECBP1",355,2.20252865179561e-05,392,2.4318393354973e-05
2981785,"Coprococcus ammoniilyticus",349,2.16530281542723e-05,339.2,2.10462296757405e-05
2949745,"Dorea sp. MB18-49",345,2.14048559118165e-05,345.9,2.14579064341297e-05
2838470,"Candidatus Bacteroides intestinigallinarum",341,2.11566836693606e-05,427.4,2.65172409429213e-05
2949657,"Parabacteroides sp. B2-S-102",338,2.09705544875187e-05,336.5,2.08781702696479e-05
169435,"Anaerotruncus colihominis",336,2.08464683662908e-05,360.1,2.23420843372147e-05
2963958,"Citrobacter sp. Igbk 16",330,2.04742100026071e-05,259.8,1.6120945195442e-05
2025877,"Parabacteroides sp. AT13",328,2.03501238813791e-05,337,2.09111800196182e-05
1776379,"Leyella lascolaii",306,1.8985176547872e-05,299.7,1.85921658323422e-05
2841528,"Eubacterium sp. MSJ-33",305,1.8923133487258e-05,331.3,2.05570548327973e-05
1501392,"Coprobacter secundus",304,1.88610904266441e-05,296.6,1.84016758016878e-05
1655645,"Parabacteroides phage YZ-2015b",304,1.88610904266441e-05,304,1.88610932357375e-05
1540098,"Seuratvirus seurat",283,1.75581861537509e-05,283,1.75581864233342e-05
261299,"Intestinibacter bartlettii",282,1.74961430931369e-05,282.4,1.75226589403122e-05
2591382,"Dysosmobacter sp.",281,1.7434100032523e-05,283.7,1.76015809209137e-05
2762567,"Streptococcus sp. 17.1",275,1.70618416688392e-05,355.3,2.20417387058427e-05
2315629,"Tlsvirus blueshaddow",273,1.69377555476113e-05,275.2,1.70732524691657e-05
2652282,"Peptostreptococcus porci",263,1.63173249414717e-05,261.5,1.62272194419199e-05
2024334,"Ceduovirus cv05802",262,1.62552818808577e-05,253.2,1.57062468555642e-05
1234680,"Streptococcus rubneri",261,1.61932388202438e-05,274.3,1.70194800097179e-05
5076,"Penicillium chrysogenum",249,1.54487220928762e-05,244.4,1.51657521517292e-05
1870993,"Coprococcus phoceensis",243,1.50764637291925e-05,458.5,2.84479345986878e-05
671267,"Phocaeicola sartorii",242,1.50144206685785e-05,292.6,1.81526679089771e-05
1852563,"Vilniusvirus NBD2",242,1.50144206685785e-05,244.4,1.51604363620313e-05
46228,"[Ruminococcus] lactaris",241,1.49523776079645e-05,356.8,2.21343859068682e-05
1282,"Staphylococcus epidermidis",240,1.48903345473506e-05,235.7,1.46210664713167e-05
3438734,"Agathobacter sp. LCP21S3_B2",235,1.45801192442808e-05,245.5,1.52326536084328e-05
2565517,"Epseptimavirus Sds2",235,1.45801192442808e-05,322.9,2.00318163951392e-05
1636586,"Skunavirus M1127",226,1.40217316987551e-05,235.2,1.45935619828091e-05
2601632,"Pawinskivirus PS119XW",221,1.37115163956853e-05,221,1.37115163956851e-05
204516,"Phocaeicola massiliensis",218,1.35253872138434e-05,247.1,1.5331496490627e-05
75553,"Aspergillus viridinutans",218,1.35253872138434e-05,212.3,1.31725271592976e-05
2024197,"Bacteroides cutis",216,1.34013010926155e-05,218.5,1.35565728204404e-05
2789016,"Qubevirus durum",215,1.33392580320016e-05,215,1.33392580320013e-05
858632,"Streptomyces sp. JV178",215,1.33392580320016e-05,175.1,1.08649295730338e-05
290053,"Bacteroides helcogenes",215,1.33392580320016e-05,219,1.35892155247188e-05
2981794,"Roseburia amylophila",213,1.32151719107736e-05,206.7,1.28244383656765e-05
2058152,"Klebsiella grimontii",212,1.31531288501597e-05,168.6,1.04577384562384e-05
2883214,"Lacrimispora sp. 210928-DFI.3.58",211,1.30910857895457e-05,215.1,1.33474021957375e-05
59310,"Streptococcus macedonicus",205,1.2718827425862e-05,195.2,1.21100491397534e-05
1855299,"Oscillibacter sp. PC13",205,1.2718827425862e-05,205.2,1.27296532086067e-05
1518575,"Burkina Faso astrovirus",199,1.23465690621782e-05,199,1.23465690621779e-05
28126,"Segatella buccae",193,1.19743106984944e-05,211.3,1.31071097968882e-05
1920491,"Pseudomonas sp. FSL W5-0203",193,1.19743106984944e-05,172,1.06683073258214e-05
1203539,"Deltapolyomavirus decihominis",188,1.16640953954246e-05,188,1.16640953954244e-05
3003646,"Streptococcus sp. 27098_8_74",188,1.16640953954246e-05,196.8,1.22071181816526e-05
1871013,"Parabacteroides timonensis",186,1.15400092741967e-05,185.9,1.15344353167101e-05
1260,"Finegoldia magna",184,1.14159231529688e-05,184.3,1.14375571995528e-05
2292283,"Bacteroides sp. OM05-12",180,1.11677509105129e-05,180.3,1.11845954130129e-05
33037,"Anaerococcus vaginalis",179,1.1105707849899e-05,178.7,1.1088123048166e-05
1680,"Bifidobacterium adolescentis",172,1.06714064256012e-05,174.5,1.08271214210816e-05
2293174,"Ruminococcus sp. AF31-8BH",171,1.06093633649873e-05,174.4,1.08187794832757e-05
1323,"Faecalicoccus pleomorphus",171,1.06093633649873e-05,171.8,1.06569676516025e-05
1147150,"Nochtlivirus mEp235",169,1.04852772437594e-05,171.8,1.06579095607835e-05
2029667,"Skunavirus sv57001",166,1.02991480619175e-05,173.2,1.07451719665119e-05
1411144,"Bacteroides caecigallinarum",165,1.02371050013035e-05,165.9,1.02912590910128e-05
2787628,"Treponema peruense",165,1.02371050013035e-05,165.1,1.024436055385e-05
371601,"Bacteroides xylanisolvens",164,1.01750619406896e-05,186.7,1.15814812246234e-05
1880822,"Klebsiella virus PMBT1",161,9.98893275884768e-06,161,9.99059112832157e-06
1147145,"Kwaitsingvirus HK446",160,9.92688969823372e-06,162.1,1.00544529985076e-05
3133152,"Blautia intestinihominis",159,9.86484663761976e-06,162.6,1.00893948656063e-05
126998,"Penicillium bovifimosum",158,9.8028035770058e-06,159.2,9.88022447327839e-06
1354,"Enterococcus hirae",154,9.55463133454996e-06,152.8,9.47925421035681e-06
2885263,"Holdemanella sp. DFI.5.55",154,9.55463133454996e-06,165.5,1.02707564424949e-05
1297123,"Mycobacterium leprae",153,9.49258827393599e-06,160.9,9.98445183371159e-06
2890409,"Candidatus Nitrotoga sp. M5",151,9.36850215270807e-06,165.2,1.02472405315574e-05
647910,"Listeria rocourtiae",151,9.36850215270807e-06,145.1,9.00463847196938e-06
626929,"Bacteroides clarus",150,9.30645909209411e-06,144,8.93625904340889e-06
89139,"Rasamsonia byssochlamydoides",147,9.12032991025223e-06,147,9.11789469339777e-06
1397112,"Patiriisocius marinus",145,8.99624378902431e-06,151.9,9.42694582580757e-06
3438942,"Intestinimonas sp. HCP28S3_D6",145,8.99624378902431e-06,157.9,9.79798585137993e-06
45851,"Eshraghiella crossota",144,8.93420072841035e-06,143.9,8.92602343340268e-06
3079100,"Klebsiella sp. 80660",144,8.93420072841035e-06,144,8.93494788365079e-06
574649,"Agrococcus terreus",141,8.74807154656847e-06,135.4,8.40109497425187e-06
1851428,"Faecalibacterium longum",141,8.74807154656847e-06,150.1,9.31437563557869e-06
683174,"Astrovirus VA3",141,8.74807154656847e-06,141,8.74807154656829e-06
1637502,"Odoribacter sp. N15.MGS-14",140,8.68602848595451e-06,129.1,8.01051545353887e-06
2292006,"Clostridium sp. AF32-12BH",137,8.49989930411262e-06,134.1,8.32267394088673e-06
2017081,"Human fecal virus Jorvi2",133,8.25172706165678e-06,133,8.25172706165661e-06
2695850,"Quadragintavirus ev015",131,8.12764094042886e-06,131,8.12601856259384e-06
1776384,"Emergencia timonensis",129,8.00355481920094e-06,129.3,8.01907162122965e-06
864178,"Clostridium phage phiCD6356",129,8.00355481920094e-06,129,8.0037128738748e-06
1903263,"Traorella massiliensis",128,7.94151175858698e-06,127.5,7.90957926831319e-06
716544,"Waddlia chondrophila",127,7.87946869797302e-06,125.1,7.76081563410253e-06
39485,"Lachnospira eligens",126,7.81742563735906e-06,125.4,7.77784349444767e-06
2024337,"Ceduovirus cv50504",124,7.69333951613113e-06,138.7,8.60834047333471e-06
2316726,"Corallococcus sicarius",124,7.69333951613113e-06,129.5,8.03453048849879e-06
2293115,"Parabacteroides sp. AF21-43",122,7.56925339490321e-06,136.8,8.48610316167428e-06
2919919,"Atopomonas sediminilitoris",122,7.56925339490321e-06,99.5,6.17271961430419e-06
1245,"Leuconostoc mesenteroides",120,7.44516727367529e-06,120.1,7.45127393527418e-06
2981782,"Blautia ammoniilytica",120,7.44516727367529e-06,99.9,6.19966897441909e-06
1263636,"Microbacterium kyungheense",118,7.32108115244737e-06,120.8,7.49572408820271e-06
290055,"Faecalicatena fissicatena",116,7.19699503121945e-06,104,6.45030505505876e-06
2824767,"Pantoea sp. GbtcB22",115,7.13495197060549e-06,116,7.19405429149147e-06
1141139,"Vectrevirus ACGC91",112,6.9488227887636e-06,112,6.94882279992056e-06
2787129,"Clostridium sp. 1001283B150210_160208_E6",112,6.9488227887636e-06,110.5,6.85669798736129e-06
3114282,"Streptococcus parasalivarius",111,6.88677972814964e-06,110.1,6.8316932005116e-06
672,"Vibrio vulnificus",110,6.82473666753568e-06,114.8,7.12554410698263e-06
301302,"Roseburia faecis",109,6.76269360692172e-06,108.9,6.75627088145879e-06
2508195,"Phapecoctavirus schickermooser",109,6.76269360692172e-06,117.6,7.29424298662567e-06
1547597,"Sanguibacteroides justesenii",108,6.70065054630776e-06,128.1,7.94596264654033e-06
28139,"Rikenella microfusus",108,6.70065054630776e-06,109.4,6.78452182339996e-06
1547,"Thomasclavelia ramosa",108,6.70065054630776e-06,108,6.70179071179892e-06
2957767,"Vibrio sp. Y28_XK_CS4",108,6.70065054630776e-06,114.6,7.10731133612441e-06
2508185,"Dhillonvirus PTXU06",104,6.45247830385192e-06,105.3,6.53454935165699e-06
3420949,"Kitasatospora sp. LaBMicrA B282",103,6.39043524323796e-06,111.4,6.91049847886168e-06
2040332,"Dorea sp.",103,6.39043524323796e-06,105.7,6.55681307773384e-06
1965233,"Odoribacter sp.",103,6.39043524323796e-06,106.4,6.60121851899983e-06
1309,"Streptococcus mutans",102,6.328392182624e-06,107.4,6.66487170101279e-06
1262980,"Veillonella sp. CAG:933",102,6.328392182624e-06,103.4,6.41441054413126e-06
2739389,"Phocaeicola faecicola",102,6.328392182624e-06,128.8,7.9923308882669e-06
1054480,"Tequatrovirus vtec",101,6.26634912201004e-06,119.8,7.43569934926803e-06
2738446,"Anaerostipes faecalis",100,6.20430606139608e-06,98.8,6.12940341205533e-06
2316720,"Corallococcus interemptor",99,6.14226300078211e-06,126.4,7.84350779005264e-06
3159658,"Salmonella sp. s52026",99,6.14226300078211e-06,142.1,8.81926006595291e-06
1006551,"Klebsiella michiganensis",98,6.08021994016815e-06,147.6,9.15688908761518e-06
1517512,"Aspergillus pseudoviridinutans",96,5.95613381894023e-06,93.4,5.7928210889951e-06
2292967,"Blautia sp. AF32-4BH",95,5.89409075832627e-06,110.1,6.83051030623046e-06
546,"Citrobacter freundii",94,5.83204769771231e-06,98.2,6.09155261024943e-06
2927224,"Akkermansia massiliensis",94,5.83204769771231e-06,93.4,5.79561033426854e-06
2292990,"Blautia sp. TM10-2",94,5.83204769771231e-06,85.5,5.3042329958262e-06
1739483,"Streptococcus sp. HMSC078H12",94,5.83204769771231e-06,94.6,5.87123382125753e-06
1341132,"Aspergillus welwitschiae",94,5.83204769771231e-06,88.5,5.49277567079173e-06
2873413,"Escherichia phage 26",92,5.70796157648439e-06,93.4,5.79699288328784e-06
2713279,"Epseptimavirus bastian",91,5.64591851587043e-06,101,6.26866324304672e-06
2592640,"Blautia sp. MCC283",91,5.64591851587043e-06,98.4,6.10427067414107e-06
2293117,"Parabacteroides sp. AF39-10AC",91,5.64591851587043e-06,93.8,5.81683364769539e-06
3415987,"Parabacteroides sp. ASD2025",91,5.64591851587043e-06,91.3,5.66724471803075e-06
2986996,"Ruminococcus sp. 1001136sp1",90,5.58387545525647e-06,99.1,6.14638769296607e-06
2981720,"Bovifimicola ammoniilytica",89,5.52183239464251e-06,89.2,5.53585923518011e-06
2292971,"Blautia sp. AM23-13AC",88,5.45978933402855e-06,95.4,5.92124153317049e-06
1529,"Clostridium cadaveris",87,5.39774627341459e-06,85.5,5.30649981354863e-06
91492,"Aspergillus udagawae",87,5.39774627341459e-06,85.8,5.32455543932409e-06
76860,"Streptococcus constellatus",84,5.2116170915727e-06,88.9,5.51580845492839e-06
2292368,"Roseburia sp. OM02-15",81,5.02548790973082e-06,82.3,5.10466880684767e-06
767769,"Aspergillus brasiliensis",79,4.9014017885029e-06,85.4,5.29849335374942e-06
2320086,"Parabacteroides sp. CH2-D42-20",77,4.77731566727498e-06,90.9,5.64112864054796e-06
2029659,"Skunavirus sv16802",76,4.71527260666102e-06,77.4,4.80203852087505e-06
47678,"Bacteroides caccae",74,4.5911864854331e-06,85.7,5.32005397524305e-06
1653435,"Merdimonas faecis",74,4.5911864854331e-06,93.2,5.7840742719955e-06
41047,"Aspergillus thermomutatus",74,4.5911864854331e-06,81.5,5.05510988204013e-06
871664,"Blautia stercoris",73,4.52914342481914e-06,64.6,4.00501004412584e-06
3025757,"Thomasclavelia sp.",73,4.52914342481914e-06,69.8,4.32807227448266e-06
907,"Megasphaera elsdenii",72,4.46710036420517e-06,72.2,4.48048264163102e-06
2732864,"Modestobacter italicus",72,4.46710036420517e-06,83.5,5.18366120233579e-06
1247113,"Astrovirus VA4",71,4.40505730359121e-06,71,4.40505730359113e-06
477641,"Modestobacter marinus",71,4.40505730359121e-06,84.2,5.22567916803235e-06
1636564,"Skunavirus sv193",70,4.34301424297725e-06,76.1,4.71846843801854e-06
1297617,"Intestinimonas butyriciproducens",69,4.28097118236329e-06,80.1,4.96956689938071e-06
990718,"uncultured Phocaeicola sp.",68,4.21892812174933e-06,69.2,4.29517345530205e-06
1897013,"Parabacteroides sp. merdae-related_45_40",68,4.21892812174933e-06,68.1,4.22568940505217e-06
2892346,"Skunavirus sv712",67,4.15688506113537e-06,69.1,4.28900406109104e-06
1511807,"Rosavirus acaliforni",66,4.09484200052141e-06,66,4.09484200052133e-06
2763062,"Roseburia rectibacter",65,4.03279893990745e-06,68.6,4.25319199069514e-06
2944914,"Allocoprobacillus halotolerans",65,4.03279893990745e-06,90.7,5.62778151349834e-06
2496633,"Porprismacovirus humas4",65,4.03279893990745e-06,65,4.03279893990737e-06
3112950,"Sphingomonas sp. MJ1 (PH-R8)",64,3.97075587929349e-06,64.9,4.02759590223577e-06
2584624,"Blautia sp. BIOML-A1",64,3.97075587929349e-06,66,4.09357286291964e-06
209559,"Aspergillus alliaceus",63,3.90871281867953e-06,63.7,3.95416467855949e-06
1905700,"Brucella sp. CMUL 036",63,3.90871281867953e-06,59,3.65933332198322e-06
2762573,"Streptococcus sp. 2.1",62,3.84666975806557e-06,68,4.21705781099117e-06
512312,"uncultured Parabacteroides sp.",61,3.78462669745161e-06,66.2,4.10796586945438e-06
2763672,"Simiaoa sunii",61,3.78462669745161e-06,61.9,3.83888429591629e-06
408139,"Leptospira kmetyi",61,3.78462669745161e-06,78.2,4.85184889579792e-06
2949656,"Barnesiella sp. B2-R-119",60,3.72258363683765e-06,55.9,3.46956680071331e-06
268346,"Penicillium mononematosum",58,3.59849751560972e-06,58.5,3.63229814591767e-06
69359,"Thiohalocapsa halophila",58,3.59849751560972e-06,48.1,2.98216911261656e-06
1637510,"Odoribacter sp. N54.MGS-14",57,3.53645445499576e-06,64.4,3.99286350430944e-06
1261,"Peptostreptococcus anaerobius",57,3.53645445499576e-06,57.3,3.55506005005691e-06
2885352,"Hominiventricola filiformis",57,3.53645445499576e-06,55.8,3.46137422031373e-06
665943,"Eggerthella sp. 1_3_56FAA",57,3.53645445499576e-06,58.4,3.62421356964552e-06
2293026,"Clostridium sp. AM27-31LB",56,3.4744113943818e-06,63.8,3.95864253033725e-06
122928,"Norovirus norwalkense",55,3.41236833376784e-06,55,3.41236833376777e-06
3025328,"Pseudoalteromonas sp. CST3",54,3.35032527315388e-06,53.5,3.32031430575918e-06
157268,"Helicobacter winghamensis",53,3.28828221253992e-06,53,3.28828221253985e-06
1982626,"Faecalibacillus intestinalis",52,3.22623915192596e-06,53.2,3.3002200705322e-06
915173,"Faecalicoccus acidiformans",52,3.22623915192596e-06,64.1,3.97836590099404e-06
1971605,"Faecalibacterium sp.",51,3.164196091312e-06,55.2,3.42372582753843e-06
2610896,"Streptococcus sp. LPB0220",51,3.164196091312e-06,45.3,2.80989185379506e-06
2511171,"Sporolactobacillus sp. THM19-2",50,3.10215303069804e-06,69,4.28207278692135e-06
2885351,"Hominisplanchenecus faecis",50,3.10215303069804e-06,74.6,4.62993677601946e-06
2267834,"Parasaccharibacter sp. TMW 2.1884",50,3.10215303069804e-06,47.6,2.9552115178521e-06
2789289,"Amycolatopsis sp. lyj-346",50,3.10215303069804e-06,57.5,3.56572945953117e-06
60172,"Penicillium solitum",49,3.04010997008408e-06,48.1,2.98326323947978e-06
155148,"Lederbergvirus HK620",49,3.04010997008408e-06,49,3.04011548978103e-06
2949333,"Ohessyouella blattaphilus",49,3.04010997008408e-06,49,3.04011002485133e-06
3018255,"Streptococcus sp. SS9",49,3.04010997008408e-06,52.6,3.26554154202938e-06
105841,"Anaerostipes caccae",48,2.97806690947012e-06,47.8,2.96625552626824e-06
1735,"Holdemanella biformis",48,2.97806690947012e-06,49.8,3.08764110459064e-06
491921,"Megamonas rupellensis",47,2.91602384885616e-06,44.8,2.77704332749756e-06
2841520,"Anaerostipes sp. MSJ-23",47,2.91602384885616e-06,47,2.91708779369e-06
1392255,"Aspergillus novofumigatus",47,2.91602384885616e-06,47.8,2.96728414144616e-06
2480623,"Epseptimavirus STG2",47,2.91602384885616e-06,44.7,2.7724053118001e-06
1258,"Peptoniphilus asaccharolyticus",46,2.85398078824219e-06,47.1,2.9204750585046e-06
2049022,"Catenibacterium sp.",46,2.85398078824219e-06,49.1,3.04629949111571e-06
338106,"Alphatrevirus NC28",46,2.85398078824219e-06,45.8,2.84226925170371e-06
2315463,"Faecalibacterium sp. BCRC 81149",45,2.79193772762823e-06,47.8,2.96347047594125e-06
5082,"Penicillium roqueforti",45,2.79193772762823e-06,44.1,2.73615852474257e-06
1750560,"Parabacteroides massiliensis",45,2.79193772762823e-06,47.6,2.95192562479441e-06
1841856,"Bacteroides mediterraneensis",44,2.72989466701427e-06,53.6,3.32785850076045e-06
2293025,"Clostridium sp. AM27-28",44,2.72989466701427e-06,48,2.97690183464904e-06
29845,"Penicillium vulpinum",44,2.72989466701427e-06,44.4,2.7573712303351e-06
820,"Bacteroides uniformis",43,2.66785160640031e-06,41.7,2.58796572023387e-06
391612,"Crocosphaera chwakensis",43,2.66785160640031e-06,42,2.60335709731837e-06
1736,"Eubacterium limosum",42,2.60580854578635e-06,47.9,2.97236689539861e-06
1495854,"Brevundimonas sp. EAKA",42,2.60580854578635e-06,38.5,2.38874085193993e-06
3155664,"Micromonospora sp. NPDC050200",42,2.60580854578635e-06,42.1,2.61402541103015e-06
1313,"Streptococcus pneumoniae",41,2.54376548517239e-06,37.4,2.317551036694e-06
1296538,"Lactiplantibacillus mudanjiangensis",41,2.54376548517239e-06,49.2,3.04972576632479e-06
3420548,"Bariatricus sp. SGI.019",41,2.54376548517239e-06,41,2.54601608065215e-06
674529,"Bacteroides faecis",40,2.48172242455843e-06,41.5,2.57721865682081e-06
676599,"Stenotrophomonas panacihumi",40,2.48172242455843e-06,46.1,2.86324989776151e-06
33039,"[Ruminococcus] torques",40,2.48172242455843e-06,40.3,2.50236711728211e-06
195,"Campylobacter coli",39,2.41967936394447e-06,39.7,2.46330113083331e-06
2978683,"Burkholderia orbicola",39,2.41967936394447e-06,44.6,2.76826950744065e-06
2292993,"Clostridium sp. AF02-29",39,2.41967936394447e-06,38.5,2.38585507962076e-06
1882221,"Novosphingobium sp. PY1",39,2.41967936394447e-06,42.8,2.65332637389154e-06
2763671,"Jingyaoa shaoxingensis",39,2.41967936394447e-06,36.7,2.27949449408182e-06
1308,"Streptococcus thermophilus",38,2.35763630333051e-06,42.5,2.6340143680803e-06
1755100,"Fusobacterium gastrosuis",38,2.35763630333051e-06,38.3,2.37569926795474e-06
665944,"Klebsiella sp. 4_1_44FAA",38,2.35763630333051e-06,38,2.35764362423227e-06
556258,"Bacteroides sp. D1",38,2.35763630333051e-06,38,2.35673772164567e-06
2292363,"Parabacteroides sp. TM07-1AC",38,2.35763630333051e-06,41.4,2.56752470820742e-06
2603894,"Methylobacterium sp. WL64",37,2.29559324271655e-06,37.9,2.35228262610429e-06
1511882,"Bocaparvovirus primate2",37,2.29559324271655e-06,37,2.2955932427165e-06
397865,"Barnesiella viscericola",37,2.29559324271655e-06,41.2,2.55742935345912e-06
3438825,"Candidatus Avoscillospira sp. LCP25S3_F1",37,2.29559324271655e-06,38,2.35755490134179e-06
510516,"Aspergillus oryzae",36,2.23355018210259e-06,36.1,2.23701947939021e-06
2652274,"Eisenbergiella porci",36,2.23355018210259e-06,28,1.73701466034541e-06
2824764,"Mesorhizobium sp. GbtcB19",36,2.23355018210259e-06,36,2.23355018305016e-06
681289,"Pseudonocardia tropica",36,2.23355018210259e-06,36,2.23045115117429e-06
2841514,"Roseburia sp. MSJ-14",36,2.23355018210259e-06,37.5,2.32715477505536e-06
1121331,"Hathewaya proteolytica",36,2.23355018210259e-06,36.2,2.24848877729266e-06
1281486,"Lactococcus formosensis",35,2.17150712148863e-06,31.3,1.93995473686952e-06
3088696,"Pseudomonas sp. EL_65y_Pfl1_R32",35,2.17150712148863e-06,41.1,2.55259586513528e-06
2884907,"Faecalibacillus sp. TM111",35,2.17150712148863e-06,36.3,2.25399764124114e-06
2888525,"Thermomonas alba",34,2.10946406087467e-06,38.4,2.38259091765793e-06
2293160,"Ruminococcus sp. AF20-12LB",34,2.10946406087467e-06,31.5,1.95139261550635e-06
2949661,"Parabacteroides sp. B2-Q-110",34,2.10946406087467e-06,36.3,2.25407232059387e-06
1736395,"Arthrobacter sp. Soil736",33,2.0474210002607e-06,37.3,2.31597257091566e-06
3078042,"Pilosibacter fragilis",33,2.0474210002607e-06,35.4,2.19807067262975e-06
626931,"Bacteroides oleiciplenus",32,1.98537793964674e-06,31.8,1.97270245009725e-06
2767462,"Leuconostoc sp. S51",32,1.98537793964674e-06,37.9,2.34949103260587e-06
2596884,"Epseptimavirus OSYSTA",32,1.98537793964674e-06,34.9,2.16306948743601e-06
2447885,"Bacteroides faecalis",32,1.98537793964674e-06,33,2.04887965068905e-06
303,"Pseudomonas putida",31,1.92333487903278e-06,28.7,1.78073596373963e-06
3025326,"Pseudoalteromonas sp. GAB2316C",31,1.92333487903278e-06,26.5,1.64398369308111e-06
2606633,"Oliverpabstia intestinalis",31,1.92333487903278e-06,37,2.29831290964395e-06
2293097,"Dorea sp. AF24-7LB",31,1.92333487903278e-06,34.9,2.16588127854338e-06
2986396,"Kingevirus communis",31,1.92333487903278e-06,31,1.92333487903274e-06
1177179,"Alcanivorax hongdengensis",31,1.92333487903278e-06,39.1,2.42708051847568e-06
3003665,"Streptococcus sp. 27098_8_22",31,1.92333487903278e-06,31.8,1.97106416248653e-06
1540095,"Moonvirus moon",31,1.92333487903278e-06,31.3,1.94254507909166e-06
2597346,"Microbacterium sp. ANT_H45B",31,1.92333487903278e-06,26.9,1.66976203411804e-06
2839759,"Enterococcus innesii",30,1.86129181841882e-06,29.7,1.84120386738476e-06
2478954,"Catenibacterium sp. co_0103",30,1.86129181841882e-06,30.7,1.9042963636376e-06
NA,"unknown genome; accession ID isNZ_CAKVCW010000001.1",30,1.86129181841882e-06,30,1.86134095886752e-06
1329832,"Enterobacter roggenkampii",29,1.79924875780486e-06,28.2,1.74740090086471e-06
348802,"Exophiala xenobiotica",29,1.79924875780486e-06,25.7,1.5940423188299e-06
28037,"Streptococcus mitis",29,1.79924875780486e-06,36.3,2.24949253327504e-06
1495066,"Pseudomonas capeferrum",29,1.79924875780486e-06,29.1,1.80625527175985e-06
2293096,"Coprococcus sp. TF11-13",29,1.79924875780486e-06,32.6,2.0230553718319e-06
2033407,"Barnesiella sp.",29,1.79924875780486e-06,32.7,2.02810855781167e-06
1638242,"Thermococcus sp. Bubb.Bath",29,1.79924875780486e-06,27.5,1.70548718777435e-06
2986405,"Kahnovirus copri",29,1.79924875780486e-06,29,1.79924875780483e-06
2763030,"Blautia segnis",29,1.79924875780486e-06,30,1.8617041673136e-06
1346893,"Scuticavirus SMA6",29,1.79924875780486e-06,29,1.79924875780483e-06
3144490,"Blautia sp. 1033sp1_1033st1_G9_1033SCRN_220408",28,1.7372056971909e-06,48.8,3.02556365722334e-06
45133,"Lasiodiplodia theobromae",28,1.7372056971909e-06,36.7,2.27861504162875e-06
166122,"Human endogenous retrovirus K",28,1.7372056971909e-06,28.3,1.75416030619506e-06
2562174,"Bimevirus IME346",27,1.67516263657694e-06,27,1.67516263657691e-06
1247510,"Verticiella sediminum",27,1.67516263657694e-06,27.4,1.70131347380049e-06
2981724,"Alitiscatomonas aceti",27,1.67516263657694e-06,25.4,1.57520104968241e-06
3478023,"unknown genome; accession ID isNZ_BAAJCL010000007.1",27,1.67516263657694e-06,27,1.6754281534283e-06
5083,"Penicillium canescens",26,1.61311957596298e-06,22.6,1.4016780746386e-06
1638783,"Akkermansia sp. UNK.MGS-1",26,1.61311957596298e-06,28.4,1.75972385133083e-06
113107,"Streptococcus australis",26,1.61311957596298e-06,31.7,1.96906847904925e-06
116085,"Coprococcus catus",26,1.61311957596298e-06,24.5,1.52152721394378e-06
2774671,"Enterococcus sp. AZ084",26,1.61311957596298e-06,18.6,1.15466726615633e-06
2866597,"Streptococcus sp. Marseille-Q3604",26,1.61311957596298e-06,31.2,1.9353420234359e-06
1590,"Lactiplantibacillus plantarum",25,1.55107651534902e-06,24.9,1.54507294349615e-06
742915,"Cyclovirus insaan",25,1.55107651534902e-06,25,1.55107651534899e-06
1743235,"Chelatococcus composti",25,1.55107651534902e-06,38.1,2.36192870475545e-06
310298,"Phocaeicola coprocola",24,1.48903345473506e-06,25.3,1.56848574639427e-06
2292001,"Bacteroides sp. AM10-21B",24,1.48903345473506e-06,24,1.49121601332201e-06
457387,"Bacteroides sp. 1_1_30",24,1.48903345473506e-06,27.2,1.68727184769184e-06
78257,"Bifidobacterium pullorum",24,1.48903345473506e-06,38.2,2.36753008116925e-06
2029671,"Skunavirus sv66901",24,1.48903345473506e-06,24.3,1.50724798186542e-06
3420550,"Bariatricus sp. SGI.161",24,1.48903345473506e-06,24.2,1.50155756343528e-06
2292041,"Dorea sp. AF36-15AT",24,1.48903345473506e-06,26.2,1.62750155774509e-06
5088,"Thermoascus crustaceus",24,1.48903345473506e-06,24,1.48904064722e-06
2292248,"Ruminococcus sp. AF17-22AC",24,1.48903345473506e-06,24.3,1.50654831502648e-06
1720550,"uncultured Coprobacter sp.",23,1.4269903941211e-06,23.1,1.43568460311611e-06
2584637,"Dorea sp. BIOML-A1",23,1.4269903941211e-06,21.1,1.31139043885553e-06
182096,"Aspergillus chevalieri",22,1.36494733350714e-06,22,1.3655752399899e-06
2580568,"Pseudomonas sp. 9.1(2019)",22,1.36494733350714e-06,21.6,1.33890634227648e-06
2011087,"Psecadovirus PSH1",22,1.36494733350714e-06,22,1.36494733350711e-06
1229662,"Pestalotiopsis fici",22,1.36494733350714e-06,21.9,1.35898997356132e-06
1450537,"Aspergillus homomorphus",21,1.30290427289318e-06,21,1.3031881992277e-06
1408163,"Rasamsonia emersonii",21,1.30290427289318e-06,21,1.30540690479609e-06
2787083,"Bacteroides sp. 1001136B_160425_E2",21,1.30290427289318e-06,20.5,1.27441833213692e-06
28117,"Alistipes putredinis",21,1.30290427289318e-06,20,1.2417241913304e-06
2762564,"Streptococcus sp. 23.2",21,1.30290427289318e-06,19.3,1.19893567209225e-06
2292281,"Bacteroides sp. OF04-15BH",21,1.30290427289318e-06,20.1,1.24795472188645e-06
1918949,"Solemya elarraichensis gill symbiont",21,1.30290427289318e-06,22,1.36249458950682e-06
1792511,"Penicillium robsamsonii",21,1.30290427289318e-06,20.8,1.28970348529649e-06
2738409,"Mycobacterium ostraviense",21,1.30290427289318e-06,22.4,1.39078178794197e-06
2804423,"Staphylococcus sp. GDY8P64P",21,1.30290427289318e-06,22.8,1.41265533233315e-06
10843,"Gequatrovirus G4",21,1.30290427289318e-06,21,1.30290427289315e-06
5059,"Aspergillus flavus",21,1.30290427289318e-06,21.6,1.34226726401831e-06
3016008,"Bacteroides sp. 47",21,1.30290427289318e-06,21.4,1.33034282346428e-06
2293144,"Roseburia sp. TF10-5",21,1.30290427289318e-06,21.4,1.32492828687402e-06
1314,"Streptococcus pyogenes",20,1.24086121227922e-06,20.3,1.25791462490208e-06
342942,"Mediterraneibacter glycyrrhizinilyticus",20,1.24086121227922e-06,22.9,1.42055902988114e-06
2601697,"Epseptimavirus ev23",20,1.24086121227922e-06,34.7,2.15455552280691e-06
2769487,"Nocardia sp. XZ_19_369",20,1.24086121227922e-06,19.9,1.23671456626375e-06
61420,"Aspergillus caelatus",20,1.24086121227922e-06,20,1.24086122604941e-06
3133172,"Alistipes intestinihominis",20,1.24086121227922e-06,18.8,1.16501499854884e-06
437897,"Megamonas funiformis",19,1.17881815166525e-06,23.6,1.46508436075108e-06
2883263,"Blautia sp. 210820-DFI.6.14",19,1.17881815166525e-06,19.1,1.18517408374277e-06
2025659,"Bacteroides sp. KFT8",19,1.17881815166525e-06,21.2,1.31260811759165e-06
44276,"Leptospira interrogans",19,1.17881815166525e-06,19.1,1.18699950471594e-06
3133170,"Ventrimonas faecis",19,1.17881815166525e-06,19,1.17935690608489e-06
1581064,"Klebsiella sp. HMSC25G12",19,1.17881815166525e-06,18.1,1.12277503191588e-06
3141608,"Ruminococcus sp. RTP21484sp1_RTP21281st1_A2_RTP21281_210402",19,1.17881815166525e-06,21.1,1.30862612274708e-06
2774821,"Enterococcus sp. AZ008",19,1.17881815166525e-06,15.5,9.63007898752599e-07
2292961,"Blautia sp. AF19-10LB",19,1.17881815166525e-06,22.6,1.40435941844767e-06
2763065,"Ruminococcus hominis",18,1.11677509105129e-06,18.1,1.12079850266907e-06
69789,"Penicillium soppii",17,1.05473203043733e-06,18.3,1.13828439634021e-06
59298,"Streptomyces thermocarboxydovorans",17,1.05473203043733e-06,17.4,1.08197824752138e-06
1941478,"Coprobacter sp.",17,1.05473203043733e-06,20.1,1.24450199356041e-06
1316411,"Streptococcus sp. HSISS2",17,1.05473203043733e-06,17.6,1.09389029683532e-06
2029662,"Skunavirus sv38503",17,1.05473203043733e-06,18.5,1.14697237743705e-06
2763050,"Hungatella hominis",17,1.05473203043733e-06,14.6,9.05767992258181e-07
3031819,"Robertmurraya sp. DFI.2.37",17,1.05473203043733e-06,17.2,1.06792921252172e-06
2774949,"Enterococcus sp. DIV1347a",17,1.05473203043733e-06,16.3,1.01183870963242e-06
3438232,"unknown genome; accession ID isNZ_CP195165.1",17,1.05473203043733e-06,16.1,9.96024660334985e-07
1869337,"Parabacteroides sp.",16,9.92688969823372e-07,15.3,9.48682149281225e-07
1504,"Clostridium septicum",16,9.92688969823372e-07,15.6,9.6930346783522e-07
3002517,"Butyricicoccus sp. OF27-2pH9A",16,9.92688969823372e-07,12,7.47394618529102e-07
1715086,"Streptococcus sp. HMSC078H03",16,9.92688969823372e-07,17.8,1.10612523273371e-06
1965649,"Butyricimonas sp. An62",16,9.92688969823372e-07,16.6,1.0295238529088e-06
2292984,"Blautia sp. OM06-15AC",16,9.92688969823372e-07,15.5,9.59044064521847e-07
3453885,"unknown genome; accession ID isNZ_JBQEPK010000129.1",16,9.92688969823372e-07,15.1,9.37403331746564e-07
215243,"Exophiala oligosperma",16,9.92688969823372e-07,18.2,1.12953144093836e-06
2997947,"Coprococcus sp. AF51-11b1",16,9.92688969823372e-07,15.7,9.71111719168006e-07
105843,"Anaerobutyricum soehngenii",15,9.30645909209411e-07,15.3,9.518248180594e-07
860,"Fusobacterium periodonticum",15,9.30645909209411e-07,15,9.31954230705153e-07
40518,"Ruminococcus bromii",15,9.30645909209411e-07,15,9.31114261191134e-07
41977,"Parazoarcus communis",15,9.30645909209411e-07,14.4,8.94024654945079e-07
93975,"Bacteroides sp. AR29",15,9.30645909209411e-07,15,9.30770091401538e-07
2293129,"Roseburia sp. AF20-18LB",15,9.30645909209411e-07,15.2,9.42929934571505e-07
2584627,"Clostridium sp. BIOML-A1",15,9.30645909209411e-07,14.3,8.87876005876199e-07
39778,"Veillonella dispar",15,9.30645909209411e-07,16.8,1.04081490984744e-06
3160132,"Salmonella sp. s60732",15,9.30645909209411e-07,11.6,7.17685478722518e-07
2607659,"Nocardioides antri",15,9.30645909209411e-07,15.9,9.8483647677648e-07
2789276,"Kribbella sp. C-35",15,9.30645909209411e-07,15,9.30850700239046e-07
1947336,"Pseudomonas sp. UBA6753",15,9.30645909209411e-07,17.6,1.09241945815456e-06
1907659,"Blautia sp. Marseille-P3201T",15,9.30645909209411e-07,16.1,9.96021659196082e-07
2292972,"Blautia sp. AM28-10",14,8.68602848595451e-07,17.6,1.08969528670997e-06
691816,"Bacteroides rodentium",14,8.68602848595451e-07,13.6,8.42205087807638e-07
2949660,"Bacteroides sp. B1-V-101",14,8.68602848595451e-07,17.7,1.096756306325e-06
2509240,"Blautia faecicola",14,8.68602848595451e-07,18,1.11803621067612e-06
3402017,"Faecalibacterium sp. 7",14,8.68602848595451e-07,13.5,8.34569769746174e-07
1673721,"Intestinimonas massiliensis (ex Afouda et al. 2020)",14,8.68602848595451e-07,15,9.33395053708926e-07
1720300,"Mediterraneibacter massiliensis",14,8.68602848595451e-07,14,8.71017709083269e-07
2819697,"Salmonella sp. 32120202201500105SM",14,8.68602848595451e-07,14,8.68608186642589e-07
2302940,"Parabacteroides sp. 52",14,8.68602848595451e-07,15.9,9.85305797930627e-07
1777270,"Pseudoalteromonas sp. CO342X",14,8.68602848595451e-07,15.5,9.63638677988345e-07
1715176,"Streptococcus sp. HMSC064D12",14,8.68602848595451e-07,16.4,1.01810055521179e-06
2293106,"Eubacterium sp. AF19-12LB",14,8.68602848595451e-07,16.9,1.0491221863231e-06
28133,"Prevotella nigrescens",13,8.0655978798149e-07,13,8.09408518806529e-07
3134656,"Phocaeicola sp. ICN-14070",13,8.0655978798149e-07,16.5,1.02549080856308e-06
310300,"Bacteroides pyogenes",13,8.0655978798149e-07,13,8.09539973544478e-07
3159681,"Salmonella sp. s55431",13,8.0655978798149e-07,12.3,7.62376328937656e-07
3377167,"Stenotrophomonas maltophilia group sp. Smal17",13,8.0655978798149e-07,12.6,7.79531921297959e-07
2231342,"Epseptimavirus S113",13,8.0655978798149e-07,15.5,9.59628073132576e-07
2997950,"Coprococcus sp. AM11-30B",13,8.0655978798149e-07,15.3,9.49125122114189e-07
2774911,"Enterococcus sp. AZ082",13,8.0655978798149e-07,14.3,8.87143536889152e-07
2480805,"Alteromonas sp. KUL150",13,8.0655978798149e-07,12.8,7.93592367686019e-07
158836,"Enterobacter hormaechei",12,7.44516727367529e-07,11.7,7.28978269966501e-07
44273,"Lactococcus sp.",12,7.44516727367529e-07,16.7,1.03588909453894e-06
2813560,"Pseudomonas sp. 43(2021)",12,7.44516727367529e-07,19.7,1.21949772483254e-06
626930,"Bacteroides fluxus",12,7.44516727367529e-07,13.5,8.39342276095463e-07
2841517,"Blautia sp. MSJ-19",12,7.44516727367529e-07,12.7,7.90679764586559e-07
2774869,"Enterococcus sp. DIV0806c",12,7.44516727367529e-07,14.7,9.10909366629646e-07
3038130,"Hominisplanchenecus sp.",12,7.44516727367529e-07,12,7.46397537025908e-07
1579339,"Streptococcus sp. 449_SSPC",12,7.44516727367529e-07,13.9,8.62116684567819e-07
2496676,"Mesorhizobium sp. M6A.T.Cr.TU.014.01.1.1",12,7.44516727367529e-07,12.5,7.77038137690974e-07
3162404,"Bacteroides sp. L008",12,7.44516727367529e-07,12.3,7.63118223854499e-07
469591,"Parabacteroides sp. 20_3",12,7.44516727367529e-07,12.7,7.84861865177381e-07
1497974,"Georgenia sp. SUBG003",12,7.44516727367529e-07,12.7,7.9033289163285e-07
1437363,"Sherbrookevirus CDHM13",12,7.44516727367529e-07,12,7.44517500120483e-07
5061,"Aspergillus niger",12,7.44516727367529e-07,12.3,7.62589201174647e-07
2774886,"Enterococcus sp. DIV0445",12,7.44516727367529e-07,15.1,9.39323861321862e-07
2083008,"uncultured Parolsenella sp.",12,7.44516727367529e-07,11,6.84548232557241e-07
2857012,"Streptomyces sp. DH1",12,7.44516727367529e-07,11.9,7.38379126515272e-07
2292002,"Bacteroides sp. AM16-24",12,7.44516727367529e-07,11.4,7.07231374915817e-07
453220,"Desulfogranum marinum",12,7.44516727367529e-07,12,7.44518120413513e-07
1307437,"Pseudoalteromonas agarivorans",12,7.44516727367529e-07,11.6,7.19249749844265e-07
3143057,"Blautia sp. 2227st1_G12_2227SCRN_220401",12,7.44516727367529e-07,11.5,7.14693038925901e-07
27334,"Penicillium expansum",12,7.44516727367529e-07,15.3,9.46603119093338e-07
2219062,"Acidovorax sp. ST3",12,7.44516727367529e-07,12.5,7.74488621780307e-07
1463164,"Klebsiella quasipneumoniae",11,6.82473666753568e-07,11.4,7.05008924692648e-07
70096,"Penicillium cinerascens",11,6.82473666753568e-07,11,6.82606526038019e-07
2786956,"Phocaeicola faecalis",11,6.82473666753568e-07,12.4,7.7088067313129e-07
84024,"Clostridium disporicum",11,6.82473666753568e-07,10.7,6.63340107673027e-07
1872421,"Akkermansia sp.",11,6.82473666753568e-07,10.1,6.25844772308223e-07
2049042,"Turicibacter sp.",11,6.82473666753568e-07,10.5,6.50058482975539e-07
2815798,"Oliverpabstia sp.",11,6.82473666753568e-07,11.6,7.16981375674614e-07
2963148,"Streptococcus sp. CF9-3",11,6.82473666753568e-07,6.3,3.89533741564608e-07
1520805,"Blautia sp. SF-50",11,6.82473666753568e-07,12.1,7.52086402354474e-07
NA,"unknown genome; accession ID isNZ_CASEUO010000026.1",11,6.82473666753568e-07,11.2,6.97265537841443e-07
682382,"HMO Astrovirus A",11,6.82473666753568e-07,11,6.82473666753555e-07
1285465,"Winogradskyella undariae",11,6.82473666753568e-07,11.6,7.1795628746783e-07
3133164,"Hominiventricola aquisgranensis",11,6.82473666753568e-07,9.9,6.12471122936755e-07
2293046,"Clostridium sp. OM05-9BH",11,6.82473666753568e-07,10,6.22500132793054e-07
1712679,"Pseudomonas sp. 2995-1",11,6.82473666753568e-07,9.7,6.03696445970856e-07
2479767,"Blautia sp. SC05B48",11,6.82473666753568e-07,12.7,7.89538889118654e-07
2774784,"Enterococcus sp. AZ127",11,6.82473666753568e-07,11.3,7.00419186112027e-07
2883191,"Streptococcus sp. MSK15_114",11,6.82473666753568e-07,11.5,7.11150340281831e-07
2049040,"Roseburia sp.",11,6.82473666753568e-07,12.4,7.70098426838253e-07
2293021,"Clostridium sp. AF50-3",11,6.82473666753568e-07,11.3,7.01175237541773e-07
3713249,"unknown genome; accession ID isNZ_JBYQGS010000001.1",11,6.82473666753568e-07,10.5,6.48948118289447e-07
317,"Pseudomonas syringae",10,6.20430606139608e-07,11.6,7.19707521490888e-07
416450,"Penicillium antarcticum",10,6.20430606139608e-07,11.5,7.14529714688399e-07
2927804,"Marinobacterium sedimentorum",10,6.20430606139608e-07,10.2,6.29759239779684e-07
3159897,"Salmonella sp. SAL4442",10,6.20430606139608e-07,9.6,5.93808448971741e-07
720633,"Lysinibacillus composti",10,6.20430606139608e-07,11,6.81086745717692e-07
2592642,"Clostridium sp. MCC328",10,6.20430606139608e-07,15.3,9.50361702872596e-07
2981786,"Coprococcus aceti",10,6.20430606139608e-07,10.5,6.48995743694356e-07
2815806,"Waltera sp.",10,6.20430606139608e-07,13.1,8.09874900424393e-07
1759399,"Streptococcus sp. A12",10,6.20430606139608e-07,9.8,6.0924161673902e-07
3159657,"Salmonella sp. s51992",10,6.20430606139608e-07,9.9,6.15665995529277e-07
39488,"Anaerobutyricum hallii",10,6.20430606139608e-07,10.1,6.25338253903502e-07
2686067,"Fusobacterium watanabei",10,6.20430606139608e-07,9.8,6.05848762287486e-07
2763064,"Roseburia zhanii",10,6.20430606139608e-07,11.2,6.97414576753799e-07
1868595,"Colneyvirus CDKM15",10,6.20430606139608e-07,10,6.20431430812158e-07
2793807,"Bradyrhizobium sp. IC4060",10,6.20430606139608e-07,10.2,6.32421832518162e-07
2774785,"Enterococcus sp. DIV0174",10,6.20430606139608e-07,9.8,6.09480230692391e-07
2949662,"Coprococcus sp. B2-R-112",10,6.20430606139608e-07,11.8,7.29588154803307e-07
3143187,"Bacteroides sp. RTP31139st1_H2_RTP31139_211217",10,6.20430606139608e-07,11,6.79587927502866e-07
621,"Shigella boydii",9,5.58387545525647e-07,9,5.58393112087744e-07
1363,"Lactococcus garvieae",9,5.58387545525647e-07,9.9,6.13817325960951e-07
56957,"Thermus oshimai",9,5.58387545525647e-07,9,5.56950554964741e-07
1217282,"Parabacteroides faecis",9,5.58387545525647e-07,10,6.17975023027237e-07
2518605,"Segatella hominis",9,5.58387545525647e-07,10.2,6.31263937748248e-07
1890295,"Pseudoduganella danionis",9,5.58387545525647e-07,9.8,6.06038648753628e-07
2292278,"Absiella sp. AM29-15",9,5.58387545525647e-07,8.7,5.39738389388065e-07
1796622,"Extibacter muris",9,5.58387545525647e-07,9,5.58453736109221e-07
387090,"Phocaeicola coprophilus",9,5.58387545525647e-07,8.7,5.38615789316907e-07
1796628,"Longibaculum muris",9,5.58387545525647e-07,9.9,6.12301548527986e-07
3034501,"Enterococcus spodopteracolus",9,5.58387545525647e-07,10.9,6.78357146699311e-07
189396,"Xanthomonas euvesicatoria",9,5.58387545525647e-07,9.4,5.85070820826105e-07
658225,"Sphingomonas glacialis",9,5.58387545525647e-07,9.1,5.61592990099687e-07
2951140,"Turicibacter sp. GALT-G1",9,5.58387545525647e-07,9.4,5.82101963352848e-07
3681944,"unknown genome; accession ID isNZ_CEEDOR010000062.1",9,5.58387545525647e-07,8.9,5.5439115441118e-07
3680488,"unknown genome; accession ID isNZ_CM153256.1",9,5.58387545525647e-07,7.5,4.63804365142532e-07
28052,"Lachnospira pectinoschiza",9,5.58387545525647e-07,9,5.60401182888695e-07
3453885,"unknown genome; accession ID isNZ_JBQEPK010000144.1",9,5.58387545525647e-07,8.9,5.55056055309606e-07
2292310,"Clostridium sp. OF09-36",9,5.58387545525647e-07,10.3,6.40058739930097e-07
2965274,"Blautia sp. MSK.18.38",9,5.58387545525647e-07,9.2,5.72563804829205e-07
2479843,"Agathobaculum sp. Marseille-P7918",9,5.58387545525647e-07,9,5.55871731852432e-07
1206725,"Nocardia brevicatena",9,5.58387545525647e-07,9.3,5.78202790978018e-07
2591135,"Epseptimavirus SB13",9,5.58387545525647e-07,8.9,5.54861248188541e-07
3384759,"Pseudomonas sp. PHC1",9,5.58387545525647e-07,8.6,5.316424831661e-07
2789271,"Rhodococcus sp. 077-4",9,5.58387545525647e-07,9,5.58387545774644e-07
84112,"Eggerthella lenta",8,4.96344484911686e-07,8.1,4.9954955438527e-07
1712678,"Pseudomonas sp. 2822-17",8,4.96344484911686e-07,8.6,5.33779218304321e-07
1512,"[Clostridium] symbiosum",8,4.96344484911686e-07,10.5,6.49470704702131e-07
2582605,"Salmonella sp. gx-f5",8,4.96344484911686e-07,7.8,4.84323259138583e-07
3438797,"Parolsenella sp. LCP21S3_E11",8,4.96344484911686e-07,8,4.96577160671153e-07
3003687,"Gemella sp. 27098_8_92",8,4.96344484911686e-07,8,4.97113652166395e-07
1805470,"Clostridium nigeriense",8,4.96344484911686e-07,7.7,4.78310265968612e-07
2126740,"Clostridium fessum",8,4.96344484911686e-07,8.4,5.18855996525681e-07
2774731,"Enterococcus sp. AZ140",8,4.96344484911686e-07,11.6,7.18563918400672e-07
1378263,"Ogataea philodendri",8,4.96344484911686e-07,7.8,4.85149487042725e-07
1462993,"Paraburkholderia ginsengiterrae",8,4.96344484911686e-07,7.9,4.88559447165782e-07
1064539,"Azospirillum baldaniorum",8,4.96344484911686e-07,11.8,7.3034799363523e-07
3231298,"Enterococcus sp. C37",8,4.96344484911686e-07,8,4.96348829109498e-07
2841515,"Falcatimonas sp. MSJ-15",8,4.96344484911686e-07,8.2,5.08708273707586e-07
3680480,"unknown genome; accession ID isNZ_CM153257.1",8,4.96344484911686e-07,6.5,4.01087005176014e-07
1768767,"Streptococcus sp. CCH8-H5",8,4.96344484911686e-07,9.9,6.13257724203948e-07
91915,"Asaia bogorensis",8,4.96344484911686e-07,9.1,5.66251153408767e-07
1169675,"Streptococcus sp. GMD6S",8,4.96344484911686e-07,7.6,4.73483290826783e-07
28450,"Burkholderia pseudomallei",7,4.34301424297725e-07,7.9,4.89267946620517e-07
1472417,"Butyricimonas paravirosa",7,4.34301424297725e-07,7.9,4.89421428364158e-07
28111,"Bacteroides eggerthii",7,4.34301424297725e-07,7,4.33694245001245e-07
253257,"Lacrimispora amygdalina",7,4.34301424297725e-07,7.4,4.61272594534372e-07
328814,"Alistipes shahii",7,4.34301424297725e-07,6.8,4.19546473198553e-07
2881265,"Faecalibacterium hominis (ex Afrizal et al. 2022)",7,4.34301424297725e-07,8,4.96914028060547e-07
2983399,"Acutalibacter sp. LFL-21",7,4.34301424297725e-07,6.9,4.29723553425926e-07
2174932,"Nesterenkonia natronophila",7,4.34301424297725e-07,8.2,5.08106222302689e-07
1971758,"Faecalicoccus sp.",7,4.34301424297725e-07,6.4,3.94906524870913e-07
31973,"Eggerthia catenaformis",7,4.34301424297725e-07,7.1,4.41207667917961e-07
2870773,"Escherichia sp. NIC24-2-1",7,4.34301424297725e-07,6.6,4.06938473297041e-07
1216932,"Clostridium bornimense",7,4.34301424297725e-07,8.7,5.38705281680009e-07
1912897,"Blautia argi",7,4.34301424297725e-07,7.5,4.68006310093752e-07
40994,"Penicillium hordei",7,4.34301424297725e-07,6.3,3.92877741616224e-07
3088692,"Pseudomonas sp. EA_65y_Pfl1_P113",7,4.34301424297725e-07,7.4,4.61274485219256e-07
1929999,"Bacteroides sp. Phil13",7,4.34301424297725e-07,7.8,4.84391489848516e-07
2909341,"Octadecabacter dasysiphoniae",7,4.34301424297725e-07,8.3,5.16702776509666e-07
2978477,"Eubacterium album",7,4.34301424297725e-07,7,4.3445752875532e-07
2293123,"Parabacteroides sp. OF01-14",7,4.34301424297725e-07,7,4.34251137438473e-07
1965659,"Blautia sp. An81",7,4.34301424297725e-07,7.5,4.64412783593728e-07
1768764,"Streptococcus sp. CCH5-D3",7,4.34301424297725e-07,7.9,4.90408531783893e-07
5078,"Penicillium griseofulvum",7,4.34301424297725e-07,7,4.35903897410887e-07
2997949,"Coprococcus sp. AM100_B19A",7,4.34301424297725e-07,6.9,4.26852618236319e-07
2033406,"Prevotella sp. MGM2",7,4.34301424297725e-07,6.6,4.07761295923763e-07
1874589,"Skunavirus sv3R16S",7,4.34301424297725e-07,7.5,4.63592510052542e-07
3373370,"Antrihabitans spumae",7,4.34301424297725e-07,6.6,4.09122344887434e-07
3018068,"Bacillus cereus group sp. m1-21",7,4.34301424297725e-07,7,4.34301424297717e-07
2582606,"Salmonella sp. gx-f7",7,4.34301424297725e-07,7,4.36639717130479e-07
3381939,"Escherichia sp. WS1440",7,4.34301424297725e-07,7.4,4.59510662003814e-07
2293140,"Roseburia sp. OM03-7AC",7,4.34301424297725e-07,8.8,5.44186944957077e-07
2763063,"Roseburia yibonii",7,4.34301424297725e-07,7.4,4.5715418721188e-07
396014,"Brachybacterium phenoliresistens",7,4.34301424297725e-07,7,4.34301424297717e-07
1905697,"Brucella sp. CMUL 015",7,4.34301424297725e-07,7.2,4.46463164794827e-07
3369474,"unknown genome; accession ID isNZ_CBCOPJ010000001.1",7,4.34301424297725e-07,7.3,4.55345444191586e-07
1639,"Listeria monocytogenes",6,3.72258363683765e-07,6.8,4.20301892528154e-07
1685,"Bifidobacterium breve",6,3.72258363683765e-07,6,3.74120845932532e-07
212818,"Exophiala mesophila",6,3.72258363683765e-07,7.1,4.38955316787403e-07
2813575,"Pseudomonas sp. 30_B",6,3.72258363683765e-07,6.6,4.06762076386341e-07
1194083,"Nostocoides japonicum",6,3.72258363683765e-07,6,3.72333478518384e-07
1605838,"Pseudomonas coleopterorum",6,3.72258363683765e-07,5.6,3.46072004487336e-07
2292985,"Blautia sp. OM07-19",6,3.72258363683765e-07,6.8,4.20755975161904e-07
1805476,"Blautia sp. Marseille-P2398",6,3.72258363683765e-07,9.5,5.86389354557831e-07
2774736,"Enterococcus sp. DIV1368d",6,3.72258363683765e-07,6,3.70352838347712e-07
2773926,"Phocaeicola sp.",6,3.72258363683765e-07,5.8,3.56761742669844e-07
394340,"Adlercreutzia equolifaciens",6,3.72258363683765e-07,6.5,4.03788847920389e-07
1380048,"Ferruginibacter profundus",6,3.72258363683765e-07,6,3.69202699941955e-07
3048621,"Glaciimonas sp. Cout2",6,3.72258363683765e-07,5.9,3.6557752549205e-07
3143211,"Butyricimonas sp. RTP31023st2_F12_RTP31023_210422",6,3.72258363683765e-07,6.7,4.1353355910731e-07
147206,"Collinsella stercoris",6,3.72258363683765e-07,6,3.72326316446011e-07
31971,"Amedibacillus dolichus",6,3.72258363683765e-07,6.4,3.98775483515682e-07
2865794,"Suseptimavirus 101114UKE3",6,3.72258363683765e-07,6,3.73738931881384e-07
1850975,"Penicillium nucicola",6,3.72258363683765e-07,6.6,4.10238624501272e-07
1852016,"Algoriphagus aestuariicola",6,3.72258363683765e-07,6,3.72467191257299e-07
3681944,"unknown genome; accession ID isNZ_CEEDOR010000140.1",6,3.72258363683765e-07,6,3.71526777196525e-07
3230259,"Lachnospira hominis (ex Hitch et al. 2024)",6,3.72258363683765e-07,6.1,3.80394301148377e-07
512294,"uncultured Akkermansia sp.",6,3.72258363683765e-07,7.3,4.5287101953123e-07
3151119,"Dorea sp. YH-dor226",6,3.72258363683765e-07,5.6,3.50164308873753e-07
2735723,"Turicibacter bilis",6,3.72258363683765e-07,6.2,3.83060401384707e-07
2905972,"Streptococcus sp. XMC",6,3.72258363683765e-07,6.7,4.16712963214852e-07
2316716,"Corallococcus sp. AB030",6,3.72258363683765e-07,8.1,4.99969018987588e-07
3681968,"unknown genome; accession ID isNZ_CEEDBN010000058.1",6,3.72258363683765e-07,5.9,3.63350791170039e-07
1316412,"Streptococcus sp. HSISS3",6,3.72258363683765e-07,5.9,3.65817275852472e-07
990412,"Limosilactobacillus alvi",6,3.72258363683765e-07,6.1,3.75907648347446e-07
2886918,"Epseptimavirus EPS7",6,3.72258363683765e-07,6.4,3.96172582830203e-07
1133319,"Bacteroides reticulotermitis",6,3.72258363683765e-07,6,3.69359090140648e-07
2992766,"Vibrio sp. VP6",6,3.72258363683765e-07,6.4,3.99380255625404e-07
2293005,"Clostridium sp. AF23-6LB",6,3.72258363683765e-07,9.8,6.10803681009044e-07
2681630,"Eganvirus ev186",6,3.72258363683765e-07,6,3.72258364550564e-07
262324,"Lysobacter gummosus",6,3.72258363683765e-07,6,3.74385392414511e-07
3159680,"Salmonella sp. s55408",6,3.72258363683765e-07,5.8,3.6052626642209e-07
2774899,"Enterococcus sp. DIV0682",6,3.72258363683765e-07,6,3.7225928335955e-07
2681617,"Byrnievirus HK97",6,3.72258363683765e-07,6.9,4.30400991978805e-07
531967,"Streptomyces deserti",6,3.72258363683765e-07,6,3.72258367569762e-07
3143204,"Bacteroides sp. RTP21281st1_F3_RTP21281_210402",6,3.72258363683765e-07,6,3.71753386741632e-07
1969376,"Shewanella sp. Shew256",6,3.72258363683765e-07,5.9,3.6564642192358e-07
2919913,"Shinella sedimenti",6,3.72258363683765e-07,6.4,3.976808922862e-07
2316014,"Epseptimavirus Sw2",6,3.72258363683765e-07,6.7,4.17438474987489e-07
1353,"Enterococcus gallinarum",5,3.10215303069804e-07,5,3.10426790132215e-07
83302,"Microbispora corallina",5,3.10215303069804e-07,5.4,3.34309646138889e-07
2691581,"Azoarcus sp. TTM-91",5,3.10215303069804e-07,5.1,3.15690136849987e-07
40837,"Mycoplana ramosa",5,3.10215303069804e-07,6.1,3.77380943940569e-07
310297,"Phocaeicola plebeius",5,3.10215303069804e-07,4.9,3.01007510368897e-07
1653434,"Sellimonas intestinalis",5,3.10215303069804e-07,4.3,2.64919799828624e-07
1628085,"Agathobaculum butyriciproducens",5,3.10215303069804e-07,6.2,3.82754415427047e-07
78346,"Bifidobacterium ruminantium",5,3.10215303069804e-07,5,3.12629545520664e-07
2894753,"Dhillonvirus JLBYU60",5,3.10215303069804e-07,5,3.12780985435493e-07
2763036,"Clostridium hominis",5,3.10215303069804e-07,5,3.10215323746191e-07
2816080,"Alicyclobacillus suci",5,3.10215303069804e-07,5.7,3.51166693867413e-07
2981770,"Gallintestinimicrobium propionicum",5,3.10215303069804e-07,5.8,3.62836101037935e-07
2944204,"Jutongia sp.",5,3.10215303069804e-07,5.1,3.17799653571033e-07
1173496,"Klebsiella sp. K1",5,3.10215303069804e-07,4.6,2.84079008653194e-07
3680479,"unknown genome; accession ID isNZ_JBWQEV010000001.1",5,3.10215303069804e-07,5,3.10474531088382e-07
1121405,"Desulfococcus multivorans",5,3.10215303069804e-07,5,3.10278284339939e-07
2293030,"Clostridium sp. AM34-9AC",5,3.10215303069804e-07,5.6,3.49085438697132e-07
3141606,"Ruminococcus sp. RTP21359st1_H3_RTP21359_211015",5,3.10215303069804e-07,5,3.11520238288673e-07
314261,"Candidatus Pelagibacter communis",5,3.10215303069804e-07,5,3.10353959717778e-07
2736645,"Streptomyces sp. JJ36",5,3.10215303069804e-07,5.4,3.36092096131031e-07
2841744,"Bacteroides sp. HF-4919",5,3.10215303069804e-07,5.1,3.13662741890635e-07
1796627,"Clostridium mucosae",5,3.10215303069804e-07,5.2,3.22925691292528e-07
1676614,"Xylanibacter rarus",5,3.10215303069804e-07,5.1,3.1381026969487e-07
1261634,"Roseburia sp. 499",5,3.10215303069804e-07,5.1,3.15490310586891e-07
2817019,"Faecalibacterium sp. Marseille-Q0746",5,3.10215303069804e-07,4.8,2.97174521719059e-07
1581080,"Streptococcus sp. HMSC10E12",5,3.10215303069804e-07,5.4,3.32400221499959e-07
4909,"Pichia kudriavzevii",5,3.10215303069804e-07,5,3.10215307515359e-07
2603411,"Pseudonocardia sp. EV170527-09",5,3.10215303069804e-07,5.6,3.47626564839537e-07
2093892,"Escherichia sp. MOD1-EC6154",5,3.10215303069804e-07,4.6,2.85006332827695e-07
1437816,"Methylopila turkensis",5,3.10215303069804e-07,4.6,2.87967158463008e-07
3446591,"unknown genome; accession ID isNZ_JBPSDK010000099.1",5,3.10215303069804e-07,5,3.10217656967016e-07
2025876,"Parabacteroides sp. CT06",5,3.10215303069804e-07,6.1,3.76136698310783e-07
76305,"Roseibium denhamense",5,3.10215303069804e-07,6.5,4.01449931683294e-07
2292367,"Roseburia sp. OF03-24",5,3.10215303069804e-07,5.7,3.56347227990648e-07
3053469,"Halalkalicoccus sp. NIPERK01",5,3.10215303069804e-07,4.9,3.05752755665267e-07
338102,"Alphatrevirus ID32",5,3.10215303069804e-07,5.2,3.21926839608229e-07
2857010,"Streptomyces sp. DH12",5,3.10215303069804e-07,5.4,3.32957121609755e-07
2841673,"Streptomyces sp. Vc714c-19",5,3.10215303069804e-07,5,3.10217024860465e-07
2933339,"Salmonella sp. 17E11",5,3.10215303069804e-07,5.3,3.28831025874259e-07
3160131,"Salmonella sp. s58313",5,3.10215303069804e-07,5.4,3.35370583478231e-07
2292980,"Blautia sp. OF03-13",5,3.10215303069804e-07,5.6,3.47763740488364e-07
485,"Neisseria gonorrhoeae",4,2.48172242455843e-07,4.2,2.6275096935572e-07
333965,"Providencia vermicola",4,2.48172242455843e-07,4,2.4817224956308e-07
46180,"Nonomuraea rubra",4,2.48172242455843e-07,4.2,2.62745351809357e-07
2613924,"Hungatella sp.",4,2.48172242455843e-07,3.6,2.20472999893139e-07
2877527,"Blautia parvula",4,2.48172242455843e-07,4,2.50918696258299e-07
544645,"Butyricimonas virosa",4,2.48172242455843e-07,4,2.48281979555701e-07
1462571,"Bacteroides gallinaceum",4,2.48172242455843e-07,4.6,2.84141563882796e-07
533243,"Cylindrospermopsis raciborskii",4,2.48172242455843e-07,4.3,2.67712900444592e-07
2293004,"Clostridium sp. AF22-10",4,2.48172242455843e-07,4.2,2.60278944907003e-07
2785133,"Flavonifractor sp. AGMB03687",4,2.48172242455843e-07,3.6,2.25169502251605e-07
2981773,"Muriventricola aceti",4,2.48172242455843e-07,4,2.48315788441533e-07
2049027,"Gemmiger sp.",4,2.48172242455843e-07,4,2.48229622654377e-07
1329,"Streptococcus canis",4,2.48172242455843e-07,4.6,2.85545354333466e-07
2965103,"Ligilactobacillus sp. MP3",4,2.48172242455843e-07,4,2.48587512368119e-07
143361,"Filifactor alocis",4,2.48172242455843e-07,4.5,2.82168718491442e-07
1415627,"Gyrovirus homsa4",4,2.48172242455843e-07,4,2.48172242455838e-07
60171,"Penicillium verrucosum",4,2.48172242455843e-07,4.8,3.00198668741889e-07
58351,"Kitasatospora kifunensis",4,2.48172242455843e-07,4.4,2.75949723536586e-07
2813559,"Pseudomonas sp. 32_A",4,2.48172242455843e-07,4.6,2.84676369105308e-07
291645,"Bacteroides nordii",4,2.48172242455843e-07,4,2.48688317898956e-07
93974,"Bacteroides sp. AR20",4,2.48172242455843e-07,4,2.49338792966483e-07
876091,"uncultured Oscillibacter sp.",4,2.48172242455843e-07,4,2.48172242632922e-07
2083006,"Parolsenella sp.",4,2.48172242455843e-07,4.9,3.02561075693998e-07
1206557,"Epseptimavirus R201",4,2.48172242455843e-07,4.3,2.64412272598707e-07
1186124,"Salmonella phage SP-3",4,2.48172242455843e-07,4,2.48246320634464e-07
1537797,"Streptomyces sp. B15",4,2.48172242455843e-07,3.7,2.29091806642176e-07
2718882,"Moritella sp. F3",4,2.48172242455843e-07,4,2.49707996158271e-07
1965660,"Flavonifractor sp. An82",4,2.48172242455843e-07,4.3,2.68785130347063e-07
2916964,"Holdemanella sp. DFI.5.21",4,2.48172242455843e-07,4.3,2.68153067191537e-07
3239197,"Lactococcus sp. AK05",4,2.48172242455843e-07,4.4,2.74414750256636e-07
1871030,"Merdibacter massiliensis",4,2.48172242455843e-07,4.5,2.78278312438914e-07
2975324,"Streptococcus sp. FSL R7-0248",4,2.48172242455843e-07,4.5,2.76321234824562e-07
2358141,"Anaerotignum faecicola",4,2.48172242455843e-07,3.7,2.31160755302968e-07
1509407,"Aspergillus nomiae",4,2.48172242455843e-07,4,2.48840084557303e-07
3453885,"unknown genome; accession ID isNZ_JBQEPK010000151.1",4,2.48172242455843e-07,4.1,2.56261879458993e-07
3159675,"Salmonella sp. s55004",4,2.48172242455843e-07,4.5,2.78295226145776e-07
2981793,"Phocaeicola fibrisolvens",4,2.48172242455843e-07,5,3.07504019084213e-07
2774669,"Enterococcus sp. DIV0213h",4,2.48172242455843e-07,4.4,2.70802785051635e-07
1860161,"Streptococcus sp. CCUG 49591",4,2.48172242455843e-07,3.7,2.30920369299589e-07
2938946,"Streptomyces sp. AS02",4,2.48172242455843e-07,4,2.50344432277899e-07
1739517,"Bacteroides sp. HMSC073E02",4,2.48172242455843e-07,4,2.48278896545837e-07
365590,"Shewanella hafniensis",4,2.48172242455843e-07,4.2,2.57955417590741e-07
3141597,"Ruminococcus sp. J1101004sp1_RTP21198st1_B9_RTP21198_201120",4,2.48172242455843e-07,4.5,2.80531351962169e-07
2774692,"Enterococcus sp. AZ062",4,2.48172242455843e-07,4.4,2.70216587886053e-07
2605790,"Roseburia porci",4,2.48172242455843e-07,4,2.51137835725199e-07
2883234,"Streptococcus sp. 210928-DFI.4.42",4,2.48172242455843e-07,2.8,1.7305788338699e-07
69781,"Penicillium oxalicum",4,2.48172242455843e-07,4,2.48663997370503e-07
3141605,"Ruminococcus sp. RTP21358st1_G6_RTP21358_211008",4,2.48172242455843e-07,4.2,2.58803870436626e-07
2559706,"Pseudoflavonifractor sp. BSD2780061688st1 E11",4,2.48172242455843e-07,4,2.48294774084128e-07
1544694,"Rosenbergiella epipactidis",4,2.48172242455843e-07,4.1,2.56525089295598e-07
2713297,"Epseptimavirus faergetype",4,2.48172242455843e-07,4.7,2.91328859121381e-07
1867125,"Protoparvovirus primate3",4,2.48172242455843e-07,4,2.48172242455838e-07
66882,"Streptomyces cuspidosporus",4,2.48172242455843e-07,3.9,2.42269309318118e-07
2758579,"Klebsiella sp. Kps",4,2.48172242455843e-07,4.8,2.97536573208654e-07
2107694,"Aphanothece hegewaldii",4,2.48172242455843e-07,4.3,2.68995738588318e-07
2908495,"Salmonella sp. YP101-1",4,2.48172242455843e-07,4,2.48172326668477e-07
2883224,"Longicatena sp. 210702-DFI.1.204",4,2.48172242455843e-07,4,2.48335983214694e-07
2804415,"Staphylococcus sp. GDY8P19P",4,2.48172242455843e-07,4.1,2.51886767728719e-07
NA,"unknown genome; accession ID isNZ_CABPDN010000019.1",4,2.48172242455843e-07,4,2.48172259687763e-07
1597,"Lacticaseibacillus paracasei",3,1.86129181841882e-07,2.3,1.42562005686871e-07
628,"Xenorhabdus nematophila",3,1.86129181841882e-07,3.2,1.95722341646507e-07
54291,"Raoultella ornithinolytica",3,1.86129181841882e-07,3.2,1.99096542744157e-07
2829498,"Pseudomonas sp. JS425",3,1.86129181841882e-07,3.1,1.9267164738788e-07
328812,"Parabacteroides goldsteinii",3,1.86129181841882e-07,3.1,1.91825452786929e-07
2685834,"Parabacteroides chongii",3,1.86129181841882e-07,3,1.88245295455846e-07
358742,"Enterocloster aldenensis",3,1.86129181841882e-07,3.3,2.04271107713186e-07
358743,"Enterocloster citroniae",3,1.86129181841882e-07,4.1,2.52647168744602e-07
1078089,"Bacteroides sp. HPS0048",3,1.86129181841882e-07,3.4,2.13944185635998e-07
1745713,"Bariatricus massiliensis",3,1.86129181841882e-07,3,1.87698347230626e-07
2293051,"Clostridium sp. TF06-15AC",3,1.86129181841882e-07,3,1.87520202028454e-07
2293100,"Dorea sp. OM07-5",3,1.86129181841882e-07,3.2,1.9625386937188e-07
2293137,"Roseburia sp. AF42-8",3,1.86129181841882e-07,3.4,2.08925081140093e-07
NA,"unknown genome; accession ID isNZ_CAMMBY010000045.1",3,1.86129181841882e-07,3,1.86431174735957e-07
140626,"Lachnobacterium bovis",3,1.86129181841882e-07,3.1,1.93602221810687e-07
851,"Fusobacterium nucleatum",3,1.86129181841882e-07,3.2,2.00507927202816e-07
NA,"unknown genome; accession ID isNZ_CASEXS010000024.1",3,1.86129181841882e-07,3,1.86134799056757e-07
165185,"uncultured Eubacterium sp.",3,1.86129181841882e-07,3,1.8613494710676e-07
1715051,"Streptococcus sp. HMSC068F04",3,1.86129181841882e-07,3.4,2.08040268758998e-07
142586,"Eubacterium sp.",3,1.86129181841882e-07,3.3,2.03744077688942e-07
312540,"Acidiplasma cupricumulans",3,1.86129181841882e-07,3.2,1.96363420162669e-07
1131581,"Penicillium argentinense",3,1.86129181841882e-07,3,1.86132207394816e-07
1076124,"Phytohabitans flavus",3,1.86129181841882e-07,3.3,2.02729633873151e-07
2048670,"Janthinobacterium sp. ROICE36",3,1.86129181841882e-07,3.4,2.12794669340582e-07
1896973,"Bacteroides sp. 41_26",3,1.86129181841882e-07,5.4,3.35445627557041e-07
3153461,"Klebsiella sp. GG_Kp150",3,1.86129181841882e-07,4.3,2.6497271805202e-07
2981768,"Anthropogastromicrobium aceti",3,1.86129181841882e-07,3.6,2.22903171745685e-07
2762223,"Clostridium faecium",3,1.86129181841882e-07,2.8,1.72480974551723e-07
39496,"Eubacterium ventriosum",3,1.86129181841882e-07,3.8,2.38729095476566e-07
2231351,"Epseptimavirus S124",3,1.86129181841882e-07,3.1,1.90049310009775e-07
2781224,"Neodothiora populina",3,1.86129181841882e-07,2.8,1.73277033429053e-07
3681944,"unknown genome; accession ID isNZ_CEEDOR010000139.1",3,1.86129181841882e-07,3,1.86129181841879e-07
2758441,"Vibrio marinisediminis",3,1.86129181841882e-07,3.4,2.11698752171306e-07
2293011,"Clostridium sp. AF34-10BH",3,1.86129181841882e-07,2.8,1.73507340432663e-07
1965542,"Eubacterium sp. An11",3,1.86129181841882e-07,3,1.86144926615424e-07
2592644,"Clostridium sp. MCC344",3,1.86129181841882e-07,3.7,2.32163791660208e-07
3038777,"Fictibacillus sp. UD",3,1.86129181841882e-07,3,1.87972362003664e-07
457396,"Clostridium sp. 7_2_43FAA",3,1.86129181841882e-07,3.1,1.91197067569688e-07
501571,"Butyricicoccus pullicaecorum",3,1.86129181841882e-07,2.1,1.32395564350547e-07
2364880,"Butyrivibrio sp. XB500-5",3,1.86129181841882e-07,3,1.86129182357139e-07
2691898,"Flavobacterium sp. SaA2.13",3,1.86129181841882e-07,3,1.8856225199921e-07
2709398,"Parabacteroides sp. ZJ-118",3,1.86129181841882e-07,3,1.89097569289541e-07
2292346,"Dorea sp. AM58-8",3,1.86129181841882e-07,3.1,1.91081716167581e-07
2774679,"Enterococcus sp. DIV1444a",3,1.86129181841882e-07,3.7,2.27654250249479e-07
535290,"Legionella nagasakiensis",3,1.86129181841882e-07,3.4,2.08377326448668e-07
2039241,"Anaerotignum sp.",3,1.86129181841882e-07,3.1,1.91469071087808e-07
2981774,"Suilimivivens aceti",3,1.86129181841882e-07,3.3,2.06702014294213e-07
2963151,"Streptococcus sp. CF8_St5-16",3,1.86129181841882e-07,3,1.86174490987909e-07
167973,"uncultured Lactococcus sp.",3,1.86129181841882e-07,2.5,1.57967530995665e-07
40543,"Sneathia sanguinegens",3,1.86129181841882e-07,3,1.86512521213226e-07
2292957,"Bacteroides sp. OF03-11BH",3,1.86129181841882e-07,3,1.89202865676408e-07
469585,"Bacteroides sp. 1_1_14",3,1.86129181841882e-07,3,1.86991203027506e-07
436115,"Burkholderia mallei",3,1.86129181841882e-07,2.7,1.6947987253754e-07
2925014,"Desulforhabdus sp. TSK",3,1.86129181841882e-07,3.7,2.30898885247862e-07
2293190,"Ruminococcus sp. AM26-12LB",3,1.86129181841882e-07,2.8,1.73777866523408e-07
2762571,"Streptococcus sp. 9.1",3,1.86129181841882e-07,3.1,1.89576411832441e-07
2231352,"Epseptimavirus S126",3,1.86129181841882e-07,3.4,2.09542418833777e-07
37727,"Talaromyces marneffei",3,1.86129181841882e-07,3,1.87183717804233e-07
1736517,"Massilia sp. Root335",3,1.86129181841882e-07,3,1.8753372824905e-07
3374692,"unknown genome; accession ID isNZ_JBIPTC010000002.1",3,1.86129181841882e-07,3,1.86136243034878e-07
3020524,"Agrobacterium sp. ST15.16.024",3,1.86129181841882e-07,3.4,2.13969629877452e-07
2293116,"Parabacteroides sp. AF27-14",3,1.86129181841882e-07,3.3,2.06580966473694e-07
3381978,"Escherichia sp. WS3074",3,1.86129181841882e-07,3,1.86129365661389e-07
2292979,"Blautia sp. AM47-4",3,1.86129181841882e-07,3.2,1.95555668964488e-07
3699536,"unknown genome; accession ID isNZ_JBXAYL010000171.1",3,1.86129181841882e-07,3,1.86643354868892e-07
2774717,"Enterococcus sp. DIV0240d",3,1.86129181841882e-07,2.8,1.73780300564319e-07
910310,"Turicibacter sp. HGF1",3,1.86129181841882e-07,3,1.86337099865546e-07
2981647,"Alitiscatomonas sp.",3,1.86129181841882e-07,3.2,1.99084521595837e-07
2583584,"Streptococcus sp. NCTC 11567",3,1.86129181841882e-07,3.1,1.94026753365479e-07
1581058,"Aerococcus sp. HMSC23C02",3,1.86129181841882e-07,3,1.84556358285901e-07
1495444,"Rhodotorula pacifica",3,1.86129181841882e-07,3,1.86129181841879e-07
208602,"Nocardia puris",3,1.86129181841882e-07,3.2,1.96423957273643e-07
2545719,"Lysobacter sp. N42",3,1.86129181841882e-07,3.6,2.20655517658839e-07
3044279,"Massilia hydrophila",3,1.86129181841882e-07,3,1.86129181841879e-07
2292928,"Bacteroides sp. AF29-11",3,1.86129181841882e-07,3,1.86397346866518e-07
3134659,"Blautia sp. HCN-20427",3,1.86129181841882e-07,4.3,2.68071941216543e-07
2774833,"Enterococcus sp. AZ034",3,1.86129181841882e-07,3,1.87042801235951e-07
94136,"Alkalibacillus haloalkaliphilus",3,1.86129181841882e-07,3.2,2.01084647650556e-07
2651864,"Myxococcus sp. CA018",3,1.86129181841882e-07,3,1.86129181865751e-07
2605744,"Pseudomonas sp. CAH-1",3,1.86129181841882e-07,3.2,1.97605613605932e-07
1690244,"Enterococcus sp. RIT-PI-f",3,1.86129181841882e-07,3.1,1.89255398927214e-07
2293009,"Clostridium sp. AF29-8BH",3,1.86129181841882e-07,2.6,1.64358794762883e-07
2774660,"Enterococcus sp. DIV1314a",3,1.86129181841882e-07,3,1.86135522506252e-07
936563,"Fusobacterium sp. CM22",3,1.86129181841882e-07,2.5,1.54980804783529e-07
2029658,"Skunavirus sv05601",3,1.86129181841882e-07,3.2,1.97568370469026e-07
1359,"Lactococcus cremoris",2,1.24086121227922e-07,2.1,1.32197797255353e-07
1596,"Lactobacillus gasseri",2,1.24086121227922e-07,2.1,1.27465668369614e-07
61645,"Enterobacter asburiae",2,1.24086121227922e-07,2.2,1.38874656447057e-07
271881,"Lactiplantibacillus argentoratensis",2,1.24086121227922e-07,2,1.26033995726291e-07
577,"Raoultella terrigena",2,1.24086121227922e-07,2,1.24183846109435e-07
2587529,"Klebsiella pasteurii",2,1.24086121227922e-07,2,1.25315777255876e-07
1261635,"Roseburia sp. 831b",2,1.24086121227922e-07,2,1.24922815766169e-07
3117552,"Bacteroides maternus",2,1.24086121227922e-07,2,1.24111939422926e-07
3053355,"Streptococcus raffinosi",2,1.24086121227922e-07,2.7,1.67029183943934e-07
57037,"Lacticaseibacillus zeae",2,1.24086121227922e-07,2.4,1.51174385713507e-07
66374,"Streptomyces nojiriensis",2,1.24086121227922e-07,2,1.24143208479511e-07
3156680,"Streptomyces sp. NPDC004491",2,1.24086121227922e-07,2.1,1.30944720090249e-07
1031537,"Bremerella cremea",2,1.24086121227922e-07,2.1,1.31344102362386e-07
3048617,"Pseudomonas sp. CCI2.4",2,1.24086121227922e-07,2.7,1.68271749928226e-07
454155,"Paraprevotella xylaniphila",2,1.24086121227922e-07,2.2,1.39444186484681e-07
2774790,"Enterococcus sp. DIV0996a",2,1.24086121227922e-07,2.1,1.30774777249809e-07
3231304,"Enterococcus sp. C43",2,1.24086121227922e-07,2,1.24219973965803e-07
2316022,"Mediterraneibacter sp.",2,1.24086121227922e-07,2,1.26484399264043e-07
133926,"Olsenella uli",2,1.24086121227922e-07,1.4,8.98579970746559e-08
1715164,"Streptococcus sp. HMSC074F05",2,1.24086121227922e-07,2.1,1.29879324267288e-07
420645,"Lactobacillus equicursoris",2,1.24086121227922e-07,2,1.25430184732072e-07
2382163,"Streptococcus koreensis",2,1.24086121227922e-07,2.2,1.34124025994102e-07
1966354,"Gemella sp.",2,1.24086121227922e-07,2,1.24100331896935e-07
84136,"Gemella bergeri",2,1.24086121227922e-07,2.1,1.28376570569373e-07
1965292,"Fenollaria sp.",2,1.24086121227922e-07,2,1.24122454655272e-07
36646,"Penicillium coprophilum",2,1.24086121227922e-07,2,1.24610236591458e-07
3153559,"Nonomuraea sp. B10E8",2,1.24086121227922e-07,2,1.24086121227919e-07
3075527,"Streptomyces edwardsiae",2,1.24086121227922e-07,2,1.24369609514586e-07
3019932,"Rhizobium brockwellii",2,1.24086121227922e-07,2,1.24141747717719e-07
431269,"Mycolicibacterium setense",2,1.24086121227922e-07,2.2,1.34186385048644e-07
1619950,"Pseudomonas sp. 2(2015)",2,1.24086121227922e-07,2,1.24791833783667e-07
2579922,"Pseudomonas yangonensis",2,1.24086121227922e-07,2.2,1.33660722196747e-07
1121096,"Bacteroides gallinarum",2,1.24086121227922e-07,2,1.24868258767693e-07
2653163,"Pseudomonas sp. 8AS",2,1.24086121227922e-07,2,1.24106144765966e-07
NA,"unknown genome; accession ID isNZ_CAKSKK010000005.1",2,1.24086121227922e-07,2,1.24086121227919e-07
2787145,"Enterococcus sp. 1001283B150225_161107_E12",2,1.24086121227922e-07,1.8,1.13751924593822e-07
3014267,"Agathobaculum massiliense",2,1.24086121227922e-07,2,1.24255180939362e-07
1720313,"Bittarella massiliensis (ex Durand et al. 2017)",2,1.24086121227922e-07,2.2,1.38782174535437e-07
3134664,"Phocaeicola sp. HCN-40430",2,1.24086121227922e-07,2.1,1.28525583880178e-07
1965305,"Terrisporobacter sp.",2,1.24086121227922e-07,2,1.2409075923675e-07
2713505,"Listeria cossartiae",2,1.24086121227922e-07,2.3,1.43748023077909e-07
1211813,"Alistipes ihumii",2,1.24086121227922e-07,2,1.24086195695209e-07
3252638,"Catenibacterium sp. GCM10023432",2,1.24086121227922e-07,2,1.25887012223146e-07
932217,"Anaerosalibacter bizertensis",2,1.24086121227922e-07,2,1.24086121513276e-07
2589786,"Streptococcus shenyangsis",2,1.24086121227922e-07,2,1.26572933664809e-07
3003264,"Ligilactobacillus sp. UO.C109",2,1.24086121227922e-07,2,1.24214652139348e-07
63820,"Penicillium chermesinum",2,1.24086121227922e-07,2.1,1.319430292292e-07
2316732,"Corallococcus sp. CA053C",2,1.24086121227922e-07,2.2,1.34446083142113e-07
1163670,"Bacteroides sp. 14(A)",2,1.24086121227922e-07,2,1.24449291563705e-07
2605433,"Sphingobacterium phlebotomi",2,1.24086121227922e-07,2.2,1.34806738325812e-07
3061040,"Phocaeicola sp. GP0067",2,1.24086121227922e-07,2,1.24088817498974e-07
1348469,"Jatrophihabitans fulvus",2,1.24086121227922e-07,2,1.24086121227919e-07
3025320,"Pseudoalteromonas sp. GABNB9D",2,1.24086121227922e-07,2.2,1.35882252678354e-07
2861965,"Sulfitobacter sp. CW3",2,1.24086121227922e-07,2.4,1.47590390414251e-07
1834190,"Enterococcus sp. 8E11_MSG4843",2,1.24086121227922e-07,2,1.25434907175981e-07
29347,"[Clostridium] scindens",2,1.24086121227922e-07,2,1.24599947287701e-07
3050593,"Clostridium sp. UMB9555A",2,1.24086121227922e-07,2,1.24120510996494e-07
2602760,"Mesonia sp. K4-1",2,1.24086121227922e-07,2,1.24265038638139e-07
376804,"Phocaeicola barnesiae",2,1.24086121227922e-07,2.2,1.36021689316598e-07
1955243,"Blautia sp.",2,1.24086121227922e-07,2,1.24354854489793e-07
2774716,"Enterococcus sp. DIV0546",2,1.24086121227922e-07,2.1,1.28527737888688e-07
1969563,"Eubacterium sp. LMAG:50",2,1.24086121227922e-07,2,1.24221085380403e-07
1715116,"Streptococcus sp. HMSC065H07",2,1.24086121227922e-07,2.4,1.4701388466213e-07
2652269,"Anaerococcus porci",2,1.24086121227922e-07,2,1.24129587683809e-07
742917,"Cyclovirus manukha",2,1.24086121227922e-07,2,1.24086121227919e-07
176160,"Aspergillus ambiguus",2,1.24086121227922e-07,2,1.24086121348439e-07
3684508,"unknown genome; accession ID isNZ_JBVHRM010000067.1",2,1.24086121227922e-07,2,1.24157082652247e-07
2903532,"Streptomyces sp. IBSBF 2394",2,1.24086121227922e-07,2.1,1.28171638472442e-07
2302925,"Bacteroides sp. AF32-8BH",2,1.24086121227922e-07,2,1.24233960311848e-07
1462440,"Pseudoduganella ginsengisoli",2,1.24086121227922e-07,2.2,1.33615328659923e-07
2496651,"Mesorhizobium sp. M4B.F.Ca.ET.019.03.1.1",2,1.24086121227922e-07,2.1,1.2822436097193e-07
2931881,"Blautia sp. NSJ-165",2,1.24086121227922e-07,2,1.26485532329715e-07
2292942,"Bacteroides sp. AM23-12",2,1.24086121227922e-07,2,1.27139077951306e-07
1897051,"Bacteroides sp. 43_46",2,1.24086121227922e-07,2,1.25402115818217e-07
197461,"Pseudovibrio exalbescens",2,1.24086121227922e-07,1.9,1.19977368117423e-07
2292066,"Roseburia sp. AM23-20",2,1.24086121227922e-07,2.2,1.35527738115651e-07
3438908,"Blautia sp. HCP28S3_G10",2,1.24086121227922e-07,2.1,1.29959719782115e-07
3474997,"unknown genome; accession ID isNZ_JBVAYE010000009.1",2,1.24086121227922e-07,2,1.24086309774675e-07
1907658,"Bacteroides ilei",2,1.24086121227922e-07,2.4,1.51721660100017e-07
3133178,"Flavonifractor hominis",2,1.24086121227922e-07,2,1.24248662003894e-07
2293099,"Dorea sp. AM13-35",2,1.24086121227922e-07,2,1.265499937044e-07
2508867,"Prevotella brunnea",2,1.24086121227922e-07,2.2,1.38923894428289e-07
1965623,"Muribaculum sp. An287",2,1.24086121227922e-07,2,1.2573227706497e-07
936375,"Mogibacterium sp. CM50",2,1.24086121227922e-07,2.2,1.3401398122028e-07
1872517,"Anaerofustis sp.",2,1.24086121227922e-07,2,1.24086121227919e-07
2584653,"Finegoldia sp. BIOML-A5",2,1.24086121227922e-07,2,1.24409313323551e-07
1501230,"Paenibacillus tyrfis",2,1.24086121227922e-07,2,1.241059774199e-07
2200763,"Microbispora triticiradicis",2,1.24086121227922e-07,2.1,1.28550073821431e-07
2949651,"Parabacteroides sp. TA-V-105",2,1.24086121227922e-07,2,1.24091616677502e-07
3123295,"Blautia sp. JLR.GB0024",2,1.24086121227922e-07,2,1.24096624619941e-07
2021693,"Bacillus sp. 7884-1",2,1.24086121227922e-07,2,1.24965384482463e-07
3364104,"Klebsiella sp. NPDC088457",2,1.24086121227922e-07,2,1.24087283618027e-07
2719233,"Lacrimispora defluvii",2,1.24086121227922e-07,2,1.24090092481226e-07
2981787,"Dorea acetigenes",2,1.24086121227922e-07,2,1.24587716422463e-07
3085167,"Segatella sinensis",2,1.24086121227922e-07,2,1.24086121322876e-07
2931882,"Blautia sp. NSJ-166",2,1.24086121227922e-07,2,1.24097636537329e-07
2787148,"Clostridium sp. 1001271B_151109_B4",2,1.24086121227922e-07,2,1.2408612830359e-07
2024221,"Prevotella sp. P3-92",2,1.24086121227922e-07,2,1.24086121260408e-07
2516961,"Muribaculum sp. NM65_B17",2,1.24086121227922e-07,2.3,1.40399308911334e-07
NA,"unknown genome; accession ID isNZ_JAQEUC010000021.1",2,1.24086121227922e-07,2,1.240879828834e-07
NA,"unknown genome; accession ID isNZ_CAMMSH010000001.1",2,1.24086121227922e-07,2,1.24088751011693e-07
3457757,"unknown genome; accession ID isNZ_CM176873.1",2,1.24086121227922e-07,2.2,1.35694705546436e-07
1776443,"Lactococcus sp. DD01",2,1.24086121227922e-07,2,1.21851406454382e-07
2713309,"Epseptimavirus oselot",2,1.24086121227922e-07,2.3,1.43460117263176e-07
2025819,"Epseptimavirus SH9",2,1.24086121227922e-07,2.6,1.64128296067173e-07
2231356,"Epseptimavirus S133",2,1.24086121227922e-07,2.6,1.6233294626815e-07
638574,"Nonomuraea rosea",2,1.24086121227922e-07,2.1,1.28496001420941e-07
35764,"Streptosporangium nondiastaticum",2,1.24086121227922e-07,2,1.24452587930516e-07
2528203,"Bacteroides sp. A1C1",2,1.24086121227922e-07,3.8,2.38351028064591e-07
2293033,"Clostridium sp. AM46-21",2,1.24086121227922e-07,2.4,1.4691571230947e-07
1739371,"Streptococcus sp. HMSC064H09",2,1.24086121227922e-07,2,1.2520468130025e-07
1495285,"Tequatrovirus e112",2,1.24086121227922e-07,2,1.26768707778731e-07
1448316,"Aspergillus ibericus",2,1.24086121227922e-07,2,1.24086513041546e-07
3156725,"Nocardia sp. NPDC005978",2,1.24086121227922e-07,2,1.24086121227919e-07
2841668,"Streptomyces sp. CHA15",2,1.24086121227922e-07,2,1.24288984047987e-07
1485586,"Streptomyces calidiresistens",2,1.24086121227922e-07,2,1.24781946488646e-07
3241256,"Pseudomonas sp. MD332_6",2,1.24086121227922e-07,2.1,1.30358629905518e-07
2303987,"Motilimonas pumila",2,1.24086121227922e-07,2.4,1.47761178410792e-07
393006,"Tamlana crocina",2,1.24086121227922e-07,2.5,1.55147133847727e-07
1834176,"Enterococcus sp. 3G1_DIV0629",2,1.24086121227922e-07,2,1.24140647496168e-07
2293107,"Eubacterium sp. AF34-35BH",2,1.24086121227922e-07,2,1.24402395286776e-07
3436707,"Neisseria sp. P0008.S010",2,1.24086121227922e-07,2,1.24086122415241e-07
3438914,"Bulleidia sp. HCP3S3_C9",2,1.24086121227922e-07,2,1.24097020800222e-07
624,"Shigella sonnei",1,6.20430606139608e-08,1,6.20431553417452e-08
632,"Yersinia pestis",1,6.20430606139608e-08,1,6.2050568153072e-08
550,"Enterobacter cloacae",1,6.20430606139608e-08,1.1,6.73372738497561e-08
1307,"Streptococcus suis",1,6.20430606139608e-08,1.3,7.91734720741818e-08
571,"Klebsiella oxytoca",1,6.20430606139608e-08,1,6.20946198969949e-08
1492,"Clostridium butyricum",1,6.20430606139608e-08,1.3,8.00010831031918e-08
1613,"Limosilactobacillus fermentum",1,6.20430606139608e-08,1,6.26959636286638e-08
1428,"Bacillus thuringiensis",1,6.20430606139608e-08,1,6.23675411691366e-08
1238,"Piscirickettsia salmonis",1,6.20430606139608e-08,1,6.26238718161167e-08
60520,"Lactiplantibacillus paraplantarum",1,6.20430606139608e-08,1,6.27049545151339e-08
2816910,"Lactococcus sp. LG1267",1,6.20430606139608e-08,1.4,8.45044398905949e-08
2816912,"Lactococcus sp. LG606",1,6.20430606139608e-08,1.1,7.08075370260763e-08
357441,"Enterococcus lactis",1,6.20430606139608e-08,1,6.20900404406262e-08
155615,"Fusobacterium vincentii",1,6.20430606139608e-08,1.3,7.89236954714678e-08
76857,"Fusobacterium polymorphum",1,6.20430606139608e-08,1.3,7.94645823522585e-08
411486,"Clostridium sp. M62/1",1,6.20430606139608e-08,1,6.25294899192328e-08
3037457,"Lactococcus sp. bn62",1,6.20430606139608e-08,1.1,7.01654340540685e-08
53442,"Eubacterium callanderi",1,6.20430606139608e-08,1.1,6.76190859040613e-08
630,"Yersinia enterocolitica",1,6.20430606139608e-08,1.1,6.51712890205762e-08
2774845,"Enterococcus sp. DIV1224",1,6.20430606139608e-08,1,6.21063525893675e-08
3237709,"Escherichia sp. UTM R2",1,6.20430606139608e-08,1.5,9.28676600551318e-08
2748,"Carnobacterium divergens",1,6.20430606139608e-08,1,6.20430606740681e-08
2570191,"Thauera sp. 2A1",1,6.20430606139608e-08,1,6.20435891806328e-08
1882272,"Penicillium samsonianum",1,6.20430606139608e-08,1,6.43735424254818e-08
283354,"Alternaria metachromatica",1,6.20430606139608e-08,1.6,9.85957026663482e-08
441959,"Talaromyces stipitatus",1,6.20430606139608e-08,1,6.20452837852963e-08
66870,"Streptomyces aurantiogriseus",1,6.20430606139608e-08,1,6.20430606569678e-08
199684,"uncultured Bradyrhizobium sp.",1,6.20430606139608e-08,1,6.20430606228523e-08
68183,"Streptomyces capoamus",1,6.20430606139608e-08,1,6.20432276731019e-08
53462,"Mycolicibacterium mageritense",1,6.20430606139608e-08,1.1,6.55192795590227e-08
2793822,"Bradyrhizobium sp. BRP20",1,6.20430606139608e-08,1.2,7.30212444422192e-08
1736554,"Streptomyces sp. Root55",1,6.20430606139608e-08,1.2,7.38134000200873e-08
480036,"Nocardia blacklockiae",1,6.20430606139608e-08,1,6.20661271418113e-08
2681313,"Trichormus variabilis",1,6.20430606139608e-08,1,6.20430606328511e-08
2496782,"Mesorhizobium sp. M6A.T.Ce.TU.002.03.1.1",1,6.20430606139608e-08,1,6.20430606139595e-08
574930,"Parabacteroides gordonii",1,6.20430606139608e-08,1,6.27873477415854e-08
2681430,"Raoultella sp. 18098",1,6.20430606139608e-08,1,6.28946264244708e-08
3710692,"unknown genome; accession ID isNZ_JBYFCA010000086.1",1,6.20430606139608e-08,1,6.20430606139595e-08
2479852,"Pseudomonas sp. p99-361",1,6.20430606139608e-08,1,6.49993057272557e-08
2093862,"Escherichia sp. MOD1-EC4560",1,6.20430606139608e-08,1,6.20430676738453e-08
3445349,"Bacillus cereus group sp. BC10",1,6.20430606139608e-08,1,6.20430606139595e-08
3159645,"Salmonella sp. s41069",1,6.20430606139608e-08,1,6.20430972791502e-08
2608358,"Pantoea sp. Ap-870",1,6.20430606139608e-08,1,6.20551983101881e-08
3143031,"Ruminococcus sp. RTP21484sp1_RTP21277st1_D2_RTP21277_210401",1,6.20430606139608e-08,1,6.31160639034198e-08
3373596,"Clostridium sp. 10cd*",1,6.20430606139608e-08,1,6.31794007051157e-08
3025334,"Pseudoalteromonas sp. CST2",1,6.20430606139608e-08,1,6.20430606139595e-08
2885262,"Blautia sp. DFI.6.71",1,6.20430606139608e-08,1.2,7.2922248323488e-08
2919915,"Chryseobacterium sp. SSA4.19",1,6.20430606139608e-08,1,6.26643912561734e-08
2859781,"Clostridium weizhouense",1,6.20430606139608e-08,1.5,9.61408452109485e-08
1559,"Clostridium tertium",1,6.20430606139608e-08,1.2,7.60993912846252e-08
941449,"Desulfovibrio sp. X2",1,6.20430606139608e-08,1,6.20430606139595e-08
292800,"Flavonifractor plautii",1,6.20430606139608e-08,1.1,6.66246523088517e-08
2787821,"Blautia sp. 1001283B150304_161114_C9",1,6.20430606139608e-08,1,6.21207089051905e-08
64969,"Oceanospirillum multiglobuliferum",1,6.20430606139608e-08,1,6.20430606201315e-08
2292287,"Blautia sp. OF03-15BH",1,6.20430606139608e-08,1,6.22602953205713e-08
1414720,"Clostridium saudiense",1,6.20430606139608e-08,1.1,6.84671550428235e-08
333963,"Leucobacter iarius",1,6.20430606139608e-08,1.1,7.13080210116406e-08
33043,"Coprococcus eutactus",1,6.20430606139608e-08,1,6.34167143840902e-08
871327,"Parabacteroides chinchillae",1,6.20430606139608e-08,1.1,6.63574027855989e-08
28212,"Sphingomonas adhaesiva",1,6.20430606139608e-08,1,6.20430606139595e-08
2981769,"Waltera acetigignens",1,6.20430606139608e-08,1.3,8.24339772716957e-08
2230878,"Candidatus Enterococcus mangumiae",1,6.20430606139608e-08,1,6.20437167481462e-08
1796620,"Acutalibacter muris",1,6.20430606139608e-08,1,6.20438908516791e-08
3133158,"Lachnospira intestinalis",1,6.20430606139608e-08,1,6.25821802474212e-08
1872531,"Anaerotruncus sp.",1,6.20430606139608e-08,1,6.20510382160068e-08
1965302,"Romboutsia sp.",1,6.20430606139608e-08,1,6.20430731929783e-08
2981728,"Huintestinicola butyrica",1,6.20430606139608e-08,1,6.21150579988237e-08
2293126,"Roseburia sp. AF02-12",1,6.20430606139608e-08,1,6.29778782226793e-08
1965304,"Intestinibacter sp.",1,6.20430606139608e-08,1,6.20916829083965e-08
3133167,"Faecousia intestinalis",1,6.20430606139608e-08,1,6.20488058225526e-08
1776391,"Romboutsia timonensis",1,6.20430606139608e-08,1,6.20539628640254e-08
3231327,"Enterococcus sp. C66",1,6.20430606139608e-08,1,6.20431083323236e-08
2044509,"Arcobacter sp. CECT 8989",1,6.20430606139608e-08,1,6.21386247477458e-08
1262755,"Blautia sp. CAG:237",1,6.20430606139608e-08,1,6.39316296796329e-08
NA,"unknown genome; accession ID isNZ_CAMMBY010000021.1",1,6.20430606139608e-08,1,6.2090583373126e-08
1296537,"Enterococcus xiangfangensis",1,6.20430606139608e-08,1.1,6.58761164775791e-08
2585119,"Alistipes dispar",1,6.20430606139608e-08,1,6.28320925707393e-08
1945593,"Oscillibacter sp.",1,6.20430606139608e-08,1.1,7.12696292972029e-08
74706,"Staphylococcus coagulans",1,6.20430606139608e-08,1,6.20431202658799e-08
1686,"Bifidobacterium catenulatum",1,6.20430606139608e-08,1,6.21319081470163e-08
2804917,"Corynebacterium pseudokroppenstedtii",1,6.20430606139608e-08,1,6.49155447567103e-08
2879150,"Lactococcus sp. SK2-659",1,6.20430606139608e-08,1,6.21563000408029e-08
855,"Fusobacterium simiae",1,6.20430606139608e-08,1,6.20558490248409e-08
3436758,"Neisseria sp. P0015.S002",1,6.20430606139608e-08,1.1,6.57033199316624e-08
74426,"Collinsella aerofaciens",1,6.20430606139608e-08,1.3,8.20269669567133e-08
1310,"Streptococcus sobrinus",1,6.20430606139608e-08,1,6.30542626979886e-08
1623,"Ligilactobacillus ruminis",1,6.20430606139608e-08,1,6.27536721072292e-08
322505,"Sharpea azabuensis",1,6.20430606139608e-08,1,6.23080606341284e-08
1118057,"Peptoniphilus grossensis",1,6.20430606139608e-08,1,6.20861059237415e-08
1343,"Streptococcus vestibularis",1,6.20430606139608e-08,1,6.31432411819409e-08
254352,"uncultured Gemella sp.",1,6.20430606139608e-08,1,6.22365049613966e-08
712633,"Streptococcus sp. oral taxon 431",1,6.20430606139608e-08,1.2,7.26097000362013e-08
938289,"Levyella massiliensis",1,6.20430606139608e-08,1,6.20543299027125e-08
2024325,"Epseptimavirus saus132",1,6.20430606139608e-08,1.4,8.60480340049727e-08
2478750,"Botrytis deweyae",1,6.20430606139608e-08,1.2,7.51235675792686e-08
2316721,"Corallococcus sp. AB049A",1,6.20430606139608e-08,1,6.31780016242551e-08
255045,"Bradyrhizobium canariense",1,6.20430606139608e-08,1,6.26095739592854e-08
1712677,"Pseudomonas sp. 2822-15",1,6.20430606139608e-08,1,6.21458346902901e-08
2496780,"Mesorhizobium sp. Primo-A",1,6.20430606139608e-08,1,6.49157900772885e-08
871324,"Bacteroides stercorirosoris",1,6.20430606139608e-08,1,6.21396644241805e-08
2813561,"Pseudomonas sp. 21_B",1,6.20430606139608e-08,1,6.20430607988844e-08
2883209,"Enterocloster sp. 210928-DFI.2.20",1,6.20430606139608e-08,1,6.20629145379822e-08
3115853,"Pseudomonas auratipiscis",1,6.20430606139608e-08,1,6.20430618455405e-08
2800325,"Clostridium yunnanense",1,6.20430606139608e-08,1,6.20430608983262e-08
2057910,"Bacillus sp. BA3",1,6.20430606139608e-08,1.7,1.08139612566439e-07
485898,"Pseudomonas promysalinigenes",1,6.20430606139608e-08,1,6.36114078375668e-08
1867106,"Hymenobacter seoulensis",1,6.20430606139608e-08,1,6.41061234056452e-08
3683196,"unknown genome; accession ID isNZ_JAROAU010000005.1",1,6.20430606139608e-08,1,6.20688287152586e-08
414052,"Caenispirillum bisanense",1,6.20430606139608e-08,1,6.20523395065676e-08
376805,"Phocaeicola salanitronis",1,6.20430606139608e-08,1.3,8.37249104011381e-08
3134667,"Blautia sp. HCN-1074",1,6.20430606139608e-08,1,6.21580882935012e-08
3436835,"Neisseria sp. P0022.S010",1,6.20430606139608e-08,1,6.21153004580436e-08
2219695,"Luxibacter massiliensis",1,6.20430606139608e-08,1.1,6.5570429440896e-08
1033732,"Alistipes senegalensis",1,6.20430606139608e-08,1.4,8.5779510174546e-08
1938366,"Pseudoalteromonas sp. SK18",1,6.20430606139608e-08,1,6.20508882214578e-08
298659,"uncultured Algibacter sp.",1,6.20430606139608e-08,1,6.20431367003725e-08
2774822,"Enterococcus sp. AZ178",1,6.20430606139608e-08,1.1,6.93800643416206e-08
318464,"Clostridium sulfidigenes",1,6.20430606139608e-08,1,6.20430860736172e-08
1841865,"Mediterranea massiliensis",1,6.20430606139608e-08,1,6.39415298071727e-08
2883184,"Blautia sp. MSK17_66",1,6.20430606139608e-08,1,6.23525819543612e-08
1862567,"Acinetobacter sp. SA01",1,6.20430606139608e-08,1,6.20430606139595e-08
2774697,"Enterococcus sp. AZ167",1,6.20430606139608e-08,1,6.42411995642442e-08
3450750,"unknown genome; accession ID isNZ_CP196862.1",1,6.20430606139608e-08,1.3,7.83268134336951e-08
2792040,"Salinibacterium sp. NG22",1,6.20430606139608e-08,1.1,6.96572121854749e-08
2293045,"Clostridium sp. OM05-9",1,6.20430606139608e-08,1,6.2181406757194e-08
351091,"Oscillibacter valericigenes",1,6.20430606139608e-08,1.9,1.16362048538897e-07
2049030,"Lachnoanaerobaculum sp.",1,6.20430606139608e-08,1.1,6.54065524208276e-08
1776392,"Massilimicrobiota timonensis",1,6.20430606139608e-08,1.3,8.10429081865321e-08
3436754,"Neisseria sp. P0014.S008",1,6.20430606139608e-08,1,6.20430606281376e-08
2137581,"Ellagibacter isourolithinifaciens",1,6.20430606139608e-08,1,6.31666292178067e-08
286142,"uncultured Catenibacterium sp.",1,6.20430606139608e-08,1,6.21672155123848e-08
68892,"Streptococcus infantis",1,6.20430606139608e-08,1.1,7.01268784947387e-08
1763549,"uncultured Holdemanella sp.",1,6.20430606139608e-08,1,6.47034116915326e-08
2742600,"Limosilactobacillus urinaemulieris",1,6.20430606139608e-08,1,6.26540423804488e-08
NA,"unknown genome; accession ID isNZ_CASEUO010000144.1",1,6.20430606139608e-08,1,6.20430612398261e-08
328009,"uncultured Finegoldia sp.",1,6.20430606139608e-08,1,6.22432552116791e-08
620903,"Negativicoccus succinicivorans",1,6.20430606139608e-08,1,6.20478217264061e-08
254253,"Vedamuthuvirus Q33",1,6.20430606139608e-08,1,6.20432267492077e-08
1080232,"Penicillium hispanicum",1,6.20430606139608e-08,1,6.20487401409953e-08
310354,"Catellatospora coxensis",1,6.20430606139608e-08,1,6.20439402732729e-08
454156,"Actinomadura chokoriensis",1,6.20430606139608e-08,1,6.20430920117001e-08
3367358,"Herbidospora sp. RD11066",1,6.20430606139608e-08,1.1,6.6664870554321e-08
249586,"Streptomyces asoensis",1,6.20430606139608e-08,1,6.20430606139595e-08
1836972,"Frankia canadensis",1,6.20430606139608e-08,1,6.31629361436107e-08
67314,"Streptomyces lavendofoliae",1,6.20430606139608e-08,1,6.21338520944822e-08
2807620,"Pseudomonas sp. MIL9",1,6.20430606139608e-08,1.2,7.44750660494162e-08
1775171,"Photobacterium alginatilyticum",1,6.20430606139608e-08,1,6.20430606139595e-08
2944234,"Pseudomonas sp. LRP2-20",1,6.20430606139608e-08,1,6.20430714508622e-08
2608350,"Klebsiella sp. Acro-834",1,6.20430606139608e-08,1,6.42534642835544e-08
3409986,"Klebsiella sp. R81",1,6.20430606139608e-08,1,6.20430720667219e-08
3469250,"unknown genome; accession ID isNZ_JBSIPG010000245.1",1,6.20430606139608e-08,1,6.20430606139595e-08
3018082,"Bacillus cereus group sp. BY17LC",1,6.20430606139608e-08,1,6.20430606139595e-08
3445310,"Bacillus cereus group sp. BC326",1,6.20430606139608e-08,1,6.20430606139595e-08
3090668,"Halalkalibacter flavus",1,6.20430606139608e-08,1,6.20430606174927e-08
3048608,"Pseudomonas sp. CCC3.2",1,6.20430606139608e-08,1,6.20436611139751e-08
3159710,"Salmonella sp. s58867",1,6.20430606139608e-08,1,6.20430663361632e-08
3681944,"unknown genome; accession ID isNZ_CEEDOR010000071.1",1,6.20430606139608e-08,1,6.20517771140479e-08
2480799,"Alteromonas sp. KUL106",1,6.20430606139608e-08,1.1,6.97961217971532e-08
3031406,"Isoptericola croceus",1,6.20430606139608e-08,1,6.20430606139595e-08
2024555,"Virgibacillus profundi",1,6.20430606139608e-08,1,6.21208499194281e-08
3420551,"Clostridium sp. SGI.024",1,6.20430606139608e-08,1,6.20439535911798e-08
2742763,"Blautia sp. MSK.21.1",1,6.20430606139608e-08,1,6.20436143986615e-08
1226324,"Blautia sp. KLE 1732",1,6.20430606139608e-08,1,6.24199353337569e-08
3061045,"Enterococcus sp. B2E4",1,6.20430606139608e-08,1.1,6.56976498667179e-08
910311,"Eggerthella sp. HGA1",1,6.20430606139608e-08,1,6.48700192821664e-08
2965276,"Blautia sp. DFI.9.10",1,6.20430606139608e-08,1.1,6.98217829809811e-08
2774965,"Enterococcus sp. AZ137",1,6.20430606139608e-08,1,6.37096631034657e-08
2994522,"Akkermansia sp. NBRC 115031",1,6.20430606139608e-08,1,6.30882283824137e-08
1965566,"Erysipelatoclostridium sp. An15",1,6.20430606139608e-08,1,6.2044841613177e-08
2185275,"Lawsonibacter sp.",1,6.20430606139608e-08,1.3,8.1163203350709e-08
397457,"Gulbenkiania mobilis",1,6.20430606139608e-08,1,6.23633697823534e-08
2774755,"Enterococcus sp. DIV1375a",1,6.20430606139608e-08,1,6.20431038227728e-08
2763029,"Blautia lenta",1,6.20430606139608e-08,1,6.20471323968212e-08
2774779,"Enterococcus sp. DIV1411a",1,6.20430606139608e-08,1,6.2043911746536e-08
1739307,"Staphylococcus sp. HMSC034D07",1,6.20430606139608e-08,1,6.22321770717971e-08
1912090,"Gluceribacter canis",1,6.20430606139608e-08,1,6.20682384365632e-08
3133177,"Bifidobacterium hominis",1,6.20430606139608e-08,1,6.20691861833604e-08
1855330,"Megamonas sp. Calf98-2",1,6.20430606139608e-08,1,6.34661927503831e-08
1161416,"Streptococcus sp. SR1",1,6.20430606139608e-08,1,6.20485901459524e-08
2725308,"Streptococcus sp. WB01_FAA12",1,6.20430606139608e-08,1.3,7.94638273893409e-08
2847284,"Tequintavirus VSe12",1,6.20430606139608e-08,1.2,7.29026089214174e-08
2500819,"Skunavirus MV10L",1,6.20430606139608e-08,1,6.25188911466773e-08
3373131,"Cupriavidus sp. CuC1",1,6.20430606139608e-08,1,6.20430606183681e-08
2485484,"Nostoc sp. 2RC",1,6.20430606139608e-08,1,6.20780455714887e-08
1940758,"Streptomyces sp. MH60",1,6.20430606139608e-08,1,6.32294714155152e-08
45398,"Streptomyces griseoviridis",1,6.20430606139608e-08,1.2,7.28456419391474e-08
2056244,"Pseudomonas sp. QS1027",1,6.20430606139608e-08,1,6.20430606139595e-08
3681991,"unknown genome; accession ID isNZ_CEEDDH010000161.1",1,6.20430606139608e-08,1,6.20430606139595e-08
2681403,"Rhizobium sp. 18055",1,6.20430606139608e-08,1.1,6.87789859365804e-08
3118753,"Pseudomonas sp. 10C3",1,6.20430606139608e-08,1,6.20554923206796e-08
2681415,"Pantoea sp. 18069",1,6.20430606139608e-08,1.4,8.75546671712783e-08
2603896,"Methylobacterium sp. WL19",1,6.20430606139608e-08,1,6.3274430148709e-08
1786003,"Pararhodobacter sp. CCB-MM2",1,6.20430606139608e-08,1,6.20433652527151e-08
3159655,"Salmonella sp. s51944",1,6.20430606139608e-08,1,6.21239565342242e-08
3159712,"Salmonella sp. s58998",1,6.20430606139608e-08,1,6.23972488073045e-08
3159678,"Salmonella sp. s55055",1,6.20430606139608e-08,1,6.20430664384052e-08
2058894,"Arthrobacter sp. GMC3",1,6.20430606139608e-08,1,6.20430606324027e-08
3025340,"Pseudoalteromonas sp. Angola-22",1,6.20430606139608e-08,1.1,6.84887651866151e-08
2202154,"Dyella sp. C9",1,6.20430606139608e-08,1,6.24651061856814e-08
3025339,"Pseudoalteromonas sp. Angola-20",1,6.20430606139608e-08,1.3,7.78163694385672e-08
1202712,"Ureibacillus chungkukjangi",1,6.20430606139608e-08,1,6.23146074672769e-08
3376682,"Clostridium sp. MB05",1,6.20430606139608e-08,1,6.20430709019868e-08
3134673,"Phocaeicola sp. HCN-6420",1,6.20430606139608e-08,1,6.20602856850425e-08
2774975,"Enterococcus sp. DIV1288",1,6.20430606139608e-08,1.6,9.73206908342348e-08
2584636,"Coprococcus sp. BIOML-A2",1,6.20430606139608e-08,1.2,7.25648095646631e-08
2774793,"Enterococcus sp. AZ080",1,6.20430606139608e-08,1,6.36801998202315e-08
2594474,"Dehalobacter sp. CP",1,6.20430606139608e-08,1,6.3298985545183e-08
2605778,"Clostridium porci",1,6.20430606139608e-08,1.3,8.00812272192963e-08
2249757,"Aliidiomarina sp. B3213",1,6.20430606139608e-08,1,6.22284883179876e-08
3388842,"unknown genome; accession ID isNZ_JBKESZ010000006.1",1,6.20430606139608e-08,1,6.20430606139595e-08
1739249,"Staphylococcus sp. HMSC075A04",1,6.20430606139608e-08,1,6.21162756073443e-08
1715098,"Streptococcus sp. HMSC074B11",1,6.20430606139608e-08,2.1,1.28692922423276e-07
2954690,"Streptococcus sp. FSL L8-0526",1,6.20430606139608e-08,1.1,6.78936576432784e-08
165187,"uncultured Bifidobacterium sp.",1,6.20430606139608e-08,1,6.20557891958694e-08
1531429,"Berryella intestinalis",1,6.20430606139608e-08,1,6.2043781593721e-08
3468941,"unknown genome; accession ID isNZ_BAAILU010000001.1",1,6.20430606139608e-08,1,6.20491196137996e-08
2292441,"Paratractidigestivibacter faecalis",1,6.20430606139608e-08,1,6.29030350048012e-08
2585199,"Nocardia aurantia",1,6.20430606139608e-08,1,6.20430606139595e-08
2681305,"Nostoc sp. UCD121",1,6.20430606139608e-08,1,6.20552984525977e-08
3049087,"Sinorhizobium sp. 7-81",1,6.20430606139608e-08,1.2,7.34095526422822e-08
2293113,"Parabacteroides sp. AF17-3",1,6.20430606139608e-08,1,6.20451894746332e-08
2292193,"Bacteroides sp. AF26-7BH",1,6.20430606139608e-08,1,6.25610905200794e-08
2930089,"Pseudomonas sp. RGM 3321",1,6.20430606139608e-08,1,6.23286959300347e-08
1925550,"Rhodococcus sp. M8",1,6.20430606139608e-08,1,6.21660212384829e-08
2775057,"Janthinobacterium sp. EB271-G4-3-1",1,6.20430606139608e-08,1,6.27258830104117e-08
3133175,"Blautia caccae",1,6.20430606139608e-08,1,6.20432522330572e-08
3079077,"Klebsiella sp. 75989",1,6.20430606139608e-08,1,6.2049321283477e-08
2592811,"Mycobacterium helveticum",1,6.20430606139608e-08,1.5,9.56922107115783e-08
2965272,"Bacteroides sp. SL.2.06",1,6.20430606139608e-08,1.2,7.4058202967025e-08
92003,"Aromatoleum toluclasticum",1,6.20430606139608e-08,1.1,6.61282794000025e-08
3048599,"Pseudomonas sp. AH2 (2023)",1,6.20430606139608e-08,1,6.39172694929288e-08
2665560,"Salmonella sp. S056_01185",1,6.20430606139608e-08,1.1,6.82983412203315e-08
1243002,"Vibrio olivae",1,6.20430606139608e-08,1,6.20431090313273e-08
1181883,"Kineococcus endophyticus",1,6.20430606139608e-08,1,6.20430606172759e-08
3367169,"Pseudomonas sp. CJQ_11",1,6.20430606139608e-08,1,6.20430677963886e-08
2056311,"Algoriphagus lacus",1,6.20430606139608e-08,1.1,6.8002674198314e-08
2949863,"Providencia sp. PROV153",1,6.20430606139608e-08,1,6.20430607445854e-08
2774664,"Enterococcus sp. DIV1059_2",1,6.20430606139608e-08,1.3,8.18623906118652e-08
3699536,"unknown genome; accession ID isNZ_JBXAYL010000246.1",1,6.20430606139608e-08,1,6.20814522172925e-08
3438911,"Blautia sp. HCP3S3_C4",1,6.20430606139608e-08,1,6.45324277248635e-08
3459305,"unknown genome; accession ID isNZ_JBQWEE010000030.1",1,6.20430606139608e-08,1,6.20495551935433e-08
44467,"Mycobacterium tilburgii",1,6.20430606139608e-08,1,6.20430606139595e-08
1834191,"Candidatus Enterococcus testudinis",1,6.20430606139608e-08,1,6.21929238459314e-08
2293010,"Clostridium sp. AF32-7AC",1,6.20430606139608e-08,1,6.22452851280109e-08
3133499,"Maccoyibacter intestinihominis",1,6.20430606139608e-08,1.2,7.6553670740082e-08
2764327,"Holdemanella hominis",1,6.20430606139608e-08,1,6.22661606838779e-08
1739457,"Staphylococcus sp. HMSC072E01",1,6.20430606139608e-08,1,6.20430606633021e-08
1739299,"Streptococcus sp. HMSC056C01",1,6.20430606139608e-08,1.5,9.04117403501683e-08
3464626,"unknown genome; accession ID isNZ_JBRFJG010000013.1",1,6.20430606139608e-08,0.5,3.10215303069798e-08
2836738,"Campylobacter sp. 2018MI27",1,6.20430606139608e-08,1,6.45459525650211e-08
1415628,"Gyrovirus homsa2",1,6.20430606139608e-08,1,6.20430606139595e-08
45303,"Alternaria infectoria",1,6.20430606139608e-08,1,6.20430606139595e-08
293559,"Penicillium concentricum",1,6.20430606139608e-08,1.1,6.8310616157375e-08
2921771,"Caballeronia sp. AAUFL_F1_KS47",1,6.20430606139608e-08,1,6.35002049795148e-08
2741325,"Streptomyces sp. CHD11",1,6.20430606139608e-08,1,6.20828268407115e-08
2994968,"Bacteroides sp. LFL-34",1,6.20430606139608e-08,1,6.20514465484462e-08
46257,"Pseudomonas avellanae",1,6.20430606139608e-08,1,6.20430606139595e-08
699437,"Arcticibacter tournemirensis",1,6.20430606139608e-08,1,6.20441906518445e-08
2926617,"Microbulbifer okhotskensis",1,6.20430606139608e-08,1,6.20430606139595e-08
3159638,"Salmonella sp. s31506",1,6.20430606139608e-08,1,6.2172204986889e-08
2924040,"Parabacteroides faecalis",1,6.20430606139608e-08,1.3,8.3553605616998e-08
NA,"unknown genome; accession ID isNZ_CAKVCW010000003.1",1,6.20430606139608e-08,1,6.27462578045372e-08
1506996,"Desulfoprunum benzoelyticum",1,6.20430606139608e-08,1,6.2146309029774e-08
3682030,"unknown genome; accession ID isNZ_CEEDCZ010000058.1",1,6.20430606139608e-08,1,6.20430606139595e-08
2860051,"Blautia sp. KLE_1732_HM_1032",1,6.20430606139608e-08,1,6.24170292872005e-08
2320853,"Anaerotruncus sp. 1XD42-93",1,6.20430606139608e-08,1,6.20455721609139e-08
3380348,"Pilosibacter sp. YYHA0881",1,6.20430606139608e-08,1.5,9.07487630590355e-08
1965590,"Barnesiella sp. An22",1,6.20430606139608e-08,1.3,7.96456626856622e-08
3112112,"Clostridium sp. CTA-17",1,6.20430606139608e-08,1,6.2053062423003e-08
2774764,"Enterococcus sp. DIV0510",1,6.20430606139608e-08,1,6.20431460142828e-08
2293013,"Clostridium sp. AF35-15",1,6.20430606139608e-08,1,6.3330667456558e-08
2944172,"Wujia sp.",1,6.20430606139608e-08,1,6.20584893587331e-08
2774713,"Enterococcus sp. DIV2416",1,6.20430606139608e-08,1,6.20431299281664e-08
3231340,"Enterococcus sp. C85",1,6.20430606139608e-08,1,6.20431111866961e-08
2774729,"Enterococcus sp. AZ104",1,6.20430606139608e-08,1,6.20431153023964e-08
3438776,"Collinsella sp. Sow4_E3",1,6.20430606139608e-08,1.3,8.10418999457586e-08
3369477,"unknown genome; accession ID isNZ_CBCPLV010000001.1",1,6.20430606139608e-08,1,6.40684105227115e-08
3369477,"unknown genome; accession ID isNZ_CBCPLV010000002.1",1,6.20430606139608e-08,1,6.32667947135275e-08
2041454,"Junavirus LJ",1,6.20430606139608e-08,1.3,8.0112529389251e-08
2772516,"Aceathervirus RM10",1,6.20430606139608e-08,1,6.20430606248527e-08
1187925,"Alternaria hordeiaustralica",1,6.20430606139608e-08,1,6.20430606139595e-08
394095,"Pyxidicoccus fallax",1,6.20430606139608e-08,1.1,6.99561305350821e-08
3014558,"Streptomyces sp. ActVer",1,6.20430606139608e-08,1,6.35561488578107e-08
2921664,"Paenibacillus sp. FSL R5-0908",1,6.20430606139608e-08,1,6.23214418929558e-08
3691811,"unknown genome; accession ID isNZ_JBVVPY010000132.1",1,6.20430606139608e-08,1,6.20430606139595e-08
1470345,"Bacteroides timonensis",1,6.20430606139608e-08,1,6.2048620427199e-08
631128,"Frankia sp. AgPm24",1,6.20430606139608e-08,1,6.20430606139595e-08
3132704,"Bacteroides sp. f07",1,6.20430606139608e-08,1,6.20444868583564e-08
2850324,"Bacteroides sp. MSK.20.12",1,6.20430606139608e-08,1,6.20434505047494e-08
3074434,"Vallitalea sediminicola",1,6.20430606139608e-08,1,6.20430606170726e-08
2044270,"Klebsiella sp. KG9",1,6.20430606139608e-08,1,6.2610060210489e-08
13725,"Thiocystis violacea",1,6.20430606139608e-08,1,6.22247611142116e-08
3569885,"unknown genome; accession ID isNZ_JBTRAR010000001.1",1,6.20430606139608e-08,1,6.20430606139595e-08
3153453,"Klebsiella sp. GG_Kp142",1,6.20430606139608e-08,1,6.33239631659852e-08
3273430,"Acidovorax sp. BLS4",1,6.20430606139608e-08,1,6.24399451274052e-08
3445291,"Bacillus cereus group sp. BC53",1,6.20430606139608e-08,1,6.20430606139595e-08
3445319,"Bacillus cereus group sp. BC307",1,6.20430606139608e-08,1,6.20430606139595e-08
457388,"Parabacteroides sp. 2_1_7",1,6.20430606139608e-08,1.1,6.60409417774425e-08
2590012,"Lysinibacillus agricola",1,6.20430606139608e-08,1,6.20430606139595e-08
2709390,"Bacteroides sp. ZJ-18",1,6.20430606139608e-08,1.4,8.72441790162639e-08
3159701,"Salmonella sp. s58408",1,6.20430606139608e-08,1,6.21960383021842e-08
2697504,"Bacteroides sp. Marseille-P8574",1,6.20430606139608e-08,1,6.20508866698896e-08
3159636,"Salmonella sp. s30044",1,6.20430606139608e-08,1,6.20430660709996e-08
1851410,"Sphingomonas sp. UV9",1,6.20430606139608e-08,1,6.23319622733042e-08
633415,"Aeromonas sanarellii",1,6.20430606139608e-08,1.1,6.74295815154639e-08
254758,"Siminovitchia fortis",1,6.20430606139608e-08,1.1,6.82692622775142e-08
1642702,"Paludifilum halophilum",1,6.20430606139608e-08,1.1,6.55953743813442e-08
2058896,"Arthrobacter sp. SX1312",1,6.20430606139608e-08,1.1,6.72261220071097e-08
3133171,"Pseudoflavonifractor intestinihominis",1,6.20430606139608e-08,1.1,7.07140239716454e-08
3696646,"unknown genome; accession ID isNZ_JBWLUT010000003.1",1,6.20430606139608e-08,1,6.20448305884718e-08
2763054,"Mediterraneibacter hominis",1,6.20430606139608e-08,1,6.20430613316198e-08
3681962,"unknown genome; accession ID isNZ_CEEDMT010000145.1",1,6.20430606139608e-08,1,6.20430606139595e-08
2293035,"Clostridium sp. AM49-4BH",1,6.20430606139608e-08,1.2,7.2362447405554e-08
3391774,"Agathobaculum sp. TL06",1,6.20430606139608e-08,1,6.20952940606295e-08
3468782,"unknown genome; accession ID isNZ_JBUBHO010000001.1",1,6.20430606139608e-08,1,6.20595211658239e-08
1720193,"Corynebacterium sp. MC3",1,6.20430606139608e-08,1,6.20591927967583e-08
2762565,"Streptococcus sp. 22.1",1,6.20430606139608e-08,1,6.33393969680782e-08
286140,"uncultured Megamonas sp.",1,6.20430606139608e-08,1,6.21186806243526e-08
NA,"unknown genome; accession ID isNZ_CABPDN010000007.1",1,6.20430606139608e-08,1,6.20487094149657e-08
3464625,"unknown genome; accession ID isNZ_JBRFJH010000001.1",1,6.20430606139608e-08,1,6.22019645011771e-08
