"TaxonomyID","Genome","read_count","Proportion","readsEM","EMProportion"
649756,"Anaerostipes hadrus",2520955,0.157970529354218,2517583.5,0.157759263754809
1160721,"Ruminococcus bicirculans (ex Wegman et al. 2014)",2354479,0.147538648640452,2353826.9,0.147497788676704
1196081,"Talaromyces amestolkiae",1355322,0.0849285028036666,1355296.2,0.0849268866324242
817,"Bacteroides fragilis",1165199,0.0730148308212584,1165037.4,0.0730047074171961
1596,"Lactobacillus gasseri",992818,0.0622129252653839,992119.5,0.0621691521492219
2012495,"Lactobacillus panisapium",871120,0.0545869670545672,871683.2,0.0546222588402717
5068,"Aspergillus tubingensis",756300,0.0473920047563701,755569.1,0.0473462038368401
180164,"Blautia schinkii",569237,0.0356700814643685,525983.6,0.0329596937910292
853,"Faecalibacterium prausnitzii",518650,0.0325001497645,509633,0.0319351165538879
3144490,"Blautia sp. 1033sp1_1033st1_G9_1033SCRN_220408",401061,0.0251316737003763,399009.9,0.0250031445133094
301301,"Roseburia hominis",263182,0.0164917659603213,262703,0.0164617477825355
2292960,"Blautia sp. AF19-1",261612,0.0163933850962892,259203.8,0.0162424817449317
562,"Escherichia coli",242358,0.0151868722580251,242239,0.0151794129254782
39491,"Agathobacter rectalis",231691,0.0145184463493431,237609.8,0.0148893358409167
328813,"Alistipes onderdonkii",228239,0.0143021337744138,228249.2,0.0143027736201428
5480,"Candida parapsilosis",223308,0.013993142665788,223304.9,0.0139929463052505
2293160,"Ruminococcus sp. AF20-12LB",210760,0.0132068477091796,220645.8,0.0138263215782728
239935,"Akkermansia muciniphila",175662,0.0110075027628104,175656.7,0.0110071695655805
437897,"Megamonas funiformis",166107,0.0104087580775702,166103.9,0.0104085638848605
626937,"Christensenella minuta",156234,0.00979008656764079,155854.7,0.00976631965680386
871665,"Blautia faecis",141176,0.00884650755452242,162702.7,0.0101954359094228
39486,"Dorea formicigenerans",130831,0.00819825912241261,138258.6,0.00866369309700795
261299,"Intestinibacter bartlettii",128383,0.00804486017008735,128656.3,0.00806198578917319
1496,"Clostridioides difficile",109435,0.0068575222008639,111956.7,0.0070155408670761
1304,"Streptococcus salivarius",106970,0.00670305797803638,106991.9,0.006704433098852
89153,"[Clostridium] hylemonae",104118,0.00652434318553979,104408.7,0.00654255965545498
1720300,"Mediterraneibacter massiliensis",90471,0.0056691816241089,91108.6,0.00570913633761444
154288,"Turicibacter sanguinis",77457,0.00485368572314447,77456.7,0.00485366895102392
823,"Parabacteroides distasonis",77074,0.00482968580535829,76951.5,0.00482200850335122
626935,"Collinsella tanakaei",66656,0.00417686297638584,66746.2,0.00418251702477335
40520,"Blautia obeum",57051,0.00357498514260964,65904.8,0.00412979208225619
1311,"Streptococcus agalactiae",56270,0.00352604536247646,57342.3,0.0035932380441757
2293154,"Ruminococcus sp. AF17-6",55880,0.00350160680389523,47853.1,0.00299861475703939
2003188,"Parolsenella catena",50923,0.00319098645803072,50846.4,0.00318618711417835
1929886,"Eggerthella sp.",47291,0.00296339454837168,47226.5,0.00295934978182997
2981726,"Hominimerdicola aceti",43221,0.00270835625753679,43597.7,0.00273195852091767
1323,"Faecalicoccus pleomorphus",41978,0.00263046618493046,42036.8,0.00263415232108425
28118,"Odoribacter splanchnicus",41508,0.00260101458869154,41522.3,0.00260191055601381
330879,"Aspergillus fumigatus",40575,0.00254255003700875,40570.9,0.00254229489820678
1108849,"Penicillium rubens",39187,0.00245557383364786,39188.2,0.00245564606944721
27288,"Naumovozyma castellii",38078,0.00238608059911816,38078.3,0.00238609639703017
2883190,"Ruminococcus sp. TM463",37704,0.00236264464806846,41751.8,0.00261629092572727
187327,"Acidaminococcus intestini",30793,0.00192958085741492,30824.9,0.00193157735403066
1186058,"Trichosporon asahii",30123,0.00188759666703178,30123.1,0.00188759990818322
2787108,"Romboutsia sp. 1001713B170131_170501_G6",28274,0.00177173283416846,28278.6,0.0017720234517142
2293216,"Ruminococcus sp. AM43-6",28195,0.0017667824594815,31153.2,0.00195214974971892
1448317,"Aspergillus costaricensis",25941,0.00162554012347613,24119.5,0.00151139940820316
33038,"Mediterraneibacter gnavus",25095,0.00157252725024608,25628.3,0.0016059439091636
1679,"Bifidobacterium longum",20423,0.00127976585103708,20450.9,0.00128151271450087
2981728,"Huintestinicola butyrica",14540,0.000911119594284836,14180,0.000888560482471712
2508195,"Phapecoctavirus schickermooser",14343,0.000898774989052779,14324,0.000897584888111481
2292375,"Ruminococcus sp. OM06-36AC",12697,0.000795631739245844,13191.1,0.000826590944151883
1358,"Lactococcus lactis",12308,0.000771255843635335,12207.3,0.000764948809869151
35833,"Bilophila wadsworthia",12237,0.000766806772714136,12237.1,0.000766811535020107
208479,"Enterocloster bolteae",10719,0.000671684383159502,10719.5,0.000671714682043836
342942,"Mediterraneibacter glycyrrhizinilyticus",10551,0.000661157004078357,10598.2,0.000664115210226992
2589652,"Henuseptimavirus henu7",9620,0.00060281777833701,9619.3,0.000602775746075841
1597,"Lacticaseibacillus paracasei",9587,0.000600749900303214,9224.7,0.000578048820099783
525326,"Lactobacillus paragasseri",8400,0.000526368954057264,8350.9,0.000523291500887821
1303,"Streptococcus oralis",7918,0.000496165402169693,7910.1,0.000495669502793804
28116,"Bacteroides ovatus",7758,0.000486139326854316,7834.4,0.000490923982357328
1448310,"Aspergillus neoniger",7651,0.000479434388987158,9603.2,0.000601767894893526
1150298,"Fusicatenibacter saccharivorans",7597,0.000476050588568219,6667.6,0.000417810944846198
2841536,"Ruminococcus sp. MSJ-25",7552,0.000473230754885769,8746.2,0.000548065789453027
1675602,"Moonvirus merlin",7126,0.000446536329358579,7126,0.00044653632935858
1245,"Leuconostoc mesenteroides",7094,0.000444531114295504,7130.7,0.000446831130731746
2086583,"Pseudoruminococcus massiliensis",7063,0.00044258856220315,6479.1,0.000405999765235379
53443,"Blautia hydrogenotrophica",6893,0.000431935857180562,6901.7,0.000432481632805187
1540098,"Seuratvirus seurat",6875,0.000430807923707582,6875.1,0.000430811610600121
3141606,"Ruminococcus sp. RTP21359st1_H3_RTP21359_211015",6563,0.000411257076842598,7510.9,0.000470653020335424
166486,"Roseburia intestinalis",6148,0.000385251943993341,5852.4,0.000366729719068566
1391223,"Gamaleyavirus APEC7",6127,0.000383936021608198,6107.4,0.000382707491223804
2762819,"Eowynvirus eowyn",6078,0.000380865536042863,6078,0.000380865536042864
2508193,"Wifcevirus WFC",5887,0.000368896908635133,5887,0.000368896908635133
1636564,"Skunavirus sv193",5611,0.000351601928716108,4761.1,0.000298346949139439
2711185,"Kuravirus MN05",5595,0.000350599321184571,5558.1,0.00034828483202576
1448311,"Aspergillus vadensis",5257,0.000329419237080838,5327.1,0.000333812556852755
2508180,"Tequatrovirus kaw",4944,0.000309805727245133,4746.7,0.000297443904382989
29363,"Clostridium paraputrificum",4907,0.000307487197328452,4907.1,0.000307491198915649
103621,"Actinomyces urogenitalis",4860,0.00030454203770456,4852.3,0.000304057803397455
1880822,"Klebsiella virus PMBT1",4790,0.000300155629754083,4787.6,0.000300007091620993
2883233,"Ruminococcus sp. 210702-SL.1.03",4591,0.000287685698580583,4542.3,0.000284635940497089
858893,"Exophiala dermatitidis",4201,0.000263247139999353,4201,0.000263247139358236
532075,"Kayfunavirus EcoDS1",4181,0.000261993880584931,3926.1,0.000246022166199267
2910155,"Carltongylesvirus SKA49",4108,0.000257419483722291,4108,0.000257419483722291
246787,"Bacteroides cellulosilyticus",4057,0.000254223672215515,4103.1,0.000257109414965464
594,"Salmonella enterica",4002,0.000250777208825854,3919.9,0.000245632466596362
2029658,"Skunavirus sv05601",3950,0.000247518734348356,3741.5,0.00023445440311668
1624,"Ligilactobacillus salivarius",3554,0.0002227041979428,3358.8,0.000210472372461054
2293202,"Ruminococcus sp. AM31-15AC",3478,0.000217941812167996,3703.4,0.00023206577665475
1041524,"Przondovirus K30",3438,0.000215435293339152,3438,0.000215435293339152
1351,"Enterococcus faecalis",3409,0.00021361806718824,2892.8,0.000181271697181551
573,"Klebsiella pneumoniae",3400,0.00021305410045175,3254.9,0.000203964650939051
1686,"Bifidobacterium catenulatum",3284,0.000205785195848102,3168.7,0.000198557342778727
2839759,"Enterococcus innesii",3230,0.000202401395429162,3183.5,0.000199489715629801
948870,"Justusliebigvirus phi92",3128,0.00019600977241561,3128.9,0.000196064155003272
1567028,"Gaprivervirus vr25",3100,0.000194255209235419,3111,0.000194946340678207
1982628,"Faecalibacillus faecis",2995,0.000187675597309703,3859.3,0.000241834879329449
1309,"Streptococcus mutans",2938,0.0001841038079786,2946.7,0.000184651052985783
1314,"Streptococcus pyogenes",2842,0.000178088162789374,2837.8,0.000177824856096713
508451,"Lactobacillus taiwanensis",2841,0.000178025499818653,2687.2,0.000168388275531422
1981500,"Vequintavirus V18",2805,0.000175769632872694,2805.6,0.000175806934094145
1675603,"Mooglevirus mordin",2759,0.000172887136219523,2759,0.000172887136219523
1590,"Lactiplantibacillus plantarum",2731,0.000171132573039332,3179,0.000199203738741621
1527524,"Pseudotevenvirus miller",2719,0.000170380617390679,2721.4,0.00017052915552377
2293123,"Parabacteroides sp. OF01-14",2667,0.000167122142913181,2677.5,0.000167777895387859
2585119,"Alistipes dispar",2637,0.000165242253791548,2640.7,0.000165474775076961
2763051,"Lachnospira hominis (ex Liu et al. 2021)",2637,0.000165242253791548,2535.2,0.000158863431838565
47858,"Micromonospora echinofusca",2630,0.000164803612996501,2422.5,0.000151798051790954
2293178,"Ruminococcus sp. AF37-20",2493,0.00015621878600771,2655.7,0.000166415670333374
592978,"Mediterraneibacter faecis",2472,0.000154902863622566,2372.8,0.000148686282838626
1971758,"Faecalicoccus sp.",2427,0.000152083029940117,2613,0.000163740742441288
1579,"Lactobacillus acidophilus",2388,0.000149639174081994,2380.2,0.000149150116089212
2172043,"Bifidobacterium tibiigranuli",2337,0.000146443362575217,2042.2,0.000127971613790023
2021311,"Agathobacter sp.",2307,0.000144563473453584,2311.3,0.000144833683216165
1448313,"Aspergillus piperis",2302,0.000144250158599979,2595.8,0.000162660174328061
2885687,"Escherichia phage NTEC3",2285,0.00014318488809772,2285.5,0.000143216406678522
2029667,"Skunavirus sv57001",2275,0.000142558258390509,2702.4,0.00016933792589506
654,"Aeromonas veronii",2246,0.000140741032239597,2241,0.000140428251049531
2860374,"Suseptimavirus IME267",2232,0.000139863750649502,2259.5,0.000141587015357646
581037,"Pbunavirus pv141",2102,0.000131717564455758,2102,0.000131717564455759
1703332,"Butyribacter intestini",2087,0.000130777619894942,2058.2,0.000128972900328493
2508187,"Dhillonvirus WF1",2029,0.000127143167593118,1963.2,0.000123017464259736
1642588,"Septimatrevirus DLP1",2005,0.000125639256295811,2005,0.000125639256295812
571,"Klebsiella oxytoca",1982,0.000124198007969226,2018.1,0.000126458632723406
2675249,"Skunavirus CHPC361",1979,0.000124010019057063,2319.1,0.000145322643435683
3038130,"Hominisplanchenecus sp.",1945,0.000121879478052545,1962.3,0.000122962047109395
2981789,"Dorea amylophila",1932,0.000121064859433171,2056.3,0.000128851838030347
39483,"Faecalitalea cylindroides",1929,0.000120876870521008,2076.1,0.000130095471576582
188913,"Cetobacterium somerae",1915,0.000119999588930912,1915,0.000119998113614881
1069201,"Aspergillus luchuensis",1911,0.000119748937048028,2168.1,0.000135858942074788
518,"Bordetella bronchiseptica",1880,0.000117806384955673,1909.7,0.000119665533127738
3143213,"Lactobacillus sp. RTP31084st1_A10_RTP31084_210423",1827,0.000114485247507455,1961.8,0.000122935211844104
2986405,"Kahnovirus copri",1822,0.000114171932653849,1822,0.00011417193265385
2952921,"Faecousia sp.",1767,0.000110725469264189,2014.2,0.000126216059258285
626939,"Phascolarctobacterium succinatutens",1763,0.000110474817381304,1762,0.000110410370077898
1636586,"Skunavirus M1127",1743,0.000109221557966882,1952.6,0.000122354335552392
360807,"Roseburia inulinivorans",1731,0.000108469602318229,1683.1,0.000105468418864766
1567007,"Tequintavirus DT5712",1681,0.000105336453782174,1681,0.000105335099803645
3133162,"Ruminococcoides intestinale",1567,9.81928751199683e-05,1572.2,9.85177565298326e-05
2029671,"Skunavirus sv66901",1516,9.4997063613192e-05,1891.2,0.000118510645670571
33959,"Lactobacillus johnsonii",1515,9.49344006424709e-05,1691.7,0.000106006017753694
1896967,"Akkermansia sp. 54_46",1392,8.72268552437752e-05,1336.5,8.3748906154954e-05
2601632,"Pawinskivirus PS119XW",1377,8.62869106829587e-05,1377,8.62869106829589e-05
1290,"Staphylococcus hominis",1355,8.49083253270944e-05,1351.2,8.4667618173176e-05
3141601,"Ruminococcus sp. RTP21198st1_G1_RTP21198_201120",1315,8.24018064982503e-05,1377.8,8.63359181798386e-05
2859655,"Philippevirus philippe",1303,8.16498508495971e-05,1303,8.16498508495972e-05
33894,"Mycobacterium tuberculosis",1267,7.93939839036374e-05,1194.7,7.48649096209286e-05
1439894,"Alcyoneusvirus K641",1257,7.87673541964264e-05,1257,7.87673541964265e-05
3114282,"Streptococcus parasalivarius",1216,7.61981723968611e-05,1001.3,6.27439111776886e-05
84112,"Eggerthella lenta",1211,7.58848575432556e-05,1240.6,7.77404355717932e-05
1965304,"Intestinibacter sp.",1206,7.55715426896501e-05,1212.3,7.5967650316357e-05
2886925,"Enquatrovirus N4",1203,7.53835537774868e-05,1203,7.53835537774869e-05
3143190,"Intestinimonas sp. RTP31139st1_F5_RTP31139_211217",1167,7.31276868315271e-05,1141.7,7.15412755652883e-05
1448314,"Aspergillus eucalypticola",1166,7.3065023860806e-05,1167.9,7.31830306957216e-05
2709391,"Bacteroides sp. ZJ-21",1165,7.30023608900849e-05,1145.5,7.17819344057203e-05
1788294,"Kayfunavirus 101118UKE1",1128,7.06838309734041e-05,1382.9,8.66555453590684e-05
338102,"Alphatrevirus ID32",1114,6.98065493833086e-05,1102.5,6.90887890362948e-05
1495285,"Tequatrovirus e112",1091,6.83653010567233e-05,1258.9,7.88895331814241e-05
1930076,"Leuconostoc sp.",1076,6.74253564959067e-05,1115.4,6.9895731976405e-05
2024334,"Ceduovirus cv05802",1048,6.56707933157159e-05,1035.3,6.48780332191437e-05
2508185,"Dhillonvirus PTXU06",1047,6.56081303449947e-05,1020.3,6.39366343609962e-05
2986411,"Cohcovirus splanchnicus",1029,6.44801968720149e-05,1103,6.91200560165352e-05
1527506,"Teseptimavirus CICC80001",1025,6.42295449891305e-05,1024.9,6.42215875160628e-05
1933774,"Loudonvirus EC3a",1022,6.40415560769672e-05,1053.2,6.59966027447534e-05
45851,"Eshraghiella crossota",981,6.1472374277402e-05,1007.7,6.31443465317004e-05
1203033,"Lactobacillus hominis",938,5.87778665363945e-05,999.3,6.26167845872286e-05
2994041,"Rtpvirus Rtp",938,5.87778665363945e-05,906.8,5.68228198686085e-05
910310,"Turicibacter sp. HGF1",932,5.84018887120679e-05,930.9,5.83315952484107e-05
2591382,"Dysosmobacter sp.",907,5.68353144440403e-05,900.9,5.64514220446031e-05
3101048,"Candidatus Pseudoruminococcus sp.",907,5.68353144440403e-05,1180.5,7.39754991493743e-05
1211280,"Tulanevirus ime13",906,5.67726514733192e-05,906,5.67726514733193e-05
328812,"Parabacteroides goldsteinii",869,5.44541215566384e-05,860.2,5.39001347278532e-05
2584622,"Akkermansia sp. BIOML-A66",849,5.32008621422164e-05,822.5,5.15422174790263e-05
3029762,"Bacillus sp. 159",841,5.26995583764475e-05,916.7,5.74407320711852e-05
1265,"Ruminococcus flavefaciens",840,5.26368954057264e-05,847.9,5.31289906427667e-05
2993455,"Lactobacillus isalae",838,5.25115694642842e-05,838.3,5.25294333987095e-05
40545,"Sutterella wadsworthensis",807,5.056901737193e-05,807,5.05692086292748e-05
2163605,"Wroclawvirus PA5oct",798,5.00050506354401e-05,798,5.00050506354402e-05
1211819,"Holdemania massiliensis",781,4.89397801331814e-05,780.1,4.88818628191352e-05
2981794,"Roseburia amylophila",777,4.8689128250297e-05,862.6,5.40550110985029e-05
2315629,"Tlsvirus blueshaddow",771,4.83131504259703e-05,771.7,4.83551825445298e-05
1768767,"Streptococcus sp. CCH8-H5",757,4.74358688358749e-05,744.3,4.66385216789149e-05
1965472,"Audreyjarvisvirus AM4",736,4.61199464507317e-05,736,4.61211453405555e-05
2892346,"Skunavirus sv712",736,4.61199464507317e-05,798,5.0005403682274e-05
2853091,"Gamaleyavirus U1g",726,4.54933167435207e-05,744.8,4.66714837990416e-05
536633,"Blautia glucerasea",722,4.52426648606363e-05,741.6,4.64734902125556e-05
2498453,"Geminicoccus harenae",720,4.51173389191941e-05,1068.5,6.69549537450272e-05
326423,"Bacillus velezensis",717,4.49293500070308e-05,791.1,4.95727828457327e-05
1872530,"Anaerostipes sp.",715,4.48040240655886e-05,723.5,4.53393563085686e-05
36656,"Penicillium crustosum",698,4.37387535633298e-05,688.9,4.31715586932687e-05
871324,"Bacteroides stercorirosoris",681,4.26734830610711e-05,676.2,4.23745690227242e-05
1816688,"Ruminococcus sp. Marseille-P328",667,4.17962014709756e-05,652.4,4.08836394288929e-05
2497436,"Enterobacter quasiroggenkampii",666,4.17335385002545e-05,662.7,4.15272438029179e-05
1868853,"Vedamuthuvirus vv62503",661,4.1420223646649e-05,662.5,4.15136143378119e-05
1579339,"Streptococcus sp. 449_SSPC",644,4.03549531443903e-05,644.2,4.03698845093864e-05
1428,"Bacillus thuringiensis",643,4.02922901736692e-05,741.1,4.64366451329128e-05
2305483,"Ceduovirus blBB94p4",637,3.99163123493426e-05,649.1,4.06723778189896e-05
28026,"Bifidobacterium pseudocatenulatum",633,3.96656604664581e-05,763.1,4.78157615233247e-05
2029662,"Skunavirus sv38503",631,3.95403345250159e-05,713.9,4.47350737843837e-05
1318,"Streptococcus parasanguinis",627,3.92896826421315e-05,617,3.86648296872443e-05
2986398,"Jahgtovirus intestinalis",615,3.85377269934783e-05,615,3.85377269934784e-05
1262962,"Ruminococcus sp. CAG:57",606,3.79737602569884e-05,625.9,3.92230415547812e-05
3438734,"Agathobacter sp. LCP21S3_B2",604,3.78484343155462e-05,797.8,4.99940477328501e-05
2981786,"Coprococcus aceti",602,3.7723108374104e-05,428.3,2.68362774193813e-05
88431,"Dorea longicatena",591,3.70338156961718e-05,630.6,3.95143343496486e-05
46228,"[Ruminococcus] lactaris",587,3.67831638132874e-05,625.8,3.92162685796249e-05
1945963,"Akkermansia sp. UBA3271",556,3.48406117209332e-05,594.7,3.72643725220677e-05
1559,"Clostridium tertium",547,3.42766449844433e-05,547,3.42773899128557e-05
2865806,"Dhillonvirus CHD5UKE2",546,3.42139820137222e-05,579.7,3.63230521700678e-05
2949657,"Parabacteroides sp. B2-S-102",540,3.38380041893956e-05,598.2,3.74844387833733e-05
2894747,"Dhillonvirus JLBYU37",533,3.33993633943479e-05,563.5,3.53077021094807e-05
1589,"Lactiplantibacillus pentosus",532,3.33367004236267e-05,544.2,3.4101783903791e-05
1280,"Staphylococcus aureus",484,3.03288778290138e-05,603,3.77863495448595e-05
2292002,"Bacteroides sp. AM16-24",483,3.02662148582927e-05,492.4,3.0855655345546e-05
3438916,"Bulleidia sp. HCP3S3_G12",475,2.97649110925239e-05,466.9,2.92560591334715e-05
227943,"Limosilactobacillus antri",459,2.87623035609862e-05,467.4,2.92899623698373e-05
1897495,"Phapecoctavirus ESCO5",456,2.85743146488229e-05,469.4,2.9414460427336e-05
197614,"Streptococcus pasteurianus",455,2.85116516781018e-05,449.9,2.81943641763326e-05
2592644,"Clostridium sp. MCC344",449,2.81356738537752e-05,461.7,2.89337127378644e-05
3438797,"Parolsenella sp. LCP21S3_E11",445,2.78850219708908e-05,441.8,2.7681636768968e-05
46503,"Parabacteroides merdae",436,2.73210552344009e-05,441.7,2.76754694814087e-05
2292974,"Blautia sp. AM28-36",435,2.72583922636798e-05,429.3,2.69003653115622e-05
2963958,"Citrobacter sp. Igbk 16",425,2.66317625564687e-05,406.4,2.54659654544062e-05
1264,"Ruminococcus albus",422,2.64437736443054e-05,423.1,2.65130765724356e-05
682382,"HMO Astrovirus A",422,2.64437736443054e-05,422,2.64437736443055e-05
2292248,"Ruminococcus sp. AF17-22AC",414,2.59424698785366e-05,448.5,2.81018596010913e-05
116085,"Coprococcus catus",412,2.58171439370944e-05,388.7,2.4354868812836e-05
1547,"Thomasclavelia ramosa",409,2.56291550249311e-05,404.9,2.53709331300028e-05
2093857,"Dysosmobacter welbionis",391,2.45012215519512e-05,380.9,2.38685242369852e-05
1352,"Enterococcus faecium",390,2.44385585812301e-05,401.5,2.51561341319944e-05
2083008,"uncultured Parolsenella sp.",388,2.43132326397879e-05,378.7,2.37296711397798e-05
3252638,"Catenibacterium sp. GCM10023432",380,2.38119288740191e-05,361.8,2.26702850119113e-05
1945634,"Butyricicoccus porcorum",378,2.36866029325769e-05,371.7,2.32915075366493e-05
78345,"Bifidobacterium merycicum",373,2.33732880789714e-05,375.1,2.35053234578364e-05
2562174,"Bimevirus IME346",368,2.30599732253659e-05,368.1,2.30675765653103e-05
1161415,"Streptococcus sp. BS29a",366,2.29346472839237e-05,383.8,2.40476853642617e-05
3133499,"Maccoyibacter intestinihominis",355,2.22453546059915e-05,281.9,1.76655225468327e-05
3141602,"Ruminococcus sp. RTP21204st1_B2_RTP21204_210225",353,2.21200286645493e-05,367.6,2.30374356393471e-05
2509240,"Blautia faecicola",351,2.19947027231071e-05,353.4,2.21433123394609e-05
1346893,"Scuticavirus SMA6",343,2.14933989573383e-05,342.9,2.14880650862644e-05
1637508,"Ruminococcus sp. N15.MGS-57",338,2.11800841037328e-05,358,2.24331707564487e-05
1839799,"Streptococcus sp. FDAARGOS_192",337,2.11174211330117e-05,333.7,2.09094554112838e-05
2025877,"Parabacteroides sp. AT13",329,2.06161173672429e-05,338.6,2.12145688173704e-05
1776384,"Emergencia timonensis",329,2.06161173672429e-05,329.3,2.06322196755905e-05
1161417,"Streptococcus sp. SR4",327,2.04907914258006e-05,314.7,1.97211932673878e-05
2763672,"Simiaoa sunii",325,2.03654654843584e-05,352.8,2.21088111919199e-05
1870993,"Coprococcus phoceensis",317,1.98641617185896e-05,324.6,2.03379111723601e-05
666,"Vibrio cholerae",316,1.98014987478685e-05,315.9,1.97960440991485e-05
820,"Bacteroides uniformis",314,1.96761728064263e-05,324.1,2.03072435522435e-05
2986396,"Kingevirus communis",313,1.96135098357052e-05,313,1.96135098357052e-05
1604355,"Suseptimavirus ECBP2",304,1.90495430992153e-05,313.3,1.96331045916919e-05
2292966,"Blautia sp. AF26-2",302,1.89242171577731e-05,280,1.75429671692534e-05
3438232,"unknown genome; accession ID isNZ_CP195165.1",300,1.87988912163309e-05,264.4,1.65682218222604e-05
2981769,"Waltera acetigignens",297,1.86109023041676e-05,330.4,2.0706347705781e-05
1078089,"Bacteroides sp. HPS0048",288,1.80469355676776e-05,284.1,1.78052262056434e-05
1867125,"Protoparvovirus primate3",284,1.77962836847932e-05,284,1.77962836847933e-05
338106,"Alphatrevirus NC28",281,1.76082947726299e-05,286.1,1.79249382310967e-05
195,"Campylobacter coli",280,1.75456318019088e-05,285.2,1.78716851771421e-05
1262980,"Veillonella sp. CAG:933",272,1.704432803614e-05,309.5,1.93922451207602e-05
2029673,"Skunavirus sv88605",267,1.67310131825345e-05,278.4,1.74484898822259e-05
1262954,"Ruminococcus sp. CAG:330",266,1.66683502118134e-05,266.1,1.66747380512904e-05
1735,"Holdemanella biformis",265,1.66056872410923e-05,231.3,1.44935203813004e-05
698487,"Kagunavirus K1H",265,1.66056872410923e-05,270,1.69203176915601e-05
2714353,"Vescimonas fastidiosa",256,1.60417205046023e-05,267.4,1.67543628029533e-05
210,"Helicobacter pylori",254,1.59163945631601e-05,255.5,1.60085403696928e-05
2763023,"Bacteroides hominis",253,1.5853731592439e-05,274.1,1.71771649724342e-05
858632,"Streptomyces sp. JV178",253,1.5853731592439e-05,243.2,1.52394699682962e-05
29466,"Veillonella parvula",248,1.55404167388335e-05,248,1.55421302816707e-05
2997954,"Coprococcus sp. LG101-27",247,1.54777537681124e-05,243.2,1.52412689432601e-05
1502,"Clostridium perfringens",243,1.5227101885228e-05,262.4,1.64437542189632e-05
3133167,"Faecousia intestinalis",243,1.5227101885228e-05,284.5,1.78303716555991e-05
2890409,"Candidatus Nitrotoga sp. M5",239,1.49764500023436e-05,224.9,1.40951423140656e-05
1308,"Streptococcus thermophilus",235,1.47257981194592e-05,281.1,1.76119840202723e-05
78259,"Scardovia inopinata",233,1.4600472178017e-05,234.1,1.46687452527739e-05
1587,"Lactobacillus helveticus",232,1.45378092072959e-05,233.4,1.4623524428421e-05
670,"Vibrio parahaemolyticus",232,1.45378092072959e-05,226.1,1.41655136513957e-05
2291999,"Bacteroides sp. AF39-11AC",232,1.45378092072959e-05,231.4,1.45012811343781e-05
47715,"Lacticaseibacillus rhamnosus",229,1.43498202951326e-05,230.3,1.44328720589775e-05
2292366,"Roseburia sp. AM51-8",229,1.43498202951326e-05,240.3,1.50566059032916e-05
37734,"Enterococcus casseliflavus",222,1.39111795000848e-05,239.3,1.49928298810392e-05
1572753,"Berlinvirus P483",218,1.36605276172004e-05,218.1,1.36685207236326e-05
1579342,"Streptococcus sp. 343_SSPC",217,1.35978646464793e-05,220.4,1.38096396606019e-05
2488596,"Dhillonvirus PNS1",217,1.35978646464793e-05,232.5,1.45720053037588e-05
1550024,"Ruthenibacterium lactatiformans",213,1.33472127635949e-05,216.4,1.35608182504901e-05
2292004,"Butyricicoccus sp. AM05-1",213,1.33472127635949e-05,174.6,1.09418668845362e-05
1297123,"Mycobacterium leprae",212,1.32845497928738e-05,212.6,1.33206314983236e-05
2714735,"Hanrivervirus PGN590",211,1.32218868221527e-05,211,1.32218868221527e-05
1820159,"Porprismacovirus humas3",205,1.28459089978261e-05,205,1.28459089978261e-05
1739381,"Streptococcus sp. HMSC072D03",202,1.26579200856628e-05,207.1,1.29794938950775e-05
1261635,"Roseburia sp. 831b",192,1.20312903784518e-05,169.5,1.06214987193606e-05
1033731,"Alistipes timonensis",190,1.19059644370096e-05,184.9,1.15837251144655e-05
1531,"Enterocloster clostridioformis",189,1.18433014662884e-05,204.7,1.28256128803814e-05
550,"Enterobacter cloacae",188,1.17806384955673e-05,190.7,1.19494348809773e-05
3053355,"Streptococcus raffinosi",188,1.17806384955673e-05,213.7,1.33933291339793e-05
574649,"Agrococcus terreus",188,1.17806384955673e-05,219.8,1.37759411819436e-05
2789016,"Qubevirus durum",188,1.17806384955673e-05,188,1.17806384955674e-05
2981770,"Gallintestinimicrobium propionicum",185,1.1592649583404e-05,189.1,1.18476777829568e-05
1768764,"Streptococcus sp. CCH5-D3",185,1.1592649583404e-05,208.5,1.30677804885916e-05
548,"Klebsiella aerogenes",183,1.14673236419618e-05,183.2,1.14775170189442e-05
5076,"Penicillium chrysogenum",183,1.14673236419618e-05,184.5,1.15597534143087e-05
2293152,"Ruminococcus sp. AF17-1AC",180,1.12793347297985e-05,178.5,1.11840973407972e-05
1141141,"Tequatrovirus c40",178,1.11540087883563e-05,193.5,1.21242979433606e-05
1681,"Bifidobacterium bifidum",177,1.10913458176352e-05,178.4,1.11789635249016e-05
1397112,"Patiriisocius marinus",176,1.10286828469141e-05,180.7,1.13244292557969e-05
2681630,"Eganvirus ev186",174,1.09033569054719e-05,174.3,1.09202061127865e-05
1601,"Ligilactobacillus agilis",173,1.08406939347508e-05,160.6,1.00643409715983e-05
1971762,"Holdemanella sp.",169,1.05900420518664e-05,207.6,1.30092211174712e-05
1920491,"Pseudomonas sp. FSL W5-0203",167,1.04647161104242e-05,197.1,1.23497082335578e-05
2986996,"Ruminococcus sp. 1001136sp1",166,1.04020531397031e-05,170.4,1.06780010870887e-05
3438938,"Dysosmobacter sp. HCP28S3_G4",166,1.04020531397031e-05,161.6,1.01268749728232e-05
2358141,"Anaerotignum faecicola",165,1.0339390168982e-05,149.9,9.39183516851423e-06
2883208,"Dorea sp. 210702-DFI.3.17",165,1.0339390168982e-05,168.6,1.05624981988291e-05
2041044,"Eubacterium maltosivorans",164,1.02767271982609e-05,164,1.02795452533556e-05
2083006,"Parolsenella sp.",161,1.00887382860976e-05,166.9,1.04553721565194e-05
214856,"Alistipes finegoldii",155,9.71276046177095e-06,146.2,9.16298464749689e-06
647910,"Listeria rocourtiae",155,9.71276046177095e-06,142.8,8.94696837272679e-06
2478954,"Catenibacterium sp. co_0103",153,9.58743452032875e-06,159.8,1.00147543913834e-05
1965305,"Terrisporobacter sp.",151,9.46210857888654e-06,142.9,8.95214058887605e-06
338110,"Alphatrevirus NC29",143,8.96080481311772e-06,148.8,9.32240836653595e-06
1297617,"Intestinimonas butyriciproducens",141,8.83547887167551e-06,163,1.02146505642581e-05
133926,"Olsenella uli",141,8.83547887167551e-06,142.6,8.93697762842748e-06
2080749,"Dorea sp. Marseille-P4042",141,8.83547887167551e-06,151.3,9.48280998417683e-06
3420949,"Kitasatospora sp. LaBMicrA B282",139,8.7101529302333e-06,145,9.08346232462626e-06
1739483,"Streptococcus sp. HMSC078H12",137,8.5848269887911e-06,167.2,1.04795655741182e-05
2292962,"Blautia sp. AF19-13LB",135,8.45950104734889e-06,128,8.01955604671651e-06
2957767,"Vibrio sp. Y28_XK_CS4",135,8.45950104734889e-06,136.4,8.54908934012702e-06
2058896,"Arthrobacter sp. SX1312",133,8.33417510590669e-06,122.1,7.65036284550696e-06
1969173,"Blautia sp. LMAG:89",132,8.27151213518558e-06,135,8.45940659511722e-06
2315527,"Justusliebigvirus PD06",127,7.95819728158007e-06,132.1,8.27745986346461e-06
716544,"Waddlia chondrophila",126,7.89553431085897e-06,130.6,8.18563572937582e-06
2316726,"Corallococcus sicarius",126,7.89553431085897e-06,130.6,8.1811766042295e-06
821,"Phocaeicola vulgatus",125,7.83287134013786e-06,123.3,7.7283045613152e-06
2927224,"Akkermansia massiliensis",125,7.83287134013786e-06,123.7,7.74965862573183e-06
2975324,"Streptococcus sp. FSL R7-0248",125,7.83287134013786e-06,143.6,8.99729504587383e-06
169435,"Anaerotruncus colihominis",124,7.77020836941676e-06,141.7,8.87720632463191e-06
2316025,"Mediterraneibacter butyricigenes",123,7.70754539869566e-06,150.5,9.4285700832445e-06
301302,"Roseburia faecis",120,7.51955648653235e-06,116.8,7.31979643824588e-06
3018253,"Streptococcus sp. SS4",120,7.51955648653235e-06,151.8,9.51444617978194e-06
1341132,"Aspergillus welwitschiae",119,7.45689351581125e-06,131.4,8.23329421192634e-06
2292993,"Clostridium sp. AF02-29",118,7.39423054509014e-06,114.6,7.17859453786744e-06
3138491,"Aeromonas sp. s7(2024)",117,7.33156757436904e-06,122.6,7.68307247826107e-06
1522,"[Clostridium] innocuum",115,7.20624163292683e-06,122,7.64624726237982e-06
60171,"Penicillium verrucosum",114,7.14357866220573e-06,122.1,7.65306139355132e-06
1737424,"Blautia massiliensis (ex Durand et al. 2017)",113,7.08091569148463e-06,103.8,6.50298453493034e-06
1305,"Streptococcus sanguinis",112,7.01825272076353e-06,110.5,6.92402780371105e-06
2763028,"Blautia intestinalis",111,6.95558975004242e-06,141.5,8.86504180599679e-06
3458240,"unknown genome; accession ID isNZ_JBQSUN010000001.1",111,6.95558975004242e-06,112.4,7.0402142092105e-06
328814,"Alistipes shahii",110,6.89292677932132e-06,122,7.64193749721728e-06
767769,"Aspergillus brasiliensis",110,6.89292677932132e-06,110.9,6.94665660725013e-06
684066,"Streptococcus lactarius",109,6.83026380860022e-06,112.6,7.05610684043828e-06
457387,"Bacteroides sp. 1_1_30",108,6.76760083787911e-06,109.4,6.85517630100281e-06
1874589,"Skunavirus sv3R16S",107,6.70493786715801e-06,110.8,6.94220971008085e-06
33039,"[Ruminococcus] torques",106,6.64227489643691e-06,155.4,9.73532690115323e-06
358743,"Enterocloster citroniae",105,6.57961192571581e-06,112.6,7.05367945228201e-06
2943492,"Corynebacterium intestinale",105,6.57961192571581e-06,105,6.5795857437162e-06
165179,"Segatella copri",104,6.5169489549947e-06,103.6,6.48956949759965e-06
2762571,"Streptococcus sp. 9.1",101,6.32896004283139e-06,115.3,7.22705297911785e-06
44273,"Lactococcus sp.",99,6.20363410138919e-06,124.3,7.79210508030514e-06
2293033,"Clostridium sp. AM46-21",99,6.20363410138919e-06,121.5,7.61404123180656e-06
3159658,"Salmonella sp. s52026",99,6.20363410138919e-06,113.5,7.11493011166502e-06
2293103,"Eubacterium sp. AF15-50",96,6.01564518922588e-06,96.9,6.07433567444766e-06
1415627,"Gyrovirus homsa4",95,5.95298221850478e-06,95,5.95298221850479e-06
213775,"Lactococcus virus jj50",93,5.82765627706257e-06,102.3,6.40848391133249e-06
1282,"Staphylococcus epidermidis",91,5.70233033562036e-06,92.7,5.80834503318088e-06
1247113,"Astrovirus VA4",91,5.70233033562036e-06,91,5.70233033562037e-06
2507160,"Aminipila luticellarii",88,5.51434142345706e-06,88,5.51434153171558e-06
1905700,"Brucella sp. CMUL 036",86,5.38901548201485e-06,83.7,5.24437525996634e-06
2584624,"Blautia sp. BIOML-A1",86,5.38901548201485e-06,89.7,5.617881314715e-06
504,"Kingella kingae",83,5.20102656985154e-06,83,5.20102656985155e-06
2789289,"Amycolatopsis sp. lyj-346",83,5.20102656985154e-06,80.5,5.04589294807028e-06
672,"Vibrio vulnificus",82,5.13836359913044e-06,73.2,4.5843718030997e-06
1796622,"Extibacter muris",81,5.07570062840934e-06,81,5.07585644651488e-06
1637502,"Odoribacter sp. N15.MGS-14",81,5.07570062840934e-06,76.3,4.78132213348301e-06
3025328,"Pseudoalteromonas sp. CST3",81,5.07570062840934e-06,78.1,4.89179766834989e-06
1965233,"Odoribacter sp.",81,5.07570062840934e-06,81.6,5.1151877101393e-06
2292441,"Paratractidigestivibacter faecalis",80,5.01303765768823e-06,83.6,5.23937341930605e-06
1147145,"Kwaitsingvirus HK446",79,4.95037468696713e-06,77.7,4.87053267577303e-06
1518575,"Burkina Faso astrovirus",79,4.95037468696713e-06,79,4.95037468696714e-06
39485,"Lachnospira eligens",77,4.82504874552492e-06,90.4,5.6655863501484e-06
2836105,"Dhillonvirus sponge",77,4.82504874552492e-06,89.6,5.61683758159953e-06
1261,"Peptostreptococcus anaerobius",76,4.76238577480382e-06,75.6,4.73686480533265e-06
3112950,"Sphingomonas sp. MJ1 (PH-R8)",76,4.76238577480382e-06,76.1,4.77062872774495e-06
28025,"Bifidobacterium animalis",75,4.69972280408272e-06,74.9,4.69589314458475e-06
2024339,"Ceduovirus cv62403",74,4.63705983336161e-06,74.6,4.6737544602869e-06
2293132,"Roseburia sp. AF25-13LB",74,4.63705983336161e-06,68,4.25807318560852e-06
1512,"[Clostridium] symbiosum",73,4.57439686264051e-06,70.2,4.39949960122253e-06
2815806,"Waltera sp.",73,4.57439686264051e-06,79.4,4.97237438551261e-06
2883207,"Dorea sp. 210702-DFI.3.125",72,4.51173389191941e-06,80.5,5.04212999120605e-06
2606629,"Floccifex porci",71,4.44907092119831e-06,78.7,4.92927736335469e-06
1141139,"Vectrevirus ACGC91",71,4.44907092119831e-06,71,4.44907092119831e-06
2762566,"Streptococcus sp. 21.1",71,4.44907092119831e-06,86.9,5.44295176616601e-06
1613,"Limosilactobacillus fermentum",70,4.3864079504772e-06,63.1,3.95234094613777e-06
1118059,"Kallipyga massiliensis",70,4.3864079504772e-06,70.4,4.40959816431123e-06
1234680,"Streptococcus rubneri",70,4.3864079504772e-06,62.7,3.927581126015e-06
477641,"Modestobacter marinus",70,4.3864079504772e-06,78,4.88825099158597e-06
2603894,"Methylobacterium sp. WL64",68,4.261082009035e-06,64,4.00953722099581e-06
2049040,"Roseburia sp.",68,4.261082009035e-06,72.9,4.56583399603103e-06
2584640,"Eggerthella sp. BIOML-A3",68,4.261082009035e-06,69.3,4.34267459357595e-06
1296538,"Lactiplantibacillus mudanjiangensis",67,4.19841903831389e-06,65.7,4.11719105947023e-06
2021738,"Hudisavirus sp.",67,4.19841903831389e-06,67,4.1984190383139e-06
990718,"uncultured Phocaeicola sp.",66,4.13575606759279e-06,65.5,4.10476891209067e-06
2732864,"Modestobacter italicus",66,4.13575606759279e-06,66.6,4.17075769594826e-06
2267834,"Parasaccharibacter sp. TMW 2.1884",64,4.01043012615059e-06,58.7,3.68121189266841e-06
1316412,"Streptococcus sp. HSISS3",64,4.01043012615059e-06,66.7,4.18050927482836e-06
1511807,"Rosavirus acaliforni",64,4.01043012615059e-06,64,4.01043012615059e-06
2763049,"Hungatella sp. L36",64,4.01043012615059e-06,67.1,4.20549406827223e-06
1912855,"Faecalimonas umbilicata",63,3.94776715542948e-06,69.3,4.3441643097897e-06
2584641,"Eggerthella sp. BIOML-A4",63,3.94776715542948e-06,60.2,3.77122474849233e-06
408139,"Leptospira kmetyi",63,3.94776715542948e-06,67.7,4.24178406805598e-06
47770,"Lactobacillus crispatus",61,3.82244121398728e-06,64,4.01119840301181e-06
1918949,"Solemya elarraichensis gill symbiont",60,3.75977824326617e-06,56,3.51108062292063e-06
2292346,"Dorea sp. AM58-8",60,3.75977824326617e-06,59.7,3.74275603941414e-06
76860,"Streptococcus constellatus",59,3.69711527254507e-06,58.9,3.69303177544532e-06
742917,"Cyclovirus manukha",58,3.63445230182397e-06,58,3.63445230182398e-06
3134671,"Coprococcus sp. HCN-4056",56,3.50912636038176e-06,78.2,4.89887173841601e-06
331117,"Aspergillus fischeri",56,3.50912636038176e-06,45.9,2.87352696074469e-06
28139,"Rikenella microfusus",56,3.50912636038176e-06,55.8,3.49591868195392e-06
5061,"Aspergillus niger",55,3.44646338966066e-06,45.5,2.85330688979143e-06
1872421,"Akkermansia sp.",54,3.38380041893956e-06,53.4,3.34847458839517e-06
2997952,"Coprococcus sp. TM115-187",54,3.38380041893956e-06,62.5,3.91474700395019e-06
2978683,"Burkholderia orbicola",53,3.32113744821845e-06,53.9,3.3784999179957e-06
2937417,"Bacteroides muris (ex Fokt et al. 2023)",53,3.32113744821845e-06,53.1,3.32812229787362e-06
2866597,"Streptococcus sp. Marseille-Q3604",53,3.32113744821845e-06,71.7,4.49335076419289e-06
3438942,"Intestinimonas sp. HCP28S3_D6",53,3.32113744821845e-06,54.3,3.40425033276406e-06
357276,"Phocaeicola dorei",52,3.25847447749735e-06,60.5,3.79394010315666e-06
3143217,"Phocaeicola sp. RTP21198st1_B8_RTP21198_201120",52,3.25847447749735e-06,49.5,3.10162992835562e-06
1581080,"Streptococcus sp. HMSC10E12",52,3.25847447749735e-06,50.6,3.17154837796219e-06
45133,"Lasiodiplodia theobromae",52,3.25847447749735e-06,67.5,4.22964416653844e-06
2919919,"Atopomonas sediminilitoris",52,3.25847447749735e-06,67.7,4.24499038070003e-06
1743235,"Chelatococcus composti",52,3.25847447749735e-06,56,3.50889977564144e-06
1529,"Clostridium cadaveris",50,3.13314853605515e-06,51.3,3.21432462815874e-06
1638242,"Thermococcus sp. Bubb.Bath",50,3.13314853605515e-06,53.8,3.37278170423378e-06
3155664,"Micromonospora sp. NPDC050200",50,3.13314853605515e-06,51.2,3.20998469754052e-06
2841517,"Blautia sp. MSJ-19",49,3.07048556533404e-06,51,3.19498004555505e-06
1796628,"Longibaculum muris",48,3.00782259461294e-06,54.5,3.41468440336645e-06
41978,"Ruminococcus sp.",48,3.00782259461294e-06,49,3.069245390863e-06
674529,"Bacteroides faecis",47,2.94515962389184e-06,47.4,2.97126908334912e-06
1544364,"Microviridae IME-16",47,2.94515962389184e-06,47,2.94515962389184e-06
2767462,"Leuconostoc sp. S51",47,2.94515962389184e-06,51.8,3.24760720420351e-06
3239197,"Lactococcus sp. AK05",46,2.88249665317073e-06,58.8,3.68284441141637e-06
3438778,"Faecalicoccus sp. LCP19S3_E2",46,2.88249665317073e-06,43.8,2.74763175387976e-06
1604356,"Gamaleyavirus ECBP1",45,2.81983368244963e-06,45.7,2.86302827997041e-06
1628085,"Agathobaculum butyriciproducens",44,2.75717071172853e-06,96.9,6.07343359874579e-06
2316720,"Corallococcus interemptor",44,2.75717071172853e-06,51.1,3.20340944065553e-06
2873413,"Escherichia phage 26",43,2.69450774100742e-06,43.2,2.70827701453406e-06
2888525,"Thermomonas alba",43,2.69450774100742e-06,52.3,3.27903507651305e-06
1203539,"Deltapolyomavirus decihominis",43,2.69450774100742e-06,43,2.69450774100743e-06
40518,"Ruminococcus bromii",42,2.63184477028632e-06,42.6,2.668303746746e-06
3025759,"uncultured Thomasclavelia sp.",42,2.63184477028632e-06,47.2,2.95658645249352e-06
3046326,"Bifidobacterium sp. UMB1197",42,2.63184477028632e-06,42,2.63188272606582e-06
676599,"Stenotrophomonas panacihumi",41,2.56918179956522e-06,47.7,2.98780984287329e-06
2126740,"Clostridium fessum",41,2.56918179956522e-06,40.8,2.5560456774267e-06
1736395,"Arthrobacter sp. Soil736",41,2.56918179956522e-06,38.7,2.42292443683295e-06
1971760,"uncultured Faecalicoccus sp.",41,2.56918179956522e-06,43.6,2.73049705695858e-06
2695882,"Lactobacillus sp. 3B(2020)",40,2.50651882884412e-06,38.9,2.43774810371783e-06
626931,"Bacteroides oleiciplenus",40,2.50651882884412e-06,46.2,2.89515793042309e-06
2927804,"Marinobacterium sedimentorum",40,2.50651882884412e-06,34.3,2.15191536566572e-06
1322,"Blautia hansenii",40,2.50651882884412e-06,55.8,3.49606346758969e-06
2049027,"Gemmiger sp.",40,2.50651882884412e-06,57.6,3.60847595500521e-06
3438912,"Blautia sp. HCP3S3_D9",40,2.50651882884412e-06,38.6,2.41732893280272e-06
1330491,"Cosavirus asiani",40,2.50651882884412e-06,40,2.50651882884412e-06
1673721,"Intestinimonas massiliensis (ex Afouda et al. 2020)",39,2.44385585812301e-06,37.1,2.3278626101644e-06
126998,"Penicillium bovifimosum",39,2.44385585812301e-06,39.5,2.47595811261797e-06
1683649,"Lactococcus sp. EKM203L",39,2.44385585812301e-06,39.8,2.49319011135902e-06
2584627,"Clostridium sp. BIOML-A1",38,2.38119288740191e-06,40.8,2.55461146248741e-06
3048611,"Pseudomonas sp. CCC4.3",38,2.38119288740191e-06,35.9,2.2473780778463e-06
391612,"Crocosphaera chwakensis",38,2.38119288740191e-06,37.8,2.36896459467501e-06
3143208,"Coprococcus sp. RTP21281st1_F1_RTP21281_210402",37,2.31852991668081e-06,41.6,2.60680524741108e-06
2293100,"Dorea sp. OM07-5",37,2.31852991668081e-06,44.1,2.76634861592591e-06
1526,"[Clostridium] aminophilum",37,2.31852991668081e-06,44.4,2.78030147458483e-06
2681617,"Byrnievirus HK97",37,2.31852991668081e-06,38,2.37897109734498e-06
3469800,"unknown genome; accession ID isNZ_CM132206.1",36,2.2558669459597e-06,34.1,2.13520058968435e-06
2789205,"Bacteroides sp. 1001302B_160321_D4",36,2.2558669459597e-06,31.4,1.96620427359519e-06
1495854,"Brevundimonas sp. EAKA",35,2.1932039752386e-06,43.3,2.71152957758491e-06
1177179,"Alcanivorax hongdengensis",35,2.1932039752386e-06,49.5,3.10421644592093e-06
2767439,"Klebsiella sp. S69",35,2.1932039752386e-06,34.7,2.17612611134119e-06
2965527,"Clostridium sp. DFI.1.208",34,2.1305410045175e-06,34.2,2.1406191552686e-06
441959,"Talaromyces stipitatus",33,2.0678780337964e-06,33.5,2.10071316106891e-06
418240,"Blautia wexlerae",33,2.0678780337964e-06,36,2.25568899332657e-06
2981782,"Blautia ammoniilytica",33,2.0678780337964e-06,37,2.31544397405076e-06
3133164,"Hominiventricola aquisgranensis",33,2.0678780337964e-06,32.3,2.02167809684231e-06
2735723,"Turicibacter bilis",33,2.0678780337964e-06,34.4,2.15744805392793e-06
1739371,"Streptococcus sp. HMSC064H09",33,2.0678780337964e-06,34.8,2.17780501161596e-06
1637510,"Odoribacter sp. N54.MGS-14",32,2.00521506307529e-06,36.4,2.28153139506102e-06
1638783,"Akkermansia sp. UNK.MGS-1",32,2.00521506307529e-06,34.4,2.15598777831586e-06
2885351,"Hominisplanchenecus faecis",32,2.00521506307529e-06,32.6,2.042044926583e-06
1946007,"Alistipes sp. UBA1686",32,2.00521506307529e-06,32.1,2.00878119185777e-06
69359,"Thiohalocapsa halophila",32,2.00521506307529e-06,37.6,2.35448851884069e-06
2690837,"Eggerthella guodeyinii",32,2.00521506307529e-06,32.6,2.04302023279849e-06
166122,"Human endogenous retrovirus K",32,2.00521506307529e-06,32.9,2.06006310690351e-06
2954545,"Streptococcus sp. FSL W7-1342",31,1.94255209235419e-06,24.8,1.55195144869863e-06
2293144,"Roseburia sp. TF10-5",31,1.94255209235419e-06,31.4,1.97044890201022e-06
271881,"Lactiplantibacillus argentoratensis",30,1.87988912163309e-06,29.5,1.8466373055524e-06
40519,"Ruminococcus callidus",30,1.87988912163309e-06,30.1,1.88506986972858e-06
293939,"Aspergillus lentulus",30,1.87988912163309e-06,40.2,2.51930686817649e-06
317,"Pseudomonas syringae",29,1.81722615091198e-06,32.7,2.04682365854947e-06
2787114,"Ruminococcus sp. D54t1_190329_F1",29,1.81722615091198e-06,30.4,1.90780386184101e-06
2293030,"Clostridium sp. AM34-9AC",29,1.81722615091198e-06,29.2,1.82728630140359e-06
1280669,"Dorea sp. AGR2135",29,1.81722615091198e-06,34.9,2.18994101426498e-06
1882221,"Novosphingobium sp. PY1",29,1.81722615091198e-06,30.5,1.91006268283028e-06
2841515,"Falcatimonas sp. MSJ-15",29,1.81722615091198e-06,29,1.81797062059216e-06
2496633,"Porprismacovirus humas4",29,1.81722615091198e-06,29,1.81722615091199e-06
33964,"Leuconostoc citreum",28,1.75456318019088e-06,27.6,1.73249608127299e-06
1313,"Streptococcus pneumoniae",28,1.75456318019088e-06,28.4,1.77808262032498e-06
3025326,"Pseudoalteromonas sp. GAB2316C",28,1.75456318019088e-06,27.9,1.74859628233774e-06
39490,"Eubacterium ramulus",28,1.75456318019088e-06,28.5,1.7859657240285e-06
3453885,"unknown genome; accession ID isNZ_JBQEPK010000129.1",28,1.75456318019088e-06,27.4,1.71827097132114e-06
3420582,"Candidatus Pseudoscillospira sp. SGI.172",28,1.75456318019088e-06,28.1,1.76292806279425e-06
2109687,"Oscillibacter sp. PEA192",28,1.75456318019088e-06,29.2,1.83139749642191e-06
2981774,"Suilimivivens aceti",27,1.69190020946978e-06,25.7,1.60828525265166e-06
1969168,"Blautia sp. LMAG:36",27,1.69190020946978e-06,24.7,1.55084420124338e-06
3369477,"unknown genome; accession ID isNZ_CBCPLV010000002.1",27,1.69190020946978e-06,32.9,2.05924737561207e-06
338103,"Alphatrevirus NC35",27,1.69190020946978e-06,27.6,1.73143131202342e-06
2292985,"Blautia sp. OM07-19",26,1.62923723874868e-06,24.8,1.55588473425137e-06
2316022,"Mediterraneibacter sp.",26,1.62923723874868e-06,27.5,1.72031155279008e-06
268346,"Penicillium mononematosum",26,1.62923723874868e-06,25.9,1.62311191003593e-06
2293155,"Ruminococcus sp. AF17-6LB",26,1.62923723874868e-06,28.2,1.76933326870137e-06
2448031,"Ruminococcus sp. B05",26,1.62923723874868e-06,22.1,1.38636231131703e-06
3018246,"Streptococcus sp. SN3",26,1.62923723874868e-06,28.2,1.76939306861116e-06
2883191,"Streptococcus sp. MSK15_114",26,1.62923723874868e-06,28.2,1.76847002813226e-06
2060307,"Enterococcus sp. FDAARGOS_375",25,1.56657426802757e-06,25.6,1.60137763872586e-06
1917868,"Blautia marasmi",25,1.56657426802757e-06,35.2,2.20270998425087e-06
2792040,"Salinibacterium sp. NG22",25,1.56657426802757e-06,31,1.94247990122088e-06
NA,"unknown genome; accession ID isNZ_CASEUO010000028.1",25,1.56657426802757e-06,25,1.56657803160663e-06
2881264,"Blautia fusiformis",24,1.50391129730647e-06,28.6,1.79324755920767e-06
1343,"Streptococcus vestibularis",24,1.50391129730647e-06,25.3,1.58296434178357e-06
2763020,"Bacteroides sp. NSJ-48",24,1.50391129730647e-06,23.7,1.48463821102746e-06
3695678,"unknown genome; accession ID isNZ_JBWJVN010000001.1",24,1.50391129730647e-06,21.6,1.35113018162528e-06
2292951,"Bacteroides sp. AM37-9",24,1.50391129730647e-06,27.7,1.73790761875474e-06
NA,"unknown genome; accession ID isNZ_CAKVCW010000001.1",24,1.50391129730647e-06,24,1.50396035978418e-06
2011087,"Psecadovirus PSH1",24,1.50391129730647e-06,24,1.50391129730647e-06
2838470,"Candidatus Bacteroides intestinigallinarum",23,1.44124832658537e-06,24.1,1.51185712042268e-06
3377167,"Stenotrophomonas maltophilia group sp. Smal17",23,1.44124832658537e-06,22.9,1.43541407098288e-06
290053,"Bacteroides helcogenes",23,1.44124832658537e-06,23.2,1.4549690690257e-06
1763549,"uncultured Holdemanella sp.",23,1.44124832658537e-06,23.6,1.47581360879712e-06
2486020,"Levilactobacillus angrenensis",23,1.44124832658537e-06,23.3,1.45897371706367e-06
2804423,"Staphylococcus sp. GDY8P64P",23,1.44124832658537e-06,22.8,1.42783005092855e-06
2804917,"Corynebacterium pseudokroppenstedtii",22,1.37858535586426e-06,21.1,1.32027824368678e-06
2762573,"Streptococcus sp. 2.1",22,1.37858535586426e-06,21.7,1.36150963192172e-06
2949649,"Parabacteroides sp. Y3-G-102",22,1.37858535586426e-06,21.6,1.3559071866507e-06
2137581,"Ellagibacter isourolithinifaciens",22,1.37858535586426e-06,22.2,1.39180520215813e-06
1715116,"Streptococcus sp. HMSC065H07",22,1.37858535586426e-06,30.4,1.90332672811115e-06
213774,"Skunavirus P475",22,1.37858535586426e-06,23.5,1.47118680622769e-06
2293093,"Coprococcus sp. OM04-5BH",22,1.37858535586426e-06,22.3,1.39855778523029e-06
2883234,"Streptococcus sp. 210928-DFI.4.42",22,1.37858535586426e-06,23.7,1.48791076627703e-06
78257,"Bifidobacterium pullorum",21,1.31592238514316e-06,24.7,1.54934280219195e-06
1685,"Bifidobacterium breve",21,1.31592238514316e-06,21.2,1.32650387097209e-06
2293137,"Roseburia sp. AF42-8",21,1.31592238514316e-06,28.5,1.78861048496728e-06
28037,"Streptococcus mitis",21,1.31592238514316e-06,19.9,1.24810622961137e-06
40994,"Penicillium hordei",21,1.31592238514316e-06,19.5,1.21928811941141e-06
NA,"unknown genome; accession ID isNZ_CABPDN010000014.1",21,1.31592238514316e-06,21,1.3159225456591e-06
2905675,"Skunavirus sk1",21,1.31592238514316e-06,23.8,1.490950691638e-06
1076124,"Phytohabitans flavus",20,1.25325941442206e-06,24.8,1.5527112474827e-06
512312,"uncultured Parabacteroides sp.",20,1.25325941442206e-06,20,1.25325946653659e-06
2584636,"Coprococcus sp. BIOML-A2",20,1.25325941442206e-06,19.6,1.22748694513213e-06
2293005,"Clostridium sp. AF23-6LB",20,1.25325941442206e-06,22.8,1.43131994134035e-06
2763042,"Dysosmobacter segnis",20,1.25325941442206e-06,19.6,1.22732870297941e-06
3458240,"unknown genome; accession ID isNZ_JBQSUN010000005.1",20,1.25325941442206e-06,20.1,1.25911048375301e-06
1390,"Bacillus amyloliquefaciens",19,1.19059644370096e-06,17.9,1.12418991010466e-06
435842,"Streptococcus sp. C150",19,1.19059644370096e-06,19.9,1.24640157103175e-06
2013021,"Bifidobacterium sp. N5G01",19,1.19059644370096e-06,19.1,1.19581662824094e-06
227944,"Lactobacillus kalixensis",19,1.19059644370096e-06,26.7,1.67446479000432e-06
155148,"Lederbergvirus HK620",19,1.19059644370096e-06,19,1.19059671908489e-06
59298,"Streptomyces thermocarboxydovorans",19,1.19059644370096e-06,23.1,1.44929361355484e-06
2763670,"Wujia chipingensis",19,1.19059644370096e-06,19.4,1.21673998136568e-06
37727,"Talaromyces marneffei",19,1.19059644370096e-06,19,1.1921312800646e-06
2857012,"Streptomyces sp. DH1",19,1.19059644370096e-06,19,1.19061840760731e-06
3063751,"Streptococcus sp. GP0011",19,1.19059644370096e-06,16.5,1.03612663155185e-06
1352374,"Ruminococcus sp. YE78",18,1.12793347297985e-06,18.1,1.13407001504683e-06
1776391,"Romboutsia timonensis",18,1.12793347297985e-06,18,1.1286217101369e-06
1680,"Bifidobacterium adolescentis",18,1.12793347297985e-06,16.6,1.04061905181793e-06
1156431,"Streptococcus ilei",18,1.12793347297985e-06,30.8,1.92722506967569e-06
2487519,"Phytopseudomonas daroniae",18,1.12793347297985e-06,19.9,1.24650594467001e-06
2607659,"Nocardioides antri",18,1.12793347297985e-06,18.3,1.1440005827173e-06
2580568,"Pseudomonas sp. 9.1(2019)",18,1.12793347297985e-06,16.2,1.01542650413247e-06
3141608,"Ruminococcus sp. RTP21484sp1_RTP21281st1_A2_RTP21281_210402",18,1.12793347297985e-06,18.3,1.14746992584516e-06
3078042,"Pilosibacter fragilis",18,1.12793347297985e-06,17.4,1.0898325784429e-06
139871,"Lactobacillus prophage Lj771",18,1.12793347297985e-06,18,1.12793380911407e-06
1715086,"Streptococcus sp. HMSC078H03",17,1.06527050225875e-06,21.4,1.34020751933959e-06
143361,"Filifactor alocis",17,1.06527050225875e-06,16.6,1.04321083205452e-06
945052,"Streptomyces heilongjiangensis",17,1.06527050225875e-06,17,1.06327265703909e-06
189396,"Xanthomonas euvesicatoria",17,1.06527050225875e-06,17.7,1.1095679458963e-06
3143211,"Butyricimonas sp. RTP31023st2_F12_RTP31023_210422",17,1.06527050225875e-06,17.5,1.09512548582512e-06
1739525,"Peptoniphilus sp. HMSC075B08",17,1.06527050225875e-06,17,1.06527052414094e-06
742915,"Cyclovirus insaan",17,1.06527050225875e-06,17,1.06527050225875e-06
2789276,"Kribbella sp. C-35",17,1.06527050225875e-06,17.1,1.07145266233356e-06
2293140,"Roseburia sp. OM03-7AC",17,1.06527050225875e-06,26.4,1.65250126284674e-06
1423,"Bacillus subtilis",16,1.00260753153765e-06,16.8,1.05381723104123e-06
1639,"Listeria monocytogenes",16,1.00260753153765e-06,15.9,9.94934623331326e-07
56957,"Thermus oshimai",16,1.00260753153765e-06,16,1.00260753153765e-06
1121321,"Asaccharospora irregularis",16,1.00260753153765e-06,23.6,1.47723832158833e-06
3159681,"Salmonella sp. s55431",16,1.00260753153765e-06,15.2,9.51427270132857e-07
1520805,"Blautia sp. SF-50",16,1.00260753153765e-06,17.2,1.07673325056642e-06
2865794,"Suseptimavirus 101114UKE3",16,1.00260753153765e-06,16.1,1.01027048972645e-06
1261634,"Roseburia sp. 499",16,1.00260753153765e-06,14.3,8.98322518247808e-07
2949662,"Coprococcus sp. B2-R-112",16,1.00260753153765e-06,19.2,1.20198795393921e-06
1396,"Bacillus cereus",15,9.39944560816544e-07,15,9.40186825571079e-07
259059,"Liquorilactobacillus satsumensis",15,9.39944560816544e-07,15.1,9.43158000193372e-07
2883263,"Blautia sp. 210820-DFI.6.14",15,9.39944560816544e-07,15.4,9.64737055123954e-07
41977,"Parazoarcus communis",15,9.39944560816544e-07,17.2,1.07833259966753e-06
NA,"unknown genome; accession ID isNZ_CASEUO010000035.1",15,9.39944560816544e-07,15,9.40409298511114e-07
44276,"Leptospira interrogans",15,9.39944560816544e-07,15.1,9.43647692528976e-07
2070686,"Enteroscipio rubneri",15,9.39944560816544e-07,15.4,9.65026881185232e-07
2725308,"Streptococcus sp. WB01_FAA12",15,9.39944560816544e-07,15.3,9.6024861282957e-07
89139,"Rasamsonia byssochlamydoides",15,9.39944560816544e-07,15,9.39944561343262e-07
2787129,"Clostridium sp. 1001283B150210_160208_E6",15,9.39944560816544e-07,15,9.40027632915833e-07
1470345,"Bacteroides timonensis",15,9.39944560816544e-07,15.6,9.77680893264128e-07
2758579,"Klebsiella sp. Kps",15,9.39944560816544e-07,18.4,1.1537333281284e-06
91915,"Asaia bogorensis",15,9.39944560816544e-07,14.7,9.22212982708288e-07
3156680,"Streptomyces sp. NPDC004491",14,8.77281590095441e-07,15.2,9.50225454978181e-07
2883209,"Enterocloster sp. 210928-DFI.2.20",14,8.77281590095441e-07,14,8.7910671722138e-07
1147150,"Nochtlivirus mEp235",14,8.77281590095441e-07,14.6,9.13674410807527e-07
3453885,"unknown genome; accession ID isNZ_JBQEPK010000144.1",14,8.77281590095441e-07,13.6,8.49408670166987e-07
2883232,"Mediterraneibacter sp. 210702-DFI.5.30",14,8.77281590095441e-07,17.6,1.10227984029682e-06
2763061,"Roseburia lenta",14,8.77281590095441e-07,14.4,9.02320205582351e-07
1750560,"Parabacteroides massiliensis",14,8.77281590095441e-07,13.6,8.50707491863104e-07
2480805,"Alteromonas sp. KUL150",14,8.77281590095441e-07,14.1,8.82467644537172e-07
1882272,"Penicillium samsonianum",13,8.14618619374338e-07,12.4,7.75778488707325e-07
2582605,"Salmonella sp. gx-f5",13,8.14618619374338e-07,13,8.15322828557619e-07
3159897,"Salmonella sp. SAL4442",13,8.14618619374338e-07,13,8.1336424487129e-07
544644,"Butyricimonas synergistica",13,8.14618619374338e-07,14.4,9.02456476170178e-07
3039593,"Parablautia sp. Marseille-Q6255",13,8.14618619374338e-07,15.3,9.5972324808245e-07
871664,"Blautia stercoris",13,8.14618619374338e-07,12.5,7.83454840254215e-07
2496676,"Mesorhizobium sp. M6A.T.Cr.TU.014.01.1.1",13,8.14618619374338e-07,13.2,8.26779713062376e-07
658225,"Sphingomonas glacialis",13,8.14618619374338e-07,13.3,8.30787796986531e-07
39778,"Veillonella dispar",13,8.14618619374338e-07,12.7,7.94551955780599e-07
3153451,"Klebsiella sp. GG_Kp140",13,8.14618619374338e-07,13,8.15627272376902e-07
1285465,"Winogradskyella undariae",13,8.14618619374338e-07,12.3,7.69880741347747e-07
2500819,"Skunavirus MV10L",13,8.14618619374338e-07,13.1,8.21685898988556e-07
3020524,"Agrobacterium sp. ST15.16.024",13,8.14618619374338e-07,12.8,8.01682174116088e-07
2292310,"Clostridium sp. OF09-36",13,8.14618619374338e-07,13.7,8.5994194285562e-07
3018255,"Streptococcus sp. SS9",13,8.14618619374338e-07,14.1,8.84779320953219e-07
2997294,"Gemmiger qucibialis",13,8.14618619374338e-07,15.2,9.52728610981205e-07
1605838,"Pseudomonas coleopterorum",13,8.14618619374338e-07,13.9,8.6941317726752e-07
371601,"Bacteroides xylanisolvens",12,7.51955648653235e-07,13.5,8.45121234529277e-07
2420313,"Enterococcus sp. FDAARGOS_553",12,7.51955648653235e-07,10.7,6.67856594095968e-07
2603296,"Enterococcus sp. DA9",12,7.51955648653235e-07,11.9,7.4864271233441e-07
2587529,"Klebsiella pasteurii",12,7.51955648653235e-07,10,6.28417649033747e-07
942150,"Lactiplantibacillus xiangfangensis",12,7.51955648653235e-07,11.5,7.21664712951932e-07
2774688,"Enterococcus sp. DIV0421",12,7.51955648653235e-07,12,7.54429601028996e-07
3064195,"Brotocaccenecus cirricatena",12,7.51955648653235e-07,13,8.16952933241182e-07
2844219,"Peduovirus P24A7b",12,7.51955648653235e-07,12,7.51955817125188e-07
2974253,"Segatella sp.",12,7.51955648653235e-07,12.2,7.63875678895505e-07
29374,"Filifactor villosus",12,7.51955648653235e-07,11.7,7.30732461756859e-07
2603411,"Pseudonocardia sp. EV170527-09",12,7.51955648653235e-07,12.5,7.84257503829277e-07
1262694,"Alistipes sp. CAG:29",12,7.51955648653235e-07,12,7.53348632112386e-07
2292367,"Roseburia sp. OF03-24",12,7.51955648653235e-07,11.8,7.41361731153468e-07
2219062,"Acidovorax sp. ST3",12,7.51955648653235e-07,13.4,8.4281335825993e-07
864178,"Clostridium phage phiCD6356",12,7.51955648653235e-07,12,7.51955666656102e-07
656,"Aeromonas allosaccharophila",11,6.89292677932132e-07,10.4,6.51274487005589e-07
2813560,"Pseudomonas sp. 43(2021)",11,6.89292677932132e-07,16.7,1.04825845521976e-06
1890295,"Pseudoduganella danionis",11,6.89292677932132e-07,11.5,7.20249535631492e-07
1945593,"Oscillibacter sp.",11,6.89292677932132e-07,14.2,8.86853190424927e-07
2762564,"Streptococcus sp. 23.2",11,6.89292677932132e-07,12.7,7.96232770901298e-07
68891,"Streptococcus peroris",11,6.89292677932132e-07,10.2,6.4201699707829e-07
329854,"Bacteroides intestinalis",11,6.89292677932132e-07,10.6,6.63023257372545e-07
1411144,"Bacteroides caecigallinarum",11,6.89292677932132e-07,9,5.62121119467108e-07
3133157,"Faecalibacterium faecis",11,6.89292677932132e-07,9.6,6.01482367708003e-07
1211813,"Alistipes ihumii",11,6.89292677932132e-07,11.1,6.95901274535402e-07
254253,"Vedamuthuvirus Q33",11,6.89292677932132e-07,11.1,6.9624051467316e-07
3681944,"unknown genome; accession ID isNZ_CEEDOR010000140.1",11,6.89292677932132e-07,11.3,7.0695535581259e-07
3025320,"Pseudoalteromonas sp. GABNB9D",11,6.89292677932132e-07,10.6,6.62859411274202e-07
2861965,"Sulfitobacter sp. CW3",11,6.89292677932132e-07,9.2,5.76469256639725e-07
2293011,"Clostridium sp. AF34-10BH",11,6.89292677932132e-07,11.2,7.00447329282732e-07
665943,"Eggerthella sp. 1_3_56FAA",11,6.89292677932132e-07,11.9,7.4537727890523e-07
2292911,"Alistipes sp. AM16-43",11,6.89292677932132e-07,11,6.89313811060886e-07
3143055,"Collinsella sp. 1033st1_B10_1033SCRN_220408",11,6.89292677932132e-07,12,7.50507027556995e-07
2738409,"Mycobacterium ostraviense",11,6.89292677932132e-07,11.1,6.9584618987353e-07
2925014,"Desulforhabdus sp. TSK",11,6.89292677932132e-07,11.3,7.06517701270315e-07
2302940,"Parabacteroides sp. 52",11,6.89292677932132e-07,10.8,6.74571188753169e-07
990412,"Limosilactobacillus alvi",11,6.89292677932132e-07,11.1,6.95712741018567e-07
2841511,"Blautia sp. MSJ-9",11,6.89292677932132e-07,11.1,6.9504469994229e-07
2738446,"Anaerostipes faecalis",11,6.89292677932132e-07,14.5,9.08476995985522e-07
3048889,"Candidatus Ventrimonas sp.",11,6.89292677932132e-07,12,7.50640822925391e-07
396014,"Brachybacterium phenoliresistens",11,6.89292677932132e-07,11,6.89292677932133e-07
3342075,"Bifidobacterium sp. 2450",11,6.89292677932132e-07,11,6.89307068761922e-07
2491052,"Streptococcus sp. OH4692_COT-348",11,6.89292677932132e-07,11.7,7.33436761476506e-07
1445553,"Sherbrookevirus CDHM11",11,6.89292677932132e-07,11,6.89293982001856e-07
1329832,"Enterobacter roggenkampii",10,6.26629707211029e-07,9.5,5.93248367073918e-07
1353,"Enterococcus gallinarum",10,6.26629707211029e-07,9.6,6.0295419626698e-07
2606633,"Oliverpabstia intestinalis",10,6.26629707211029e-07,10.9,6.80082090025817e-07
2981773,"Muriventricola aceti",10,6.26629707211029e-07,9.6,6.02801018714403e-07
2495899,"Lactobacillus xujianguonis",10,6.26629707211029e-07,10.2,6.39500977022929e-07
74426,"Collinsella aerofaciens",10,6.26629707211029e-07,10.9,6.81494120278628e-07
1416334,"Lactobacillus phage phi jlb1",10,6.26629707211029e-07,10,6.26648772667031e-07
1497974,"Georgenia sp. SUBG003",10,6.26629707211029e-07,10.3,6.47962260440678e-07
2981771,"Laedolimicola ammoniilytica",10,6.26629707211029e-07,10.6,6.66971489208547e-07
3378068,"Oribacterium sp. P9",10,6.26629707211029e-07,10.1,6.31419192479628e-07
620903,"Negativicoccus succinicivorans",10,6.26629707211029e-07,10,6.27390924688948e-07
457389,"Bacteroides sp. 3_1_13",10,6.26629707211029e-07,9.3,5.84568557524186e-07
3160132,"Salmonella sp. s60732",10,6.26629707211029e-07,10.5,6.56922019454995e-07
3025336,"Pseudoalteromonas sp. Angola-7",10,6.26629707211029e-07,9.8,6.14984095553045e-07
535290,"Legionella nagasakiensis",10,6.26629707211029e-07,9.6,6.01083021008064e-07
999425,"Streptococcus sp. F0442",10,6.26629707211029e-07,10.1,6.32133879882953e-07
3159675,"Salmonella sp. s55004",10,6.26629707211029e-07,10.6,6.63541095614403e-07
1337,"Streptococcus hyointestinalis",10,6.26629707211029e-07,10.2,6.37348728170796e-07
36651,"Penicillium digitatum",10,6.26629707211029e-07,10.2,6.41231487757436e-07
2847072,"Tequintavirus VEc33",10,6.26629707211029e-07,9.9,6.2205585842973e-07
683174,"Astrovirus VA3",10,6.26629707211029e-07,10,6.2662970721103e-07
3018068,"Bacillus cereus group sp. m1-21",10,6.26629707211029e-07,10,6.26667439910959e-07
2597346,"Microbacterium sp. ANT_H45B",10,6.26629707211029e-07,10.5,6.57849038483823e-07
3143056,"Clostridium sp. 2218st1_F5_2218SCRN_220325",10,6.26629707211029e-07,10.3,6.46216847620002e-07
2787103,"Clostridium sp. 1001270J_160509_D11",10,6.26629707211029e-07,10.3,6.47101239174277e-07
3458240,"unknown genome; accession ID isNZ_JBQSUN010000010.1",10,6.26629707211029e-07,10.1,6.35814088220982e-07
2650157,"Bacteroides zhangwenhongii",9,5.63966736489926e-07,9.6,6.02942565737627e-07
3048621,"Glaciimonas sp. Cout2",9,5.63966736489926e-07,9,5.64345482673691e-07
2981768,"Anthropogastromicrobium aceti",9,5.63966736489926e-07,9.3,5.81360276359698e-07
3438902,"Bariatricus sp. HCP28S3_E2",9,5.63966736489926e-07,9.1,5.68107986733419e-07
100884,"Coprobacillus cateniformis",9,5.63966736489926e-07,9,5.65795767737244e-07
286142,"uncultured Catenibacterium sp.",9,5.63966736489926e-07,10.1,6.30098393607344e-07
1163670,"Bacteroides sp. 14(A)",9,5.63966736489926e-07,8.5,5.33830623738241e-07
2736645,"Streptomyces sp. JJ36",9,5.63966736489926e-07,9.1,5.73192814809445e-07
453220,"Desulfogranum marinum",9,5.63966736489926e-07,9,5.63984932093139e-07
178001,"Leuconostoc inhae",9,5.63966736489926e-07,9.6,6.03260046995168e-07
2713174,"Fructobacillus parabroussonetiae",9,5.63966736489926e-07,8.7,5.47885243419648e-07
28038,"Latilactobacillus curvatus",8,5.01303765768823e-07,8,5.01346907861603e-07
115778,"Leuconostoc gasicomitatum",8,5.01303765768823e-07,8.3,5.19564688251655e-07
44009,"Enterococcus dispar",8,5.01303765768823e-07,8.9,5.60092351692585e-07
60172,"Penicillium solitum",8,5.01303765768823e-07,8.9,5.56262305474958e-07
2793822,"Bradyrhizobium sp. BRP20",8,5.01303765768823e-07,8.4,5.28157475513672e-07
2292368,"Roseburia sp. OM02-15",8,5.01303765768823e-07,9.7,6.06644176163946e-07
2292968,"Blautia sp. AF34-10",8,5.01303765768823e-07,8.4,5.24400967088104e-07
2773922,"Fusicatenibacter sp.",8,5.01303765768823e-07,10.2,6.38671920205529e-07
106588,"Pseudoflavonifractor capillosus",8,5.01303765768823e-07,8,5.03725170425266e-07
257758,"Streptococcus pseudopneumoniae",8,5.01303765768823e-07,8.1,5.08517012128817e-07
227945,"Lactobacillus ultunensis",8,5.01303765768823e-07,8.8,5.48380488965728e-07
1099853,"Coprobacter fastidiosus",8,5.01303765768823e-07,8.1,5.09047875543454e-07
1544694,"Rosenbergiella epipactidis",8,5.01303765768823e-07,10,6.28231992316214e-07
2293096,"Coprococcus sp. TF11-13",8,5.01303765768823e-07,7.2,4.52709826853748e-07
39496,"Eubacterium ventriosum",8,5.01303765768823e-07,8.3,5.1745193052262e-07
2841509,"Butyricicoccus intestinisimiae",8,5.01303765768823e-07,8,5.01571590402864e-07
2316732,"Corallococcus sp. CA053C",8,5.01303765768823e-07,7.8,4.86680200983202e-07
3381956,"Escherichia sp. WS2055",8,5.01303765768823e-07,8,5.01312581425483e-07
457396,"Clostridium sp. 7_2_43FAA",8,5.01303765768823e-07,8,5.03427884586406e-07
512294,"uncultured Akkermansia sp.",8,5.01303765768823e-07,9.2,5.7641862820335e-07
2919917,"Peteryoungia algae",8,5.01303765768823e-07,9,5.60940990098606e-07
410072,"Coprococcus comes",8,5.01303765768823e-07,8.3,5.18720362014006e-07
357347,"Burkholderia pseudomallei",8,5.01303765768823e-07,7.3,4.57593231735934e-07
2992766,"Vibrio sp. VP6",8,5.01303765768823e-07,9.5,5.94016001156857e-07
176102,"Pseudoalteromonas agarivorans",8,5.01303765768823e-07,8.1,5.05869287380467e-07
208602,"Nocardia puris",8,5.01303765768823e-07,9.5,5.94543342038689e-07
2042028,"Lactobacillus sp. UMNPBX19",8,5.01303765768823e-07,8,5.01307988077005e-07
1495066,"Pseudomonas capeferrum",8,5.01303765768823e-07,9.8,6.14589805988663e-07
1969376,"Shewanella sp. Shew256",8,5.01303765768823e-07,7.7,4.85011420054001e-07
3402018,"Faecalibacterium sp. 9",8,5.01303765768823e-07,8,5.01313744189327e-07
3692808,"unknown genome; accession ID isNZ_JBJLQV010000002.1",8,5.01303765768823e-07,8.1,5.05227258955338e-07
743300,"Circovirus eniyan",8,5.01303765768823e-07,8,5.01303765768824e-07
53345,"Enterococcus durans",7,4.3864079504772e-07,7.5,4.67761885587171e-07
5083,"Penicillium canescens",7,4.3864079504772e-07,8.1,5.06627830443197e-07
1547597,"Sanguibacteroides justesenii",7,4.3864079504772e-07,7.9,4.96769932262313e-07
2049042,"Turicibacter sp.",7,4.3864079504772e-07,7,4.41059033364085e-07
213810,"Ruminococcus champanellensis",7,4.3864079504772e-07,7.2,4.48556026799186e-07
1715051,"Streptococcus sp. HMSC068F04",7,4.3864079504772e-07,8,5.04116725490983e-07
1867106,"Hymenobacter seoulensis",7,4.3864079504772e-07,6.8,4.2757364632325e-07
3159657,"Salmonella sp. s51992",7,4.3864079504772e-07,6.9,4.34508483514588e-07
1852371,"Raoultibacter massiliensis",7,4.3864079504772e-07,7.4,4.62393914957292e-07
2949669,"Curtanaerobium respiraculi",7,4.3864079504772e-07,6.9,4.34918786985794e-07
1494462,"Lactococcus hircilactis",7,4.3864079504772e-07,7,4.38837025126644e-07
2764323,"Catenibacterium faecis",7,4.3864079504772e-07,9.2,5.79061950745666e-07
NA,"unknown genome; accession ID isNZ_CASEUO010000068.1",7,4.3864079504772e-07,7,4.38640840025672e-07
209559,"Aspergillus alliaceus",7,4.3864079504772e-07,7,4.38640818923035e-07
91492,"Aspergillus udagawae",7,4.3864079504772e-07,7,4.36956181600363e-07
2292932,"Bacteroides sp. AF35-22",7,4.3864079504772e-07,7.4,4.64745319054729e-07
1121405,"Desulfococcus multivorans",7,4.3864079504772e-07,7,4.3877177739258e-07
2763064,"Roseburia zhanii",7,4.3864079504772e-07,7.7,4.80873475069775e-07
3684508,"unknown genome; accession ID isNZ_JBVHRM010000067.1",7,4.3864079504772e-07,7,4.38743293094198e-07
2320086,"Parabacteroides sp. CH2-D42-20",7,4.3864079504772e-07,7.3,4.56907492324673e-07
3681968,"unknown genome; accession ID isNZ_CEEDBN010000058.1",7,4.3864079504772e-07,6,3.7438288289691e-07
75553,"Aspergillus viridinutans",7,4.3864079504772e-07,7,4.39102544611557e-07
293559,"Penicillium concentricum",7,4.3864079504772e-07,6.7,4.19457796584918e-07
1206725,"Nocardia brevicatena",7,4.3864079504772e-07,7.6,4.74904635795848e-07
2293131,"Roseburia sp. AF22-8AC",7,4.3864079504772e-07,8.7,5.42634376361334e-07
3153422,"Klebsiella sp. CN_Kp100",7,4.3864079504772e-07,7,4.35646052896391e-07
3397227,"Enterobacter sp. HK-058-C-ECC",7,4.3864079504772e-07,6.7,4.19375372683149e-07
2293107,"Eubacterium sp. AF34-35BH",7,4.3864079504772e-07,6.3,3.94927850306777e-07
1359,"Lactococcus cremoris",6,3.75977824326617e-07,6.3,3.96062060827138e-07
1307,"Streptococcus suis",6,3.75977824326617e-07,6.1,3.84619040295618e-07
1796613,"Bacteroides caecimuris",6,3.75977824326617e-07,6.2,3.90067438108275e-07
33043,"Coprococcus eutactus",6,3.75977824326617e-07,6,3.7867239794028e-07
1310,"Streptococcus sobrinus",6,3.75977824326617e-07,6.3,3.95802278655842e-07
2764712,"Lentihominibacter faecis",6,3.75977824326617e-07,6,3.75984918085084e-07
712633,"Streptococcus sp. oral taxon 431",6,3.75977824326617e-07,7.1,4.4447543577588e-07
2478750,"Botrytis deweyae",6,3.75977824326617e-07,6,3.75977826572088e-07
2813559,"Pseudomonas sp. 32_A",6,3.75977824326617e-07,8.1,5.05190212716886e-07
2824767,"Pantoea sp. GbtcB22",6,3.75977824326617e-07,6,3.759778291233e-07
3110921,"Aeromonas sp. Lyrl_2",6,3.75977824326617e-07,6.3,3.96340426937337e-07
3018252,"Streptococcus sp. SP8",6,3.75977824326617e-07,6.1,3.82864537995059e-07
1511882,"Bocaparvovirus primate2",6,3.75977824326617e-07,6,3.75977824326618e-07
3681944,"unknown genome; accession ID isNZ_CEEDOR010000062.1",6,3.75977824326617e-07,6,3.75977824326618e-07
2293015,"Clostridium sp. AF36-4",6,3.75977824326617e-07,6.1,3.80661742940744e-07
3453885,"unknown genome; accession ID isNZ_JBQEPK010000151.1",6,3.75977824326617e-07,6.1,3.80870707838642e-07
3003646,"Streptococcus sp. 27098_8_74",6,3.75977824326617e-07,6.3,3.93725573308879e-07
3108533,"Anaerofustis butyriciformans",6,3.75977824326617e-07,6.2,3.89617421887588e-07
2793807,"Bradyrhizobium sp. IC4060",6,3.75977824326617e-07,6.2,3.88525499977198e-07
1437816,"Methylopila turkensis",6,3.75977824326617e-07,6.4,4.01524510529584e-07
2545719,"Lysobacter sp. N42",6,3.75977824326617e-07,5.4,3.41236823072425e-07
3044279,"Massilia hydrophila",6,3.75977824326617e-07,6,3.75977824326618e-07
2997946,"Coprococcus sp. AF102-57",6,3.75977824326617e-07,6.8,4.28739073575662e-07
2763040,"Dorea hominis",6,3.75977824326617e-07,6.1,3.79535114355502e-07
631128,"Frankia sp. AgPm24",6,3.75977824326617e-07,6,3.76154551298148e-07
457388,"Parabacteroides sp. 2_1_7",6,3.75977824326617e-07,6,3.78208200836221e-07
1907659,"Blautia sp. Marseille-P3201T",6,3.75977824326617e-07,6.3,3.9186849081372e-07
706562,"[Lactobacillus] rogosae",6,3.75977824326617e-07,6,3.76887192735055e-07
51663,"Pediococcus damnosus",5,3.13314853605515e-07,5.5,3.43789660682547e-07
1511761,"Leuconostoc suionicum",5,3.13314853605515e-07,6,3.74353059456973e-07
2698683,"Leuconostoc sp. MTCC 10508",5,3.13314853605515e-07,6,3.73203925110762e-07
105984,"Apiotrichum porosum",5,3.13314853605515e-07,5,3.13315092628802e-07
1194083,"Nostocoides japonicum",5,3.13314853605515e-07,5,3.13423661703581e-07
2942477,"Algibacter sp. L4_22",5,3.13314853605515e-07,4.8,3.01383340103512e-07
1805476,"Blautia sp. Marseille-P2398",5,3.13314853605515e-07,5.4,3.36854177165672e-07
1286820,"Lacrimispora indolis",5,3.13314853605515e-07,5.3,3.34682298682354e-07
105843,"Anaerobutyricum soehngenii",5,3.13314853605515e-07,5.7,3.57584599618295e-07
2847316,"Paratractidigestivibacter sp.",5,3.13314853605515e-07,5,3.13505063755173e-07
2894753,"Dhillonvirus JLBYU60",5,3.13314853605515e-07,5.2,3.27175806153901e-07
2816080,"Alicyclobacillus suci",5,3.13314853605515e-07,4.8,3.00543040801576e-07
2841528,"Eubacterium sp. MSJ-33",5,3.13314853605515e-07,5.6,3.48471176656296e-07
351091,"Oscillibacter valericigenes",5,3.13314853605515e-07,5,3.13352627750541e-07
2762568,"Streptococcus sp. 16.1",5,3.13314853605515e-07,5.6,3.49776080885183e-07
NA,"unknown genome; accession ID isNZ_CASEUO010000037.1",5,3.13314853605515e-07,5,3.13318468886317e-07
NA,"unknown genome; accession ID isNZ_CASEUO010000056.1",5,3.13314853605515e-07,5,3.13319229372696e-07
3062492,"Blautia massiliensis (ex Liu et al. 2021)",5,3.13314853605515e-07,6.2,3.89213941030229e-07
35783,"Enterococcus sp.",5,3.13314853605515e-07,5.1,3.18824905109069e-07
1739421,"Streptococcus sp. HMSC061E03",5,3.13314853605515e-07,5,3.14399277690656e-07
546157,"Periweissella fabaria",5,3.13314853605515e-07,3.7,2.32398039901186e-07
41047,"Aspergillus thermomutatus",5,3.13314853605515e-07,5,3.13744112707995e-07
2316716,"Corallococcus sp. AB030",5,3.13314853605515e-07,5.3,3.33090193149402e-07
2724526,"Leuconostoc sp. DB-1",5,3.13314853605515e-07,4.7,2.9305822818409e-07
2954690,"Streptococcus sp. FSL L8-0526",5,3.13314853605515e-07,5,3.15865402739382e-07
2200763,"Microbispora triticiradicis",5,3.13314853605515e-07,5,3.13467265697466e-07
2920184,"Klebsiella sp. K4-170",5,3.13314853605515e-07,5.2,3.26879383363419e-07
365590,"Shewanella hafniensis",5,3.13314853605515e-07,7.4,4.65905955082162e-07
1715176,"Streptococcus sp. HMSC064D12",5,3.13314853605515e-07,5.6,3.4793470939382e-07
35764,"Streptosporangium nondiastaticum",5,3.13314853605515e-07,5,3.15150680579859e-07
2582606,"Salmonella sp. gx-f7",5,3.13314853605515e-07,5.9,3.67642822468433e-07
2763671,"Jingyaoa shaoxingensis",5,3.13314853605515e-07,5.1,3.16911478772283e-07
2605744,"Pseudomonas sp. CAH-1",5,3.13314853605515e-07,5,3.13315435966208e-07
3273430,"Acidovorax sp. BLS4",5,3.13314853605515e-07,5.2,3.25667880713485e-07
2303987,"Motilimonas pumila",5,3.13314853605515e-07,4.9,3.07571550705418e-07
3133172,"Alistipes intestinihominis",5,3.13314853605515e-07,5,3.13584371331757e-07
2774686,"Enterococcus sp. AZ149",5,3.13314853605515e-07,5,3.14103884243661e-07
2762565,"Streptococcus sp. 22.1",5,3.13314853605515e-07,6.3,3.94022180276406e-07
3018250,"Streptococcus sp. SP1",5,3.13314853605515e-07,5,3.13685288816187e-07
485,"Neisseria gonorrhoeae",4,2.50651882884412e-07,4.3,2.66343692701021e-07
644,"Aeromonas hydrophila",4,2.50651882884412e-07,3,1.85730143530925e-07
2690380,"Lactobacillus sp. JM1",4,2.50651882884412e-07,4,2.50688641783595e-07
659243,"Bacillus siamensis",4,2.50651882884412e-07,4.4,2.74494270561426e-07
556259,"Bacteroides sp. D2",4,2.50651882884412e-07,5.1,3.16681086997587e-07
2613924,"Hungatella sp.",4,2.50651882884412e-07,4.4,2.78608208602663e-07
2681430,"Raoultella sp. 18098",4,2.50651882884412e-07,3.8,2.40074217871729e-07
2691581,"Azoarcus sp. TTM-91",4,2.50651882884412e-07,3.9,2.47312251590127e-07
1926557,"Emergencia sp.",4,2.50651882884412e-07,3.7,2.30760610701293e-07
310300,"Bacteroides pyogenes",4,2.50651882884412e-07,4,2.50875580657667e-07
533243,"Cylindrospermopsis raciborskii",4,2.50651882884412e-07,3.4,2.1551435605044e-07
333963,"Leucobacter iarius",4,2.50651882884412e-07,4.2,2.62962825502893e-07
3025757,"Thomasclavelia sp.",4,2.50651882884412e-07,4,2.52204051158459e-07
290055,"Faecalicatena fissicatena",4,2.50651882884412e-07,3.6,2.22974132125093e-07
2293051,"Clostridium sp. TF06-15AC",4,2.50651882884412e-07,4.1,2.542101758059e-07
3073571,"Hominilimicola sp.",4,2.50651882884412e-07,4,2.50769422956801e-07
1262881,"Eubacterium sp. CAG:161",4,2.50651882884412e-07,4.4,2.78108836363764e-07
2921712,"Lactococcus sp. FSL W8-0209",4,2.50651882884412e-07,4,2.51128114968738e-07
312540,"Acidiplasma cupricumulans",4,2.50651882884412e-07,3.9,2.43636752416212e-07
58351,"Kitasatospora kifunensis",4,2.50651882884412e-07,4.4,2.73714483056638e-07
2496780,"Mesorhizobium sp. Primo-A",4,2.50651882884412e-07,4.4,2.76126915110692e-07
1380048,"Ferruginibacter profundus",4,2.50651882884412e-07,5,3.15336095696858e-07
2293026,"Clostridium sp. AM27-31LB",4,2.50651882884412e-07,4,2.50688671286322e-07
2841504,"Dysosmobacter acutus",4,2.50651882884412e-07,4,2.50689884535474e-07
2033407,"Barnesiella sp.",4,2.50651882884412e-07,4.3,2.68529496795993e-07
1316411,"Streptococcus sp. HSISS2",4,2.50651882884412e-07,4.2,2.6522409867169e-07
2742600,"Limosilactobacillus urinaemulieris",4,2.50651882884412e-07,4,2.51440743188495e-07
3088692,"Pseudomonas sp. EA_65y_Pfl1_P113",4,2.50651882884412e-07,3.8,2.35010383101343e-07
1535536,"Aeromonas sp. ANNP30",4,2.50651882884412e-07,3.3,2.09385629714687e-07
3681944,"unknown genome; accession ID isNZ_CEEDOR010000139.1",4,2.50651882884412e-07,4,2.50651882884412e-07
1263636,"Microbacterium kyungheense",4,2.50651882884412e-07,4.1,2.56942875497795e-07
2787110,"Clostridium sp. 1001275B_160808_H3",4,2.50651882884412e-07,4,2.50688076063604e-07
2691898,"Flavobacterium sp. SaA2.13",4,2.50651882884412e-07,4,2.52270316386891e-07
2994522,"Akkermansia sp. NBRC 115031",4,2.50651882884412e-07,4.1,2.56415763033366e-07
2849166,"Bifidobacterium sp. MSK.13.7",4,2.50651882884412e-07,4,2.52156127339638e-07
2763662,"Yeguia hominis",4,2.50651882884412e-07,3.7,2.31620873040423e-07
2605778,"Clostridium porci",4,2.50651882884412e-07,4.8,2.98857169749228e-07
2710601,"Streptococcus sp. IMAU 99161",4,2.50651882884412e-07,4,2.51986917201874e-07
1595998,"Human smacovirus 1",4,2.50651882884412e-07,4,2.50651882884412e-07
1736517,"Massilia sp. Root335",4,2.50651882884412e-07,3.8,2.391092878509e-07
2305242,"Clostridium sp. AM34-11AC",4,2.50651882884412e-07,4.2,2.63850037014324e-07
3699536,"unknown genome; accession ID isNZ_JBXAYL010000171.1",4,2.50651882884412e-07,4,2.50651882884412e-07
2774809,"Enterococcus sp. DIV2459a",4,2.50651882884412e-07,4.1,2.5406257611995e-07
2293143,"Roseburia sp. OM04-15AA",4,2.50651882884412e-07,4.1,2.56555301444993e-07
1739422,"Streptococcus sp. HMSC065C01",4,2.50651882884412e-07,3.5,2.20771975875496e-07
2292334,"Collinsella sp. TF09-1AT",4,2.50651882884412e-07,4.2,2.64319959245864e-07
3420566,"Prevotella sp. SGI.167",4,2.50651882884412e-07,4.3,2.68852630639974e-07
3384759,"Pseudomonas sp. PHC1",4,2.50651882884412e-07,3.7,2.33178132844241e-07
3160131,"Salmonella sp. s58313",4,2.50651882884412e-07,4,2.53411554345344e-07
3436707,"Neisseria sp. P0008.S010",4,2.50651882884412e-07,4,2.5065188301635e-07
53354,"Streptococcus gallolyticus",3,1.87988912163309e-07,3.1,1.9259720451694e-07
1006551,"Klebsiella michiganensis",3,1.87988912163309e-07,4.2,2.60599936188795e-07
648,"Aeromonas caviae",3,1.87988912163309e-07,3.4,2.13208746979913e-07
2996112,"Enterobacter pseudoroggenkampii",3,1.87988912163309e-07,4.1,2.55085267500633e-07
3117552,"Bacteroides maternus",3,1.87988912163309e-07,3.8,2.40010743413287e-07
46506,"Bacteroides stercoris",3,1.87988912163309e-07,4.2,2.66244733934445e-07
2488306,"Pseudocitrobacter vendiensis",3,1.87988912163309e-07,3,1.90908634429504e-07
688661,"Lichtheimia ornata",3,1.87988912163309e-07,3.2,1.97961024599617e-07
283354,"Alternaria metachromatica",3,1.87988912163309e-07,3.3,2.05643969942399e-07
348802,"Exophiala xenobiotica",3,1.87988912163309e-07,3,1.8798929040643e-07
212818,"Exophiala mesophila",3,1.87988912163309e-07,3,1.87989175453136e-07
83302,"Microbispora corallina",3,1.87988912163309e-07,3.3,2.04266814164807e-07
1712678,"Pseudomonas sp. 2822-17",3,1.87988912163309e-07,3.1,1.96817430459277e-07
1720294,"Eisenbergiella massiliensis",3,1.87988912163309e-07,3.4,2.12579340661165e-07
2813575,"Pseudomonas sp. 30_B",3,1.87988912163309e-07,2.8,1.78265642937292e-07
3048617,"Pseudomonas sp. CCI2.4",3,1.87988912163309e-07,3.8,2.40043141143395e-07
671267,"Phocaeicola sartorii",3,1.87988912163309e-07,2.6,1.6551091506963e-07
387661,"Parabacteroides johnsonii",3,1.87988912163309e-07,3.4,2.15601060867837e-07
1501392,"Coprobacter secundus",3,1.87988912163309e-07,3.4,2.13700676194458e-07
471189,"Gordonibacter pamelaeae",3,1.87988912163309e-07,3.2,2.02449236311345e-07
745368,"Gemmiger formicilis",3,1.87988912163309e-07,2.8,1.72584132584922e-07
2879150,"Lactococcus sp. SK2-659",3,1.87988912163309e-07,3,1.90876495609624e-07
2841521,"Anaerotignum sp. MSJ-24",3,1.87988912163309e-07,2.8,1.72640287145952e-07
2963150,"Streptococcus sp. CF8-6",3,1.87988912163309e-07,3.5,2.19869298312877e-07
510516,"Aspergillus oryzae",3,1.87988912163309e-07,3,1.90176372044186e-07
2975303,"Bacillus sp. FSL R5-0447",3,1.87988912163309e-07,3,1.88149468388968e-07
1938366,"Pseudoalteromonas sp. SK18",3,1.87988912163309e-07,3,1.87988912163309e-07
2774670,"Enterococcus sp. DIV1767",3,1.87988912163309e-07,2.8,1.75578240369463e-07
876091,"uncultured Oscillibacter sp.",3,1.87988912163309e-07,3,1.8798891382282e-07
2903961,"Blautia sp. XA-2221",3,1.87988912163309e-07,3,1.88706179568657e-07
2774945,"Enterococcus sp. DIV0712",3,1.87988912163309e-07,3,1.88007974114191e-07
2049022,"Catenibacterium sp.",3,1.87988912163309e-07,3.5,2.19672104381612e-07
NA,"unknown genome; accession ID isNZ_CASEUO010000049.1",3,1.87988912163309e-07,3,1.87989463502635e-07
NA,"unknown genome; accession ID isNZ_CASEUO010000051.1",3,1.87988912163309e-07,3,1.87988952996037e-07
NA,"unknown genome; accession ID isNZ_CASEUO010000079.1",3,1.87988912163309e-07,3,1.89797050437128e-07
2590031,"Affinibrenneria salicis",3,1.87988912163309e-07,3,1.87988912163309e-07
3469250,"unknown genome; accession ID isNZ_JBSIPG010000245.1",3,1.87988912163309e-07,3,1.87988912163309e-07
3127705,"unknown genome; accession ID isNZ_CP147030.1",3,1.87988912163309e-07,2.8,1.72332713299237e-07
2909341,"Octadecabacter dasysiphoniae",3,1.87988912163309e-07,2.6,1.61785133291633e-07
1965664,"Flavonifractor sp. An9",3,1.87988912163309e-07,3,1.8919036421824e-07
2185275,"Lawsonibacter sp.",3,1.87988912163309e-07,2.8,1.75371755447174e-07
3133177,"Bifidobacterium hominis",3,1.87988912163309e-07,3,1.90564836368927e-07
2715212,"Bacteroides faecium",3,1.87988912163309e-07,3.4,2.13803054986105e-07
3088696,"Pseudomonas sp. EL_65y_Pfl1_R32",3,1.87988912163309e-07,5.8,3.63315054652633e-07
2603896,"Methylobacterium sp. WL19",3,1.87988912163309e-07,3.1,1.94121974077914e-07
2763019,"Bacteroides sp. NSJ-39",3,1.87988912163309e-07,3,1.89489253565668e-07
197461,"Pseudovibrio exalbescens",3,1.87988912163309e-07,3.2,2.00561747528514e-07
2718931,"Clostridium sp. K13",3,1.87988912163309e-07,2.9,1.80140053456887e-07
2763669,"Qiania dongpingensis",3,1.87988912163309e-07,3,1.88028549362769e-07
1517512,"Aspergillus pseudoviridinutans",3,1.87988912163309e-07,3.1,1.91455181000529e-07
85688,"Nocardia cerradoensis",3,1.87988912163309e-07,2.7,1.69000652762154e-07
2931396,"Blautia sp. NSJ-175",3,1.87988912163309e-07,3,1.88569854190828e-07
1581146,"Klebsiella sp. HMSC09D12",3,1.87988912163309e-07,3,1.88164285670955e-07
3123295,"Blautia sp. JLR.GB0024",3,1.87988912163309e-07,3,1.87988943610655e-07
3699536,"unknown genome; accession ID isNZ_JBXAYL010000246.1",3,1.87988912163309e-07,3,1.88036360598767e-07
2774676,"Enterococcus sp. DIV0008",3,1.87988912163309e-07,3.5,2.20173835028761e-07
1739389,"Streptococcus sp. HMSC062H02",3,1.87988912163309e-07,3,1.8800290747869e-07
2713309,"Epseptimavirus oselot",3,1.87988912163309e-07,3.1,1.9391673947331e-07
638574,"Nonomuraea rosea",3,1.87988912163309e-07,3.4,2.12949355291899e-07
67344,"Streptomyces prasinopilosus",3,1.87988912163309e-07,2.5,1.58947969214823e-07
2941327,"Flintibacter muris",3,1.87988912163309e-07,3,1.88292012489776e-07
1834177,"Enterococcus sp. 3G6_DIV0642",3,1.87988912163309e-07,3,1.90884200541382e-07
2763068,"Streptococcus sp. NSJ-72",3,1.87988912163309e-07,3,1.87989619465051e-07
40543,"Sneathia sanguinegens",3,1.87988912163309e-07,3.7,2.34641447526041e-07
1414766,"Murrayvirus EC2",3,1.87988912163309e-07,3,1.87988912163309e-07
3014558,"Streptomyces sp. ActVer",3,1.87988912163309e-07,3.8,2.36659613440967e-07
2857010,"Streptomyces sp. DH12",3,1.87988912163309e-07,3.2,2.01638873319709e-07
2841668,"Streptomyces sp. CHA15",3,1.87988912163309e-07,3,1.88078701668183e-07
1485586,"Streptomyces calidiresistens",3,1.87988912163309e-07,3,1.88156506654831e-07
2293117,"Parabacteroides sp. AF39-10AC",3,1.87988912163309e-07,3.1,1.91936609763337e-07
2107694,"Aphanothece hegewaldii",3,1.87988912163309e-07,3.1,1.9212118425342e-07
2933339,"Salmonella sp. 17E11",3,1.87988912163309e-07,3.4,2.13988362160652e-07
2202832,"Enterobacter sp. HPCN14",3,1.87988912163309e-07,3,1.88262683154391e-07
2763043,"Eggerthella hominis",3,1.87988912163309e-07,3.1,1.95378244551999e-07
1505656,"uncultured Romboutsia sp.",3,1.87988912163309e-07,3,1.88060789132499e-07
563038,"Streptococcus sp. M334",3,1.87988912163309e-07,3,1.88804048657511e-07
NA,"unknown genome; accession ID isNZ_CABPDN010000021.1",3,1.87988912163309e-07,3,1.87988952101423e-07
818,"Bacteroides thetaiotaomicron",2,1.25325941442206e-07,2.1,1.34215567308827e-07
136609,"Leuconostoc kimchii",2,1.25325941442206e-07,2,1.2727150752694e-07
1252,"Leuconostoc carnosum",2,1.25325941442206e-07,1.7,1.08730119496007e-07
2153354,"Klebsiella huaxiensis",2,1.25325941442206e-07,2,1.25933118400788e-07
42895,"Enterobacter sp.",2,1.25325941442206e-07,2.1,1.31576919951423e-07
47678,"Bacteroides caccae",2,1.25325941442206e-07,2,1.2627195419608e-07
69218,"Enterobacter cancerogenus",2,1.25325941442206e-07,2.1,1.2850232293442e-07
2742601,"Limosilactobacillus portuensis",2,1.25325941442206e-07,2,1.25546092504829e-07
150055,"Streptococcus lutetiensis",2,1.25325941442206e-07,2,1.25360399557378e-07
698441,"Drepanopeziza brunnea",2,1.25325941442206e-07,2,1.25641288342413e-07
358742,"Enterocloster aldenensis",2,1.25325941442206e-07,2.1,1.30567192897338e-07
39482,"Faecalicatena contorta",2,1.25325941442206e-07,2,1.26058389373026e-07
544645,"Butyricimonas virosa",2,1.25325941442206e-07,2,1.25440775458095e-07
2990504,"Aeromonas sp. Y293-4",2,1.25325941442206e-07,2.3,1.46581266795405e-07
3138455,"Aeromonas sp. R1-1",2,1.25325941442206e-07,2,1.2563044821723e-07
2778065,"Aeromonas sp. FDAARGOS 1416",2,1.25325941442206e-07,2.9,1.83289472438195e-07
40837,"Mycoplana ramosa",2,1.25325941442206e-07,2,1.28019531428315e-07
2292278,"Absiella sp. AM29-15",2,1.25325941442206e-07,2.6,1.61114212292083e-07
454155,"Paraprevotella xylaniphila",2,1.25325941442206e-07,2.1,1.3285744873223e-07
89014,"Blautia luti",2,1.25325941442206e-07,3.6,2.23640194795263e-07
2601166,"Acinetobacter sp. YH12239",2,1.25325941442206e-07,2,1.2680095991036e-07
2763668,"Jutongia huaianensis",2,1.25325941442206e-07,2,1.25837253989581e-07
1227812,"Piscirickettsia salmonis",2,1.25325941442206e-07,2.5,1.58001336530749e-07
3034501,"Enterococcus spodopteracolus",2,1.25325941442206e-07,2.8,1.78296854940209e-07
512298,"uncultured Subdoligranulum sp.",2,1.25325941442206e-07,2,1.25406826272978e-07
1871024,"Mordavella massiliensis",2,1.25325941442206e-07,2,1.253700786512e-07
1870988,"Pseudoflavonifractor phocaeensis",2,1.25325941442206e-07,1.8,1.10335759343242e-07
1115758,"Romboutsia ilealis",2,1.25325941442206e-07,2,1.25326049624683e-07
78346,"Bifidobacterium ruminantium",2,1.25325941442206e-07,2,1.28091017558542e-07
1623,"Ligilactobacillus ruminis",2,1.25325941442206e-07,2,1.26405668581708e-07
113107,"Streptococcus australis",2,1.25325941442206e-07,2.1,1.31772543840573e-07
936576,"Streptococcus sp. ACS2",2,1.25325941442206e-07,2.5,1.56221196176748e-07
1715122,"Streptococcus sp. HMSC034B04",2,1.25325941442206e-07,2,1.25334113909302e-07
3143216,"Lactobacillus sp. RTP31084st1_G10_RTP31084_210423",2,1.25325941442206e-07,2,1.2577356538607e-07
1810928,"Aspergillus undulatus",2,1.25325941442206e-07,2,1.25564125675037e-07
3445266,"Bacillus cereus group sp. BC87",2,1.25325941442206e-07,2,1.2532732372811e-07
3445317,"Bacillus cereus group sp. BC310",2,1.25325941442206e-07,1.7,1.07609404671529e-07
2815359,"Bacteroides sp. 11BF",2,1.25325941442206e-07,2,1.2687495180018e-07
1033732,"Alistipes senegalensis",2,1.25325941442206e-07,2.4,1.48736160204233e-07
3454669,"unknown genome; accession ID isNZ_JBQASY010000001.1",2,1.25325941442206e-07,2.2,1.39025846587024e-07
1409,"Bacillus sp. (in: firmicutes)",2,1.25325941442206e-07,2.2,1.36533082317127e-07
1841856,"Bacteroides mediterraneensis",2,1.25325941442206e-07,2.4,1.52107090929926e-07
1862567,"Acinetobacter sp. SA01",2,1.25325941442206e-07,2,1.25325941442206e-07
575256,"Thermolongibacillus altinsuensis",2,1.25325941442206e-07,2,1.25330560318873e-07
68892,"Streptococcus infantis",2,1.25325941442206e-07,2,1.25593506762272e-07
NA,"unknown genome; accession ID isNZ_CASEUO010000033.1",2,1.25325941442206e-07,2,1.25374928589943e-07
3713250,"unknown genome; accession ID isNZ_JBYQGR010000001.1",2,1.25325941442206e-07,2,1.25337737962442e-07
882444,"Amycolatopsis magusensis",2,1.25325941442206e-07,2.1,1.30312170993391e-07
111803,"Actinocorallia longicatena",2,1.25325941442206e-07,2,1.26777991001868e-07
1965649,"Butyricimonas sp. An62",2,1.25325941442206e-07,2.1,1.30129284979125e-07
1348469,"Jatrophihabitans fulvus",2,1.25325941442206e-07,2,1.25325941442206e-07
3681944,"unknown genome; accession ID isNZ_CEEDOR010000071.1",2,1.25325941442206e-07,2,1.25325941442206e-07
2024555,"Virgibacillus profundi",2,1.25325941442206e-07,2,1.25894321081078e-07
2742763,"Blautia sp. MSK.21.1",2,1.25325941442206e-07,1.8,1.11346092671012e-07
1834172,"Enterococcus sp. 2F9_DIV0599",2,1.25325941442206e-07,2.5,1.53570917293117e-07
2885352,"Hominiventricola filiformis",2,1.25325941442206e-07,2.3,1.45785738088053e-07
2981649,"Anthropogastromicrobium sp.",2,1.25325941442206e-07,2,1.25325999891447e-07
2709398,"Parabacteroides sp. ZJ-118",2,1.25325941442206e-07,2,1.25326328236941e-07
28052,"Lachnospira pectinoschiza",2,1.25325941442206e-07,3,1.88662724457404e-07
3133155,"Faecalibacterium intestinale",2,1.25325941442206e-07,2,1.25534552769295e-07
2763678,"Youxingia wuxianensis",2,1.25325941442206e-07,2,1.27229618453747e-07
3032125,"Neopoerus faecalis",2,1.25325941442206e-07,2.1,1.32486448179076e-07
1777878,"Streptococcus sp. DD10",2,1.25325941442206e-07,2,1.25356055161113e-07
2042046,"Lactobacillus sp. UMNPBX1",2,1.25325941442206e-07,2,1.26141710547844e-07
314261,"Candidatus Pelagibacter communis",2,1.25325941442206e-07,2,1.25358967025027e-07
1729892,"Bradyrhizobium campsiandrae",2,1.25325941442206e-07,2,1.25831655792637e-07
2681415,"Pantoea sp. 18069",2,1.25325941442206e-07,2.3,1.41243931747972e-07
3412402,"Enterobacter cloacae complex sp. SHL021",2,1.25325941442206e-07,2.1,1.31292066544237e-07
3159712,"Salmonella sp. s58998",2,1.25325941442206e-07,2.2,1.3874756190651e-07
2778053,"Aeromonas sp. FDAARGOS 1404",2,1.25325941442206e-07,2.2,1.3809269050297e-07
2861964,"Pseudoalteromonas sp. CR1",2,1.25325941442206e-07,2.2,1.40733037041666e-07
2592638,"Blautia sp. MCC269",2,1.25325941442206e-07,2,1.25923628671161e-07
2292990,"Blautia sp. TM10-2",2,1.25325941442206e-07,2,1.26045234021858e-07
2292967,"Blautia sp. AF32-4BH",2,1.25325941442206e-07,2.2,1.34806614348231e-07
2293044,"Clostridium sp. OM05-6BH",2,1.25325941442206e-07,1.8,1.09939911553972e-07
2292041,"Dorea sp. AF36-15AT",2,1.25325941442206e-07,2.1,1.30258485224425e-07
3438462,"Streptococcus sp. W151",2,1.25325941442206e-07,2.1,1.31790946479197e-07
3378283,"Streptococcus sp. ST16",2,1.25325941442206e-07,2.1,1.29281867965527e-07
2938946,"Streptomyces sp. AS02",2,1.25325941442206e-07,2,1.26577476846724e-07
1456735,"Streptomyces sp. S5",2,1.25325941442206e-07,2.1,1.3425196724395e-07
1712679,"Pseudomonas sp. 2995-1",2,1.25325941442206e-07,2.5,1.53610238886669e-07
2775057,"Janthinobacterium sp. EB271-G4-3-1",2,1.25325941442206e-07,2,1.26989513435488e-07
3153429,"Klebsiella sp. CN_Kp114",2,1.25325941442206e-07,2.1,1.3325690131252e-07
427369,"Streptomonospora halophila",2,1.25325941442206e-07,2.1,1.29385857051294e-07
2665560,"Salmonella sp. S056_01185",2,1.25325941442206e-07,2.1,1.32221271063801e-07
2292953,"Bacteroides sp. AM44-19",2,1.25325941442206e-07,2.6,1.60361660913357e-07
3159724,"Salmonella sp. s60474",2,1.25325941442206e-07,2,1.25326685126384e-07
2779590,"Enterobacter cloacae complex sp. P4RS",2,1.25325941442206e-07,2,1.25399852376772e-07
2026339,"Oceanibium sediminis",2,1.25325941442206e-07,2.5,1.55271999135121e-07
2516961,"Muribaculum sp. NM65_B17",2,1.25325941442206e-07,2,1.28206418462723e-07
NA,"unknown genome; accession ID isNZ_JAQEUC010000070.1",2,1.25325941442206e-07,2,1.25366902439487e-07
3078043,"Neglectibacter sp. CSJ-5",2,1.25325941442206e-07,2,1.25656574605977e-07
2923500,"Enterococcus sp. FR128",2,1.25325941442206e-07,2,1.25330696071301e-07
2292026,"Collinsella sp. AM16-21",2,1.25325941442206e-07,2.1,1.28630326082885e-07
1415628,"Gyrovirus homsa2",2,1.25325941442206e-07,2,1.25325941442206e-07
181014,"Alternaria ethzedia",2,1.25325941442206e-07,2.3,1.41701886386633e-07
5088,"Thermoascus crustaceus",2,1.25325941442206e-07,2,1.25326291025883e-07
2789285,"Amycolatopsis sp. lyj-90",2,1.25325941442206e-07,2,1.27246961625694e-07
2921771,"Caballeronia sp. AAUFL_F1_KS47",2,1.25325941442206e-07,2.3,1.43550207694171e-07
2741325,"Streptomyces sp. CHD11",2,1.25325941442206e-07,2,1.25391463547663e-07
2025876,"Parabacteroides sp. CT06",2,1.25325941442206e-07,2,1.25332605592268e-07
1686384,"Citrobacter sp. BIDMC107",2,1.25325941442206e-07,2,1.25325941555626e-07
2933310,"Salmonella sp. 14ESS1282",2,1.25325941442206e-07,2.2,1.39810544717954e-07
76305,"Roseibium denhamense",2,1.25325941442206e-07,2.5,1.55807460583593e-07
3159680,"Salmonella sp. s55408",2,1.25325941442206e-07,2.6,1.6052966185624e-07
2954668,"Bacillus sp. EU62",2,1.25325941442206e-07,2,1.27761771563113e-07
1570016,"Thioflexithrix psekupsensis",2,1.25325941442206e-07,1.7,1.08487709151331e-07
1816676,"Alistipes provencensis",2,1.25325941442206e-07,2,1.25485291458901e-07
1834184,"Enterococcus sp. 6D12_DIV0197",2,1.25325941442206e-07,2,1.28417284214077e-07
3053469,"Halalkalicoccus sp. NIPERK01",2,1.25325941442206e-07,1.5,9.69380163558631e-08
3438894,"Bariatricus sp. HCP28S3_A7",2,1.25325941442206e-07,2,1.25618563714811e-07
1505659,"uncultured Intestinibacter sp.",2,1.25325941442206e-07,2.1,1.28496161674336e-07
2981722,"Porcipelethomonas ammoniilytica",2,1.25325941442206e-07,2,1.28243003256992e-07
3369477,"unknown genome; accession ID isNZ_CBCPLV010000001.1",2,1.25325941442206e-07,2.1,1.30739437017581e-07
3391667,"Streptococcus sp. IMAU11619",2,1.25325941442206e-07,2.2,1.35848407587225e-07
1739549,"Streptococcus sp. HMSC072D05",2,1.25325941442206e-07,2,1.26536067576844e-07
3420557,"Collinsella sp. SGI.241",2,1.25325941442206e-07,2.2,1.39769909279492e-07
3158786,"Ligilactobacillus sp. WC1T17",2,1.25325941442206e-07,2,1.25399623058316e-07
3388845,"Parvimonas sp. G1604",2,1.25325941442206e-07,2,1.26521436476471e-07
1187925,"Alternaria hordeiaustralica",2,1.25325941442206e-07,2,1.25325941442206e-07
27334,"Penicillium expansum",2,1.25325941442206e-07,2.1,1.29707088509718e-07
394095,"Pyxidicoccus fallax",2,1.25325941442206e-07,2.2,1.37395702771701e-07
1462993,"Paraburkholderia ginsengiterrae",2,1.25325941442206e-07,1.5,9.49421562355413e-08
2292194,"Bacteroides sp. AF27-33",2,1.25325941442206e-07,2,1.25977984400108e-07
2681412,"Roseomonas sp. 18066",2,1.25325941442206e-07,2,1.25325941442206e-07
585544,"Bacteroides sp. D22",2,1.25325941442206e-07,2,1.25431258232475e-07
3241256,"Pseudomonas sp. MD332_6",2,1.25325941442206e-07,2,1.25325941442206e-07
3383888,"Enterobacter sp. CPE_E423",2,1.25325941442206e-07,2,1.26073310035234e-07
2499076,"Marinifilum caeruleilacunae",2,1.25325941442206e-07,2,1.25325959897561e-07
1608613,"Modestobacter lapidis",2,1.25325941442206e-07,2.1,1.3059543084388e-07
2292961,"Blautia sp. AF19-10LB",2,1.25325941442206e-07,2.3,1.45117087204639e-07
3098147,"Halostella sp. PRR32",2,1.25325941442206e-07,2,1.25325956609537e-07
1905697,"Brucella sp. CMUL 015",2,1.25325941442206e-07,2,1.25572710404619e-07
3458240,"unknown genome; accession ID isNZ_JBQSUN010000003.1",2,1.25325941442206e-07,2.1,1.29674214765363e-07
1169675,"Streptococcus sp. GMD6S",2,1.25325941442206e-07,2.2,1.38043105060315e-07
3143214,"Lactobacillus sp. RTP31084st1_D4_RTP31084_210423",2,1.25325941442206e-07,2,1.25518640134984e-07
2582653,"Streptococcus sp. 714",2,1.25325941442206e-07,2.8,1.76588044691881e-07
623,"Shigella flexneri",1,6.26629707211029e-08,1.1,6.88844581214653e-08
197,"Campylobacter jejuni",1,6.26629707211029e-08,1,6.28656069027102e-08
1334,"Streptococcus dysgalactiae",1,6.26629707211029e-08,1,6.26936315595088e-08
158836,"Enterobacter hormaechei",1,6.26629707211029e-08,1.1,6.75874577274708e-08
54291,"Raoultella ornithinolytica",1,6.26629707211029e-08,1,6.26762152998642e-08
1405,"Bacillus mycoides",1,6.26629707211029e-08,1,6.26647935821394e-08
2026189,"Bacillus albus",1,6.26629707211029e-08,1,6.26633170310717e-08
2026186,"Bacillus paranthracis",1,6.26629707211029e-08,1.1,6.96265650189378e-08
2766470,"Leuconostoc falkenbergense",1,6.26629707211029e-08,1.7,1.04283357062506e-07
2829836,"Klebsiella sp. P1927",1,6.26629707211029e-08,1,6.26647503903769e-08
1541,"Terrisporobacter mayombei",1,6.26629707211029e-08,1,6.26629755235214e-08
2879149,"Lactococcus sp. NH2-7C",1,6.26629707211029e-08,1,6.33090710472809e-08
3161071,"Klebsiella sp. WOUb02",1,6.26629707211029e-08,1,6.39807830982707e-08
1494461,"Pseudolactococcus laudensis",1,6.26629707211029e-08,1,6.26726434741024e-08
469590,"Bacteroides sp. 2_2_4",1,6.26629707211029e-08,1,6.27382816630944e-08
291644,"Bacteroides salyersiae",1,6.26629707211029e-08,1,6.41454598498611e-08
1335,"Streptococcus equinus",1,6.26629707211029e-08,1,6.31883330249302e-08
97478,"Limosilactobacillus mucosae",1,6.26629707211029e-08,1,6.32109185468941e-08
69789,"Penicillium soppii",1,6.26629707211029e-08,1.5,9.14546746590534e-08
67324,"Streptomyces massasporeus",1,6.26629707211029e-08,1,6.51178953039661e-08
66374,"Streptomyces nojiriensis",1,6.26629707211029e-08,1,6.33288728786869e-08
1736554,"Streptomyces sp. Root55",1,6.26629707211029e-08,1.2,7.25247758668437e-08
3040122,"Streptomyces sp. DH37",1,6.26629707211029e-08,1,6.2662970721103e-08
1031537,"Bremerella cremea",1,6.26629707211029e-08,1.5,9.6177487977338e-08
3710692,"unknown genome; accession ID isNZ_JBYFCA010000086.1",1,6.26629707211029e-08,1,6.2662970721103e-08
3048573,"Pseudomonas sp. 10B1",1,6.26629707211029e-08,1,6.26630067140136e-08
2608358,"Pantoea sp. Ap-870",1,6.26629707211029e-08,1,6.27140114085861e-08
2943498,"Candidatus Mycobacterium methanotrophicum",1,6.26629707211029e-08,1.2,7.37238686055794e-08
70856,"Aeromonas popoffii",1,6.26629707211029e-08,1,6.26633847495237e-08
3002754,"Stenotrophomonas sp. Sm10",1,6.26629707211029e-08,1,6.2662986452454e-08
1194427,"Vibrio toranzoniae",1,6.26629707211029e-08,1.4,9.06097101087252e-08
1513592,"Colwellia marinimaniae",1,6.26629707211029e-08,1,6.26629938828506e-08
633415,"Aeromonas sanarellii",1,6.26629707211029e-08,1.2,7.60277237740956e-08
652,"Aeromonas schubertii",1,6.26629707211029e-08,1.2,7.371435601606e-08
1796615,"Blautia caecimuris",1,6.26629707211029e-08,1.1,6.78837568896676e-08
2919915,"Chryseobacterium sp. SSA4.19",1,6.26629707211029e-08,1,6.37421239246381e-08
626930,"Bacteroides fluxus",1,6.26629707211029e-08,1,6.56713407806555e-08
3132187,"Bacillus sp. XZ-5",1,6.26629707211029e-08,1,6.26791764454881e-08
292800,"Flavonifractor plautii",1,6.26629707211029e-08,1,6.54098602103116e-08
2292287,"Blautia sp. OF03-15BH",1,6.26629707211029e-08,1,6.42239936650569e-08
2293151,"Ruminococcus sp. AF17-12",1,6.26629707211029e-08,1,6.3325316431364e-08
2774681,"Enterococcus sp. AZ141",1,6.26629707211029e-08,1,6.27284057017635e-08
1504,"Clostridium septicum",1,6.26629707211029e-08,1,6.2662970721103e-08
2785133,"Flavonifractor sp. AGMB03687",1,6.26629707211029e-08,1.2,7.67054636781015e-08
2885356,"Hominilimicola fabiformis",1,6.26629707211029e-08,1,6.31125683289566e-08
2946555,"Akkermansia biwaensis",1,6.26629707211029e-08,1.1,6.85594013450843e-08
580026,"Adlercreutzia mucosicola",1,6.26629707211029e-08,1,6.45584738983368e-08
2044509,"Arcobacter sp. CECT 8989",1,6.26629707211029e-08,1,6.26673807587583e-08
2765363,"Corynebacterium meridianum",1,6.26629707211029e-08,1,6.2662970721103e-08
2109647,"Rothia nasisuis",1,6.26629707211029e-08,1,6.26633467417287e-08
2144175,"Megasphaera stantonii",1,6.26629707211029e-08,1.1,6.73145697441085e-08
2981655,"Gallintestinimicrobium sp.",1,6.26629707211029e-08,1,6.29624776380231e-08
2174932,"Nesterenkonia natronophila",1,6.26629707211029e-08,1.1,6.9213151994674e-08
1581066,"Corynebacterium sp. HMSC28B08",1,6.26629707211029e-08,1.1,6.5963079671231e-08
2040291,"Dorea phocaeensis",1,6.26629707211029e-08,1,6.26898062375173e-08
55085,"Streptococcus thoraltensis",1,6.26629707211029e-08,1,6.26630231158506e-08
491921,"Megamonas rupellensis",1,6.26629707211029e-08,1,6.26827066504783e-08
3436784,"Neisseria sp. P0017.S008",1,6.26629707211029e-08,1,6.2662970721103e-08
2060878,"Solobacterium sp.",1,6.26629707211029e-08,1,6.27622058003443e-08
3436693,"Neisseria sp. P0006.S010",1,6.26629707211029e-08,1,6.2662970721103e-08
2582655,"Streptococcus sp. 959",1,6.26629707211029e-08,1.2,7.41723162935353e-08
102148,"Solobacterium moorei",1,6.26629707211029e-08,1,6.28661892269128e-08
31973,"Eggerthia catenaformis",1,6.26629707211029e-08,1,6.26812163472701e-08
1965292,"Fenollaria sp.",1,6.26629707211029e-08,1,6.27071546428827e-08
1453989,"Campylobacter lari",1,6.26629707211029e-08,1,6.2662970721103e-08
566460,"Alternaria viburni",1,6.26629707211029e-08,1,6.26629707224305e-08
5074,"Penicillium brevicompactum",1,6.26629707211029e-08,1,6.31092365483202e-08
1835702,"Penicillium arizonense",1,6.26629707211029e-08,1.2,7.27841621971391e-08
2035830,"Berkeleyomyces rouxiae",1,6.26629707211029e-08,1,6.26629707218394e-08
1296105,"Cryptococcus tetragattii",1,6.26629707211029e-08,1,6.26629732964306e-08
2841670,"Streptomyces sp. CHB9.2",1,6.26629707211029e-08,1,6.27515393350972e-08
2813570,"Pseudomonas sp. 95_A",1,6.26629707211029e-08,1.1,6.63769488404564e-08
2025659,"Bacteroides sp. KFT8",1,6.26629707211029e-08,1,6.35302656753133e-08
2057910,"Bacillus sp. BA3",1,6.26629707211029e-08,1.3,8.03748073824607e-08
2652721,"Agarivorans sp. B2Z047",1,6.26629707211029e-08,1,6.3785507073506e-08
2082634,"Escherichia sp. R20",1,6.26629707211029e-08,1,6.32538952566528e-08
3048598,"Pseudomonas sp. AB6",1,6.26629707211029e-08,1,6.26665619943031e-08
3159635,"Salmonella sp. s29923",1,6.26629707211029e-08,1,6.26634482695615e-08
2079206,"Enterobacter sp. 301B",1,6.26629707211029e-08,1,6.28747863082539e-08
2836161,"Enterobacter sp. SGAir0187",1,6.26629707211029e-08,1.1,7.20434745974032e-08
3377164,"Stenotrophomonas maltophilia group sp. Smal32",1,6.26629707211029e-08,1.5,9.19282293708297e-08
3683196,"unknown genome; accession ID isNZ_JAROAU010000005.1",1,6.26629707211029e-08,1,6.26925911202518e-08
414052,"Caenispirillum bisanense",1,6.26629707211029e-08,1,6.26687688318186e-08
1630542,"Alkalihalophilus lindianensis",1,6.26629707211029e-08,1,6.2662970721103e-08
NA,"unknown genome; accession ID isNZ_CANLWK010000044.1",1,6.26629707211029e-08,1,6.2662970721103e-08
2211392,"Stutzerimonas kirkiae",1,6.26629707211029e-08,1,6.26629707213323e-08
2054641,"Bacillus stercoris",1,6.26629707211029e-08,1,6.34098034649771e-08
2653163,"Pseudomonas sp. 8AS",1,6.26629707211029e-08,1.3,8.41059131965994e-08
665913,"Mixta calida",1,6.26629707211029e-08,1,6.27297618993237e-08
1667357,"Clostridium sp. C8",1,6.26629707211029e-08,1,6.26680488289093e-08
3695684,"unknown genome; accession ID isNZ_JBWJVQ010000095.1",1,6.26629707211029e-08,1,6.26629711813282e-08
3695684,"unknown genome; accession ID isNZ_JBWJVQ010000119.1",1,6.26629707211029e-08,1,6.26646346523828e-08
1926662,"uncultured Mediterranea sp.",1,6.26629707211029e-08,1,6.37619289911124e-08
3014267,"Agathobaculum massiliense",1,6.26629707211029e-08,1,6.27324557495389e-08
2944204,"Jutongia sp.",1,6.26629707211029e-08,1,6.26657699608978e-08
2713505,"Listeria cossartiae",1,6.26629707211029e-08,2.2,1.38087985690383e-07
57732,"Enterococcus asini",1,6.26629707211029e-08,1.2,7.28851673607968e-08
159447,"uncultured Corynebacterium sp.",1,6.26629707211029e-08,1,6.26630277077363e-08
114652,"Streptococcus orisratti",1,6.26629707211029e-08,1,6.27284404551181e-08
1769423,"Bifidobacterium apri",1,6.26629707211029e-08,1,6.26630182217833e-08
2292225,"Collinsella sp. AF23-6",1,6.26629707211029e-08,1,6.49606817816265e-08
904996,"uncultured Anaerofustis sp.",1,6.26629707211029e-08,1,6.2662971501663e-08
3003653,"Streptococcus sp. 27098_8_12",1,6.26629707211029e-08,1.7,1.03691384843315e-07
2969255,"Staphylococcus sp. SUC_1.1",1,6.26629707211029e-08,1,6.26747484689032e-08
1339,"Streptococcus macacae",1,6.26629707211029e-08,1,6.26630144506243e-08
NA,"unknown genome; accession ID isNZ_CASEUO010000009.1",1,6.26629707211029e-08,1,6.26633602436184e-08
NA,"unknown genome; accession ID isNZ_CASEUO010000114.1",1,6.26629707211029e-08,1,6.26629709761723e-08
1105032,"Streptococcus sp. BS35b",1,6.26629707211029e-08,1.2,7.269000066953e-08
1506151,"Aspergillus pseudonomiae",1,6.26629707211029e-08,1,6.26629714375995e-08
91928,"Exophiala spinifera",1,6.26629707211029e-08,1,6.2662970721103e-08
2057004,"Paraburkholderia azotifigens",1,6.26629707211029e-08,1,6.26883136940415e-08
249586,"Streptomyces asoensis",1,6.26629707211029e-08,1.2,7.45944842231063e-08
1537797,"Streptomyces sp. B15",1,6.26629707211029e-08,1.1,7.20303285847285e-08
67314,"Streptomyces lavendofoliae",1,6.26629707211029e-08,1,6.29181215569769e-08
2807620,"Pseudomonas sp. MIL9",1,6.26629707211029e-08,1,6.41337138059313e-08
2866562,"unknown genome; accession ID isNZ_JAIFJY010000002.1",1,6.26629707211029e-08,1.2,7.2199452775946e-08
2986525,"Pseudomonas sp. BJa3",1,6.26629707211029e-08,1,6.2662970721103e-08
708087,"Cyclobacterium jeungdonense",1,6.26629707211029e-08,1,6.27323495249619e-08
3074628,"Vibrio sp. Vb0599",1,6.26629707211029e-08,1,6.26715319191718e-08
2283840,"Agrobacterium sp. a22-2",1,6.26629707211029e-08,1,6.2662970721103e-08
563193,"Parabacteroides sp. D13",1,6.26629707211029e-08,1,6.26736939404061e-08
2718882,"Moritella sp. F3",1,6.26629707211029e-08,1,6.28361542059674e-08
2292920,"Bacteroides sp. AF18-33",1,6.26629707211029e-08,1,6.29686439075614e-08
3449452,"unknown genome; accession ID isNZ_CDRJTA010000007.1",1,6.26629707211029e-08,1.1,6.79752041692819e-08
1965628,"Eubacterium sp. An3",1,6.26629707211029e-08,1,6.26630100344013e-08
2975302,"Bacillus sp. FSL R5-0443",1,6.26629707211029e-08,1,6.31891042209201e-08
29347,"[Clostridium] scindens",1,6.26629707211029e-08,1,6.27197431485657e-08
2883186,"Blautia sp. MSK20_18",1,6.26629707211029e-08,1,6.40097837992342e-08
2774680,"Enterococcus sp. AZ179",1,6.26629707211029e-08,1,6.27330531174055e-08
3038777,"Fictibacillus sp. UD",1,6.26629707211029e-08,1.1,6.92965687150591e-08
1720550,"uncultured Coprobacter sp.",1,6.26629707211029e-08,1,6.27373164437603e-08
3462002,"unknown genome; accession ID isNZ_JBSQBP010000151.1",1,6.26629707211029e-08,1,6.2662970721103e-08
2002831,"Microbacterium sp. AISO3",1,6.26629707211029e-08,1,6.27379675464566e-08
2546095,"Halomonas marinisediminis",1,6.26629707211029e-08,1.1,6.86200854987867e-08
1965660,"Flavonifractor sp. An82",1,6.26629707211029e-08,1.2,7.72758913327546e-08
2763065,"Ruminococcus hominis",1,6.26629707211029e-08,1,6.42967412349286e-08
2364880,"Butyrivibrio sp. XB500-5",1,6.26629707211029e-08,1.1,6.96781012248582e-08
2883231,"Mediterraneibacter sp. 210702-DFI.3.120",1,6.26629707211029e-08,1.1,7.11426616838947e-08
3465159,"unknown genome; accession ID isNZ_CM136997.1",1,6.26629707211029e-08,1,6.28902283880699e-08
3402017,"Faecalibacterium sp. 7",1,6.26629707211029e-08,1,6.28390597644102e-08
376804,"Phocaeicola barnesiae",1,6.26629707211029e-08,1,6.32393633500454e-08
3073587,"unknown genome; accession ID isNZ_DBLYVB010000038.1",1,6.26629707211029e-08,1,6.26629942718832e-08
2978477,"Eubacterium album",1,6.26629707211029e-08,1,6.27089376927256e-08
1720204,"Collinsella ihumii",1,6.26629707211029e-08,1,6.26726965388913e-08
258723,"Marinilactibacillus piezotolerans",1,6.26629707211029e-08,1.1,6.75204183649199e-08
3114695,"Turicibacter sp. KK003",1,6.26629707211029e-08,1,6.38167599370353e-08
150056,"Mammaliicoccus fleurettii",1,6.26629707211029e-08,1,6.53798532252516e-08
745365,"Pisciglobus halotolerans",1,6.26629707211029e-08,1,6.49009288997423e-08
100886,"Catenibacterium mitsuokai",1,6.26629707211029e-08,1,6.26723042483036e-08
3692808,"unknown genome; accession ID isNZ_JBJLQW010000001.1",1,6.26629707211029e-08,1,6.267593020409e-08
2292338,"Collinsella sp. TM04-29",1,6.26629707211029e-08,1.1,6.58944103898886e-08
3438770,"Collinsella sp. LCP21S3_A9",1,6.26629707211029e-08,1.1,6.67180103147209e-08
361101,"Streptococcus pseudoporcinus",1,6.26629707211029e-08,1,6.2663104468559e-08
1341,"Streptococcus ratti",1,6.26629707211029e-08,1,6.26641281815907e-08
3063998,"Helicobacter cappadocius",1,6.26629707211029e-08,1,6.2662970721103e-08
2169863,"Cytomegalovirus papiinebeta3",1,6.26629707211029e-08,1,6.2662970721103e-08
1868595,"Colneyvirus CDKM15",1,6.26629707211029e-08,1,6.26629780734299e-08
2029659,"Skunavirus sv16802",1,6.26629707211029e-08,1,6.39295682260291e-08
2754530,"Protomyces lactucae-debilis",1,6.26629707211029e-08,1,6.2662970721103e-08
3098222,"Streptomyces asiaticus",1,6.26629707211029e-08,1,6.2662970721103e-08
2705254,"Catenulispora pinistramenti",1,6.26629707211029e-08,1,6.2662970721103e-08
2736302,"Streptomyces brasiliscabiei",1,6.26629707211029e-08,1,6.2662970721103e-08
2903532,"Streptomyces sp. IBSBF 2394",1,6.26629707211029e-08,1,6.26886562415956e-08
1940758,"Streptomyces sp. MH60",1,6.26629707211029e-08,1.3,8.40687800922809e-08
573499,"Parafrankia sp. Ea1.12",1,6.26629707211029e-08,1,6.2708077282056e-08
1462440,"Pseudoduganella ginsengisoli",1,6.26629707211029e-08,2,1.27077843792944e-07
2496651,"Mesorhizobium sp. M4B.F.Ca.ET.019.03.1.1",1,6.26629707211029e-08,1.1,6.67938109107835e-08
335017,"Rhizobium mesosinicum",1,6.26629707211029e-08,1,6.2662970721103e-08
2775055,"Janthinobacterium sp. FW305-128",1,6.26629707211029e-08,1,6.27315600302152e-08
1196034,"Klebsiella sp. 10982",1,6.26629707211029e-08,1,6.32062435052252e-08
3681991,"unknown genome; accession ID isNZ_CEEDDH010000145.1",1,6.26629707211029e-08,1,6.2662970721103e-08
3681991,"unknown genome; accession ID isNZ_CEEDDH010000158.1",1,6.26629707211029e-08,1,6.2662970721103e-08
3681991,"unknown genome; accession ID isNZ_CEEDDH010000233.1",1,6.26629707211029e-08,1,6.2662970721103e-08
3681991,"unknown genome; accession ID isNZ_CEEDDH010000293.1",1,6.26629707211029e-08,1,6.2662970721103e-08
2681403,"Rhizobium sp. 18055",1,6.26629707211029e-08,1,6.26629938570187e-08
1247510,"Verticiella sediminum",1,6.26629707211029e-08,1,6.26719416427935e-08
3115853,"Pseudomonas auratipiscis",1,6.26629707211029e-08,1,6.2662970721103e-08
436115,"Burkholderia mallei",1,6.26629707211029e-08,1,6.28412472748571e-08
3118753,"Pseudomonas sp. 10C3",1,6.26629707211029e-08,1,6.26650946628034e-08
3153472,"Klebsiella sp. GG_Kp161",1,6.26629707211029e-08,1,6.26630270445983e-08
1273686,"Mycobacterium sp. VKM Ac-1816D",1,6.26629707211029e-08,1,6.2662970721103e-08
2925396,"Dryocola clanedunensis",1,6.26629707211029e-08,1,6.26629707221953e-08
2292241,"Parabacteroides sp. AF17-28",1,6.26629707211029e-08,1,6.27289975719267e-08
3159720,"Salmonella sp. s59944",1,6.26629707211029e-08,1,6.26631082031324e-08
2778060,"Aeromonas sp. FDAARGOS 1411",1,6.26629707211029e-08,1,6.56963430268737e-08
2202154,"Dyella sp. C9",1,6.26629707211029e-08,1.1,6.7582173035044e-08
2681410,"Microbacterium sp. 18062",1,6.26629707211029e-08,1,6.2662970724515e-08
1202712,"Ureibacillus chungkukjangi",1,6.26629707211029e-08,1,6.46531210010963e-08
3134673,"Phocaeicola sp. HCN-6420",1,6.26629707211029e-08,1.1,6.78753633443758e-08
2518119,"Halorubrum sp. SS7",1,6.26629707211029e-08,1.1,7.04729361359429e-08
2997950,"Coprococcus sp. AM11-30B",1,6.26629707211029e-08,1,6.46332484527553e-08
3438908,"Blautia sp. HCP28S3_G10",1,6.26629707211029e-08,1,6.26632750729807e-08
2292364,"Prevotella sp. AM34-19LB",1,6.26629707211029e-08,1,6.27273867467218e-08
2293190,"Ruminococcus sp. AM26-12LB",1,6.26629707211029e-08,1.1,6.68681437214954e-08
3414159,"Akkermansia sp. JRP_AM1",1,6.26629707211029e-08,1,6.29680405630565e-08
3231286,"Enterococcus sp. C18",1,6.26629707211029e-08,1,6.26664490853494e-08
3438824,"Candidatus Paralachnospira sp. LCP21S3_H12",1,6.26629707211029e-08,1.3,8.28982245427321e-08
1739400,"Corynebacterium sp. HMSC069E04",1,6.26629707211029e-08,1,6.27434175282664e-08
2892404,"Vescimonas sp.",1,6.26629707211029e-08,1.7,1.08254329122008e-07
2981724,"Alitiscatomonas aceti",1,6.26629707211029e-08,1,6.28571981286672e-08
2292232,"Eubacterium sp. AF22-8LB",1,6.26629707211029e-08,1,6.42219866454132e-08
316088,"uncultured Rothia sp.",1,6.26629707211029e-08,1,6.26629708170113e-08
2582642,"Streptococcus sp. 2106",1,6.26629707211029e-08,1.1,6.76510207740366e-08
1739430,"Streptococcus sp. HMSC078D09",1,6.26629707211029e-08,1.1,7.05801663418576e-08
2582419,"Dialister hominis",1,6.26629707211029e-08,1,6.26630081259464e-08
1852563,"Vilniusvirus NBD2",1,6.26629707211029e-08,1,6.26631133312706e-08
1204534,"Colneyvirus MMP02",1,6.26629707211029e-08,1,6.26629935140394e-08
181017,"Alternaria conjuncta",1,6.26629707211029e-08,1,6.26629707218136e-08
3153560,"Nonomuraea sp. B10E15",1,6.26629707211029e-08,1,6.26649849897798e-08
401106,"Amycolatopsis tucumanensis",1,6.26629707211029e-08,1,6.26630646172735e-08
2681305,"Nostoc sp. UCD121",1,6.26629707211029e-08,1,6.26638393815696e-08
1501230,"Paenibacillus tyrfis",1,6.26629707211029e-08,1,6.26648314378785e-08
2773304,"Dyadobacter subterraneus",1,6.26629707211029e-08,1,6.26652070895773e-08
3049087,"Sinorhizobium sp. 7-81",1,6.26629707211029e-08,1.5,9.32407897455784e-08
2930089,"Pseudomonas sp. RGM 3321",1,6.26629707211029e-08,1,6.31807103619867e-08
1925550,"Rhodococcus sp. M8",1,6.26629707211029e-08,1,6.2731060826115e-08
2813567,"Pseudomonas sp. 79_C",1,6.26629707211029e-08,1,6.28025936867636e-08
2775058,"Janthinobacterium sp. EB271-G4-3-2",1,6.26629707211029e-08,1.3,8.22829336884266e-08
1921144,"Paenibacillus sp. FSL H7-0326",1,6.26629707211029e-08,1.8,1.12908763546116e-07
2662198,"Pseudomonas sp. FSL R10-2172",1,6.26629707211029e-08,0.9,5.66158918893077e-08
2486274,"Gordonia sp. OPL2",1,6.26629707211029e-08,1,6.2662970721103e-08
92003,"Aromatoleum toluclasticum",1,6.26629707211029e-08,1,6.37552708263938e-08
2033506,"Bacillus sp. AFS054943",1,6.26629707211029e-08,1,6.27017238840175e-08
3381990,"Escherichia sp. WS401",1,6.26629707211029e-08,1,6.2662982509822e-08
2269370,"Rhodopseudomonas sp. BR0C11",1,6.26629707211029e-08,1,6.26630039065457e-08
2607660,"Nocardioides humilatus",1,6.26629707211029e-08,1,6.27807257367946e-08
3452730,"Aeromonas sp. 96A",1,6.26629707211029e-08,1.2,7.69368043722021e-08
2907625,"Shewanella sp. AS16",1,6.26629707211029e-08,1,6.2663638078367e-08
2997340,"Frigidibacter sp. RF13",1,6.26629707211029e-08,1,6.2662970721103e-08
2292305,"Clostridium sp. AM42-4",1,6.26629707211029e-08,1.5,9.66312884935468e-08
3438911,"Blautia sp. HCP3S3_C4",1,6.26629707211029e-08,1,6.26713611529847e-08
3035284,"Prevotella sp. B2-R-102",1,6.26629707211029e-08,1.2,7.31873723858749e-08
NA,"unknown genome; accession ID isNZ_JAQEUC010000058.1",1,6.26629707211029e-08,1,6.26629733794874e-08
2302934,"Dysgonomonas sp. 216",1,6.26629707211029e-08,1,6.26629707420032e-08
2841532,"Intestinimonas sp. MSJ-38",1,6.26629707211029e-08,1,6.28043225571556e-08
2841525,"Pseudoflavonifractor sp. MSJ-30",1,6.26629707211029e-08,1,6.28556732395026e-08
1979528,"Streptococcus sp. KR",1,6.26629707211029e-08,1,6.27684100889465e-08
1581058,"Aerococcus sp. HMSC23C02",1,6.26629707211029e-08,1.3,8.31872873381695e-08
1579350,"Streptococcus sp. 1004_SSPC",1,6.26629707211029e-08,1,6.47845598315283e-08
762660,"Acinetobacter phage Ac42",1,6.26629707211029e-08,1,6.2662970721103e-08
10843,"Gequatrovirus G4",1,6.26629707211029e-08,1,6.2662970721103e-08
5059,"Aspergillus flavus",1,6.26629707211029e-08,1,6.2694564717705e-08
45303,"Alternaria infectoria",1,6.26629707211029e-08,1,6.26639876972196e-08
1002107,"Penicillium psychrosexuale",1,6.26629707211029e-08,1,6.26649778567771e-08
3446591,"unknown genome; accession ID isNZ_JBPSDK010000099.1",1,6.26629707211029e-08,1,6.26630816442095e-08
2994968,"Bacteroides sp. LFL-34",1,6.26629707211029e-08,1,6.36188593427715e-08
470074,"Mycobacterium angelicum",1,6.26629707211029e-08,1,6.35832549215892e-08
1050222,"Paenibacillus sp. Aloe-11",1,6.26629707211029e-08,1,6.2662970721103e-08
1549810,"Microvirga sp. BSC39",1,6.26629707211029e-08,1.1,6.85716485828171e-08
1451265,"Citrobacter sp. JT3",1,6.26629707211029e-08,1,6.26629762159749e-08
699437,"Arcticibacter tournemirensis",1,6.26629707211029e-08,1.8,1.11031051624306e-07
3159699,"Salmonella sp. s58078",1,6.26629707211029e-08,1,6.26831817705379e-08
3376157,"Enterobacter sp. BNK-22",1,6.26629707211029e-08,1.8,1.12462691748243e-07
2815912,"Shewanella sp. KT0246",1,6.26629707211029e-08,1,6.2662970721103e-08
3062672,"Motilimonas sp. 1_MG-2023",1,6.26629707211029e-08,1.3,8.26476736910128e-08
3159639,"Salmonella sp. s32443",1,6.26629707211029e-08,1,6.26632260092808e-08
382777,"Thiocapsa imhoffii",1,6.26629707211029e-08,1,6.2662970721103e-08
3075932,"Bacillus sp. IS1",1,6.26629707211029e-08,0.5,3.26803214956984e-08
3156066,"Sanguibacter sp. 26GB23",1,6.26629707211029e-08,1,6.27202735285746e-08
2924040,"Parabacteroides faecalis",1,6.26629707211029e-08,1,6.34282603668504e-08
3315613,"Bacillus sp. hwrm1",1,6.26629707211029e-08,1,6.46397550321155e-08
NA,"unknown genome; accession ID isNZ_CAKVCW010000003.1",1,6.26629707211029e-08,1,6.35097262743495e-08
1506996,"Desulfoprunum benzoelyticum",1,6.26629707211029e-08,1,6.3107272114575e-08
1049,"Allochromatium vinosum",1,6.26629707211029e-08,1,6.2662972939531e-08
2774674,"Enterococcus sp. AZ067",1,6.26629707211029e-08,1,6.29038966937159e-08
3363992,"Enterococcus sp. NPDC086594",1,6.26629707211029e-08,1,6.26999956082474e-08
2849178,"Erysipelatoclostridium sp. MSK.7.34",1,6.26629707211029e-08,1,6.30048205966439e-08
3143057,"Blautia sp. 2227st1_G12_2227SCRN_220401",1,6.26629707211029e-08,1,6.31575479572219e-08
3134659,"Blautia sp. HCN-20427",1,6.26629707211029e-08,1,6.26675869765429e-08
2774833,"Enterococcus sp. AZ034",1,6.26629707211029e-08,1,6.38937653901823e-08
1765683,"Ferroacidibacillus organovorans",1,6.26629707211029e-08,1,6.37112090819132e-08
3445972,"unknown genome; accession ID isNZ_CP195314.1",1,6.26629707211029e-08,1.3,7.96811265646419e-08
94136,"Alkalibacillus haloalkaliphilus",1,6.26629707211029e-08,1.3,7.88039552859803e-08
3447172,"Enterococcus sp. N342-3-1-2",1,6.26629707211029e-08,1,6.2710060060638e-08
1683650,"Lactococcus sp. EKM501L",1,6.26629707211029e-08,1.1,6.76398976812902e-08
2292350,"Eubacterium sp. AM46-8",1,6.26629707211029e-08,1,6.26984313367098e-08
3380807,"Faecalimonas sp. OB7656",1,6.26629707211029e-08,1,6.22728885529667e-08
39441,"Methanobrevibacter arboriphilus",1,6.26629707211029e-08,1,6.26916673143352e-08
2582691,"Streptococcus sp. 2741",1,6.26629707211029e-08,1.2,7.22815834137986e-08
NA,"unknown genome; accession ID isNZ_CACZIQ010000014.1",1,6.26629707211029e-08,1,6.26629799516694e-08
1448316,"Aspergillus ibericus",1,6.26629707211029e-08,1,6.26630418913502e-08
66882,"Streptomyces cuspidosporus",1,6.26629707211029e-08,1,6.26636092858906e-08
2651864,"Myxococcus sp. CA018",1,6.26629707211029e-08,1,6.26640437698367e-08
2591428,"Vibrio sp. A14(2019)",1,6.26629707211029e-08,1,6.26642004716561e-08
2841673,"Streptomyces sp. Vc714c-19",1,6.26629707211029e-08,1,6.26639264695739e-08
1609975,"Clostridium sp. FS41",1,6.26629707211029e-08,1,6.26694377686127e-08
3040254,"Bacillus cereus group sp. FL70",1,6.26629707211029e-08,1,6.26665297541147e-08
3153394,"Klebsiella sp. JB_Kp042",1,6.26629707211029e-08,1,6.26633058487911e-08
3041164,"Citrobacter sp. T1.2D-1",1,6.26629707211029e-08,1,6.29914655482567e-08
1816677,"Butyricimonas sp. Marseille-P2440",1,6.26629707211029e-08,1,6.46655816266571e-08
60216,"Xanthobacter tagetidis",1,6.26629707211029e-08,1.4,8.96180261165536e-08
3159701,"Salmonella sp. s58408",1,6.26629707211029e-08,1,6.27852932062787e-08
2697504,"Bacteroides sp. Marseille-P8574",1,6.26629707211029e-08,1,6.2692991478599e-08
3159636,"Salmonella sp. s30044",1,6.26629707211029e-08,1,6.2663072456995e-08
3452719,"Aeromonas sp. 3P",1,6.26629707211029e-08,1.1,7.1153994429793e-08
NA,"unknown genome; accession ID isNZ_ADJX01000020.1",1,6.26629707211029e-08,1,6.27089811931225e-08
NA,"unknown genome; accession ID isNZ_ADJX01000027.1",1,6.26629707211029e-08,1,6.26629862852715e-08
1851410,"Sphingomonas sp. UV9",1,6.26629707211029e-08,1,6.29625510289277e-08
393006,"Tamlana crocina",1,6.26629707211029e-08,1.1,7.00910245275795e-08
3695678,"unknown genome; accession ID isNZ_JBWLUQ010000001.1",1,6.26629707211029e-08,1.1,6.60321466268731e-08
1642702,"Paludifilum halophilum",1,6.26629707211029e-08,1,6.42188091075975e-08
3133171,"Pseudoflavonifractor intestinihominis",1,6.26629707211029e-08,1,6.34044375621469e-08
2841530,"Blautia sp. MSJ-36",1,6.26629707211029e-08,1.2,7.78801418415194e-08
908612,"Alistipes sp. HGB5",1,6.26629707211029e-08,1,6.26972354909818e-08
2897708,"Mediterraneibacter sp. NSJ-151",1,6.26629707211029e-08,1,6.30313669091483e-08
2606635,"Waltera intestinalis",1,6.26629707211029e-08,1,6.27382191416898e-08
2804415,"Staphylococcus sp. GDY8P19P",1,6.26629707211029e-08,1,6.54871091366647e-08
3682033,"unknown genome; accession ID isNZ_CEEDKW010000070.1",1,6.26629707211029e-08,1,6.2662970721103e-08
3458240,"unknown genome; accession ID isNZ_JBQSUN010000006.1",1,6.26629707211029e-08,1,6.36874218472464e-08
NA,"unknown genome; accession ID isNZ_CABPDN010000001.1",1,6.26629707211029e-08,1,6.26635053991637e-08
NA,"unknown genome; accession ID isNZ_CABPDN010000010.1",1,6.26629707211029e-08,1,6.26633855145742e-08
2161815,"Gordonibacter sp. Marseille-P4307",1,6.26629707211029e-08,1.1,6.63850433234715e-08
2029675,"Skunavirus sv96403",1,6.26629707211029e-08,1,6.30007177863511e-08
